273 369 266 522 451 795 386 828 273 582 255 516 419 198 441 939 518 774 335 474 378 846 393 606 437 732 412 861 133 183 284 519 245 318 464 615 228 465 191 360 271 480 466 678 373 804 345 462 221 378 390 651 279 576 270 579 354 606 245 357 261 567 255 396 326 612 357 846 361 567 167 237 254 507 444 918 362 861 178 228 99 78 432 954 229 462 349 378 286 429 163 192 426 804 180 237 356 693 278 324 
894 1410 548 900 568 864 516 873 947 1626 414 609 491 921 539 729 335 435 899 1209 293 324 293 378 1124 2019 629 942 990 2178 727 1143 523 408 379 432 408 312 414 588 671 1164 678 1512 827 1389 1011 1185 334 480 379 423 1032 1464 580 894 704 1143 460 729 758 1278 700 801 966 1542 677 1083 544 609 528 1008 773 1626 827 1704 603 699 382 627 273 384 343 411 598 813 1062 1236 300 357 199 153 843 1017 675 1554 416 642 780 858 
740 1578 472 642 1523 1800 688 495 736 1125 618 1038 738 1326 967 2085 604 1035 1089 1941 697 1146 445 537 1072 2496 941 1485 948 1329 829 1086 918 1665 656 627 1432 2331 698 750 1185 1311 923 1890 934 2043 1133 891 1050 1434 866 426 1042 1209 713 999 891 1089 636 1056 604 897 1969 3057 1270 2439 1259 2070 1083 2292 865 1647 883 1644 812 1263 485 558 632 1203 746 1056 769 957 949 1332 1045 1362 528 639 905 1338 931 1119 943 1572 813 1533 639 1140 
737 1308 999 1122 1173 2160 1850 4203 1082 1710 1690 3981 1297 1773 1116 1860 1055 1155 1888 3450 1233 1680 1482 2313 622 870 737 942 1193 1299 1961 3342 1674 2874 1375 792 796 984 939 1095 1056 1134 1160 1701 1120 2037 1303 2922 881 1095 1018 1320 969 1839 1796 3771 1356 1407 577 789 1556 2727 889 1443 1266 1563 604 792 1417 2592 1422 1941 1657 2844 955 1893 1318 2184 977 915 1397 1950 1287 2565 907 612 1069 1500 1178 1980 1337 2043 1931 3702 1119 1143 1549 2346 1137 1371 
1261 1938 1543 3114 1667 3165 1888 3318 1042 1380 1232 927 1142 1101 1249 1794 1454 1752 1446 3147 1483 1494 1333 1227 1310 2400 1512 2871 2120 4074 2299 4215 1791 2658 1858 1956 1549 1836 1987 3543 1134 1665 1743 3204 2117 1866 1138 1314 2118 2610 700 807 1475 1875 805 1305 1113 1587 1387 2523 1377 2322 923 525 1299 2250 1000 1458 1296 1095 940 825 1274 2535 1571 2343 1399 2172 1823 3546 1104 1665 1295 2541 1426 1851 989 1179 1419 1380 1088 1629 794 954 1177 2199 1094 1704 1624 1575 
1425 879 2568 4071 1246 1809 1019 1230 1751 2895 2304 4506 3361 3723 1608 3150 1908 3438 1758 3555 2467 3573 1281 2526 1991 3411 953 1254 1811 2820 2601 4599 2130 3228 998 1410 2677 3825 1520 2439 872 1095 1578 2382 1754 2541 1883 726 1025 1458 1273 1377 1467 2811 1110 1029 1699 1995 1744 1605 1777 3264 1442 1794 2569 2730 2461 3162 2188 3216 3026 5676 1228 726 1235 1995 1495 1443 1495 1560 2270 4281 1246 1083 2607 5466 1461 2115 1402 1536 1601 1839 974 1521 2317 3522 2544 4104 1613 3027 
1676 1890 2030 3666 1682 1656 2140 3537 2327 4056 1618 2052 1159 1722 2898 5511 1705 2553 2091 2886 2191 2733 1750 1596 2816 2790 1237 1908 1430 2199 2214 2628 2966 4824 1769 1242 1985 3603 3234 5262 2316 4929 1355 1368 1454 933 2242 3513 3143 2352 1562 2178 1885 2133 1088 1158 1616 2985 2326 4371 1757 2289 1599 2343 1485 2613 3043 4515 1647 2964 2266 3828 2252 5043 2644 4668 2747 2391 1710 2829 2274 4185 3210 3264 3382 5664 2236 2334 1096 1398 1535 1506 3363 6003 1176 1896 2589 4518 2039 3699 
2624 4743 2126 2829 3013 4605 1412 1458 5394 10284 2950 4353 3597 7047 1645 2577 3992 7920 2995 5346 3339 5541 2330 3765 2992 3102 1307 1644 1920 3576 3569 6624 3503 4959 1169 1458 2149 2925 2582 2970 1997 3831 4385 8439 1539 1686 1712 1008 3309 5481 2197 2898 3850 8997 3317 6309 3422 7155 3009 3564 1565 1779 2261 2895 1883 3702 1659 1902 4091 7830 2786 5331 1937 3564 2158 2823 2827 2610 4230 8112 4706 9069 2410 4377 1387 1596 2157 1959 1991 3864 1316 2133 2326 4278 1505 2406 2330 2817 3868 5778 
3275 4626 3006 3984 2410 2607 2585 2529 1889 2967 3403 3231 899 678 2114 3666 2405 3252 4606 5688 3448 4989 2265 2808 1945 2499 2209 4158 3478 5541 2278 3186 1773 2778 2826 3645 1875 3312 3531 6465 2980 2766 2776 5001 3544 5019 2862 5427 2488 3681 1823 2181 1772 2301 2741 4995 2261 4098 4931 8604 4194 7761 3093 6093 3050 5076 3579 5697 3468 4719 2595 3492 2000 2187 1364 1464 2428 3927 1940 2052 2287 2487 2250 2835 4934 8676 2656 2958 3197 3834 4221 4815 1761 2487 3818 3177 3142 5061 1924 1572 
2338 2241 2509 4503 1808 756 3054 5979 3141 6168 3292 4584 2476 4395 2121 1641 2928 4719 2111 3225 4298 8640 3010 3213 5056 8043 3696 5418 4555 8196 4865 6615 3739 4359 3814 3702 2474 2982 3498 3903 2999 5637 4464 7254 2054 3276 1804 1821 4726 8160 2747 3360 1487 1875 3773 6330 3273 6018 1832 1803 2019 3504 3223 3510 3035 5889 3356 5121 3813 5415 3602 6777 3128 5913 3663 6237 4101 7224 3578 7629 2648 3903 4093 5223 4495 9384 1527 1734 2542 1629 3349 3915 4170 6669 3232 5220 2239 3270 3348 6375 
4805 7404 3922 4824 4539 9126 3073 6003 2690 4473 4683 5178 4232 7710 4978 8124 3123 3072 4521 3537 3293 3396 3686 5280 3682 4656 3070 5271 3742 7002 3346 4050 3833 5472 3104 2463 3031 4518 2432 4143 2226 1470 3651 5010 1673 1773 3427 6381 3388 5481 2631 5406 3093 5394 4958 7773 3268 4623 5243 9294 3793 6696 2819 4299 4870 7959 3868 5997 4700 7614 4804 6138 2831 1062 3123 6270 2106 3516 2250 2424 4480 8100 4301 7257 4043 7245 2786 3030 2845 4356 4281 8841 4587 7611 5491 6777 2334 4440 2396 4314 
4646 10032 5473 10914 4055 7065 3251 4977 3375 6279 4652 6135 3788 4746 6297 7953 6203 11784 2430 3213 3647 1947 3604 5784 2114 2814 4131 5190 2005 2133 2152 2589 4338 3243 3827 4557 3046 6243 3346 5733 5088 9633 6690 16278 4458 4578 4486 9894 2745 3042 2994 2226 4652 7941 3394 4209 4287 7545 2604 2130 3439 6234 2478 4524 2915 2685 6167 8589 6135 9351 2638 3606 3271 5253 2725 4968 4237 8529 2650 5043 3197 4344 3543 3183 5676 6510 4351 8727 3138 4401 3662 4884 2241 2418 3632 6009 2216 3417 5665 3642 
5798 9435 4712 8418 4870 7860 4491 3162 2748 3966 3127 2874 3228 5154 3563 5313 3262 3132 4099 7842 2938 5625 6044 9789 2555 3780 2947 2097 2375 2925 5341 9465 3417 4860 3887 5463 4659 8922 5187 10659 3453 6273 4712 8289 2325 2259 2566 3546 4215 5892 5334 11139 3308 2661 4162 5523 4950 8418 2934 1740 3728 5286 5571 8013 3346 5898 3469 6099 3970 5223 3978 7356 3844 6096 3014 2874 2534 4404 3296 4686 2096 2454 4326 7908 2341 3435 4838 9393 4733 7911 2651 3234 4683 5502 3676 6084 3666 4674 2689 1308 
2735 4653 2205 2583 5274 8940 3139 5139 3209 2739 3238 4059 5981 8391 4753 8823 6399 10860 4867 11304 5659 10686 3996 5103 5354 8283 4552 6816 3081 5106 2931 5184 4926 6903 4007 4833 5806 11979 4624 6120 4947 9876 4715 6240 3654 5835 4049 7467 3971 6177 6374 10407 4628 3375 3653 7152 4776 7734 4247 7335 2801 3042 4190 5253 5426 10773 4988 6711 4506 6804 5628 5991 3251 4173 5006 5886 4463 6810 3236 3489 5457 10779 3696 5937 3349 3987 5818 6408 3736 5022 4839 7443 4779 10278 4658 2184 6957 14202 2519 4194 
4492 4731 4686 10152 6034 11805 2953 3159 5405 4332 4194 6639 7977 8775 3612 5727 4311 7581 3626 4167 4464 7008 6305 11436 3707 5298 4291 6201 2993 4116 3958 4815 6889 14208 1961 2400 3006 1767 6401 6279 6678 9639 5225 9357 4926 6084 3842 4749 3103 4152 4465 8727 4559 8568 5665 8613 3380 5190 6373 15030 5304 9111 7487 3342 4022 5382 4033 5637 3425 4938 3466 6660 3940 4989 5323 8214 5259 7716 2312 2838 6157 9489 5768 13518 4840 4725 6469 15249 4891 5922 3545 5139 2761 2874 3749 5688 4115 2727 3759 5646 
3968 5874 6941 15240 3518 4533 3610 2457 2911 3840 3474 4959 3489 6201 3536 4269 5916 12183 4817 8820 5651 6462 3873 5694 5055 5184 5401 7635 5182 7290 3045 1845 7042 13077 3433 4803 2238 2892 3519 3627 5485 8073 4490 8934 3916 6201 5866 9864 3491 4569 4748 8163 2744 4374 5915 8859 10854 19008 5032 9129 3556 3462 4110 6315 3564 3516 5325 5088 6489 15330 5168 7821 7683 10554 3045 4164 6658 9678 3860 2871 5098 4509 6170 14733 5853 7407 4428 3582 4774 5100 6108 11277 5802 8307 5834 10089 2856 3936 2230 2526 
8432 15420 4122 6621 8328 12660 2862 3075 4595 4503 3737 6498 5374 6366 5148 9081 5422 9237 5842 5457 7662 13692 4178 4107 6023 4917 5997 8658 5470 8271 6245 6228 3657 4281 4852 6357 7829 11571 2334 2793 4623 8310 4288 4941 5470 11013 6132 10395 6636 12621 6300 8208 4833 9654 2768 3840 3950 4815 6409 6687 5154 5586 4141 7404 6597 12651 5598 10914 5405 10839 4288 4065 4250 7146 9684 14757 4674 3306 7618 6123 3919 5265 5479 6642 4775 8445 8699 14796 3882 6213 9175 9117 3872 6651 4241 7827 4161 5046 4480 4338 
4761 4467 6224 9060 5602 7248 3230 3222 4483 5364 7817 16449 5474 10944 5409 7761 4458 7350 6938 9243 4744 8334 3276 3243 6735 11199 6542 9669 6256 9033 7431 10461 4186 6384 3270 5418 5561 8682 4128 2658 4711 7494 6932 9807 4723 5313 4141 7554 5426 10095 5201 6981 4918 9258 4966 8271 3748 5421 3347 4302 5107 9951 6462 6123 3483 2256 4332 7173 5954 11736 8132 12561 3361 4104 5149 6168 3907 5187 5028 4374 5807 7845 4903 5406 5534 9105 6303 10104 8396 11223 4517 7323 6520 11706 7737 14184 2933 3732 5345 7737 
5530 6612 7004 11061 2680 3273 6399 11400 7118 9645 3642 5730 4503 8412 3523 3840 4016 5703 5615 10167 5852 7851 6808 10383 5626 11184 3745 4899 10105 18072 3051 3900 4204 8082 3273 4734 3561 5538 6057 7764 8896 21354 3724 4485 3920 5079 4784 4188 4262 5877 4081 6285 5477 7443 4082 6783 5741 9291 6994 8883 6890 12048 5802 11262 7013 12759 9434 10272 5856 7065 6418 8829 9262 13011 2836 3006 4472 7941 4325 5337 5295 7524 4452 5154 4802 9048 8861 13797 6323 11010 5188 11148 8330 13980 4299 7620 8414 12540 3475 4500 
7944 13368 9281 19284 4918 5073 4834 5760 8741 14877 5859 8418 5438 6234 5956 10476 8901 9813 5547 8094 4903 8163 7661 15204 5704 11661 4881 9687 7657 13719 5925 10320 6171 10767 3848 4623 7739 13377 10091 21771 3377 3324 6659 10944 5879 6621 8349 17481 5082 5964 5187 7209 5178 9036 9350 17979 7024 8514 10132 16434 4537 5490 5104 9864 4715 7092 8781 17724 7237 10761 9914 12312 5347 8088 5407 5508 7139 6915 4608 7323 7760 13248 5746 5262 7409 13047 7973 12087 4624 5388 7092 13548 6089 8544 3973 3993 6435 5841 4267 4338 
6223 8949 5616 10917 8119 12759 4906 5745 3964 5478 3286 4278 10864 14547 5543 9354 3493 4377 7841 9927 4934 7845 5406 9876 9421 17052 13362 23568 4892 5343 7468 13233 3815 4521 14136 23115 6766 11829 8996 11823 5343 4965 7729 6195 5521 7557 5399 8466 7668 14379 10291 23685 7998 9831 8366 14223 8742 10929 5876 7851 4801 5610 8174 19407 7405 10743 6182 9321 5915 5649 7173 12270 4248 7056 8352 16719 3997 4875 9331 13866 3856 6480 4356 6606 3082 4116 7121 14448 3476 4152 8775 19752 4184 7689 5191 6768 4787 7419 4288 5163 
7557 10014 4327 6507 7282 14169 6748 11796 6503 10683 14502 21675 5217 5871 6264 11364 4544 6495 6711 10218 5922 6363 12532 27879 8241 19413 9791 15312 7764 12636 5880 9444 4821 8790 4355 6234 6783 10509 13287 17799 13214 22017 6961 12189 6791 9378 4377 7053 6374 9897 5284 10524 5628 10431 3741 5043 8047 6426 7168 15648 5271 5271 5846 5451 7322 5592 5779 10161 7647 15522 2199 1653 6542 9072 8094 16467 6460 9081 6122 8676 5038 4833 8533 8202 7750 10320 8290 13101 6606 12129 7638 9195 5834 7923 9153 8124 12819 22263 7967 6654 
10528 10719 8986 9171 8940 11544 8643 7962 9275 5688 6030 4668 5862 8106 5298 3834 4541 2796 8558 15579 10075 14457 4218 5655 4756 5607 9715 18009 5430 3489 5270 8010 7168 11505 8028 13869 10888 16854 7939 11385 7865 14280 6387 9072 6366 10560 8384 9453 7400 15894 4593 5829 8033 10626 4101 5562 7078 14778 8109 13869 7355 7335 3995 5907 12092 25809 4081 4146 7059 5070 7712 11241 9968 18975 4666 6060 6440 8091 8061 8076 6306 7992 5211 6897 4714 5124 6460 8352 4307 4161 6011 11397 10025 18696 8056 10125 9550 17979 5545 8205 
7942 13263 7752 8640 10010 17349 12252 20355 6439 12840 13535 18360 5608 6999 6085 8745 8033 13806 4971 7209 8370 14352 10443 10623 11868 16449 5406 6822 5288 4728 9427 13053 13090 23823 9549 18156 3406 4122 8953 10461 11825 17433 4933 6723 8945 8247 6510 7041 10102 20223 4447 5811 13166 22827 12357 14574 7662 14532 6606 8226 6299 10404 9767 14862 5920 6690 6830 8328 9222 14547 6046 9978 10002 17934 9080 13239 6063 4623 7628 9045 5512 4599 7946 13266 14901 27201 5576 10338 9591 22359 8252 12501 8618 15333 14630 31185 7623 7890 4597 6333 
9385 12525 9079 15492 6055 8502 6362 9249 7068 12459 14840 26127 6290 11976 8080 13731 5169 8676 5904 10320 7025 5385 8001 12696 7938 10953 13608 26649 7594 15396 7710 10890 4599 7083 5125 6912 11770 19371 10229 21237 8329 13104 9206 19887 5402 7728 3898 4605 9469 16023 6184 4773 5728 10380 8497 12882 5118 2907 5836 6576 6075 9705 14110 19089 5272 7752 7973 9357 10910 16044 4515 7935 7492 11301 14225 28464 11450 24234 12799 18105 7924 14946 4418 6210 6976 12234 5850 10254 4880 5460 7623 10650 4820 8211 4576 5880 7268 8640 6052 12315 
13619 19365 10792 10695 9148 19218 9353 14466 9182 11736 5275 7443 7352 10077 10991 14088 5102 4941 14640 25839 5882 3231 6831 8595 5530 9522 9415 15132 12567 20076 6350 10671 8928 10944 9685 16497 4258 5967 8194 16179 8523 15363 9788 21954 7312 13404 7824 6939 9202 15036 10352 20838 6618 9240 7214 10917 3421 3990 4950 4737 6545 11877 6036 7989 4833 6168 10789 9006 10895 19086 8866 15696 6855 7350 5517 7467 12567 19233 6835 5754 5422 3255 12380 11418 7581 7260 9538 12618 9301 20445 7201 10395 7941 10671 8496 7440 10149 16593 8443 11442 
9864 7326 11197 14367 10122 22089 12387 27921 10173 19239 5875 6126 4278 4395 5989 9174 7744 7104 8602 10983 5390 7062 7432 10485 9527 16401 12566 26076 11825 23583 5015 4359 10611 14709 7292 8562 10376 16362 7509 9384 7738 14280 7784 13443 10023 20826 6690 6708 4555 7614 5521 4344 13538 23172 4885 6582 5767 10797 9722 17100 7549 11784 14987 23175 8211 14490 4747 6441 8394 6075 4175 4800 11163 16344 10067 15258 6233 12180 4545 4164 5122 8379 5704 8304 6735 13179 8990 14418 12571 23982 5377 8157 10998 13089 8060 17019 6696 8157 6876 8133 
8761 12990 14494 22614 5350 7530 15248 28416 11333 14724 10657 18639 9424 9597 8013 14640 7326 13218 12889 21300 8024 9819 5747 8244 4936 8052 8956 13524 15601 25860 14255 32544 8816 9915 10612 15117 8266 16563 9098 6945 8695 12006 9357 11994 7211 11565 10210 20790 5713 8637 6748 11811 5215 8523 3578 4338 8857 12372 10007 21078 12878 22968 6461 10587 8460 14598 8998 14118 11141 16656 12380 20790 15082 27504 6448 11130 6356 5985 12421 19767 6611 7398 8386 3663 9680 19833 9306 11268 10259 17127 7986 15276 17622 24696 5308 5658 5648 7170 8326 12558 
15596 30996 13754 21906 8660 8181 5619 9231 8352 14391 8713 4143 10714 16953 4827 7452 4739 6708 5812 8445 9440 19143 8574 9402 9531 13389 8641 13053 5621 9384 8904 14589 10784 17241 3912 4416 9461 12129 11407 15537 6613 4050 8748 10413 7788 13524 11741 19728 12542 15279 7599 11181 4840 5529 10568 16365 5488 7674 11489 16740 10600 19824 5070 7065 5431 7233 17150 36045 6831 12930 9006 15666 8075 13257 7327 10008 10735 15243 9457 12012 9439 15711 5448 6558 13796 19662 8691 14871 8777 12561 9440 14976 7149 9834 16194 26091 10472 20415 12307 17601 
9952 14238 12321 19884 9498 17526 10078 17718 17345 35877 9187 17166 11806 19185 6626 5082 11086 23478 9753 12510 5249 6924 6539 10029 9675 17895 9741 15555 9741 19551 9780 13539 10102 13971 11747 16638 7878 11448 11456 11550 9529 14214 10177 15300 7433 13437 5517 2721 13104 22173 10602 16539 6022 8373 7245 8193 8127 13938 8739 11709 11771 11538 10419 15651 6490 8484 10676 8373 6900 9240 7323 12000 11513 20220 6259 7413 8075 10086 5720 7110 4606 5634 12087 23553 9031 13824 5867 9342 8047 11220 7463 8001 6349 8481 7999 14769 8214 13035 7175 10746 
9516 14400 7616 6207 6108 8727 10143 21741 8432 10911 12960 16200 8272 15348 12498 23349 13799 22851 6381 7563 11917 19869 4946 6348 7287 9495 12011 16983 5471 7887 16105 29823 10682 17136 5757 8541 8547 15603 8095 15321 6963 8493 13741 29190 9227 13023 11418 15045 9858 15441 7745 13926 8071 6759 13905 23952 5066 8004 17876 20331 8832 14502 7955 11616 9433 14304 8407 13551 7073 5667 10036 12528 10523 24321 6403 11859 10962 12978 9869 14130 5728 7680 13246 7767 13793 28761 9193 13824 10719 7752 16071 21105 15271 29829 12433 18087 11755 22014 10885 21777 
8196 16371 6099 9228 11753 19458 9743 12210 7199 10512 7914 6477 11781 17853 5889 8508 6605 12210 6269 6621 10607 15804 11139 18456 7482 12906 11145 15351 7606 11190 18358 31308 13332 22188 10054 17796 8271 14133 8925 18576 7616 12678 9210 17976 5978 8895 9758 13743 13996 24219 9648 14220 12247 15021 5578 6975 6732 8547 8567 13002 8201 9684 11505 24561 15138 23280 16726 30189 8310 13905 7067 8796 14365 23292 8095 9129 13820 15105 16283 28071 8672 12309 6802 10422 11140 18015 7141 10566 15669 21711 11142 20436 8233 13011 15063 22551 7990 15729 9173 14544 
4767 5982 10425 23892 13633 17943 7330 13533 10018 5073 7757 13098 12560 28350 7400 10239 9062 16038 13837 22446 12558 21381 9514 8253 14411 14607 9758 15699 6115 8943 10323 16230 9374 17022 18453 26343 12133 10185 7666 10695 8088 10872 12427 13395 9207 11340 6916 10638 6653 12219 13809 19899 12375 17163 16643 29523 8710 15843 8210 9951 8527 16125 12286 19473 7131 13185 5605 5823 5501 7878 7594 9666 14396 23505 10944 12948 10173 11508 19431 28002 15466 33210 9457 11490 8963 15123 7930 5571 10548 17667 6526 8565 8613 8034 8078 13488 14170 23877 13455 12375 
10903 16278 14258 26142 10780 15006 19728 41205 18047 34704 9279 19776 9515 10383 9574 19434 9648 12918 14790 28092 8614 10389 15878 25644 9156 8076 8668 13644 7040 12297 14090 15825 13849 21153 7766 5793 11706 20763 8415 6774 8768 17571 5902 7266 13388 25683 7628 13341 10049 20772 7542 10269 17241 32604 7474 6735 6507 9456 12264 12672 11929 22530 12271 24252 10726 12609 5764 5298 12019 23229 19549 32922 6049 8568 9196 12624 9994 8208 10524 18060 7590 9813 18161 27969 9422 12990 15014 17970 9049 9597 12257 20295 8322 15297 11567 18627 10127 22293 6818 8679 
12868 23286 6433 3645 15825 31572 11214 23901 13063 21789 16720 30483 13810 24804 11016 16401 5688 5739 9820 16359 10801 13008 5256 6108 9122 18939 13797 19935 11748 13755 11637 18375 11870 18591 12814 22278 9112 7746 9762 18753 7728 14850 11679 16869 9264 11715 8534 9660 7082 10068 12589 6924 11476 15888 17802 40653 11235 16452 8189 6174 11426 20988 9270 11949 11602 13683 12966 27966 13099 17445 11931 19770 10163 13956 7521 9609 6190 6096 15562 30573 10543 19815 7310 9723 11974 17205 12470 20625 9326 17691 10047 13899 7711 7185 7396 4515 11241 16764 7507 12399 
13438 22761 15249 29031 8352 14694 13840 24948 14233 28389 7167 7209 13731 28764 16323 34473 13341 13470 10388 16911 9360 14496 13669 23283 8867 17685 13516 23586 8468 6984 18551 36432 14555 25398 11343 13626 12605 23922 15491 23496 18465 31056 12469 16167 11187 12486 14734 23403 13696 15090 11494 15900 8051 14757 9162 7845 12921 20397 10132 18099 12568 18921 20324 31143 9962 20571 9322 13311 9541 16611 9821 17286 11698 12573 8355 15210 10162 11703 9952 17160 13097 8631 8211 11481 6172 7329 10406 14019 14166 26910 11686 15813 5358 6498 15436 32115 6085 7689 7034 10554 
5588 7323 8909 7896 8575 13854 9882 11232 10328 13614 8446 10359 7719 8343 9457 9846 11291 10866 11626 21351 13463 21807 14106 26502 9106 11157 8766 12723 9419 13878 16989 28128 7564 10047 13717 29439 7019 11016 11207 8616 10280 17997 5994 7413 14423 16485 15257 26877 14860 15669 7335 9297 10513 15753 11879 11382 15979 6801 15513 18639 10867 15648 10006 11772 14901 26466 12145 24570 11537 13596 8767 13413 6090 6939 13940 29745 6724 9969 9684 11727 11130 17325 22474 26349 15477 21792 9386 18078 10270 11844 9544 8190 7742 5868 10066 20253 8638 10653 10232 13872 
12617 17958 9675 17667 10250 19497 22976 43575 7677 10386 17604 16827 9055 17088 17174 30813 24925 41520 7236 4008 13104 20436 18103 26667 8468 13008 11354 16386 10965 21150 7264 9426 6278 6363 13666 24798 13004 21966 5458 6951 9401 8658 10379 14934 6652 6786 13821 26223 6405 7104 16518 24507 5123 5805 12274 17760 11827 23592 13375 28920 12817 28308 6569 8367 9808 14217 14379 25743 7569 8865 23103 23886 15355 20739 8141 12597 10173 8799 15529 23580 13715 25800 8045 10374 8884 10065 15763 29790 11048 20052 7289 11376 11112 23466 7345 10116 20184 33681 14724 23955 
14551 25320 11843 26154 10017 7329 19161 28599 17167 35256 8487 13845 11007 14820 12816 21426 15213 21480 12661 17112 12091 24942 18377 20385 11698 17841 12938 26454 12953 25272 6868 6837 14015 12885 11331 15951 15147 20706 12752 19416 13291 27105 21036 31041 18950 37779 16192 34830 11083 9294 11486 18384 10398 16560 11348 21879 11059 9258 10729 11418 6524 6426 11575 19062 19570 30369 11871 18441 18552 28539 15836 25146 9411 18597 8968 11514 11198 21210 16569 22272 10383 14835 10460 20079 15683 14997 14773 20442 9934 18636 12121 21504 9546 5778 9777 11508 11742 21759 13131 23304 
19118 24936 9895 13401 10842 11532 6312 8079 9206 13872 16710 26427 8938 17463 14300 28080 11798 14742 7696 9708 16638 26367 35107 71895 12618 14943 14581 19356 18588 38178 14218 33234 11029 22818 7695 9024 10574 20880 8792 15243 13588 19686 8130 7446 9684 17730 9197 6297 14015 15711 10988 23358 10953 19227 10902 9486 16129 21606 10680 10215 14319 21297 16471 31680 10792 13050 6084 7323 11006 18087 13535 10233 8596 11589 6261 6576 13582 9468 16329 25449 13312 23979 9658 16446 12943 17178 9528 9549 15285 29739 19572 43848 14343 23088 5833 6195 11042 17004 20199 21288 
9767 14364 13629 22401 9069 11355 19526 38469 20546 36498 7091 8898 15248 21963 9949 11583 10417 16575 15721 24282 14100 20562 9053 15864 17986 29445 15609 7971 9721 18936 17449 31536 11763 15192 8494 8886 10209 13950 14688 24153 15063 27765 17412 23190 16438 21186 12418 18336 18996 44163 12392 23460 14989 25473 8309 9984 9405 13812 8265 11070 9787 16443 14591 16629 19382 28035 13966 17517 9722 13245 8931 11352 11246 19815 6210 7038 10555 15666 11907 20877 14432 25737 6421 8334 17324 22020 12048 22614 10637 6588 15733 29031 8546 9753 6613 8445 10913 13863 10351 17232 
13328 20703 20865 35958 15968 23229 7739 9972 14703 23703 10270 18036 10712 13344 19201 23793 12057 15738 10027 9744 12317 22791 16575 20298 20915 39633 15056 27195 12282 19551 14455 28179 12676 19626 12900 6750 16319 34872 12963 22437 15846 19545 7702 7593 9891 12738 10984 14412 17455 24333 18534 30594 9804 13167 16000 14232 9213 17559 8623 13854 8584 10719 6427 7437 9417 9000 12898 16176 13725 20526 16655 15639 14195 23901 17724 14064 11095 19884 5929 7560 13023 13329 12631 21573 10418 15969 9890 13788 15771 34746 13467 19167 8525 10881 10591 19065 11401 15723 9929 10395 
16135 11709 15891 27780 10082 12273 8685 13917 15401 18555 8282 12510 11207 17934 10783 17622 10285 15012 6665 7446 13352 15264 12340 10545 13370 21075 8971 10314 19348 38439 11583 21114 18617 38907 16303 30285 23305 42159 19060 34836 9050 11958 12900 22662 9907 16179 17918 29082 15848 18021 12979 13326 15993 15399 11790 24510 18005 27690 12593 16803 14435 29406 14239 30000 10006 16404 6549 6681 14452 11544 13607 23352 10181 13845 11899 23142 15561 32523 7961 10458 16120 21999 15487 19479 20828 42033 11529 20688 13605 24303 14338 22875 12172 22728 13060 6408 19416 29490 14395 21963 
11147 13953 11698 20028 10159 15927 16855 24993 8722 11142 13556 21729 22518 47037 12469 15720 9557 16995 16618 28074 19336 21876 18185 41040 7729 10560 12836 20373 11412 19347 12470 10968 16604 11322 16839 19980 13757 12198 11484 12399 16280 19464 12563 15021 9714 16011 7501 8646 12064 23004 19249 37029 29304 52221 11483 10101 16454 27501 17140 23352 20230 38718 20096 33345 11917 21438 14012 24318 15542 26961 17802 19359 8216 8151 15159 29115 10609 17754 18833 33285 12390 7923 10906 8121 17092 33534 15363 19359 19252 39882 17360 21960 8042 8091 16213 32535 14773 17526 15582 30456 
8120 12495 12008 20376 13816 18687 18008 22785 9222 16497 13298 15726 12254 16503 17689 35496 17200 23001 12764 18720 21148 48498 10746 12174 9377 13056 10960 12669 12004 24216 9119 11757 18714 31287 17057 31608 14047 17820 21214 24855 21588 35481 11477 14625 14358 10407 13080 16683 13613 19044 16311 21405 21064 33660 10359 16239 14173 26733 12465 16506 18233 39924 13555 13284 7818 10143 16640 15705 11952 13782 14346 23799 17422 25593 18027 30858 13608 16404 15813 29688 20442 29016 18103 42255 11451 19362 6498 7983 19893 37542 10014 8280 11272 11163 11621 7638 8148 9120 6551 8361 
9682 16887 10697 10851 11816 10518 13646 15828 19791 28953 16757 25716 7851 10479 10471 11664 16629 27735 13572 22410 18215 42543 9132 13032 10657 16089 13542 27864 14183 19446 13657 13470 8577 11199 22613 26040 13360 18195 12410 15588 18335 38667 13214 5940 14307 23847 11373 18912 10806 7860 10494 14100 15763 27825 14647 15411 9897 18117 16175 26028 11973 19401 13667 21516 16144 35847 20979 45810 16367 33876 25047 35961 15930 18129 15579 32241 16138 26523 9366 11412 16605 17622 22464 41106 12763 12156 14545 23058 10960 19626 10714 10482 16613 23304 13676 19080 17596 27813 12309 25905 
15268 17910 22797 41316 15371 32118 18113 23577 11010 14613 21981 45897 16801 30063 22123 36717 9725 12267 13802 25077 10956 20928 21232 43680 21137 42264 11964 19449 28054 57918 17601 30795 10732 17571 8077 8346 25612 58224 14158 22590 6842 7842 13670 23076 16832 24084 16189 26148 11852 22347 6751 8160 11140 17928 13654 16515 11983 22662 11174 8814 14048 28575 14580 21741 19656 37374 11252 19818 11285 17136 16464 27777 15479 14592 23251 38775 14208 15837 12784 21540 9758 14031 8693 14289 20036 33210 12250 20658 11340 12717 16001 35016 8983 13749 15722 33102 15237 7974 14985 17043 
10233 8598 14744 29064 22315 31500 18852 22590 18533 33000 11396 11433 10887 10014 14351 24102 10534 13620 13751 11619 17656 24162 17084 26601 9858 7767 12116 17055 16626 25614 24095 30231 13937 24108 12111 19425 7451 7644 17981 17742 12854 26130 11809 15789 22090 27480 9816 10251 15769 17805 9373 15492 11670 12354 8445 10182 17808 27000 17553 31059 12166 23130 22543 34572 18736 5853 8095 9294 8194 11766 18793 26865 28212 43983 15581 14352 14553 22326 15084 23022 16733 22554 11739 18024 13072 14526 8840 11691 15866 30597 16140 23745 12015 18912 24607 32685 16485 33636 16788 21948 
13714 11808 20353 40695 18890 43056 20209 19935 15271 29520 18671 20484 17261 26580 12649 22257 13170 23295 16882 11748 16720 23184 16303 25200 15800 18348 17355 32736 15884 24900 10597 20454 16197 22074 13671 13167 26013 56742 20655 40701 12635 17319 21732 41979 16869 26994 16121 22119 11575 17010 22572 43620 14403 26760 17240 14229 19366 35820 14281 27822 15626 28323 12786 11025 13614 13107 10857 13815 15907 14136 11508 11364 24873 40002 12317 22479 8792 8004 15059 21543 10054 5982 10078 14838 11295 12150 13186 13575 17016 25629 13513 25875 15342 25506 11004 15039 22043 32934 20730 33906 
18019 22461 13849 23727 16308 29589 13050 13419 14882 25521 27140 48591 17459 39105 22125 35514 15727 22299 23567 44856 16527 31743 15467 16902 17002 12819 13249 24102 18066 28884 23960 27087 7666 9060 14970 19392 9588 10692 13040 16599 7655 7800 14571 24048 25305 40275 21710 43320 13406 20502 22724 32250 15530 24396 18560 30192 17628 39558 14314 13530 19481 26955 23050 40659 12122 21096 23053 33165 19393 28857 14807 26691 16635 18555 14568 20433 8723 12126 12206 18597 15876 19956 21568 47157 26015 45789 17565 27399 27660 56694 17672 34428 29019 55017 22863 41814 16322 28680 6370 7563 
10782 18660 7759 9669 19299 36750 14461 19752 10347 12681 15704 22446 12996 9897 17955 22689 23410 29139 14956 10341 24596 21303 11434 17097 24161 35031 18444 36192 12454 13296 25682 48015 18326 29385 12947 23793 14014 21477 12588 19209 16580 15633 14812 20319 9287 14088 7853 8553 12019 7467 13241 15567 10539 17874 22514 41265 14552 17646 22778 15873 14114 16722 10861 13974 17375 17292 9168 13353 18381 26166 13497 24777 13776 18066 18092 38952 23746 20634 17005 20064 16920 25116 11414 14598 12258 11412 10512 18903 12164 20073 12935 13104 28321 33096 15196 23130 22096 36189 12565 18726 
9243 11721 9037 10392 14965 14589 25551 44091 14489 24786 9152 14814 8908 10089 10696 9534 16072 19656 13013 20253 12745 10098 11605 20586 20120 24732 16247 20862 15673 29787 9512 12717 24354 34713 14154 28155 9229 13116 11996 10167 21349 45690 20253 42540 14227 24255 19636 28704 9210 12378 19228 26172 17555 31551 13092 24366 18684 33309 19006 31101 15656 29031 9191 10344 15121 13824 17934 32508 21273 38538 20411 37065 23770 46632 11044 17055 18530 24030 11527 9492 15860 16062 10018 8052 9502 9261 12667 18195 13494 21012 10857 12162 17044 31743 24778 35385 19223 38109 14869 16299 
15849 16140 11478 10119 14886 29457 9346 9651 12312 14145 22615 35016 23145 35625 18641 27693 14027 23085 25440 33696 15831 13692 20182 44496 27918 48072 13951 22560 12430 24615 19789 25236 8727 12750 26984 53427 19969 35772 18736 36837 16348 8142 18300 26439 8840 8862 21183 25524 16231 17472 10230 12231 11381 21051 16047 22134 13777 17526 9047 10917 17231 28860 11841 8901 24822 35073 14697 27033 13721 25494 13389 18966 9732 9720 14600 28359 23367 37929 12767 12765 11232 17901 17888 27771 13797 25008 16895 33132 19593 35553 17578 21267 15571 28044 14367 12630 14372 18612 8006 10191 
13959 24846 16294 29508 19549 26688 19542 40707 20718 21657 15277 6033 11400 15393 12190 17493 13816 17196 14563 10626 14939 26664 7519 9522 9881 9141 15266 17355 22126 22917 23493 32595 25776 53610 23293 38913 10596 19203 11845 20412 19534 35469 15326 13710 19827 31059 18503 36450 20570 26886 13528 15870 21361 27639 12213 14217 20727 23541 14201 23439 17673 22209 22213 27345 10722 10008 22746 40140 14952 13593 9204 10929 23747 26526 19613 27330 15689 19344 14285 28950 13852 18654 10199 11196 10595 5877 16851 28593 21223 33783 20452 19257 17068 26457 10460 13929 18412 24057 17813 32544 
10795 19803 23732 46932 22741 38589 18382 33642 13091 17247 21170 38871 15732 25635 10990 18303 24754 33549 13304 20460 18640 35937 13811 24837 19983 37365 17882 33027 18537 34200 9821 8436 12197 21570 11587 8367 11162 11553 23165 27030 14978 22569 32011 55071 22064 48351 10461 12549 21347 34872 18422 26862 19463 46056 9379 13485 20826 21018 11033 9639 12783 11724 13302 18009 20426 35691 14030 20592 25771 33003 17075 34065 18140 25545 26601 29979 12462 22239 20297 42249 13756 11025 21382 39522 21074 31749 14421 21033 11616 19800 13962 18789 13348 15426 16623 21684 13574 15702 12478 15981 
21245 16521 22510 34473 24346 28110 23895 38664 21872 38517 13129 9375 16631 35082 12662 18939 16039 18303 24179 37683 17450 37110 12572 21078 19979 40749 14754 24624 19485 34506 21533 33813 19250 21522 12185 9339 10326 12729 19161 28059 20858 37161 16540 29943 20856 25068 16313 26289 14395 21594 19117 26391 13516 9480 11765 13938 13386 10179 15671 18294 22712 35481 28221 38214 36655 62397 13737 19596 18420 24216 16869 23877 18450 26154 12214 15291 33884 55794 11434 17733 20649 28509 15496 23595 9121 12570 8329 10224 8299 8982 18008 22242 28499 41796 10036 15297 23195 44478 13868 27327 
12581 15312 18381 31473 21363 28992 14854 25260 11581 16053 17616 16872 24255 47178 16871 30102 17341 30186 15313 22515 17932 26817 16890 23916 25757 37218 25386 45213 17373 30456 20228 36225 17526 24042 13492 14685 16670 34092 10879 5187 16422 22200 21856 28815 10826 15903 13861 21552 10340 15621 15995 19956 26858 33666 16579 28854 17067 20001 15249 17859 21294 33408 25971 44223 14076 22518 19479 33534 9654 15033 21911 40395 12416 7605 14304 25863 15828 23214 25031 51036 20645 37827 18449 29028 22382 34221 18686 37011 33519 55260 9122 13125 22792 40608 16396 6363 19511 21027 8830 11871 
7400 8748 12497 16107 18373 34656 17398 23046 28359 44994 21219 48105 13893 10080 15351 12639 15354 25806 13203 17832 33534 64248 24231 27327 20152 28080 15173 28803 22801 47955 25585 45621 25244 50967 15895 13938 15610 29907 16551 17436 18530 31170 12341 10233 12990 21507 13782 17811 11819 13305 23503 52365 17599 36726 16863 19743 24809 52683 17058 30321 18912 26208 9742 10827 16173 16791 12521 10233 14924 24744 14214 26136 28321 52182 32803 50253 18323 19401 14797 23499 19153 38358 19168 33027 21975 35106 16303 26049 21240 37218 26502 38910 18164 22062 17382 34329 18702 21795 13217 22989 
21832 32364 16657 22287 24630 39528 18182 22683 25949 41214 21472 41793 29817 39849 14595 27006 24248 42315 7796 9021 18909 29166 13047 22227 10162 11757 16318 16857 15444 26769 14710 28530 8220 11400 25065 38175 24913 45339 15935 23430 21006 34470 11932 14625 21038 36417 21325 34692 27377 46542 26214 34422 17053 31161 11989 19404 17817 27567 19893 28056 16661 28371 21642 40140 23629 56148 18642 27447 16630 25920 21672 21744 20600 42690 20079 32310 23847 30525 18618 34026 13287 22299 19347 21969 17081 27576 14210 23310 19790 37290 15577 8787 23108 25755 23714 26235 21361 26667 14728 27333 
17929 26559 21667 46905 37841 59715 24114 22365 20260 26634 23137 37728 13640 19089 21842 43299 20537 20700 38809 71496 9378 10500 19975 34566 8827 9738 25030 39822 23421 40974 9452 12345 20662 42999 18336 18282 23661 39204 17350 21273 18086 16476 25102 34890 15152 20586 19011 28200 18080 39228 22597 39777 20843 36969 7592 9030 21138 34356 26685 39774 22579 29688 16008 25182 18762 28077 23426 24225 14095 27219 19893 34695 14542 25014 11234 16437 24092 38715 24335 48645 23413 47175 25031 55854 16279 28911 23838 45813 15258 24768 30728 38688 13130 17667 28097 54828 18601 38112 14127 11511 
17092 27861 17909 11871 20628 26517 21554 30858 21373 31452 29341 26784 20859 34452 21976 34761 10084 9282 11622 11040 15429 15465 17173 30486 19766 29679 11944 6795 21601 19521 32147 53487 17303 23886 11942 15219 13751 8676 12297 22077 13833 13755 14856 23199 20812 17469 14362 28335 22488 45249 19638 22080 12903 17661 14721 22275 21804 12144 24168 39039 20670 29688 20552 35040 14944 21441 18153 30573 20787 42897 10668 15303 19305 27060 14388 17859 15053 23175 27998 46506 23766 26358 25681 48792 15068 8289 32520 58656 15712 19299 19124 19656 20273 32328 21645 46653 21649 41877 14749 19875 
14901 27783 11369 13710 12917 8370 29892 53838 23775 43833 28763 59727 25351 40899 10948 14040 16752 13002 33149 50670 25642 40257 25911 21960 18226 34956 10704 13806 14954 21942 19836 34647 15771 19584 19437 36423 15243 24147 18486 39684 20122 29376 18580 29697 21679 12117 18699 19746 20367 32235 17828 35520 12647 15918 26526 35211 11484 16470 17731 34353 31918 51468 13409 20871 17323 23289 18619 27081 11945 10497 22039 33105 14771 28407 16459 15738 32636 64059 21372 38058 14359 26268 12522 19185 23897 26577 14374 22416 19518 40257 20757 45231 19401 42699 20146 22740 23275 51390 27645 56223 
22970 46935 16114 27114 14032 19995 16794 13443 13414 16065 18855 25635 11162 16245 22842 37923 24359 26232 12029 13944 15649 10383 12474 14790 23962 46524 11643 9954 18086 30696 16449 16263 17318 27717 12235 16047 20598 46341 15454 18135 27889 38772 11130 10788 34879 49341 27359 44964 18725 35205 20796 26691 17561 27807 20047 28371 23698 45153 15930 20427 14657 22329 20717 30921 14086 24378 20678 35898 21149 42819 27849 33210 25081 27054 27821 46668 27897 39030 20892 42639 26925 52491 16910 18249 24394 37521 13256 9069 20699 21744 21444 29868 33546 37725 19106 26400 32185 50514 27800 51006 
9833 11673 23245 33222 20766 32385 27655 38118 18365 28797 16645 33939 13063 16455 19775 40737 17618 23535 19385 8973 25538 39951 14428 21852 16663 19044 10626 17208 15768 18093 21946 44862 19741 29409 31710 68982 31095 40335 11744 17007 22790 30036 13713 16872 25133 38769 17734 37191 15486 16734 9111 11277 14902 24729 23355 26058 21569 46965 20267 41967 16967 13053 19352 37713 16313 23286 15081 18486 21659 40197 26144 44595 27507 27507 9775 13059 14078 11361 10359 13290 17031 20511 22988 17214 18194 19665 26587 36489 12779 16362 20362 28482 24373 42489 18803 19485 21388 26418 20788 41622 
31405 63348 32019 47400 21166 37242 18721 33039 26713 38352 14824 27024 20294 24318 14252 18441 13676 14826 23788 38835 31599 41445 26782 54534 19377 27162 11422 15219 22910 19617 20080 11043 32578 57843 15332 14118 27058 42912 15967 17355 13302 14589 20833 29760 10227 11025 18496 28296 22830 29499 31887 55776 22315 46626 17668 13914 14422 12924 28504 51771 28881 47934 12908 11142 10736 16722 29463 55200 13964 21564 17855 29595 30034 53397 28469 46398 21775 35463 13959 21015 20938 28749 33009 65937 10711 13278 22212 34995 16686 18135 33988 50181 30962 70905 13436 21153 21111 36249 21075 28866 
19203 35571 18053 28314 23165 40743 14623 18585 19841 23883 19921 40245 27669 31431 11557 15555 27657 38778 21556 39780 9237 11385 20187 37950 23838 41079 21571 17112 15325 23451 15791 17754 13502 20388 11443 13893 27445 30057 17226 22983 26358 54306 16316 14991 21908 29364 19090 25779 21831 12780 19611 24027 19248 24564 21014 19272 26281 32007 23429 34314 30020 62436 17854 35574 14358 12339 24784 16605 26098 29346 33058 76188 24799 28488 17343 29538 15867 23001 13975 22383 18062 33873 21901 27213 11517 18708 10201 11460 18525 25389 17214 35256 16527 15624 29620 39117 9499 10179 14013 20076 
20637 37299 17409 29880 16715 23688 37374 59202 17993 23523 9962 10470 25837 47418 13967 20346 21436 43317 19078 31593 18948 25815 25407 33804 15384 19191 26980 25104 17031 24483 22367 31470 13777 25524 17421 23925 28153 56295 20292 32262 17320 26469 29809 67356 17937 29493 18028 23922 18470 37038 21059 31899 22981 29733 18448 29466 17126 27453 37769 71712 17421 16470 24699 54999 26070 37902 13351 17997 19343 34494 22829 39564 11112 10089 15864 24522 14428 24075 34250 43989 24248 33912 14207 15903 31497 57927 25477 45969 21049 41940 15876 25425 14812 23919 26279 51306 20052 33576 28162 48822 
17878 14454 24920 31035 23001 32952 22050 13743 21578 37776 17694 25566 19114 28536 10068 10575 17430 15996 11328 13665 17215 20622 18848 27630 26619 39426 16032 18270 18571 17595 26543 45675 18559 34710 17149 23769 20876 36381 18867 27576 16292 18324 26830 44469 17272 30000 21335 36957 18101 23904 34093 50433 10207 12543 24749 35526 15046 18015 12631 17850 18396 29367 25295 37335 19213 17595 28976 57048 24523 49746 16012 17148 11143 12849 24729 41925 18293 31377 10479 10347 25524 46914 22727 28788 21588 26388 24219 15681 22731 18024 22747 34035 32393 70497 29093 36549 20235 31005 14272 19611 
12828 16143 18734 17883 35332 69861 26460 39939 19425 19584 21616 40119 25126 32853 22748 34137 9610 11547 14564 7899 17781 24591 20110 33732 18082 33777 25338 36036 20983 29832 24964 41571 18227 9525 10325 11265 35892 52170 24265 53454 24614 34689 13389 8835 18541 23433 22749 38052 18840 23415 10613 12597 19251 37887 20155 30705 17725 21519 28352 63993 27817 49713 21332 36573 16124 19947 17246 19677 24317 46746 21769 30177 13189 15942 10910 11754 31178 55452 26545 57063 20611 21525 20050 34209 24745 29184 14868 21453 13811 8652 24445 22131 14388 22863 15955 21651 22118 34863 17676 28548 
28975 46062 26251 37836 19135 32181 16659 27267 30602 69135 16450 30201 27566 64425 14611 27312 28178 48321 24116 50793 20269 25914 17092 29859 16650 20421 20839 16674 27986 50481 24608 21843 25321 25992 26631 45009 34658 68244 24002 37791 23219 31959 24037 30300 23792 32772 34930 35427 19908 35349 24965 49833 23444 25530 21118 34014 16492 21417 23980 33093 14513 15699 21196 44292 15561 20784 16895 29898 24071 46284 19074 33171 23429 35289 21022 40335 19691 33210 9512 10776 21187 39267 22596 27912 31207 61158 10947 15309 32923 57921 31479 65169 21664 48888 16666 24327 18843 20415 22755 38196 
25662 43713 14104 16008 18430 22617 18620 17892 23344 21780 17592 13809 23164 29367 11882 12549 23835 47391 18813 27396 18385 24273 16710 20313 20130 33903 13265 17523 14828 18408 29053 34809 35685 57924 32985 40182 17360 25176 13786 8484 25736 40614 16637 19218 35328 59421 24679 34053 14507 18525 27640 56472 18053 22362 21864 37569 24160 38973 11691 12765 29740 61230 31278 61959 23237 44838 17704 31338 21328 26832 29074 55749 28599 41256 16020 29094 17597 22617 18411 29658 18804 32862 18171 20151 27717 36105 13741 19200 12951 16638 21993 27525 20389 20187 14891 24918 16462 24561 31429 67215 
18415 17292 27259 32127 33977 65316 18736 33975 19167 26463 28689 48465 19522 28968 30032 54204 17753 20259 16487 22311 20976 39576 22424 16182 16653 28746 46691 101784 29367 29889 31859 56625 31829 61740 42518 88818 18694 22632 11343 14472 12748 18525 17405 33399 20618 24252 21117 25494 12963 17217 36734 51510 20883 34386 10930 13989 12943 16965 17353 15591 27106 25185 21639 37194 35152 76758 19536 41757 24110 38781 11562 14181 21442 14607 17647 19623 13979 17457 23390 40638 34005 37398 23184 40158 20470 26892 24956 56454 25801 31608 14340 23520 11457 10830 27764 59706 24980 44433 15056 20355 
17891 28719 37532 59622 26121 56334 26515 57570 14970 15669 20719 42828 26499 37986 35128 43776 24317 34947 23892 30477 23467 33585 44496 82008 16761 19875 22056 40443 21307 32628 26299 43596 13385 22470 36433 67272 22451 32076 32544 42909 32563 78804 23060 39459 18361 24723 15417 18027 19893 23502 21177 32064 18200 21825 36075 59640 42762 84426 26372 32745 19818 27315 23689 26496 13663 14301 39452 66381 29425 63618 31927 66030 44384 75447 25231 49029 23335 30138 13311 16860 23319 48462 18274 25770 20240 29940 21746 30879 31334 52680 10721 13083 24645 30405 19814 38253 29578 56820 19340 39069 
19706 23973 30755 29373 20198 32424 14263 13338 17027 15129 20139 36645 21616 42189 39536 40116 19118 32193 7399 5553 23476 44559 19284 26967 32959 60669 10337 11679 23255 30480 17864 33024 29543 44958 26630 27465 13236 16071 25737 43452 24392 19011 18563 12543 18964 31521 29523 48450 23095 36330 31692 37824 27337 38745 13364 20772 10345 11184 32681 47658 16311 22458 20048 31683 30016 30909 17524 26088 24644 38133 14090 18537 20284 34821 17990 30435 16871 29160 12078 14727 23677 21585 18610 28491 16640 21096 15681 21021 26349 21420 19575 33570 27792 47676 19156 33414 31141 45363 20488 22560 
26222 45888 25055 43065 26834 53322 24525 38829 22653 34284 24102 34287 13847 17292 24356 48357 24494 31023 11144 13881 31327 72930 19441 32823 35895 57762 23386 33945 34463 61356 29418 40893 25301 40980 30019 55554 13127 17622 17144 16362 22460 25719 16728 30396 29816 45660 26404 46923 19118 37464 44951 104628 36331 47871 34341 68478 23845 38928 17470 24945 20805 19476 19842 23706 13742 15246 21771 41313 25524 33366 22661 22341 15346 21888 23052 26955 20349 23151 33464 70059 18773 15309 31271 71592 21326 43368 15915 19206 29047 44232 23722 47676 23788 34656 22298 38916 34382 66180 13107 12375 
23034 42669 21125 9483 13396 18114 17133 24729 26789 31500 34410 44502 24245 42207 39562 64449 20743 34254 37233 59931 23037 35691 39678 39093 35029 54123 26659 46977 23398 40614 19599 20919 21667 42780 22693 33411 16413 20661 20533 19509 29808 53343 16811 19161 27788 45624 25731 39417 11170 15117 25903 46959 25586 51456 38426 64794 16600 19290 45391 58086 14228 20823 31077 58038 13455 18819 26982 45264 31317 59955 17036 23577 14932 22431 29861 49530 21913 35463 27994 35589 20308 34563 33252 25836 16971 23928 37916 45669 22589 32388 10385 12942 33528 62292 17710 24396 31185 59031 20240 23490 
22213 25155 16691 31119 22705 28521 24749 31890 28565 50067 23326 39348 44396 67137 18777 28941 14537 20328 20451 36240 19077 26310 19970 15804 23701 44415 27408 54519 11476 12066 28781 37662 25590 47349 30782 73713 33681 66276 40852 67689 31093 40659 14818 23562 18388 24897 27706 59031 18255 28032 20112 26577 29605 50211 29137 37617 28200 60210 36767 72861 31742 41790 16539 22221 23440 42840 19963 25863 10747 12528 28562 48693 20879 33987 20690 39591 13590 14490 18784 17829 32734 50340 16241 26217 21219 39501 14246 16026 14174 17619 27961 59040 19647 21336 18653 10581 31502 64356 22913 34356 
32351 48960 23359 45585 28461 45216 16325 23157 18917 18762 20787 22146 37934 61578 17437 29778 37311 50637 14541 21174 34348 30612 12673 12813 20990 34875 38259 50682 31174 43887 31784 44721 27410 27393 28039 35196 25832 37494 12764 14925 27888 50472 20285 33861 21988 42000 29731 68706 25453 45156 35493 42582 12685 14412 22247 36915 16800 25485 30877 65913 29142 53322 22526 15375 17730 22689 34041 60603 22591 31596 25747 35703 18477 13920 28946 46497 16437 24543 21923 25308 15429 23649 39596 72966 28579 54129 17788 30492 18584 30156 25252 44526 34120 56916 22770 30174 32236 64020 12917 12555 
18194 19077 30106 47226 17905 28521 29692 57858 29603 46449 23540 26940 28712 49392 28235 47739 23014 34281 29403 38904 38487 55344 19050 30417 19867 26634 17014 17553 29968 28404 20657 25809 20179 14856 37890 84705 23218 41418 20292 34197 29263 56652 25680 43929 23688 42075 31646 38691 36257 57849 27108 29943 27987 37242 16554 29190 35167 65868 15042 24096 23802 23220 17982 25806 24704 43869 27492 29490 11640 12510 24989 49380 20241 27240 33470 38076 23595 32331 22280 39261 13325 18258 18825 33300 25610 48081 37420 83670 19280 28908 23560 28536 20143 39084 21834 26988 23362 27219 33413 42918 
28054 50289 26489 25854 21035 39831 28142 47328 27829 35481 18451 18606 12184 12033 25991 58581 14321 21993 21800 35472 30242 27936 15567 25725 27818 49680 22937 38673 14763 22053 23573 37392 19152 26565 29186 57270 24568 31059 26710 36861 22309 32535 30222 60639 27468 43692 17600 16242 14052 13851 32339 65979 24329 29571 22618 23070 38393 54438 20776 36018 14208 19446 25517 37656 21110 35106 22115 37503 11882 14952 24654 29676 22391 27846 24020 26247 26306 41958 12491 16092 29114 38106 22282 26853 18332 23967 26368 33588 15363 12078 21582 32193 38685 77841 37752 58260 29345 54078 38197 62775 
23534 49278 31036 46398 21990 35115 27793 49701 31831 56142 37855 73638 24510 41280 31693 74385 22059 15600 20624 28659 27723 41034 32162 30162 14401 15675 24642 48249 33460 48345 28399 63192 31406 49281 11211 14595 17861 25620 44700 73527 28691 44637 26735 45207 35551 83385 15040 20133 24822 26934 19227 32403 15960 21513 39720 67470 18319 29448 21055 37953 15951 15789 15304 20481 14776 18564 19374 17739 36039 68250 24201 37422 19221 26778 17918 26940 23467 35202 28093 55701 21845 24909 29513 37092 11180 13005 17763 33609 15290 20922 13906 17979 28178 37155 31429 50805 28506 48822 23468 41871 
26742 37977 24261 30570 20954 12633 15403 17094 23074 30933 28565 48564 14839 6837 16684 20109 34164 74664 28201 57996 18969 35301 30596 68580 19383 25113 19433 35742 31688 42657 29611 55506 18480 26844 22837 33897 29109 51192 16477 24141 26292 37476 26811 16224 20444 16281 21748 44445 17796 27924 14850 19116 29610 33231 29109 59949 27882 51567 34376 68454 30746 55602 42022 61797 34742 52902 24334 37251 32875 43710 29479 48411 32274 59391 25510 41712 24991 32460 17128 22485 25916 26508 25867 38511 17999 29766 15368 16557 21873 22386 29673 48426 32004 66405 19093 22197 34131 41448 28737 35919 
20528 39678 50462 51777 21282 32826 32685 38424 43571 78030 24013 27909 39363 67542 27509 30696 23616 35130 16458 16629 19265 33084 24035 40926 17502 22311 24246 27789 24889 48459 34186 47763 20093 20532 18982 25047 22906 22539 21706 27732 34603 57717 26445 49605 27586 45036 31076 49764 36502 66048 24470 44448 22798 23658 15891 16728 28747 35838 32159 49002 25476 53340 13707 21429 39992 65571 30974 49839 25540 51624 39685 47232 37234 54192 23565 25005 21217 26514 23802 39735 28096 40680 25173 33564 20947 23007 20791 14094 24036 22725 24592 31293 39494 60033 22816 18909 16712 16131 32995 58920 
17219 18702 21216 19332 29680 27408 31839 56964 28501 26076 14975 22932 23645 44316 50997 99957 19884 27606 37955 63123 37771 62664 23432 25908 21759 32595 28484 36087 31922 54075 20268 25950 29417 54462 19425 33552 18456 27390 21853 39618 25741 42384 38641 66918 20922 22599 24615 24111 20316 24651 37173 62979 26344 43389 40357 45951 33149 38742 34917 36216 33306 34518 18285 27234 16682 26862 11633 14583 27077 40389 11272 13299 21885 18531 12586 13623 19426 31080 35041 69897 20714 31779 17321 22305 23639 38484 27502 42765 43052 79860 24168 39975 15855 27471 28632 40299 24589 38181 29000 37809 
33413 58629 21158 23514 42347 77550 28379 41751 25272 48168 36454 83130 27482 43680 31048 51876 30132 48561 32933 48048 39664 61773 22162 27228 12936 13266 48856 87597 30105 45327 32103 49665 32679 73401 17951 28995 29485 57966 18463 23601 25068 37551 27964 50937 16679 29406 20803 22065 28342 49722 26150 39963 38437 64335 36592 71313 17251 14202 26219 53919 36310 71976 27125 40410 22931 40182 36653 82983 46073 57273 16826 20439 30483 44715 19527 27582 40515 47349 17634 25428 28426 27981 31828 54390 22474 7227 22508 26196 12833 13428 23085 30324 23860 28248 18101 26112 28378 53349 33791 48348 
14987 14196 34606 58176 18652 22965 19447 27594 25563 45399 30197 51774 46727 60888 41238 37728 24089 40323 29846 46269 33409 54216 31900 49092 32268 40740 31157 40953 23585 37305 17143 24420 26080 31593 21751 20472 33855 65805 32122 69573 14330 18033 17516 10287 32985 64626 52995 88587 24645 29388 40737 78330 18205 27468 14766 13905 31164 50883 23392 49413 23252 32799 53150 114159 43530 56013 21753 41655 26564 44385 16880 25005 38162 66780 14647 15909 25505 13329 16134 20577 22644 31305 18130 24972 17278 22440 33252 71424 33993 71904 15986 15330 37499 47991 32686 64344 18113 14877 25487 42951 
22233 32664 32863 60375 32508 21378 40432 71895 22089 30339 23463 40497 36807 68352 26456 47277 26504 41730 26345 43419 15159 25350 17894 14760 16386 23637 46599 96159 37746 43002 32738 52551 17376 16782 42487 77790 19793 34095 29655 56346 24773 24258 21537 20115 17654 16659 13537 13959 32505 54087 21776 33867 26558 44487 23917 44598 19222 17466 34914 37806 23695 38019 32896 45627 25246 30972 24475 38640 22665 16212 25816 36288 31499 55518 32214 40026 26454 54831 22201 33153 22672 38253 25561 46242 27551 54762 35163 64842 35175 65238 38077 67347 28434 25350 29132 51102 40881 68460 17607 12663 
31360 58611 34641 40062 27284 40476 32693 51570 29183 56727 24739 28548 22126 14163 23495 34749 39646 63051 32432 63216 22316 24384 16850 15273 22218 32418 21336 18867 45797 81621 30621 39288 19973 21240 28507 41673 40976 41139 32633 65802 28917 50325 48559 90681 22382 32835 23545 33687 19730 29679 24214 39732 18987 32220 33924 29523 29223 59472 25570 52692 21121 36447 26185 47031 35324 64845 20088 23091 32528 62910 27395 29424 28641 57084 33969 54633 12197 15609 21034 37005 15855 16200 25141 31269 32633 48759 46935 79713 23146 36231 28692 37677 24611 40083 21634 13002 38123 42963 21705 38514 
29507 51393 28341 52938 30468 34896 31836 67596 24620 27954 33101 72240 14725 19704 23548 37515 35693 66123 22702 34689 22934 26874 30067 49287 32634 53202 29619 56676 27498 59658 19770 24951 28695 43932 26128 53286 40876 86697 12881 14994 22569 35688 27176 49980 24192 31872 13408 15639 44336 67848 19971 26151 29157 39597 34705 71064 27925 60942 22139 19404 19703 17793 17909 23700 31307 32013 30484 65436 50555 62982 16270 18420 33034 62190 25978 53175 34153 52491 34774 28908 43090 91731 16869 26088 48393 73647 34235 48039 49571 78828 36182 49026 21400 16641 27772 43776 24910 40989 21181 34890 
12882 15672 24598 28752 24940 37473 25858 44535 27240 45405 32481 27834 16793 23445 15221 16671 56575 121461 29186 46845 19719 27714 19933 18903 27370 50517 30124 47286 54718 74727 36970 71910 17935 28197 18985 35748 29893 41973 53786 100050 29779 58434 17303 28227 24997 44574 15220 16713 33914 24306 26991 47829 33535 51843 40344 61269 49934 103269 27073 45780 29466 44679 31622 48270 23615 18717 32593 49920 26075 44748 18731 12939 19348 22725 29650 42381 26227 30888 35465 81720 32665 52611 36298 26868 17406 29001 15912 17997 25354 32343 23002 32115 29519 63687 39420 63216 19539 13695 38845 76434 
30097 63771 31232 39540 26320 29748 26250 49242 19756 27987 25384 45582 46850 56196 28655 50418 20161 24375 38031 84036 14698 14001 38876 79704 21134 25347 51981 89475 26169 43071 27060 40308 21493 15996 35715 64311 29630 42654 12129 14451 30070 48093 25657 23760 48404 103980 18607 24198 19719 21864 30895 44769 28952 46611 35972 64191 18197 24021 21587 41031 37718 40212 31647 51393 27215 44859 31907 55329 31993 30672 21306 33978 27611 50055 17034 29214 30288 52473 38256 44406 43886 46851 42311 90849 15331 13746 16810 23415 19865 21471 26719 42930 29563 38955 31271 39234 27805 43446 14309 18138 
21704 28056 46952 47856 24570 38826 31612 48714 24073 12684 23453 33660 36780 57912 35790 65094 29197 58359 36606 68685 30194 47943 33013 50574 28866 43485 22613 39546 29760 34086 37743 63471 40882 72696 19450 25506 39260 66648 34083 64950 33263 66774 16488 22146 50865 103269 36322 66951 35736 76386 31776 32862 42641 64503 31956 53646 32795 47670 40403 58719 19978 34074 36199 25914 30180 52038 31382 62064 16410 18402 41704 83226 44758 70254 22207 37119 44078 57306 27483 56718 28060 55140 25609 34632 27493 39732 22190 42993 36914 63597 21333 35691 39967 68352 16585 21057 21913 33753 26141 42078 
31218 53397 17380 28881 24877 30600 34505 50514 44691 58533 41209 53226 37330 64560 36822 84930 22691 36009 27679 44181 21445 39588 31364 40254 34233 55533 17869 21909 15584 16734 20693 11802 35443 50160 29448 34584 30493 34296 43009 72264 21757 41397 26599 38970 21480 35310 22890 27897 25916 24048 54023 94017 25061 19878 34339 54870 36810 40962 22605 33819 34713 61323 21375 37125 53335 92100 16268 20709 27893 48219 20030 30825 25765 46896 39776 67386 29735 56574 24439 39381 18283 25929 31693 42360 31593 45732 40196 40692 29012 51405 24972 39459 21160 33783 27115 16326 40562 83586 25163 27918 
25079 28014 31726 43959 21828 37008 22774 33801 23352 25611 49947 117057 37863 49539 17749 17073 18586 26880 33036 66312 31251 49236 60589 103272 41936 65895 24335 41865 24300 16881 24314 41793 48398 91197 35589 61872 24108 43677 30811 56409 56028 80298 42732 65160 35370 38397 26219 47634 48196 77604 35472 61425 36921 44418 43576 59448 34571 69393 31879 51585 14634 16362 32501 52938 52530 71331 29747 35478 29656 48420 45352 71454 23405 40446 28982 48486 20262 31368 27730 40734 31748 34017 25928 13848 33291 56031 28515 48087 55391 93861 38842 31425 27681 25425 27322 51996 26907 19419 19932 23445 
34528 54147 34596 50481 17316 8184 36549 64155 35336 52404 31291 49884 40884 61290 32742 24789 28425 45051 31679 61350 38141 57834 37047 43656 49628 82374 40610 49812 21672 12777 30936 15684 43549 93498 16599 21693 47409 94320 29948 46137 15615 16104 18117 19737 19170 20079 33370 42771 27885 58611 61700 116166 36732 46812 17481 25599 35342 65001 42316 49845 24900 23334 37347 70167 23803 25812 46329 43938 13785 15774 26415 34614 28450 51573 17989 24117 29126 32472 16913 22992 34359 44091 35812 58416 37358 68403 31064 37578 21494 20403 32458 61746 30222 35688 42495 95136 23169 37677 54039 112989 
26449 30840 25300 38925 27275 30324 24696 28242 18412 18360 22476 33624 17546 24813 16949 16323 26538 30267 20390 17061 31884 59400 16161 22347 27094 29910 31694 25740 33458 55503 50289 55725 25325 30357 27009 29901 27489 39837 37399 49035 27481 53901 22608 24300 40258 62862 43448 26424 31685 48180 20744 18738 24214 43410 40897 74226 44949 85374 40619 62814 37791 69249 27859 29994 26548 24510 48931 102336 42224 43542 41089 62043 16096 15855 32367 38760 33013 40962 29974 53433 15621 14943 23710 24450 43563 86193 24515 41328 21805 20721 27400 33588 15125 19665 33680 45594 35407 56040 24577 49722 
29041 43317 18608 11862 37474 61041 25904 38709 22787 42066 34270 77778 38759 62856 31320 51711 30797 58041 24851 22686 46459 90696 31907 35730 34935 66423 40897 73881 30503 36288 31133 53025 22365 26484 54731 120966 58125 35580 27871 51876 26430 24684 27045 24522 35084 25359 35548 47145 16007 21516 28180 56616 37788 54885 23929 16125 29773 25635 28430 58950 21394 28029 30180 56397 26720 47928 26655 46125 24699 34890 38553 64023 27007 43530 25457 31164 29021 32184 19497 26748 29871 57561 47874 74016 24107 43404 17580 20736 26191 21063 27257 48243 30024 31074 36292 56997 18075 21999 29151 47112 
26758 39171 24591 19272 36127 44880 37759 58080 27517 57159 30917 24894 14146 18048 19002 32844 20659 20697 40015 72582 19106 17751 46873 105450 22942 44511 34010 37329 31675 41187 20236 21777 28093 24840 36006 65295 22173 18573 35443 66735 44265 91269 49184 65340 51710 70548 44352 84648 43087 49827 24979 19530 46650 80805 37772 78765 29762 43968 21806 29334 21895 17127 28262 33240 25077 24399 28438 36765 42264 93609 26707 42486 23342 40128 29999 55944 39844 49176 35766 36912 29280 44904 18754 25143 29928 38118 30013 42243 46360 71856 33399 67338 35068 22968 27885 33381 38312 32679 32671 54552 
28867 32073 20815 28083 36098 56346 39423 47940 25553 36429 40365 78672 23074 26283 38100 58269 42437 74847 31049 53112 35750 61266 37260 34227 19574 25470 34296 78612 35847 48429 43597 39093 13018 15597 31502 67716 27194 40830 23354 40350 32428 43569 21072 29688 43015 64158 24142 47088 31189 59682 19140 17865 22998 37242 40288 67068 21959 27342 33094 42315 38523 72552 22759 23499 41254 51303 32412 38271 22839 29160 23415 31527 30516 37080 39914 59853 28946 42675 34116 45651 35611 31449 23275 43881 36716 67938 28357 38430 34936 42537 28763 42990 30248 51900 75579 144477 38436 75213 28381 30492 
35972 64899 30503 62274 26374 25281 16587 17835 40010 71727 31514 55011 30261 49953 21361 24327 27676 40863 17545 21738 29174 53781 34262 51684 24205 27255 34444 60075 42071 62622 22411 27714 18386 17307 29617 49215 22646 31887 39901 46236 28921 42690 30663 40377 29637 53895 27805 41829 30560 56337 19922 30021 22606 30510 34724 50259 39418 75915 42256 50709 40720 72984 17179 20832 28513 50763 21100 21291 17148 24330 19862 27228 34445 77562 37477 59298 21999 29883 45196 79062 34672 29802 23836 45576 26745 40128 35343 31398 41496 75639 41506 89184 27693 34245 44188 75105 31306 52059 18043 19305 
33179 41418 22759 42600 31919 34455 24260 25302 27782 54906 19719 15339 35782 49803 35132 49005 20006 22890 25561 24990 39255 65955 15861 15978 51687 89781 32644 56628 33613 43452 36771 59691 20774 37665 38969 70518 28990 34344 31121 38931 33273 53250 34007 45507 45704 39720 33464 66213 32920 67836 23343 42240 22329 23757 22206 15948 36378 64041 40461 39804 16938 17127 27335 12693 41483 67254 28805 32553 18300 20103 38154 54588 36225 62076 28467 39507 24745 42945 46001 63549 27274 23541 24739 23679 37752 48501 17623 24114 23569 38559 26063 43539 33562 48981 37679 67926 41336 60294 18187 25548 
29204 49350 43395 32511 19311 22884 34586 72243 26907 26724 32431 57996 38024 69288 22658 37695 35095 57054 48513 94992 22865 35952 38992 51492 23167 38169 16850 21165 22100 35730 49576 104394 30995 55095 31610 52173 34487 68676 26424 37650 14799 15522 23419 19326 25623 39900 41457 72525 24766 37944 33074 54504 53457 101079 38043 68490 56144 93384 31288 60627 27482 45603 38175 83559 16007 22350 30309 41874 32447 49950 19059 21999 30790 28227 30904 44886 19965 27894 20650 33240 26503 32634 36076 54123 17147 18591 26747 30204 42776 87723 33818 59865 32280 51978 37758 52953 38030 38160 31449 41715 
19179 24504 41237 63015 30350 44394 47151 76047 66312 100410 35631 64785 36782 49557 38272 46356 31003 40467 26375 42891 65197 145227 34899 52794 28474 30648 44155 55644 21448 37482 32322 47778 45676 60585 38529 64137 31704 39681 40862 75510 38728 64830 13773 16644 33721 54297 42821 79113 36324 44409 40263 76701 39108 52215 31860 70908 29962 54477 25255 37674 32244 58656 16986 18345 35212 44889 44111 49176 29503 29940 36476 72372 32991 44763 44623 79821 29481 61386 25034 26856 26927 47574 38760 55374 31891 23133 21935 29085 32166 37809 19637 26265 18857 25743 33700 52659 42056 81414 64960 133242 
31272 46299 36583 26754 23760 34173 33109 48477 36798 26898 29746 47610 48561 84801 22729 38547 27625 31752 33310 68799 25468 26760 29535 40482 27990 35142 40380 41361 36396 69051 28804 34080 36473 37866 36166 41751 34445 53166 40922 56715 56787 88647 38265 69600 26991 23856 29861 39042 21541 35823 53772 79608 35116 32196 34887 38754 23893 43452 23156 30138 22405 24471 42822 58155 28275 59850 24945 32262 34228 59358 27433 45444 19278 24897 29146 53967 24280 37377 35447 58338 38837 67392 28443 54387 30126 54852 30475 60114 33383 44751 33688 55215 30370 18777 36034 76746 26694 29292 44154 50547 
31464 44916 37510 61560 51533 101844 23822 33624 27295 26448 39518 55962 33271 34347 32407 43137 51509 111969 28173 25401 20802 25524 31295 42255 20622 21690 21448 23154 27084 52776 48904 93612 43420 47208 50993 80733 28734 35013 35368 76701 39737 72120 33684 47289 39749 66981 39337 69540 29563 51888 32216 45207 24143 22011 21773 33651 31175 44217 29103 52125 34948 55461 29909 30441 44161 73770 21254 33861 38514 40857 43622 76494 44961 37254 14734 16518 31538 44175 20105 24534 31061 60510 27798 37353 67712 117261 25232 27531 26409 36885 34856 47349 46424 64425 38900 64671 40524 52797 15032 18003 
38306 63564 37353 80460 49600 106650 42182 75960 42678 75516 53544 112161 28543 53334 46248 89757 28091 54687 41289 62508 31117 61164 18785 27084 32505 65082 16885 21912 26161 38586 36567 62094 30483 28299 33820 65688 19807 21351 31511 47526 45824 77556 31458 21240 27771 52770 33693 40485 28209 28158 34793 52362 36685 30666 22466 37869 18241 24294 20234 22683 23020 30738 52703 97203 32203 61779 17786 23007 40139 28788 26648 37407 23933 38709 35511 50292 28078 43113 30935 56574 28393 34137 27370 53361 41332 74694 30465 47511 27970 23193 26598 51108 27789 31311 40799 45336 25704 16608 25650 47100 
36339 58689 25448 44301 20373 26013 41202 78732 36350 66807 24972 45315 42092 60201 33317 61443 43921 68280 36661 50064 19570 21267 30013 57132 23405 42447 38399 58644 27869 45480 45041 63045 36825 47958 38993 80868 18457 19659 38498 72771 18733 24615 48598 75777 27265 32265 43278 38568 30291 46143 32581 64278 44236 101190 40248 70017 29609 41970 28327 56559 38228 53007 27201 37359 26765 34755 44486 54252 23805 36837 43635 81945 41134 57255 42305 82758 22453 33993 26282 26037 32272 48120 36034 48975 47675 91737 45333 66978 48596 76857 30473 47070 39279 74967 21363 26859 36326 67053 40186 79797 
33709 41361 25391 43500 24501 39165 26934 34626 27267 24510 34590 35430 36509 51156 31687 35340 27827 28545 21855 21912 51020 49104 41884 57684 26716 35895 30571 46185 29273 35544 29627 47940 40556 53832 14783 16284 23683 34032 28891 30957 26335 36570 20490 33426 28261 33444 26795 38082 23992 40809 37087 37515 30673 38394 52300 100689 18449 26460 47318 68676 32343 62988 27779 52101 34473 73200 40043 61248 17294 16635 37445 74874 21310 34707 34237 48837 48059 98562 40946 36015 27124 43041 42734 65565 46977 104814 22847 18912 54060 106800 19965 32787 52024 77460 33762 53373 44028 49056 37238 59448 
34482 70644 48088 95922 22408 29049 33156 58575 34984 38028 36144 46731 44470 101172 34338 56919 44044 64467 22161 36165 44170 73014 32557 47157 34648 47316 43967 38982 28037 32391 46592 95313 36744 72648 20681 33765 33035 42933 41877 66003 53233 69318 36170 53274 44994 108873 21058 21378 33691 60138 37917 69699 39271 60234 35426 46317 34212 59565 26037 32850 29822 40290 38877 62184 34461 55353 39669 66306 42965 66639 35646 55686 36331 61326 47955 75678 45527 66591 29963 41862 24004 28293 30329 41820 35246 49875 19849 23079 48057 74973 34025 54756 44964 70206 36748 51144 36819 59907 24590 21915 
40588 77283 44164 54954 43263 96261 20862 26385 28234 46218 36429 54174 30807 39366 35680 47553 32821 54459 30207 45723 24428 28926 40129 69219 21945 14892 51325 86229 33780 26721 21124 26967 37028 59769 42121 73926 31216 40857 33233 44547 22665 38184 40151 65685 35426 52530 43436 80391 29838 36102 32808 34527 40956 56751 28058 43407 16593 20184 60772 66147 46746 74007 36587 32916 26225 17625 34565 29646 39164 37929 37732 67767 31119 49536 33545 48780 41232 72831 39084 67953 30301 63039 35299 44079 25698 38196 24387 38583 50643 85605 32920 39204 27487 46617 19280 27756 32770 37050 22152 12306 
18508 21303 27708 33102 45493 95925 24654 29979 23469 30759 37087 73536 37004 66855 36603 40569 61931 80691 43723 59730 32973 59112 33131 66123 16849 16788 35908 70827 32508 60312 47445 107292 33845 31914 38132 40467 28474 48678 30533 35943 42568 78381 27181 31527 44908 85980 28190 43641 34560 51330 47138 75726 43321 59943 44111 57981 33383 33180 53640 80847 38672 42636 33675 48504 22198 31491 26806 28677 40870 58779 31720 62838 38855 39960 38028 72483 38055 55437 63516 73737 22499 27201 30075 46578 40325 83163 34190 63996 27674 47319 27717 49470 25324 44229 35245 67578 29468 48447 19599 28206 
36311 80589 29288 41436 31279 56997 25399 36525 21033 36114 45676 62616 29663 40710 39357 69978 39462 67503 19249 20994 51491 28881 33532 53760 51986 75258 28026 53583 34439 53211 20533 31968 54059 99813 69213 159402 36748 42318 33382 37893 40961 67854 17443 18330 32132 26787 28401 28776 34788 38775 29492 34494 42369 61674 21201 31941 28724 49077 36413 46428 58993 118776 37926 80856 35099 50157 39424 81000 33268 49992 39848 67203 27533 29232 37984 81315 24356 21015 41211 69510 43406 61047 31408 35097 42281 60522 66736 123135 20946 33438 32512 44709 33736 40014 26976 42723 26194 37467 20078 9333 
43648 74733 33078 25596 43872 88506 47194 67788 36472 24996 40262 82473 34045 44358 26346 43836 31708 48960 56590 67281 28489 38766 39873 59727 37968 64668 45736 56694 31291 32187 37322 78888 26510 19980 34618 64014 39309 47997 51724 84303 45047 33003 35830 56196 32766 46233 39478 57936 55383 124353 38379 80517 48354 33708 51318 103152 35909 54789 34513 70044 29434 39252 42462 79626 29305 29106 45273 53988 26739 39789 25758 50250 37940 58755 35375 37302 40951 39441 24117 29112 32240 57063 30150 33087 52805 106116 39078 52971 50175 90963 15327 17796 39598 67146 42333 64647 36891 58224 21266 18426 
36068 47898 33324 52989 43532 78987 24762 34794 41801 69723 47115 60978 21387 30468 33914 62067 40182 52485 45448 76293 30139 60156 45646 70461 30789 56976 41991 91233 48839 79275 61394 108939 29581 31227 32838 50094 37059 30555 32101 34764 51519 81306 37223 79839 36186 32151 21929 32499 47541 87606 24789 36945 45642 86709 46480 89508 65631 118911 28382 49698 31131 47283 17202 21615 32903 47988 31185 32592 31475 37818 40466 23250 30334 33411 24663 41421 28994 45315 25249 16641 40557 73014 33940 64776 42307 51900 33497 33093 42333 70665 27780 38949 53129 80169 31274 51282 43829 59016 35094 73248 
34260 51525 32583 63687 34290 14223 29816 54225 18815 23694 42649 70773 39374 78585 17271 23325 21587 12495 20279 21387 35313 68214 37639 36570 40438 81828 51379 114189 38237 73263 36185 62184 15996 19080 37866 40629 24957 28911 25053 33024 43572 84270 42859 54183 50004 68169 35103 44790 20507 22614 21702 34797 38439 29175 55942 95199 43912 52704 24430 29583 43887 77019 56866 138765 21648 10782 38378 62253 24326 38136 44363 67134 41877 62493 33838 65688 24188 21441 45760 87600 28648 58257 38161 79137 23867 39711 42021 42885 38394 58110 55172 91275 15351 17514 41793 79164 16610 20232 36179 35250 
24153 37893 32010 42207 34682 49932 33896 59157 39642 79608 30363 36327 54905 96525 43282 64017 41904 87510 40292 80013 26258 19716 31702 49638 35137 71064 31108 63645 33849 57636 37260 57735 28932 39714 23874 19182 36824 60681 24955 43335 52631 107757 44768 81321 30124 34434 48769 55104 18758 20274 23265 25770 51805 85263 40821 41010 45417 52068 28210 39468 65079 116610 41733 78249 29787 32133 29178 51714 40226 60975 23292 37425 36957 35379 50442 90147 51170 110775 31185 24270 23956 37506 37085 71433 39081 60330 33289 37194 33943 43107 21589 20793 38697 62784 36480 49929 33779 44664 25114 39966 
36984 51318 22571 28494 22137 35199 47851 94107 41501 61068 29134 54345 34156 50349 26029 35820 49048 82392 32969 60504 31511 53394 24872 41589 41393 57939 32591 43092 25847 31602 35871 58605 24256 23871 33660 53025 42865 93078 37479 37545 21652 28056 50078 80796 39564 64236 44626 85890 36784 20490 33931 58158 36722 64494 40906 74118 36751 68010 15649 18051 28972 47592 36801 34947 46319 80154 35655 63501 26377 46611 25088 43863 31977 54813 24916 21624 44097 41907 30994 37935 44939 61575 30320 26178 32375 56211 36080 49833 35069 53325 18707 23739 33354 68439 43210 45837 23479 33483 20630 33510 
30740 52053 31230 44277 27494 29184 41284 42282 41318 54729 28807 52254 17692 22275 22801 28116 17481 20589 47507 52749 35931 46548 40658 57759 41804 47487 47597 88779 45467 80472 25954 38610 50872 93924 19568 20676 28725 43836 26517 37221 35897 36720 33535 64134 49155 86250 21108 26982 29599 25548 41493 62547 25270 45132 27324 28230 25716 28854 77190 117948 25140 19563 49463 72660 46903 66729 34812 64368 38019 53514 52925 103935 42068 88047 22446 32214 22063 39015 37911 68973 27405 42066 30051 23676 22598 34038 59920 108663 43090 63354 44031 63576 35496 56091 50620 70716 53600 94590 42179 56913 
39355 45624 42680 75702 22913 33594 29139 29904 49103 94074 37406 68361 34782 50541 46207 50841 29581 19035 41515 69471 28442 37842 46730 86082 42204 66627 26192 33792 41410 67032 29422 31077 26100 23499 52597 97440 51762 88413 39315 38220 25488 27522 21302 23358 32169 28581 26436 40914 22453 11742 34718 24135 38345 53298 38904 34908 54713 52629 32483 35976 35032 42237 30216 40311 44090 68961 22169 32439 49400 91500 29149 58017 35457 40392 36973 63630 32556 46179 25204 39009 49846 94032 56575 110379 15944 19506 29457 40266 17273 20835 42948 82827 32537 43521 52173 105588 29020 52269 24099 34131 
25049 42405 52997 106863 24458 37068 23267 34734 27466 42114 37481 53613 31521 26850 29903 50640 47729 96825 23022 11610 22973 12732 46572 83298 29479 42513 37406 47283 48874 105270 31384 46140 35661 65619 42060 48102 35158 69417 43464 62571 46074 92361 38341 77469 22821 21054 52374 100239 45667 57876 33601 45030 53755 30849 36831 53175 26595 34317 43906 49512 50953 71775 45262 27264 43338 84477 30810 41346 48776 101217 26884 29463 58652 120585 36116 55728 50013 118707 22805 22443 29344 26220 34680 58782 19172 22071 48133 81669 35931 62643 66156 150885 56815 91788 40992 30582 30924 54492 29538 39711 
43146 60441 45203 68565 40250 83586 37556 50613 26167 40557 36539 54891 30067 21486 35102 40767 23462 24564 21780 32823 42092 64887 41876 87798 55022 82491 20403 28263 39022 40185 40087 87639 23192 27843 26814 43233 34795 68838 45641 80727 32785 57297 20569 28776 52215 63615 28085 51228 55090 110262 54878 42363 46702 59994 68998 101073 25232 39627 44999 93834 35395 51198 28161 47352 40122 84780 38850 76629 24750 36663 70272 65898 47934 100056 57189 115761 30093 48819 22407 39258 35684 48501 43570 98967 34762 61164 32058 47889 34438 55464 46187 78600 33947 50361 38501 54648 39861 51441 27629 16611 
43517 52599 50371 89334 25346 45504 48196 49593 37255 40668 47128 92925 44232 89916 23219 30654 33533 53508 25448 27894 35405 69570 38765 61869 39356 54033 23501 31575 18674 22443 34914 47880 30166 47169 23392 32226 47996 73329 18999 24846 27909 39426 45758 53733 35901 61170 37481 61935 30081 38319 19659 22116 55817 70833 55734 98388 28709 17400 33809 31044 48059 77232 39359 59553 32618 24747 28714 56313 35244 64533 25109 38529 45506 78582 56273 71070 58144 41448 46053 92556 35342 59049 42876 55305 42583 53037 39112 67326 24665 34665 32097 37488 32127 61431 27687 28716 55100 32505 40693 69252 
30988 48531 27837 16473 47391 82032 41078 87423 36152 51096 28660 20811 61334 119352 30700 51222 29590 34905 35494 59265 29997 33612 47207 87999 43576 90405 42508 47934 55598 89169 37877 56661 39858 61323 46882 63849 41212 66897 42320 45852 36686 54468 20365 30786 32134 49065 37673 70686 17643 22104 20031 21528 47258 55029 54102 81345 33983 46338 46305 94560 28664 21993 24020 16056 39918 66495 28076 36378 25817 27504 46247 71580 33662 52719 36596 66723 25687 30411 25454 27204 41752 70932 47037 92781 28085 53724 32596 40503 34297 56220 23897 37551 28055 38211 35451 47103 29932 47565 33988 59268 
45553 57630 50800 87402 32531 60204 29050 49059 25707 18393 24519 36789 31567 46485 44659 78123 37663 68478 33483 45528 33116 59370 33033 51846 22083 27588 69464 107574 36140 70002 47782 79956 40520 64992 52456 73929 45692 68763 18624 22989 26241 36432 30285 25815 35768 68943 42872 37542 60765 102852 43847 58290 20829 21744 30585 59757 29239 37479 45471 100518 44506 81810 37193 59136 23179 31455 25308 19788 37416 83001 29845 55299 63951 133671 42186 68919 39482 64857 22456 27621 32052 39381 52642 84351 38940 67797 43526 50868 55023 47328 37695 54099 38328 53760 45986 42735 29189 51168 24323 43035 
31961 56637 20691 28035 27931 34998 28422 51033 18833 24360 34526 46242 34769 52857 34704 46683 36194 48945 27741 38358 36730 52686 40893 74130 66073 68982 60976 116274 39724 54705 29314 32910 35296 55437 36851 38895 41762 22197 31030 40545 57183 116835 56568 109344 23793 29148 33864 29793 88441 189507 45515 72933 26253 37002 32342 23640 56450 117726 26554 22650 33903 25836 45959 66861 48493 81300 37457 70956 36707 78009 54529 71271 25602 33819 33963 63756 43960 51435 33639 65331 43784 59958 48455 114756 41343 71790 61758 127254 26938 23439 43074 65778 48943 88944 36096 58158 33705 69195 46896 51189 
21126 22965 41039 67140 43462 82878 37392 63372 41592 57432 32857 59670 29897 22926 26982 22830 40601 44373 40444 26922 30792 57048 25738 35850 32327 40296 39940 62448 52183 106572 53510 91944 20483 27810 66474 79476 37539 41466 33516 33858 47359 87942 26253 40263 31676 37407 26805 30567 20089 25647 27873 29415 40941 62244 35639 42006 27880 31065 41753 61650 44461 51216 43011 53979 36757 47454 60934 79791 38859 65835 55360 52092 32424 25524 47375 38913 36581 64092 46092 57597 58512 39642 36479 68889 48084 68760 42127 67437 45153 77856 43628 45642 45758 86622 25843 41964 42383 47433 56925 90981 
54715 114690 27818 19065 39795 68718 35078 56289 45365 94071 42313 78348 20706 31902 52361 65766 33604 54519 41151 78483 30268 47451 27970 47412 42194 81714 21883 19881 53708 100503 34246 61932 52861 91029 56368 99396 27089 20316 38863 65253 44287 90516 37008 54006 31732 39780 104742 139251 36262 49182 42213 52419 52171 108183 59305 84075 48282 108885 39031 35076 37829 32544 48339 80334 27634 22740 34458 29559 48330 37698 22157 29742 36029 65016 46022 79551 41966 41499 28365 31929 29400 54159 43678 35796 31920 34617 56247 45516 38054 34833 26793 24225 34324 45237 67939 127572 43679 52305 68554 100881 
38500 57867 34042 42333 33064 31956 37561 21282 46751 48126 36003 44373 44996 70530 41722 85602 66455 118914 50114 78471 49850 59373 39713 62640 47466 66297 50574 52014 55320 106113 65436 150789 49928 75819 30466 42015 34661 62619 35061 66021 51227 103704 26249 36432 41875 62802 33193 45747 38481 80181 52726 90174 30910 41919 33211 61620 54269 123633 23718 31827 34020 65052 75821 83367 25614 32835 42838 51987 36650 14538 25038 34929 19945 20544 28918 51957 59878 132291 48543 99942 42281 67470 25167 36561 38956 72477 45651 60378 29758 50496 60342 109596 33610 43284 47931 113028 37094 61041 40342 60006 
41904 49527 44629 87141 44085 60486 61593 117594 28450 52032 37689 75051 34331 55719 53373 109674 20019 20421 67718 69015 29790 37704 42568 77262 61221 78594 58086 112197 33470 47613 48202 84654 62570 112875 41167 91902 53737 110937 23558 26106 32469 47622 42056 58038 33195 58182 42070 64449 42681 57408 63111 109662 33073 37989 44708 85524 27563 42336 48146 82140 43186 39183 21873 30414 27556 33033 40990 67209 39805 55044 38734 59199 30814 23136 46925 102324 21273 28530 42974 64803 45674 67260 21753 22872 40833 82119 28106 35049 36388 53724 30524 54930 43580 72828 21443 19398 49365 93729 52255 117333 
38679 50031 34806 49608 27220 48198 31408 52368 55135 111591 18371 19572 29057 36612 48160 67338 38092 43251 30924 36699 55978 127008 18950 23643 35186 70110 32503 50244 69757 144438 63145 122493 53999 118722 53497 104004 47927 82281 52305 90207 67066 107883 41880 52296 43145 73317 35143 43245 60712 119943 64882 125910 35627 54468 52303 106491 44332 61182 64490 85050 50320 98286 61833 116829 27496 48726 46280 23385 41414 74496 33183 49218 44324 32610 39963 67143 25315 40875 35477 33684 52578 105489 39922 72228 33359 40383 40824 66534 21916 33753 29523 24825 67447 152448 32991 65577 38986 52332 45321 50856 
43254 54345 51940 69528 47414 102114 35514 68595 28450 15231 32079 31401 42582 70407 30884 21534 41121 50364 26331 35157 41258 42750 32789 44442 51013 65025 31633 30876 48978 88224 44327 57099 56283 71637 20421 26025 26598 32553 34270 56331 52433 66201 46161 74145 35469 73209 48590 61638 32890 45645 29595 22665 36978 47328 44199 81009 43175 66987 29269 47895 23002 28524 32034 18651 37211 68574 29757 44802 52440 84249 28401 54801 63665 136380 29159 41235 18816 20766 43371 80439 35081 53544 50735 65559 52071 83448 27850 38787 47258 65247 34720 50253 37164 33033 52404 106866 38424 49062 47309 63630 
28878 36366 42852 67626 78862 137766 19382 20643 47771 82281 39553 77688 50344 44205 35734 56688 27684 30885 52210 90045 35300 58479 39294 61203 62991 103914 50569 56049 21072 24426 47278 39201 44749 59931 34891 40869 33904 42102 30637 51678 42489 61101 29812 44826 56649 84021 61154 41469 23156 34305 30987 42456 29788 54000 45534 54732 39709 34206 42199 65727 47345 67119 69926 145599 40558 61614 39932 36204 39431 54390 57336 113940 45917 57369 27318 49131 39082 39333 51007 77631 65035 92745 28271 20031 35031 42465 39814 54870 47369 77835 62757 86748 60563 102705 35345 41163 29900 20802 23868 25179 
53867 107301 61165 85776 53270 92016 32855 54477 38470 48942 41115 17379 25751 46065 66446 98769 42268 36693 24218 27522 63680 89697 49977 96687 42082 79488 40690 46377 30198 23862 37329 45231 55247 84858 27687 36999 49675 65166 51631 81708 45336 76926 18808 22341 54053 103821 27280 20937 37551 33330 63854 141759 38612 68694 37305 70443 66140 108411 28712 46038 20315 22782 30129 36552 46459 70317 37067 30816 54313 64428 27195 30756 61449 119841 37376 47001 43777 26937 43936 71229 34138 56568 54530 76536 29802 23877 37091 38022 28492 15819 45492 58455 24232 32688 37798 60657 69209 94368 60179 99783 
33553 24603 46400 81303 41044 59682 29598 45669 34624 31896 34070 71511 40532 50091 42030 71637 51283 58029 31797 29337 32065 33813 34918 54738 68181 150363 71980 107139 48608 52185 57061 92523 31629 58704 53073 91356 33397 46173 52569 105075 48478 85017 43472 72159 30623 39639 28357 38523 34450 40491 43283 77262 44530 66795 43516 77214 39517 44046 36089 37572 24904 31230 40123 58380 51383 78186 25251 33348 22038 23595 46201 77463 34844 33936 50840 76383 56010 96942 43558 76101 31383 33687 32399 49797 25605 34626 47815 107379 42205 21420 58884 91533 35108 63396 18467 21888 49163 50721 37860 47121 
56435 57732 31552 49035 51967 101340 29107 40791 54422 81726 38521 34104 31763 43746 24925 29130 50014 88053 48868 83211 28205 32169 41561 42240 36266 71217 70007 118509 55964 122919 60316 77958 35336 55269 33230 55974 49443 62310 27457 38193 47312 60108 43734 68493 69239 96810 22857 25197 79871 136218 24301 38907 36694 54327 32403 21699 33337 26340 45356 56892 32969 49347 44636 69939 58870 95586 42690 49113 44296 94926 32470 45099 32562 60996 42726 96063 28475 41136 22456 22518 66213 104178 52433 95721 25345 32160 45062 85317 35788 54198 56637 84372 36807 40521 40638 47007 29686 51783 25022 42705 
40948 73119 34120 58860 28808 40140 41580 35049 31560 44181 79559 95637 52601 71175 46167 67365 35842 51177 34213 61839 52836 53907 40301 75804 41466 43563 35615 68712 36685 45318 34428 45396 43410 90480 65415 92907 33892 22308 46662 59580 57724 79137 49379 77136 38705 53724 37284 47118 42578 83061 47994 83796 28654 26406 40422 48432 44653 43980 35113 51900 48367 87903 26354 41289 34906 41028 58842 102585 44359 70173 39220 38178 35722 58788 28915 51357 51535 116841 38914 33987 26933 28293 45780 87684 24343 31176 42278 47784 31974 27717 43284 93687 26012 24564 51447 81672 55185 108672 56473 104997 
54007 100155 47431 62370 44708 69558 42275 74415 63580 115341 32398 45003 21309 25044 30084 45261 42278 84309 46158 69039 36403 40221 21283 24387 34741 55665 60082 99573 25181 40335 52829 98520 42017 83388 45212 59736 60928 91338 43564 69117 35952 57804 59728 113325 40435 80859 24675 23379 22822 23670 42629 71991 33914 51438 61165 113385 67798 73221 35187 55941 35036 43968 44928 58710 31740 42123 44381 32961 61652 121134 44929 50388 30355 17049 37742 59988 40621 69531 20732 26964 36126 38235 30024 31461 35751 34491 36943 73260 23640 27432 55001 124899 44939 47544 46366 59364 37172 48177 47220 51354 
39117 58284 54082 92322 40727 58416 32415 31485 38656 45705 43978 76092 46218 77850 65087 130212 35072 43350 63801 86130 40955 76620 47749 70734 51262 73230 22872 29067 46854 61650 25996 15396 41906 63189 47772 76932 38650 56340 39290 67737 31629 22923 35714 28422 38124 70302 48922 49101 42995 80997 36819 34452 34845 49743 22481 21093 40022 80157 38359 44829 64688 148752 76705 143553 47872 73548 22933 26916 43780 52935 57877 101676 52548 70890 24931 22392 39179 74337 21488 24495 52054 81936 39578 69390 55789 108681 64103 98244 59795 75585 62867 115284 36623 62259 37159 36090 42366 66822 69228 124443 
37507 45144 55073 90777 51693 103029 56816 85041 42009 71388 38557 70773 28450 19647 30755 32994 41119 56724 37502 68796 37273 63195 32257 57729 87521 121737 44273 80901 40630 62892 35651 56121 67480 56907 33698 54192 32813 27714 52744 63981 54811 80019 53574 82764 20323 26469 40849 65790 33638 46443 32006 37461 51009 58362 33322 68118 46838 84876 29963 21333 38159 68847 48471 73086 39198 80865 34123 55707 26153 35643 51640 73392 30599 36849 39097 74250 32495 46827 35459 38571 53448 121326 42387 59235 39077 79122 63991 111057 48897 97188 32945 44529 30484 49860 56752 104208 49438 97293 40579 78609 
68335 111912 29532 33996 20990 24360 43109 72447 49749 64782 33245 39957 43734 81678 32934 36081 59473 54969 41450 83367 32694 47289 38676 57963 29047 30666 43418 60147 43958 68778 36673 65637 37814 24447 52497 70878 48085 43137 31622 33327 54527 74181 43561 39636 62104 90639 71955 67218 46076 65061 47988 76371 48386 75780 43644 19215 54668 80109 41973 53889 28524 48822 29325 37152 61955 90543 51271 116988 52313 96585 41619 17496 49150 62145 22959 28761 37745 63261 74624 80679 42433 78240 47946 56715 22562 23283 39891 46059 33599 48411 30088 43380 27134 37203 53307 75198 26972 31458 40564 73158 
71673 132105 22154 26808 52861 81621 37699 54396 45485 65163 49519 64230 38769 51699 27555 14184 28418 36234 33845 48312 34003 66849 38869 68955 49526 84732 22692 25122 51132 86757 56617 97431 60237 63414 69981 53091 50754 76770 23470 29631 36422 31164 46877 30138 58424 114342 47729 93945 36354 58173 46035 63639 20559 24018 53616 57948 44080 57147 62185 90798 47069 70980 57666 118617 27825 40344 21213 25476 36234 44127 28569 27492 49818 55521 33184 22710 21226 25545 36409 24567 50583 46242 67019 109755 23092 28014 24202 32349 45582 54216 57886 65331 48152 74901 46374 86496 32211 17835 54956 95313 
34787 53208 39951 62433 28442 41397 47982 62676 60405 71673 55813 117309 47991 70263 43010 92646 23429 32517 71148 68175 48279 61956 20799 21675 49172 97731 39925 68265 55887 98823 42328 88842 34749 42120 43413 82329 49098 88692 47080 90075 30023 29577 75804 157707 43646 57942 32551 33822 33161 48891 32278 34350 56417 81636 35093 28917 38660 43128 29965 38598 41220 59415 38022 70191 41673 53118 79246 123432 36806 72744 62239 116040 64443 110232 33056 42186 36447 61851 34823 52425 53769 108486 34090 61278 44810 85494 39322 58839 42210 56976 47519 80961 50542 94713 26408 32124 48764 82131 49372 77982 
67526 115818 54060 93900 35743 66069 39564 55506 57458 77124 66627 112014 60544 103938 37933 32265 48085 79902 31356 43644 56093 77712 30779 23943 43420 51633 48790 110001 48991 59601 60769 92877 42643 70629 51891 84810 26261 23853 49933 29016 31004 29310 44919 70311 63414 116613 56216 111546 70445 152019 26952 38016 42101 64896 52576 78336 66857 127914 23972 35952 44013 37629 51035 54366 61474 127110 51392 101814 30006 51897 41781 54360 48815 62265 27804 40167 59435 67086 48125 45117 18513 22278 72509 164193 36111 25893 61844 106137 50458 95061 76972 121314 65319 109560 45381 79854 31091 48333 64624 110763 
59150 99399 62204 66900 42989 68331 39256 46488 71901 88797 66564 85752 42129 69618 34991 52164 36863 24696 43371 72828 54772 55965 74403 49806 44813 42657 57530 102480 39778 66474 54379 81714 31896 42546 46495 85005 58644 66585 49232 80781 42200 57744 42730 41682 52415 79755 28397 35301 57268 63918 42057 50808 82424 138393 53608 64560 44152 80400 51519 98637 49459 77940 80470 124329 48908 101031 22778 25539 59157 73386 35269 65682 41129 33327 54038 102534 40825 66483 20450 23916 54942 99630 65242 132696 44124 68574 53960 92136 31665 46422 39809 38310 38732 42447 59931 72072 42720 71706 42555 44808 
32283 43950 50847 99288 30220 55587 46253 59880 26239 33138 65434 139455 40971 38250 26687 14226 43413 55008 43003 57363 32837 28155 67485 83736 63226 100794 49811 88389 53250 85350 35489 38292 40834 56856 42757 45168 33450 40062 42911 48702 41935 65190 34120 28704 27723 28833 29509 44001 20469 22971 32228 48879 23770 35976 28014 35778 60093 97677 41031 74424 39991 46971 65602 134109 49995 75924 57279 92154 40677 71136 51862 93441 32090 47637 69699 125337 39357 73887 39873 29277 26010 43296 64240 109524 40571 60423 58081 84936 33062 49104 42979 59670 40184 49143 102063 161154 56975 103833 44541 83196 
75301 87909 39553 71742 69091 105246 41385 36054 46817 67131 31620 46509 66079 88686 46418 68613 89213 187128 26961 28221 42441 57726 27818 30111 46099 61344 62062 147972 46959 95931 20920 22593 48908 100737 34137 40803 25521 35754 47695 68106 66970 96600 58528 66642 40465 63081 26012 27249 76121 145479 30252 37035 40078 72126 42291 51633 42092 42735 57606 97452 59448 99993 31932 49299 31663 48831 21661 22491 45908 63300 43311 70278 76666 100752 46448 91617 31287 46191 39704 43476 31395 29358 40187 69654 37700 54834 47427 54930 55127 65955 37200 67701 30621 18630 63859 120408 51582 41811 49016 83928 
21682 24648 38284 71667 28538 24171 37754 74787 59622 97296 34253 52929 24115 27840 34382 34041 33540 41400 55984 79560 35053 48783 66301 64218 23021 22911 41903 69504 50568 86226 40306 60465 40785 74910 44955 74583 43673 69327 35240 57843 46315 39270 30096 17226 46550 89196 23169 32082 76963 92841 49894 84024 32686 31104 40512 66048 21563 26751 36321 29796 58620 87654 50796 103542 43106 89442 55955 102159 48621 48198 32123 50019 54530 93771 53386 109371 27141 35250 57891 87735 46785 64911 94858 189927 37477 69783 38383 78894 46534 101181 45782 80568 40132 29283 31844 45480 45626 73770 46912 48087 
29864 43215 38026 58881 41193 29859 59916 106284 41352 40506 48047 92178 49155 85506 56393 101883 42020 44232 70515 102138 30959 28332 39662 54093 40969 77349 29472 32901 32357 51054 49084 66567 68556 98781 28546 34845 41753 35595 41379 69654 51158 73866 42474 74154 35863 62115 59505 94608 72127 76455 48977 83943 36654 59550 23295 30075 68193 105462 79555 152232 66565 105195 20657 26259 28473 36510 30649 40782 43724 59610 31852 36996 53234 54111 61986 123279 35771 50229 56179 113553 43274 49716 38496 53124 56396 113478 81883 153723 46535 79587 21548 23898 41339 38247 58465 73176 70739 114720 40030 69291 
65291 78783 57192 100860 71965 149661 42109 69105 46276 86145 50214 24519 36626 55992 63742 124146 50879 61212 43028 74448 51756 90561 21633 25404 24355 31395 55938 108423 41301 57693 31709 57222 37141 68136 40079 58989 72783 119238 66635 125310 47988 75015 50420 94092 39623 35700 39413 59193 30809 45558 47462 59919 35102 59025 36088 62610 54811 92550 44664 65673 40869 29343 33929 59601 25623 30750 42893 87816 60387 95793 52710 89610 32112 45444 40598 58365 44135 55137 50778 35157 29460 43713 40495 37659 36161 54966 27472 47652 92387 169530 54870 113775 26956 35460 37819 47106 83438 143007 49796 57939 
42267 48999 31804 53826 53808 81606 41809 78783 39717 53571 71146 117471 81598 66330 31298 58512 43838 88752 47447 83940 58438 101661 42048 63855 31629 43821 34763 61641 63148 95094 44330 45426 46585 69141 71392 108162 39405 44091 62344 86586 48900 64584 53849 107958 52413 93702 72544 129657 28378 41667 50786 78024 59791 108711 70036 75738 60243 89802 28492 41274 45077 76926 57724 113136 61796 108468 33154 44058 40245 68403 54250 98232 41426 54654 31141 30972 47379 70215 63096 115893 23499 23511 54566 101181 87359 135639 45998 42285 40390 76128 45080 90870 68833 105135 51132 93816 44980 79386 49701 86532 
63742 85059 41141 37968 62756 77361 62014 96057 55190 39432 35908 34500 41625 37770 43940 62223 36914 64251 30881 47529 35858 25563 58291 98814 57936 70053 52377 100350 42378 80319 34784 57675 32475 35946 52599 108702 29020 50028 40482 34845 60305 101076 46625 44568 48150 56931 32780 53508 33949 46053 37769 70947 36482 27156 38743 72813 27104 31020 36094 51492 48136 81069 49538 71979 46024 95094 38487 51231 38939 31086 47432 33822 53494 96081 40153 71418 70463 132291 49936 103632 40921 64689 31443 43422 35391 58353 52527 80508 52560 78360 56123 123951 34051 46692 48132 44304 46640 46173 44311 51471 
53166 95151 22243 29340 48417 67911 59116 109389 26198 36402 69706 129966 42072 52320 63017 78519 49433 86334 42071 85389 25655 25809 40900 69363 55349 58455 34918 38049 48254 79692 20995 26097 35917 58830 36908 45906 62880 128121 63663 98865 44673 63462 68610 150009 61706 125481 28199 31185 63208 79110 39507 59109 61226 96549 40974 43806 48912 43380 55782 104919 75106 116436 36757 29994 50408 84399 25524 38901 40916 62268 29199 44598 51289 111429 42032 46692 35846 36723 58518 92535 38987 35673 39738 42912 38834 64647 34549 64539 36136 64509 41285 60426 46310 65244 70157 118788 60983 99783 43328 72990 
50650 62937 52755 28635 48237 88134 81891 117600 38243 63018 79670 175407 90405 109161 67103 113775 37762 51612 60266 130059 50864 100746 45052 49296 34374 54876 40137 57408 55466 62727 60282 73554 77132 109422 51031 81597 40736 34851 53125 74697 36185 23568 57072 86475 41635 69384 40872 54801 39367 71937 42309 81879 42620 35022 33514 29262 92104 183462 56904 100479 47862 77601 66580 86769 72963 140904 56130 103353 41949 63330 38382 65136 25851 35505 50962 40929 41293 68910 59365 99546 37711 25800 94376 172158 38537 58542 45566 51108 37719 71418 70405 128997 55638 82698 30338 34749 54934 60249 31477 18966 
35926 47070 37079 68814 57407 86325 60733 91251 44986 18993 71846 177660 58383 95868 26782 31275 44320 61050 53150 90054 35297 56106 33027 44733 24280 24177 26074 28968 48940 84447 48819 105438 33824 57783 53248 97140 35183 28056 61045 112779 41313 34578 37992 49653 56123 66147 38236 57927 40254 59514 31664 53985 45691 82578 60025 69525 23895 29742 46551 42693 47492 70746 46552 53637 37428 46644 49821 42912 31870 51735 25778 32940 36480 62859 94470 169401 71608 110349 53336 67839 33072 49860 78487 158301 22955 25677 75183 102747 71575 132624 40231 61743 63722 111144 41085 54891 44572 78018 36476 38448 
50784 73923 44057 54858 73571 25251 26634 33123 38310 49635 38856 48690 50055 92607 52131 88560 72519 110313 34278 51993 36146 39225 73852 96573 49352 92598 59841 110550 33430 43998 60587 83301 51899 70683 48267 91470 32553 44046 48600 85281 64558 103137 52051 97152 43521 81465 51353 97971 50092 83517 52042 77919 40888 51489 36570 34356 48903 51789 63099 113856 48501 63744 43623 59289 37729 29817 57938 70203 42725 85833 38731 39195 61462 110577 61559 123840 52314 79734 37371 62439 51412 101643 52268 98712 49700 86718 63410 90762 49902 53751 68880 139590 46029 97599 39556 56169 42113 66792 23214 27459 
38162 32073 52670 107301 41911 56499 49252 62721 48399 83088 45738 75624 49863 109998 90039 129726 30707 34101 71236 127746 30287 34017 38855 33900 32738 54861 68205 104022 40088 35433 37607 37536 65149 73710 34287 57456 33235 44607 80006 122811 62860 119400 45748 69372 38211 60570 48229 73794 41831 57048 28289 27687 24136 29541 35627 24720 53137 76278 56835 105789 46794 74451 60751 56910 32200 52290 38609 64434 48463 78255 45691 69030 43447 76854 43492 77013 66653 132462 36584 62235 47268 94722 57290 96093 30159 39141 44172 72663 46817 72891 23235 24738 58471 110043 57545 60063 47959 101178 31007 45159 
34740 28257 53270 94302 50361 55005 26514 37359 25102 28611 54773 95940 42485 52059 45987 86415 49561 95109 41749 50895 52692 49218 71307 120663 48563 67929 39080 37416 43506 81936 48237 28161 29416 37365 66601 106146 63145 93750 55642 86766 61724 114231 55381 60567 30635 42426 42487 69897 26909 34053 31782 47316 71419 140778 68035 80655 31660 53538 71265 138519 27124 34293 45594 55770 43686 92040 81285 124065 78248 157332 56640 93417 58220 102564 43608 85191 55363 100833 55691 82071 48861 101865 46296 66987 35462 61437 72636 88023 41989 73989 43250 34308 59029 114615 36180 46932 60023 59241 51237 50802 
40281 35676 46302 69054 27825 30861 22651 28515 36780 37779 32827 18903 64788 89556 58560 126618 47794 53763 39383 64281 49751 81468 34689 64914 41837 56790 64034 83958 51383 101178 40899 43944 58284 99903 63612 74808 38834 59562 41751 65454 44690 61929 62697 94821 26179 31863 59842 59262 40034 44058 53008 109965 29403 39351 70021 120546 37806 34023 44396 62628 37524 63546 62630 139866 42251 65271 76862 85794 54950 86295 52077 76554 55025 90729 74321 97932 59492 88164 56034 120129 71266 132768 49467 48381 64467 114204 38470 35502 59904 61179 63744 101511 50656 36081 55980 108573 40598 45792 24256 24816 
61344 78267 64750 100263 49618 84450 82947 112479 58128 98691 46093 72444 37103 33675 27554 38067 47263 82212 60908 126276 84609 122484 55692 104238 76165 89217 50079 94935 43366 93423 30805 19560 54232 85524 29119 37680 27321 33060 34720 47286 32706 29766 33441 47157 38801 40302 54250 83973 48153 60987 53949 78237 46635 70497 26659 31284 45383 50676 82965 165564 37525 26490 22331 26820 24085 29097 34729 52605 44334 65166 71703 87318 63827 107493 24199 27909 31812 41205 38529 50985 53751 73728 40942 35463 63484 104514 52064 99828 32404 39981 49384 108465 86277 141399 46706 40659 38670 59814 23637 25872 
47408 66879 68612 93792 39981 48834 31237 47445 64044 103080 36563 44442 61363 112458 53363 50559 43570 79821 48779 40092 36010 63522 22818 27447 65334 125508 41160 62580 52942 77817 65857 96024 41497 64614 70217 121020 54373 77235 63964 79476 71825 124224 36146 26520 56596 85878 43659 67845 44661 58596 39913 25170 84650 119724 75557 115866 43051 36363 39162 60483 38022 70992 28581 43449 57669 109638 61217 86760 46947 65658 73662 115554 43958 57657 54972 66219 50625 68082 52598 94848 58126 111015 78351 118824 45648 55521 45980 87762 46306 26751 53360 100329 62946 97083 64686 118635 47645 85092 68435 161322 
57644 103914 54741 71901 32459 34290 49013 89028 42644 65655 42901 33651 66631 109974 46033 52284 44590 60426 73668 119394 32049 36252 34192 46239 27866 31224 74991 115674 38755 43560 34232 24480 32264 15555 41181 58338 44794 93549 44284 79401 56218 82785 41497 33132 36240 59148 76270 123483 54886 32712 44140 77298 41364 57924 62867 138519 73104 160767 37209 34569 30166 16200 24415 31533 33949 60912 28564 41520 56737 90522 25210 26967 64473 116613 41689 71085 67739 109767 46604 76740 30558 18258 47025 83292 34105 41307 28702 31998 49248 85026 43792 90339 65265 125244 50477 93822 63966 132393 25069 26859 
29146 14064 69057 116976 33735 44949 65602 100881 45142 50769 32044 40392 38270 70308 53558 67482 56553 83334 32027 41625 58667 93381 34714 45357 48566 62196 41371 38577 46643 66915 66475 121602 61490 118038 54024 110850 76075 134871 71342 113367 61765 118878 57112 128559 37148 56031 30645 38622 53249 93108 63850 114804 85000 142725 58436 85296 25546 32568 41909 69417 24760 28722 49838 73125 44834 73482 35373 35154 64862 110499 38640 70467 32754 50763 53643 71205 67848 105081 44882 31713 43598 77097 33528 57195 45895 86760 54643 122172 70557 127767 35859 25449 53455 72330 27687 42606 48346 95523 36940 33483 
58663 89544 71846 102180 63176 110382 47983 75660 24886 30210 39385 33525 74121 75489 82977 166494 53851 92451 40303 63231 41177 48765 51187 102645 41752 45153 84767 165984 47528 60987 80772 168753 27540 32493 33356 56334 58592 90972 52980 53229 62627 128100 48800 46143 24269 29058 67812 105966 42250 73578 30680 45192 47587 82773 38604 46212 49094 57345 85772 161577 31039 36153 37386 36228 35508 38775 40283 54222 98678 163050 50480 75762 56111 59919 54486 91218 52918 101538 42021 55542 68442 117471 52366 110661 29711 41991 48973 94662 73155 135564 49358 66675 67076 99648 40479 45174 33523 43854 52607 51042 
76155 143568 46476 72975 84716 122856 40332 53472 38033 60858 26695 35760 46354 33702 44881 40539 53979 65889 64022 77766 45699 82785 56720 102189 41574 72648 59324 104727 46460 85146 46386 54747 36172 53088 37221 23877 41650 62472 74159 144831 46430 57090 27459 32523 57825 93741 31963 38658 66914 96762 52519 78345 75125 57687 23286 25482 47156 79833 40945 77472 38716 75813 41253 68802 35837 48408 38638 30453 77245 158148 55303 113688 29799 38277 38767 40860 45091 73770 45719 71730 59306 117417 67086 76416 67973 108165 40094 57537 41755 51627 57020 88653 32518 32769 65960 114567 72882 96129 71980 85194 
41639 69234 35762 58584 42940 52257 57962 74994 33103 40965 71341 124737 73952 138861 68076 153393 55316 103728 72798 93273 62224 124614 46198 95508 48368 96162 50163 83751 48527 71016 57564 77307 28562 36381 42789 83100 31478 41760 54315 84387 30547 17136 73829 148860 23488 26241 45251 65820 71148 130620 36477 51624 79839 144312 65981 82644 27029 35538 22984 26439 30602 39051 40621 52470 72847 112152 48546 63879 41071 54543 75781 150810 76234 79374 55761 51939 68069 78027 47296 77928 39591 59559 38447 70113 59130 107436 57650 83046 44015 79299 87612 138042 59033 36471 70346 119325 86561 112938 49190 55635 
62309 90876 71464 102186 25697 27294 55242 105030 41469 47403 38119 51537 69119 94287 38517 45288 44445 89034 43543 92718 53983 71997 35233 30945 31722 49254 46369 67455 49684 100638 71319 142752 60943 49383 51604 72549 35231 52872 63890 113511 35108 48504 65212 47982 45726 35802 54269 76068 58295 109260 46419 63024 40252 36174 38600 67515 40940 63924 32811 50304 67342 106851 53363 75099 36995 53979 56223 109902 31598 50733 50069 104781 42101 73032 36033 28212 32944 57423 45204 65190 51089 47637 31238 49320 51794 64149 26696 36231 50942 60978 56600 74286 72060 107391 54263 83577 50196 70809 47459 22509 
39770 33816 63071 93867 106750 213288 42382 43680 53897 23952 51128 78135 70301 132927 28284 38760 45987 75060 48910 80982 38794 51678 73294 136254 51691 71946 31109 39072 40559 46359 46351 57393 67480 144363 75468 132249 34106 30582 49804 65871 67014 115554 52606 98325 85135 123696 34215 41766 49743 78588 70059 152763 72204 140772 39304 53532 82197 156726 104536 155559 36953 32754 65029 94608 56762 106605 65068 94077 32780 38847 54213 85932 58362 117399 48877 70512 62016 108138 58644 117108 52678 90822 35409 24810 63936 95985 58828 116205 40100 52002 103523 266631 58384 102336 58985 128604 45600 61386 51268 54462 
48853 70239 52827 85833 55049 61626 63498 137106 72740 87246 61568 92952 119804 258735 45508 30966 35571 37803 31193 52623 36058 48696 55236 76860 66061 129069 89741 161817 52258 102756 54723 94548 50500 52224 37551 49065 29870 45909 71247 102036 70926 107541 54889 116082 38950 76113 58709 70215 69714 113322 40078 43959 89280 188889 47572 59970 57237 102300 54307 54336 63136 78876 68310 106995 63737 96915 55220 56049 64028 138246 48650 79353 29820 34656 55745 102792 37022 50526 38896 27522 25716 28932 58277 95958 49456 90189 116086 164307 60377 55308 51624 66390 37170 35781 45968 85374 29629 33960 50656 65781 
49907 80457 66721 103977 63465 127410 45624 48876 63890 61278 67334 110127 43077 72558 84287 112587 34335 26502 46837 44571 38368 33795 30687 30543 41754 58566 45651 88176 61710 141045 71652 96642 36749 52401 37070 50571 71542 77817 44569 44325 46547 27069 61455 60315 43024 40014 66220 112791 39975 34776 25907 35268 41269 76668 30820 29382 39879 57630 61020 81069 26484 30141 67703 116784 59459 72882 66314 101256 51198 63807 46349 69906 59749 86484 53315 115839 65762 124779 53836 116346 28023 34611 71827 116466 31049 33450 47737 36954 58323 63966 66167 111600 56222 106392 27074 31797 51043 46050 45508 61167 
51178 64626 28793 44886 36880 64668 50423 76761 50797 59904 51136 86064 48198 50394 82654 184770 58963 114672 60435 62760 48357 76440 64803 122733 38312 71892 33115 22167 53711 86313 72307 135675 77029 149253 60081 118608 69253 103755 34224 50121 54559 105432 55085 88926 51647 92610 58701 113985 84075 155565 52668 77199 52317 94593 50570 75078 55029 112632 32354 51456 54712 119850 47562 48525 30563 39936 36389 34668 58527 95604 26593 40989 35602 58911 43343 61020 49850 48411 42275 51288 61706 125022 42582 63675 65801 66606 33305 36156 65558 123387 44444 76362 50414 101736 71501 119163 75189 157344 61370 89880 
61558 106017 34067 57849 63284 84513 48893 46875 26739 25848 62285 74211 40954 41142 32494 45789 68942 142392 55325 115839 48436 68436 72106 134538 53832 100128 75107 102480 37142 66942 63038 102543 49560 97476 60419 116361 58612 121680 56601 85278 50509 89259 53488 99621 53660 91905 46200 43047 67719 117900 60468 117321 34414 22422 81764 137007 64632 59748 74141 139995 39847 45348 38140 45501 63730 81633 37701 40941 59122 83325 47882 59778 62461 104808 57222 126900 81029 159468 46827 92211 56354 95976 32491 46326 63098 56442 58278 95046 67073 142293 81318 123006 32097 38934 41535 75243 54680 46182 46846 74835 
64237 70014 50377 83982 39584 35367 54477 73284 30830 42888 52677 93402 43668 35931 34111 48147 25691 27990 44412 57624 78242 54342 22670 27399 69473 77289 66467 90012 36537 50985 57377 93468 65916 130875 38765 55527 60882 65916 60164 102921 64116 121521 42877 74121 49552 57369 47295 65862 60757 73407 57854 95844 32964 40083 38950 58332 39338 52830 54878 96411 50558 102699 46587 59298 52694 99156 43892 62691 80932 131850 77282 80781 42960 81096 37734 36939 56404 104625 42843 66180 28926 26868 61378 57150 54783 85275 35626 24798 65204 115608 69635 160233 68721 83646 59334 123291 36357 57309 55793 110664 
40652 57549 30615 34680 44960 50562 28216 29151 58967 98016 46792 59652 65333 82104 41674 66480 47954 95526 82574 146928 67861 93945 25496 32328 42058 35724 31437 47640 37326 48174 46915 56655 60914 92745 37673 60414 46591 49932 60797 91800 31988 37002 76398 139380 45171 55908 32791 26655 60677 91836 47490 44124 75059 54084 40820 53034 52263 62712 61829 49584 58872 117570 67515 80502 60330 84996 51170 63267 53515 59895 105950 176097 29557 39996 42944 49074 65483 98334 41145 67305 35488 44517 86284 181974 81518 129819 50149 48117 93510 165096 98512 164187 64103 128376 65932 53211 74405 76170 57020 111240 
69685 109776 33426 47604 95322 111600 37214 58704 42854 49149 50897 90363 31849 33585 63737 112287 50765 55236 69922 104457 37414 48480 70985 105996 54661 36024 35636 25005 63470 74646 52139 72165 51039 68949 49531 91452 51014 92739 43445 88560 82913 189018 54096 69711 29329 27729 40405 58515 42326 70572 76862 140235 48244 56490 61357 87663 46653 88587 46017 67011 50164 77250 62077 76170 72605 128769 50728 79794 49168 54690 32995 40659 65107 94956 78803 141726 54997 86064 43889 72351 57237 118188 52462 78648 30704 31998 34288 20310 48494 60459 71446 145437 39447 63165 62223 78642 71675 80124 30824 38262 
35458 24363 46879 73374 52748 91467 45647 56640 39955 40776 60655 115872 52902 94560 37749 49782 57248 109353 30464 35130 41405 61545 53195 51408 54535 82776 75103 115176 66989 78828 32401 32262 54659 74427 37541 68220 44678 71199 47014 66039 44800 61917 25054 26808 34214 44916 28504 38073 49694 87966 53756 35463 89347 179634 35268 54255 52325 55101 50869 71412 49075 57765 54479 87324 41310 66927 48756 98526 45676 82452 69370 86841 47924 84246 94228 192507 25369 29646 40463 75867 90421 149094 41103 72354 55158 88458 39907 47877 72046 88212 58988 82830 50357 70860 42228 64680 43948 59229 64458 68670 
46517 69459 64875 110808 33094 43659 74817 92151 48357 67824 52927 62958 71332 115245 84753 158646 35910 19680 92744 147123 50180 75360 40631 76608 65267 87687 46913 81573 60908 75453 39143 49581 51529 81162 52153 99087 95472 152277 53373 112647 36887 43635 28163 32679 63969 96033 50369 56814 61181 50985 62915 76116 40143 30909 58365 87600 47127 86361 61048 123207 67739 117021 72165 102876 32155 37386 40865 39138 63370 121239 86343 166122 48904 70512 36532 51507 48779 73182 33154 49650 56024 96831 70580 109779 57570 86871 69754 147612 74071 80187 57949 82794 33311 49275 55977 79131 76824 110583 56905 52749 
67897 113622 69337 104736 71521 116073 76169 106662 60052 104055 52471 101445 49203 58200 42097 59193 42086 58608 33268 42513 96245 162156 71800 78039 77430 130494 73396 108822 51425 92277 56871 64881 46613 86520 42063 73992 51366 80028 39785 67524 56123 106752 67195 107586 49558 84534 69334 151917 53110 103581 60169 83463 39590 50241 57295 63714 50316 59454 70360 141720 56969 42522 40193 65739 41436 43806 48712 78195 65122 113265 43414 46446 68664 137361 28737 44274 33218 44973 85288 125118 78661 89700 63064 96612 62219 73155 71326 112362 38166 26877 59368 56388 72771 117903 59152 94035 53692 76572 56335 84705 
58801 94008 57140 51630 66673 139854 54925 90591 49161 91776 54984 69048 87508 113391 33337 39066 34444 44622 48096 77550 60427 96054 48289 86469 70791 138447 34523 52095 56460 61818 38601 69762 66087 89094 31468 42339 37469 48810 64618 127503 48799 96942 50284 75543 67099 124785 63515 106293 47373 91014 56080 84870 38655 59292 38272 54660 52181 94200 49891 81414 64923 132468 32233 33945 57602 87696 47256 82398 35534 53454 36915 54006 76885 94830 53958 60999 38876 41925 66705 80160 39544 55869 31101 37062 28897 40707 29010 32502 40840 60180 45705 88041 51704 39108 50162 58737 60082 96915 66108 119826 
49622 60312 49630 89697 24431 29292 64560 76071 58991 120444 50466 93789 48259 57495 27960 32415 84414 115956 65055 102456 92624 209112 50008 71034 48597 83868 49652 80256 38979 48672 57616 85284 67661 112476 81787 109692 68720 109731 67685 97590 57949 83499 64674 52995 73570 76428 74606 159594 63802 117117 63464 123738 55223 98241 28857 36279 65259 125754 61852 60555 58340 112251 36099 40263 29489 27024 158185 135126 49935 66984 33857 45144 58170 47997 52378 100041 30884 49896 56815 84165 31286 30648 37222 42201 39534 25905 40043 63162 66672 141459 45138 78087 59541 123396 33846 56631 57189 78396 39960 51750 
52366 95634 79877 136050 40254 53079 45911 70350 45529 73992 55881 48516 44007 62862 70248 115191 69079 119892 39908 31590 40568 58452 68604 110181 28011 28356 38816 48183 93623 83520 59231 103329 55283 72438 44628 61017 54928 81276 63332 108858 46220 75345 47501 50559 27551 34248 63696 100797 59990 79566 45345 94416 34367 38292 26830 30909 56522 80571 58385 67761 50959 75552 39253 37905 51315 65565 83943 160581 49170 53187 56305 84600 53547 68166 72488 93048 73827 137310 28459 33066 39475 48843 36503 32430 72073 121839 85076 130539 75758 132636 62659 75498 52182 98580 66712 136128 50200 101442 31705 35970 
50969 86661 71526 108207 76967 134322 43934 62832 51966 51303 41730 54363 35798 53688 42589 46329 69315 118728 81173 157194 106204 191064 73004 79458 37543 50829 39053 52155 49297 50736 76623 109251 57967 95568 42502 73392 45663 75681 53155 103527 64936 119118 47837 55458 63378 133635 50510 76485 61724 131595 57974 70731 54255 81960 57955 91146 53792 97437 55748 110334 39417 47670 63305 129861 56463 92190 59657 78846 58985 73491 59848 72222 92884 213762 59884 127566 44433 82137 63482 104490 38971 38742 64361 98337 62170 101598 75932 91488 47777 75129 31330 51327 34546 29997 58514 122577 59763 84882 64302 113064 
60910 92796 54193 77445 26518 31113 92213 215814 60972 77190 38136 49830 31782 40881 46113 91980 64885 105642 56428 100128 76064 138894 59186 93807 33508 35538 47771 72198 69741 127173 89722 164994 79319 129681 85823 103212 59068 74205 43354 50403 76068 132807 95141 187032 46661 60519 48985 81540 41151 53661 65674 79704 44458 39429 46281 89025 81842 132291 53579 74613 49476 87186 60595 80280 55706 81240 48174 78399 38182 42891 41436 48363 37562 63396 69956 127377 52762 105156 89085 125631 57425 71613 37649 44076 63937 117741 58235 85902 57460 94371 41120 80715 30398 30999 34662 20676 72493 113154 57661 125235 
77409 155622 68393 98859 55478 72042 53826 108657 44265 39642 59115 52815 39828 56547 65542 88194 42110 54699 53385 68373 69604 124719 32464 51756 40099 75066 52289 70539 77821 106932 50346 58275 117204 142659 53374 105492 57428 74403 48619 60156 46932 58473 70857 114702 77142 157989 62207 129069 33755 44067 51233 93036 71213 142077 95542 179094 46033 47283 73108 94074 51366 83769 51713 87189 46710 92757 76118 174996 65133 112182 78256 180726 68476 134136 41862 66105 32965 41355 102860 256071 49033 94584 73178 131799 62869 99960 46098 65073 53688 68004 40074 56964 40188 62982 53290 115443 37013 49197 49390 78267 
32766 46263 59383 112809 64337 102504 54746 63681 41348 45093 68928 81729 74984 114162 58625 108660 92171 110055 70820 105468 63895 88962 24526 29709 33364 41409 52862 62658 58716 59223 77593 132309 97887 157527 45687 81672 51303 64983 52180 21519 73612 157284 49751 85278 80361 119199 55247 94473 27205 31251 61899 88353 67404 78033 58242 100884 70067 147981 38346 55176 45482 59700 74338 113496 56774 102318 83499 110310 65058 100983 67044 125775 52957 84060 42214 58479 53358 60795 32028 38874 47922 76719 24518 28833 36455 41139 87561 177012 40463 66990 89584 203826 76345 123768 48722 28899 65523 101775 47124 64080 
70813 100218 47805 92157 77350 139200 64405 90228 65054 31344 36816 52440 59515 117816 60456 74661 32258 34113 45548 59574 81986 162912 55797 83421 35877 22119 38092 56760 64402 98853 59598 90636 76119 109305 68794 116634 68453 98340 82791 159462 70999 69876 101804 172284 64058 93204 43925 40944 61828 64116 48206 54765 47136 71097 56175 98985 36704 34923 70459 59451 68780 134382 74875 155019 61741 121071 54559 106020 56316 109383 54501 76122 45602 65931 55010 83694 56668 103887 82749 133932 81104 152916 60487 101637 49544 46002 34839 40551 41050 56772 52511 29580 50185 85569 39368 52893 44217 59178 68786 103752 
50518 69804 59241 46440 52868 99780 45336 56481 58309 68712 39970 65247 72520 164904 47293 85911 42819 56421 67556 111027 55341 54324 58570 101943 53751 86691 78025 127656 46643 81939 47729 38532 68140 131043 47519 72261 58846 76653 66009 136149 53347 98334 46552 60729 42408 61293 87154 182055 60795 80346 83470 140304 32008 45597 76653 119469 70736 110469 48051 44502 77827 128784 47162 30408 50108 59910 82642 190227 71287 139110 41523 69603 83463 164031 34098 47034 39832 47043 53911 102870 92350 165039 49357 88539 38562 52716 65104 98790 65161 74172 59823 59196 44212 62073 67317 97227 44206 32586 59829 87018 
54884 51750 66532 95052 32156 29514 64040 121212 47799 54309 45688 83511 38330 50151 61560 86787 67069 88365 43755 53193 89320 211392 29355 32229 51915 80670 24610 29811 72781 128274 31852 50994 50390 81735 82099 98544 58745 67179 43443 74526 55529 82839 103731 166695 50895 101400 49481 79869 83079 100902 41196 71538 66519 140472 67813 65565 85823 142350 56526 73653 51161 76797 63291 86526 39523 48741 65698 104100 48544 63372 50260 94170 45914 51174 41554 24702 40437 50730 44294 54153 65907 134064 48974 59544 41917 55929 58733 100002 54902 73674 61897 89838 38271 63957 50679 76839 70963 119076 65502 59733 
84893 179826 35817 39282 38895 57552 46996 33147 69715 129357 43912 78006 33058 39921 48142 58161 50144 79425 74209 139122 46632 65754 70786 114252 30407 40200 62196 133650 64863 116280 59441 65511 47930 70020 77652 129726 98492 157725 60600 100722 27351 32742 57442 94059 77153 142593 70914 123864 74493 129201 83387 145371 49891 97224 65336 103242 62636 122358 64895 134124 59366 100854 36072 31107 49522 90612 70026 104865 54918 85017 50820 31173 55692 96492 72687 128880 63353 80985 70156 104925 45029 68505 60661 79758 66887 97476 70075 115455 81530 76995 78156 97434 46090 83934 83845 131715 47977 77196 59691 95352 
62456 124077 58898 106170 109513 227910 84110 160569 37297 48981 33374 39390 49132 68742 132344 193710 51974 95721 45879 60744 45768 66642 40275 63450 92176 166416 76384 131373 81756 123891 47615 66699 27359 28461 76244 123987 50832 98505 54935 64314 87365 138297 73858 153258 58603 75378 54601 107979 73247 73557 36697 24297 57322 89721 67401 70944 105753 101973 29532 31629 65070 34713 86907 186699 46352 74835 45298 63693 97052 227805 59693 89460 31246 42060 63500 62880 40158 73188 52707 100098 94362 160818 34913 32394 43530 65073 45855 60456 59445 54207 59113 30300 52592 70536 42896 60117 50653 39762 44388 44337 
66301 80001 34107 42888 79024 178176 61447 89964 48692 63624 90340 152370 37300 50481 45649 47766 63387 137613 44545 68532 27557 29082 54662 54801 46390 31371 70697 129048 51188 53394 60863 81138 101864 105660 29333 33135 67802 76980 45238 64275 58937 97740 44744 65418 43227 45690 26837 32460 47328 58623 88791 131658 55369 82407 30505 47451 30414 29706 63526 56397 56381 103860 51329 61926 52631 68409 43825 47661 90789 155862 78127 87660 43366 58587 44290 66093 38526 65535 40822 51627 46255 42831 49755 86091 45494 55767 67416 62646 59900 99339 73627 126693 97635 102513 45604 62034 72644 83061 50769 89112 
63385 58461 55019 91590 62563 113838 58943 77739 48395 30666 71301 96726 46853 33873 31194 29319 77306 124824 47941 55470 58797 88452 51127 98625 32436 38940 65934 86043 60506 94263 39527 63885 35957 56241 72507 74181 63159 101775 79968 116574 53569 83382 46983 88992 56012 100686 50413 83076 39868 59013 51674 66465 40744 54129 47044 55263 43465 67845 64830 82935 93582 193347 89198 169257 47356 67581 53079 97395 53294 85716 64449 135438 63076 80820 37622 24132 67969 140292 80242 137163 41230 44385 49915 57990 39309 62778 59188 34980 30596 33501 92279 189945 51554 80640 56902 94467 59426 88071 34163 39261 
66263 76146 34863 46095 71608 142884 72231 136047 63153 46959 74843 33645 30887 41436 45953 76032 66527 93498 55660 96129 68700 130044 85638 155784 54237 103182 83509 166584 75820 130413 121022 231663 89874 158622 79893 108252 75930 109008 59736 99456 89631 161037 42159 34467 53841 88011 55188 64134 54097 56625 51628 50367 50976 94740 89900 140112 68555 132378 51913 43827 86530 182280 40392 69093 79894 140391 58248 90492 65686 93207 30994 37491 50415 71370 34658 55581 89188 192531 39737 70329 43229 48963 37030 60954 61075 126087 55359 80235 43376 60618 39491 54129 58915 92436 46963 48105 71163 90327 56194 20670 
53639 64563 75398 131256 61492 104055 73021 107583 49750 68082 72214 93969 51348 74835 51109 103470 59569 99405 62787 109914 59744 83175 66942 128595 67311 91635 47090 75630 38512 44307 55408 60693 89538 200010 62530 85890 45002 62751 81320 115497 45279 66669 50811 33039 52449 68757 43752 42699 71380 128844 34985 39621 66485 78495 63588 44553 28150 29658 38040 49659 35598 35640 31916 48705 75581 93054 43861 78825 88478 149034 56510 96957 71697 141138 39129 50193 70122 57786 37377 51030 49182 56595 83691 139485 41114 54093 41313 55440 47522 80925 45765 75063 58331 82002 41280 54810 94164 121872 50773 63321 
76028 81948 65592 108558 59224 111102 43225 69360 66484 63816 44198 64800 40188 56586 50110 79155 68303 103956 80184 82182 36071 40902 53325 85860 33730 43254 103866 183468 29222 36660 92326 193953 59336 110646 45882 57369 87466 69813 107685 214353 45434 46317 63047 109002 39345 53781 72677 87165 47579 92616 45043 59958 62649 74046 57516 28680 47303 68208 45212 51435 41062 35307 58026 65955 46098 85050 54694 44073 63704 90432 45015 53124 40974 50883 32367 36117 105119 199386 63625 97641 61241 49548 30695 40725 87766 207753 71658 151443 43489 83808 83473 72183 87870 158127 75667 159870 85975 192447 39434 63186 
101891 196824 45009 74544 90811 138864 74601 104397 46293 57297 59790 99798 50712 98040 53969 46089 62058 81585 46164 49335 78546 70839 65087 101877 77050 122973 73692 111603 78502 141252 58545 75003 60535 100926 35327 48771 60370 111618 77058 131964 59667 63579 35667 52413 40180 44523 65185 69141 63509 133245 78706 162768 44001 68529 41333 30093 57339 51375 55643 79383 44334 75159 54734 93021 85331 109881 40167 21189 44449 53112 93760 177393 52678 67959 35775 49158 49636 49350 59556 101268 46707 51300 38796 50952 51430 84060 52839 47055 107739 173619 45905 70566 89299 181344 72919 114621 96548 162312 32210 37851 
57454 68958 63456 127656 39083 54417 45506 35283 66854 104811 48092 87210 54091 75966 64694 118314 50889 81105 71380 123387 54389 103908 74087 112836 76453 130284 68329 119079 45861 34401 50054 87120 54939 68154 54702 96393 47825 64839 67013 137358 38263 59004 43750 25998 49276 81246 41557 74463 50693 85266 121599 165348 41022 53316 66058 135927 63579 87414 44638 57663 86128 116853 48198 61740 70257 96948 92390 166491 84650 148719 81785 105960 79091 155646 43885 61965 71869 128493 34910 46362 56558 88392 48934 92076 60971 65682 50344 53538 65067 122166 58791 57720 34096 43836 85396 97452 79260 85320 34419 39600 
40902 61506 50419 67254 46290 63861 65872 93501 75488 127494 55806 91845 83831 88716 61225 106845 38559 66762 64246 86703 84511 90462 74048 143814 56136 48264 44723 74589 61518 49674 97411 136281 65052 129663 70744 129624 57439 82878 44033 31836 109833 235551 64069 110865 115265 258612 69706 82173 83694 157884 58395 72525 61900 108471 90789 150357 55381 72819 70333 113778 74025 115596 63927 114864 65784 60672 105613 197811 34429 33123 54502 43359 48162 58902 58697 78549 45009 53691 71476 146037 30112 39270 51508 51288 57302 49869 86278 171960 49347 74205 93599 169965 38419 48753 40478 47958 52244 93669 39813 71541 
44830 43200 60628 91404 75224 108459 44463 33003 59790 96582 62789 119055 52642 97215 71529 108276 57341 55857 66010 115782 58045 56577 65004 55758 65874 116739 71180 109689 83015 148239 63978 107109 57477 112788 80091 166377 43069 69681 49333 80070 104048 154317 74380 109407 71946 129294 62723 72465 51193 88956 86097 175986 36565 49605 79618 101268 62749 71199 45761 61725 97587 146013 68275 82383 49068 54450 65104 126192 42340 53214 100189 184446 51169 48822 61859 115344 60469 119544 53867 111078 35461 45402 54469 47745 106575 182478 68325 140871 56178 104154 84250 86985 60592 97641 75945 159306 44565 79368 75866 55572 
102183 108975 95153 137370 50200 89184 44998 75987 54535 69768 65035 116940 89434 144177 60973 53571 62413 124818 82948 84720 56468 51033 28282 32595 61406 40455 74332 113859 50192 82998 81461 150879 82725 159177 43565 78198 63887 96261 97550 165129 88203 154050 53493 46521 80550 126498 44529 74058 60171 119016 50077 97689 51082 52608 71484 94515 46491 56010 105826 187791 28282 34647 65065 106512 72198 126768 31474 34881 33156 34452 98907 187740 77358 133719 56972 94971 71565 117429 66041 98127 31298 39324 42486 70188 37170 53685 49440 42396 38262 33906 62074 95958 45185 62208 50881 93693 27516 33117 94157 193533 
69971 94836 26312 31467 51046 91668 41254 55269 75410 79392 66899 112728 56592 79725 46046 82443 47169 29346 75523 115281 50674 62259 58742 56049 57040 110763 55800 91323 57749 108795 92988 178851 57986 81036 56594 79380 68010 128718 52766 69774 49093 31170 70806 78696 45244 71040 41564 62952 59173 101226 37674 59448 55250 83226 29527 31521 52334 80451 44416 55578 44038 66345 31593 40380 63738 40785 73608 126135 68333 131388 91161 105474 35883 39447 61914 97104 136545 182262 62975 43656 78613 161946 43986 61530 42261 30711 86253 194691 72603 146772 29387 32967 99772 171471 64984 97836 52523 87396 84561 77727 
67088 111069 79492 116955 71602 71400 38856 51933 85949 117387 41945 60732 76988 95373 71262 75780 59963 82071 50138 39405 41297 44985 50885 85821 50438 75519 79779 114930 64035 91455 61490 75768 43043 63372 34723 41442 54094 58215 45344 65232 38645 50298 75903 79437 46315 72225 36134 37785 37630 47928 72651 136776 65830 144498 50035 42984 41237 43113 66203 110535 91230 161451 53624 35475 65172 110349 43146 73764 29064 34944 35534 40260 65562 100899 71010 65406 40392 50808 69168 132996 57269 86604 58979 65733 68522 127602 44176 77085 62151 123321 77032 152001 47410 65346 43790 55533 55510 91878 48990 68586 
71744 129258 61990 99288 28203 35943 40796 41472 97685 134673 90690 155055 31306 41349 57921 55710 37230 45564 86567 175449 41537 55266 73849 98871 48465 64251 60618 82755 50284 79335 93975 135186 70037 99360 74310 137088 61320 114285 55108 76968 59817 46413 46284 36975 85168 161991 65660 114156 85645 170949 61210 22113 49786 74517 60621 86601 41558 71334 50859 56568 91351 139776 69304 103713 32652 42792 79215 100350 54397 85329 141897 236136 65998 71076 59184 103164 66315 72264 37724 60657 48912 36897 54284 81801 55033 102834 83334 118167 54342 68874 68469 125319 73106 81594 81906 97980 64095 118596 38762 39888 
71609 119997 37775 38112 74475 104136 48349 57714 71458 87039 34085 38352 41562 55782 59642 121533 97098 169935 67488 138180 48616 44976 79989 130686 82305 126888 55747 63849 36196 46929 69069 119640 65069 83382 77804 95946 56833 103827 48312 62781 58857 106653 46667 72792 56148 109422 47984 73308 53765 91410 59302 120180 46858 70233 78370 152031 62821 105648 50448 73152 69476 59295 50634 69204 54306 47103 70260 69036 65348 86448 26274 32181 76601 170358 55562 66711 71991 140862 40265 57567 42115 48417 72177 137571 50684 46674 57369 101277 92636 172290 54310 85320 69191 136854 44124 79587 45421 62478 73332 141291 
73259 132015 66588 94236 46858 43101 82001 165858 69474 57336 55759 69174 43867 63099 68630 105147 79862 90777 89950 159873 100398 208398 73970 111132 29646 32037 78291 94920 47940 84708 58602 80790 131936 227766 78633 172482 65478 25422 42864 49836 90948 160032 83818 173424 74943 108027 64508 38298 107165 152631 58702 53565 62616 105372 65987 81528 49622 39882 59665 119115 94315 140316 46957 73512 84552 70290 53030 86271 48089 65238 47403 89961 80860 146394 105288 215253 66267 125874 45413 59886 84963 102651 71914 106182 33701 37665 56080 69294 74665 136794 56125 50517 35862 49125 68462 65541 26538 32205 42384 60177 
85642 178398 50842 80112 45936 51855 69224 121824 29871 33252 54928 67254 64817 129348 79707 124560 49008 66465 52394 93696 44505 58293 64478 66903 50899 98922 28766 30840 65172 107292 87010 138825 59935 63177 61449 84627 60871 100932 53509 95058 54273 80127 32387 41592 75672 167073 89026 112761 69167 122181 57851 82743 66594 49470 74261 124599 45436 55347 92960 177021 65363 94899 51291 79554 30002 35511 49165 60945 61550 111483 34569 36051 45948 66468 67428 131475 40218 59715 80588 90711 31940 39783 62717 92277 84300 101277 68411 99708 83731 165012 37819 20562 78417 167013 47986 66363 47346 52671 57028 61263 
57211 89877 32753 34047 42300 67938 32171 42687 89353 133755 69191 74427 40523 50706 65978 78522 44409 47673 121676 208410 71351 131679 57658 42729 77061 79008 96270 180699 52338 39069 87311 120153 39915 53391 97966 176415 70281 65718 70396 105576 92784 168612 41170 57087 79697 122937 57650 110304 81578 98532 88227 188208 61853 66885 96309 164595 66776 121137 54029 91359 72838 109848 84733 122370 43937 60831 85892 154560 68023 145947 73474 135537 67295 69354 73903 150303 80344 118860 41728 47511 64792 69627 40956 41235 80015 153720 52610 76020 68433 44268 77950 103875 43896 61491 42573 56403 64168 105063 66225 80274 
67197 96864 37970 63567 52532 60042 67733 97788 60249 32805 58163 80523 69427 110595 49885 67326 60119 101691 60160 72321 45802 50979 51730 83790 67484 133734 33848 40308 50105 34161 87645 77769 64457 103878 63878 117780 45566 61581 66144 83175 69737 71538 32951 41709 63387 133602 111793 163437 55066 76521 39974 52797 43305 67452 35198 41763 66937 65043 37238 43953 62781 92058 43251 53028 50574 65259 43757 71610 31145 33495 67037 105990 49590 85434 51683 85482 36124 42186 46214 74343 74081 134325 70800 130308 58771 98802 41491 52200 80492 90003 35463 44397 87297 114828 63735 98352 58973 106644 40769 58647 
49890 75924 62720 113466 53072 71223 39176 52698 92803 185124 65037 136029 53360 52158 31242 39660 38921 43926 60853 76362 71663 82656 48184 57705 89535 146523 66888 109962 52902 71982 67628 100635 83991 123504 49353 90315 69207 128415 64591 135114 31928 37284 133000 173649 47305 47544 61782 112671 37842 44193 56101 114933 47215 81630 68814 116427 75813 120750 62005 79074 51699 63237 54819 68013 45149 63231 61563 98223 44092 69396 126490 185334 65206 100002 28239 32484 58037 77472 46559 87507 88859 145506 71816 96660 50002 56307 89334 159036 50140 56382 39161 52695 54247 93549 77162 157305 50868 59370 59447 86379 
58242 96687 87070 127764 94847 181953 61009 57081 30264 37935 52406 87309 39865 48597 57055 105120 59429 66900 42939 65775 57727 105951 63820 86286 53077 62010 83408 192720 63919 115404 61706 115722 37978 44400 86015 118041 48026 60519 52761 38550 34090 46899 60669 99318 64104 78342 72257 41028 60069 110028 57598 68244 84850 126891 54319 71502 42823 60231 62360 88632 126303 50511 53477 90918 61281 71862 76093 141855 58163 63753 75980 99483 72861 144798 59688 84675 115332 145716 75681 115110 55826 83577 101678 159729 38702 50235 83837 127419 52309 57879 70528 142680 72570 103725 64519 122382 58024 84498 91209 156330 
56440 96825 87391 107256 62756 87120 52886 106113 70070 67974 45666 30072 78712 161112 70148 98307 73811 75417 47690 63054 32516 35265 56508 71163 52227 91512 70430 106809 46338 52395 45615 53280 62869 79293 105999 185985 99623 180795 84274 138690 116583 233301 35429 39972 88123 152676 47358 85794 74970 139056 108890 206046 68135 112980 89275 195744 52210 62109 95319 210126 60138 21042 49302 68409 35647 51240 77168 99117 65187 99216 92383 81474 32545 32181 91593 120321 51918 72924 68664 128379 48208 83727 83127 143097 54899 76998 35518 45903 58778 80973 84525 132711 42572 27759 46666 58527 70174 142338 68743 104478 
93119 190110 38911 42933 42384 63153 57261 75375 76347 122352 53776 81645 76984 116688 78391 129951 76669 126036 52666 83943 69240 124149 60820 74811 65563 121179 57192 61179 39601 54786 51110 57258 75671 131910 34163 35937 56125 60174 84048 107424 33946 42153 64862 93567 75427 151887 79560 156825 47227 59055 83749 160980 57808 84930 54300 67770 53748 65715 73189 141252 55795 83427 34143 34926 54315 67815 65154 56205 42648 64242 81081 154275 39966 53130 38277 53172 104512 140559 59259 69597 76846 61977 108575 169809 65014 92556 68266 86076 73115 119337 73939 107091 42759 54390 69311 105654 95214 185730 89038 107568 
69072 107844 47656 64524 57241 64389 68925 77772 87678 168273 68047 79344 47482 74577 65267 136119 95120 153405 101379 123111 52382 93714 75179 122253 72746 88329 68106 74142 68688 139842 55791 66309 48908 47142 118317 139815 51447 94764 50215 78594 103995 154509 116328 210111 74648 131262 35609 33741 116690 160788 60636 69300 54688 41121 101348 206019 41055 44769 46655 57372 49066 78405 53629 81654 51611 82389 77362 136584 69482 117750 58603 101763 48669 62238 93251 125694 59042 53703 72763 118065 58296 49437 88292 202278 29906 37812 75612 75105 59501 53901 100786 188829 50261 70110 50425 69474 33654 36999 54151 89967 
97920 162402 42123 47295 43576 59625 70292 133242 70782 149871 85561 152127 61140 107757 31625 32223 63667 112803 142819 243444 36486 41301 112586 237369 82644 124122 84589 129612 55878 54219 51493 71148 48506 36051 58123 84666 47155 72237 73076 107655 64729 75969 93290 173160 69190 148668 55288 106203 78492 149439 103353 211362 59170 33141 51914 68772 48559 77610 50213 61896 66622 79488 57573 55428 86655 166353 59472 115047 66867 53160 76909 149673 70565 110610 61061 100707 49841 62931 45810 26517 63628 113307 40224 20754 66474 128862 74258 143130 74945 116031 72771 135273 69535 127965 89859 158343 35484 37068 44714 26817 
61824 90855 52743 68136 58609 125760 47538 43068 68804 89184 68649 131673 43464 52635 67425 120099 49288 62403 75500 106644 62902 100869 46849 29682 124171 205566 59822 96954 36334 34668 52999 94494 64835 61875 78764 128577 44194 66933 84548 130170 39317 42480 114239 135072 91954 122244 56844 104160 51621 26649 61650 80361 75847 147543 58287 111720 80224 129057 63928 109242 78539 78963 66900 106068 69509 93216 54065 64461 62652 60912 58230 67437 78809 149478 96493 171666 67337 118275 59606 129819 56152 103350 58386 105888 65785 46668 48944 88059 67431 132996 91841 186387 50578 89580 49041 32463 54803 83679 81404 96000 
30836 36267 32118 41232 48075 70839 49953 85254 68285 127362 34113 46068 43500 67404 74319 102324 119639 229464 54622 104895 83658 133947 103238 209313 56005 107319 90648 115404 59346 96435 51273 53733 45488 37332 52797 67689 53398 85386 71218 117312 57953 69138 33268 42351 71875 95652 34844 34830 37437 46758 50029 82554 58551 110895 66778 83874 84280 161832 45746 48588 55501 81741 45032 42012 84077 129831 55745 100476 57212 70242 58273 74217 63898 79389 84866 69543 63282 105330 56764 80910 40558 54456 47412 62169 97686 143562 83362 135771 50138 60084 75832 142185 55818 47547 71591 141417 60246 75699 62189 85293 
91851 178746 76037 148881 53969 87831 60188 41616 48590 70569 77178 136818 83580 98796 45025 66645 50704 76422 91531 201894 64335 114201 91017 114333 56523 90684 100264 136074 31699 32829 41339 67581 92953 118011 96629 194721 91387 127362 62935 101520 72488 124614 74972 121197 30015 36354 90127 184650 72121 110049 74825 120537 62307 124911 47425 56973 94225 170745 77106 131886 72925 46170 105655 143067 105003 150165 77316 156921 82665 180981 71727 127410 58200 66807 51059 79710 52189 70464 63523 120837 54404 84030 56180 62493 93869 149511 53723 44592 46876 44823 132759 306747 54778 88353 70634 90288 42386 46521 91579 132333 
37813 39516 70389 42576 80834 122340 103124 168063 42973 54447 71533 99270 62956 65460 40565 56952 56244 77160 92922 129477 101358 159573 78942 123222 119572 246783 81776 130413 53768 48036 56044 75438 58722 77559 77819 128505 79047 114519 64337 94308 103925 98127 94776 156300 55326 105189 53679 95457 49730 81483 90796 152601 36999 40209 49867 80019 61687 63750 89011 125757 119729 216855 69293 41295 81643 125814 59143 82782 74960 109689 45649 83277 77163 90426 48131 73017 69849 88857 75243 147312 62977 88710 83122 98229 70447 90504 71440 111669 54448 98655 61648 101736 87633 189831 97331 129996 46325 67557 84909 151020 
91223 102624 49226 48993 47802 87267 42609 27558 83892 122712 60171 110838 65509 106773 69849 129075 91631 191184 56041 56661 72731 133020 38486 37530 69940 104712 55914 87501 102450 135894 84517 139953 72588 115644 76949 89820 94737 90372 78603 144726 82407 115260 59578 95604 56572 80154 108049 66981 59340 87135 81277 138519 55465 93897 124500 249747 49660 82668 36233 43680 55254 87807 47285 79941 57730 58074 92756 163053 81015 158124 62877 116592 47379 32073 61352 47505 38472 62595 73746 120894 114477 180318 68371 128163 35337 47352 33980 44769 86625 151950 54568 65226 55813 91020 80369 121044 79127 161100 47896 37230 
88404 140196 52157 75789 60028 102444 82358 106926 68087 132351 68611 139164 53993 44307 80626 159597 94885 152499 96084 163068 52295 60825 51353 84747 59490 54963 68241 78603 63348 59109 117437 190146 86624 171783 94452 172539 86198 160611 102568 177660 114678 165582 74479 98688 64468 102768 35115 48948 69270 112098 67217 81795 65358 95637 51420 70896 64774 97875 50857 69585 47151 69123 64435 107172 54713 87387 47760 30702 48661 79653 82291 135378 73336 110172 43227 57648 76598 151383 52575 75222 76394 114489 87343 182817 53760 40035 72307 116211 47082 70302 62256 94209 83453 119886 55985 64926 73328 122616 38998 59463 
47023 84615 101381 169644 84914 157008 78662 100029 73730 121110 66323 104082 98799 222783 56329 63855 51186 71040 55244 106617 72123 146388 67289 97980 31143 37476 38556 46239 120875 232506 79774 119202 95680 175623 75438 56493 67794 105156 62234 106578 77563 78492 60034 86454 46153 58671 42878 52182 59348 65619 93432 121299 62444 104376 59372 72312 60246 95901 35559 42876 64940 60636 65178 95586 80593 114666 75752 74679 58280 36504 104011 188208 67554 141726 55767 69387 76288 77904 91658 120339 50447 95622 38222 49569 72753 98799 82493 147885 77708 124506 44312 45162 73249 118461 59621 75534 54048 56847 66640 123462 
70749 107409 63791 105783 106224 207912 92041 174750 71947 139806 72050 116319 81928 140766 63395 26502 49199 41010 101283 123432 82365 162723 58719 83739 36144 51159 61717 83535 78786 53106 71486 87996 101682 193449 75443 123078 62320 92646 41308 48840 38132 50991 44345 29373 62576 102831 41545 56403 87894 105135 65129 121230 46836 50355 42767 56337 91552 150720 60172 104304 87346 120876 50484 76101 36932 49425 80802 160800 45809 59571 30736 36597 78506 94326 90165 200415 97534 213969 89813 172644 46512 86013 63766 78606 62211 66855 97159 221253 68821 90345 121446 260352 77151 98799 50510 73554 86564 139851 69538 132684 
57182 76434 79641 150468 79816 105471 43491 66627 77373 124221 66421 97992 56452 55326 55042 75033 59975 115869 112905 213639 43561 68007 77314 68976 64504 91893 39186 52023 40344 58839 94761 169491 43083 42012 39289 63990 73853 119685 78397 90276 38035 47310 56353 92631 105592 161646 57599 84405 71671 128280 84111 76002 78191 151893 45758 55398 52044 83316 76179 73254 66033 52269 86449 116973 68551 72795 93216 164772 71394 45543 84112 90789 33830 42777 51863 61752 66620 82218 61457 40623 42597 70749 75677 120939 60905 120249 41941 39279 45218 56205 62453 121695 86023 182754 93275 178791 42726 46416 80925 102306 
42982 54339 34322 42903 40260 62973 53279 45612 61952 130959 99225 174111 54661 73953 97304 178830 87718 121293 103829 199608 79351 117243 29212 35199 57361 55149 67588 49011 69485 108216 43042 68052 71961 92616 40030 50304 108041 192423 47299 57051 69242 131466 102294 170844 72047 112044 45835 75426 79714 160671 44870 60795 113247 182592 86436 104811 42875 55746 71518 107424 87052 138204 83584 184572 76520 142863 46112 63717 60755 87756 54097 68142 59827 73785 62985 88656 44761 70062 53182 68034 78797 129342 44073 57069 101115 193767 38635 46659 80410 127200 71702 101748 39688 44538 55106 43782 88872 140790 41261 46962 
88887 137073 48872 30948 65687 105534 43556 49827 111999 126672 88395 133425 65206 113589 38241 40701 94889 146043 55192 75474 69313 131451 58257 92370 74971 147612 53402 105219 136975 220848 51393 35463 52862 90528 90507 103905 114545 264975 106478 181713 80836 132471 66806 122790 120536 263223 60352 123258 78764 83985 66090 121113 43789 71610 115911 195981 60245 75930 75094 86022 50940 85197 58064 64686 109227 187965 32353 39408 93537 192531 56952 74802 65761 80877 43939 28425 74902 95325 118628 210672 63010 45135 103367 159234 70170 64641 123144 148494 68256 97521 83233 122745 45567 83577 69082 112911 71489 112317 55683 84843 
80648 189936 118302 194733 74488 124908 129571 154860 51737 34899 67540 82125 31942 39231 44602 48351 58101 109527 78571 110217 47027 73998 63440 96054 86155 84924 116653 161232 57693 89469 76538 65712 68230 87888 53493 101376 73720 102690 81259 93993 88821 133704 89863 144663 71860 104997 46362 79677 80600 124749 83506 80295 81401 82899 103018 156903 117527 205194 32156 34962 66754 112677 79401 131496 86006 172368 87449 113610 64970 88101 80454 115263 59304 97839 105964 127263 98625 181143 37777 42507 55560 68589 78234 124947 73686 140748 74165 124233 42485 63150 86584 151746 73379 127173 71573 79464 75296 93423 71911 140547 
87238 143922 83455 176394 70286 93180 64090 62160 66451 118416 96354 118251 85058 86886 91901 171414 99180 169176 55095 105417 75336 106554 101102 181575 66515 91098 126456 246777 60905 80892 59432 120924 79384 68805 119002 165627 67888 87750 90323 159018 90655 140340 59818 81921 70197 127461 80246 140289 36510 55641 53375 57300 52182 88302 70511 114537 32840 41088 90502 184110 91490 110820 64227 116484 68030 26547 96489 181155 123047 180975 70321 132792 36765 40494 65510 68004 98733 93963 61803 77046 67761 147453 123461 195564 125733 215895 66365 115737 45741 64035 48752 90717 102416 118185 74937 149559 59649 60954 46195 61560 
50469 90852 73753 108573 86431 186582 91612 170397 35035 47259 82403 166215 76100 86718 90512 146463 80990 143355 55217 86397 93532 127017 75712 89376 63590 99633 67583 64446 35841 49041 40048 47088 57538 77715 55549 79287 62467 101601 81727 113475 83694 175179 55807 95979 46536 23544 118007 155517 105468 205008 94781 106797 89144 150891 96834 140625 91705 178167 71128 101733 106988 197277 57209 46794 56706 64848 98479 88326 48046 47682 88012 145689 35969 56154 93222 83238 46359 63039 52696 53379 89297 171120 43165 58701 56223 63567 66812 88395 43017 43872 89132 111405 46166 51273 53716 88329 77434 154833 92082 93300 
153164 139065 58068 102744 82489 123078 98248 208587 73257 94596 67384 118683 54739 77115 57305 68424 52709 54483 70429 130371 97812 105894 45143 24954 104470 170667 84238 159246 76156 95490 89297 121728 94924 159021 51271 96180 46532 56259 101439 140079 89712 103035 66446 126741 63944 119865 97196 105798 112651 164478 87939 170856 84461 134868 65435 64698 59709 52419 60635 104109 40271 43947 72658 30072 46332 58488 88644 151440 71939 106995 71828 100221 91394 124830 78413 105150 53184 36747 64473 112188 98750 152424 105665 198384 89867 127008 45940 78978 69479 111171 45891 60726 41369 67668 45125 64950 87653 170577 64050 79647 
95609 147984 69073 97824 71423 114951 48766 79773 59018 90012 72454 85236 111203 169266 75887 129546 43622 40587 74190 129360 44530 54447 57774 105561 77714 91209 60833 53754 44652 29901 30791 35667 96480 75780 44998 63852 41148 45408 117038 185598 49872 69195 96318 150747 72587 105207 52695 77283 66945 77220 60157 103167 48215 70035 47156 57204 41940 61170 82971 123192 46350 64383 97225 173982 114647 173748 70669 141549 51241 90420 67417 65925 55065 59289 39568 36534 84860 56193 69570 49272 69949 101796 63504 46167 72099 112809 52057 62898 71860 79335 58698 48276 84539 85944 99527 107805 102666 127023 53307 36966 
46472 54324 58910 83013 49041 37902 71737 93804 59414 87297 78013 177450 78709 108903 83599 173586 79670 74919 101298 165612 104097 170619 55384 50379 91396 133122 44468 57693 72111 126453 75837 109617 71930 139287 71613 116415 66171 82929 65223 131154 106535 251451 68725 132060 147664 318189 67706 113229 50997 83712 154189 329799 58625 67161 68911 134319 50889 85920 76946 101460 142035 274653 45994 67371 69201 120390 121165 212568 44196 71541 78931 74670 45110 51636 86329 113553 78196 147435 55650 90000 71849 127947 47892 77937 40126 47889 113528 170862 81430 159771 89284 132855 74888 104403 68279 135753 73359 139314 95427 159918 
66003 114414 60530 97782 119082 270492 72272 120660 88911 178593 89088 100629 60978 111273 83251 125043 57881 55134 118465 234498 67701 120198 49037 65298 72898 108573 92988 152325 99595 178089 75786 42144 93582 157125 49602 68946 61945 81816 33177 37926 50609 86367 80615 80514 61325 67962 71219 38082 74895 121839 64859 95109 52823 63879 57100 67968 40530 55689 52337 61011 63589 105048 72084 84051 90441 162846 56436 99981 57884 96318 46874 42906 38003 51612 55349 50328 84072 172914 77739 149121 61854 36474 126699 249960 56866 103956 76338 164118 69562 72960 89631 152229 89732 102069 60454 63960 72840 115041 76812 166854 
55999 49632 86208 141804 61482 122844 80500 100227 47752 63558 61953 82518 68226 72150 103165 125343 85534 157794 109777 163068 66390 117351 62698 80301 41413 35601 59063 67905 62737 107268 69670 87912 79834 157809 54446 99207 61492 113319 61298 86337 67791 110784 95157 116559 68045 115806 67857 123513 39499 43287 54540 62739 78021 140076 110877 216687 61427 92460 65178 72948 50528 37611 55640 88368 44668 53514 85104 95766 91092 203436 92063 116148 87444 107859 31789 38973 68621 101094 47661 78297 87568 118080 51499 44505 96143 221682 35233 45102 81772 101973 72814 126756 86863 164544 110165 149160 105630 122598 46925 81519 
89836 118683 43757 60744 90668 156306 73101 141540 63797 63138 60635 118155 79001 141990 74783 90387 41681 61317 75306 111180 61494 90582 82808 155685 97680 150834 64313 103989 62262 104577 48883 72042 79034 180225 121468 223515 64250 103107 76128 78666 79927 49224 50360 79092 104593 195159 95660 126804 100352 143010 88636 96888 78226 125055 101326 108702 42983 60531 70659 82926 77562 111933 65745 102030 47268 54060 46072 79182 125509 265932 83987 135306 32612 40749 69672 110967 38596 61227 104305 133116 58270 68670 83979 141903 62415 73491 54140 76620 86070 84399 50438 56427 58629 95532 104444 91944 87141 120603 62568 92598 
53907 75924 64818 60189 101908 238974 47594 55854 57508 56856 89448 154662 54388 62433 69005 94956 80267 157548 72736 88149 107376 213969 76971 100830 48619 43482 92894 171087 72932 79980 64312 53223 61498 88017 55362 103677 86180 180006 47588 73254 51979 78864 58888 97200 61985 70449 51770 56856 75046 69462 151702 209238 80103 90657 97001 161241 45535 58128 68360 125922 66667 80601 71604 113553 116601 206091 69137 112527 74929 157197 78718 164475 77856 99117 50391 71241 78050 104106 51194 62676 50460 66621 59080 57816 91572 176436 66308 130374 62324 92370 96515 114444 96674 190221 62625 122835 69972 117870 88555 173331 
56474 102489 79905 65796 104410 168228 98963 187479 52811 71421 74929 77481 125750 234792 70993 102615 79567 115194 62019 78528 82395 122508 86216 121803 51192 30126 73196 103593 94139 130224 76939 157674 88141 92667 73789 106863 106622 149937 61381 121707 58278 100659 106489 104499 54438 71181 60041 115512 34061 43662 107121 226059 126806 157890 35822 39891 51447 76296 69737 68031 90121 195717 52131 90825 86895 189603 104005 153708 48716 84672 61001 76314 44657 52107 38474 60342 77078 134157 68814 143241 73804 137472 120027 257625 57794 94137 110729 158613 85140 144147 72255 135219 53363 64797 108247 176367 94339 157581 85049 166893 
81230 159204 87774 190119 122639 186651 62622 102453 72547 106011 46876 52716 67327 105972 60274 120666 53733 32937 39739 58353 84834 118029 121419 200685 68800 88578 59048 99456 73527 97767 39448 61152 43911 54837 75998 98871 79274 112206 119234 175527 97641 178899 93803 144198 169069 297522 62867 35748 76538 42084 68371 105699 78920 121173 63433 67740 57253 83136 76396 113538 54768 47733 90326 161739 45718 42396 45837 61983 98348 162873 65218 73911 75253 84510 55635 45579 55386 75522 83470 164136 33018 36423 77284 123858 45433 52602 47104 67344 98363 166272 83785 160965 77002 133677 77913 175761 100928 210825 70611 137361 
72083 61170 85562 162162 87668 190155 80493 80784 98602 193290 80343 152502 42912 38886 107584 169542 57318 93132 77728 103608 46998 61626 82916 106068 75630 122139 47328 32178 86273 72474 66475 77118 81222 108927 112261 158265 61209 92361 61504 111885 68204 74898 34178 45291 53855 67878 90098 92157 94077 114813 68620 75225 80826 144354 60590 58812 94528 91752 109984 212886 64627 113004 39626 52371 95893 163239 73258 104019 101570 143925 64041 118326 84397 120195 92331 170334 75855 140499 79621 90153 60425 86274 82364 147351 94398 125784 46877 47328 89207 104532 75949 106302 96210 140547 64464 68034 57040 81270 58443 56052 
45590 41229 69643 62418 57081 96534 60123 58419 56121 71175 99627 145857 83730 140484 62740 53556 123890 190803 104910 142278 59461 116406 77756 131007 34175 44187 43566 72459 70346 57630 115225 236052 100776 184725 85498 120498 89395 190023 94328 167547 59912 58017 69326 122781 48663 43398 59606 69057 97458 157779 49170 76734 68995 109158 68356 117645 63689 69681 103039 190068 87122 157989 86637 140166 77689 119688 56240 54405 74841 128997 89665 186561 67887 132774 100587 176112 55091 85266 84990 181428 91686 129915 93035 164193 101941 200634 48318 29583 93332 103467 98528 192543 99481 152574 84940 139068 46247 62628 74056 92109 
53523 44877 122712 168417 73179 104295 91384 125094 78857 49728 80313 118140 60093 82416 58255 54951 108128 193062 71841 125775 83795 158112 49390 84273 86660 185025 69908 74103 116006 182292 68302 114561 66524 141849 34249 42249 72349 110106 69797 145008 57390 76908 55778 47010 88364 79548 67539 93480 52414 78372 40907 52182 82083 97731 48864 83952 60495 80043 107781 99585 61819 114057 71861 138816 51578 38886 68963 70605 78498 171945 90805 164565 62299 62958 85133 66048 81765 179505 88750 123843 112801 157386 73712 134487 47620 53031 72120 144567 48963 73143 66763 98766 32894 37023 94965 125496 135434 215415 71033 83412 
65126 128418 59543 36603 56383 105885 51406 59880 54316 90345 60297 118401 56984 90342 83496 135069 45848 67272 118851 271317 82852 115389 53870 98496 57598 38427 125585 229389 45507 23277 98170 194328 85187 104586 110569 249006 113004 197223 68893 100098 98103 193578 116200 203748 81528 159804 68840 85782 67038 129849 81178 160086 67388 82935 59870 111882 63724 65568 42987 55959 83412 120087 90768 116604 72223 126630 69095 151182 91496 155706 67740 69717 87838 195594 44940 66006 145608 209286 77270 120855 48288 77400 102446 144921 50515 51828 59439 104481 93293 161862 43468 56439 59231 86217 68657 94464 68978 91896 112599 214032 
103438 141057 69598 112095 87590 95037 116911 114357 50702 81924 54973 102387 56870 105594 55964 76875 62498 95343 75494 161976 65581 67578 77840 136731 107107 240261 66380 112305 101095 112137 83199 131979 70755 147879 72837 101178 46928 53868 93988 132231 44075 52008 71477 121161 87320 109539 72242 123846 94973 124989 111774 196071 56555 76104 106776 164592 42715 53811 98300 105936 68571 119910 70661 103821 72921 82419 104474 191517 57245 42624 66472 120498 126336 202920 111253 172665 67437 75867 105365 204258 108664 160662 98677 170952 61809 108495 93595 163389 108260 225648 44978 52821 37434 45669 90061 125778 45044 38325 102979 138321 
65357 109626 56056 78291 171814 339996 62583 47583 59565 49296 72937 123870 60487 101325 70332 120435 76194 136125 52644 72834 91914 144603 41972 44484 65143 102150 64782 119400 81221 87264 72499 94431 93094 200343 55097 88950 47541 62712 124845 109443 87554 153558 65106 107073 73771 103653 65656 87669 58622 47871 69081 96921 96968 118857 33806 40677 120429 108408 102531 118194 50915 30195 72844 93078 51493 64251 56118 58917 77823 109950 59285 88230 69269 122952 124715 284547 66677 87687 79450 128475 103735 146400 108698 137547 55141 94905 61764 77535 93240 146811 62426 36378 91621 66702 115422 214770 66527 121155 53337 49758 
89732 188418 59891 68769 95431 218697 96296 145008 79089 77970 69575 100320 38804 49395 52061 65748 75775 141504 47239 74433 55050 59133 72440 101484 61351 95175 67688 93204 108272 220014 69155 123390 75741 146493 60994 83013 97512 186996 50353 86025 56254 77040 117683 232515 77403 99039 76461 104457 63072 56157 105715 113976 57667 95976 64750 59376 73759 106131 71143 96597 70632 60729 52755 57969 63689 42027 81629 68520 57362 89235 109764 226209 65832 121053 95754 130101 50818 59685 50566 42150 88862 156774 45665 44319 44420 68004 100696 179433 50731 29139 80119 120819 39787 50793 89241 195234 88180 107220 77324 121224 
101418 182043 62888 97935 95506 124239 35229 40437 126017 198891 84317 123888 63743 78804 111117 257448 51811 94950 73997 128931 58887 93729 80642 102039 67807 105519 110949 210039 106303 144687 69333 55215 84122 128313 56967 80460 97480 211647 61627 56334 66502 61878 48812 57174 107651 132255 92665 144288 64521 90783 123053 167388 58445 77934 40200 52152 60877 87213 42358 44130 41373 62877 88441 154962 48286 70665 81180 175848 87121 134298 56172 77874 89365 161547 48456 64461 91750 171273 91461 164601 92378 100485 71943 107481 70792 109284 59155 73812 71202 115872 68697 110730 74755 126987 46171 47784 53354 65040 83223 138645 
132353 187398 97794 162216 74226 136737 103605 180078 68299 80550 79110 88938 68544 78387 101356 123246 93388 170232 48491 83838 117503 177246 90196 161091 74141 113265 121949 230544 87726 184662 121649 179667 51486 66843 115383 230355 73864 123024 54931 73995 84168 176292 70989 102576 115376 269655 86173 186873 77586 139878 63662 66279 78983 83751 59240 72237 71937 39231 103175 150765 61678 87192 92186 113832 58230 48924 59079 43914 134350 192789 84224 61281 89541 157773 60677 56169 47926 52548 61161 88029 108965 164874 100471 177303 57548 93834 77238 76284 53829 75207 91219 159096 100396 184305 81834 145581 93114 165834 45382 48765 
96241 152328 60125 95724 62774 113808 93129 194070 73535 73911 116762 122193 94975 197685 82343 145005 70860 65130 54112 97497 97450 120810 67847 93333 88447 166257 116814 277239 91719 111825 106402 206859 122051 186786 41758 53232 59246 87480 66353 107766 109245 131805 59625 114267 102640 92970 78123 133989 84868 148194 53950 92481 64876 100941 55774 91032 98133 117612 51930 68628 85616 185514 91778 197229 85094 136620 111095 216051 84143 137988 57241 95295 68133 117006 54057 53199 81473 41301 45116 48552 105914 225369 53042 66207 92638 116580 96690 126984 81764 182076 53472 35298 65878 66027 72540 149442 62697 106647 92235 151143 
84327 117249 76391 159372 66422 100197 42450 44700 94957 114138 70136 99213 70675 71241 45832 59235 36197 39213 88632 191466 72594 87048 92178 183720 42602 60858 61515 119694 167702 246714 83189 75852 106179 203775 183329 302970 70431 77385 140622 207969 85247 147663 90793 153876 79404 93039 52786 59391 61239 93585 71247 94767 97516 202788 80873 128040 70089 83982 106734 64209 62547 49725 56056 86019 94326 174729 78749 67386 75016 92949 81855 156336 78180 88854 75330 81336 64352 118701 77255 108468 41769 58500 90138 156306 77368 127161 50019 81390 72088 109539 73428 100284 117271 189063 82371 163332 68432 59334 100955 137211 
72630 127170 70331 131769 115824 211719 63126 85098 96711 174495 97500 102525 80029 98922 69885 89004 83625 164328 80880 128586 86809 142245 55841 89823 66161 69249 64437 81567 86617 186792 116248 151962 86653 153978 77045 103512 92783 145656 78776 103008 89955 95340 83349 125613 91083 197763 65803 95832 45195 60822 64852 46842 61459 45819 64443 41106 67144 94248 73836 93705 97265 148509 59858 106464 70025 130011 70892 125955 54469 98490 75863 84993 59037 37689 50343 75291 72837 80148 109154 161937 79729 140634 70825 103092 84144 133818 54943 75342 61949 98505 127038 164787 82966 103668 44667 70554 111400 114993 60690 110790 
33064 37980 86902 163956 67006 77286 99169 217251 50487 59469 55325 67488 120433 215295 70213 110727 81343 96042 76013 108681 74255 132177 90966 116799 99175 82038 70212 64890 90093 132405 95346 107226 61506 104739 44640 71529 98355 199134 39135 45771 68178 93879 171568 278334 77202 159633 47814 23874 88180 176652 37923 48693 62555 49506 94727 163599 57574 77907 104807 120678 97664 159567 94476 206982 81172 119940 66440 123549 78481 107127 72978 118323 66665 119541 69547 76542 80245 150147 50640 89769 102793 190953 65610 94227 100621 128838 58356 88176 112112 187212 123623 186546 115443 192213 66282 87111 122608 197172 98181 87561 
48211 65529 52312 84219 111232 107583 67157 103527 91910 154437 85635 145509 89800 146946 61957 111225 48649 26115 105642 205737 47738 23055 90307 98490 46345 49476 67445 80397 56354 80493 60040 75711 106231 206052 46357 64311 106877 95160 103844 198489 83655 102111 46912 79986 99123 209868 46830 60885 91806 89601 39342 49404 75396 110205 94696 99348 92972 184587 81380 172401 74789 93813 48836 63099 73109 152067 57758 111627 96796 99075 68017 76302 101004 194610 71349 110079 68497 58335 78933 114444 41313 57162 72575 109860 113292 199233 82363 131100 73320 138156 72844 129405 68401 52686 41455 49182 72397 83268 53800 97221 
65611 77526 53994 67215 76627 102633 60942 93738 121904 173289 68934 87738 75300 130716 149952 312624 33680 39423 79989 41961 63957 86079 71558 136362 113857 150357 52947 56499 73245 112986 54857 33447 50781 61599 53117 29277 77782 93930 83168 152202 58187 108480 51949 80667 90890 140964 81046 59577 106202 230367 73007 116184 54478 84273 124893 296934 103579 165471 64328 107295 86351 124818 76654 150153 53457 35670 39705 51657 143000 262347 106625 133869 52236 31575 65788 93237 70771 22359 58563 83571 80383 141999 79624 121587 121620 238992 60686 64167 105754 160716 50793 41826 53427 43608 53409 43620 54792 97389 92949 136668 
73442 117141 67676 131844 89829 169734 51553 64425 67468 113538 125175 184059 122149 195891 109266 237897 106771 170937 54448 71412 110215 150297 85084 133977 61979 82725 59973 57261 75337 79458 66021 80982 74538 117117 44341 58767 121210 214089 49276 60114 75037 35763 67459 115149 163208 307989 38077 42918 83807 60216 79376 161634 75177 140685 116649 107448 88304 175173 50625 59358 62000 120603 80521 160086 87066 84351 79531 66438 44027 56658 117742 207777 64813 59241 41785 41046 77559 93939 54551 81069 74822 105849 53190 68466 62331 101187 84924 180612 58632 60498 58071 72297 92935 91023 101449 126639 58582 57078 77632 153039 
99095 175053 43349 44178 63333 62937 68636 95922 94567 143385 92101 115860 55816 97284 86177 70764 103656 207642 83138 101898 55210 35535 74526 88206 57322 36345 95528 190023 61118 95148 80905 97416 130120 215217 78191 63546 86624 188805 46267 55332 54593 47469 54746 61317 82192 75930 96141 177255 42751 44838 68476 63336 84955 166512 107093 231630 91781 185748 65540 73122 53869 76155 74260 105672 89791 165360 92484 168192 77444 151215 78448 138003 60337 111441 97209 187395 66629 53439 102792 218520 119035 299346 54517 74154 61637 87069 83614 117237 105018 196269 91358 148113 123468 254028 76642 104940 103427 180312 68010 53274 
60587 85368 61581 83985 81148 113253 72428 113703 109732 143487 70484 106020 57694 95784 128647 158865 94137 73503 50465 77595 78817 83238 55852 82143 106124 169950 66702 101385 65479 74022 41881 50727 94476 137667 69409 116223 51722 50202 81526 124224 102452 156933 67817 119346 60009 46032 89325 119235 92260 153138 119222 187647 63783 92229 106309 154362 88945 181176 74918 100575 94612 125694 63183 44394 181577 406692 55636 73650 62031 99660 59336 104580 60916 83634 85824 155262 92124 105633 74002 99969 94480 79290 98279 139008 86526 146850 46697 23601 53778 71067 83290 131340 72475 103275 77487 37557 65801 47310 54911 30762 
78662 69489 107883 72045 106279 135654 91355 194781 56811 33372 101925 200895 108839 213804 103575 176958 55633 62214 74423 132009 63012 47748 111775 217530 57940 58740 101610 187299 51780 55764 112207 238308 118150 247743 121349 257934 77307 87726 98970 178173 112562 169581 66734 95667 62842 81978 140771 327270 61825 62556 41837 42045 122345 149622 83697 152883 67514 127740 51125 85311 123906 266334 84408 138762 66580 112623 67231 118056 66110 59667 58887 106785 63931 74811 114696 284649 63943 110469 103964 130152 99867 162435 66286 97965 91413 143901 68683 113025 55382 83316 103891 155499 72372 110100 81174 82005 95813 118551 71052 66705 
64184 115278 87453 111984 117297 136782 64900 131850 48154 46143 84085 126615 73888 134610 40052 46098 68943 51522 92819 136242 74431 66198 104957 201231 94185 56265 46337 39351 73426 120339 88484 148284 87248 61554 77657 102576 90125 104934 61495 120807 72981 95283 49484 71334 93512 99240 76748 75924 49388 55128 68865 23622 100649 192213 87136 84090 74383 124047 100316 122043 58195 34947 42556 53796 99744 157158 76983 144651 54863 61353 49291 29007 89146 146103 55660 65130 97235 151089 114864 191745 109231 193086 52886 71217 105159 225678 110281 225876 80625 176586 112867 140007 107965 166164 40615 42372 36127 44340 70246 104874 
68142 114162 70807 104835 72092 64992 57796 88539 96254 112902 74090 106293 66643 125784 85350 153129 57557 84699 50603 29292 66857 122223 62693 72546 112309 196161 159322 370905 55622 65433 61740 102564 82715 74166 58023 84324 105046 133758 56982 35577 63128 108180 85711 179919 67155 68550 89532 160425 79042 98715 53086 72297 95572 177612 103963 155697 56403 81960 91124 106023 60037 59361 112972 179910 88074 155712 174384 262131 73173 99294 106904 140835 65302 74460 136444 304902 95735 156183 68782 116016 137668 240711 58130 80424 83379 155148 58394 46629 114570 177663 84627 155763 44713 70857 60732 51024 42048 45546 39956 45267 
43665 40272 92208 159933 127781 212271 124971 288960 62678 92586 79185 126822 97667 211806 66101 78309 60149 84546 92574 60594 88755 132147 50337 25848 63028 88197 59320 84267 51593 58794 75146 140796 63842 68355 113559 129192 56881 52365 74943 94908 97267 114786 61662 70803 77205 135183 63877 69282 52725 83226 92230 93624 89957 185694 82931 138732 105938 176244 118742 234963 74582 64422 70371 71040 69795 136932 93360 60669 81914 152808 97261 127290 90339 95217 50322 57030 93826 133293 53494 74847 55825 60459 52660 38286 76617 88542 118957 146958 75356 107412 105994 215826 88658 149955 75239 123939 103818 63846 67498 48573 
62085 59739 69326 124023 69855 88047 97804 193635 46433 54342 65853 56625 52397 54945 53890 61590 99192 128937 77166 146694 114367 175614 67718 107151 103010 169659 97438 128751 73531 142350 120363 171315 85497 135906 85598 138435 63595 80643 65427 94041 69076 110325 52885 71031 102941 136014 47246 59439 71749 125676 61768 55800 123850 229197 68816 92412 124590 215430 101260 141237 81300 130674 69695 62817 54969 77535 99835 141357 101396 210081 107272 192432 61224 40833 73738 147210 85004 177042 52871 73653 89044 142806 105349 217815 62007 61806 55416 87888 71055 108420 61879 69105 73289 93996 127470 224739 97092 184842 57199 41352 
99558 36033 72640 143574 95037 127008 86398 126765 85810 116553 60997 90942 115111 194301 103002 161130 62386 101475 66519 70887 113254 163968 81368 123027 54147 59964 96473 126741 108340 190293 104700 154569 82007 133053 83213 94668 89956 191130 85920 62346 70412 140043 78837 136308 55928 73074 96937 181665 76200 131943 146644 276195 55399 80019 42711 52257 111589 228510 103406 207603 108617 183135 59013 66918 83029 118635 91197 119343 71810 123534 143665 229050 101569 211902 110912 132591 93380 150606 84772 124485 43263 39888 52058 71817 177699 233187 71327 86877 97450 212553 99082 112680 94012 168996 93170 166917 66003 117864 78107 109530 
67838 113568 64110 87753 92642 122259 49848 27303 67719 125388 98067 99414 116396 169332 62151 65571 49550 65100 125087 130842 114955 186120 70513 110127 93389 142464 84413 118215 95071 132753 65050 104379 99133 130002 116506 168477 109589 173589 109288 140205 60811 91185 84939 176088 53155 88023 96897 128964 108025 202101 92998 189183 68292 113370 67392 74133 143778 219339 104189 159303 44429 49107 98578 233034 62407 86361 127534 232926 86964 159432 55173 83655 58073 52683 97036 192645 79047 111282 109135 57198 88055 103011 110277 173304 86504 118725 53817 90243 71721 135108 106344 250059 123347 235842 72947 109128 55023 82875 68934 70743 
94814 180249 90653 179661 88677 151326 103693 203271 92376 125349 96946 147234 125114 139695 77191 121746 148561 225666 58316 53124 72329 81729 85482 133341 72970 56823 72283 125139 68325 124830 91904 164637 95019 150624 56304 68310 64487 74796 76949 114537 107113 169449 106352 191082 77752 97500 36422 42912 68835 114765 84008 112698 88271 98880 125387 224580 58497 97569 69303 108204 82085 112896 37483 39783 57405 94953 34739 39927 85433 137625 70046 99612 76511 82173 89666 101004 96276 80868 67631 70740 69901 82158 76581 90423 90364 87996 84192 130812 86023 121461 109975 133470 78968 105840 94053 97602 81826 133935 66607 97377 
42385 41529 92092 184668 108171 221925 95336 141468 89020 157302 72190 100611 81906 95061 88606 144048 106775 206352 73822 66705 151350 240369 63309 84111 104121 121674 56306 36984 68714 66741 65169 82077 95407 196275 91663 154101 83826 73920 61856 82350 75296 107139 168431 252267 101910 171576 120907 184155 84562 149829 76225 135648 52528 35664 82226 135468 101499 180546 86975 115230 68487 101871 34537 40251 123526 244200 91577 202173 119523 176802 82962 108795 70676 95187 99288 143112 73995 138006 86590 184335 40835 60204 55804 82125 33461 39513 91320 96426 69516 74301 71931 64710 102862 141090 141661 181047 86655 154377 136779 208200 
41836 41082 47765 52641 138168 202752 103180 196866 104438 112302 55216 78534 100146 124593 112554 154980 117406 206688 62913 113934 73639 121104 65953 102036 127997 206661 91331 94482 74748 121671 49013 74478 80025 133851 52036 68286 100415 158370 71280 109758 59985 51936 75106 79788 77507 122181 112850 174468 95223 110013 110033 216552 80476 156612 92742 188370 104853 187710 76980 110889 154639 233610 77452 83631 54510 82137 78842 169215 49212 52041 55777 54933 48560 46122 49422 50274 69809 116415 89153 144507 54067 75195 55572 67689 69275 124368 62824 93609 85386 133674 79100 136146 79818 92232 121194 198144 89899 169101 106809 158796 
86772 141954 77920 103032 64091 72717 62778 113151 48733 81321 86057 142692 64451 97548 92417 144174 118219 144675 65813 55428 59050 85713 52085 68118 84498 116304 57197 79539 63288 107055 39760 52281 80202 146124 79567 112842 93747 147450 65874 119769 82055 113808 92954 173781 46991 58692 88357 113217 74102 119919 113629 130518 85283 152781 50875 69168 117233 211647 108048 179841 82972 134436 78743 125907 60802 38145 96877 161904 45913 64914 75513 114810 103958 164160 104467 145350 44725 51198 109000 135789 42263 45828 95342 101961 86759 77421 104990 116139 102215 133491 68864 127482 112932 167610 88785 136185 97215 121662 75068 104673 
66055 103752 88559 133920 53802 28572 98458 151404 82330 84942 89761 85689 76230 97140 96660 140775 57944 71883 76013 124434 87760 183261 79997 90699 54792 72882 89917 123603 78306 96381 64580 92763 122303 211428 57443 102975 93106 136734 66258 82737 42883 40569 79277 150534 75521 150255 64567 86040 72595 125646 120919 255975 38874 49062 103597 154230 48468 43635 66556 70341 95083 139515 98001 167325 70850 69009 67911 104796 73205 91731 75618 141678 60758 101556 42080 52671 87848 84915 97761 180159 126930 189249 121934 175266 80184 117114 94555 146649 91206 118308 49681 50916 70027 108708 113401 203115 84800 107052 69542 74589 
117569 175119 106859 174126 87866 134562 68720 92250 61018 104703 62850 75321 127352 250776 101918 169557 88669 137706 85567 149970 43219 40620 59221 95190 127256 141477 70772 104130 38503 50661 84038 111543 77388 157746 82995 134316 101407 156603 182195 367077 44545 41070 58240 31008 58421 53043 93997 151035 104881 174720 114614 159963 54871 78792 58134 106818 83722 165132 64824 114396 81751 80160 63904 120684 84463 103584 92806 182454 40715 41028 83895 145542 93625 182118 80049 69162 108953 195078 109349 199659 103125 183459 102588 159504 43197 53595 115959 176988 79198 138606 83136 128628 61331 70929 45904 66606 63502 39873 123905 223023 
99379 157338 138662 276630 90161 184200 97160 188397 67419 128610 115079 114303 66270 57825 81467 82083 52119 85281 54773 73521 94744 174201 75470 83214 74963 122739 77056 115431 113520 151107 88028 191244 90697 174498 70585 88398 54575 42891 107978 153219 67736 71106 70034 57432 42152 51282 184652 310089 78343 89943 72016 124284 93575 189363 123625 195963 74874 68280 92559 196641 119318 198864 79150 127650 117484 240570 65279 94965 134592 229710 65510 88377 68058 114828 58795 86223 134117 129513 65485 121389 69718 137568 46122 44583 61820 90795 57592 70794 46960 45303 48861 71250 63005 89814 102470 104091 72844 145911 40711 51678 
67100 130617 46824 53136 91130 141660 96592 173367 152123 334497 59821 48720 58252 65424 55499 65049 58955 106287 59729 67920 90760 162459 93883 210849 68297 116070 60805 94551 84376 101415 114089 152442 95257 153321 105357 159213 86529 98214 105500 97587 89476 123027 63152 84933 137778 225900 38935 41655 70079 45651 109233 227991 92139 155112 78940 107130 89797 94782 121769 231006 49018 45540 62079 50961 83885 76656 58313 86322 82315 65841 164576 220542 87004 188619 62633 65772 56812 31644 46204 44505 99489 187917 52072 71166 111642 174981 60409 64755 93593 144444 125507 296925 85949 87144 54657 73557 51367 73833 79715 125034 
52305 81888 106064 153060 72255 106260 72551 95169 45700 55602 103678 176055 96229 148782 62882 89328 99423 214488 79540 144105 86076 105252 94970 185895 119032 246606 90998 172683 47300 73203 109425 192888 91651 155067 72939 111642 102241 155454 50071 81696 106586 149871 81541 110688 94591 181398 108707 172899 103311 205017 78723 99516 85634 134838 114775 135555 74264 105594 53580 80982 55175 93753 89836 152121 95725 172872 55981 50805 41599 55566 86469 126441 136747 230151 99990 171813 38297 47349 110838 240198 84798 148941 106526 129978 66095 81600 109613 160950 67258 55782 93552 195942 47891 62007 92989 157176 94839 157353 77464 72393 
88348 127011 77637 124944 81808 147414 92504 173808 120225 159138 94699 121188 92453 53958 77969 139773 65706 108399 56463 76104 121019 219366 136317 232617 42048 45150 88235 97980 52554 34359 74254 126984 54386 38655 60086 43458 115082 175029 70969 113277 112238 175107 65661 58449 80768 72609 50823 71517 52212 45213 56089 76815 73093 80814 58634 84633 131469 204963 79006 168747 49633 63135 86306 146721 101122 145731 52378 74712 113777 175173 59787 108426 79662 125421 48703 59340 107083 182193 52654 54432 73940 74106 101000 151968 105517 194220 87799 119088 64269 62526 89607 124953 87200 84228 45201 43191 101479 236598 47223 53424 
127860 160002 50697 85272 66784 63231 121199 236637 47367 52161 48988 48912 67867 131814 108631 104169 138291 129627 118288 123450 98782 133893 85397 142071 131716 176634 79700 171543 49362 58518 62078 56922 66076 98385 92849 138033 108067 200571 87731 151233 74453 129585 83648 153702 103800 177690 58985 81744 85643 128823 195906 418893 113291 187953 102817 164718 83795 96387 67040 103041 88768 153351 110069 110580 107043 228333 97366 130518 134559 186858 85938 110550 62134 120933 97301 165684 83653 123087 73465 105522 68033 119373 103255 175842 86353 137388 51186 53106 73281 133710 146366 222909 72150 138090 45965 70494 80834 173652 78553 101436 
84314 160206 115808 202227 63602 99024 130329 183423 65248 78399 64894 126588 86701 122619 127415 246987 39211 43245 94650 177855 41300 52167 77401 145713 137233 175161 57079 103197 83703 113469 110731 158241 115650 196818 47019 62403 37937 45348 119658 160257 74108 59520 42173 49329 42970 53259 74861 123261 118809 201294 86696 186495 114285 165990 71031 84858 103333 211107 107584 184884 116343 203208 73226 118749 54341 91605 50947 75618 89649 106833 55081 60240 70331 85461 68801 77982 54704 49857 80961 149586 98795 202947 85918 145017 93408 177084 75333 153150 91196 123894 107533 106887 55254 71667 107715 159756 118488 138009 147792 210816 
102309 210180 84125 114858 134892 131811 78910 109953 72374 129351 68240 116364 100886 157164 117587 175758 100434 175854 75867 82695 101569 189519 64352 107781 108705 134289 137136 218700 58605 68583 76480 113292 73753 85041 101376 119352 71632 117228 99553 148080 96518 138366 87795 142758 80409 52131 109666 217263 84168 123681 61247 69384 91691 141300 41593 55641 101108 115620 82823 96939 106639 170262 53120 69039 96170 167196 94441 111414 55568 74235 83583 121023 167668 200214 84592 98565 75210 86658 54086 88410 43336 48015 78052 125196 62492 102717 57683 56487 81100 112944 103413 145989 56864 89793 52212 65718 87336 101049 92699 152583 
84847 142722 89977 81243 92655 116952 140527 211632 62294 118035 86100 85533 58945 65010 77675 90969 124878 174453 115004 159432 104198 181554 63772 73488 71956 128091 112076 153501 138736 249822 90480 156300 51788 73164 106570 169146 69132 105156 60317 85176 98262 153645 89688 160029 81515 78810 68115 76113 40126 52077 87875 174969 66831 87150 39348 42102 51897 63405 92070 152091 118844 201738 110476 175989 125500 198525 95103 103485 113373 191955 86051 133671 93038 130824 108946 138540 70676 114876 69972 136470 65946 119649 134339 220917 139228 150231 92600 59412 55356 65556 77333 96297 107007 140991 103149 145269 72265 79215 77461 103227 
105750 133191 76852 75558 57274 64647 51678 60828 53537 84597 40615 47085 48623 57453 64863 89400 75896 141138 72743 127851 160758 294924 66251 95379 42156 42165 92020 168069 58498 86529 75441 100503 46960 63231 83687 108192 54438 96813 112662 129984 146692 318654 120268 126711 123397 252087 74824 70551 58054 80706 67451 112719 84297 155637 121179 227493 103951 170205 66813 94104 56626 40188 98964 122445 69173 106635 50897 57351 88932 139482 111382 267060 88858 110730 98833 135831 140427 237066 86522 107577 75795 108732 79136 80730 103995 160326 100048 188943 93547 120720 120571 254394 96412 92922 97043 187404 126021 239040 63540 117672 
75807 139320 70655 71085 73451 146886 95805 200040 96084 140313 120994 129705 41891 50586 67050 113481 63205 109752 92944 136935 80419 173919 95589 182487 118949 119298 54967 59940 89070 154623 82286 106983 90193 112191 75994 78099 120304 224040 45572 54957 73949 116055 69233 132843 44996 45564 64208 82410 110927 223797 100991 139608 127162 164757 97567 153120 125708 236745 93497 195444 60070 73299 86202 167028 91160 135591 85913 135213 56555 77124 117505 233424 77374 151179 49659 64236 77609 128712 89776 169791 77814 61461 107514 114714 148665 277425 124886 92187 49514 52323 69451 79197 101237 205221 56421 63921 134881 143715 138988 276327 
57806 42252 51377 87564 72789 107883 90811 77265 119101 270864 106735 171432 53003 93411 157256 147210 55404 78129 86658 131694 80734 115773 74785 110715 83056 101172 95555 162150 115978 268908 76903 137151 46382 66555 50711 77778 103690 136398 97930 148938 113256 194625 108094 150087 65591 80595 70618 128718 36653 41997 69732 39753 97663 102696 85734 95673 85189 123039 55273 95112 49894 48027 68566 104043 93015 133056 73122 106128 81519 111903 60715 39039 119989 187557 114049 205176 78064 61866 57607 79488 97333 119922 119661 244413 56309 73605 44673 49605 104380 157536 54446 70581 49929 66750 125491 234144 108958 210696 62840 90951 
127454 238515 90426 126840 80412 101874 89248 167433 133229 141321 107815 164658 65918 69942 80024 128421 65326 68472 105943 197700 114078 166140 107170 217320 84450 128937 89044 67887 128959 167322 68406 52935 80378 115242 60225 85857 73689 108135 76350 151764 98546 137763 67900 100293 77332 128319 67516 119301 75516 68535 114282 162837 53005 55896 68962 113778 79202 96840 81242 114144 102223 199572 112550 158286 51098 68475 89318 198138 93699 164616 71525 133782 67811 62172 74917 108756 71092 121740 116355 162795 73571 90087 83993 109506 92903 179376 100976 63543 142361 278826 129622 184473 67484 87192 102665 188442 60958 72741 133180 292074 
121020 151212 117465 210612 108455 143646 77965 136782 84612 112935 48980 61152 112632 117771 75641 135663 121919 241110 125023 278379 133420 235614 108468 203472 80415 130677 63903 54003 49904 51861 108127 130449 82426 128595 109739 221856 47553 59079 43476 47238 94193 152940 39738 44106 66816 91839 72537 146298 86426 97206 61195 41535 61472 95679 81508 151734 58451 70584 107421 165774 93210 150567 86288 160776 87740 95610 50638 64701 61714 84645 77455 74997 113917 209853 150748 279024 57288 83142 100000 162870 87746 111723 48396 58602 97031 122022 66125 47067 82047 69645 79061 102543 100645 167676 99225 82698 94723 78195 62166 89916 
122289 140592 82923 80520 128260 245493 113097 186264 93273 119589 66812 60726 44812 49491 100806 166653 45073 57378 105941 210015 69061 62541 93006 131685 99309 167541 107456 185895 82300 91917 74819 130986 56182 80205 88243 157332 58272 84123 82550 139665 43414 48204 53433 45525 101759 127182 101823 148551 68422 77103 80618 129645 85221 85668 94609 133530 85015 156234 91818 141672 117371 196218 84604 137295 72658 78597 48977 56961 56189 60198 71681 116676 79785 112218 95934 171126 122187 181179 55575 70158 100910 194160 75399 129924 113445 169662 98437 91065 43740 55707 78458 62169 92918 106245 61329 84315 90538 121674 56934 32703 
109700 123150 60364 108717 44268 42381 119040 214293 79627 145746 107882 179946 121521 170922 81485 156009 53137 74004 111141 96789 119416 220689 82237 122943 125021 235296 92385 159378 69717 73116 65251 49263 61461 92421 81244 137619 106686 174474 87995 48258 80215 68061 106018 164106 61478 81180 65426 92103 71824 119277 125545 164394 81946 108366 63108 53892 82546 120357 117845 180630 54895 60048 138011 208569 103848 159354 73244 106335 113966 218529 88355 149445 95396 215406 108627 131559 83721 97314 86854 146118 46344 57855 119103 199314 136502 144300 115369 142644 118830 185472 70128 111804 109014 221889 114208 167118 79228 167196 156574 267831 
91186 144099 51218 64722 100418 143718 71128 128604 106730 116550 78304 131193 132032 251634 85641 162927 45840 59658 88705 108765 70769 102096 132037 266064 80675 112263 97207 220632 70004 75597 88741 169539 76467 55764 76078 104619 110704 245241 42570 52530 64938 95151 97400 187068 84026 106707 72724 67806 162331 303897 111902 124887 93583 107163 65532 75030 88745 128523 125477 255837 102155 135474 70828 130341 84872 97374 70904 82068 86152 160725 48616 50523 76659 127686 90931 182175 77955 78105 125880 217548 63760 100773 53092 63615 53620 58587 85777 100836 156622 322482 82280 127575 108907 169791 88466 158775 87513 97023 75573 129225 
87358 128727 142217 315405 92588 139455 55315 79200 117159 169989 96743 90147 47355 52458 77864 97791 71365 104583 82451 148893 56001 55230 96448 144438 81818 94938 107378 159048 53418 64263 81003 63570 72617 103827 109129 185088 79725 162627 55490 52296 47822 47739 95822 148230 92205 180561 64702 58788 57151 85773 89039 134676 102002 163524 46320 46605 65561 60189 88304 198492 120374 214740 123513 211635 61304 83589 110047 147597 76988 99588 96348 170061 111064 239643 82485 144285 88388 112020 72558 93174 88050 184566 111141 162222 143762 220065 87663 142707 90913 201624 100010 141321 61199 88917 45455 58212 97745 160278 78013 154221 
124035 222546 94249 155727 67583 130686 97589 153318 62496 116718 91057 187398 119788 138672 107774 95583 46939 51804 131659 224994 98004 136281 48593 64842 66379 121977 64638 79191 100719 184479 97385 131742 103352 142209 86430 171636 82844 133083 74092 52839 67315 117660 52707 58710 145866 104424 53314 75939 83081 124224 69777 107094 68046 40173 72630 138531 78188 113577 66959 130560 67054 95928 69519 106704 103359 169560 91413 154713 110442 211197 50941 65862 85549 175050 69057 104820 94011 165792 104004 161424 74451 107118 81188 153261 97430 135012 95524 170979 48259 54621 98946 159744 110349 247686 109062 154539 161665 159759 65219 127095 
88469 112824 61226 34740 141853 252309 45176 62427 53263 83277 46253 60132 123018 201132 95942 153891 147011 162411 144991 225711 148677 279357 54743 80598 147690 215991 129761 127095 67104 85851 79116 123663 45080 60213 146223 266331 123413 171216 80450 125871 112463 137520 79492 65724 83773 118968 40025 44937 112311 198816 75884 105600 85714 179400 147553 300207 96593 186315 154548 202542 97021 153231 63500 66324 62858 68607 60861 84210 87843 118305 145811 206880 46154 55395 74499 132147 79406 155304 123100 210591 82968 93672 71303 124773 104005 186420 42594 53463 81733 113808 95664 215103 67206 120399 79824 165147 81930 109221 154039 275835 
96984 155328 75571 117009 92419 135018 127099 151122 70525 97413 78847 123969 94223 144927 77954 58119 106243 95796 81874 120972 56245 59118 90273 138411 95515 136098 113616 201645 114861 162651 115741 162804 67612 105351 120902 143580 39341 44883 83408 161427 117359 212508 70975 111174 81321 108999 117474 250668 95609 116193 56972 63111 156142 129174 149773 189546 120805 39921 45567 44928 130134 278286 117607 224751 78524 84342 79031 105609 104133 68484 69935 99693 60024 53379 88351 62835 77019 120519 78424 122985 94154 176145 76347 117390 89821 177657 118735 204849 97265 112092 126479 202950 90254 103386 92669 102771 87433 84114 92538 158556 
96085 95961 84980 142509 148291 258681 65122 120816 81982 113010 81419 88902 50007 74958 113914 106512 97111 137925 53594 28275 160995 280695 77739 137670 159853 142695 108233 221106 90637 155106 108378 188955 100944 94401 68350 61287 64435 105372 67567 96816 98701 143886 100254 166899 105486 125472 110465 224559 55262 94017 59069 60339 69429 85107 61784 109170 87720 127200 113086 122514 72892 73587 77970 125196 62862 98838 94799 153147 144728 308115 69444 116808 84360 103086 95695 140943 81621 66663 152752 261417 98827 177549 68494 119625 93150 160404 109144 163083 58388 92439 68065 72996 77072 91017 93941 188520 118260 165561 120571 240816 
53064 73098 91253 129537 161948 197448 51788 58494 61847 107547 76092 120060 82581 91275 114314 168588 50230 65262 72003 100242 77138 128682 52829 55512 122201 172545 120844 142941 80608 128043 105508 140304 151379 221199 53152 61029 37380 43494 76141 70173 156121 208662 65042 74469 116106 210510 76770 100323 93540 128256 128749 122283 69682 127575 92264 52293 53960 27036 64115 86376 64106 87891 167294 286038 77461 151104 113257 202497 39584 50667 61839 69294 77801 144567 48084 61143 142318 284493 80950 154590 108572 141399 76364 92217 114941 267201 79538 112473 120922 245709 103994 168867 98232 218070 82211 131058 71026 75345 73076 108696 
109210 128673 73225 106932 101655 161262 125219 272292 83773 171204 133400 127929 90861 126069 85578 113832 93682 182682 98650 208839 158167 229854 84885 122778 83954 140418 84142 92823 100037 177711 118281 178989 70318 95622 59948 93054 85012 86607 79002 104808 65137 61479 63836 90168 113567 191883 146311 238323 82508 167961 74318 89553 62720 79791 80821 129108 80773 135705 112406 230985 132974 176583 59965 100107 87120 115584 127015 141621 70097 101862 119703 111954 42611 51213 85753 121773 54941 88635 106203 174378 122196 173841 118263 124824 65269 88317 40277 46506 96154 147534 60263 88260 80738 61569 65403 114528 83699 141828 66332 113511 
178280 290397 93941 140910 74900 95166 97095 136842 86886 113787 60649 76875 72459 84207 119705 210672 100280 124773 86911 126798 142716 183867 41602 52887 113845 192069 81500 117237 82853 137031 75955 106878 65937 80853 81635 155241 94895 159330 105983 209460 130656 206799 43615 51435 82040 114435 79319 48804 73346 114246 82504 159549 70277 96369 139647 192873 89393 140217 72696 82599 80412 172998 85782 163125 50668 60822 55818 84741 46146 50526 87651 156309 77136 124827 68564 90093 67770 122520 102070 201732 96186 161511 139094 282888 82527 178875 86560 74397 50042 58899 67230 106197 54347 30705 38357 46650 123665 187311 86849 174249 
70664 77901 47135 43845 74645 116049 115649 140256 103815 194709 78747 124719 86492 134889 54193 74556 75514 90384 95389 115830 66843 86922 120687 236025 52987 59184 114403 229095 64097 84810 45212 51849 84129 143610 79379 89976 70884 106473 72792 114342 46528 46032 53169 69414 103205 179673 56408 86337 96309 192732 86544 108183 67484 80175 95240 149949 59071 67995 66038 86715 70557 95508 103503 84183 83800 135123 76435 147771 83679 93135 150082 173454 103913 162282 104320 174822 44763 55905 107006 209136 131482 225780 86060 153792 125742 233328 90742 175404 76675 96159 60505 69189 106733 230841 125732 245028 58870 71370 159173 211872 
65944 113388 78514 148335 68767 72633 91639 107751 99099 196812 83396 146436 94795 171528 98496 183744 106599 162498 84884 116457 81036 164349 85638 114417 93578 119061 97352 149460 108422 233373 72904 84501 86773 158613 113957 158412 102795 178815 79552 83820 106512 203448 84570 139443 114627 135060 107698 202410 80421 111807 85027 130176 147532 246948 78779 104136 116752 204858 114474 137694 39529 48399 146591 263205 51170 57801 49391 55443 112759 175737 88139 149181 83759 154632 104115 239823 82941 91632 72029 110127 52867 53406 82469 130599 71761 87213 116771 201468 124928 180282 97612 193416 77291 93087 95482 169722 105045 144414 106074 191247 
81849 165405 77425 157575 106023 163029 67095 87150 60061 107712 121275 226473 48062 62958 70604 53559 82719 74367 66646 98721 79370 115518 82844 117126 77182 146529 81630 136224 84801 118251 72113 47619 76691 109851 62819 102246 84980 71970 140842 196317 112871 210195 71591 55665 64914 107640 70685 75576 78670 80070 123780 193200 54885 81132 61058 32469 122617 225252 64722 112164 76672 133254 65298 95931 49959 53514 72244 54288 89722 123000 87957 129867 88969 122940 49898 62178 100849 130227 80564 138876 138170 231729 52562 24321 98726 120468 75231 146115 67807 112041 54177 79569 135842 117279 64290 58062 128877 169758 120441 180741 
88937 122808 89949 175533 106650 152580 104283 135720 135030 187863 83339 127953 108817 208920 65893 121476 86618 166692 54620 55710 82369 152331 120082 253233 59895 105501 100315 104724 44213 55530 79442 81858 56149 59169 98450 153342 70606 80511 95411 169212 108511 198264 80774 108462 86676 84840 157209 251820 97772 124083 60534 75627 62533 39072 88302 123684 86008 120708 102545 157506 155269 259386 95555 190968 84410 177264 108814 176121 108014 164124 40546 47964 92211 112260 92132 119544 57657 89964 73348 96081 154742 326532 101320 99069 63586 74400 149378 310641 94179 172611 105571 175965 52978 79269 83759 118179 96992 211443 82692 136725 
134450 210825 123044 234474 83694 131790 47851 54504 57760 89598 101032 115560 106146 168303 92190 124239 117279 231867 104604 147309 74447 106089 45311 45912 95535 141966 89132 186312 110050 153096 123887 180681 67622 123459 73981 145215 129546 227958 57012 37884 101999 118350 89785 162654 62170 91821 94288 171633 78197 106944 91203 73338 97535 90078 82620 78858 113301 181560 62902 97074 116739 195036 72620 113436 118545 233889 77922 124053 66963 93279 88136 103410 46552 61587 87617 129261 46336 62592 62861 33702 53854 63918 110700 58629 116745 181740 136252 169533 78849 107937 115265 212610 39341 45741 178978 283509 105329 210765 121025 157995 
93593 190392 81495 121188 82662 60843 83841 147213 101724 106758 93603 170055 98722 85563 70896 116934 85887 129960 76681 97248 96313 189987 66476 108459 46461 51858 91733 66063 95491 197481 129874 202254 102444 155250 77404 144621 154857 338451 96484 197529 87708 168975 74696 96093 95667 180288 58450 53517 97728 195153 48419 55488 102699 161964 85862 82908 57650 85347 98276 101184 57373 80154 88008 42687 71048 132321 102818 129636 61645 95544 91379 104133 79700 115581 141652 162921 66334 103638 109857 191685 118284 140718 94912 90240 71893 50793 69378 114552 81480 81162 64309 81192 135137 291135 83968 98232 106530 151176 132086 267642 
164519 112215 43203 48561 125375 220692 69600 59481 118730 263133 52840 69036 87966 118896 131109 238764 118775 129012 90030 141795 137159 251868 153505 191400 135550 170601 108264 234987 69817 95511 69025 75489 122354 236997 108317 170091 73771 127884 80574 119496 78241 134934 91811 121449 75949 96804 52872 22356 60581 109824 128645 176358 66923 78291 75990 133290 124877 206580 129816 218529 84447 81654 65529 89715 98340 212592 47498 56727 105621 121818 174093 259944 183326 261762 45945 54723 81073 167115 74815 47229 125847 186363 86228 187383 74043 48063 111385 196293 81054 154935 82670 79581 66425 107649 106793 186285 128284 260853 87102 130119 
46088 54996 95788 169407 68977 107217 90256 180909 73644 134250 68042 64884 104942 164943 111020 175158 82140 131370 97315 132789 138978 286947 146518 204147 79098 132999 54338 45549 79797 138963 112106 243369 78144 93030 87867 111885 51737 65565 118081 253044 65498 61710 75487 77850 75966 88143 80965 148683 124673 177183 90727 139848 152754 294000 77669 61410 112238 204612 70078 134409 102241 196179 75456 88797 45182 59865 149543 201081 111647 190887 100211 122544 122165 213639 94232 125040 139375 254028 88792 70311 76716 129918 78893 127896 89709 136233 76123 104247 69527 85533 66170 112569 86463 130575 74627 141405 109359 222930 100503 219666 
84554 91857 106274 179673 128370 195078 99581 103428 64481 70107 108714 159174 120958 173514 92219 129126 69800 111729 104881 225975 69706 73278 102234 168057 99775 157407 83035 166299 72019 110121 61206 43074 127266 248256 82373 123492 130771 145740 91146 182571 58034 73038 120494 186195 75853 109512 53273 54996 48874 55002 58197 84189 97611 188049 79569 87333 72905 127212 54967 62394 140279 267294 92730 167085 75635 88416 108820 211932 73558 106770 119544 233826 60689 63273 88313 161037 141355 292122 84373 106791 73160 121449 75099 100818 62726 74115 110619 193728 111361 210375 93096 143727 101286 148338 54453 24774 84227 99777 132635 274380 
104292 217644 68910 111564 100700 217719 84071 121422 50083 47091 120324 226002 116999 197112 65549 97014 86355 151137 136366 299850 109768 177693 137602 293337 98563 148596 70244 65742 88995 122838 63908 96816 121502 134931 72587 101580 53813 57222 144340 269385 96273 99495 80149 142164 114024 212076 42693 47520 98055 194253 147388 154329 44266 48936 105671 180921 91750 146409 104028 172371 132895 198837 84551 117369 173556 305976 58117 70290 60060 65778 93432 110676 219866 434691 86704 134544 91143 194220 80682 162168 89998 102735 64860 94524 88569 78900 152938 305100 116963 195156 89019 86259 42687 53010 46047 51099 102443 117033 72033 117753 
142277 250698 66924 58410 59969 103533 148854 275160 96149 60441 75421 88509 85624 106461 72085 52020 133706 170745 103843 144582 77421 86898 70291 126195 65641 104262 92872 169551 57717 89895 76004 116823 45945 50793 86080 117801 63495 86478 130359 259650 64547 83211 127634 215877 59290 32847 58751 85998 72582 131712 45096 53607 62103 66135 124289 215031 68386 104109 74154 72690 58362 36096 67631 84759 104643 148344 111370 130215 94275 168363 144330 155751 130958 166347 76622 100479 143281 190335 116893 37779 79546 137994 104419 114222 61146 77478 86120 134397 123061 209514 69421 71874 78003 90828 105032 170136 94850 59124 76580 75468 
83697 139506 134585 184116 87291 131889 80473 84759 177364 263388 78760 92754 92154 145032 118223 237357 107459 157803 111542 221751 70514 59061 61399 90786 132567 274443 103484 97932 71260 122760 92092 145260 105202 192513 89657 164322 94430 147621 91195 134370 71737 55107 106491 183852 99626 183177 101125 202872 117364 180795 60895 72498 110696 191673 129647 205065 94130 156486 157980 167604 104347 181407 59965 65643 64568 68361 138244 117546 74446 101940 116761 182313 99448 182355 58066 35793 131525 284940 56062 85710 132735 208923 77986 111753 92972 124161 125736 146391 98244 156330 87563 116214 131614 217233 115882 219645 71873 68931 78943 101445 
69186 72555 51904 67182 99839 190059 122714 248667 80670 102759 89575 87777 92513 188931 93665 148371 78487 61203 91284 109236 110475 173958 69456 109212 81938 60906 146452 195543 65728 51279 92067 163824 57315 87702 104276 164169 135484 240699 97377 110268 114883 185787 104777 114288 68872 97329 67939 89865 84778 111240 92286 126819 115938 85098 178219 294120 90279 174336 103741 166110 87537 122013 113372 147756 83783 128679 123448 196929 91734 163227 45186 53010 61977 104457 129682 243033 92264 89040 91882 119760 72602 90834 104127 137340 60074 92487 62212 44130 102231 189960 98794 192000 59869 78879 128155 257067 102198 128121 64171 51852 
64033 91050 47453 50604 96833 200460 110798 177369 73915 43233 126097 187605 127559 223026 71018 109467 68065 115536 90113 121356 80565 115638 99730 124986 75822 127383 97233 141789 110642 151596 84490 85674 121873 163797 75390 59718 56236 26556 112130 207402 133888 219525 124436 226863 160467 267870 58338 76626 86716 162705 96965 189201 98865 154761 72909 99051 124477 168309 92030 84711 93207 166347 66023 43926 70643 69633 42180 53502 97119 130398 132906 193431 88830 67215 159095 343458 67920 69780 78001 94491 95624 115605 96806 111705 112062 199179 78095 106803 88556 109725 64982 73929 115822 119796 136283 266799 112141 237408 125481 278724 
101779 206190 68897 71625 116024 135777 53454 60084 83796 121869 154658 343446 82998 138405 53257 52623 82510 126192 63096 114708 74332 131376 46747 53913 84196 86190 76814 86487 64164 101325 125405 195309 124789 238524 127594 225864 152374 125274 112676 177849 113671 259629 148029 184884 91512 164667 99577 126591 80261 84648 78735 85599 50546 64854 64293 46386 170318 285036 68599 65733 62450 93771 68158 109563 112117 112788 65894 87303 56109 75024 137383 121851 57331 89082 92496 133014 72561 45975 136902 231498 87660 129408 129956 202929 120940 228411 76433 104580 91204 86814 121426 226242 75001 106857 90669 163995 53149 51882 67640 115668 
108042 227589 59539 33402 87748 152625 84615 95565 78744 71544 129310 276135 86036 167910 83791 130092 78898 58251 64320 82359 49610 73269 68033 106620 105393 196830 110962 178731 64359 106944 125131 166389 72679 101052 128184 229362 98336 138525 109118 120093 80288 145008 77661 135057 93877 200229 119339 262611 134250 306885 97986 174531 95439 125046 88243 138540 101817 128556 65132 91932 90554 164541 122684 133662 86884 118893 81605 106149 147325 261705 90648 135297 107455 111201 123697 163302 78709 90882 97183 186390 108852 148158 80776 132402 92877 173247 109466 156486 118513 245517 56984 54063 176266 295152 146998 258306 88937 91401 49621 53163 
95855 125784 70008 120453 94821 144543 74749 86487 114451 168222 53202 60918 87114 126735 90822 176073 113789 159546 127991 151110 83894 88674 100554 160182 93055 149511 66036 85899 123137 185766 43550 48138 81518 105540 65506 54285 83018 99390 109023 177894 55972 69807 129112 276852 46951 59406 113743 200967 50977 77898 81119 144189 94372 103533 120068 260421 81052 98019 108433 159705 85735 172677 83872 165315 101176 177654 84037 156318 66316 87090 88335 156045 86381 80118 57348 97605 124712 168081 95771 169782 85462 102513 95728 185112 82251 99180 108542 180699 70485 118662 85307 180444 113174 107259 101802 227115 112110 192105 48446 56868 
122113 176691 98930 194937 91667 163233 99069 109953 77360 109665 70140 46974 83666 112899 124149 234678 125554 217134 82249 162657 45208 47091 79509 98766 117993 204231 143719 304545 80847 123744 105397 154323 87100 139182 104553 143532 70879 120351 120744 135816 92099 175449 138382 193128 97684 122445 63204 95112 103246 208965 92385 74340 94156 188049 89052 166380 117318 202527 69700 38577 49170 51939 100039 61977 87609 99957 118478 213201 172039 351537 135597 268371 77669 90945 89804 119475 53860 77577 118220 131592 134161 216612 87078 129507 50728 65883 59074 77433 47324 49833 60092 80007 126826 152889 92058 163155 43286 48192 144898 321582 
98514 176589 125752 198846 90792 172350 105814 145629 76529 112881 150909 295950 86372 177714 56299 81150 72535 77346 42506 53361 130046 246711 55946 67713 61654 78330 116940 125334 68900 94056 133066 265473 122486 275202 58624 76590 53828 63084 84337 130593 95984 161250 52069 57162 125931 183078 116456 229653 83482 133833 84027 30882 124092 236349 82784 68793 67654 59676 127985 127893 96855 189810 107984 220143 97078 158907 179890 156216 70195 69291 119611 175119 149396 311742 57748 71178 59574 62427 91843 147450 79268 123375 83517 113838 118092 211914 61071 85527 58970 75870 92784 194325 87872 95034 89061 118617 96916 102852 95905 156534 
78154 150147 84133 96525 107385 184758 98229 181965 62711 92214 136185 233940 118674 241944 95744 121353 96706 153999 92873 139476 93730 162795 105505 219621 86379 148677 100037 173277 80981 118404 84273 164976 99281 153468 148354 194694 50371 64245 59966 63996 89373 153528 96860 75435 96992 187443 96546 202833 92750 166578 74638 115683 148067 274299 125770 257037 66723 55155 60708 41214 102322 112386 66270 66273 128611 247068 127931 219225 95612 105750 75834 128733 96855 200274 80150 109119 127086 160062 82001 126240 97831 108657 87909 147342 128492 90150 116232 185307 106253 178386 98898 183645 93505 70368 73828 54954 121212 268761 130135 202053 
162071 353640 106330 140670 93730 136260 93857 138588 90193 179958 86096 133566 120107 213192 72886 93177 156367 282012 125599 229716 66677 83448 104962 171768 82942 96645 84721 112941 49024 58785 82132 75780 77876 115083 121578 247908 187288 292662 125915 242223 78333 161829 111706 155667 84120 88362 95189 165141 96498 166569 90351 150042 84657 164268 135997 263913 104264 109758 46254 53205 88319 103251 109778 159873 83479 141171 47567 54486 79893 140832 66365 77340 53101 79623 82607 118641 88533 112548 45605 48621 91226 30285 88561 117195 104231 139605 46847 55026 113400 210765 82178 148197 81215 146865 97495 59910 105949 183132 54761 57459 
58382 33435 89527 42066 97303 139956 57657 70056 65716 79014 122083 116655 40270 49077 120963 194535 75182 101487 85430 121869 73722 107823 61046 70554 150058 185070 105233 114606 95980 168228 127983 211026 95357 119373 79541 106146 52273 49185 126548 209361 111364 173997 99793 119478 122687 226542 100629 123573 46308 54492 81745 158466 83992 103611 87650 98391 52301 71787 139974 235821 63781 91815 118152 135849 89567 143253 124679 153168 150495 213288 70201 113535 51643 64095 75178 123288 111054 184281 125835 234249 129522 184740 61974 93936 64652 84330 92842 137409 60871 95169 59010 80658 95078 172362 75312 138825 79766 122427 177906 362187 
117364 183618 44470 48771 74863 144747 117518 212517 122686 200823 73762 77589 202308 313758 74114 127890 78846 114903 71180 87171 87212 161628 72997 111555 77957 114546 79679 156105 124521 208638 52342 61389 120592 222180 125755 244962 106293 203961 87241 90384 83312 49032 171111 253650 49169 61992 96590 152664 97976 106500 51210 50211 74664 106422 167434 236019 64796 59832 59983 82890 82929 137676 190867 362280 106422 131964 112195 195975 85616 63846 84854 128259 140210 175941 86313 89532 44899 55977 61745 88608 112983 160902 97876 84954 115637 127749 164672 295098 52958 66387 63964 104250 90710 175593 121971 206037 109639 191223 101160 168666 
69367 101157 112371 180309 95927 53760 76233 110085 92996 168513 130218 214242 63646 99543 68906 126345 140922 182097 90827 92478 63260 38991 84149 79980 92896 125040 97902 85626 102542 138615 76933 120576 144329 129945 106419 224658 90515 37617 67311 110949 126235 226860 56020 66888 124837 209268 111750 224343 96012 199602 52544 83946 81939 110799 86429 99669 71529 106479 94104 109695 144835 239724 104183 163368 130944 248970 117658 203580 143968 302307 45058 47988 101301 129777 104710 154539 63554 33909 86041 79365 50519 59754 132646 169419 93713 103227 60067 66720 109483 173427 79536 109074 92396 153300 132405 128988 73542 130275 82759 131349 
121379 209205 104629 183846 100927 182103 75397 107169 70250 88716 90065 86322 74938 85314 89581 104967 122250 185250 105103 184386 50439 64314 86285 126213 165412 319794 54043 69567 135471 248982 132960 217719 126163 194238 117143 182985 132256 242559 156821 307014 104682 177369 48091 51303 67031 36558 85906 170541 96464 107592 130216 80247 88996 159375 79662 109188 87943 118518 131347 220263 105293 147876 54617 57081 51584 65967 125029 203808 132588 217170 66160 57783 130447 161514 52087 57063 77586 102408 88752 133017 65092 121002 171334 275922 112136 226671 123718 254157 65295 98682 56135 86817 127510 143943 79938 84492 53933 55740 158715 362769 
142684 303558 45901 52815 103675 152160 131763 195837 99307 199293 96235 180219 93587 170814 47687 61863 127846 274248 87946 156492 132675 143322 91912 130923 52406 70950 89686 124830 65439 87726 112482 213324 87144 104097 73564 123189 113460 155970 96343 146844 41523 50784 56406 82746 66711 123417 99299 130344 92618 171696 135736 114720 52357 56730 135202 296541 91964 122772 110594 106686 153139 284325 90915 167160 78361 95346 130592 266931 84320 143883 159982 221940 96696 179463 127415 191097 108887 162996 94679 169950 89924 120324 121152 172674 122061 194667 136236 98889 46671 49272 118878 238461 103600 202557 81277 88065 50271 52278 144977 225573 
110419 125853 106319 52032 109603 105474 167033 312039 106823 147033 94367 104370 100427 152379 86547 164352 92882 106071 110944 162222 129049 264816 160488 209142 107443 135558 71833 58509 104336 192690 67864 111132 98035 161628 121714 157785 186811 288426 68407 42078 92832 131346 74282 67239 88663 145224 101812 117900 87941 89175 80273 128082 97856 178149 111987 219594 54852 60828 77433 114501 118498 176424 73146 51093 138122 101007 75141 109494 120563 132123 112561 170193 127341 223677 56180 81267 54173 69162 79347 128238 66300 113043 96089 130056 103266 160236 113381 175182 100365 193317 108343 224403 110253 213285 68393 40764 104924 96432 81189 113403 
99003 72870 153270 324951 138590 141726 103822 118512 82243 136410 80268 123456 78545 91194 74856 79149 139377 239106 101996 187179 136164 189717 65451 93264 59331 80580 80852 153789 101141 181968 90592 152256 69295 76098 71257 67659 93755 97146 88952 154368 58200 73902 85048 129681 68357 98367 67968 120828 87205 65154 142044 231123 108347 196866 147357 197955 126832 190521 91368 141744 102682 142419 85138 120096 90537 142251 81786 81696 174247 355437 152167 288723 44349 55026 74386 75984 108165 195459 115967 185148 57947 72696 112014 126048 71232 69027 63280 79821 108546 140952 88982 118350 111107 66387 54092 68283 63877 111819 92417 166233 
137380 211389 86049 119097 53125 64758 77618 138171 98319 140859 75092 105921 118365 238821 53828 69291 115143 215349 171982 161421 130847 286989 92133 123921 141765 146217 73647 101628 80396 97068 128877 205086 80363 80466 114356 178740 83375 107877 169730 293628 101181 159777 91006 164946 78212 95871 76796 93531 82938 98571 93677 185118 120093 122541 69866 102960 83183 141567 94102 201060 96178 168336 93002 106266 90733 138174 101540 198435 115946 120168 77854 111954 51271 63453 104242 99387 126114 237537 98895 171282 144904 280041 143867 211449 144568 270606 97830 126801 127436 163488 87697 134670 73707 147768 88458 91059 98189 114174 115977 104592 
141749 199878 64355 44538 104781 222210 133000 218118 126895 250614 75148 73833 130732 166662 101310 121161 49509 55968 152651 228354 166949 288510 72604 120564 107036 126429 110623 175431 59104 72528 130045 168369 139128 274155 79055 145482 90608 175329 112093 184326 64938 95133 83613 151119 156135 199656 90562 170865 118408 164184 108030 137511 94164 96531 85032 108618 105082 178740 69191 45225 92631 132189 59686 95985 143484 202728 170134 142068 114218 192864 105983 196146 72657 130104 79447 104253 67117 47580 73916 74481 101126 121572 103302 170076 80347 95892 111936 152094 104636 180336 103332 170343 75005 141099 94510 128991 105904 151743 107999 209628 
110918 221406 156009 241053 61249 60405 141436 205881 142390 90057 85552 85692 89435 117753 144377 213555 102361 165288 115457 202044 115433 206544 70218 108603 142597 225078 106477 146088 59057 92025 137601 280248 130153 246327 94955 175140 141893 291855 128770 208515 102472 38982 140129 215454 77773 84420 94799 207759 89211 134400 103593 159219 72401 134118 98091 106794 101934 191418 98762 190269 123689 172845 89597 172878 107810 118563 78814 74109 93653 204513 104523 152652 74171 42093 133006 247380 77546 81888 88267 150645 160393 169578 98449 99285 68847 87465 86001 132504 109910 184380 116303 137172 73823 125694 61444 65121 90386 141936 147912 248619 
85563 141135 74532 98319 71708 66624 116065 153732 82648 126522 172493 305991 94971 124881 90593 132792 88508 122601 106024 207735 164230 291447 125225 262614 90943 168294 103496 130686 114635 155628 100494 184791 92674 171240 86839 178104 90287 119181 81982 141633 111777 186816 104401 150909 102678 210576 48137 48468 91463 162195 111528 108921 79238 153192 47977 53043 71015 113208 75000 98310 91940 96966 177513 209643 122299 257391 114179 200712 128909 125403 69438 61371 77871 56598 80965 147681 114521 134193 94385 156423 119325 187524 111553 201042 144231 253788 102181 46368 134392 235164 125413 242718 82655 114063 143776 214824 73820 97509 77449 75066 
87055 138315 112046 141249 112586 259074 116917 157431 139618 237357 129430 197421 129850 209796 76281 120129 98861 131115 78181 93858 85726 109248 82911 109068 79682 134979 70334 129759 72887 90135 68931 110250 70282 94764 84307 148413 61267 56460 47260 59757 102062 130539 68461 54366 72834 39393 135060 305145 72662 118224 115448 171321 93866 173865 115955 182877 123932 32598 62848 50694 65176 103101 118494 183687 114565 173904 67802 90771 147729 230607 78773 99720 123667 202464 101230 202752 74072 118965 117968 97947 87865 121080 131090 213150 70013 106530 85071 105174 144412 239982 68190 98961 110365 220764 100396 109443 161070 264153 78065 97017 
161670 283260 126458 187851 125321 200202 115140 130827 75563 120714 162074 276492 80314 88530 122030 189528 61887 67725 224022 389460 97812 124932 57375 72732 138319 193725 85461 128706 98006 144963 69898 41013 100082 197487 150896 244305 68965 106908 148922 280062 83778 138528 96486 139119 109375 184938 83964 84072 100457 191982 157555 244260 89405 110520 70368 98823 53154 62640 133253 278379 115400 121170 63286 69210 48671 60597 117639 93483 61649 105873 96806 188382 128350 191910 65216 95211 109516 207171 126837 178188 59816 88161 145610 167307 141366 321621 95055 188193 90536 87066 83833 145725 84124 168891 79723 153225 75554 132906 61173 48900 
128525 220086 104041 118245 107186 89319 80863 142110 94682 99702 99079 178029 143530 307443 84503 138864 55346 83652 60468 54156 128046 168198 54085 70167 47865 60858 127495 286092 58608 63072 101374 124275 82864 154599 80528 77565 66023 96585 74401 132666 53865 66768 94534 139143 126521 153426 79098 87897 136089 246792 120673 270837 120494 189087 122751 243834 113429 197013 157769 200790 125317 195171 143483 199287 114287 163341 126597 189612 83600 72285 61009 80700 83288 149781 120377 163110 111235 195663 97621 112029 106375 188025 108122 141471 105049 142557 126475 221280 142268 226704 122017 238938 97973 208206 145645 162441 85860 172632 81905 128601 
142120 227598 69751 99087 90785 119673 94952 175233 48057 54201 116931 184518 104964 127596 75906 129102 99261 143442 69909 62643 132547 245406 78873 78894 145236 272022 48492 59619 101825 196557 87833 69096 136471 241071 116536 150903 125983 245712 105619 48699 118412 105339 86534 119613 126026 242370 103586 115932 78984 84522 76835 71055 128885 132639 110405 179589 83471 142674 115252 214743 48819 49740 79589 101379 68962 95916 78851 137559 125942 218094 52225 66009 90855 159348 116920 201405 97833 101757 101212 168456 125759 172083 92398 154971 124447 128748 121675 178770 85562 153318 138375 238905 69972 120549 192019 389955 94515 167184 104539 194799 
60725 34431 98467 140385 109085 202080 113603 185205 66412 69027 84500 61095 105452 162294 198043 153405 89565 168327 123535 199746 87077 120333 59789 86346 173874 291609 87198 145893 98611 141711 129546 96450 48699 61764 97635 198354 83647 123816 96030 78309 125928 260784 120914 202830 116982 201192 64662 102921 120827 220857 95186 144684 92680 128694 97433 161586 69935 106785 165143 273129 95308 143904 115910 146955 121102 250839 102897 195117 110386 181086 43501 49986 44034 49338 54563 67923 190736 178998 120337 214812 154860 305829 88939 92835 110843 177366 82214 58446 108617 134427 45456 55341 82677 158445 69884 58146 94208 158682 105439 184332 
86405 99789 83599 123732 100970 186414 98983 162861 113670 222408 79416 144960 159736 196197 134021 248922 141174 311835 99796 150441 96743 119910 91004 95307 54962 74112 107067 154164 148187 284949 77368 47160 92508 142413 151604 327357 151798 263934 88953 99966 68008 68049 145513 258732 74201 89553 108680 132144 111018 175914 76721 80469 167865 279291 84603 73653 92627 121809 78348 145251 125174 215508 126038 149301 141438 230901 67076 94200 44437 49596 78241 123753 75360 134442 172170 355161 44702 52107 73479 84873 82382 54081 92828 143364 141001 208878 93976 119619 127454 175797 139102 186474 87495 64998 162930 321171 129682 208362 72495 67341 
85618 94428 103944 177753 103686 186954 108105 84636 103535 144147 94923 141672 61714 77568 81238 141633 88891 104415 169935 258243 62358 66225 152363 213903 130089 175704 152238 262482 123281 146973 192079 256272 78190 76902 107304 172038 99940 208023 170592 142296 135532 295587 100145 159495 135199 149997 74510 132258 173781 283344 163542 269787 93070 77283 92658 138159 96253 185589 141545 225912 66740 88299 139555 280728 59986 98544 87982 125442 117784 220701 80190 95997 166047 346974 117206 153486 103398 144483 89168 92205 83508 160356 79407 129837 105172 162846 101102 169539 80545 124560 75055 85884 71602 79146 96167 145557 85015 140388 88275 98550 
124374 160044 119082 255480 97787 184272 92678 185037 94355 158523 140017 268479 86383 92559 71896 108111 114250 203256 105778 204627 100328 141114 99716 150996 174682 325560 128575 259032 85849 82530 125593 216441 79775 154323 110169 197334 87011 121749 165355 255261 94093 192522 85165 72546 167509 284727 74787 98676 99665 115275 70672 133353 93401 125583 113375 151215 132436 237618 89762 96699 63005 109545 81034 93423 99187 134748 112711 138471 110202 226920 108034 151140 153040 248013 84431 115224 86190 141504 93955 159036 70018 82047 146923 264315 104634 183522 86794 153729 74060 132933 46133 51348 124067 207411 101181 189849 127935 217419 65578 72756 
100929 182745 126916 209115 123233 176040 74519 108216 76202 111777 93467 130419 90578 171129 101284 177702 61046 103557 103898 144684 166868 262008 100863 159015 136860 176901 136778 118884 63875 79866 60354 58767 50183 62637 124892 69267 79176 115512 90280 54432 72525 88611 119463 225219 98231 73437 139614 110877 133566 297507 128775 185016 63747 103128 127419 152655 83304 123843 82706 72357 60148 82014 160942 373455 141128 312285 92765 146718 94382 144591 144938 212388 118690 139257 82014 135960 110154 128991 133615 153291 99558 132381 96365 161544 116189 64740 61438 68421 98505 53142 68201 59721 93440 134313 69595 46920 110690 54744 160939 334605 
194599 462408 86766 93954 102367 141861 191227 177933 100762 166797 115503 237432 107465 167928 145993 321072 131682 249381 95548 154509 101412 127371 105195 126798 177934 113736 122270 256740 118384 273507 86983 149973 77417 128148 76831 66039 83426 146532 119510 127578 91313 157590 85359 157347 93900 69084 157233 374205 83477 119577 58212 80784 85056 151722 103879 52776 109926 183921 74760 98481 142105 276327 164539 368400 126188 208482 121672 172650 126977 191211 100642 95628 100534 133197 138786 251112 168094 298155 104186 91584 75301 147030 75112 54915 72340 64794 76532 117645 88264 125166 65468 100575 123027 179856 95139 116145 91394 137616 51949 52398 
75568 102540 102398 200220 83918 148551 117940 171870 48001 57726 108376 55260 127784 125817 199944 297237 91725 126438 125007 236817 71036 99135 136867 155400 51679 55098 81480 127548 117601 141999 67125 92220 136301 121509 118381 170199 72968 42246 62011 81753 90686 156696 120688 225315 74905 100848 80503 123393 84291 57432 84912 94476 106695 169404 88878 103782 105116 190773 74383 77964 76990 111738 56533 63645 124338 179634 97118 142179 50950 71481 97241 162510 108915 190017 75992 91017 139608 182457 107784 134178 83512 70164 95248 66204 99398 191430 215864 278724 82767 152955 78636 108798 112953 192210 86893 164553 159466 387519 119952 167592 
53165 69447 116680 94629 78817 46791 95906 174009 56299 69324 120943 213390 93596 147171 85064 159123 118218 100947 137686 265968 74201 60975 52024 58011 74573 109161 68759 108777 146585 217749 77545 131898 83668 117894 139512 166365 60298 67851 137576 288978 114134 248964 115633 173595 121064 169209 73103 64902 79981 134898 66750 80433 46410 50463 89538 106776 93337 127062 145782 212454 105151 107679 82997 128526 105497 147285 100334 129426 104825 224352 129136 154326 81494 99012 104176 153354 137160 268188 121588 167637 131634 199659 125095 235206 88906 114792 125524 230118 148173 238716 128680 192561 99781 51522 97306 139413 95311 149556 133291 97836 
63770 101847 129035 301962 156955 288858 183903 357237 63108 78300 92629 86721 171864 283914 88651 124656 94084 89460 158305 320712 88107 104712 89638 119562 87520 62757 83343 139560 100954 144465 56803 75318 84479 116409 107298 175911 91283 129429 132381 261345 110302 214359 99338 146148 114849 208476 73023 55419 76357 68151 58575 76269 123407 152385 92584 124491 161542 221319 143057 310347 89471 142110 84000 110922 73384 106884 165880 181911 122194 214509 88039 141723 69077 66936 116925 140223 96345 169191 69098 113352 131824 132783 64767 80808 98264 175812 114616 196491 94440 137691 99494 128967 90842 101928 107322 163710 61640 77466 83173 58953 
107519 196467 160159 322359 98704 126147 145582 318936 57181 80808 169587 293805 91228 152574 137608 148746 96055 87954 143091 228048 97629 183279 74351 120954 100449 126219 79302 140553 99434 118254 92826 176028 128154 155511 62251 91536 135197 276753 61565 101433 63693 86772 87806 113199 99148 142074 125072 204969 81707 55857 106063 162810 71200 102615 133967 279267 71263 119652 50875 61836 146422 179400 70154 101538 100476 173976 92756 178965 127144 229953 72610 103329 98502 150261 115585 182319 211059 370887 105174 192972 110631 228048 135959 142125 104896 210936 156534 295743 125574 210678 100380 169731 152793 250437 72766 67431 120672 140829 98804 133938 
118481 180900 137352 287547 93940 104382 55977 89346 114514 130560 95338 124713 48446 56520 67911 100962 154051 183729 69608 40914 99153 160410 56134 50895 97232 178320 80164 101022 56567 72555 146559 250674 100419 130365 54938 55998 81660 89415 101575 125451 135314 175149 76103 127326 126604 263613 115727 236457 80385 59289 120480 186468 107622 171357 91876 135807 191265 303102 108814 231861 98812 132015 88285 97698 104073 196698 144080 289086 70597 121806 71680 113505 116923 121407 78803 144051 138126 283809 93649 123774 132151 141609 116379 247194 158537 211824 134035 238230 113412 168318 85525 91362 165593 317388 209295 420084 122503 138885 91440 192507 
102037 165111 217762 430251 80221 96663 108971 169749 119936 275106 158806 272664 97670 117630 70705 83661 116774 211548 74141 56655 118290 98526 96811 195030 153903 310182 106360 193122 153200 221232 64574 94287 129778 251499 186562 365784 118315 144450 80098 114609 66890 101604 120133 255285 74039 120921 135854 127458 94185 118533 112598 220011 74742 118407 95933 70401 169654 312306 179974 309120 95546 184830 155202 261777 197455 472335 133220 252702 59081 71562 133440 220746 87729 146937 53896 53742 127835 150648 124418 130125 119338 180126 139950 295302 59671 59559 77177 92217 75945 64689 97802 130068 73480 99984 81417 113262 139487 144312 118056 121926 
91508 97338 69577 110868 93220 133557 103821 120894 105856 133680 78183 93711 64869 57093 64863 68274 68809 89295 86072 139737 87019 137058 128973 208926 49319 61962 154680 255288 57381 58527 150449 361383 103735 213537 109911 205737 56597 63207 104438 193947 142314 257214 91876 141528 118946 213702 112391 212091 105056 152625 59812 72078 199822 262881 98823 195078 59179 75639 114288 100731 118249 205092 136334 224676 117409 246561 120479 184185 105676 190398 52543 52050 75203 123246 131395 175146 91141 144813 63648 99849 148532 113697 104891 144087 165600 320073 58469 77859 51152 53514 118526 211227 82722 129381 128098 172554 84016 52278 154855 243246 
97782 75864 83400 68253 95434 116418 74635 57942 111250 237546 96409 119982 117818 102624 137921 213507 78700 89205 50452 53361 128849 215433 131295 95601 77353 69546 57702 89484 148295 155268 116365 139449 111254 188082 123532 181317 94527 154140 134980 157734 143318 179172 105139 154395 77897 78099 106801 208017 107614 135195 77246 97536 87542 87696 104055 99015 124889 84654 81551 59832 104688 196941 126600 197118 109956 140223 64044 71469 64004 65040 143140 251277 69929 46419 129079 208473 111027 207324 75890 106935 92639 138993 82584 134208 74228 87798 92902 91977 153316 310119 124801 205146 89765 100344 135721 247392 157371 239970 125527 183840 
64465 66735 83021 66291 51272 65100 45286 51471 143786 258048 136817 233691 105083 142335 94316 66477 54029 66432 118331 141573 139320 180954 66845 78279 65750 83391 176675 309072 114580 221547 93551 63162 141125 290253 181139 295842 172832 244317 116323 206706 122812 156267 120633 190113 89021 166830 174889 300636 141676 184362 90965 134352 132213 157386 152544 150366 70328 121416 103650 145173 106570 207075 98920 172848 78424 96468 109692 204294 194479 281223 96218 146535 89063 123591 53096 71478 116528 192255 57865 94125 71248 100674 125340 193692 57344 66696 75086 117732 126544 253353 82794 166326 92059 157554 65410 57111 101674 193176 98438 172944 
192478 193929 144271 176673 79278 70356 112008 212889 81763 117126 63511 74847 173142 254988 70136 130194 165728 208428 111667 180066 127017 210132 159936 239178 105178 222750 69402 105375 75578 82497 128040 199071 49021 56349 86720 158436 159551 281346 73869 107529 106611 204585 80609 61347 137103 106122 163700 331209 105802 179373 96786 148236 99874 163509 80232 129924 139575 322452 125626 204501 49769 57690 98174 208314 152119 218784 143390 276867 71737 97497 47311 56568 135749 208767 119382 133104 87390 96879 79715 80325 53141 67734 90173 174636 121287 223860 109444 164964 128739 158010 90131 161136 88011 71688 89188 111120 121772 176082 155521 131997 
102179 151425 116882 194928 69800 36660 97886 181404 118202 240795 87356 65805 147589 323262 112659 129828 86690 134880 128684 278451 75417 87057 124951 157416 85781 142299 119759 241335 56832 78732 111963 182766 180979 236988 94552 104322 119460 188754 215426 397023 70354 75225 119182 119958 98632 171384 140067 218412 108174 202953 93020 141450 124461 243930 57061 67272 133353 185874 130695 200871 98749 146802 95981 137682 168472 240849 135742 269829 119213 247299 128265 200361 78165 101856 151735 220365 106956 83664 110096 127791 93301 141315 95944 78888 100324 190647 111476 160863 157386 245427 152867 343620 91948 78504 97775 105918 64737 109608 96046 164616 
115433 263985 109502 154701 61209 80208 64039 75330 140265 239466 99411 206319 70742 107925 97874 81747 81857 96093 141539 332385 87284 146262 166297 277314 181758 316848 138697 225777 94694 114294 155986 333030 99496 147195 120972 243288 116577 117462 74744 100128 99749 203703 119169 155772 139344 272451 99496 44058 147172 249930 149944 302805 77927 146421 104835 162543 85928 94065 109101 163077 143314 335712 113145 186183 84273 120600 68245 103173 120208 256026 75625 102333 96758 154233 83346 129216 130782 241644 91967 168957 64691 70329 112337 194424 132678 277782 67393 84342 229928 421386 127546 288678 89603 127824 61859 70320 81278 60204 160134 236664 
117080 228492 77436 73170 93950 101706 70066 81255 90738 110463 151307 179211 103001 144957 155027 61047 90858 72738 99799 118047 113033 207498 65593 88473 134472 282408 115658 171942 142565 227346 138629 215577 93582 133110 99857 118803 158720 276183 111376 144087 115492 201429 94719 105870 68046 61935 140823 315513 187993 320535 143901 161052 189799 199371 95879 161919 78089 138549 78093 94089 114865 203574 71126 94374 101574 168471 126205 227826 77091 87459 51216 53787 114799 192393 89832 177153 176445 236013 54350 75861 68429 112218 112258 175881 146579 239139 129196 162231 144163 182103 113206 225579 111299 108774 186674 263139 170855 408015 80540 90537 
96383 178530 82346 98571 75168 69276 140123 175911 80700 104256 98242 178671 165283 347295 131945 195282 129919 182637 178503 171252 115986 198189 96460 131721 86684 82590 107582 114006 125539 216144 138763 223305 112711 215799 86324 106638 121746 189249 101745 195558 126257 152016 81056 138300 132582 217584 149138 241377 120781 194400 121057 130923 107197 82221 108199 119763 110185 150459 92604 134091 77808 133038 116407 162213 95490 130764 122447 131841 87055 86790 103551 164688 67179 76449 125614 109839 48024 57120 96627 172359 133478 171360 167006 352527 153352 218337 133025 289110 72909 85437 152551 272712 82795 59175 64671 93789 65656 34953 104197 193164 
131330 242241 89657 136995 110236 222615 96973 132210 140841 173595 139946 314448 86726 160359 141959 236865 121693 185571 203612 258237 80871 95193 73304 105912 73189 109788 100591 132030 215816 498132 61782 59469 50746 63210 91432 84279 90566 156723 140879 183996 114068 134280 173267 283188 97362 174966 102582 162369 62790 71400 132515 218013 101491 59376 109685 188748 120206 224445 55091 62814 106759 193875 94629 152268 82363 67095 74803 41454 69126 75102 99113 171465 72713 116535 115148 230370 135859 263724 80234 138168 50031 55158 139285 52374 91078 69720 130063 197490 59601 72582 164772 287658 110260 175929 108681 222780 129184 216357 151964 288732 
86928 85143 76478 103008 84439 72072 126548 227859 106291 132780 89476 154917 131192 268665 152811 299712 82913 130116 153395 210522 177310 256836 123242 243684 73454 56070 68743 71448 152092 289842 68076 84831 107408 104586 100100 168078 120996 108195 74170 99627 135231 233229 100516 151791 79157 101814 122850 235614 107005 157887 101854 53079 61637 68223 77914 95652 109458 175830 81169 73341 71658 93603 168092 368586 79597 157833 113259 165549 125430 245340 90879 100917 116899 228252 67155 98904 104809 172536 83312 73200 86280 137316 168373 274614 148251 98373 88918 116094 130073 94827 126204 232113 126580 152736 127825 155043 97609 201411 158138 250218 
114034 170163 112410 235719 154009 199293 151661 197742 129122 157008 100596 198585 117260 180189 131444 230334 112012 257223 185577 355548 104927 107643 86932 153051 89786 103917 100855 162729 123022 230673 100643 141651 129529 289878 130952 229338 68680 86589 87747 144492 139702 158190 139392 304587 68535 86268 114659 117030 131382 179853 60529 58554 141217 137286 71412 114753 102502 126921 80803 62769 111796 119691 59385 56676 74869 102867 176478 373821 110656 96333 93957 153825 108343 159171 100496 147522 63252 66843 144841 237930 106251 154914 77681 64401 91062 108072 147081 321828 150230 359439 80720 83277 184985 265260 81700 91674 82159 68562 122974 212610 
135011 299997 104159 161424 103642 169101 63735 72768 109227 162384 111065 188790 199939 313794 113466 145242 93698 124047 89475 162963 134576 214809 98735 126192 86521 122997 70923 106596 108071 137535 84382 153669 98725 133647 70181 127806 58057 61182 55690 74745 116388 203943 58146 78930 104446 127938 180367 352719 87949 79989 116570 208635 126350 257079 155253 258030 121228 150714 75455 112701 163962 185109 96853 86997 179847 272694 107503 124887 110753 146484 115146 117255 109640 194100 95831 152514 162385 353094 119905 134541 137950 230895 124448 244590 139795 324030 117184 169233 106843 205557 97666 130584 50652 57750 223514 584355 88982 86364 180377 250779 
87179 174006 101367 132924 88254 107220 128115 266463 114798 237900 69238 83670 94329 96723 166206 288456 119555 244110 73943 55770 99559 40863 109762 121998 144165 227958 157812 254262 75005 48159 115798 103206 132684 202944 76998 110421 152480 317748 200288 160053 76381 131904 240475 424317 101575 138975 127492 181230 65514 105531 108709 146112 87819 136638 91055 52359 173862 338061 148341 256683 150444 312588 162273 193818 98175 137919 89756 99150 138088 264021 110408 198849 74966 124602 73114 109461 133746 248328 75980 46977 95013 115446 158043 161784 112062 139140 111179 193806 99315 85437 91707 173376 62433 64371 99805 160500 130308 157701 66432 86400 
179718 340398 117323 173013 102908 203430 253571 408399 125865 210132 64842 64470 91457 63102 90887 107571 138592 148257 176985 260853 81013 137871 109004 57504 108615 216426 148639 238818 106087 163368 65204 86886 142823 185133 103957 148407 82942 111585 70686 96651 85633 112407 68097 95811 146545 210645 123104 146628 79298 111180 73071 47985 199855 410475 70260 96594 185746 342399 160364 117411 112358 231285 104698 194082 99555 103473 123770 69660 141225 191994 90554 117066 117771 154149 98068 192861 92595 130644 72921 112464 95642 119544 86237 93084 79657 99615 158328 323142 99456 154125 79135 69849 101541 161847 58374 70893 64634 61818 65040 84570 
118152 220101 85146 142710 101708 184140 76010 110538 182014 348036 102115 149757 70509 84984 164333 131631 179459 266838 51957 57576 131739 201309 80578 82503 157861 310950 104808 170391 107899 117087 94678 102699 190747 308154 140428 257328 114277 188976 80047 131217 61556 72579 66749 68832 100690 91605 141688 232500 155846 172821 98153 185373 137769 246696 103571 179226 112782 144600 83399 156168 85856 98736 180367 323619 107063 224583 106999 159462 117299 168696 137850 248319 63296 77760 64800 30537 89480 135174 69098 97824 124187 70110 154055 294117 81792 112683 144022 222126 109171 181065 127908 259368 114283 203508 144125 299751 97813 122727 122510 199422 
174255 255948 154370 276348 161529 303978 53354 54501 141217 237102 133222 191355 76598 117984 54164 67230 188940 368760 57498 58230 72491 94707 109218 167847 94292 126813 98755 165720 117569 221760 98314 197487 184783 258435 67686 110157 104585 124791 85062 96711 134314 183774 98523 128364 84059 60993 101346 138981 52323 61353 110703 132270 77097 133128 133127 196254 123356 159666 100403 154146 112184 195513 72817 111762 101934 145281 168291 211548 115946 126591 120139 261810 83191 120510 172034 313701 118956 182523 159093 214800 94782 164889 85381 119445 77036 122748 70618 99795 147810 285702 53214 67587 79441 132036 153833 310515 154190 157188 70035 97914 
125492 204024 124943 247614 167471 292965 85064 105153 110915 134004 100658 140904 75277 106128 145167 194241 66891 83601 155818 223401 145030 238317 159085 224913 127094 228597 111713 166020 150949 262662 94199 117387 114558 233199 63284 77211 57078 57438 165459 294969 67922 114957 101147 185637 89879 158469 107052 160884 168532 192537 173411 336174 69677 91551 47911 54648 83614 86355 70714 103755 128117 225213 80456 136053 68084 82767 97802 78456 153619 244977 90976 159810 128651 194565 105462 139212 95985 134820 112569 153249 140335 273360 62039 102852 97719 178353 170091 286401 144263 213270 79200 112869 100333 180501 168870 267156 144547 134409 178942 275859 
50604 62814 66289 113241 103181 181983 86839 74526 108008 141291 58880 67353 138652 221565 114334 200763 98488 173262 106400 80727 122982 223935 117781 156198 130814 147915 111960 184611 186661 268065 147143 242958 102579 218598 122365 244986 121154 93717 92547 125637 161369 275604 85453 157275 89093 131541 83104 48489 61045 58074 130655 254460 95982 120042 139631 226509 105813 202767 88425 128025 71770 94116 156181 226635 129623 180297 78907 95436 88385 102879 77245 134208 100903 137802 194516 286914 101970 208602 173612 331074 82109 104796 119563 243717 118419 129303 112141 134046 79587 81816 101624 185127 93393 153489 76562 126432 156644 269238 91889 92982 
130238 205653 106265 184884 107389 97962 83753 90147 109727 119475 70787 77058 67703 93084 69031 96852 131334 264258 105011 190485 110568 144294 65949 85020 94778 173262 86443 112110 180661 386409 171947 280125 138697 173775 141158 284313 173107 348159 86647 86595 75701 123807 91803 111840 67120 63921 80731 105093 113024 168129 142421 207774 73617 109032 172915 360756 134934 219921 134813 119049 136093 270354 92586 123921 120007 124425 97961 176925 127870 209076 91726 174273 212604 389580 73026 98757 92146 141210 50965 56130 107193 218217 147563 253983 89573 154725 140965 210645 101944 124134 100853 127524 95320 160122 110466 100518 96198 156318 129725 119121 
70364 96093 81689 114387 81260 112905 209301 289803 86016 80832 111346 227799 61845 79890 86739 96192 72892 68028 61796 63435 101655 102870 62900 66717 98838 127353 206076 409509 150497 208959 79733 78147 95879 166254 81398 53904 100393 182226 104422 128226 144727 104595 76046 40863 70529 92472 97441 93543 135432 183075 108831 177474 67311 77490 152675 320991 149486 215640 171678 260652 84146 99873 108896 107415 111189 225168 81348 153978 78566 105663 99437 168255 111203 209802 81182 79317 101554 132495 111784 138849 78204 137538 71716 98859 99228 167499 70980 44883 122278 212688 66204 77934 153169 213402 84832 72084 109039 203733 149649 282138 
140665 285300 157833 262665 90758 137625 169648 252612 143139 131586 114641 118731 101568 97941 71101 89286 114873 175257 121035 231690 169957 230919 159987 367551 137387 205998 77241 48876 112308 214821 58162 75975 110850 145488 108227 80550 150472 190743 173224 238341 84674 104001 138846 226962 101360 117042 167029 164640 171559 251160 114813 169920 126271 116499 114945 188019 119705 180462 79119 82986 70214 73596 108464 140448 109730 119100 127319 137586 137422 268773 105954 147324 111004 126846 124552 144639 64579 78153 128946 203052 54013 66756 73801 94677 143954 337020 64243 102411 153977 224160 124004 229482 111654 202569 90709 136113 86441 126504 132859 282462 
197785 445449 148151 238011 81855 109695 89621 158196 61811 78693 97555 171135 184374 199953 91557 162777 89936 152463 105279 181218 107133 113622 82389 115698 104247 98898 89986 106932 130243 137664 130658 93723 77404 58389 157545 286257 115900 256062 111183 165651 88856 63879 66979 82527 92922 174630 151023 199479 108771 163047 119251 245283 184847 260304 122545 185100 139037 166026 74691 84498 116251 184875 76575 105825 178046 394773 70671 39405 101835 180510 68936 84465 122184 170331 137217 152469 130430 164754 152030 277704 109423 243246 167395 309651 80570 97530 51635 66408 121871 200325 108886 154443 206901 313602 124617 136479 136249 167088 115983 163242 
78994 58584 66002 98643 129673 206724 119840 175035 113726 129483 112908 186114 124620 115269 111560 164907 81919 129204 109254 168852 116334 204585 127878 217830 96758 154056 114474 196746 121891 227616 66742 96243 83653 94881 54604 60363 153007 280743 72973 91206 75044 53475 73482 97638 161889 272352 78290 126723 129938 111147 67677 73395 82239 118497 128088 167778 84684 119127 120970 220959 89188 83052 128601 181476 119816 194664 80394 141438 130772 190071 106222 108117 129358 166107 71707 68838 91851 106422 81067 121008 107754 145080 91145 113316 176116 223125 76465 113787 127139 154470 77738 132033 65876 71844 123091 166104 119543 196680 83519 101256 
130473 157794 87892 56160 126097 171780 166417 237735 68276 38643 123737 155187 83537 140070 135693 235680 129368 217650 144691 228522 106327 177513 129559 216681 122321 144651 101017 145779 63053 66615 134954 241866 55571 68979 105972 150519 115852 181380 147206 261663 115961 139557 145427 203748 111358 152745 144474 160002 85772 77187 112723 101130 119039 164577 74253 110502 118806 197169 107973 197649 145403 268428 185785 330369 82713 108351 138360 319257 161396 207174 121417 145980 228879 362685 97624 183324 83274 97377 134076 240126 206981 463791 66454 95271 146792 209454 120947 249630 96526 176913 110882 158820 85130 72108 113780 172422 115010 176724 83215 91092 
59839 81933 143255 210402 118991 212709 178421 348468 165322 308181 93220 122616 126964 215157 77570 104754 72361 73905 102607 43452 144829 175872 65623 85371 162858 224955 109100 233118 106015 118086 94087 123657 105813 174882 75436 58830 87304 73191 115996 127512 102514 135600 74822 105024 118438 211173 151966 169158 102408 148089 99646 168186 83294 83130 117990 234705 113048 184704 135827 254448 89579 119442 76252 135864 125298 245595 79377 134511 88451 168753 117072 226197 105491 201780 84311 100209 90798 122673 83332 157074 105977 134829 96467 171924 169068 201981 127492 264516 81875 139485 201530 333162 125456 187158 92864 128058 109102 120756 78033 41931 
264938 427317 192776 337134 182043 387153 119185 184302 145451 107016 91108 152721 160535 338820 153179 329082 74557 107880 114228 188691 95528 168141 116244 186096 145028 228171 109863 162963 111564 107688 105587 176856 123822 160656 107155 116370 151027 202287 129304 176859 103764 144534 56254 56571 106598 181038 182722 361926 55058 67056 204780 230073 91012 167649 196273 428382 112000 129714 125672 81636 77345 64692 63349 82374 139623 206997 107067 181752 150445 281784 115444 181947 139342 261930 103420 83871 200674 440184 70993 117330 105377 168756 93892 68199 124688 186519 83593 118632 93808 111798 101684 195540 166334 362040 60009 62877 85757 121029 176390 202176 
151965 207993 166067 316407 53244 62508 98362 154011 170084 360486 142365 200793 93941 135105 75842 103260 166155 252468 146884 196593 96578 163917 161701 226056 123915 138522 86270 50985 96957 204096 142488 196299 143962 144906 59536 57309 115085 144531 134748 214791 50468 63210 81892 155829 147686 284706 94020 70326 114891 195897 173425 286974 133228 193380 148234 220353 164885 223647 81938 60111 137561 230616 79726 77331 68306 104712 90102 149319 151328 320130 98540 116037 174172 378180 118285 104157 116928 225675 127238 272007 101425 132291 54967 55425 141083 126228 99259 165771 170148 157737 177402 345543 149478 239520 85778 105966 118901 226173 100341 191991 
95987 85437 172307 330102 147188 64539 136772 316233 134986 213798 127802 203163 63382 75426 128647 142566 119359 186201 99791 139497 79642 129990 180506 373737 151188 274296 133659 91800 120429 151167 81429 143424 90228 100362 66134 88503 167051 216084 98535 79077 110048 193929 91615 152169 99903 193560 84123 135564 111071 195465 109573 39411 89985 65781 192336 330885 129933 178947 100639 129327 125537 189861 123537 227010 98931 81978 92324 164457 137911 212328 110646 187065 81923 132456 108621 80217 110364 189465 129328 223797 88538 83166 114684 112878 95687 117687 110612 195588 97403 117288 140222 160680 85487 135798 104931 139845 166195 290304 144202 257220 
60871 85164 62761 84453 93697 170799 94834 180912 49242 59679 121205 180642 189207 311877 157086 263907 174165 182931 70737 84759 130325 270561 107799 215202 62410 58167 120969 250194 58217 73938 154541 261231 134292 183231 78757 127683 90062 137892 106816 207921 78518 89430 112054 235713 137681 232968 115124 207033 123493 171990 106124 103038 64601 69852 63522 97551 127715 262239 78890 87774 91768 67947 125362 193035 155828 207045 125540 211284 57875 57030 149405 292491 105982 152169 155300 172767 147175 193683 152633 305214 129234 293862 88349 130443 88688 134475 127702 156327 114443 156600 96525 80565 165544 233151 87013 169281 128794 212856 109101 102708 
98100 117501 115864 200784 119975 209229 112071 167541 149059 197244 87768 164061 116146 64983 89295 148575 178144 317616 186792 332178 91702 78330 149841 281835 120864 210402 78154 116961 166767 216522 90708 148647 125924 152397 76632 61320 110031 150462 106873 205326 160463 332163 84107 114006 139070 273279 110932 80928 179936 319266 107286 214701 177426 283395 136728 200526 80924 70035 78635 73398 125797 173457 84148 156546 128807 173871 132326 250665 93654 140436 102219 131946 63453 66798 76581 69945 211007 294954 103525 102468 76555 104250 63299 65610 89987 157182 91902 161187 95181 182658 135801 234720 119943 187794 174179 221820 111054 186807 86163 121740 
154016 261084 89091 110727 193536 311610 110373 168594 108256 206088 150082 297336 53917 66243 148464 209970 98569 146814 162554 190542 91856 166089 74697 91926 83436 125814 66568 96195 160355 236514 94206 124818 113423 160887 121134 176697 130535 258678 109317 107955 129803 231834 132798 197397 141745 258783 77890 115104 130752 124161 148993 251061 111825 152166 125613 83025 108796 164274 57461 57969 97739 78615 269815 498198 123153 237135 123506 167307 94161 109710 134967 166701 80060 62673 96891 137379 145684 284073 99239 144552 99891 125892 133750 308982 88212 132423 152729 262458 144908 241227 163118 202728 168411 350844 108561 172440 86352 141936 59937 67368 
157750 245478 111333 128757 154345 331974 77931 94761 118043 201396 191126 289659 101766 75090 76468 42468 112949 194754 127010 249372 80689 144684 91171 52959 116510 204291 98978 157224 96019 123603 150619 285204 143533 242823 133592 148110 71325 86445 55836 72981 77559 77895 118107 263535 124980 230316 98685 150591 190808 347472 65595 72804 162652 301467 76412 65190 88372 115224 135749 152496 128862 179412 100890 144150 113288 219195 93066 130332 149462 238350 177394 351876 147130 225849 201481 386304 68033 84540 117211 192603 153486 323271 61240 78576 127743 125913 113595 234507 93721 127626 118616 153579 152864 241962 111114 180216 159601 336540 73966 122424 
203051 473313 103318 131511 167910 236487 128076 165795 159800 388890 111198 167610 117620 170430 101223 168936 85515 57636 128614 244020 87784 142287 189006 285690 100489 160896 102124 106425 70599 96063 145978 121950 131524 266724 95006 107232 171156 249249 193513 263946 145997 98544 100541 139029 134112 247044 104541 213675 80982 130317 93537 80886 115731 125739 139902 278502 121618 134154 150738 185457 64655 82476 99942 191151 178177 261846 131136 181827 182337 356058 89869 155007 97218 173625 81965 109305 143295 255756 94398 180756 113022 223713 146834 197637 49885 60828 116605 203250 94094 169314 101149 104862 88707 112710 105617 128217 77837 100026 128696 190071 
137617 228084 84564 137994 78857 138249 102136 108747 138695 291891 181212 255618 134053 263211 143439 203904 107758 151770 222934 278001 157240 249498 120779 59079 110307 160422 113453 195870 65237 75804 139870 213975 175399 314964 137781 248469 155040 184902 137401 170142 103336 150576 196037 329907 139039 285324 89334 152160 109754 159138 128730 256014 142598 248865 139907 261525 192504 309780 107473 178395 87354 139926 89721 169869 155410 221925 142884 232062 96886 113541 156435 260487 66649 82197 70719 103341 91666 166506 205186 392949 216304 224280 139970 245445 92951 163746 66153 80754 160731 262608 82787 92301 140205 202869 162788 313404 139206 234393 91596 111852 
150376 300048 74713 107100 62451 84057 145141 176913 117733 198282 68460 98355 99891 64797 199619 319776 64889 103113 90682 106980 161156 277830 101920 187653 105012 69987 68759 94923 89799 133824 105990 120993 115717 240213 81799 65724 89725 169023 106723 207501 127153 210945 106062 174057 82802 108660 176175 389202 134825 281598 65256 68694 133822 229146 134799 193881 144861 230352 96548 127383 98850 136125 158393 299622 110595 43584 151814 247062 90034 122307 79616 109593 70429 117519 129095 227856 98298 69648 88045 72975 70941 79284 141871 247461 90748 146478 90922 144426 144609 257751 78129 120498 162118 308763 136839 243147 112644 118653 125994 148578 
84382 128301 119457 147666 147188 168321 120717 195249 99496 173913 93312 93969 117180 107931 88377 124305 121981 177417 154290 259488 128841 239778 145682 259926 135186 294672 100451 141222 115415 241353 169929 322473 140754 211263 81723 118692 98129 184977 102726 78456 52652 62898 149790 211581 152089 331779 91793 134574 136677 185223 129823 270321 61301 57672 83008 147966 79877 110784 113848 121239 189849 383475 131018 217473 132108 267495 137777 199467 95791 93507 161989 323526 62122 68073 92851 180306 110507 220287 117929 198042 62274 84723 125614 257574 118707 130659 89696 157392 92548 77430 146917 240360 172438 236400 142671 198345 110059 112914 196960 240960 
95760 136656 152467 294168 144336 186444 58972 78990 78443 105210 86318 120948 169697 244230 101043 145467 110019 146817 99248 89766 85583 71031 124823 251838 134460 209817 85082 78987 115702 230853 107105 149391 131994 286284 116149 201258 88252 55413 103579 89784 114886 208083 173599 255648 150484 351213 108574 148188 160101 236262 104557 181878 75689 107394 59959 72414 72260 100071 110665 218226 148816 155091 71359 122754 96766 165747 107088 130350 105378 156615 69877 71766 151793 260301 115839 190356 158952 199299 84865 129069 64760 87240 148447 292554 91336 128757 135146 240030 77806 102465 133008 187971 147470 264816 178598 222003 158135 309909 100533 169059 
129394 107487 160801 281094 85795 108024 72320 45582 64905 91905 119644 144330 109580 90915 108570 118377 87154 128319 110426 183705 171904 263532 98138 164016 132843 248160 209840 287706 86980 153357 133867 93000 130627 216216 151364 190932 71224 111612 92731 156576 188600 300123 61241 77955 226292 253878 82028 121410 101651 171000 131878 236166 106813 139188 146005 230562 116913 159780 128384 262524 85234 138939 112441 162288 84230 112362 113831 178179 112991 210090 128717 190491 75968 100014 105256 112869 60696 80547 97159 155031 105409 184413 103920 159201 201993 403029 157594 198402 132832 179454 82612 62424 66779 64299 198480 269901 54789 62919 76947 117300 
105384 201129 92227 153996 140844 257946 61736 80958 110608 147348 88224 135924 141356 99141 80801 137202 99863 111675 72723 47835 59114 64641 113217 191808 99134 176625 85399 118500 191916 357930 87084 66207 120631 248436 85266 114066 139935 106653 133877 185964 143593 212094 108239 132828 135865 282432 96175 95667 77128 93801 97629 122661 131440 245175 149517 113058 70089 83826 152852 253761 107075 143946 79050 105753 86253 146373 120078 119406 113851 117234 154733 354573 64854 77262 76932 42522 118586 183489 76201 115485 91099 118236 167241 214908 130616 279198 73168 43632 168261 317736 143597 170004 151199 209838 142277 304179 117544 155823 141052 269694 
101708 100560 73573 72261 159821 178533 134221 226491 124316 173151 95911 182571 93841 101910 74616 95253 109866 181365 102653 146859 79724 105153 117762 58170 152718 202653 135750 195003 143111 302808 79857 118020 129888 167124 79960 109203 104088 192396 75737 76065 176274 361806 210610 249957 104408 128796 123603 170724 171863 327240 156014 244206 77625 85149 181127 263169 165834 322002 150343 244017 86261 104793 142202 269010 133337 217341 149494 243525 80834 151500 149260 245385 128826 247113 92589 170460 80450 98247 126162 239688 149467 248673 130793 181770 61086 71898 92279 148047 101938 138924 126077 112710 107727 94146 237171 475167 129980 200535 139180 236733 
166387 180606 84710 77040 130584 80583 103018 152802 111394 95448 85924 59418 92927 147795 71120 79866 122480 126444 124183 197415 176817 275907 83063 162384 168166 313185 169410 249063 98459 108846 82778 122526 100879 180027 83758 145548 78389 115788 91973 67233 130499 196296 127220 237858 113408 146772 53828 58518 93954 188469 135067 44679 162535 261630 61690 70689 66351 76695 85400 108408 77085 49716 151236 236334 176566 373242 129922 178890 154364 138435 110779 132492 194755 427539 95986 60420 175626 382758 103455 96747 105217 151554 72536 81309 99873 82218 103268 111519 53238 65664 142893 258933 111866 185115 136484 275766 140458 207798 126115 219165 
115962 206775 178049 124056 93203 94596 86579 134760 99260 85734 128752 118611 215612 324846 95261 131394 195656 357822 146353 233817 76534 140142 85750 127278 113179 166134 104458 99441 140097 224571 164734 254013 76414 95589 66174 108474 136734 188415 105363 145422 133550 240051 98759 181590 167996 153513 99316 124746 178990 373644 103863 97545 73421 46422 125669 199713 84031 111972 180034 218799 216924 416553 96632 152685 102371 189159 101892 161484 94613 139980 135968 229152 190377 378471 73515 97689 187079 374361 73124 103479 128553 256653 129286 217965 139791 267633 110826 206514 138910 198846 138015 258255 95930 113181 98039 123432 178909 413997 139473 263100 
158172 289899 100809 141375 206062 362709 113301 134946 152264 166737 142410 328671 172009 280110 168252 336387 89038 124089 79620 71268 139260 152934 161453 297114 126895 181329 179810 245652 170664 274248 112927 223419 176057 325911 200300 273885 129343 258630 77294 89424 76478 106101 66374 89544 115834 230145 70323 108933 95771 80610 115196 196629 152389 233706 146608 247035 70709 90936 106182 71316 99191 204978 95343 174384 149878 328779 99294 113523 130972 263436 103062 90198 138610 74493 136850 195045 137843 176469 93965 168720 109169 191070 132106 218376 109548 179643 59652 75669 179992 302904 113882 170349 165407 225840 97281 79104 161293 247698 243498 344778 
105704 81615 106388 182805 172960 274509 145385 287445 103618 184926 64739 77316 96708 177858 132013 267810 101745 99705 99845 135498 63220 62082 61425 70719 70191 87078 128950 209607 190411 363843 89458 163713 82935 78630 86252 135339 161112 244041 117908 58221 112586 222564 93670 129333 219684 291726 126854 248328 165466 294393 109124 196275 112687 194832 52507 66513 148775 291789 67872 110061 161214 281169 112562 125235 141249 222300 129281 265239 117845 144135 260822 589719 107365 85221 120686 256857 102240 116436 164045 312573 117089 222741 144840 209610 70133 75714 142368 334119 150943 331323 69907 77118 142707 227049 119422 155202 132901 100503 119399 194271 
100581 182616 93319 119256 127241 185283 158085 235959 155040 210297 121616 134112 93029 149499 123614 207552 96307 139833 69755 70614 114038 99150 98064 126414 92671 73374 139967 190266 196314 272085 103696 153075 127992 229506 87305 73821 104628 168855 123215 227595 134395 202890 74770 96186 195831 344406 108340 81309 124519 176196 127949 116778 108663 152568 107391 116232 133909 278448 131400 96063 97018 145140 138143 276321 202000 412470 173627 240798 75142 84252 139330 267762 144256 153915 154843 234066 134846 132801 115763 227751 223726 352557 146631 191754 158908 289794 93200 138273 153789 285717 170361 353628 121169 237060 61951 59256 89080 55092 79120 94185 
183450 288132 94357 183246 114360 120948 93258 158085 107070 180120 135155 208407 93043 112830 126213 139398 69956 99987 91644 94689 133236 207522 82433 112950 133043 269013 138347 199590 77139 60678 159267 315717 151410 191580 125361 187998 100597 164283 125882 86934 92027 160800 168350 227085 115863 129942 128969 253503 69130 94953 122365 207060 74763 125307 85760 63960 132532 258771 204671 239859 124554 200706 158329 191964 167786 257283 86519 83541 209217 269673 81325 100137 118280 219399 92382 142860 74046 77328 116257 216537 84782 58599 164924 341256 139726 130227 88938 51237 119420 238746 221746 319182 106089 204063 100452 119001 102641 133590 90488 110802 
120842 200535 162007 251034 184024 309282 85692 119466 196036 350940 117773 110280 127215 105675 149456 185946 113195 143985 143049 229284 122609 182394 121976 82881 61634 79857 107099 149265 76313 99177 114661 156906 117741 215775 130128 172425 125791 175992 68754 79248 187289 296952 96073 120951 154937 173841 104077 176688 151079 314499 112089 140025 94773 119643 122752 188463 112003 203751 131376 194760 162295 208719 208229 245922 174203 140052 140894 162555 84046 118392 139616 248676 103678 156339 112014 135288 107380 106041 72767 118851 83118 109368 137109 206796 138591 206733 116503 187317 140940 226551 130184 264186 143463 160656 132434 128652 96911 86460 99460 143952 
91926 100491 112137 218958 78250 94209 88128 161913 92143 140676 69741 90837 66993 58911 155378 182577 129997 236055 147824 296889 154529 222462 143817 200904 116866 130821 126887 225423 119492 222054 116499 157854 63156 70272 73216 96252 103957 215760 64758 76083 138948 258063 91867 111126 108839 165840 129677 226914 110846 158970 126390 223968 62431 70596 131797 151914 92385 84351 117132 183849 144320 238680 88816 144612 79065 92187 151371 214695 117198 199227 117650 173118 119017 216972 133140 69906 147513 231642 238359 537570 87532 76836 181242 334527 110780 89688 180198 123648 54177 59679 73162 40962 74451 103263 87461 98301 71947 90750 149286 225024 
121848 154968 115457 160203 114362 153171 106611 91965 90083 102285 128686 189378 56349 63231 77660 126384 137431 200313 108708 186504 75255 85320 125461 167679 179853 263544 167640 268602 54739 65724 66975 88419 132099 192708 57171 62532 135485 147150 98880 96435 93491 123159 108491 224679 69915 92991 101746 165750 144533 134661 160903 244086 110319 174507 107967 163563 80752 67365 144840 186387 75479 87609 76718 53100 120113 241257 154287 289395 128936 151056 179892 359124 153939 116316 102563 172083 107439 181935 93192 73254 277644 484125 134685 248784 138891 262929 137995 183714 133758 209331 93800 164988 159539 194181 166979 352395 142446 231321 158972 254445 
118870 215913 95681 126987 108251 175404 110144 54027 177468 297369 90705 96156 143912 292890 172648 255699 156640 201996 71192 89085 90296 106662 136506 280344 78506 129141 122189 199923 174000 267879 105663 184620 80565 52554 141738 103938 112271 161682 149693 161091 104405 170751 148992 141651 79113 92547 77761 94293 85145 74190 101861 187590 153947 206634 177844 245523 151943 245319 127887 205473 61200 64356 129898 226575 115372 173418 86148 52065 145963 183222 120273 172587 130195 224637 157184 247782 107001 86901 184323 183534 152586 213888 91148 99072 107274 170511 68948 91329 99356 104124 56110 68643 140435 201849 107375 166569 92890 154950 144036 245646 
106046 177843 165334 218523 107125 132663 194997 408420 91554 109593 124417 179664 79958 59559 136181 260541 104258 188820 146759 270411 98085 175296 89621 123285 105742 90429 113167 133815 87622 94569 253224 470526 134328 233682 55999 74535 110800 176442 77744 102426 141716 289734 73573 44406 152330 179073 145174 251652 121285 122697 125227 190653 64948 87138 88223 105135 119777 228957 189006 302454 150043 264456 169110 338286 107438 192483 93047 116934 156839 328761 58054 65289 150915 186120 126487 135939 100145 145932 93031 133155 100051 198453 71554 103005 135347 143898 77259 139935 54285 60531 75313 118575 102112 112464 135180 174948 104279 172992 111944 218241 
107493 205263 74190 77829 118204 192870 171068 194469 157925 290505 140633 256191 107685 140562 86251 108798 90088 145704 140326 233247 144146 319638 80940 40242 77081 100773 143826 96465 103304 103143 87582 86121 155594 150804 139094 226470 93820 164892 79169 113427 111678 150132 158751 282069 183586 347628 175858 287853 148500 185766 216471 253635 120143 200010 107243 121248 181377 342594 198291 380238 100516 163905 119902 190137 133402 246624 127040 77886 104686 176697 86054 164763 101971 92589 140881 231333 122429 239613 72079 97293 94364 178350 140226 209787 135641 142122 152162 136227 197962 255879 89633 116100 121855 257910 104089 159894 131586 162825 159950 376179 
137686 231792 128580 270378 75257 63894 85869 48807 227718 308319 114499 163218 91961 121893 151248 240645 87441 73470 171956 214005 103062 148476 141583 266463 95651 172167 137071 146808 78833 111783 164597 291885 121306 204717 149975 231369 181121 199590 170502 114795 83453 96882 116664 179793 137732 175113 126221 197403 69534 95139 209502 336711 144870 254778 96287 102882 138872 159303 112486 169146 132494 188775 87350 55080 131254 240612 94610 119016 226870 304902 122032 217788 106600 86172 129998 114660 107300 147453 136897 146043 88214 128346 73145 93012 119297 78459 165424 216891 109728 42864 164358 333843 122888 185559 193904 299955 101042 122397 120110 183255 
195832 327612 109701 103068 75377 102420 128909 121191 133210 176202 124193 161187 162462 333180 194584 307671 125390 190488 150835 97143 131102 187677 91655 84414 71334 77997 195962 365976 121521 137883 127798 205005 106368 115962 157290 290133 120796 186684 119383 173505 145414 265890 136220 184590 175234 400476 79090 72708 105408 163737 126447 168141 99914 76947 75880 49437 67565 85020 93210 68058 72149 35409 61682 63510 102561 164370 85556 61374 99953 169470 110839 139758 196560 278793 130962 160182 103776 127194 103510 123264 141383 165519 184330 295356 121980 214053 142300 201195 121336 180684 194964 350013 96644 123186 103208 145911 201135 302913 158060 131835 
129098 185730 104599 182868 86458 140580 73131 68940 141082 306405 114125 136839 104802 194499 137290 255921 93598 155514 156760 185442 154779 303996 99494 122508 106500 182733 148850 287676 133544 206367 107966 113307 112460 189132 92534 123873 75436 106758 108967 152061 108655 224769 78997 107163 86557 139458 104254 179811 126338 198465 162146 252243 100992 153678 110554 184011 100981 143265 190970 249951 168543 311820 92817 124137 157511 237399 131413 205230 78167 74553 106720 116499 76430 89367 83696 91428 67266 86412 169324 320790 59251 69777 100531 156099 191075 322344 83120 131583 175526 371871 60338 75078 133227 157335 155534 322104 105086 184419 104322 151452 
119949 240696 123811 198483 124484 199932 122082 166572 164515 241599 208679 318861 183629 361842 194239 170580 78778 58614 163581 222294 118694 240399 113885 148437 129803 217572 212194 411951 139735 231273 56770 66651 82141 116139 70820 115224 153268 200334 138741 237588 147634 158604 84956 112482 122768 145737 163408 231087 151579 302502 84390 103761 115304 179430 188927 315096 142814 312699 79419 96492 117779 99111 121982 141489 103475 191469 147645 149736 117281 210312 95954 131457 134411 179307 173771 242829 116778 245655 95428 116697 134363 225426 78008 104301 89080 115620 139222 244164 95338 158526 96498 85062 118228 195657 199074 425451 175898 192627 75626 83721 
205328 390402 185097 218886 140680 275382 79691 107766 120371 215667 112706 190815 132257 212721 190029 300684 143818 136500 107347 118767 74868 98925 161491 307149 140876 206760 87378 154215 120913 78552 138884 192186 148077 300354 130963 207846 142905 185718 177496 154542 115977 109047 97276 187584 165324 337062 136122 245862 72734 77604 83141 110976 78480 133500 133119 149979 117862 175644 140951 251481 153006 325095 50859 60903 121625 55002 210895 420153 96709 156189 139904 302820 131388 208476 93843 116613 66731 88056 81913 48870 129436 200532 119789 207900 119217 215454 164623 257487 140506 204237 101025 55671 111003 186093 114433 123777 95647 173187 105709 112743 
128893 162426 102671 140526 115450 104442 140599 203346 116718 202986 162047 348402 85596 52308 132869 298515 119565 142305 68716 90384 153476 175014 99641 168069 118100 180828 137666 233364 127962 99126 138938 200775 139932 291384 110492 146085 222648 417210 117133 89337 152013 307923 121291 162522 110607 152232 103104 84138 110173 169125 67305 70830 115372 224058 128800 152004 98056 67158 120757 188901 88530 96795 93776 126744 109524 183561 111260 174663 128155 176460 244354 484785 74763 93189 75949 92964 58110 61635 151465 271254 168507 323394 186983 270363 68657 84156 80575 124656 112079 205461 99556 126705 105134 196125 144289 249990 130516 256155 104646 169443 
111909 89577 186203 393627 186631 312921 140606 225564 75046 102966 121330 250812 70639 86226 109932 122832 128862 230712 206604 472302 91059 78858 106787 97170 75964 80721 94665 160920 82270 154851 156727 193860 131806 257922 149752 239895 51604 61905 149874 282663 119293 244131 68261 81957 173881 323916 157287 205740 153417 65289 152655 262410 102064 178527 135380 294648 123578 185883 120115 190509 106619 152166 235759 572196 85783 152838 103950 167727 80315 106761 98726 179118 163722 236364 93201 97587 110941 220098 168171 277035 194292 290094 131506 154929 129639 271824 179830 304494 91634 107130 131102 280125 143955 215268 110314 165321 117462 207057 121000 167103 
187744 280110 109857 138552 148289 183144 97832 109773 147116 227457 169056 231846 67520 86292 135893 123240 156633 309741 132830 294279 154478 303180 89791 119097 109585 152607 113680 203517 129278 233556 120453 218502 85300 114006 85898 45480 119922 192957 113076 137199 145230 210999 128763 156591 118781 191808 60217 66276 156855 337353 157282 281709 95016 171981 102869 205908 95372 75906 206266 359418 55360 68328 134254 202584 110674 149529 103251 166383 79428 99219 260325 573522 118740 183219 114515 238131 106832 177201 121045 119754 124946 152973 138365 159360 177581 151683 134688 189570 95129 86343 115463 225390 132839 184029 90085 151983 146724 298560 151557 163479 
126016 225024 81470 121503 104044 116145 149955 199464 103627 143274 188377 308412 148164 285873 117661 231879 107868 224184 125343 206211 113085 178137 123194 188514 151206 280773 85834 101706 56808 64290 113066 110502 126084 231750 212540 393675 122192 183501 182043 365961 115401 120582 143296 243510 98668 97527 120157 233763 128228 263034 109011 175656 122790 225069 127998 238425 57131 73437 173899 337320 111822 135030 195675 331902 157955 268368 100036 100431 112644 237033 87300 97581 170800 96507 107718 119211 73743 83697 138948 166407 93142 112989 175292 259776 208784 279129 233748 415380 163858 264135 100490 192273 116538 210249 170246 215322 96260 102951 129445 218268 
193512 267708 139602 133401 114414 136140 79391 98154 153953 268845 84687 93123 72775 107691 139856 177852 176865 146712 155365 309972 181762 254529 103281 124869 119599 154224 211371 348492 230538 311721 148227 161550 82545 55755 190397 387132 82741 84474 88476 50793 168377 215382 105090 160788 145919 255216 54729 66117 168746 300603 102037 125583 74212 91410 121563 169500 90583 120909 77212 78423 102778 192489 197251 391173 132595 175311 148742 280422 107793 162228 108997 132957 72497 107916 143209 147036 70686 98916 112787 127044 163623 189432 75812 119760 158709 274425 92751 86766 106342 165507 74166 66219 127339 143697 81465 80010 109800 153747 61215 69678 
103789 180195 140938 175512 130554 216501 113682 164373 66934 105927 139784 186432 124006 165786 191655 408861 122632 223548 73595 116304 95817 119331 131415 214656 103011 140757 148347 318810 158677 205680 132244 179217 116225 218466 134296 209184 89632 133038 161594 274056 93662 67836 141980 253584 105906 190362 120161 228684 163100 319698 117527 207981 131137 201393 168882 192684 126095 215727 147031 90840 120676 153474 109314 141246 104725 201936 91864 149865 152600 238308 140477 182439 122815 163896 121901 234834 129925 184242 93231 143229 131062 231492 89390 135225 133837 270564 82572 126126 92843 176232 138738 207867 95309 77010 131511 205341 90511 160401 164163 160038 
135152 286407 107686 187305 73097 91866 128369 132000 101670 147453 156626 334689 160703 312210 77422 111933 116695 166851 187464 316920 159665 262674 77740 89094 83015 136488 117780 196653 87378 93759 97238 170334 123256 187800 169813 319044 157287 328803 172090 245196 106683 174435 183693 304473 166862 293337 111889 179706 195448 260610 146695 151755 99029 173283 135713 274119 87197 139053 167679 288696 148657 166335 102049 130602 112965 194112 140755 187284 161768 229020 194945 405936 94818 65679 129970 236871 129798 216372 166648 258360 108207 177102 85323 95373 134814 157347 166873 270090 205752 312240 104289 104994 111297 150339 183469 387237 61045 77793 77977 97317 
131516 171171 72510 120654 100224 132483 84781 95988 113498 135633 94326 103665 98870 162819 69202 97608 110969 142212 125405 134124 157435 175401 119259 204981 169941 267495 114476 179652 91178 86259 172650 273006 136205 203166 128005 240897 100240 124158 127474 220851 108430 146517 89911 147012 153864 251595 105384 205473 92313 141006 77151 90771 184674 191739 66383 98646 134875 126150 102065 179448 141747 184053 153328 316941 82761 93252 90887 154626 103018 189714 152956 212676 188274 261972 106909 72648 60395 74403 134143 250905 183233 275838 125865 123291 197687 380787 115759 155247 216280 416103 104686 108681 94974 63783 149689 267060 100615 108492 114976 160119 
151495 239916 111830 202140 132564 237609 152890 250563 183728 232743 122361 192057 60569 61320 161046 335820 83805 144600 103881 172401 103434 103065 112453 113565 222415 487512 139683 318894 149407 188820 150877 239934 119070 169647 217251 298134 93015 127695 98427 64434 120659 259575 227056 324915 123264 232329 108928 215445 122880 174837 189137 306258 117352 194124 150624 115266 64183 69651 96666 190296 120623 64161 147431 240483 105966 173145 182884 397431 102363 169632 143822 187608 140873 175899 153630 261981 143547 263760 127210 204255 101334 131325 151919 253704 71029 92562 91555 157953 186807 84165 193032 380127 176708 312222 97146 163824 80532 122040 103138 114966 
77782 41265 106661 158052 75743 97734 146127 222732 84250 60285 89462 78984 132417 185418 108245 157353 97338 154050 82758 142671 164760 313050 135315 88092 132297 176691 108668 181641 130333 114141 127469 170610 145570 233466 79968 93045 93552 138216 76701 96318 104327 118986 141928 192663 146808 255324 199832 330540 99166 59763 165264 328116 103317 138840 124492 132180 84265 69714 219557 460635 148945 318213 98564 183654 103560 130509 120426 112611 76519 45660 189569 310206 141615 222225 130679 228267 106742 193734 113828 184182 121640 200088 124645 141201 67849 89628 87059 118395 133657 274785 152545 336507 125683 176940 140776 172422 168654 386520 88652 119658 
146710 239859 137708 191094 108474 30876 95387 105816 209485 349236 107162 154689 120069 219474 71724 76284 235915 302331 116207 134733 132570 207015 108602 170388 185725 212994 138966 211161 167000 263235 130633 165297 74504 97464 92984 63201 150529 185598 145217 211191 130148 177831 134101 262704 132740 231345 258242 394329 148212 150396 180762 217086 70914 83004 162199 180159 79358 101064 77610 120993 112934 225759 103457 175572 92646 183642 174734 253209 150378 265356 211394 333459 146376 317829 128620 217695 99264 148764 101082 137901 115400 214737 101510 147810 124580 253890 173020 370542 106431 148767 70362 66363 127920 178023 157536 266334 116256 102987 123646 170805 
106737 142164 126219 160650 77690 74997 198900 432456 176885 318090 146918 311802 159710 230112 73928 33561 143891 270300 134557 178512 98945 126042 72901 76701 162678 286626 148316 284538 115914 250095 79214 105843 117737 234159 140007 275697 164717 266913 164611 171849 98743 146613 96488 150432 101488 164808 109077 203250 125274 196440 129432 151089 142748 274116 175006 334029 88882 138759 200870 277521 83617 122832 124771 181938 105522 160647 108358 181461 66255 88098 101703 161616 139597 229191 85595 69930 136301 215916 122530 236424 119308 119985 107127 173928 104021 139071 86222 142602 103448 154569 76449 94344 86195 78951 116386 120963 97077 90129 199029 319152 
112007 147732 124994 132060 91045 139227 177600 322143 94922 152697 208250 313413 153163 267972 100381 174726 103842 93357 159658 307017 121172 156783 122563 185373 144172 108576 90840 122637 103803 160302 93181 84045 84719 114984 139311 147204 120423 171900 148813 223881 119423 137172 78471 48705 108509 148890 182886 374832 147691 179511 107186 197079 55470 69651 167707 309630 94017 127671 60824 62301 193181 318849 176324 297252 140030 279159 109564 128958 162385 230001 213274 375000 82518 148404 113663 120789 95810 97236 120284 157932 130089 204150 100237 104781 109388 153945 91151 103524 146803 179676 133658 172581 66707 66609 94192 123603 166382 247116 135223 289023 
187872 407568 107509 76278 173803 295404 73909 89937 123608 160836 138529 239127 155577 199515 151955 213186 85752 71739 72145 115641 155206 239121 158081 158706 174169 229209 93577 107394 209852 456147 135957 205086 74614 72642 106859 184998 145618 230034 146448 138297 74784 83079 132946 153465 157333 131469 152243 290730 199346 311361 158160 175332 155786 209241 118013 179433 94557 130698 132045 268326 126762 172341 57948 72657 124247 59949 115662 185070 119903 140526 109103 179844 155718 242793 139545 144552 151210 171183 160529 207378 177075 294339 127014 174327 108901 106788 199153 376326 167267 243192 123359 219876 141405 218886 93760 147912 144912 206931 124825 188547 
169558 319680 108389 111138 87786 55707 173307 360309 107056 132993 95274 100269 111497 142662 74039 95907 64785 89034 116481 123312 96070 81666 155210 261261 148774 204954 137579 205635 94104 136026 146107 147951 93184 171981 118031 158586 142934 236622 86809 134820 143962 230364 164720 258360 85770 117615 69156 91086 70516 94272 111367 153855 150521 252354 140825 241461 100642 149805 161198 322983 127553 195393 219509 370791 106636 96636 100977 50631 115062 200091 161860 318435 163048 275811 117032 216345 208751 247446 96651 132684 132632 144375 115632 206379 117536 132918 178565 300210 79957 132582 124860 136974 97577 145032 78290 110895 135263 277290 132435 234759 
141673 227793 86767 94923 89426 112404 139015 220743 103333 171339 141284 155061 136932 253716 68779 89946 158108 308250 159290 274458 128019 203889 153632 205653 96180 165945 116468 161172 144995 272034 126524 229824 195060 276864 145202 246264 121667 52932 136071 238029 100398 124338 130305 245637 133312 207033 77408 106455 109396 228963 76977 124110 166350 349935 176901 331887 126466 109212 127979 197223 132750 180297 170616 297876 148501 320856 133438 253554 176678 359859 77753 106866 142072 203835 123160 170415 121438 71616 102035 173196 102789 63750 130087 151155 167965 310725 109094 209142 204098 460743 199810 264969 177913 266772 179459 342366 116423 147774 106611 179388 
88159 94983 131796 197367 150993 212181 97409 136947 173545 319494 111081 158259 140190 286929 175990 220497 163937 276516 123273 157587 201630 409281 170612 306204 140075 312948 122326 201198 97191 114609 107585 165948 139832 232269 196540 378480 117686 125322 132456 226053 98738 111810 72524 31500 87212 66993 146517 234819 135033 269724 136498 235404 93956 101307 109517 75066 187143 285312 103754 126690 130168 285228 111254 169809 132836 169188 99434 121584 84308 62820 111423 169482 68935 74082 133942 225966 107865 191457 144273 252240 134775 273780 195119 245052 121774 117039 91588 119949 189473 368280 122066 246729 87786 91467 152995 279570 106534 179850 58253 62118 
122097 190860 156506 154257 195572 336894 77553 102354 152840 246447 109752 188958 175259 283440 205268 472530 171950 290487 144580 327699 100051 145812 107329 119985 122728 232389 101191 111618 85176 108510 148874 238242 96062 86679 120528 159234 58819 63807 204344 293919 144736 57903 184266 288417 117700 222222 114835 144891 63079 78885 275828 527004 129648 178515 169137 329472 176960 252477 146437 223164 107693 171717 100185 86139 158359 250611 121118 107223 99395 110262 154854 288024 179867 230202 110497 174933 132365 231153 128890 161475 63278 62343 76299 93630 157785 318093 165368 254919 173208 307050 157606 237552 162803 238029 107433 103572 104585 162144 79655 38787 
147109 223164 185588 351861 141745 205539 94326 165069 120134 192321 67532 68322 100309 105687 102325 153813 86657 90504 140612 253200 124591 161610 175038 205029 87733 106803 144710 76290 82413 51003 117557 196560 135815 208308 130342 269511 144520 283425 120788 128343 81414 117429 126186 189063 227500 310401 176247 279225 114905 114639 119379 110556 100145 167331 96658 154317 94040 84141 104351 87351 196088 307302 129356 144495 102390 205515 171937 277101 112549 193893 106276 136827 74714 86886 157199 206424 208517 248397 170374 272676 97831 155163 140028 245781 114132 114408 204600 479508 114079 206313 58205 67620 115949 191709 84239 116712 149785 299856 98825 171171 
202510 377646 96581 171936 133825 227265 144465 231918 116676 205419 134937 245616 144141 158940 107401 93297 142920 68313 173103 269619 156892 196698 204217 166464 149495 299517 106765 143460 230204 326802 187927 250710 219871 456432 94522 112350 100115 184581 96291 177003 159426 297870 66264 68667 122015 167295 164846 362286 87099 105000 107496 128649 129138 189270 172304 147906 141591 154626 66792 75006 52631 62979 154936 350955 83199 106293 70202 106770 133236 228096 216334 355173 123664 180774 124436 177312 108491 229095 153941 253923 140795 183384 218462 423513 153611 229137 135416 175353 108634 135333 77896 117273 106416 207561 76014 84090 60307 69405 132954 176598 
102261 111672 186973 385734 134158 193965 88916 117456 88733 116682 103915 113076 134108 141633 64610 70872 145618 210609 156497 310680 143975 86583 104753 156972 91295 152910 122029 210099 102480 173634 138237 144912 101549 109248 109364 136914 71502 89904 147663 212799 95504 141753 159423 155373 170801 373245 127792 141084 103344 157836 110257 197646 132276 247023 160351 236571 71001 115713 137839 183996 85206 116772 86814 121455 123911 163725 75688 92412 100928 181197 100786 108159 131810 94560 257875 384390 108426 101859 99358 147678 122270 134913 144864 247959 105661 138882 180194 257442 181537 318228 178634 351330 111263 147378 199128 401541 174317 232254 160905 123819 
139058 260463 100070 103194 108026 124638 186835 281718 105894 106344 148696 183696 198033 352908 144193 227574 179134 238479 124569 173172 115594 213060 193653 360057 90689 148710 124224 204996 104271 129006 98683 154725 134702 228063 151160 284856 138995 222435 76095 74373 147320 328368 196378 448134 183574 359577 161993 257160 120673 132156 136538 240942 145184 188715 163751 273030 92488 124329 89092 155094 132941 207588 154374 286596 186679 340200 91983 113877 125606 222000 248424 418404 107490 202398 116976 235773 173963 310068 117776 159735 122458 246645 184879 301731 131710 153612 143640 265665 110972 117333 64206 81768 132389 157527 148348 217143 114392 213174 181079 103650 
141125 262806 129508 182187 172153 365754 220732 352464 163377 310956 150023 155931 120758 246201 197732 219714 120147 148689 146038 193902 74543 123234 102102 110454 220364 278589 191197 218952 121909 160614 157604 219381 135178 170256 189989 336240 92227 147213 104035 89799 56131 68517 123703 204048 118249 178656 84013 116013 194559 368256 191378 403962 136378 63813 132146 119436 108771 95238 106513 194241 88748 125733 136490 244335 188309 427116 61029 69453 145881 257166 127856 217239 143311 203718 132672 140637 143516 224775 132330 288957 164677 258201 110996 189444 64830 71685 114523 112458 135733 139137 120964 193566 132663 168246 183985 239214 178567 215670 145245 194838 
192002 331932 101744 151848 191298 342069 112171 192894 112698 136275 119421 226353 121997 173730 144336 274302 86595 75786 177310 356814 142330 250353 108019 174453 158486 361476 132652 55488 78278 118329 153722 259149 138248 126708 224961 229077 195468 277143 127239 152820 98439 120744 127339 221268 134625 196371 150858 187188 138957 173310 156771 217134 219567 367125 240143 361404 129507 144045 75994 100587 95840 169305 87616 71379 143516 223572 124598 265746 69127 90243 170293 288915 129907 60951 208239 247017 176537 226830 90076 109197 109443 199506 81862 89562 113329 110571 117011 155727 127874 202956 147377 286266 159846 337935 135964 178899 125608 129588 138985 279651 
100457 159540 109203 101526 168825 293571 135128 195486 107733 183654 167757 153003 137100 99597 142567 156636 154018 308379 105819 218595 217231 125217 82738 54738 91204 60462 110053 202047 151006 220053 230575 458460 90609 121047 105040 132081 234438 438906 186902 290154 94144 164475 121543 176208 140749 298470 118826 210729 138311 143904 114423 183033 119106 195123 140342 209742 172862 181845 85291 110100 141532 200847 188867 266889 116447 141468 157895 314532 187109 220611 137555 219048 219540 462096 152859 275901 112803 206454 146202 325005 135945 165726 93516 117825 172017 306933 219601 469095 132072 199650 175953 310569 146587 182478 104805 177327 67315 72939 164505 167778 
115955 190305 104601 131154 133240 121092 91019 127365 195058 368001 142167 279819 142262 307200 79659 109674 138033 256314 172158 307572 175774 281124 210056 479082 109052 128046 99186 183006 122186 165081 61944 74652 66342 82683 136836 229005 104957 206415 98760 161775 107132 217917 88988 108291 150049 309273 96188 79071 117643 224454 129044 243939 151015 155991 190711 274014 169274 327915 163116 263436 62001 66126 239206 330291 83349 69696 129638 183567 150750 318213 138424 232617 95827 94290 59926 68778 216707 389370 112656 203076 73611 95052 68187 74166 181632 271785 226122 301374 148718 230409 96263 155241 138962 223905 317412 636948 82273 51450 158986 261582 
96314 132933 160866 309117 110439 167805 114502 132753 82159 119952 106553 153666 88504 151797 94534 56178 92441 162435 86413 149004 136779 76158 146396 268074 101393 134010 86442 131766 91256 83244 166185 282339 128794 194571 133256 135333 111486 128976 138793 244974 109546 197694 133155 245346 163650 216915 83294 143172 107955 177546 86507 49380 158866 237741 161705 133674 120522 216030 173096 211239 68470 87846 164180 212328 229848 440847 144610 215913 144774 239244 197938 275985 173381 363396 129557 231147 127912 215157 125135 206052 166909 318198 120946 187068 158886 278034 107507 145326 164442 290001 147128 195435 89471 116538 79536 104844 117981 87546 89954 140616 
111289 96498 122381 201357 115231 230439 143493 179355 122991 197958 119422 243630 163557 360297 113600 141912 106014 65856 61248 70380 129191 152298 92665 123060 174269 308079 194858 201771 170227 288216 125231 127398 150591 342672 91424 102063 78906 70185 75031 105354 121452 135588 145068 282852 108129 195123 129144 52752 176315 376746 93119 70167 136995 141300 175388 282354 209984 400185 88576 109212 78862 65697 167862 310818 120330 109680 123603 174321 125256 224703 137263 242379 140909 218676 64906 90555 186647 309729 100289 123072 126047 170865 141544 152832 117372 151704 107508 96576 151147 162357 159036 293181 169451 365409 133167 202587 110127 143997 107405 88086 
92322 161502 126767 123861 156116 327423 104695 158274 143575 310890 116745 194112 132926 173253 120524 99165 118912 81741 153891 210462 131144 276693 79981 83100 329739 578886 102055 102360 108773 156948 166456 351378 90568 162912 162298 290316 151836 261219 202670 325632 59520 70347 127966 185307 103984 142623 195774 283932 87158 60927 138718 162660 141148 232716 173310 207447 153462 266250 111542 165147 96482 119463 79428 139629 156473 254850 80320 128862 136701 256539 168185 242643 110982 198261 145106 205257 115062 164691 214332 415704 128612 231039 141952 210399 118290 223791 163909 244659 178436 306366 107507 153192 133758 128139 104877 63351 105297 104499 88077 71064 
104262 112209 69678 85902 173974 346080 100261 162156 68443 75822 112640 217716 140586 223359 219419 314679 115129 191361 129138 167583 150801 331701 73701 96669 69806 89070 76932 66087 101760 112254 129137 70887 77892 94617 152748 295827 186485 333870 113693 144390 121629 233448 70654 73158 164208 219228 131261 138789 115244 156513 122389 170949 152357 195264 152064 238743 174023 337032 114569 91833 167677 213645 175531 355314 150336 249573 132156 270351 147862 266841 98682 118251 195877 265551 120332 142128 103262 149130 103893 99321 118828 184716 189009 245571 239762 371004 97246 133578 149205 244305 134830 221196 132325 186567 91802 110682 134703 163197 109030 91038 
145893 182082 131224 227454 86370 90369 157056 236598 134730 202683 84410 109260 131678 160944 172734 347079 127976 246474 169838 316368 84964 145878 190436 362751 181014 334074 163932 378072 109386 211068 150409 224082 113539 205098 114779 77886 70451 91386 175752 299466 96941 140043 140211 240039 119241 249504 78733 108120 152970 150471 135597 203961 129701 147864 152433 344955 129408 136725 188425 316806 161732 317865 149772 248319 155631 319203 92143 69729 113206 188667 113353 75069 139597 224640 90603 142569 87877 91107 116892 137526 113119 147606 121368 213828 132135 218913 106390 203850 120829 224454 169147 347796 145125 209409 170918 266403 202644 398715 181813 188955 
102546 193302 126935 175293 182327 298563 179105 207948 134357 176538 195234 226350 111719 187140 69179 77928 129808 245934 116929 88248 98524 104478 107637 161466 85700 108285 160088 155979 84909 75735 76934 99210 122365 197217 88711 144918 68418 90552 167244 251025 162614 120180 224735 281127 87868 117633 141823 291825 176109 378741 80650 78651 108183 67698 180097 229827 144503 265884 146764 127740 106169 174894 130983 253884 198964 406335 75122 72753 181813 254085 176717 325464 102457 112386 136680 168711 145562 228306 191234 208572 122522 143169 78213 103137 126770 114525 86581 49416 100867 148053 193865 408420 200158 309300 128148 133362 170747 236853 138179 63348 
76493 81696 165315 218184 105193 85545 170209 285096 110885 204405 69875 109272 105880 119217 83188 100302 105124 120204 135567 227301 113145 223866 98437 74706 119608 171036 104219 147342 135116 246348 119176 205554 125335 109929 160039 245127 140050 105108 215939 198933 203138 312639 108814 186633 147168 189732 93378 145290 105489 184923 136664 254826 113487 181002 128716 197181 181258 332889 84674 130317 133928 165141 143791 219756 120649 152250 73590 68826 88434 123303 100084 154500 144295 200091 116734 139461 190436 389889 104062 178137 143834 259353 141583 191622 125157 214728 225064 245943 87344 125424 98739 153675 177339 333555 117002 103149 89109 65511 238569 346761 
161705 341607 119660 241524 249082 303351 118594 209055 148812 156864 133597 187338 121173 109458 97906 130107 191418 297288 109049 187239 166637 192918 139615 235662 130936 177870 135061 136683 139315 277983 168241 256254 162626 274014 169748 338532 195799 386220 116320 127089 116855 150726 118435 230790 87022 150558 122850 52245 146767 176073 87597 133944 111565 157266 64293 73605 134795 121389 91433 142893 113888 156225 92941 121701 144999 280674 124258 177072 102804 70500 151111 190314 69612 108507 93425 62811 160800 122757 89546 93669 207851 432243 164111 172377 220111 441567 104255 104055 141078 243741 101546 141117 215639 415761 154111 233979 171303 263916 93343 139410 
118790 210423 137457 173436 184950 354174 151035 175824 169831 340011 121551 174585 80492 120690 91696 121224 183044 403224 180607 268824 145437 214839 126278 174783 127964 214026 93438 132762 171481 366681 148237 128502 143125 183306 115761 131538 76533 91896 100509 187713 122179 181455 179287 298362 146874 179730 173659 278340 124965 176730 134378 229143 97147 174864 181009 151116 96947 169743 142449 216510 124379 177105 100339 94278 154319 218385 116727 225441 92494 112665 131787 114294 133610 259854 173483 358563 168939 242763 145654 151812 240351 349098 152914 314151 166720 196185 87379 111603 141844 218832 101387 130926 151208 246261 254911 346791 114483 218706 90637 134871 
100101 148539 175674 351003 61409 72957 107023 201636 187392 291303 164545 245880 209672 252495 129183 253389 183911 299826 132409 274041 124814 190278 119140 242463 137456 185361 108248 182163 122783 157749 82421 102399 133278 229038 76855 100395 206768 390510 195058 362733 197665 371661 108570 118566 62880 72462 144338 254904 167033 252021 125999 139086 135060 246567 128403 215025 87415 48402 60857 75510 126839 244599 206632 461376 195260 273927 128056 245481 147261 218730 182906 327852 146221 244512 135842 293400 125947 234900 159293 282165 131195 255135 126083 201516 111057 165261 103036 97875 128262 239283 121972 172032 92029 136626 204212 404100 108164 167823 206082 351855 
156463 244710 65993 76083 133616 152658 125306 157911 77452 78477 93874 69603 107870 147432 200994 469476 88073 144765 94785 104208 63612 75192 77961 94227 123284 230988 125680 242049 136501 147537 85386 76185 158347 226602 124142 201249 164817 203670 166052 337023 131454 146529 114144 152055 151245 233073 185048 321459 82410 110832 67313 73368 67506 65016 246299 436923 180164 281250 239742 380586 141697 254391 109413 105966 95481 59238 149537 173979 168644 295704 211227 323703 142539 145674 120926 165447 151200 262449 193059 375447 108330 118596 97035 128682 120706 231018 154717 199161 148083 173940 79732 69900 145725 151263 144803 158016 104478 206700 205366 234927 
97591 156333 88581 150729 191962 262254 138034 244185 87142 123819 111953 112383 205414 360456 99630 160410 181125 378048 171424 336552 136207 200034 131744 186702 88283 84252 163055 228666 68545 75513 86204 44166 194336 288936 109923 212160 117439 124443 112922 185817 68878 70950 205892 481725 122437 193047 154325 198972 102978 174291 126121 135483 73852 82458 106177 97557 176741 320778 238278 284946 105045 191064 138202 133458 136649 219729 158471 323430 132021 165039 79745 92190 155594 214914 169608 128802 111234 178629 79870 113166 174875 288822 147177 277983 90999 136809 77202 81705 162438 259341 58725 71169 134432 209301 161036 244197 122986 95016 143124 278187 
108983 132453 129278 258948 89464 119694 113892 203436 190372 431262 80675 80178 193687 365841 90586 135204 81854 129903 58250 68223 84562 121074 149440 129618 209432 369597 111942 188307 117770 180765 119026 162543 155881 314136 172603 309168 105512 136842 123025 137784 190730 317286 92411 150906 130131 202317 126219 202344 119602 210159 76755 116970 79317 92487 132152 178608 156048 251538 137969 177654 120711 236316 104865 188226 150092 279978 120755 60276 92333 143163 64072 74778 118268 139368 196929 374262 191671 213819 162853 252537 85496 128475 127879 173316 165779 240789 144376 251037 167888 226644 100201 94581 141557 101193 131415 244881 121885 216633 87431 151710 
118140 170055 106698 144024 125370 245907 171010 158199 172399 328983 207954 169623 122443 187464 109747 179193 201289 380625 170480 350469 163066 188853 159640 305835 154858 233307 113630 155016 173046 227586 184817 308724 186567 361806 113258 112560 148865 159144 99919 98298 160179 168789 73363 93222 119880 117966 148420 285726 144514 304719 100471 120366 169206 336186 149354 283677 122731 184839 143387 262587 130637 229428 137362 183297 144579 187005 72936 67407 113497 131811 211774 385899 156003 182175 209343 181665 166817 291795 141181 246825 139181 200169 71492 79629 121208 160665 157610 195810 113186 79815 103480 93846 226307 422640 131121 219012 116427 204045 112380 234372 
81189 120192 167640 336093 213684 332175 93159 152349 134617 218034 167653 317277 119078 112623 168659 204195 131210 263097 98750 132843 162331 260280 146249 308667 95159 155391 70273 72846 185203 300087 62608 66675 86568 40815 147937 67065 136846 188178 160587 282831 117916 243264 132002 286275 138056 246264 66966 84912 94289 145518 170561 215076 114455 133659 169496 227904 187937 412497 79478 106503 139861 216987 134250 227499 67836 80199 163323 368709 167791 118899 128158 141591 197660 365922 122651 232917 122844 229035 101586 109482 112154 164904 113710 196092 119581 224781 133823 120867 147110 279204 156660 165846 109052 192711 203037 383832 116345 180855 169233 372138 
147491 116412 100837 150756 124101 148851 158349 288369 144096 190803 105601 211209 79672 128970 125514 75771 167455 169029 137763 207327 95175 176025 183855 293922 94073 93900 129372 204894 142649 231945 133300 201222 200203 272643 65946 88659 196243 324264 122839 150486 130030 70056 138957 188883 83554 85383 144082 225522 202517 411813 132664 249117 120380 158865 124531 149103 129197 130563 144557 149277 131953 128256 126696 44745 173623 369207 167771 263370 115406 190479 134479 248106 106146 107076 77590 122058 138791 175446 195141 225741 114564 210942 127772 156168 149994 156486 105536 118302 59986 75084 85497 152637 81120 109257 193616 403557 159470 209889 62996 67608 
156697 301257 118827 134754 179169 305634 106766 79203 105512 80466 195792 370224 90895 153864 149879 250203 235066 301734 106265 149526 96854 121989 104410 167796 105241 145623 167171 213039 105377 75078 84647 144909 91176 76707 166207 269892 170273 306345 117704 133968 90681 119241 142549 226203 148820 257175 136428 164874 137226 221595 128166 241071 135033 152142 149554 267099 158576 227223 103253 174057 159427 332382 142192 143832 143499 216819 129151 197460 122271 141018 61829 65958 117562 70902 144561 179508 212805 336813 142845 264759 116265 248178 112728 156663 128695 242295 127641 145740 137268 186660 163570 256548 121549 216810 135036 216699 103841 164460 123737 136695 
84244 103209 130591 221298 165160 202263 122907 109644 84451 95085 162678 318111 106530 183210 62664 73113 179064 368979 134622 223884 197541 368643 124155 87141 129200 196512 83500 42960 75024 92667 124755 223902 127144 169671 135719 124710 139968 151782 91240 117507 160690 208884 101838 151158 116026 112365 136815 277269 91263 139206 81924 95340 108609 206133 98747 117846 99278 67395 104321 142818 97517 121257 123651 135132 69779 77211 123272 241881 159427 189798 118839 124194 157094 202929 124978 158538 115262 221733 247721 461019 152941 126369 120400 215367 160013 269079 112608 182634 57795 69510 131931 178455 115181 214491 169953 251640 83890 82659 61067 79218 
113683 125334 139016 247101 117395 161064 139222 180447 144923 186231 145270 195240 65898 82440 155309 268806 157397 217635 107993 94605 111345 159996 239052 369996 113089 94857 182359 174987 102038 174171 156587 314172 168820 301164 91038 111219 109586 216030 98828 113403 114046 208797 134574 230730 146920 306201 171059 379020 135393 130506 76950 104148 156759 185643 153360 207288 180609 278880 125912 227553 140136 281715 71884 96729 104776 142875 200649 376377 124516 177252 126322 251244 154518 189186 170118 361176 130721 146709 238362 493200 185889 317982 122798 228243 158064 260550 107040 96999 128332 251544 148559 243339 173575 345015 153687 253041 225093 311961 115359 148713 
181610 332670 141967 250134 104286 135033 144539 160083 259946 416250 130830 168072 133324 125847 117504 192162 138120 194772 130469 121614 132544 254757 92461 67116 131769 172494 189710 266520 125923 166707 149636 144690 142092 295212 160432 350643 102919 165693 137645 193350 92990 68847 65716 68499 136449 281205 159395 206598 119791 132744 116909 132618 138269 164721 172751 312597 145591 142476 127231 152412 145156 271512 216715 347280 163069 242895 165646 142227 165241 330612 75369 115782 140323 236409 87989 96207 196017 230319 149061 292407 119399 172686 114548 210651 118524 95136 156324 116085 123478 194766 127153 186102 165729 270054 93098 114987 158297 254361 148867 276270 
112396 161055 128681 262455 106953 112149 193147 335310 72097 87564 109871 75378 89176 141855 124265 143634 88766 74127 138583 239913 158809 242871 156728 224454 152773 220029 214785 253170 70813 75165 115548 167703 106370 178641 221419 362904 96468 135159 202974 334449 175360 256644 220106 484641 144186 277533 210101 512205 114366 156984 122561 164994 93249 143325 121560 131370 119582 121230 229629 403014 97125 158514 186552 343083 86065 57042 280296 479976 94465 84927 207578 300384 125133 41760 179274 259518 89046 112287 186334 344856 121496 157632 118263 140403 125683 102783 196766 337197 140269 255891 106660 89682 99025 142425 167960 276117 109473 198558 73574 97173 
116078 97026 187284 333846 170726 288567 113808 132318 130819 140136 110173 214098 82949 94923 97569 140733 121792 98274 88413 117741 95545 135627 159304 351186 95320 143922 112924 203652 108305 184101 117782 216123 165459 193947 127614 162540 170576 241674 132153 207108 84054 116163 146068 144033 227785 240837 141804 279249 170181 364620 122759 226047 96827 82488 92439 100662 99195 119403 128068 274179 102332 149586 74232 83409 147864 221064 196566 366450 96211 121059 191480 429015 73215 85926 107164 108435 118127 204498 67150 88341 151273 231150 114373 196749 169975 182769 151332 177249 197231 220563 165167 263634 102247 194202 198715 342912 107603 165180 124486 167961 
154274 166065 81420 102606 85421 125682 96536 146856 136307 211272 66978 68889 136659 132807 85270 93558 136867 138288 122698 182139 188711 342351 134201 174750 231344 518682 130569 230916 74422 92586 119955 194877 100620 96051 126188 144000 137269 162246 129864 229107 163458 312714 189326 375846 170864 126387 137371 271146 195831 344913 150653 294765 85475 93765 160494 220869 260693 512469 220677 295659 154695 99564 132358 156630 144488 221241 107496 145446 152060 218745 96010 52356 134375 202707 107500 172704 94414 63129 134571 163128 80382 110307 113731 160740 144140 212193 134239 237795 95364 131934 209459 328470 126867 221526 169604 290286 132489 222633 150766 253746 
229705 160644 105003 172185 122224 214242 140502 195765 168029 350418 184417 279705 110798 187062 105396 167142 182204 278685 188425 405312 184049 382569 135765 187638 189640 400206 146241 195198 112361 154095 160879 264513 153564 318345 104594 67410 156663 158133 128061 135162 100642 143358 216691 355971 89109 123903 117395 133464 148791 262329 125968 165222 96769 60549 215461 435297 76820 77913 147865 284784 173843 365061 81921 85674 158658 314988 173738 243897 101620 147732 83605 89649 102937 174957 84481 96456 131668 215721 147075 183438 137464 86673 103033 104613 129965 177624 176365 383838 157510 284550 241441 237519 110754 153477 201100 354975 138053 268551 103973 168015 
97665 107358 156907 299517 211190 452340 118632 164541 146224 156630 57712 70524 216008 330180 110828 147564 232507 439569 94368 160227 127282 41883 136842 244782 97657 149346 133349 207903 120222 94290 127554 222075 189475 318702 242632 320568 107826 181557 82846 125466 77433 89520 108941 64530 143612 172089 76560 107709 136562 240384 115342 80712 64664 77232 121250 43191 91165 105903 89800 94710 87065 120555 133168 177378 113798 128127 154132 207552 145641 199785 148687 241203 161775 281598 119760 202653 121889 204228 120868 79194 184321 218001 142530 283026 63555 67515 170171 238407 64120 72663 108042 157311 96993 82599 144187 313902 101895 165717 108740 70911 
239455 500787 100350 79899 107676 143397 124669 235125 166927 370584 235711 553887 140426 251616 139455 265626 118394 212673 205277 303570 133290 150564 140386 184518 158694 167508 172904 309576 126047 92478 132268 169239 91128 103056 110561 188457 76936 105759 197000 264780 173116 333102 117939 199245 113029 150144 137853 186006 139342 142470 136922 193854 140557 263109 88685 112443 79857 124461 184295 291954 183053 303291 148434 294129 126822 194031 92755 144951 148975 135936 81487 127407 147616 193818 166561 202440 142403 203634 169754 132234 213110 408963 149656 217632 127460 216408 130587 273930 110810 119316 91634 92298 182927 383472 118925 127326 180522 185430 130595 177249 
105868 167823 146123 216843 145814 167175 157146 302043 180011 238422 146810 221685 190860 424416 127793 189342 72573 101793 121975 174306 140082 240282 98151 81690 148235 259704 142176 153360 86399 79662 158435 223017 116389 114426 108896 100434 113047 132984 133273 192813 103362 141297 181794 298704 176738 260961 194270 440391 154910 247746 150228 209874 137538 225333 151725 238458 88059 125163 62428 75222 209386 394803 92966 124818 158323 171858 237552 497382 85019 92880 152663 252333 111073 167157 151359 272886 137933 85071 174562 314607 143086 200853 102042 76329 127847 121557 168713 182307 167793 343815 111456 171717 169604 189918 172385 181887 112078 207744 163588 342513 
120275 217137 143394 155346 118424 226857 120709 128532 176803 207438 119933 132282 157809 321813 103923 144888 222828 413955 149958 302061 102624 165375 143150 277368 219144 295221 138509 95631 142049 193563 123225 226827 167243 288513 175985 305118 179332 331077 155730 216315 148516 239505 124106 210897 203428 386088 83315 88230 180403 338268 125833 163680 224633 283182 127961 256167 135372 203985 188110 300234 142458 259569 99755 146319 152003 303780 139085 179808 187590 359664 111101 196530 114205 190167 216169 304656 139544 275166 231963 432522 159573 276105 152882 288954 165760 282399 126383 190707 117850 105492 177985 330861 166971 304722 77616 103860 125794 209061 189860 378315 
144576 216489 84221 84648 119559 129477 174697 243699 131469 184590 110098 154293 171458 319275 132760 115110 186806 289224 104711 133824 173338 216090 226609 342147 206123 468657 143500 234879 124791 204669 245094 474084 152583 149646 154360 247500 133548 177477 99054 173565 283751 404766 111086 147309 205011 320709 166952 242601 79573 79041 103916 162744 223894 263448 219127 363102 168097 282954 217527 358137 69948 82953 124533 202386 108608 175275 80687 72813 142723 278865 73617 93765 112156 113040 102908 165660 168539 363522 117735 99186 224742 355998 148543 210039 183743 366378 62352 74130 147041 208110 102923 151554 146660 294645 68901 78981 286323 530868 136878 207681 
99392 142980 95243 163614 156113 221472 242873 202551 97424 83673 246744 259686 150706 184383 136553 198873 110931 215925 141969 202608 216847 396519 160201 338370 176374 278820 112666 111228 180394 287748 71083 82215 116950 90492 139360 214740 101310 156624 136384 95622 82105 91422 219345 330903 147233 264498 108446 117558 168512 258711 134782 204060 186566 341766 126793 183894 106318 135603 213453 484170 207634 257787 132345 115356 189443 335751 120913 177531 118165 213477 197733 335295 175428 269613 122263 195501 97091 77907 176885 288231 96241 85281 128008 229650 258464 358725 164077 262260 108066 166932 134283 167826 106098 139011 195169 396702 145845 73011 115820 122130 
111390 134463 100387 162402 109667 139152 137407 182556 83530 127836 147282 227829 95761 143004 147637 268206 88107 106965 104892 201405 212554 287403 154674 242991 129648 261795 114326 212400 225424 228618 156752 261639 99459 116241 146337 241749 212767 424041 205638 236229 118952 110898 71079 73404 127686 258102 174165 289569 139445 265842 149332 278550 74611 87453 69890 82413 134365 135801 157434 191325 115207 179865 198585 242943 145857 271578 121424 185526 85903 97983 126087 215337 142885 213873 191016 299622 190510 310098 210920 419583 96578 128409 109120 116460 112846 130473 158796 343560 117165 154857 157335 260250 173222 299250 138029 231153 143091 293253 132572 186114 
126017 167247 97251 161175 117996 162669 154599 106209 146157 275709 175057 364020 213095 393765 219846 306081 145580 88464 103900 177429 156397 297000 111753 72558 139505 219954 144903 250923 139594 215151 119438 198690 206519 258144 91167 106080 116191 173610 85493 82728 218393 445935 129131 180306 147705 279000 163395 208635 168511 226875 74391 92598 117497 157077 125080 158061 153778 255747 148940 187578 133152 229932 101675 100341 287838 546195 178464 315648 195168 300150 121659 168864 86822 50367 78020 96624 89254 85263 161047 238863 144677 221673 93937 109599 137084 230793 122984 239310 75817 72603 334537 520347 121322 234666 75023 78708 106391 204468 122393 144177 
147869 319266 173777 337977 149931 279315 138228 180954 148128 291822 215123 360933 96672 117993 132964 211854 191880 312033 147293 124659 151758 283173 144084 308034 136248 55428 94444 86358 139304 155397 118055 87120 113251 163035 148819 241599 144960 278133 83172 95430 100834 179298 96083 115119 121520 192885 64985 73002 138407 246384 160473 359157 101862 109473 166460 347457 106953 192015 120013 133755 127782 145515 143647 266391 194021 274173 207263 363444 182754 261156 176982 318396 165243 280098 183711 362568 102476 163470 161836 302103 143033 144588 94209 57306 138406 259620 138539 261069 154668 250059 215773 447378 131066 223785 192327 398700 100214 111303 135929 159510 
135457 254982 69055 69654 171822 270147 95662 61767 133446 276105 153698 264324 125976 166398 114684 90348 105405 138834 198323 295458 108056 82563 183758 332952 184098 321876 194740 325743 160319 253011 86061 118632 194638 330057 123293 148206 226225 393447 78001 100314 229189 363618 155390 249258 125204 128526 107823 146727 140796 273792 159354 197664 129124 181491 69218 75798 178318 380196 85983 95181 196015 353664 123838 226755 115610 243126 143362 185367 90113 152451 145970 112155 164445 285717 150847 323787 147941 294582 149704 238902 129572 114093 139476 130941 153907 263625 109412 153465 118015 109392 122793 217227 163394 359925 132571 237570 148634 196797 102439 100482 
164466 308769 108536 71589 199159 207234 122560 173583 133786 199557 101071 83460 120296 134862 259017 525015 120592 169827 169018 161001 139560 223188 85382 129750 198554 442584 100595 83181 122878 113142 125901 232458 128716 161700 128357 209751 222207 428946 157579 303615 163962 205719 126672 269646 181934 337251 94298 89370 191560 321738 133970 161289 188855 244305 121151 174294 153091 346038 258849 407688 174385 253374 76579 98997 225129 253902 173639 182250 66686 81390 140921 202296 142412 213324 115129 194754 142700 237165 199339 145653 281459 470076 230466 414759 107501 168117 97318 85446 92381 104892 112608 120741 119714 180393 148141 139935 83964 102051 161600 330804 
90209 75048 133183 174681 202993 379902 196996 413562 164996 222672 165611 141057 104408 196845 170378 272031 83554 95706 173068 280128 180679 368064 121102 163077 118586 138669 161164 357936 140609 249138 114998 178479 203675 325455 116916 185829 155587 336264 162745 245760 90729 108210 182041 299265 199671 269700 175172 251676 152893 299391 94458 69018 229122 344127 176856 176733 222462 514311 279955 542694 131143 211425 249911 369630 182690 218322 163464 222570 150746 167652 207248 416412 145736 149784 160443 207432 186234 301599 173879 362406 81250 85953 190605 328989 94962 135489 139978 168834 175179 269667 86778 136350 177045 353412 200962 298950 114689 140409 134471 225219 
128955 84897 157822 322338 104686 101232 114470 208971 253221 383784 231487 329376 108910 141312 111791 81951 250106 371436 219760 195945 164632 104310 154175 285438 117497 174432 148811 164463 69153 70590 126027 156894 154374 114531 101397 92280 122048 107178 195009 296574 102330 136227 165589 217155 236324 580131 82800 93231 88594 120543 195685 314433 121163 185814 175970 261615 155162 176487 139157 240963 130758 284100 178516 299385 191165 323067 148351 182829 192181 377166 139698 260124 108349 166362 160070 268803 194563 375639 124125 180033 97370 131535 101662 79701 170068 199500 215822 391278 159531 136266 168415 199497 131262 88464 144571 225810 102091 154629 259163 321012 
315162 511350 188796 412938 108153 163164 81007 90702 79951 114723 104584 110931 152157 173301 161493 328368 108533 91908 150725 168966 98687 119733 211928 476742 191257 302898 174286 334143 173744 177432 122657 166902 136517 251334 144294 169662 192965 366510 91592 117396 109731 75054 124307 133110 82196 74595 140835 253281 118049 176892 84771 137052 103715 108315 178144 292788 207570 330732 209450 248559 106485 115263 172744 239067 195662 360108 181785 236148 99136 130002 153542 245253 109681 115587 180811 276660 142035 271098 198855 211653 123193 200874 190421 324405 83520 126300 174102 379452 124126 170034 124725 163203 173540 257961 148581 279915 157918 240399 147435 188430 
98810 126429 90221 126843 198494 264243 170651 218871 94453 117882 212568 382773 152836 256680 180100 397863 136426 151242 195923 211698 187884 219123 139410 209253 85908 107115 268054 438543 174103 320058 196374 357966 98086 78951 86939 119256 152257 303735 97860 139074 146581 272103 167136 220728 161668 295083 142844 210726 188005 351546 72929 74025 220806 300681 91399 127566 226517 322545 171763 200604 179946 333711 155968 198024 175095 304965 98086 99861 155000 206676 177296 208695 130682 128922 126696 193305 129203 180426 64360 72777 278563 558576 155562 205134 118766 199857 147074 148206 131941 168291 254422 531999 198850 333168 137590 185256 161675 238242 177328 186840 
171697 285411 176031 345126 170995 159867 78245 103017 144526 202473 102327 178518 145169 222942 99117 130737 126506 126084 158044 246609 100577 70971 160977 278922 186489 294219 151975 267564 87042 75855 137105 164121 139587 171900 169403 304593 127241 110577 146856 330702 118185 114213 101890 173289 109115 81627 213122 487509 201573 416553 133509 148206 214941 335088 132065 161604 101898 131151 124677 182298 151254 288612 173306 349215 115762 154746 73494 82146 91502 93753 144600 202440 164735 265056 144424 319365 138943 225999 170512 243126 135753 241383 135476 243036 254160 486369 200906 361128 184564 280254 180539 330168 179166 336813 81823 135792 159547 281175 165721 198942 
147520 161109 98362 97977 122737 218604 84161 84045 138318 171453 131014 187221 208435 217116 192706 226449 218666 424896 201395 372900 260173 474129 123321 107415 108433 78063 107728 168840 115099 65094 122506 174471 219180 308622 271685 572427 265612 515184 158468 330432 89216 97899 153512 275928 102686 80082 172879 311604 97908 121323 227343 309210 164382 259275 136377 246693 135791 189081 151009 228618 125778 239187 223130 451515 152622 189360 106706 57234 131936 224751 69172 72330 71103 85839 115956 76104 157205 239400 180349 374085 88751 116394 171838 217203 163318 225960 150918 304026 195401 369393 174502 333282 174046 306045 125146 119544 81702 89781 153106 252348 
109500 169647 153845 346782 135747 204120 142166 240021 109954 180675 81255 122142 272202 595704 171064 352509 184361 345594 159270 278769 147268 216099 173822 290781 98075 104151 218804 491220 180565 359064 135308 227154 122032 187323 120714 160950 136332 230271 124311 80376 199009 306027 121029 73377 82675 137502 90331 136563 156740 256236 162168 324351 62181 70389 145929 267795 129051 196350 131282 181386 188816 221757 166239 250137 105096 174447 151287 326022 161328 182541 189700 254403 139503 290928 228093 410208 156018 176061 108759 129150 134623 225954 61452 69792 148869 187683 167316 266979 240607 506043 196610 365352 108943 169959 165877 203397 101687 62028 197906 226638 
67538 86865 115360 138744 83155 37863 217321 388278 106041 99243 163053 291156 136640 116316 156329 154935 115364 135759 111009 175089 93810 102264 96341 179940 101459 182475 134620 156945 183429 378993 134347 281643 106529 149289 131736 166680 111078 220326 128762 148545 89692 139503 160925 225951 217930 366783 221546 394614 130850 191649 175258 248724 191452 330528 185226 327690 81973 134895 158355 129018 181609 335895 150543 305316 146620 193914 187753 301758 119477 230448 108840 210393 131774 195504 159111 269175 140604 107760 139863 297024 143920 306447 200122 351129 199970 345993 198960 483894 130649 224328 134980 192603 124269 229269 114945 81147 136708 231336 158309 170418 
168792 294306 188714 358011 161240 189759 110547 199836 111624 120234 63015 76338 207205 407511 132344 213903 159511 178413 209564 262338 138610 176742 128431 208575 133273 215994 213051 310995 161717 191790 230145 358617 117292 187134 150055 259641 185618 270429 169913 202434 132979 174507 118185 133386 152012 275268 164198 248949 175788 184626 185107 175137 124880 99177 68837 78942 194880 370671 281028 485745 102758 177948 67183 82410 137607 119172 117235 125598 174561 233682 158255 249582 82962 74298 91600 111387 121727 149664 120056 141036 174213 260202 81721 83205 113270 121884 111835 157875 81449 94893 306796 423996 159378 215157 144854 274086 181035 249327 125546 193479 
139236 70224 106846 115392 155593 297813 247797 442617 98658 59082 108674 88263 110663 76923 108264 154077 134492 240234 168460 322776 85288 45054 181902 260721 116296 146646 177014 275061 109257 130572 125957 203178 87376 90723 76921 70095 161966 233607 154547 306654 110051 86415 145543 261723 161541 219342 140903 184878 278849 296928 104227 178164 172574 296781 134718 92184 91977 116496 151939 251517 149542 284667 149390 227535 72786 102969 85318 44517 68424 76317 173471 258387 118466 187533 91842 122664 171558 326604 106438 151941 167676 245010 133781 170709 187043 217626 175824 150969 130799 246669 90504 131235 107546 69105 121273 224814 80495 72351 113861 205767 
158457 219612 130947 150780 125251 145791 206713 385668 91300 166431 209409 345588 123485 174867 175562 388893 138665 192333 145024 174153 118282 160986 207413 356142 77435 102387 126003 149400 80578 106578 92964 47670 105754 180123 200934 222876 167721 336408 142769 246822 115905 93282 161641 132057 165071 244770 163612 330699 129236 158130 118941 200820 248074 377022 73373 79446 221744 394209 103830 153591 108667 67242 91404 99174 203980 440220 172387 251475 110798 132012 138180 136434 171803 342093 236107 227241 125368 186486 117025 100641 213386 333498 215930 405903 100304 122967 131597 244188 88430 100290 135516 177399 105468 150021 162217 236136 105355 91197 209177 371619 
114642 190860 76825 95793 204711 309708 243994 439671 227531 386892 230682 374826 117220 135063 212042 261786 215175 345048 76499 98319 148738 279942 130046 229584 130442 213198 248997 286572 165687 273639 140243 148815 152587 228105 205782 388950 99560 132036 63531 76638 141617 264747 161893 368757 137604 258054 91391 111798 136067 184767 102913 119400 127172 250743 184942 206391 86441 42927 153247 177111 102438 123561 78170 103983 74663 97530 297993 475869 159572 335742 111559 130620 198469 383523 134335 132240 181333 250323 149661 301620 114758 110577 125679 200181 89433 139254 85084 114552 138224 287124 249846 448362 183832 332319 209232 407259 137103 145965 128591 167277 
202481 296196 176222 318639 121311 85467 169752 245463 178580 237570 152633 227232 135328 186129 80675 105855 104393 155559 143248 294462 107360 181392 125033 185133 176559 366936 126942 225114 104412 170340 101891 180171 171325 44409 84338 105399 153875 248064 214174 388917 155074 215874 194028 277575 126769 211947 150048 206943 207061 320190 126156 101736 172923 321321 105749 201540 156082 307290 122944 86910 119044 224649 241198 440547 207036 376431 124515 171414 159249 242343 156377 335502 116371 177408 111231 133167 287025 366699 104874 73491 228674 415512 275091 648393 134642 182460 147251 269817 119438 175464 110967 219600 170370 202470 104110 130032 83303 117138 135277 248112 
124427 203643 165804 332433 136414 238080 146729 229311 116195 179433 61784 76278 110399 117816 113394 134601 166305 280314 98596 158337 98504 156069 119406 146931 134190 168951 189344 396435 128153 214005 105681 92589 104425 92793 248024 354069 210487 361230 182927 339696 97467 80277 97423 68568 103082 108213 137499 188295 182322 353775 115791 96525 187643 242286 157841 316272 144431 303159 127731 181386 194068 285453 180822 325698 139650 161739 151379 259446 273556 427110 168632 298020 127933 180525 192501 133305 107168 138570 141250 258237 160674 339711 112281 112071 102174 71607 102227 167484 146119 250401 122235 182685 149099 296961 192818 412212 161787 117588 211570 304125 
212142 444927 125236 111624 177066 326385 154063 258945 102811 141126 105303 194685 250134 358770 157533 253254 131263 236376 202833 347952 182988 277002 126463 184140 104898 138159 100811 179397 87976 119856 127064 107727 128154 179637 151404 215544 135595 165402 122815 197274 123994 232425 124734 100890 106721 79971 190086 381165 218552 427974 210965 381471 148837 181620 139808 286545 164389 242703 89446 88125 176047 345312 151542 269463 170006 338094 142786 223620 113101 166521 105820 132288 222414 367143 156921 182961 183064 273606 185772 219525 229275 261372 135278 239808 163990 296847 171429 343158 89910 147801 143891 272844 107817 144000 203814 366780 219965 218730 207480 381636 
144141 213039 136274 162342 69767 72744 131283 142512 177733 225231 201979 284508 209394 427404 128374 240288 217787 318669 170223 228348 79357 113121 162424 346629 173438 176340 89035 131832 123804 125064 111222 183729 145135 190326 129973 200352 183841 367260 183726 182550 185770 352416 123545 112443 122047 125436 160782 307563 127994 173439 215877 260697 134810 185769 139205 252429 136104 127020 192966 303081 122786 86034 101278 168984 106763 164553 165564 287343 123937 196884 109848 123666 105448 137010 210344 384489 165814 197919 80623 112545 175296 361047 114385 169242 102403 114075 149143 182301 154418 234303 88053 122028 163340 249705 175859 235191 199817 166050 72148 85581 
141063 208161 111210 150102 120248 214497 129702 223017 119435 159612 139072 167079 141283 220038 109209 134232 112972 205521 165951 208974 154441 338127 196364 394497 258114 198342 111848 203217 254679 329661 135506 65769 284366 269523 125322 196074 189521 376419 119745 170613 165649 216525 196408 341775 240058 272190 127661 203259 162248 252183 171987 387696 149215 191106 103546 172695 147035 257130 91869 108366 91394 130758 131201 241776 182144 270462 69039 86277 157998 235260 172107 219987 96257 110067 132605 238722 129892 199473 95292 49521 163248 176454 112773 130593 81116 128688 137329 273045 212919 274866 103113 144264 230130 417354 183620 234552 237654 493254 142026 199218 
110524 97608 185330 380322 126595 192822 143578 276123 207075 204291 164190 297309 141079 202173 121581 84804 206410 179544 202735 302472 172851 232974 142309 210453 146035 240585 152220 236550 158831 256050 106279 162036 168515 369942 177315 232923 115154 82857 126547 167427 223924 419385 172245 244650 225279 442320 245100 366336 164276 288648 134228 289362 79703 126792 88275 108024 164107 317949 173388 278112 101132 117399 237973 373194 174164 280503 125985 91827 155536 274968 98583 143532 140689 256479 293348 469404 127104 220836 166669 215508 244354 448215 163892 281514 214695 449739 82365 110436 220799 413628 143862 262377 72681 78453 187647 218490 201646 229758 95602 128103 
83795 108444 162370 255882 109180 169509 253871 429474 119089 150717 123147 223386 109018 139869 153149 256842 265142 484263 104661 141909 114571 70038 209404 165975 156213 165084 218358 213570 145924 172368 234060 408648 166724 249387 140706 206940 158947 259365 101947 55737 132265 97260 110677 181830 129271 152847 134561 203043 139883 251109 168390 185700 100944 117219 193345 209715 160051 212208 190201 290817 180801 371655 179928 239313 104283 74736 88875 48018 158142 278589 113236 173076 149252 234069 90441 141822 92824 90249 221685 308610 130775 144033 106005 131310 107941 88425 144775 162522 189705 400851 133239 200949 206530 231639 100803 169602 165902 241920 88197 127539 
108893 171369 113979 208098 160767 329175 97832 137883 92501 134907 83906 96873 155476 111639 220765 324006 215772 326985 177830 209340 190095 268350 141219 181938 88128 130617 152962 163134 121103 124452 178828 305883 179172 219363 250776 454878 155346 218865 200968 405189 92074 147933 180799 260865 145698 267423 116924 139527 151670 241653 143887 199926 92406 108600 118993 182697 113278 183156 132584 168987 140862 179883 171256 318861 174417 289989 63185 76944 66103 82218 183601 279372 161060 294327 126464 162432 221163 393621 159464 132561 183880 363423 191950 327702 119540 150573 128111 220626 110155 126009 147239 217968 173150 304887 171552 245184 93867 83076 91205 83649 
108347 199602 104299 79527 125085 153342 156250 336255 115781 120804 151417 203769 232846 339711 252244 249507 193699 290937 151946 150888 111351 189906 112344 210543 136795 224145 91612 135942 260323 475272 201485 335907 124067 224940 190980 206415 205355 336594 116628 172923 145582 216054 108088 156624 166512 294288 155232 296811 136389 210720 169785 255426 85925 107646 140224 164349 189711 428118 129521 177450 172275 141258 99732 168702 145085 288162 65975 73683 112301 134223 176233 270804 114347 127110 117761 171633 171914 193158 136163 179319 109138 73413 128895 158151 157571 126021 114962 163233 157664 200691 154005 285690 123679 140847 129062 168495 136862 204696 177566 197625 
194533 327066 85153 88113 221277 365163 106809 149040 133886 196068 176990 313800 182233 218517 162089 214488 129408 219549 141555 104946 110618 63789 155255 216402 166875 286899 168086 280233 198760 387474 70525 80838 264483 461175 147447 211701 162737 224382 119893 180528 123258 221088 107472 170793 164562 353241 140725 161034 137661 255327 172774 201429 112889 152973 179616 142833 189924 298158 131014 191091 166938 218223 74483 75027 163577 241488 132998 227727 127242 224163 193204 359994 148437 204300 158305 179505 117460 109920 217438 267177 113735 169770 172437 266007 154983 173511 174680 252072 96640 152397 80803 74874 230170 342732 109124 208458 195417 312168 107832 134796 
110464 202095 195030 445662 163193 274914 121739 159360 151089 205059 130437 138255 248422 425148 135693 215178 112151 143523 123692 177345 152301 252969 156257 326271 122260 150987 173053 219669 162933 101598 254178 446763 138145 214428 210182 381969 192436 337605 100205 89802 94627 118791 164498 252126 219413 402477 127065 190269 85176 126012 110373 153063 160223 257268 145409 168498 149461 239532 79479 99573 85674 107259 154732 227106 97959 135396 157827 337023 131074 241734 181731 142494 80287 79563 80441 105222 81328 131481 126638 185190 142677 277071 157122 278613 172461 270312 149924 185469 163272 232500 103322 112203 170206 332868 103668 120066 148601 286659 82927 117003 
153756 242565 140171 221808 253229 563724 132040 239874 111110 168306 116089 113247 120410 128331 103358 91068 159927 300780 187415 279669 195044 349584 107585 157014 87511 93960 114097 211974 203318 368019 106634 174768 81977 77580 224966 298731 135647 138405 73608 99858 103085 138732 137746 283665 102409 82740 157468 269139 163019 266625 107001 180501 79760 106104 120369 219414 156338 225087 162776 206295 132737 208230 115932 161757 122089 144570 67124 82047 186944 322509 124025 208098 175014 348846 122039 137721 163587 249075 152873 326685 167906 276663 83905 130080 208173 463512 201456 334173 107958 103482 183054 230865 145397 135876 162712 237849 162686 258789 75613 73500 
112471 114246 181908 399606 110504 118536 165369 248469 189712 298854 174410 301887 150853 186990 212677 293781 205235 369507 180833 313428 147543 176904 170246 368559 108455 198438 159140 238905 163589 141285 192688 375429 143587 263373 101091 128793 128778 96606 185808 260535 127880 119205 96941 95949 192489 375318 120554 203424 216276 429978 206942 456126 152308 174435 101896 133137 187281 181686 138881 213033 171070 294438 196061 309852 133802 230871 219712 384255 215022 321528 120676 191994 134329 230520 91674 104853 194484 230556 108909 174582 156159 119451 94695 116703 171168 219252 138239 194775 143241 256602 145659 141699 226104 400887 195152 290331 167876 203580 163403 100245 
111339 208710 163220 198951 134567 205323 190132 320988 218123 454884 91849 89532 146337 315102 76266 82575 151472 318957 124606 215874 119014 202449 204598 322875 94535 94692 149762 298443 104849 142203 201868 304293 82800 126708 172289 292389 186651 193152 198138 385218 154006 259368 170576 290820 157974 300207 88506 104442 146953 274464 88299 90693 191524 330537 195337 263430 256955 512178 95765 148002 150017 217632 185352 311220 161200 276294 146060 278712 168179 271587 163699 260037 125648 199260 160054 299949 194529 417126 212185 455697 109179 125511 107335 107175 181584 231387 123378 224559 156372 274791 145099 220131 111643 203001 304619 530796 197811 351717 112900 116310 
77464 92145 83447 73395 129520 212499 63063 77238 119759 218802 130413 257439 262415 567357 194367 343158 81150 87453 111263 122502 127262 196338 148426 280047 116917 233682 188381 328113 196972 308031 227211 491766 107922 105111 149549 260214 125605 215097 156629 236691 214267 305925 223806 497130 223162 339513 212599 354237 179688 188583 156698 215151 125277 191424 158894 218397 200072 222417 103423 125787 198285 198813 176364 291045 159241 103959 150168 88923 172172 304701 116068 147015 198145 454200 179041 194913 120902 162003 132377 117210 282327 564495 168201 350793 116568 168282 98666 165507 71490 93345 141422 253287 168383 213366 218140 424434 117942 131238 326663 604419 
205829 285348 157173 206778 187900 308868 164087 368169 121162 134046 123944 195885 184835 314544 113921 115728 157773 280731 73220 77217 159218 278322 192507 348849 151766 252960 130913 55443 223158 454749 182092 315507 257670 536220 182209 359907 230701 311871 149981 253470 156188 291837 178851 323856 92822 103209 156796 277707 119472 185700 170970 212937 162575 82395 163311 152019 86957 144087 137003 201753 193945 267690 158059 252531 142969 182202 162963 241860 142431 258186 96634 149841 192227 296070 247869 556443 178897 265890 137013 189972 252291 392316 95285 53952 128768 113106 104959 197988 225773 165672 156691 216723 96659 174741 101791 135015 204569 215514 156898 246495 
120273 206760 150520 60009 158689 234753 106977 82998 126766 223767 123449 205134 117717 173004 173927 281001 114138 87198 162097 370914 174076 205392 106725 150909 166374 321342 208128 436575 183977 304716 143815 147153 148515 292110 91804 88995 176359 290538 140170 205065 169512 229524 172228 226308 141358 242604 110162 185244 139920 196212 117745 177033 115716 213297 233395 356721 206737 459747 183752 363468 170991 205587 125326 210519 62980 74613 205116 337230 74555 77106 290116 396000 170452 361818 121549 144618 146914 181638 139799 174222 119524 94914 182531 370971 170400 187443 126850 218280 146366 261726 186416 334635 107087 89697 164274 194445 79742 92301 104284 51612 
196438 293028 143056 216063 89709 88173 185623 315321 113680 207450 108640 85080 121368 200757 180928 288654 178920 244275 168019 309495 153396 255930 141825 88323 180097 279306 168064 338391 110069 157998 290673 469917 129250 215478 158599 252675 162341 242865 119874 220359 76192 86040 170571 325812 130795 241836 125093 228903 102112 135219 156096 200274 176019 233034 124403 238137 83485 86274 246928 398073 171336 250410 195613 273639 108930 198798 161621 229449 104759 140838 132813 280023 128854 149382 128566 163182 135992 180243 143006 292851 188133 245448 113798 189996 153068 293235 199148 255918 110216 102411 158915 254970 105862 193083 131524 210297 153433 288582 79943 99465 
94968 91788 125935 258795 237058 179445 147022 254520 95998 143598 109935 190707 197362 346041 138757 210702 74421 87732 129656 154383 232091 521235 158066 266505 115851 132258 166629 224208 166135 275628 90841 113502 196424 410535 98409 146169 125782 114678 210828 400374 85553 124971 94361 131388 243623 421665 249533 549861 137444 131607 132563 203367 167105 250941 221518 310686 111766 71610 113916 113316 125473 183675 75184 94644 123691 178200 153131 319944 187731 315135 183942 248511 89264 101598 139403 172020 183223 306876 144624 137391 106340 137523 171484 273465 199652 334398 166246 119547 188762 336804 109352 204348 132020 122001 229915 210264 141227 267030 84520 75672 
140328 99711 164290 321813 79882 89841 222410 224412 109353 80988 142490 122013 185148 200427 157832 204753 249192 490572 155375 222231 252573 436050 140913 301896 110671 162921 192763 346179 306677 531975 194179 346446 156271 251736 111435 150966 171346 318375 151649 178323 178763 228849 234998 254415 190034 194187 109016 119349 186617 370071 163846 274170 174521 238110 119306 176532 80413 82119 166569 354633 286278 341304 114125 92748 138844 233490 163906 258849 152060 187860 140065 207045 187326 313506 123513 189285 156139 243198 162474 283122 154137 75012 210389 284781 137443 168549 110959 175404 121414 139350 119612 201507 137024 225165 92618 112857 160864 304026 234018 515502 
103596 131679 300886 435768 314530 506805 190150 337737 180324 174006 127318 224694 187425 218619 139105 144873 165326 123051 263344 473004 120747 182337 111121 129876 195664 224826 191295 409206 107819 175812 190886 348183 140485 188913 242830 335040 135996 134355 212199 348267 258469 303534 153255 190467 212359 475485 118459 189267 242508 240720 212615 381945 203839 297675 238565 519621 112102 102714 110188 183042 211206 379806 152338 263919 127650 210087 87807 87030 231026 307284 219700 365214 83455 83658 180541 155313 174200 246726 188581 267924 202343 430821 212208 414858 168864 172677 123720 212400 175097 237249 120607 185967 201261 420867 98269 115416 170057 280662 127902 232677 
89576 41919 77396 103350 138710 276381 152939 296625 120541 169215 182697 308988 183603 335703 206345 363525 98603 178062 151251 288504 187731 340314 136862 216942 273981 424053 195086 376206 188533 312036 124770 75441 164522 201798 158619 212949 156878 119352 191589 285657 227348 353748 207062 411894 133851 239919 155931 192375 234311 461118 233128 305085 202547 146286 143371 238215 202103 372735 139022 130797 190346 289053 114562 91428 119105 215934 114779 160353 98153 143598 150064 199302 128627 75150 230371 355209 189355 357150 102912 173256 104456 118824 72298 88563 130266 185301 240524 320046 139599 241104 136155 196407 193325 200085 97532 64467 153075 300519 151247 254757 
122388 103074 98952 59178 151313 312123 158277 282366 112006 79500 120027 116859 300272 572211 155292 90909 126399 171708 130889 149889 74620 75867 114712 100158 106128 162255 124901 210045 85709 91914 132754 275631 145855 116094 82548 118884 203874 294927 224604 326637 146306 203733 109941 86181 73854 97314 135003 205878 142737 204180 187787 377172 197980 207687 135910 114342 235691 262365 175769 373170 107627 103047 298772 439818 153194 323595 94190 122595 144859 210186 116663 202683 167037 272097 135588 141939 275399 476889 83277 100770 186530 317166 202451 455511 163717 177939 214612 392211 153090 214686 193670 302469 155587 257715 336614 485721 82809 108138 178040 236727 
214831 435297 162558 251313 127526 157467 132027 200166 132529 166668 149553 274620 210759 316134 80966 88386 70520 84828 149075 226731 238969 405408 201641 380112 133061 189141 90905 96186 89672 91584 152663 234975 130767 128940 82296 104961 325724 220398 167158 258492 212236 333972 72622 88653 205662 284364 174606 268545 184088 315741 113641 185949 103273 121950 146189 177834 161085 289332 204223 285876 186073 384747 99590 130137 173888 165324 115281 189612 145186 234201 304080 638040 126771 229755 258658 448116 155645 313623 154744 196686 161959 330408 203628 284970 135031 114933 102936 124470 74820 97446 128157 246537 135433 120120 93711 105057 163822 226914 143774 218529 
112276 150633 273563 428235 149246 121728 186503 273504 136689 245655 167691 352719 149864 212088 66367 75033 162818 297369 160058 210240 186611 383712 226979 378129 117993 174894 89419 113214 136270 262416 92660 125442 87432 136896 80510 124464 85361 114264 174621 294501 187876 394296 95927 146931 172527 271443 166970 326871 131674 275022 173132 359223 167142 266592 130035 200451 140625 174567 86412 118392 148805 237984 196288 443280 165221 261927 157913 262551 278546 531990 182117 253839 111547 89970 107226 71937 172959 319620 106121 123156 146262 69405 175900 273765 89558 144615 153625 271647 76868 99564 139969 225003 117951 228420 143784 188427 180909 334320 143120 208371 
142503 264828 214618 372501 136764 261735 197513 303270 214280 302091 147436 167292 141683 152700 148669 275385 147911 254964 81835 80571 132213 169284 205051 230460 83511 101703 201327 432123 145484 125481 146565 306447 282395 264357 280410 628041 130371 190506 177108 263463 91401 111558 187918 345384 145541 286392 206163 248409 251801 547380 216436 297264 83045 93102 127162 201948 197776 189249 80908 106224 225691 445971 79388 88692 131378 201024 197767 141213 87394 120351 103686 131748 97696 156645 151207 174012 188345 264525 98129 124419 192874 178047 191854 288414 81890 103953 148052 105453 143485 192225 209948 403680 168987 226359 250008 376713 148786 213813 169185 345681 
278791 572502 104206 152625 137840 195231 133474 99441 205187 216333 88707 107520 208014 269832 127513 232101 181234 309000 253210 419679 153574 185175 92433 127230 226581 381303 245123 424254 119010 153144 135914 185172 256742 350538 121569 177915 75388 74718 187807 159147 135758 268116 143142 190932 111714 106668 125062 124659 137183 126810 155341 214080 120090 196563 139403 246726 136391 166311 182986 365595 119840 132972 129850 146028 118556 89265 119175 214578 139351 229848 138804 208077 139616 157524 153154 226197 177888 412467 113055 212940 101645 122502 174078 206601 160766 231600 122085 90573 172965 175581 241769 463701 190786 433638 103569 139005 214223 313146 199405 291675 
139995 285468 140090 89106 144920 275142 119962 100608 164113 239469 172592 382584 113710 95508 159744 251733 150901 319146 128164 218349 123091 180258 100203 72795 94116 120444 134270 218910 217323 255051 103191 129726 103423 151776 107572 168777 160199 202392 161830 159999 146704 213813 180592 309744 123051 204210 142117 197334 145626 244500 128172 158391 201627 323250 206700 390543 148148 293862 123824 250176 182581 224415 126096 150288 87607 96285 249152 288285 168247 188805 157591 161040 131035 172308 154964 272598 138730 271956 109477 101376 164571 326790 196168 210309 158972 221292 265382 633771 126239 204237 158972 307416 151140 292293 167050 226662 214932 414276 98031 126048 
178788 251214 151729 105507 111553 137154 154335 245463 113594 178314 198983 338748 93632 118635 118836 186774 110299 192345 153490 283551 122080 171222 195949 359304 163475 281175 178140 368829 117631 173889 112717 148905 135217 137838 159447 179460 236267 270495 293934 355383 177700 362622 173697 269409 72951 90468 203689 377691 86295 99672 129692 170424 95196 92835 189512 264708 277766 569694 113999 185016 100919 152253 116378 147327 170632 308397 80021 103407 70998 80787 169880 367509 149129 196437 194553 419289 120299 221574 92259 122649 274248 525117 108857 161997 221245 279582 208082 278247 122150 111816 110370 159885 172114 259833 126930 209841 104281 147996 138554 110973 
191242 415398 156228 207291 332360 586083 168833 243294 129361 122670 292130 553407 161308 253272 153685 291603 113429 189828 170809 304500 159069 330891 176013 310617 228461 450030 187303 168399 177797 221745 163557 277479 148967 287286 152328 269172 117995 176172 171889 257769 130989 127911 188967 141264 121912 139467 185601 373038 191805 311031 153360 289593 148078 198504 109576 139143 243037 432162 208860 426879 221892 493068 153092 201960 122905 132870 140218 235458 212197 204120 200149 424140 127927 211011 199833 390315 166767 284655 65544 75699 213021 199296 147554 170613 236620 495051 251618 440361 132044 162291 190388 221385 168238 167376 257227 465453 98135 161373 158547 94500 
146714 203736 182002 159771 168143 282711 238974 484875 176760 299037 273985 458340 85579 89688 137327 239601 201153 349047 313464 446523 127103 220053 134031 129759 144620 196176 186587 203607 220699 508254 125209 209730 229068 266433 176888 292029 128742 175482 150472 283701 118862 130833 144464 147090 157213 237486 179952 259353 165105 259131 111836 73719 127575 98790 169542 231795 109885 170661 157289 351444 155124 221691 120669 124206 198606 402219 109123 176601 93790 123774 87536 98808 151420 203211 216871 413334 145510 244569 194168 332283 252223 539820 170600 374061 142445 185121 122046 146595 138000 124983 262921 438516 298371 413667 115419 81615 240531 282678 145252 311811 
