102 36 144 171 182 285 241 486 148 183 140 186 196 333 172 261 233 465 141 168 201 339 215 402 325 756 226 444 173 264 204 357 108 51 131 129 207 357 228 432 106 36 219 402 170 237 339 783 204 360 178 264 223 414 105 42 224 411 127 129 103 27 145 162 177 267 289 612 169 243 142 162 100 21 127 108 189 324 199 354 276 609 265 531 146 183 250 507 178 279 246 495 164 219 230 435 147 168 177 270 
341 489 291 336 251 189 544 1104 357 510 392 603 431 741 473 894 217 99 550 1113 311 387 342 489 391 603 466 855 233 138 283 288 407 660 349 486 251 207 327 438 268 243 348 483 210 69 211 72 407 669 218 81 335 453 515 1011 377 579 298 342 206 48 635 1368 283 294 384 618 332 450 237 150 449 777 698 1566 353 507 495 948 385 603 271 270 224 111 294 330 225 114 525 1014 393 618 263 228 458 831 521 1029 
371 261 521 702 369 243 663 1164 348 180 361 213 461 504 299 9 575 864 426 417 474 549 511 690 1019 2265 661 1140 347 195 787 1542 321 93 496 615 435 432 710 1314 682 1221 708 1290 446 495 680 1212 535 753 323 108 407 360 842 1698 494 612 557 837 624 1011 386 306 361 204 1260 2961 564 894 687 1227 628 1059 965 2067 552 819 451 492 551 816 426 414 573 891 777 1485 629 1041 757 1425 586 930 521 708 471 588 527 756 
559 549 650 816 406 48 1130 2274 425 105 1044 1995 1310 2823 793 1227 1114 2214 846 1386 426 108 626 717 690 900 612 702 912 1617 960 1728 973 1773 402 36 493 327 590 636 758 1131 620 705 560 528 552 504 1651 3825 425 129 1036 1971 584 582 1045 1998 536 471 1002 1878 1085 2127 756 1122 923 1614 611 681 486 306 609 672 1144 2307 762 1140 724 1008 1268 2670 771 1188 613 693 537 477 1369 2973 995 1860 711 987 1000 1875 668 852 854 1446 
596 327 944 1380 1365 2679 992 1530 801 942 827 1074 970 1467 1427 2844 952 1395 888 1230 571 258 1160 2025 562 225 873 1173 1103 1857 1035 1653 813 993 533 153 1113 1902 1014 1626 1476 2991 916 1320 847 1104 863 1152 1078 1806 523 90 555 213 844 1089 1390 2715 804 951 508 51 851 1110 677 576 1109 1863 844 1071 1150 2004 853 1107 1713 3741 902 1269 525 93 858 1131 625 414 637 456 662 549 990 1590 567 240 591 303 1503 3075 1148 1989 561 219 
822 696 800 675 1019 1314 1092 1524 2292 5160 928 1047 1520 2835 1645 3219 1065 1470 1398 2496 742 489 736 447 818 726 1366 2361 1167 1785 1410 2496 694 327 2583 6033 825 747 1166 1761 2325 5259 711 408 823 714 1370 2394 1104 1584 1134 1668 1123 1632 602 36 1426 2553 1854 3846 1207 1896 1035 1350 1017 1269 697 336 806 666 1028 1347 1341 2307 756 525 746 495 605 36 1180 1806 1921 4020 672 255 886 915 1735 3471 1153 1731 1252 2049 1233 2007 996 1233 3037 7422 
769 270 1655 2931 1609 2772 1246 1731 983 888 1113 1278 1111 1287 1585 2730 1109 1254 1475 2373 1439 2271 1185 1521 759 234 1460 2364 1211 1578 1100 1266 2217 4653 1688 3021 1525 2532 1188 1557 754 207 1159 1452 852 492 1442 2292 1418 2202 1318 1920 909 684 1792 3324 1428 2232 1573 2673 1262 1743 1047 1080 2140 4395 1654 2943 2291 4848 1343 1959 797 327 1959 3840 1662 2976 767 267 1476 2385 770 267 1372 2079 1294 1839 1415 2238 1098 1233 1610 2793 1694 3057 1064 1158 2166 4470 
1133 1056 2160 4146 1556 2313 1966 3552 1351 1707 1570 2412 994 627 1937 3459 1063 825 1207 1275 1843 3195 1077 876 2079 3921 1326 1641 1047 762 1049 804 1150 1116 1323 1617 1106 1002 1844 3180 1013 684 903 339 1230 1326 1511 2181 1827 3135 1957 3561 1495 2148 941 477 1282 1500 1655 2640 1160 1164 1073 858 1565 2379 1031 774 1489 2124 2078 3900 1905 3381 879 294 1275 1464 1872 3306 1073 876 1773 2967 1452 2013 2337 4665 1657 2643 1129 1050 1734 2859 1078 891 1444 1989 2027 3744 
1075 573 1731 2541 946 183 1835 2880 1165 870 1627 2220 1235 1068 1529 1932 2668 5385 2122 3747 1890 3018 1162 843 1260 1116 2184 3951 1526 1962 956 213 1157 834 1852 2922 1486 1806 1477 1821 2125 3783 1248 1116 1571 2061 3167 6909 1161 858 1751 2607 2113 3723 2121 3735 1772 2700 2227 4047 3284 7263 1918 3117 2016 3432 1691 2439 1607 2187 2876 6012 1148 816 1168 843 1501 1857 1017 381 1062 522 1293 1227 1460 1719 1827 2853 1844 2925 1971 3285 1511 1932 1778 2670 910 66 1407 1596 
2982 6030 2288 3936 2695 5157 2083 3333 1616 1905 1943 2886 1528 1659 3211 6708 2051 3246 2036 3165 2920 5814 1753 2295 4658 11064 1544 1698 1548 1692 3496 7560 1142 471 1503 1563 1597 1827 1619 1896 1576 1776 2368 4176 1017 90 2924 5856 1398 1284 2128 3441 2910 5823 1543 1713 2092 3324 1876 2700 2857 5697 1475 1464 2210 3732 2374 4233 1600 1857 3978 9027 1352 1137 1060 234 1543 1695 1534 1674 2219 3723 1172 564 1239 771 1266 837 2744 5280 1796 2481 1453 1404 1030 108 1227 720 2574 4806 
2076 2973 2003 2784 2232 3477 2436 4092 1910 2523 2129 3153 1303 663 2699 4890 1574 1479 3062 5970 3136 6192 1229 414 1775 2061 1477 1194 1738 1959 1409 984 1892 2448 1563 1425 2298 3675 3396 6963 1544 1425 2156 3222 3042 5910 2576 4536 1499 1278 1857 2352 1739 1983 2766 5064 1364 831 1355 810 1687 1854 1708 1863 2264 3540 2179 3291 1272 573 2255 3549 1504 1287 2630 4692 2093 3027 1604 1593 1328 720 1796 2142 1532 1362 1099 9 1380 906 2581 4518 1508 1260 1465 1179 1599 1545 2423 4071 
1627 1329 1216 78 1370 546 2535 4098 3452 6813 2013 2496 2398 3675 3512 7047 3097 5775 2142 2892 1302 345 3710 7629 1597 1266 1284 282 5177 11994 2614 4326 1758 1758 1764 1749 4308 9462 1487 963 1703 1536 3909 8229 1427 762 3304 6393 3951 8352 2317 3423 1820 1908 1423 714 1545 1101 1646 1377 2940 5301 2175 2979 1273 273 3330 6492 2913 5223 2701 4569 5197 12099 2491 3945 1423 717 2186 3048 3937 8304 3165 5970 1377 606 1589 1233 4001 8466 2598 4278 1323 432 3316 6414 1886 2139 3551 7152 
5147 11625 3041 5307 2772 4518 2483 3639 2535 3750 2862 4740 3334 6156 3569 6897 2499 3678 1626 1014 2278 2991 3014 5205 3597 6984 2955 5037 1513 705 4661 10167 1657 1116 1426 414 2390 3351 1338 162 1878 1800 3186 5706 1953 2016 2600 3939 2281 2991 3237 5886 1649 1119 1311 63 1392 303 4095 8496 2325 3138 1309 57 2713 4332 1860 1716 1944 1989 6727 16374 1796 1536 1534 768 3984 8136 3602 6996 2162 2652 1896 1842 3120 5553 4144 8622 2643 4077 3175 5679 2657 4152 3164 5667 1932 1971 2530 3738 
3050 5013 1598 651 4092 8166 3430 6174 1527 435 1641 795 1623 741 2601 3687 2156 2307 3728 7113 3289 5742 1840 1347 2537 3486 2427 3156 2725 4032 1831 1329 3457 6237 1853 1416 1732 1032 1636 774 4124 8289 1951 1683 2003 1881 2662 3825 3960 7761 4416 9123 2477 3306 3016 4920 3064 5046 3648 6846 2666 3873 2470 3249 3130 5271 2880 4497 2667 3873 4906 10608 3981 7806 1687 927 2195 2430 2631 3765 4210 8502 2207 2502 1552 519 2142 2292 3285 5730 2848 4425 3248 5634 2244 2625 2124 2226 4008 7917 
1876 1176 3813 6993 3083 4833 2084 1815 3836 7062 3703 6693 1689 624 5264 11385 6527 15216 3080 4806 2157 2064 3290 5463 5183 11160 2090 1815 1499 9 3632 6495 2703 3702 2710 3705 2761 3855 3193 5127 3042 4674 3507 6096 1866 1164 2590 3336 4169 8115 4443 8919 2613 3459 3182 5139 3385 5712 1596 327 2120 1953 2126 1971 2857 4155 2390 2736 3654 6555 2294 2448 1541 159 3667 6594 3717 6726 2870 4164 2233 2262 3160 5046 2853 4113 2143 1974 2538 3159 1831 1059 1674 567 5601 12438 3148 5019 2838 4071 
2869 3879 3843 6822 6384 14445 3374 5379 3173 4767 1791 618 3307 5211 1901 969 1790 633 2940 4086 2799 3651 4930 10074 7562 18021 2234 1947 1837 750 4677 9351 2919 4074 2446 2610 2860 3855 5026 10335 3350 5316 1644 159 3607 6114 2389 2433 5148 10719 3195 4839 1683 276 2103 1548 2525 2850 2538 2898 4018 7371 3327 5283 3586 6048 2486 2739 3651 6207 3065 4443 6043 13401 2000 1257 2396 2454 3116 4641 6465 14694 3465 5667 3493 5772 3480 5688 3088 4527 2778 3609 4147 7752 3397 5463 2182 1791 1903 957 
1700 21 3995 6960 4326 7959 2570 2676 3408 5196 3137 4383 2082 1191 1707 60 5449 11349 3164 4467 3145 4419 5004 9993 3045 4092 2716 3150 2930 3747 4660 8961 2357 2028 2804 3393 4500 8511 2751 3210 3189 4542 3495 5469 5654 11982 5046 10155 3097 4254 1880 597 4134 7386 3284 4809 4135 7389 3673 6003 3248 4698 3336 4989 2775 3255 1899 642 2642 2937 2753 3225 3027 4071 3325 4923 2492 2451 3671 5994 2507 2487 4587 8709 4205 7608 5708 12117 3731 6141 3552 5628 2306 1848 3876 6591 2279 1776 4326 7950 
3703 5781 2416 1887 2414 1935 4835 9186 1834 129 2290 1536 2348 1701 3174 4260 2311 1635 3408 4917 3770 5985 3313 4641 3299 4590 3877 6312 3136 4080 6120 13026 3319 4611 3809 6084 7629 17613 4932 9459 6902 15426 2749 2895 3667 5667 3190 4224 1896 336 2006 675 3006 3666 5554 11361 1956 531 3554 5334 2503 2157 3387 4845 4203 7290 2940 3483 3112 4017 6665 14667 2566 2370 4036 6801 1919 393 3671 5658 3668 5658 3089 3951 3310 4587 2774 2979 3809 6093 3180 4197 7120 16080 5596 11496 2770 2967 4223 7332 
2678 2388 3104 3714 5266 10197 3567 5082 3634 5286 4850 8958 1998 342 4504 7857 2517 1926 2886 3015 2389 1548 3628 5232 2457 1710 1913 69 2003 357 6061 12585 5123 9762 2824 2829 3179 3939 2938 3189 3546 5019 2072 546 4338 7380 3355 4455 2111 699 3688 5448 6306 13302 3896 6072 3881 6024 4393 7545 3219 4023 3503 4881 3659 5334 4142 6846 3297 4245 2318 1320 3220 4017 2969 3255 4678 8406 2611 2181 3521 4947 2612 2175 4016 6420 4280 7224 4282 7239 2988 3330 3308 4290 6068 12597 2112 684 3295 4266 
2714 2223 3572 4791 3757 5382 4568 7806 2815 2520 2570 1773 6698 14187 3086 3351 4389 7224 2902 2787 2134 432 5193 9654 2824 2535 5517 10635 2448 1425 3285 3921 3773 5382 3876 5685 3057 3225 3849 5604 5621 10947 4214 6705 3145 3510 3134 3465 2733 2274 4644 8013 2062 204 4318 7017 5023 9168 2038 162 2331 1059 5923 11859 8286 18957 6667 14136 3455 4431 5219 9741 5788 11448 4037 6177 7376 16230 5546 10686 2188 648 3454 4443 5482 10518 4839 8589 5227 9744 4246 6810 5233 9783 5424 10335 2903 2784 3962 5952 
4517 7335 2394 963 6126 12162 2349 819 4983 8730 3255 3555 4461 7119 2444 1059 5842 11391 4323 6762 4795 8166 4401 6969 2328 747 2107 39 3605 4596 4558 7419 3856 5358 3802 5208 6106 12120 4570 7467 2230 444 2609 1599 2721 1938 4355 6846 4997 8775 3664 4776 2852 2349 3960 5691 2878 2418 4190 6342 7788 17235 3198 3369 3570 4521 2728 1938 5362 9894 2996 2754 3592 4524 8312 18717 6749 14058 5666 10818 4806 8211 2700 1884 3406 3954 4216 6423 4571 7497 2418 1002 4285 6636 4022 5838 4024 5883 2176 276 
6462 12858 2309 372 2826 1977 2838 1971 6710 13641 2852 2004 6065 11688 5936 11265 3544 4107 2942 2271 3862 5052 2285 303 2774 1779 5257 9237 4885 8130 2484 909 5558 10149 6220 12126 2435 762 3195 3042 2660 1473 4822 7941 3200 3057 5206 9081 9883 23196 3254 3225 5222 9168 4647 7416 4340 6495 4333 6453 6049 11646 3040 2583 2803 1866 9214 21153 6182 11994 3969 5361 5559 10158 4891 8139 7929 17298 10311 24417 2413 687 3644 4386 2701 1548 3947 5316 5996 11442 3169 3000 4940 8313 2335 453 4252 6231 3235 3153 
4961 8091 4602 6978 4533 6765 6062 11388 8067 17376 7046 14337 6580 12924 6124 11565 4538 6750 4169 5655 2485 627 3273 2994 4207 5787 5454 9543 6760 13443 4032 5280 4442 6510 3801 4530 4420 6390 3930 4929 5080 8430 7886 16857 3044 2316 2475 561 7703 16311 4940 8028 2342 165 3155 2640 3863 4743 8092 17457 4487 6633 4666 7173 7066 14406 3154 2625 2664 1149 4902 7845 6195 11769 6972 14124 6323 12141 3919 4956 4862 7788 3392 3333 3528 3747 4169 5646 3915 4893 6664 13167 3536 3789 4249 5949 3764 4440 3257 2916 
3673 3894 2729 1053 6828 13377 5958 10755 4468 6279 3974 4806 2825 1332 3507 3393 3072 2091 4774 7188 6263 11682 4756 7113 3190 2418 8324 17880 2613 702 2684 900 6897 13593 7393 15069 3614 3690 5175 8388 6035 10962 2878 1488 3791 4263 5792 10269 4551 6546 4708 7005 3568 3540 4007 4869 3723 4032 5411 9099 7577 15588 10475 24324 4264 5655 6070 11082 7473 15285 7270 14682 5649 9810 4663 6882 5504 9366 2956 1752 6943 13722 5340 8865 4285 5703 4167 5355 3625 3750 6910 13593 5124 8247 4878 7500 7990 16896 3586 3621 
5800 9954 4625 6468 3756 3816 3818 4035 6195 11169 8251 17337 6048 10734 5065 7770 4933 7383 2815 1002 2903 1248 5057 7752 8748 18861 2833 1074 4252 5340 11163 26118 4463 5964 6338 11604 3001 1605 2642 465 12629 30525 5070 7800 3763 3846 5314 8517 6314 11517 5051 7719 4473 5994 5101 7896 7142 14028 2902 1272 4418 5847 5691 9654 3108 1863 4197 5148 3902 4269 5274 8388 3359 2649 4062 4752 4056 4707 3549 3213 5276 8364 8802 19032 3540 3204 3364 2637 3789 3924 5085 7821 3463 2961 6774 12888 2747 789 2982 1527 
5053 7443 5035 7413 5824 9771 6716 12432 8988 19254 2685 294 7561 14949 14038 34416 2674 261 2706 348 2807 678 5201 7914 6244 11043 11509 26838 3526 2835 5796 9690 6879 12957 2819 687 3311 2181 6934 13104 5723 9471 3964 4137 3935 4059 4446 5619 5016 7293 8619 18156 3231 1938 9409 20484 5537 8868 5253 8016 4730 6480 4467 5655 6660 12279 5806 9735 7131 13686 6240 10977 4752 6519 4390 5424 2876 900 5145 7701 3552 2940 9504 20829 3003 1245 6565 11976 4872 6918 4640 6165 5674 9306 7019 13329 6057 10434 4206 4872 
6670 11985 6418 11247 4336 4992 4946 6777 5690 9069 8167 16494 6139 10410 2910 696 5479 8403 7274 13788 5605 8787 4817 6417 3518 2508 4503 5493 10234 22722 6371 11124 4857 6543 7050 13152 8510 17511 3666 2988 3543 2613 4867 6573 5324 7953 8106 16320 2910 660 3742 3207 3697 3057 4173 4494 3724 3120 3294 1836 6130 10356 3298 1848 10951 24843 2862 540 7229 13686 4294 4890 3582 2700 5636 8880 4036 4071 6700 12108 5877 9624 9503 20490 6917 12723 7395 14160 3007 978 7984 15915 7556 14649 5747 9225 3957 3843 3255 1704 
6589 11442 3622 2541 8884 18345 4500 5166 3040 774 4822 6114 4808 6162 4457 5025 5643 8574 2821 108 10902 24405 7923 15462 5815 9135 3295 1551 4503 5175 7661 14712 8614 17517 3953 3507 5580 8397 9896 21381 7114 13077 3638 2580 6868 12285 6404 10887 5045 6789 5768 8961 9237 19410 7106 13011 4191 4227 7044 12825 5979 9567 2932 453 3373 1767 3710 2796 8006 15690 6099 9969 2799 9 3686 2748 4848 6234 4778 6036 8543 17313 2886 312 7022 12765 8528 17283 4031 3759 5764 8973 7906 15426 2989 615 3337 1692 6967 12591 
5503 7845 8012 15429 5908 9087 5450 7758 7318 13326 3303 1302 3109 672 5301 7275 7512 13944 7506 13911 12654 29409 6350 10413 6388 10548 2907 51 3203 966 5555 8037 4754 5652 9286 19275 8374 16515 3943 3195 3222 1005 3717 2505 8309 16329 6871 11994 10793 23826 9864 20967 7335 13443 6250 10143 7296 13260 4856 5922 5497 7881 6638 11313 8273 16257 4867 5982 5790 8733 5003 6411 5327 7317 4948 6198 8542 17028 6181 9954 9437 19701 5822 8850 3688 2412 3138 780 3298 1260 7270 13164 5601 8196 5645 8310 8133 15765 4932 6186 
3119 396 10036 21219 9551 19761 3108 354 12119 27432 6663 11082 5112 6456 5262 6870 7614 13950 3973 3045 5127 6456 9471 19494 3856 2607 7617 13926 4081 3309 3729 2271 4492 4524 13738 32298 5613 7902 6156 9558 6825 11547 3796 2442 5470 7482 7259 12852 5672 8091 3806 2475 3854 2670 9698 20187 5260 6864 3845 2601 3035 141 8092 15393 6537 10665 9502 19599 5437 7383 3813 2487 7594 13839 3540 1692 3001 24 7917 14871 4503 4590 3067 231 7103 12375 4318 4029 6969 12015 3770 2364 7304 12996 5971 8994 6907 11796 4338 4086 
4096 3060 4931 5595 3414 981 8205 15378 3593 1554 3654 1719 3404 978 4505 4299 3311 690 4797 5139 7010 11814 5675 7797 5303 6672 10368 21861 3126 108 3832 2262 5728 7977 7234 12486 7606 13629 6864 11409 6308 9723 6343 9792 6251 9519 4928 5568 5583 7548 7899 14490 11114 24141 5829 8214 5076 6000 8399 16014 9255 18555 7046 11919 6963 11673 7140 12231 5912 8508 4608 4581 3993 2754 6811 11205 4390 3918 3378 906 16223 39468 6273 9636 9241 18507 7730 13953 6098 9096 4832 5262 4811 5199 6059 8943 3418 1017 11590 25608 
5129 5823 4616 4311 6220 9144 3834 1938 3793 1854 3535 1068 9605 19362 6501 9975 9337 18522 3438 762 4500 3981 10218 21138 7577 13206 4202 3105 10030 20619 3582 1209 7185 12030 5056 5622 5780 7815 5313 6414 9350 18552 5084 5715 3471 879 7527 13056 5355 6567 8268 15279 5461 6882 6075 8700 7205 12078 5352 6522 6633 10374 4629 4341 6634 10383 6182 9018 5664 7512 4437 3765 3898 2169 5177 5997 6902 11190 5553 7134 7215 12147 8450 15834 13669 31479 7367 12555 5045 5580 5103 5799 6497 9957 6600 10257 4014 2505 7878 14136 
6978 11154 4494 3639 4377 3294 3472 561 9333 18171 3386 288 8995 17151 4704 4278 5704 7251 4231 2901 3820 1608 11994 26172 5052 5304 9104 17478 4509 3693 3346 183 5509 6711 12796 28578 4213 2823 6366 9270 7980 14160 4126 2535 9087 17433 9447 18543 3418 390 9812 19638 5306 6090 4401 3366 7278 12009 5467 6567 6538 9822 8221 14874 4988 5127 5326 6126 6750 10416 4055 2328 4359 3276 11108 23541 8988 17130 14713 34329 3410 366 3455 519 3808 1572 7499 12699 6453 9534 6160 8655 4941 4950 6394 9411 11174 23724 8186 14766 
7419 12114 4932 4659 9402 18099 4977 4839 6102 8163 3774 1188 4088 2136 7607 12720 4411 3087 3874 1470 6651 9798 6451 9210 10200 20454 5941 7734 7944 13713 5495 6339 8860 16452 7761 13203 4636 3798 3468 243 6179 8391 9446 18186 8483 15285 6172 8400 8328 14877 3603 645 4152 2313 7463 12279 7379 12018 5259 5667 4921 4644 4402 3072 6970 10785 3781 1224 5117 5262 3969 1779 4848 4410 8670 15891 4100 2139 7137 11313 5158 5313 7500 12363 4167 2364 6093 8142 4311 2790 7249 11610 4780 4221 3733 1065 4523 3444 4790 4254 
10033 19674 5470 6009 4860 4128 4191 2163 3585 294 9934 19437 4114 1908 20547 51270 4633 3465 4497 3129 8629 15462 4679 3657 10571 21324 6970 10449 4733 3765 3519 78 8605 15417 5002 4560 5012 4608 4953 4440 5979 7503 4828 4083 15004 34632 7556 12252 9556 18261 10459 20967 4651 3543 3611 387 6431 8877 3895 1206 3682 639 11113 22920 4030 1656 7802 12972 4774 3906 9346 17583 9967 19473 13961 31521 4912 4302 5637 6501 5542 6189 5363 5637 4962 4443 8806 16017 6212 8247 5314 5544 10338 20598 6709 9711 5647 6540 5216 5211 
8064 13473 3681 279 8504 14766 10648 21228 4081 1488 8079 13521 7806 12720 6483 8724 8848 15837 6933 10092 7929 13077 9784 18633 6551 8928 5024 4335 5511 5808 6576 8985 4978 4206 7640 12168 7593 12081 10134 19710 8687 15336 4942 4098 6226 7971 8911 16023 3600 21 8566 15009 3790 609 4211 1908 13024 28380 8356 14322 4696 3360 6089 7539 8718 15420 11177 22839 6906 9963 13636 30252 3794 621 7730 12465 9184 16833 7843 12783 8638 15195 8354 14334 7552 11904 4498 2751 4994 4239 5450 5616 8437 14595 4960 4164 3698 330 9439 17610 
7149 10413 7979 12912 10103 19284 9124 16401 10355 20103 10913 21723 15243 34728 6371 8085 7470 11412 4863 3552 4990 3924 14426 32295 11807 24393 4049 1092 8403 14190 7880 12606 7708 12117 5654 5934 8294 13857 7244 10677 6982 9966 6983 9906 5426 5244 6979 9921 11538 23586 9474 17433 5388 5118 13147 28449 6191 7566 7385 11112 13999 31014 7612 11862 5154 4428 5106 4299 5960 6828 8049 13149 7174 10470 9369 17091 9822 18468 5860 6597 8213 13614 6198 7524 10931 21804 3918 720 4996 3942 5466 5346 4264 1773 5071 4170 8514 14523 12788 27393 
3942 471 7866 12291 7469 11127 9440 17004 4372 1752 7820 12141 6488 8112 7181 10200 6998 9648 6512 8238 7760 11979 9334 16677 5753 5934 7300 10584 10940 21510 6492 8142 8367 13800 5010 3702 8745 14898 7222 10329 11999 24681 8562 14361 5589 5439 5153 4152 8505 14181 5825 6150 6657 8664 4288 1509 18822 45204 4327 1662 9158 16194 10656 20625 7737 11874 4181 1191 7441 11043 7273 10473 4672 2709 3955 522 9911 18369 5207 4266 7464 11091 7983 12615 9685 17766 4973 3558 7675 11700 9528 17274 3857 225 5122 4020 5167 4173 6608 8487 
4409 1557 4937 3177 8308 13299 5064 3582 9485 16839 8355 13446 4872 2988 5065 3540 15220 34089 6983 9342 4357 1425 5878 6027 5139 3783 5204 3969 14024 30489 11111 21744 5023 3450 9544 17034 11933 24210 7434 10686 6493 7881 17976 42294 4525 1941 8477 13797 11606 23202 5673 5376 15733 35571 12217 25080 7927 12144 6383 7560 7434 10704 6089 6621 9141 15795 8931 15195 6724 8583 6664 8355 4457 1719 9644 17325 10342 19437 8991 15348 7179 9921 3992 339 6291 7299 5545 4980 4422 1602 9853 17940 5934 6183 5029 3432 7119 9750 4654 2307 
6330 7074 11427 22392 13886 29757 4272 846 5328 4029 6306 6993 9298 16029 10171 18612 8201 12660 6032 6171 12427 25362 7176 9612 9901 17769 10126 18468 7170 9549 6016 6129 7623 10953 8216 12741 6547 7749 8881 14733 6613 7905 10586 19848 5000 3048 12182 24690 5908 5796 13667 29139 11542 22671 6065 6315 5873 5694 15792 35505 4908 2808 6649 8019 10492 19578 10708 20226 9582 16848 5360 4152 8447 13425 8713 14214 7500 10593 10669 20097 6173 6591 7049 9213 5030 3165 5396 4227 7213 9723 9565 16785 9139 15465 7533 10692 8666 14100 12070 24330 
8966 14646 12364 24876 9778 17073 6492 7278 9743 17028 5962 5703 5173 3258 6491 7230 12117 24168 7068 8988 9965 17685 6771 8094 7883 11442 6139 6198 6364 6846 6457 7155 6522 7323 6838 8250 5964 5667 6509 7308 10547 19434 9756 17058 12002 23799 4140 165 6952 8649 4116 78 8092 12051 5251 3519 8484 13209 8490 13233 6376 6903 4610 1551 4206 366 16865 38376 7941 11622 14546 31455 7201 9342 10498 19302 8448 13125 5207 3375 8100 12057 7481 10197 5076 2985 7994 11745 6099 6042 4518 1308 8997 14745 4292 621 10934 20622 6130 6153 
11951 23364 7206 9066 10244 18252 7145 8928 4431 729 7672 10488 9552 16122 8515 13056 5963 5355 4546 1095 14976 32409 7265 9252 9502 16023 10967 20421 9881 17136 7120 8826 4551 1128 7160 8955 6820 7896 5846 5013 9333 15474 9614 16299 6724 7626 10830 19983 6422 6729 6884 8142 5601 4284 8294 12366 11683 22530 12872 26136 8358 12549 6864 8073 6610 7332 8062 11652 8714 13650 8599 13290 4905 2181 8158 11964 4901 2169 4626 1350 7481 9906 4981 2400 7504 9987 12495 24993 11231 21177 14805 31950 8068 11697 9128 14868 7744 10695 7172 8982 
7843 10713 5938 4977 11042 20298 9081 14388 5714 4305 14837 31719 5419 3405 6609 6975 11658 22167 14750 31461 5562 3870 9639 16116 6623 7035 10710 19296 4692 1248 6404 6420 8507 12714 8856 13740 7425 9450 10284 18042 6604 7011 12888 25890 7380 9330 7052 8358 10198 17793 10942 20055 4465 570 13312 27108 4553 849 8820 13668 18915 43944 7115 8502 9428 15465 9107 14502 6905 7896 13550 27885 9106 14517 8702 13290 6066 5346 5514 3714 6143 5601 6904 7866 6807 7584 10369 18279 4989 2133 6128 5568 5938 4980 9094 14475 7892 10830 7908 10923 
17038 38034 5209 2502 6328 5859 15040 31986 9164 14403 4769 1143 4757 1116 6420 6141 12504 24414 7630 9771 12614 24708 16707 37014 10931 19665 11931 22656 9992 16878 4732 1068 11115 20211 7149 8340 7617 9744 10167 17382 6068 5049 10236 17583 9396 15072 8759 13149 12568 24675 11110 20214 11468 21288 5695 3960 13903 28608 7358 8973 6629 6771 7929 10653 11322 20910 5343 2850 8532 12468 8230 11562 9121 14247 7474 9270 13354 27018 8374 12015 6910 7578 12777 25215 4574 597 12151 23355 6361 5967 12963 25755 12597 24666 12042 23034 11181 20379 6397 6066 
10539 18219 6951 7407 11505 21126 12758 24849 9902 16296 8638 12504 14847 31131 7974 10497 16566 36315 13342 26619 8387 11736 15478 33072 7158 8028 10602 18390 5650 3489 9961 16494 6532 6153 4547 198 15685 33645 5898 4221 7538 9234 8861 13155 4772 855 12891 25263 8759 12852 14080 28866 9835 16077 9697 15657 5591 3336 6681 6597 11310 20514 8004 10566 13524 27165 7371 8724 5579 3276 9904 16287 7574 9276 10958 19476 5004 1575 12162 23085 9313 14514 7845 10161 8160 11037 4632 435 12158 23055 7121 7902 8739 12753 9174 14124 7224 8292 9200 14166 
10478 17733 4909 975 8518 11862 7810 9705 10679 18366 8993 13281 7705 9378 10998 19275 8824 12717 10856 18888 8700 12357 4845 807 8102 10605 10049 16428 5227 1965 6088 4527 9013 13323 7419 8547 7178 7788 8822 12765 7195 7848 13916 28038 10330 17244 14502 29799 21255 50094 13386 26451 13075 25515 15826 33762 7128 7629 8616 12120 8370 11358 4872 855 9187 13854 9543 14892 10020 16323 5878 3936 7670 9258 5846 3777 11408 20517 5789 3669 14684 30363 8108 10671 9321 14256 9496 14745 11982 22221 6157 4743 5231 1956 15079 31512 7326 8244 14100 28584 
16862 36633 9351 14043 11180 19539 8004 9975 5119 1320 5284 1815 12071 22206 15548 32634 12855 24540 7891 9681 5238 1680 13093 25260 16659 35943 15928 33777 10216 16641 6995 6978 5030 1047 5936 3774 8209 10593 10170 16494 7368 8076 12347 23067 9145 13416 5577 2694 8570 11721 6211 4614 10783 18321 9977 15924 6262 4761 8249 10746 8168 10470 11194 19566 5179 1494 8679 12000 13018 25038 4927 726 12185 22539 10810 18396 6915 6699 5577 2670 5276 1809 5851 3516 5050 1116 7339 7983 8468 11430 5612 2766 10238 16689 7620 8823 6880 6606 6110 4296 
10598 17460 11050 18816 5156 1131 5066 864 8879 12300 15534 32295 11742 20898 9239 13401 16871 36330 12810 24087 18710 41823 8048 9810 7728 8868 12224 22371 13336 25701 5578 2391 5702 2790 7119 7032 6062 3867 8238 10389 12203 22320 13555 26358 12170 22176 16348 34743 9424 13902 15704 32865 13938 27477 14825 30192 9283 13524 15649 32658 7095 6978 8117 10050 13115 25026 6738 5913 4990 651 12134 22068 18138 40098 5283 1506 11555 20337 12706 23799 8209 10299 10447 17007 12008 21687 13576 26436 12771 24048 10051 15828 6409 4911 7385 7875 12058 21894 15395 31893 
9810 14877 6907 6087 6649 5292 12005 21408 8962 12240 5909 3093 8801 11784 9782 14721 15508 31944 17634 38301 9717 14577 6150 3816 8784 11715 11784 20760 13867 27000 9362 13467 10327 16383 14227 28083 9812 14811 13949 27240 5841 2877 5333 1362 9451 13737 12692 23457 5725 2538 20748 47664 7806 8838 8542 10971 13088 24630 5696 2451 12796 23796 7268 7233 10712 17499 10620 17268 11389 19566 5789 2742 8128 9756 9130 12756 5738 2580 8993 12354 15129 30789 9277 13203 5492 1839 5879 3018 4951 180 14668 29424 13418 25620 8667 11364 10686 17496 8884 11997 
8275 9909 8130 9447 8494 10575 7639 7989 7345 7098 7996 9054 9171 12597 6576 4836 6738 5277 7286 6924 9093 12342 12125 21492 11394 19272 11332 19104 8305 9999 8833 11583 10839 17580 6886 5742 6313 3984 9163 12588 7849 8622 8237 9768 12741 23322 7181 6615 7016 6129 9285 12927 16351 34161 8841 11598 6756 5370 17950 38961 11428 19413 10910 17793 16432 34380 10596 16881 15026 30135 9851 14637 14163 27564 12218 21765 5084 291 10860 17682 11712 20256 5307 996 16526 34650 6722 5265 11237 18837 10903 17793 17402 37314 11150 18534 5247 768 9639 14034 
6959 5697 10572 16506 11471 19188 11158 18273 14355 27885 7603 7602 12203 21408 5614 1599 12231 21477 8844 11304 5797 2166 10735 16968 12017 20787 7262 6570 10560 16488 8387 9963 11142 18237 5575 1515 5762 2058 10688 16884 13025 23886 5912 2502 12310 21741 8546 10431 5424 1008 10830 17283 21826 50268 12956 23697 7767 8037 8434 10092 5102 33 11078 17997 8858 11373 12453 22140 11967 20658 22842 53355 18157 39282 10547 16494 6084 3024 8120 9141 9241 12489 9067 11982 5810 2187 5939 2592 13926 26553 7349 6792 6190 3309 8239 9528 10905 17508 5832 2262 
11617 19341 16766 34827 11322 18420 12043 20631 9754 13725 11337 18519 7257 6234 14213 27102 19707 43641 16357 33573 6951 5328 13200 24081 5394 639 17637 37419 12132 20871 9311 12381 8867 11085 7750 7722 6105 2790 9642 13401 6129 2832 9860 14055 7505 6978 6117 2823 8804 10902 15052 29664 7113 5850 10826 16950 16187 33087 7949 8319 8876 11121 8250 9261 7565 7158 7559 7140 7292 6357 9510 13014 16472 33909 15193 30099 9914 14196 7608 7350 25924 62289 11348 18528 10965 17388 8243 9204 6839 4956 11006 17490 6762 4761 9056 11667 15902 32214 10785 16821 
7013 5223 10230 14874 16201 32832 9510 12705 11840 19719 8575 9909 6286 3051 8759 10443 6893 4836 6387 3363 17430 36492 9569 12870 10982 17127 7649 7083 15274 29997 8641 10059 18728 40383 16177 32712 10643 16092 6502 3690 7677 7203 5965 2076 11769 19500 10655 16095 9035 11280 8365 9294 14525 27768 10278 15015 8155 8646 12063 20370 10576 15921 7485 6621 6285 3048 10181 14754 10844 16752 9188 11709 8698 10293 10902 16869 9199 11754 7583 6948 11456 18549 10767 16482 17248 35910 11260 17982 16439 33507 10311 15144 7967 8055 12281 21027 11422 18450 18068 38430 
7050 5025 6149 2313 7957 7737 9742 13125 11997 19902 12594 21690 12298 20805 9700 12957 7438 6150 13153 23361 9011 10878 10877 16506 8083 8106 8208 8490 15716 31074 14239 26580 5833 1326 9262 11676 16496 33414 6068 2061 11451 18243 5753 1104 10498 15396 5644 804 8902 10587 12922 22695 7723 7014 7384 6018 11528 18486 6004 1887 10261 14676 6096 2145 11552 18555 10034 13968 6869 4500 10141 14322 9707 13005 12758 22137 8745 10107 15833 31392 5547 489 12195 20475 9173 11427 6014 1890 14572 27582 19092 41211 7934 7656 9079 11091 10453 15207 12566 21609 
13897 25248 14824 28110 11465 17979 9942 13419 13082 22863 11131 16947 7819 7014 11322 17547 9156 11043 12177 20115 8704 9729 10843 16101 9639 12489 6510 3093 9832 13107 16902 34341 8627 9456 16376 32700 14392 26760 5878 1191 6196 2151 7384 5709 8502 9078 6582 3294 6230 2265 11723 18741 6228 2250 9496 12081 9316 11505 9965 13449 5963 1452 7174 5058 12983 22521 9436 11880 9516 12132 8091 7854 12265 20379 10224 14229 16282 32439 11675 18624 5992 1524 9884 13236 10189 14112 10674 15606 14122 25974 8213 8205 8987 10509 13972 25482 14182 26136 10656 15534 
6556 2922 10157 13770 13385 23466 7107 4593 14113 25623 10046 13410 7571 6033 15010 28332 16433 32574 7516 5805 13928 25068 19974 43224 14683 27348 15131 28665 13471 23670 10296 14145 10025 13368 14038 25404 7346 5310 13449 23640 12632 21204 9857 12843 11535 17859 10788 15654 9802 12681 19575 42045 15303 29199 15261 29055 14060 25455 12971 22188 6651 3255 10746 15501 15467 29703 9232 10962 5720 408 14497 26790 15608 30105 6348 2292 10719 15405 5647 177 7957 7137 12789 21621 11254 17043 6023 1353 12561 20958 7206 4917 16335 32334 11087 16545 8280 8097 13594 24102 
8451 8325 9482 11430 18344 38004 7767 6228 15592 29748 7356 5061 7996 6978 8066 7191 9326 10944 9403 11202 13354 23070 15842 30528 9219 10614 12074 19203 8658 8931 15614 29835 18430 38301 8660 8997 17680 36042 8508 8517 8055 7185 8272 7788 8871 9570 12290 19851 19522 41565 6918 3720 8887 9636 12976 21882 7765 6252 6470 2373 6174 1458 15987 30960 14948 27828 10779 15318 13023 22053 13511 23523 15370 29100 7163 4497 10741 15195 7260 4773 12383 20169 10595 14775 16780 33339 7825 6465 8812 9390 14025 25065 18547 38697 10036 13080 25666 60018 6493 2433 
17817 36144 9581 11409 7037 3783 14241 25407 6863 3255 8153 7116 6429 1941 13065 21867 9353 10761 10654 14655 6504 2175 10908 15381 9614 11571 6965 3540 6622 2541 7224 4338 20426 44043 13954 24555 6147 1086 20462 44103 8627 8538 16315 31617 7337 4728 6745 2901 17663 35682 6891 3354 8383 7833 13979 24621 10723 14862 10334 13659 17936 36537 17348 34755 10560 14391 19367 40821 11604 17532 13645 23619 6652 2637 8210 7287 11325 16659 15550 29349 6312 1593 13990 24651 18182 37221 11201 16260 13795 24111 17245 34443 8328 7638 11546 17331 11935 18531 6059 834 
17235 34167 14888 27027 9176 9873 8090 6660 14821 26847 9649 11337 10353 13470 12221 19047 9145 9774 9620 11214 9646 11322 16728 32592 7027 3435 7726 5580 11220 16068 8816 8841 15205 27999 7455 4728 6997 3372 7465 4788 12105 18654 10886 15039 8865 8988 19542 41001 9647 11289 9066 9600 15020 27480 18162 36885 14156 24861 12036 18498 7188 3954 9923 12177 11845 17919 11264 16176 11180 15930 6920 3150 10438 13695 26673 62427 9515 10938 7901 6075 9672 11382 10095 12723 10384 13506 7459 4740 11257 16107 6850 2913 6147 780 21877 48024 12057 18570 10710 14496 
13630 23007 12597 19875 6483 1569 12516 19668 6026 105 11728 17250 18232 36750 8403 7263 12739 20328 20524 43701 15023 27141 7512 4611 12800 20499 8673 8103 7413 4314 25051 57273 6364 1131 8562 7761 9469 10509 11371 16212 9346 10110 16179 30600 12307 19014 17383 34251 6111 372 10332 13107 19806 41538 8201 6732 7054 3228 17206 33729 8109 6408 7367 4146 14742 26316 9393 10251 11296 15990 12852 20601 10928 14874 13277 21915 14763 26382 8275 6870 11062 15288 9216 9732 17418 34347 10157 12519 17118 33465 7492 4542 15162 27588 9324 10020 12459 19431 15608 28887 
8396 6981 24473 55230 20171 42288 10869 14355 7943 5601 11779 17145 9967 11664 9189 9351 7016 2832 15861 29385 15239 27528 11259 15534 12149 18237 7118 3093 11864 17412 11471 16230 9617 10632 14969 26700 8281 6606 9353 9831 10186 12360 14172 24306 11316 15741 6483 1203 12175 18309 17210 33459 15716 28932 7947 5595 16400 30999 10291 12654 15771 29103 21242 45525 14301 24702 9570 10476 14054 23946 10110 12102 11487 16218 9962 11697 21783 47139 15218 27501 6817 2214 12227 18456 17946 35658 11620 16671 11879 17391 15680 28851 11594 16572 26193 60408 15998 29814 6641 1698 
8970 8394 12814 19914 14077 23730 15445 27810 12278 18297 9713 10632 12878 20115 14767 25854 7086 2688 10158 11931 11583 16293 6781 1797 8562 7152 14069 23697 7796 4869 8653 7431 9958 11364 6624 1338 19294 39363 11816 16974 9936 11289 20189 42096 22357 48582 6255 201 21456 45870 8960 8379 13268 21276 10466 12900 10814 13926 6670 1464 13812 22920 7639 4383 8937 8283 13861 23040 9316 9405 10274 12285 13490 21927 7219 3141 17647 34458 9141 8880 9638 10377 19965 41367 14979 26436 7612 4293 17730 34680 13230 21165 7024 2535 24205 54099 8437 6747 12300 18375 
7564 3864 12232 17841 14736 25434 19401 39423 12077 17430 10189 11721 9848 10782 17462 33606 14983 26151 6924 1920 21189 44814 7571 3897 16005 29214 15396 27408 11143 14604 25110 56550 7416 3405 12449 18540 13431 21540 7379 3264 15669 28245 12670 19185 14629 25062 10048 11343 8993 8145 10570 12885 12769 19464 10905 13914 17455 33573 12949 20028 9932 10962 20156 41697 8444 6525 11056 14304 17061 32394 8788 7521 13783 22551 11709 16311 15284 27036 12648 19092 14035 23304 13469 21591 14707 25275 10572 12897 15449 27540 14754 25446 8505 6672 15879 28848 16738 31413 15677 28215 
18731 37086 14216 23505 10366 11964 12528 18477 11593 15633 11081 14127 14618 24729 15265 26658 10162 11343 8249 5637 19271 38715 16869 31461 14330 23889 9084 8124 22360 47982 21011 43941 14939 25710 19571 39606 14722 25086 12426 18141 9264 8730 12110 17205 16167 29373 19826 40395 17213 32538 13827 22374 11857 16428 22161 47364 12187 17418 9096 8151 11004 13869 19446 39273 18101 35214 15866 28524 10485 12348 20111 41217 7136 2265 13279 20709 8952 7695 13774 22203 7938 4680 10996 13863 20249 41676 13566 21564 13885 22548 7618 3711 19313 38874 11272 14736 13773 22203 11072 14133 
15097 25902 7937 4401 9371 8694 8803 6966 17081 31818 6861 1119 13013 19605 14363 23673 11038 13689 12646 18501 16729 30798 9263 8355 10956 13479 10021 10647 9464 8940 18478 36024 8573 6345 23162 50097 7915 4299 22078 46809 16755 30873 7496 3054 12943 19410 10706 12693 17016 31656 16359 29670 10397 11793 9469 8982 10850 13113 18934 37377 16594 30339 8942 7371 9677 9615 13690 21672 7602 3408 7668 3597 10665 12549 6985 1518 11222 14268 22994 49566 14665 24552 8798 6951 7503 3063 8020 4635 13054 19737 24852 55149 11790 15945 15924 28398 14037 22677 9258 8376 
9837 9777 14060 22473 22001 46341 13441 20661 14012 22311 20446 41622 12168 16776 9650 9216 10127 10647 12032 16380 18078 34515 7839 3801 17604 33102 9705 9414 15276 26100 12777 18621 14329 23253 17370 32427 18272 35073 9833 9774 11003 13335 11902 15972 28464 65775 20673 42309 17417 32544 7494 2775 7004 1269 7332 2235 10666 12264 19532 38907 7600 3084 17127 31692 21384 44469 23330 50319 17234 31959 30286 71166 12749 18522 8831 6792 7097 1554 14031 22383 8501 5751 12656 18249 15109 25644 9840 9804 11760 15564 15270 26136 6800 648 27178 61860 9585 9027 13419 20556 
13036 19083 7932 3759 8177 4494 17779 33393 13208 19587 11449 14310 11530 14574 12002 16026 14775 24318 22350 47025 13644 20904 8134 4365 20251 40743 12434 17268 6969 861 11628 14895 12976 18957 12403 17211 10040 10110 10494 11427 12966 18852 10335 10968 12920 18726 9710 9114 12250 16722 15613 26847 17233 31710 13843 21501 11856 15567 12978 18900 9807 9369 16214 28635 12385 17121 10018 10020 34070 82266 17567 32700 14885 24654 7176 1464 12219 16650 12552 17673 8473 5409 14511 23526 15401 26211 18244 34725 8235 4680 21038 43122 16431 29277 9904 9660 15038 25131 12486 17433 
19447 38052 16922 30447 14834 24165 9879 9312 15133 25101 10106 9963 12625 17532 12311 16635 22368 46833 11678 14724 14498 23202 10415 10917 19543 38391 14785 24030 13762 20949 17001 30729 15269 25461 11239 13383 10495 11148 7609 2520 7507 2187 11440 13977 12563 17373 12752 17910 19058 36894 21962 45558 10547 11334 18194 34257 15333 25692 11993 15654 12753 17949 10016 9729 8734 5850 16814 30135 13549 20322 11110 13023 26216 58377 13139 19146 15072 24936 14396 22869 6806 36 8253 4440 18008 33696 15224 25371 13633 20592 7706 2766 13245 19398 18742 35919 17853 33303 17808 33114 
15072 24597 12960 18264 20280 40242 21507 43905 18610 35232 10223 10059 8242 4125 12895 18141 15772 26727 15635 26253 9571 8097 20477 40803 19857 38955 28172 63942 11799 14772 9792 8778 18635 35316 10810 11805 10654 11361 7238 1068 26262 58194 14860 23979 7633 2244 8119 3723 15315 25308 14255 22167 13693 20436 14613 23274 16750 29595 8658 5331 10821 11835 19495 37884 14298 22305 20566 41070 10275 10164 9087 6609 17697 32472 12511 16926 14694 23454 21993 45351 12364 16473 7192 960 13110 18705 12568 17124 10773 11718 7994 3330 10664 11355 11418 13665 20666 41379 14435 22662 
16110 27414 12616 16893 9099 6381 13372 19209 16306 28002 19312 37026 7097 357 15961 26958 14135 21507 13863 20670 16321 28056 19265 36888 11185 12627 9758 8385 16097 27357 20623 40986 13511 19617 25263 54879 17684 32109 15612 25920 8556 4758 12317 16032 24607 52902 16980 30039 19213 36759 13688 20148 23161 48576 8084 3318 19754 38391 15235 24804 11300 12981 16755 29373 10769 11361 12631 16968 7380 1194 9265 6894 28097 63426 12905 17787 8763 5388 10053 9198 19483 37548 14642 23001 11092 12360 10448 10392 16744 29340 7274 885 8402 4251 7778 2454 17016 30147 12831 17577 
11329 12732 10695 10833 10747 11007 8704 4866 7935 2568 17521 31371 21385 42984 21087 42060 22476 46230 11333 12780 15393 24954 7503 1284 15463 25200 29443 67149 20229 39462 13304 18705 12461 16176 15214 24414 7944 2616 7331 759 9402 6990 9758 8055 17168 30279 14238 21489 8705 4917 18959 35676 11884 14442 16481 28197 13558 19482 11271 12639 7568 1449 12597 16566 19231 36495 9072 5997 18994 35775 7952 2622 14936 23580 22650 46770 17486 31233 11903 14484 9780 8106 26488 58284 17685 31845 13595 19530 7526 1317 12466 16170 10082 9048 11667 13800 8913 5478 11532 13341 
7560 1137 8357 3537 14667 22476 12030 14553 7807 1893 14247 21180 12752 16731 21865 44112 15431 24777 10007 8493 12468 15894 23316 48441 8417 3717 11895 14211 11736 13701 20288 39354 14607 22311 12591 16257 12291 15363 21156 41961 18868 35115 14711 22626 15741 25740 10953 11352 13638 19362 12112 14799 14926 23253 8212 3111 14050 20631 16056 26649 11779 13791 15628 25377 8946 5283 11794 13899 13650 19413 9205 6087 13614 19335 23231 48195 19279 36309 20226 39141 12909 17220 7827 1938 12220 15132 8421 3762 16151 26952 16995 29478 7432 741 17577 31215 13470 18891 15152 23958 
8964 5046 9604 6966 14984 23169 20708 40308 14242 20907 12446 15504 12711 16296 18642 34155 18673 34191 25654 55155 17355 30255 20116 38574 22157 44655 10730 10338 18083 32424 27785 61593 10378 9300 17767 31503 10449 9504 19412 36426 8431 3468 23036 47361 17208 29850 8121 2529 7705 1287 12973 17085 20044 38361 19978 38145 8334 3138 17035 29313 16913 28956 18058 32349 8171 2670 18582 33912 15900 25863 9871 7767 17745 31425 18471 33633 20786 40551 15858 25740 16877 28833 18058 32400 18384 33318 9962 8043 13146 17649 15935 25968 11804 13548 22201 44805 11407 12438 21718 43338 
38367 93048 20151 38379 10453 9240 10126 8253 14396 21072 15420 24126 19681 36906 8204 2448 13088 17136 14432 21159 18794 34248 20943 40728 18798 34242 17454 30255 14517 21435 9337 5868 14011 19935 29408 66141 8539 3471 11136 11271 7871 1452 9379 6039 11628 12759 8600 3657 8864 4464 9000 4875 10284 8700 10245 8580 12789 16257 11943 13683 14979 22803 26058 56082 14519 21438 7542 465 12631 15828 20923 40662 7420 117 17538 30516 13903 19629 28597 63711 15692 24966 9917 7614 12715 16038 7951 1698 18888 34536 18848 34416 19404 36141 13395 18075 19408 36078 10798 10257 
18713 33723 15805 24972 12174 14079 7624 456 13661 18567 10851 10155 13651 18552 15263 23382 27424 59853 8124 1938 17158 29049 26172 56109 8571 3270 22979 46503 13911 19326 11275 11388 7918 1308 17434 29895 24146 50055 18827 34062 9220 5217 35170 83130 19709 36738 18473 33021 15190 23181 19725 36783 15228 23274 29972 67536 8462 2988 18527 33183 15739 24789 9582 6285 8528 3138 21727 42783 21545 42255 20092 37887 8235 2259 9170 5073 10498 9069 19176 35109 16713 27705 13238 17295 23937 49392 9409 5784 12798 15969 21460 41970 15415 23808 21234 41286 9271 5388 7846 1095 
12460 14664 9651 6234 14415 20544 12627 15117 10075 7491 9649 6213 15133 22647 14194 19872 11373 11385 19014 34326 18653 33288 10965 10167 9720 6444 16066 25434 17198 28896 17818 30756 19728 36474 16171 25824 10838 9771 12972 16236 8945 4089 12166 13743 10640 9168 30044 67452 7986 1203 10233 7953 15159 22725 13359 17340 18554 32934 13947 19161 23751 48591 10821 9711 10801 9666 17924 31089 12938 16089 14987 22272 22118 43629 11285 11103 29404 65523 16268 26106 8947 4140 39106 94656 25811 54744 24182 49848 17149 28722 12088 13557 23976 49218 8353 2304 7843 792 11867 12885 
12543 14577 20708 39099 13767 18312 15942 24792 9056 4149 21610 41850 16058 25194 14780 21315 18344 32031 40129 97440 9799 6351 17621 29874 13626 17907 7967 864 10395 8130 22808 45432 18447 32334 22494 44490 13727 18174 18905 33777 18877 33642 21202 40614 12014 13008 8548 2598 10219 7647 19576 35730 19774 36303 13092 16257 24547 50658 18314 31944 9671 5976 14094 19266 20821 39444 15173 22503 17238 28713 10508 8487 16002 25032 8162 1476 13375 17133 21954 42861 15702 24126 15194 22527 10337 7977 12384 14154 11123 10326 15287 22863 28614 62841 12810 15387 8581 2709 10066 7170 
20105 36999 13097 15993 8641 2616 11112 10017 15551 23346 22454 44046 10581 8427 14820 21195 10385 7848 10730 8892 12572 14406 16092 24978 11266 10461 18845 33207 8689 2715 18888 33372 11469 11082 16695 26778 19578 35400 15836 24189 17369 28791 24311 49662 12882 15354 25443 53031 10029 6795 17135 28089 10293 7536 13098 15993 12482 14121 9148 4092 9828 6147 18078 30900 17505 29190 31948 72561 12626 14550 15238 22398 12148 13110 15336 22653 10647 8595 9432 4959 12846 15231 17696 29841 14192 19278 30428 67983 13832 18153 14291 19527 27904 60459 20448 37989 7839 147 7902 354 
15220 22026 27655 59421 19452 34764 8260 1143 10915 9126 16048 24546 26253 55179 7902 24 8754 2619 27056 57621 14214 19005 12991 15336 19875 36054 24906 51093 25233 52134 13250 16161 20523 38007 23280 46230 26721 56565 10025 6429 20469 37818 11554 11055 14467 19791 15196 21987 9384 4524 8330 1335 20654 38310 15737 23631 11465 10770 7938 159 20779 38730 8417 1626 20472 37800 16571 26070 9334 4377 30686 68460 7944 177 15706 23520 15704 23547 8851 2919 19825 35895 8404 1596 15386 22587 13061 15591 16508 25914 17575 29115 19233 34083 15241 22107 20167 36867 22969 45342 
22590 43905 13984 18006 14075 18309 8847 2616 23756 47334 8996 3060 14620 19953 14684 20142 10478 7515 26535 55743 11218 9729 36732 86343 12799 14481 8268 870 24761 50358 13566 16782 27221 57756 18069 30306 10541 7734 16971 26985 18686 32106 11859 11631 15583 22824 13872 17700 8711 2181 9549 4719 10206 6699 10596 7872 18151 30534 16599 25881 26798 56520 12226 12750 13661 17076 10242 6852 15787 23454 14958 20985 18994 33102 15099 21360 20288 36948 10316 6996 18477 31539 8069 255 13307 16002 8551 1689 26076 54321 13744 17295 25189 51675 12082 12327 20049 36231 14730 20244 
8377 879 16935 26577 18341 30789 10057 5955 23380 45966 17842 29325 8405 963 19894 35475 13071 15003 11846 11286 15701 22869 26131 54201 11718 10947 11572 10518 19354 33855 14875 20388 26845 56400 21630 40737 17195 27357 17058 26955 21234 39504 13996 17772 23595 46602 21904 41520 12099 12126 10127 6189 12902 14478 8503 1311 26902 56517 16678 25836 13091 15090 20507 37311 18098 30075 8121 99 9779 5130 18263 30546 15500 22257 12154 12243 10257 6525 24932 50613 21003 38808 9699 4872 12157 12225 9388 3945 13587 16545 13946 17619 20688 37839 22966 44670 22079 42039 9314 3741 
9610 4296 28058 59700 10674 7524 14233 18216 20717 37644 16089 23739 17988 29466 29335 63540 14706 19590 18400 30684 24170 48009 15141 20913 9745 4707 20776 37839 11164 8967 14630 19371 15327 21474 12880 14133 9044 2607 12433 12780 19393 33726 12491 12927 18543 31101 17205 27108 14981 20391 19620 34323 15023 20571 16735 25707 8752 1719 20215 36138 10926 8241 20540 37104 14435 18771 14408 18663 11539 10089 13987 17454 15107 20766 21664 40512 11139 8910 21188 39075 10272 6300 13006 14484 13929 17262 31214 69204 9628 4359 12974 14433 19158 32937 11180 9033 19719 34632 8867 2076 
29269 62982 12125 11574 19852 34755 9480 3594 21274 39015 16643 25083 24432 48489 10841 7725 13298 15105 13824 16626 15861 22746 23254 44916 18389 30339 19631 34095 18093 29451 34586 79020 25019 50301 12709 13290 10621 7008 16933 25965 13450 15561 17078 26433 14562 18885 15250 20925 14326 18153 39367 93294 11682 10212 20120 35550 27984 59115 9916 4911 33663 76161 20686 37248 20971 38139 17445 27546 18722 31392 29251 62997 16546 24783 14258 17967 16459 24570 20777 37494 19405 33405 16391 24330 15007 20187 23424 45489 12471 12594 31214 68904 16508 24690 10199 5772 16580 24894 18191 29748 
10238 5589 11726 10026 27862 58467 19104 32187 14800 19284 19357 32964 29040 62010 11908 10644 8925 1623 25241 50697 22071 41085 12803 13290 13426 15180 26512 54444 23184 44469 20266 35679 9088 2130 13430 15189 23634 45837 26112 53280 30668 66921 19142 32298 13326 14895 16401 24096 17387 27000 20363 35952 21658 39909 25332 50904 14162 17370 21217 38523 13825 16338 18418 30189 14765 19179 11698 9987 12672 12864 10264 5667 10449 6204 8449 201 12256 11667 11618 9753 30477 66324 10776 7167 11059 8043 14013 16950 16028 23004 18854 31455 27845 58473 15165 20361 18545 30510 17598 27702 
28488 60111 12533 12162 13915 16326 15019 19614 14464 17976 15315 20493 21069 37827 25490 51060 13323 14535 14393 17778 19284 32442 16212 23238 26198 53184 19927 34356 8991 1521 13395 14760 21812 40047 26107 52893 10856 7152 17627 27474 19184 32136 10774 6876 12918 13329 16562 24267 17754 27855 14074 16767 15371 20697 20745 36801 16129 22941 33053 73776 10717 6750 20568 36339 10362 5640 18832 31077 17658 27519 20109 34899 14076 16827 12780 12930 12312 11535 18580 30321 18809 31029 12618 12462 13824 16038 14382 17730 13697 15684 15727 21765 8757 828 22634 42486 18018 28638 16340 23622 
12826 12735 20518 35847 19388 32421 17355 26382 14911 19017 18576 30021 14922 19059 18229 28980 16233 23007 10376 5385 16275 23079 10625 6192 9789 3657 13114 13608 24429 47568 11347 8313 12449 11583 10187 4836 27512 56829 24315 47226 21469 38682 10467 5658 11984 10245 25412 50565 13951 16098 14317 17214 9925 4068 10235 4944 17626 27153 17840 27813 17481 26808 31317 68250 24188 46848 37063 85500 8890 924 10686 6375 22474 41715 10832 6771 25882 51945 10710 6387 15708 21387 26946 55122 13947 16104 26097 52584 20970 37194 10512 5799 12736 12456 10037 4368 18997 31263 13534 14883 
20482 35439 14060 16164 17783 27324 13009 12993 23222 43665 15162 19425 29485 62454 20844 36534 14775 18315 29029 61098 16477 23412 13336 14019 20100 34281 26972 54918 10343 4986 31535 68607 22627 41889 12608 11799 25680 51057 17869 27555 8858 549 17091 25284 16127 22344 16635 23895 33043 73119 15303 19866 9161 1449 15564 20676 22336 40974 22528 41577 16067 22185 12339 10971 15229 19653 18168 28458 12549 11586 10699 6054 12520 11505 17217 25608 19940 33813 11215 7611 11507 8457 27302 55932 28767 60339 13538 14577 10874 6567 11916 9729 11246 7704 11571 8676 18801 30432 22544 41634 
14021 15774 23249 43413 11020 6744 12929 12459 17699 26799 12368 10803 15799 21105 13378 13836 18185 28266 17024 24780 13048 12819 13426 13944 24986 48612 13769 14955 27521 56235 11894 9357 21178 37224 11399 7854 26549 53331 14405 16896 11860 9246 13406 13884 9917 3417 9045 780 31401 67884 14585 17430 12040 9822 11880 9315 16563 23337 15987 21606 22141 40107 18691 29727 31198 67278 17806 27072 14588 17472 21993 39687 13870 15303 12466 11118 12118 10017 14625 17547 12362 10797 26441 53013 13087 12936 19348 31719 14465 17088 10516 5223 13477 14103 9738 2907 12766 11979 17389 25878 
17641 26277 16143 21777 15025 18468 23325 43386 27994 57420 16168 21852 18061 27528 18534 29001 14629 17286 19209 31035 9198 939 15621 20238 24537 46986 23120 42717 14910 18123 25105 48732 18234 28128 29282 61200 18381 28578 19443 31686 30733 65601 36056 81570 13871 14970 17777 26703 15650 20334 20175 33900 12891 12054 9888 3048 14098 15687 12390 10569 26118 51702 25629 50286 11813 8784 9335 1380 13545 14028 29344 61413 10550 5016 10718 5547 16864 24000 27705 56559 11703 8484 22503 40890 17961 27276 16072 21609 17619 26259 23154 42891 18111 27726 19160 30846 17885 27048 9900 3048 
30912 65835 9468 1452 12759 11361 9888 2736 21215 36738 20212 33744 24059 45312 23386 43233 19674 32103 18676 29100 25499 49596 10834 5601 10097 3357 28060 57270 15269 18873 9193 645 18304 28014 9070 246 16656 23052 29361 61164 22774 41397 26479 52545 15395 19242 20857 35634 9076 258 22394 40254 11032 6198 13488 13539 32489 70578 9066 234 15300 18972 24800 47520 11247 6807 23365 43170 16151 21552 22330 40089 12133 9471 21696 38217 15406 19329 18890 29817 16553 22734 11374 7167 16404 22293 15252 18846 13676 14145 27712 56238 9681 2100 9030 129 28998 60111 14846 17586 
18707 28914 17232 24507 21848 38319 21650 37779 37561 85509 16648 22734 17197 24375 11103 6039 9548 1401 12445 10155 15540 19392 20812 35226 16752 23040 19112 30108 20676 34821 17854 26355 10675 4788 12139 9189 22493 40263 22478 40263 23013 41850 14797 17175 23873 44403 18228 27477 15462 19149 9197 357 9403 975 13617 13617 38347 87867 9266 546 28108 57117 25211 48453 17721 25965 9744 1989 22467 40176 16636 22710 32099 69141 12432 10089 18644 28722 13508 13269 13020 11835 19509 31320 13636 13701 18253 27552 28268 57606 18305 27678 22526 40389 18128 27186 15872 20388 12078 9006 
11539 7089 16150 20916 35541 79140 31077 65751 18286 27342 10721 4620 19548 31110 18552 28110 14040 14577 20808 34908 11354 6507 17284 24342 18595 28251 17580 25215 24164 44964 15743 19740 18391 27666 20486 33924 12191 9075 14566 16179 14885 17148 11681 7536 15695 19539 23224 42228 22444 39816 12766 10761 12688 10512 10592 4239 11865 8040 10468 3861 10063 2652 20221 33165 10732 4644 12165 8976 18768 28794 18824 28947 21460 36906 11875 8082 12842 10974 16121 20844 21104 35874 30542 64143 25865 50115 17666 25491 20115 32835 20557 34170 18751 28701 20357 33543 16009 20526 11265 6267 
23650 43176 34790 76554 9592 930 19933 31989 28645 58101 23202 41805 11955 8058 30430 63465 28020 56250 15229 17859 28301 57105 20044 32298 25668 49167 19661 31203 13268 11931 20036 32289 13479 12612 14222 14859 9400 354 19345 30201 12952 11103 17250 23952 19962 32088 14767 16491 10816 4611 19455 30540 31308 66114 10457 3546 20314 33162 21543 36795 16792 22524 29957 62109 12778 10500 9906 1872 26534 51858 24965 47094 19518 30789 9949 1995 24112 44544 16241 20931 19242 29883 19975 32115 19191 29802 10166 2652 13186 11739 18686 28239 16417 21435 20249 32955 21543 36831 9842 1692 
14145 14319 21817 37344 18560 27582 30637 63840 16709 22017 19639 30798 9945 1674 23951 43707 14455 15213 27897 55584 14449 15276 32306 68817 15744 19104 20706 34002 13174 11403 15999 19926 24228 44556 18315 26844 23821 43338 19809 31281 16219 20550 20601 33651 10562 3540 20072 32082 34372 75036 18301 26793 17584 24654 20702 33978 16034 19995 21687 36963 33551 72546 20683 33921 24188 44439 15007 16932 34530 75525 20721 34035 15605 18663 9722 1038 24307 44859 19388 30036 18460 27288 17516 24432 14001 13878 10691 3939 17036 23016 10716 3996 11993 7827 11524 6444 20862 34476 15500 18381 
18675 27582 9634 447 20122 31956 25622 48483 20254 32346 20662 33525 14285 14436 19446 29919 20705 33696 14860 16170 12256 8397 10298 2451 9675 570 10673 3576 11252 5364 26941 52434 15552 18249 22449 38913 11271 5376 11590 6399 13839 13101 10724 3747 33158 71112 19906 31329 10553 3252 13253 11334 30938 64398 12092 7839 16724 21783 18449 26931 29613 60432 20713 33678 19133 29001 11204 5178 28465 56961 13049 10719 19832 31116 48631 117549 10712 3690 9791 930 16291 20490 32457 68982 15147 17022 21492 36087 14677 15621 24934 46395 18392 26751 10073 1758 18662 27567 17310 23541 
28807 57711 11179 4791 12524 8865 26875 51960 12457 8664 35472 77715 22160 37737 12525 8859 24433 44583 22457 38670 12227 7938 25467 47685 18982 28230 16282 20136 27536 53955 14818 15711 15565 17958 11569 5952 22925 40038 23754 42543 19209 28920 18970 28176 24977 46212 18260 26055 12720 9453 14544 14904 21523 35862 18723 27504 26017 49341 15523 17841 21147 34785 36155 79785 11783 6615 11342 5271 29361 59349 41283 95169 17085 22521 17701 24423 15321 17220 23089 40533 27067 52530 15992 19242 11956 7116 18216 25914 16672 21279 11522 5865 14212 13920 11144 4698 17573 23991 15630 18174 
10054 1146 27762 54288 32285 67884 35221 76680 15426 17289 14266 13743 22572 38715 15742 18207 17486 23466 15707 18111 9780 267 26292 49860 22186 37533 32710 69105 27802 54372 10115 1329 14659 14940 19603 29784 23626 41844 26150 49443 14429 14268 21953 36858 10148 1410 13027 10035 13441 11268 17116 22302 17770 24285 25874 48642 27066 52227 21573 35727 20285 31836 14944 15822 20033 31089 10302 1890 18607 26796 19750 30243 11327 4917 14778 15288 10626 2844 9737 141 11677 6042 24378 44079 16097 19248 28260 55809 20925 33768 14130 13380 23448 41325 11084 4218 22644 38895 11972 6909 
10946 3483 21844 36225 16452 20046 18226 25389 17369 22773 20380 31824 40528 92304 29207 58392 13563 11337 14268 13476 18607 26493 11663 5682 20292 31539 52373 127857 28425 55959 17189 22221 10493 2133 20632 32535 21944 36531 17373 22758 14541 14289 18009 24711 13474 11133 15142 16134 17391 22830 22323 37644 28672 56700 21419 34947 16659 20640 11009 3672 21775 35997 16229 19389 23929 42480 16446 20031 12651 8655 12410 7875 23947 42531 16976 21582 32578 68424 27911 54450 11926 6432 28447 56025 29855 60294 15738 17886 19195 28251 15942 18483 31385 64857 14058 12840 20912 33417 18084 24951 
17695 23448 18081 24597 18310 25314 12606 8220 15673 17430 19702 29517 25108 45672 17866 23973 13435 10650 13728 11568 26634 50295 12227 7020 18152 24819 16445 19725 27940 54222 12940 9231 22854 38961 24326 43353 15436 16683 21069 33582 26732 50571 30780 62748 21065 33594 16173 18876 19729 29580 11282 4212 11968 6297 18179 24909 21241 34134 11142 3810 18341 25380 11553 5022 16322 19314 14108 12705 10056 525 13446 10731 15921 18117 26103 48720 15571 17097 22807 38811 21983 36396 13316 10311 22315 37311 31065 63558 15452 16746 14913 15138 32202 67017 10130 756 31669 65409 10640 2277 
17922 23820 28532 55698 16094 18357 12816 8568 18017 24090 16344 19095 10266 861 26854 50682 24167 42573 13958 11964 29862 59715 46939 110997 28057 54273 17752 23367 14259 12843 10454 1464 14482 13530 22089 36351 11883 5706 17085 21339 20832 32568 14799 14490 32890 68781 12258 6858 12251 6855 14913 14823 20303 30972 24400 43311 16302 18951 23729 41271 23872 41670 18282 24927 12401 7260 16957 20973 23158 39567 18383 25230 14338 13134 15244 15798 14278 12915 15934 17865 13791 11457 16917 20844 15446 16395 16062 18267 17494 22557 12789 8469 14127 12492 16236 18771 20111 30414 39005 87126 
23699 40860 27813 53223 17707 22905 32410 67041 17689 22896 26018 47856 14544 13407 12087 5997 30822 62292 23550 40497 15876 17394 18042 23901 14071 12003 18848 26307 21493 34260 10214 399 13147 9213 16352 18822 19187 27351 10546 1404 22523 37341 27920 53553 13568 10449 18060 23955 27639 52746 10909 2502 32834 68277 20878 32388 27616 52677 31743 65028 18973 26730 11838 5250 30654 61806 10884 2400 17755 23085 19325 27777 11657 4710 21595 34560 19515 28308 23132 39225 14541 13416 15171 15297 10896 2469 11070 2985 16682 19839 23346 39822 30382 60975 25423 46089 23697 40857 12828 8250 
29832 59007 24696 43605 31900 65256 17375 21597 10273 282 22723 37671 16366 18606 15432 15798 19487 27942 28160 53964 14395 12687 12600 7284 16311 18417 16856 20040 31762 64821 14255 12255 28128 53856 30441 60834 10923 2244 21619 34374 15161 14991 22338 36495 10746 1704 19329 27453 14266 12243 22264 36285 20425 30711 19422 27777 22854 38019 12532 7062 27308 51396 31257 63270 18207 24105 18724 25620 30238 60213 35592 76278 38164 83994 24676 43500 33415 69729 15465 15849 26131 47877 28527 55101 28456 54879 21361 33612 35457 75882 14817 13923 15379 15648 21472 33897 28194 54057 25285 45339 
12047 5304 14049 11328 12448 6516 18638 25089 10509 681 28856 55743 28586 54939 24166 41700 17652 22149 25519 45729 30435 60495 16897 19830 12161 5631 32910 67923 20490 30660 21868 34794 11844 4671 23107 38496 15010 14187 10470 540 26713 49347 22467 36573 14151 11616 16053 17325 16474 18597 13600 9990 14137 11622 14848 13725 19631 28101 12268 5961 11433 3462 32028 65295 22955 38064 38018 83247 17150 20616 13269 8961 24978 44127 20914 31941 41411 93462 22782 37539 13041 8286 17611 22014 15051 14334 13311 9126 32185 65811 21505 33687 27580 51939 12852 7728 23304 39123 35180 74757 
28143 53310 29998 58884 15666 15873 25522 45450 17332 20877 11156 2322 11713 4014 13445 9201 30804 61305 27518 51417 21026 31935 27470 51354 25267 44691 30235 59616 20186 29439 20356 29934 29170 56412 35946 76773 19127 26271 15862 16449 16844 19443 22994 37863 24303 41817 25263 44709 22383 35985 18753 25143 19295 26760 13467 9258 18016 22932 20431 30177 24834 43395 24421 42180 24839 43407 18024 22965 12665 6870 17088 20166 25528 45477 14001 10860 30395 60114 13589 9621 17175 20406 20078 29100 12867 7476 20415 30099 12948 7743 32164 65367 18313 23859 14829 13389 14292 11712 23743 40122 
13615 9411 17732 21798 22850 37143 14747 12789 19616 27441 17607 21420 19046 25746 12848 7101 13716 9723 18015 22635 12061 4731 17292 20469 15539 15219 12251 5325 23333 38598 20406 29811 10805 969 30606 60429 21743 33822 33145 68043 29373 56748 14052 10737 17709 21717 10807 975 36157 77043 21636 33471 16000 16575 31079 61845 18757 24861 23831 40113 37493 81090 16247 17340 33494 69117 15766 15855 20877 31206 28827 55065 20188 29184 20105 28917 25059 43779 22841 37104 19149 26040 13994 10557 18257 23352 11250 2298 24901 43284 30768 60915 19112 25926 21389 32742 12941 7452 30795 60993 
16163 16797 10754 510 11635 3159 13964 10194 23465 38712 16064 16485 26115 46665 25354 44382 24129 40749 12321 5199 16060 16455 16877 18915 37765 81651 38518 83907 21619 33165 16295 17169 21167 31785 12037 4365 21687 33336 23835 39777 14763 12546 11416 2523 14602 12063 15156 13731 19665 27315 17724 21456 12286 5124 27487 50727 19879 27903 29003 55311 24103 40602 14234 10968 11707 3387 39221 85971 26887 48942 11821 3708 27648 51255 26411 47514 30932 61134 22916 37014 18007 22311 31360 62379 12805 6705 19553 26934 16267 17067 16333 17289 21081 31527 23573 38982 31746 63603 12384 5418 
23032 37086 15704 15078 29315 55956 23629 38916 19297 25845 18404 23205 15017 12999 14421 11235 13661 8946 25070 43194 28842 54537 18639 23874 11575 2691 14025 10041 19170 25518 12299 4908 19302 25878 12970 6921 11684 3015 13744 9231 34425 71247 21176 31521 26121 46344 12800 6366 42427 95307 22325 34938 17789 21366 24472 41391 23404 38187 24508 41523 25623 44832 12491 5454 35262 73824 11781 3306 13303 7911 19344 25986 12938 6759 26363 47088 28323 52971 26197 46608 13642 8889 11977 3906 15973 15909 48841 114552 33781 69306 33763 69318 12002 4008 17491 20463 13768 9279 24717 42105 
11145 1092 18448 23010 18398 22869 19539 26325 25831 45174 30509 59208 23598 38496 15086 12933 11246 1431 24131 40131 13889 9312 17547 20370 12505 5172 13790 9081 21302 31617 31648 62643 17894 21366 21520 32250 17388 19857 30011 57717 27308 49599 29860 57297 30263 58506 35599 74496 16992 18660 11948 3510 48177 112248 36072 75951 13061 6876 20993 30672 37759 80985 14752 11913 18496 23145 14739 11889 21010 30711 19248 25446 13611 8499 18938 24522 16199 16263 35243 73410 13583 8415 22150 34143 21231 31428 21403 31920 32022 63750 21414 31917 44725 101877 11369 1770 13695 8769 14283 10515 
13128 6792 18445 22728 10951 189 24376 40539 19597 26217 16084 15633 11471 1767 26334 46395 13644 8268 21031 30465 13574 8121 16457 16764 14966 12279 18334 22413 16513 16959 17203 18999 21592 32166 38138 81768 19127 24756 15614 14232 25449 43776 14595 11169 28617 53250 14401 10584 16957 18243 38091 81693 14021 9402 26168 45897 17611 20217 14566 11046 20618 29193 23904 39084 21425 31704 21938 33207 32680 65466 19387 25536 32118 63738 14939 12201 14230 10044 26195 45984 14955 12249 18259 22134 35579 74175 35564 74082 24196 39981 23178 36915 18736 23544 18584 23124 14091 9684 19295 25275 
13765 8370 19628 25983 26744 47334 31180 60642 28136 51501 29128 54468 28602 52899 38910 83868 19213 24741 20295 27969 14651 11037 18593 22845 17590 19845 25421 43371 11806 2463 15075 12324 15580 13803 14458 10458 20065 27261 15132 12480 14346 10128 14068 9297 17582 19836 23473 37503 35234 72801 14795 11442 15019 12105 35353 73206 23342 37134 13356 7134 16335 16107 22455 34485 13335 7107 33480 67497 26744 47316 11584 1809 26419 46332 13049 6219 11718 2211 17114 18405 12788 5448 13381 7233 28832 53604 16577 16815 15129 12444 19272 24909 15440 13395 24159 39576 14271 9885 11458 1431 
30786 59142 13842 8283 25815 44262 16202 15390 18952 23685 23254 36555 15748 14025 13377 6912 20689 28848 11278 588 18687 22872 14705 10887 11159 234 29589 55533 25818 44301 24083 39042 13912 8511 28959 53670 18014 20817 25175 42333 13239 6528 12191 3348 30282 57663 13230 6438 16201 15375 25014 41853 38560 82533 36064 75009 16842 17292 47830 110271 18935 23607 19501 25332 27634 49695 35895 74505 21733 31974 35992 74778 40338 87831 18894 23457 44618 100674 22571 34515 20828 29295 30775 59136 14567 10467 35959 74688 16493 16236 31251 60579 13788 8121 14546 10431 26820 47307 13026 5853 
11758 1749 20708 28605 19985 26463 23735 37698 23930 38265 27765 49794 26551 46143 11298 339 34271 69288 30701 58587 22994 35463 15782 13848 12904 5205 25179 42000 17725 19650 22608 34290 25391 42666 28401 51714 21313 30447 14302 9396 16139 14901 20929 29262 15803 13893 12857 5016 18151 20964 25332 42498 12020 2514 28818 52989 31629 61425 14583 10230 25742 43737 29433 54771 24546 40119 12245 3162 17417 18741 18071 20688 29623 55359 12015 2493 32257 63255 25465 42912 32297 63372 27682 49527 28057 50670 17286 18333 13464 6876 29759 55779 18487 21924 12207 3078 15346 12468 37024 77610 
11563 855 20057 26328 17162 17631 18508 21735 23779 37521 14104 8475 26715 46329 29137 53613 23609 37002 26997 47190 25820 43668 13927 7935 20978 29163 27422 48486 34429 69477 22562 33870 16558 15885 23290 36033 26179 44700 11306 39 15675 13182 15214 11814 24522 39786 19334 24186 28668 52233 31058 59421 23723 37350 16123 14550 14927 10965 16477 15639 20838 28752 21411 30390 33738 67449 12736 4365 38596 82062 30451 57591 12366 3255 23748 37428 26023 44253 17993 20154 13889 7842 11794 1539 26334 45183 19143 23658 25839 43746 23844 37722 21829 31617 13507 6705 22094 32490 14385 9354 
18563 21588 34547 69588 23377 36042 27203 47481 26173 44448 29975 55800 12179 2382 30331 56922 20726 28044 38051 80064 24372 38997 20954 28746 36760 76182 20853 28470 13610 6678 13136 5298 27124 47265 26523 45459 11808 1299 22035 31989 16080 14142 23540 36528 12840 4383 15538 12480 37885 79581 18779 22227 27548 48519 29176 53439 24625 39801 19244 23616 19126 23208 14073 8094 22580 33597 12293 2736 22751 34137 12189 2466 20010 25911 12596 3651 18651 21846 14403 9102 28282 50739 15651 12819 15369 11955 15737 13110 11812 1293 23677 36903 27564 48612 19607 24696 15358 11922 22888 34557 
21427 29874 15759 12852 21568 30279 37993 79572 16863 16173 12637 3468 18514 21180 19430 23862 29490 54024 45240 101301 17860 19137 21969 31515 12322 2514 17388 17712 25465 41961 25313 41541 31124 58956 27525 48186 22337 32613 25861 43164 14452 8922 12866 4164 15825 13038 28191 50199 16740 15831 16771 15939 23200 35181 17491 18048 26520 45189 23615 36465 27697 48666 17256 17352 19560 24282 21975 31515 17400 17754 18482 21039 32639 63537 25617 42480 11577 267 34694 69675 33337 65604 27374 47715 19208 23181 17502 18090 18895 22239 24215 38238 31833 61161 16891 16254 27949 49440 18797 21948 
29646 54264 33530 65889 11836 789 18209 19956 23759 36534 38099 79623 13842 6783 25652 42282 33047 64467 29023 52362 16422 14568 24407 38478 26950 46143 27735 48468 27769 48627 20242 26025 13273 5112 16535 14871 23674 36312 31109 58635 31247 59052 20355 26340 26875 45891 33955 67203 34647 69231 26522 44820 23403 35493 12396 2445 22152 31713 14806 9693 30200 55872 13741 6525 11661 222 20431 26604 26128 43650 18037 19395 20993 28281 22280 32112 24305 38214 29152 52719 37062 76485 24980 40233 18110 19620 15163 10728 11909 999 27543 47895 21330 29262 23391 35427 12285 2091 17117 16662 
13663 5964 21898 30687 24620 38817 18478 20424 14202 7572 15650 11943 18935 21822 30241 55725 24524 38535 29925 54786 14775 9300 31044 58107 22330 31953 33377 65142 23636 35943 32724 63192 17952 18864 21709 30129 25539 41673 25699 42099 21524 29574 17029 16068 15169 10482 31795 60369 27628 47856 16781 15354 15109 10275 18904 21714 19155 22422 36935 75843 26389 44157 14249 7695 27426 47307 15604 11829 15632 11895 27255 46746 61371 149112 33157 64482 19635 23886 30748 57234 25359 41034 17312 16926 24750 39252 18421 20244 19017 22035 27228 46695 14398 8178 17857 18543 29268 52794 16379 14103 
22050 30834 17783 18069 37704 77823 12308 1578 24443 38004 21449 29037 22548 32346 12448 2019 31114 58089 25297 40602 13442 4965 31609 59484 27321 46674 25604 41505 26194 43302 31470 59118 21107 27987 27582 47421 24198 37314 23022 33729 22582 32448 19990 24654 15735 11868 29518 53256 16143 13074 17655 17631 16779 15036 27307 46587 22944 33543 18048 18834 24214 37314 24640 38610 18167 19176 23046 33795 23206 34275 19802 24099 16695 14829 12461 2031 18747 20925 24231 37365 32309 61602 46845 105282 49106 112038 33657 65691 25658 41664 19996 24636 20484 26136 30520 56313 32192 61305 37731 77928 
21789 29805 19990 24372 39981 84318 14684 8415 14456 7734 25110 39729 28369 49506 19261 22164 16422 13638 26221 43038 13801 5766 23890 36051 29905 54108 17727 17529 32707 62505 12715 2508 31014 57435 25521 40998 29760 53664 19422 22659 20955 27267 23104 33729 15718 11511 14597 8172 21788 29748 42713 92541 44003 96447 14808 8778 25513 40911 22106 30717 27546 46986 37916 78138 24228 37077 33633 65301 22736 32619 35286 70275 14052 6567 31123 57753 20226 25059 13239 4092 23727 35544 12545 1983 31033 57516 23377 34515 22150 30807 12412 1593 45494 100884 17318 16401 26796 44751 14578 8151 
18335 19107 22978 33045 15833 11562 27253 45852 13830 5544 16598 13857 42166 90627 12011 63 14265 6849 33883 65778 13150 3489 15255 9849 15160 9591 32909 62853 18905 20850 15386 10206 34168 66615 19930 23889 30781 56433 39898 83796 27120 45453 24366 37197 26649 44019 20739 26325 15828 11547 23200 33699 36827 74619 14582 7818 28218 48726 23015 33189 27178 45618 12072 246 12377 1197 23051 33210 32926 62835 23751 35382 22390 31278 22620 31923 25966 42006 21686 29112 18398 19287 24863 38736 13145 3501 14995 9048 34427 67365 14089 6339 28253 48870 33461 64464 14215 6771 34566 67782 
16658 13758 21838 29316 17179 15300 15006 8754 22318 30756 15466 10143 48106 108144 22977 32712 20730 25938 15740 10968 12783 2106 25757 41055 31847 59349 24435 37107 13157 3198 12297 630 29834 53310 30028 53949 18074 18015 14398 6960 12516 1293 30583 55551 13483 4266 26310 42705 13444 4080 24723 37962 14438 7104 26178 42336 23599 34608 32202 60414 30743 56028 15219 9432 27641 46734 22434 31086 19602 22617 18817 20268 28112 48120 27923 47568 18523 19359 19702 22878 19658 22740 12928 2547 17981 17727 37393 76005 20129 24150 16308 12717 24920 38568 27928 47565 34052 65973 33721 65001 
21675 28491 20221 24120 37005 74517 26394 42675 21200 27108 18209 18099 12408 672 18360 18534 17618 16362 22492 30960 32563 61209 12560 1119 32862 62067 16993 14460 48783 109884 28273 48339 39174 81030 30805 55914 50365 114615 24596 37242 14258 6237 14771 7770 27765 46779 31193 57060 25979 41421 33112 62847 24917 38271 20779 25881 35929 71325 17893 17145 19873 23112 15333 9456 27733 46692 14559 7134 17338 15489 21181 27042 23169 33042 27243 45219 25441 39780 25883 41160 16652 13440 19251 21252 33241 63204 16639 13380 24770 37794 14714 7644 22633 31362 13165 2967 26903 44226 23129 32895 
12641 1077 22447 30489 18186 17712 18427 18465 35152 68664 24082 35436 35015 68238 13150 2604 23724 34353 35017 68250 28221 47847 31733 58410 29172 50763 15448 9537 21903 28866 23405 33405 25377 39324 16582 12963 19603 22011 17274 15030 15595 9978 21232 26886 38399 78408 22546 30810 27911 46944 14530 6771 28206 47784 40005 83199 14552 6819 22344 30240 13091 2448 38655 79140 16273 12009 19215 20799 34996 68187 39128 80583 31557 57855 43281 93045 14584 6936 18162 17652 27122 44538 42650 91176 22568 30861 21387 27351 24683 37251 21422 27447 27727 46344 13747 4431 20653 25107 17237 14895 
18939 19674 31672 57888 24180 35457 38668 78903 12425 105 28195 47457 25260 38661 26417 42153 20059 23031 25164 38328 19195 20439 30473 54312 31732 58086 19206 20508 27163 44406 20139 23319 50705 115032 17636 15783 22740 31146 23761 34239 32158 59385 18339 17889 20861 25476 19686 21921 13254 2610 39458 81300 23927 34647 13752 4131 19759 22140 28191 47472 29110 50223 19714 22053 40865 85488 47340 104913 27228 44577 16133 11262 18599 18672 20838 25377 16077 11142 27473 45375 22765 31194 24481 36315 27684 45936 25040 37977 19607 21714 19072 20118 23198 32487 18486 18321 27292 44814 30384 54045 
37211 74217 19189 20169 12854 1143 13627 3447 28728 48756 18357 17688 37397 74811 17350 14634 14969 7479 29117 49941 29534 51204 35962 70479 27306 44502 26381 41751 27584 45351 24622 36423 23096 31836 42891 91281 20584 24354 15658 9576 30117 52959 27119 43920 15822 10086 48816 109065 25635 39471 18392 17751 26608 42408 20453 23943 33305 62496 28349 47640 14027 4662 26472 42036 35347 68643 36556 72276 37919 76338 24998 37587 43605 93435 21510 27132 17297 14484 16792 12942 31113 55959 13785 3921 22545 30198 14330 5574 45257 98382 31245 56319 14830 7062 32971 61521 21909 28284 23255 32340 
29469 50700 15968 10215 31397 56475 30891 54957 13991 4254 14267 5067 39775 81615 21163 25755 45450 98661 27705 45417 20162 22797 18525 17859 16122 10647 31712 57417 48268 107130 18696 18363 54574 126078 45080 97548 14910 7023 18498 17748 25325 38256 21860 27843 21306 26199 30295 53202 21814 27744 36898 73020 37435 74559 15376 8376 20359 23352 18514 17832 14106 4575 24558 35955 23634 33195 20842 24846 19952 22140 24481 35715 23398 32484 15882 9903 28748 48570 33261 62082 30656 54288 30959 55194 21987 28272 14293 5154 37858 75867 20645 24198 29432 50580 36692 72375 44782 96612 14505 5796 
19109 19299 27125 43350 15270 7749 13107 1314 34641 65934 15817 9444 12921 720 22564 29673 25723 39186 22296 28881 22922 30738 15906 9708 20170 22494 16514 11499 16005 10008 16077 10242 23097 31257 29592 50805 16583 11715 19758 21255 35502 68505 32317 58968 28157 46464 22063 28170 33128 61377 43503 92493 42135 88416 37558 74685 26334 40992 27381 44142 35513 68514 27117 43362 19599 20751 27272 43791 32359 59079 17254 13743 22254 28773 14566 5655 19287 19833 12699 9 32897 60672 18986 18975 26173 40494 14194 4554 44894 96708 33464 62418 18662 17997 14039 4107 17514 14535 29564 50712 
38250 76440 24613 35520 35904 69420 30653 53625 18715 17883 13790 2997 17523 14250 30925 54477 25771 39030 17113 13014 25844 39225 24279 34545 15481 8133 66066 159936 14486 5139 25268 37470 22626 29589 32146 58104 12911 399 18087 15954 24803 36117 22751 29937 17002 12717 18111 16035 20383 22830 31416 56031 44022 93756 27593 44451 30095 51960 25023 36762 41174 85188 29830 51162 16516 11268 38553 77358 22257 28455 21519 26238 13821 3138 23713 32823 17321 13665 18745 17901 17671 14661 40315 82674 14748 5925 24240 34374 14799 6054 15464 8094 17384 13845 18705 17796 16618 11547 33621 62547 
28650 47370 16453 10734 47342 103479 46720 101607 13377 1485 22773 29709 43963 93282 24408 34599 20247 22113 20564 23067 23807 32787 15394 7572 20497 22857 15918 9180 16193 9924 16349 10419 40232 82107 31207 54993 32535 58998 35320 67377 14222 4023 32710 59529 29186 48966 20936 24201 15629 8262 38791 77784 22405 28599 26565 41061 29234 49086 40515 82947 15305 7281 14383 4521 19521 19956 19092 18687 46405 100671 19817 20835 21726 26589 14265 4131 35253 67131 15943 9204 33658 62385 41516 85929 27509 43917 28205 45978 20603 23181 13846 2904 40391 82581 21051 24534 30427 52665 29249 49158 
30000 51066 30659 53079 58680 137139 24506 34635 29229 48798 54764 125382 52973 120075 13055 222 34661 65094 19143 18549 15886 8730 23796 32442 16690 11127 39521 79671 24686 35160 35270 66945 22368 28179 37063 72282 16838 11586 19527 19665 14387 4218 20182 21675 20475 22479 25781 38445 34709 65220 21091 24357 13962 2997 14588 4854 25563 37764 26379 40230 20961 23937 22820 29526 39260 78864 25847 38607 32243 57837 23742 32289 29459 49497 36096 69390 29184 48636 14898 5733 39248 78846 30353 52167 36771 71442 17240 12777 16691 11166 32416 58323 26893 41751 24702 35187 28051 45291 13517 1614 
43847 92313 18185 15345 24380 33951 28240 45519 29054 47952 17435 13080 28973 47700 20458 22158 35415 67062 24720 34953 36314 69741 33861 62403 31994 56757 45341 96834 47817 104223 22989 29730 41593 85605 17367 12921 29076 48021 16651 10719 23609 31608 20385 21948 36079 68991 19126 18180 18547 16425 27179 42321 24713 34929 25754 38037 23434 31068 35101 66069 30861 53358 15468 7143 18207 15396 17447 13089 14592 4539 27256 42549 45112 96126 19160 18282 29566 49536 37330 72771 28929 47589 16453 10158 23877 32397 29803 50235 21819 26220 56176 129339 13545 1389 22658 28776 30990 53742 27967 44694 
17086 11739 25402 36705 27123 41871 13666 1473 18817 16908 42798 88887 38576 76200 21440 24795 17457 12837 19449 18810 29351 48552 27789 43887 15638 7398 25330 36474 33250 60252 22596 28272 41243 84249 20539 22056 28052 44667 15942 8301 26915 41235 29327 48489 23503 30993 59843 140091 26878 41115 41630 85380 19171 17961 16640 10383 14428 3732 48711 106689 32997 59493 14885 5148 32038 56676 22929 29232 18404 15687 37680 73542 38414 75768 24936 35301 18981 17436 15088 5748 27052 41664 32970 59439 33542 61107 38437 75804 13287 288 16428 9741 18693 16563 22113 26823 26906 41193 24603 34311 
19755 19464 14374 3276 24512 33729 24350 33231 26614 40032 18435 15462 34461 63573 14306 3084 49923 110007 14882 4782 41864 85782 20657 22137 22467 27603 23210 29766 26953 41061 42589 87957 34237 62868 18621 16044 29785 49563 22777 28497 32947 59058 31631 55092 33640 61113 46258 98949 18550 15798 44439 93597 31927 55956 27046 41292 17446 12567 25966 38133 39938 80013 21323 24135 23692 31266 27781 43551 33082 59430 22665 28149 38140 74586 21842 25716 20132 20535 22263 26997 15559 6870 20537 21786 16152 8622 22510 27738 30759 52467 14413 3447 14139 2607 18327 15162 21647 25131 44172 92754 
32562 57561 26355 38940 30006 49875 35082 65184 19292 17814 28484 45315 25955 37749 35278 65715 24838 34389 21183 23439 23441 30216 26166 38352 31003 52899 26651 39780 18346 14877 15824 7347 34446 63246 16209 8538 26185 38427 33415 60156 33391 60090 30620 51759 29957 49734 15583 6585 30690 51933 38593 75654 15897 7554 20423 21153 23444 30213 23682 30900 41605 84696 31199 53490 20163 20418 18555 15531 14748 4101 17138 11289 31326 53889 36154 68373 29362 48006 34747 64131 21597 24663 20237 20586 18024 13956 29069 47124 16263 8655 30730 52089 41132 83289 43245 89619 29202 47490 24704 33987 
35508 66099 16464 8973 24022 31620 34935 64389 22506 27129 23917 31398 15351 5625 31836 55092 36995 70551 24242 32310 30010 49614 51005 112599 22160 26055 37609 72447 29818 49038 24385 32736 18422 14865 13980 1485 31464 53991 38561 75309 22860 28146 18196 14199 39548 78270 18511 15081 34483 63060 31084 52863 32523 57159 27739 42774 45485 96045 16672 9609 50175 110136 46034 97731 25164 35103 19957 19443 23883 31224 27380 41730 19537 18174 17043 10740 18853 16113 16931 10377 16475 8970 30127 49983 26140 37992 25275 35406 27570 42291 31872 55215 20984 22551 13570 264 29524 48165 22672 27663 
38459 74706 13943 1095 30918 52044 14050 1416 38073 73554 29840 48828 16553 8934 28403 44511 40673 81345 15038 4371 30003 49329 31071 52494 53201 118932 13982 1218 14602 3069 41855 84849 39949 79173 31482 53730 19118 16647 28253 44124 28607 45093 26819 39741 15640 6192 19494 17793 31102 52626 14242 1971 17437 11610 14829 3723 40089 79539 16974 10188 43135 88677 29505 47769 30364 50385 39473 77748 18166 13779 49126 106704 35785 66648 16816 9732 17700 12402 18624 15171 33802 60681 23089 28575 38455 74631 59158 136812 17700 12384 31539 53898 32745 57561 23841 30807 24609 33108 14515 2781 
40043 79122 22270 25794 20003 18984 20907 21696 16509 8475 43426 89307 28630 44892 24090 31251 22791 27375 22113 25284 25945 36834 24018 31011 48905 105714 46959 99852 25939 36792 29021 46101 30541 50607 32978 57936 43349 89055 18073 13182 22572 26673 24380 32130 25587 35760 14137 1359 23240 28692 29603 47820 28493 44490 37390 71235 25475 35415 15821 6435 17979 12885 18769 15309 32572 56673 30599 50796 27095 40287 39430 77283 30940 51846 18961 15867 21952 24867 21186 22557 24915 33738 56449 128340 18906 15711 38988 75948 18991 15972 31716 54138 32355 56085 25675 35991 30003 49002 30797 51399 
30651 50661 14952 3528 28563 44409 31367 52854 15603 5493 42787 87024 32191 55248 24972 33618 39592 77496 23696 29799 33303 58575 29340 46731 16625 8547 25122 34059 29836 48210 26548 38319 24911 33405 26405 37914 44479 92193 37137 70104 18876 15318 15159 4131 33061 57939 24369 31818 24974 33633 41836 84216 18798 15078 18766 14988 32217 55359 19792 18078 21510 23196 24666 32682 22676 26721 25861 36294 14241 1380 30106 49017 39735 77961 23089 27978 31256 52476 20664 20703 28260 43446 19496 17154 16515 8193 48609 104556 20995 21660 23430 28980 51971 114612 31202 52335 32001 54720 35153 64125 
23309 28317 26027 36453 30843 50928 25373 34494 27845 41955 26667 38385 33089 57657 29602 47223 35436 64719 24733 32571 26581 38115 19950 18240 26054 36564 24851 32955 26341 37371 28697 44529 18547 14016 32688 56418 36216 67074 23106 27729 32431 55701 18648 14328 26900 39102 30073 48582 37993 72354 18711 14490 15222 4041 26464 37809 27379 40539 53858 120003 28365 43479 30022 48423 45757 95673 43925 90147 21279 22209 20065 18606 22562 26085 23064 27573 21018 21444 36601 68223 16496 7890 39622 77241 48424 103719 38827 74880 24103 30702 17844 11895 32020 54399 31353 52449 24070 30537 56048 126561 
16367 7164 18820 14541 28130 42483 15948 5946 22532 25650 15036 3165 32312 55026 37364 70230 21381 22254 37392 70248 29691 47199 33606 58884 17225 9720 20614 19887 35289 63969 34149 60531 36317 67059 18946 14892 30864 50745 32280 54969 25116 33414 36892 68838 31780 53433 46456 97476 42911 86853 14751 2337 24103 30381 35400 64317 21794 23457 14100 336 39740 77373 38457 73479 32676 56139 28260 42879 25920 35850 25809 35499 22588 25821 15141 3486 31017 51204 30099 48387 18465 13461 23679 29136 16940 8928 22827 26574 14150 498 32765 56403 17212 9717 22181 24645 42138 84507 24494 31530 
17505 10272 16338 6780 29714 46905 32014 53859 25468 34194 41790 83172 19869 17406 22707 25920 39867 77412 21876 23385 23867 29427 28150 42240 15076 2985 15851 5298 47131 99249 30557 49518 17705 10845 27544 40389 39244 75531 26119 36168 32356 54870 24834 32277 16233 6471 16605 7587 24302 30678 20114 18117 30041 47913 23831 29259 21488 22248 14807 2175 34172 60318 22391 24912 30191 48381 36059 65976 17144 9213 17701 10857 40220 78459 34439 61134 28062 41952 36010 65814 37084 69042 27235 39498 26262 36558 18120 12153 26352 36822 35043 62913 27451 40134 43660 88734 27347 39798 19152 15222 
31845 53046 28380 42669 25028 32541 30219 48168 35952 65355 20898 20187 37572 70209 14545 1101 21239 21183 28107 41784 29905 47196 35240 63222 39189 75051 37979 71511 18321 12411 33234 57177 18595 13296 17623 10326 26249 36240 31798 52896 20257 18219 45630 94374 38559 73215 29124 44898 18134 11856 32393 54687 29068 44748 21366 21564 29519 46074 17998 11478 17866 11082 23319 27432 15615 4317 17903 11202 28056 41703 20663 19461 30022 47541 18699 13596 25585 34212 48766 103788 37887 71190 28103 41826 19515 16062 36562 67170 24198 30096 27136 38898 54353 120576 37816 70923 31275 51300 30809 49902 
15424 3420 27920 40935 26581 36945 35108 62514 20497 18699 30591 48966 21003 20199 26222 35868 21863 22806 30930 49971 25202 32844 19253 14970 38167 71730 19924 16938 34842 61698 31862 52770 31684 52236 24887 31869 53721 118401 31913 52977 21371 21267 39984 77145 25306 33084 14534 759 33767 58464 23390 27354 22381 24273 41103 80502 22652 25122 33329 57177 29164 44667 45883 94860 37279 69009 30357 48252 32279 54003 15658 4131 16679 7230 25625 34068 16997 8193 45829 94725 18327 12144 25057 32346 29180 44742 29983 47115 17964 11100 31767 52521 45760 94497 45584 93996 22763 25464 31270 50991 
22622 24768 38496 72372 34818 61362 20342 17907 16759 7122 45377 93033 45932 94704 33639 57816 14974 1797 31935 52704 47817 100317 38899 73617 19267 14694 56611 126768 33118 56226 30246 47619 32724 55038 44630 90762 16735 7062 36408 66135 32856 55452 29396 45045 20677 18930 32478 54354 35549 63549 42656 84888 60197 137526 26085 35166 20433 18198 24927 31674 28491 42366 47551 99552 21655 21849 26441 36258 20438 18198 25468 33312 42504 84414 15929 4632 29789 46233 16373 6018 39487 75351 49528 105477 43126 86262 28506 42420 27813 40314 33332 56859 18269 11670 41237 80601 28205 41490 26974 37815 
20275 17373 41637 81513 32358 53673 20910 19329 22995 25530 35488 63054 24867 31167 23351 26637 25096 31872 28741 42852 24875 31206 33009 55626 15030 1647 27111 37917 26523 36168 23470 27003 26288 35508 14604 351 24622 30438 15379 2682 15778 3891 27458 38985 23612 27429 44910 91311 22539 24246 20680 18594 21528 21165 44088 88857 44436 89889 24382 29781 31847 52143 31656 51534 33570 57309 23862 28167 20301 17496 24032 28644 21336 20601 26654 36525 37119 67986 32512 54111 16213 5166 16575 6273 37745 69837 19593 15360 25774 33879 42033 82701 27576 39339 51133 110064 25413 32868 27098 37914 
25354 32337 27030 37383 27986 40224 37580 69048 52646 114246 24445 29610 22806 24774 33251 56061 35269 62100 35259 62079 30539 47910 28517 41853 50093 106590 17784 9618 24579 30021 26823 36753 31675 51315 26848 36834 21953 22152 16482 5709 30362 47376 33259 56097 38798 72741 31674 51333 31926 52062 27790 39654 19075 13497 38453 71661 17906 10011 41931 82113 27282 38154 22580 23988 33549 56931 35904 64029 42635 84270 21266 20109 24498 29784 19786 15657 18904 12987 18180 10830 39204 73941 15128 1650 35860 63864 14814 678 42927 85080 33665 57321 16075 4509 29473 44685 55466 122697 22431 23547 
19905 15699 16013 4029 48425 101310 28641 41895 34534 59613 55229 121722 43802 87432 26577 35724 27200 37608 15406 2208 64165 148524 30913 48732 33167 55485 19893 15627 26786 36351 44095 88320 18021 10056 40310 76923 23309 25911 27226 37680 36058 64185 39442 74343 19133 13392 21941 21798 22775 24297 26588 35772 27076 37212 27821 39462 42965 84888 18686 12060 36205 64596 27049 37086 18099 10308 32017 52032 36425 65286 21113 19368 19432 14289 26338 35007 27188 37593 28197 40602 23401 26175 32909 54720 23188 25536 23382 26136 32144 52425 26194 34584 34913 60714 31021 49026 22327 23019 21297 19848 
18227 10356 20507 17193 34782 60048 29266 43452 15850 3231 30471 47142 28298 40614 29708 44808 44215 88320 30013 45741 50265 106497 28319 40623 28888 42345 15115 1020 33560 56400 30941 48525 23183 25242 37438 68052 25707 32796 27577 38394 33242 55410 30985 48663 36952 66573 62586 143442 23833 27210 23213 25269 25556 32334 26538 35289 28024 39762 17399 7899 27584 38442 17806 9111 27467 38112 27066 36909 25398 31842 24878 30291 18410 10956 24721 29835 53085 114945 18599 11469 15925 3477 40902 78381 21684 20742 42103 82056 20674 17730 23942 27519 28862 42312 44886 90342 30413 46911 16954 6516 
39527 74001 23591 26175 32163 51909 30918 48183 71174 168933 41267 79203 37996 69417 37836 68892 46181 93951 29329 43395 25835 32886 25623 32250 46788 95754 44505 88887 15235 1050 52912 114156 15503 1872 26536 35028 31936 51171 16340 4419 27513 37893 34803 59817 22615 23220 29123 42750 27815 38844 19088 12627 27357 37425 38095 69660 17821 8844 46950 96324 38818 71826 19303 13281 37794 68802 20714 17508 47351 97470 25814 32796 30365 46479 27576 38121 23849 26928 20571 17115 20471 16788 18862 11967 18947 12204 14899 9 37829 68862 24978 30324 27378 37509 18103 9702 51548 110073 36393 64596 
28980 42024 29680 44106 24673 29136 46633 95025 25184 30669 18828 11538 20128 15465 44007 87132 33300 54999 15799 2505 32157 51573 36425 64356 17772 8397 45849 92631 42222 81783 15799 2496 32987 54078 34681 59115 22485 22563 33684 56151 28394 40347 25959 32994 19974 15015 31491 49557 19869 14691 19963 14934 27367 37155 56223 123807 41422 79365 50327 106107 24068 27270 16797 5457 17093 6333 31973 51000 62166 141570 37848 68643 19293 12954 17489 7533 27667 38094 27037 36258 41703 80181 41926 80898 27616 37941 19915 14847 33516 55629 28930 41862 18782 11418 27202 36696 15526 1641 22120 21417 
36612 64656 51516 109368 35998 62829 19861 14385 22405 22005 35618 61635 24867 29376 40523 76359 16596 4542 43799 86187 19862 14406 33839 56307 22405 22017 19287 12624 17480 7206 26952 35631 29906 44517 34150 57288 40384 75954 18488 10254 39414 73023 31056 47979 38872 71409 23403 24981 49753 104094 20386 15942 39402 73008 21504 19305 24682 28848 23070 23955 33836 56307 39231 72474 19286 12642 22967 23682 32182 51363 31484 49272 48760 101061 25236 30471 51379 108930 17822 8223 21390 18945 30152 45255 22223 21486 18448 10164 17237 6522 23854 26328 17226 6453 31134 48240 22165 21297 42047 80976 
37947 68343 29536 43092 61361 138612 32319 51447 42793 82878 17695 7551 29579 43221 22029 20535 28610 40305 34583 58239 15923 2259 41527 79053 25164 29994 35772 61791 28072 38718 31728 49632 54059 116694 33101 53787 32150 51015 53799 115872 39080 71739 34114 56871 36394 63657 34672 58518 28835 40998 31520 49044 52718 112626 33631 55401 38415 69753 26894 35163 33183 54033 37610 67329 29471 42885 53390 114708 19432 12771 29125 41895 39128 71868 17502 6933 46647 94485 24126 26859 80034 194664 23669 25500 24159 26967 21871 20115 16191 3048 20407 15723 22944 23286 23155 23973 37143 65913 32014 50505 
29005 41178 26633 34110 29923 43944 39300 72066 18143 8613 15483 597 27204 35778 39447 72606 53870 115827 39174 71715 33378 54399 36534 63768 30343 45258 22851 22746 43677 85212 21334 18159 40084 74454 34518 57744 16952 5028 16771 4470 27573 36903 52862 112761 22490 21660 17954 8037 25517 30726 57334 126219 16731 4431 27526 36780 20260 14943 48640 100155 30170 44673 32801 52623 32021 50235 24207 26829 17588 6939 22957 23028 21386 18357 22172 20691 63368 144342 19311 12078 22240 20904 34378 57324 25138 29652 34068 56433 18243 8904 36042 62283 19298 12102 21685 19230 17947 8058 24877 28833 
23387 24024 32193 50472 20371 14979 17077 5121 21751 19146 16791 4230 33213 53523 30964 46782 29832 43377 37524 66456 21523 18435 27396 36054 23980 25812 25040 28986 29288 41757 24626 27753 23051 23073 27800 37284 34568 57558 16589 3642 34554 57552 40618 75744 26545 33525 41146 77349 23922 25638 27761 37194 33042 52980 24402 27081 23140 23313 19137 11277 28152 38346 16762 4152 40159 74343 19411 12105 25891 31554 32926 52689 16482 3303 26514 33417 24642 27816 21754 19134 37132 65286 26483 33315 31270 47727 38630 69828 43947 85761 57546 126609 25658 30840 23604 24714 23688 24948 29100 41202 
38639 69579 20439 14880 17604 6366 51086 106839 44314 86559 37422 65868 28646 39576 31458 47976 21326 17604 26164 32076 21384 17772 24165 26031 27647 36507 20514 15189 18380 8730 32227 50256 20609 15399 21897 19275 29904 43296 23078 22836 41437 77901 18907 10350 39365 71715 29950 43434 20390 14691 51446 107976 31961 49491 62034 139758 16680 3603 30428 44895 27704 36675 18566 9246 45498 90087 48872 100215 43234 83283 16858 4149 33944 55470 45285 89430 35732 60753 29985 43575 20216 14229 44854 88209 33947 55386 22247 20334 25162 29052 20245 14337 20431 14877 28873 40194 21133 16983 37403 65781 
58036 127428 21261 17094 44993 88299 42754 81561 51937 109119 23006 22302 21577 17988 16259 2034 38977 70233 24983 28203 27491 35784 20775 15588 32017 49332 33685 54363 35662 60333 18058 7458 24410 26532 69175 160854 18145 7710 23637 24186 34710 57402 61854 138843 32598 51069 63937 145158 72607 171102 31247 47088 20045 13434 35387 59496 16286 2139 42136 79743 32555 50994 15820 708 32612 51138 37564 65946 16780 3624 23616 24114 50707 105447 28314 38253 33106 52599 23145 22746 41417 77541 17530 5871 16906 3975 39769 72609 16711 3378 16275 2079 38917 70026 24255 26019 37685 66363 32255 50076 
21923 18741 40429 74289 22673 21003 29894 42729 28181 37518 16195 1548 27882 36630 24553 26658 18388 8112 53691 114111 24871 27558 17558 5649 42991 81990 19332 10986 20223 13635 40653 74949 17463 5355 21111 16323 18767 9285 33336 53001 22430 20328 26301 31914 34856 57558 39883 72642 34214 55605 38114 67350 29542 41643 39750 72297 16921 3738 31754 48261 26035 31125 17149 4401 16982 3885 34489 56439 45915 90747 23416 23259 38595 68814 45130 88347 40589 74757 60375 134136 38138 67407 33944 54789 15818 402 42777 81324 55315 118953 28216 37638 18435 8271 20430 14247 26797 33408 31334 47031 
31595 47478 36931 63513 35276 58494 31814 48162 23290 22542 43038 81795 26757 32934 30304 43605 44887 87336 31211 46335 42847 81285 47273 94512 33863 54279 22361 19785 18011 6708 24912 27435 23303 22590 31554 47316 30997 45684 42099 78963 19996 12672 19413 10929 23137 22065 20052 12858 26947 33531 17786 6033 36107 61041 17391 4809 19272 10488 20636 14610 27599 35517 22150 19167 31340 46686 38859 69252 22890 21399 36550 62379 36410 61932 29944 42552 20823 15162 36387 61836 18008 6726 37703 65793 33380 52896 21934 18477 20969 15582 37698 65748 43701 83796 26558 32367 18883 9330 47522 95268 
31276 46173 36222 61020 16794 2736 26519 31965 37726 65553 29220 40086 20713 14514 28075 36588 28007 36378 35520 58959 29762 41679 28920 39153 24719 26523 29373 40512 27149 33849 29316 40305 32157 48927 31901 48141 29115 39765 24836 26862 21951 18234 29617 41226 29309 40320 31285 46230 50524 103983 34032 54516 38918 69174 28519 37965 24641 26325 49235 100122 23364 22509 23547 23013 47600 95256 28480 37794 24962 27270 33345 52446 18690 8472 26118 30747 23328 22422 66876 153039 24862 26997 36995 63396 23416 22623 33803 53799 24565 26094 36608 62235 30622 44268 21633 17298 36676 62439 42040 78564 
54511 115641 32798 50532 26319 31032 22698 20205 33290 51960 45763 89406 26217 30759 64796 146496 47276 93918 25035 27180 17920 5844 16368 1158 36469 61473 49433 100416 32414 49305 23741 23307 24342 25110 24680 26106 21326 16035 26381 31236 23725 23247 22333 19083 17578 4806 44133 84462 32184 48642 19808 11487 28336 37098 42044 78207 27817 35577 23906 23802 36855 62628 31280 45897 27151 33528 40548 73755 33676 53130 34854 56637 16556 1749 23826 23580 29859 41643 45672 89142 22092 18351 34512 55602 29188 39600 16372 1155 26051 30252 26740 32328 43652 83049 23968 23961 26049 30228 47515 94644 
21893 17451 27960 35646 43666 82806 35974 59733 26512 31299 16424 1044 53476 112212 29237 39510 30354 42825 43241 81513 33978 53724 29831 41283 31236 45546 17481 4227 26476 31200 27438 34059 39929 71550 38758 68046 43973 83745 33788 53148 32116 48147 29048 38955 57191 123393 31241 45513 21986 17742 24222 24432 53825 113277 40513 73323 22996 20763 34145 54270 20698 13860 23761 23064 16358 831 21025 14838 49176 99384 16101 24 25420 28032 23598 22566 20622 13656 19932 11571 32079 48000 37622 64647 28040 35928 25702 28908 17057 2916 34439 55110 40860 74337 16444 1077 18683 7794 38306 66729 
43040 80646 45144 86940 44168 84042 21788 16830 25878 29115 48206 96111 44732 85668 22785 19839 39561 70200 22107 17784 33806 52908 27627 34398 16809 1917 30355 42555 37092 62820 31337 45483 45862 89094 18283 6351 21472 15927 40054 71646 25259 27252 37055 62667 36586 61233 17154 2910 27511 34017 66133 149946 45037 86646 50210 102093 22620 19332 23194 21093 40860 74064 45142 86919 24803 25893 29760 40746 29199 39033 59474 129906 27867 35112 16365 534 25444 27795 46784 91872 31878 47142 62753 139722 18845 8010 44063 83655 28146 35922 17343 3522 27210 33084 18765 7770 16233 144 31167 45045 
53153 110679 56551 120888 32599 48960 23170 20664 25887 28818 33002 50217 24916 25941 35948 59016 31506 45717 35756 58440 73684 172290 16866 1761 23621 22026 22166 17679 30590 43008 27607 33987 20941 13998 24965 26058 30602 42999 38769 67455 18976 8121 45673 88218 21485 15666 20511 12705 16405 378 37392 63360 28105 35535 52165 107775 27208 32799 65467 147582 23955 23031 29147 38643 21985 17139 46740 91401 26487 30687 48870 97812 34030 53280 16427 429 17051 2307 49355 99303 18218 5844 49631 100113 22217 17835 47433 93525 29283 39060 17362 3267 47099 92472 28686 37239 35831 58695 27988 35184 
26919 31647 16590 636 19825 10338 17516 3423 53345 110907 33030 49947 50092 101205 41907 76623 18140 5295 17919 4683 44308 83826 42557 78609 32968 49806 36984 61845 43404 81177 61940 136764 24416 24129 30216 41523 24290 23742 34122 53256 21394 15075 30102 41190 46615 90729 30907 43623 31862 46488 25765 28170 41470 75348 32668 48912 44337 83895 35908 58626 19165 8361 42381 78036 36022 58932 34239 53664 16837 1377 36906 61647 26600 30711 35153 56388 30031 40977 21126 14226 26872 31464 18738 7071 49995 100866 44145 83343 20244 11616 20251 11616 28141 35304 18388 6018 41850 76443 32243 47610 
22439 17889 28870 37212 28767 36864 36786 60915 34665 54585 29580 39315 40815 73053 60184 131169 39486 69069 34733 54810 29755 39867 38447 65925 33681 51615 66545 150255 24403 23784 36553 60249 18324 5538 33142 50016 38866 67191 30158 41049 40104 70950 33615 51447 57142 122028 47278 92433 32054 46755 43240 80301 29177 38103 24012 22662 45943 88413 20359 11640 43666 81588 31073 43803 18803 6981 23371 20712 27594 33348 34951 55482 31560 45225 35402 56790 20103 10875 40438 71916 20747 12780 32474 48042 16935 1371 45807 88014 42897 79275 31501 45057 38599 66417 35794 57945 22437 17859 25620 27435 
55100 115629 21410 14514 21646 15183 28886 36942 25994 28245 17854 3807 33613 51093 31865 45903 18332 5271 33539 50925 32835 48789 48551 95964 41192 73860 22461 17676 25946 28113 33528 50886 55409 116526 28677 36324 53533 110970 61144 133740 22574 18024 54742 114537 21520 14817 36862 60933 35940 58092 21864 15867 37205 61953 26831 30783 29111 37617 32212 46911 29280 38115 18042 4392 17007 1269 34288 53139 42307 77214 22128 16677 18428 5550 37206 61875 29427 38583 34435 53598 19346 8340 24622 24150 76028 178473 34228 52959 22969 19170 51460 104718 30944 43122 34787 54645 35466 56700 28556 35943 
26766 30315 50409 101235 50863 102588 37766 63264 59478 128427 83725 201240 34519 53565 26447 29325 19966 9879 20550 11598 27764 33354 59386 128157 31083 43278 20188 10545 40696 72105 49594 98820 52707 108105 35071 55206 42219 76665 17966 3891 53151 109455 31984 45945 26837 30474 45136 85428 29985 39948 36617 59832 26423 29253 41844 75552 26991 30966 29035 37098 31060 43164 39909 69690 31716 45129 21857 15519 28578 35724 21397 14175 37381 62088 17118 1365 29196 37572 43467 80403 36392 59202 24797 24357 40644 71970 25461 26340 18865 6576 16740 177 23582 20748 31681 45006 47569 92709 26732 30195 
35512 56265 32044 45849 35489 56133 51758 105012 20431 10968 21124 13065 21063 12873 40835 72252 51335 103722 28024 33738 20635 11568 43440 80049 34185 52284 25066 24900 38382 64857 28158 34212 30471 41130 67505 152244 25239 25407 29654 38628 23484 20118 39113 67029 18136 4074 19174 7212 35988 57639 35148 55137 17539 2271 33319 49659 41720 74850 21929 15486 20954 12537 37398 61887 23306 19620 28333 34683 20938 12516 19561 8394 30804 42102 26581 29445 23929 21498 17353 1749 47253 91524 35301 55593 35693 56781 48766 96024 22204 16275 27370 31794 53370 109839 63456 140061 21801 15087 28153 34131 
19703 8493 35881 57045 28311 34308 67244 151131 20838 11886 21023 12426 28716 35541 27669 32379 32740 47622 32497 46857 21736 14553 26097 27657 27334 31395 53511 109950 19675 8418 37243 61137 43579 80139 40176 69930 26791 29748 18009 3381 39717 68544 19744 8616 45042 84501 21135 12825 43807 80829 24417 22653 47216 91077 39660 68364 54579 113112 54698 113505 37526 61959 19566 8064 39441 67716 17627 2238 32353 46488 39252 67158 26683 29403 42777 77733 20681 11433 54506 112944 20007 9369 43566 80106 22419 16647 37990 63390 24628 23265 38369 64500 36230 58098 38663 65391 44368 82515 40102 69687 
25674 26112 27214 30771 27444 31461 40645 71019 31413 43293 25723 26235 35012 54153 27734 32319 25928 26856 24066 21243 46841 89625 34277 51897 72467 166602 42332 76095 21573 13782 27089 30360 41449 73431 27724 32238 32300 45990 23594 19821 20548 10719 36954 59979 40393 70269 21345 13101 26648 29034 44235 81849 42339 76152 26692 29142 24098 21405 24285 21954 35393 55281 53201 108729 32844 47643 17574 1833 26550 28743 24260 21846 26364 28140 31931 44904 45745 86328 31528 43713 47950 92931 38922 65859 21916 14829 19744 8307 47059 90297 19064 6249 64231 141822 22422 16359 18140 3465 25489 25569 
39911 68544 37889 62451 24694 22902 37455 61185 56457 118170 31406 43038 57461 121173 25137 24186 40216 69483 29492 37260 26475 28209 32580 46503 18561 4437 17276 573 21690 13845 19184 6333 62394 135963 30211 39423 22497 16272 47838 92277 17539 1365 20141 9231 27793 32208 39268 66579 33945 50634 20155 9240 20300 9693 18455 4119 18329 3771 20099 9099 47178 90336 41769 74082 34495 52248 28531 34365 21388 12936 51704 103914 21650 13770 29066 35991 22060 14943 17232 435 34436 52110 38490 64260 29609 37647 24283 21606 18490 4251 40577 70524 21391 12939 37765 62076 45741 86022 17118 84 
30534 40104 27552 31149 36873 59139 35067 53739 20021 8556 31674 43503 41541 73095 32350 45543 22538 16125 31352 42513 33493 48942 46383 87624 49418 96855 41796 73881 50330 99483 23371 18624 48864 95112 23047 17616 18706 4611 41020 71571 54656 112506 23536 19101 35774 55806 25740 25731 24997 23463 31900 44229 53969 110409 43672 79518 41107 71796 42147 75006 58721 124689 28253 33276 39665 67494 29331 36483 26891 29157 45358 84573 39541 67143 30875 41118 51540 103119 28732 34725 46633 88371 57188 120075 25415 24711 21480 12915 31212 42120 21302 12390 56345 117516 35457 54816 33158 47949 23590 19242 
48277 93105 31937 44001 44269 80970 20047 8340 43358 78273 64033 140346 32394 45366 32852 46731 31222 41901 19187 5769 27167 29685 24487 21636 38544 63831 35699 55290 28523 33780 29339 36243 39813 67605 23943 20055 25446 24528 36094 56463 34162 50652 25692 25233 18751 4410 40145 68637 45618 85107 31232 41907 24837 22683 18602 3942 26160 26664 26997 29217 30663 40161 24954 23034 50227 98874 23616 19068 29425 36468 34173 50691 47432 90477 30539 39816 65217 143853 40051 68346 40862 70770 31424 42456 53597 109011 64148 140655 33820 49698 26783 28584 33258 47967 42327 75135 25503 24720 21409 12408 
29031 34992 32685 45939 28718 34080 24318 20847 45950 85806 33163 47382 29568 36579 40174 68415 63046 137055 28647 33780 32723 46023 30767 40146 17545 480 38509 63390 34605 51705 29928 37659 65442 144246 36964 58821 18269 2682 28464 33339 35781 55233 24817 22362 25761 25182 53221 107562 39742 67128 31933 43683 27450 30276 20225 8547 39216 65592 30178 38415 36904 58605 36738 58158 52809 106356 45375 84045 58021 121965 20635 9798 26124 26235 33811 49353 51529 102498 17821 1320 46920 88644 42099 74181 34939 52728 28508 33432 74596 171726 21974 13779 37790 61254 48831 94404 27302 29826 73860 169563 
29763 36846 37022 58629 38080 61803 38673 63630 27838 31107 35685 54666 39547 66225 36957 58482 40958 70503 25492 24075 28477 32985 41797 73011 21399 11772 27878 31182 35048 52761 58516 123168 32728 45813 18365 2652 30334 38568 39050 64731 45614 84432 53204 107259 32068 43806 42720 75726 51797 103035 39423 65844 31856 43158 30099 37899 34721 51744 17615 384 21803 13002 49787 96996 46628 87486 17642 498 33752 48837 58772 123933 35602 54387 35458 53991 33227 47289 33014 46635 25182 23109 23916 19287 26310 26541 34163 50106 25466 23961 27381 29724 22143 14013 46393 86835 39634 66513 23684 18642 
45752 84558 24267 20094 36546 56922 79078 184542 29729 36504 29384 35424 23826 18771 24651 21273 46102 85608 20381 8427 51219 100959 45695 84357 44915 82038 43232 77004 56345 116346 28351 32337 26285 26103 18198 1860 17701 357 25851 24819 30900 39963 19679 6330 31732 42471 42707 75450 39728 66486 47078 88515 44302 80217 21725 12450 47929 91116 23617 18114 42056 73467 43744 78507 35272 53106 29814 36780 24166 19770 72036 163401 31805 42723 23898 18975 31801 42711 29759 36561 51273 101127 28547 32943 23773 18612 23885 18927 23225 16968 43637 78231 24271 20106 25088 22539 27241 28995 42874 75960 
20716 9102 45576 83748 28395 32139 36031 55095 46126 85371 47288 88857 23142 16437 33503 47490 71374 161124 38235 61743 27342 28989 39957 66861 24402 20181 21152 10446 43095 76296 52988 105966 57897 120708 18240 1686 38932 63822 40195 67557 60824 129456 21109 10293 71344 161061 53169 106518 39325 64995 45022 82092 59976 126993 49522 95556 42490 74517 20808 9390 24877 21639 36770 57318 60895 129711 34708 51078 39756 66270 27217 28608 36047 55116 48855 93549 36605 56778 27307 28920 25088 22218 33797 48384 26626 26817 35197 52566 28463 32373 30927 39729 38320 61941 38320 61923 43257 76773 40243 67710 
18229 1323 33731 47892 34785 51063 36933 57525 36995 57705 24524 20217 52884 105387 32876 45312 44112 79008 22714 14841 42504 74214 33063 45855 41974 72639 53475 107133 65153 142176 24007 18720 41781 72054 63191 136311 64918 141462 39764 65967 38238 61398 23170 16230 22332 13689 37477 59160 24367 19749 42862 75297 17811 63 37789 60042 44392 79956 19071 3876 36851 57225 19919 6432 46954 87573 33603 47493 24337 19656 27256 28443 68664 152703 27352 28773 39166 64227 25780 23985 54624 110556 23070 15891 44051 78837 18276 1521 33316 46710 19714 5808 27533 29280 63736 137934 52422 103950 34953 51534 
30236 37083 59415 124671 31584 41133 54084 108681 20458 7740 44651 80364 33217 46008 26254 25191 73175 165963 50308 97350 39371 64506 25699 23451 28080 30669 38255 61185 35151 51837 20474 7842 33492 46878 20121 6717 41910 72087 34627 50271 19147 3834 19812 5820 55223 112170 17956 216 60925 129228 44030 78474 29138 33777 60662 128421 40486 67869 29944 36258 25833 23880 28995 33357 19591 5136 27332 28398 27929 30159 20258 7158 43847 77904 51427 100680 21460 10788 18761 2640 30251 37155 28930 33192 35289 52242 21017 9417 48267 91203 62601 134196 39029 63450 32917 45144 39337 64437 27347 28398 
33012 45120 45171 81642 19319 4047 79590 184899 45191 81711 39611 64905 42881 74772 30652 38046 18032 126 51094 99399 34912 50847 44701 80211 45135 81534 33770 47484 32340 43092 36608 55890 28977 33033 47139 87501 56745 116364 36529 55713 20002 6051 46276 84954 42894 74775 32585 43821 27720 29295 45528 82692 28535 31698 35401 52302 44504 79620 45900 83757 39944 65967 35130 51465 20221 6681 29142 33501 25060 21252 20592 7878 35027 51183 53640 107040 22971 15033 22225 12756 19671 5067 30706 38220 38267 60918 49668 95151 52849 104658 36459 55485 67816 149577 40532 67716 48266 90873 29074 33306 
46913 86532 41318 69807 36530 55344 52760 104073 29874 35367 32563 43509 29770 35103 29638 34752 24132 18150 52620 103716 24783 20076 21398 9960 18961 2631 33981 47760 24179 18294 27036 26856 39308 63699 21611 10635 40394 66999 28602 31653 28746 32010 27515 28335 67210 147450 57229 117525 19631 4677 30778 38118 35021 50883 38946 62676 28787 32151 25267 21567 44994 80757 23388 15945 57937 119601 34013 47787 30408 37035 61873 131448 22456 13140 37909 59511 32895 44448 40893 68445 28366 30879 34167 48312 18887 2463 31880 41457 33595 46614 27170 27330 35644 52695 36418 55020 27819 29232 18594 1545 
38060 59673 34401 48660 36370 54555 39121 62865 23283 15315 44078 77733 35347 51534 20359 6543 53257 105282 48519 91029 37579 58239 39972 65388 29934 35292 20052 5613 19937 5292 46723 85641 36903 56199 25480 21957 29740 34722 35403 51657 23374 15606 42996 74490 30300 36354 33811 46905 21124 8835 30738 37707 33285 45357 56591 115299 34457 48873 41185 69057 35519 52065 64412 138735 37375 57645 44947 80370 45634 82422 62017 131589 50319 96441 25574 22206 46968 86397 45475 81936 62154 131982 45949 83373 50359 96588 26559 25161 40333 66501 65445 141825 27486 27948 18858 2037 54846 110064 32013 41532 
33116 44514 18631 1059 20425 6432 20742 7392 62703 133311 25853 22749 46801 85686 52878 103872 25874 22821 36677 55194 27066 26397 18406 390 42880 73821 44093 77469 19687 4224 26332 24204 37959 59070 20773 7485 37808 58632 19463 3600 32844 43704 18750 1434 30315 36147 35102 50478 35298 51060 49041 92343 39051 62310 36690 55227 18855 1713 21087 8424 22186 11778 47664 88176 23031 14310 54768 109494 21459 9558 52833 103701 62453 132576 23919 16932 20577 6912 43589 75951 42444 72498 40007 65214 28700 31317 36798 55620 41502 69771 41169 68709 21044 8322 34002 47208 79330 183180 28375 30270 
25604 21675 19649 3822 36695 54969 57642 117870 39933 64698 23874 16488 50524 96510 32732 43050 58695 121011 22577 12597 22709 13026 18683 879 23363 14973 47069 86136 20173 5403 35611 51699 22282 11727 37894 58575 47730 88101 18849 1401 62467 132258 48158 89391 37357 56943 23012 13875 38513 60486 45880 82521 49296 92799 67577 147657 35028 50004 22735 13098 46384 84051 47954 88791 28244 29613 60007 124938 30511 36417 59038 122007 42432 72204 37592 57657 26865 25485 21009 7875 51160 98391 49095 92205 36252 53655 38011 58926 21310 8814 33875 46452 34927 49692 21044 8016 43441 75249 26923 25626 
36813 55050 52242 101316 52485 102057 25897 22227 22270 11385 19452 2910 41566 69291 27232 26280 21237 8301 33044 43734 41386 68775 28424 29865 20776 6900 31551 39228 26755 24831 27182 26109 49732 93786 39247 62322 28747 30843 41018 67635 55727 111789 29826 34059 55363 110733 36160 53079 31913 40314 23737 15786 61546 129219 19884 4236 49233 92310 62638 132552 39528 63183 30071 34776 24131 16968 37940 58431 39064 61785 58118 119019 45613 81483 48280 89406 19702 3681 22156 11067 24821 19026 50000 94602 64938 139461 49131 91977 49825 94104 27791 27945 40984 67536 21595 9405 42438 71931 48138 88980 
54791 108666 27188 25848 35380 50469 31886 39948 43472 74688 20388 5430 29840 33840 43313 74214 25187 19833 21686 9333 34903 49029 37222 55947 36739 54474 27953 28152 32398 41451 48894 90981 25494 20754 20842 6801 39901 64050 35115 49638 60352 125349 48033 88410 45202 79917 49446 92664 28817 30714 30548 35910 43447 74640 42606 72126 26302 23190 45507 80820 37549 56949 55509 110826 30837 36828 46980 85251 43380 74439 45131 79722 27278 26127 20997 7257 25719 21405 23396 14490 38646 60267 23623 15162 82415 191562 67758 147564 49763 93618 35149 49731 30700 36366 33054 43473 20669 6264 24350 17313 
50360 95079 41016 67065 43505 74532 34639 47919 29451 32343 34872 48678 61365 128088 38540 59601 37610 56823 35312 49911 35516 50538 19318 1929 54703 108147 19954 3825 31242 37701 24735 18153 27945 27810 31747 39222 52080 100251 28173 28545 31870 39621 40901 66720 61942 129846 32080 40248 28089 28287 43553 74625 28984 30942 51106 97335 26214 22608 70763 156306 40055 64149 19529 2535 30731 36204 38841 60549 25812 21384 40472 65442 61515 128547 37451 56373 63954 135900 40893 66681 51581 98724 31121 37326 50948 96816 71108 157332 39825 63492 30942 36888 33412 44235 25702 21081 27406 26211 43676 74994 
55894 111354 33125 43086 28688 29748 37438 55995 34926 48471 24481 17142 35579 50418 57726 116832 43887 75342 40134 64092 29423 31989 35272 49500 28231 28392 24181 16236 45435 80007 51464 98094 35124 49083 40347 64749 20905 6396 45292 79569 48584 89436 24472 17088 43769 74997 41068 66912 31040 36813 46792 84087 49394 91917 58126 118080 40226 64371 29942 33525 26832 24168 33220 43350 64970 138663 35382 49902 38662 59667 42585 71412 43292 73569 42474 71103 40686 65739 33171 43206 78379 178848 33575 44424 38134 58095 34959 48570 28900 30399 35494 50190 19909 3393 36504 53196 27484 26091 46590 83472 
29992 33396 39994 63345 24161 15909 19949 3210 19047 498 30798 35823 35802 50799 22453 10734 23830 14889 49501 91923 38988 60402 38827 59889 20399 4596 32294 40284 40889 66057 45381 79527 35539 50010 42398 70605 37324 55326 46839 83916 22213 9996 28821 29847 40330 64380 56492 112875 25633 20292 29431 31668 26599 23190 20049 3513 28233 28083 36123 51753 48330 88392 26619 23268 23012 12426 81930 189237 73054 162588 44561 77109 45437 79722 56266 112209 37659 56376 64635 137367 30230 34107 30409 34629 40962 66297 22166 9864 43272 73218 38935 60213 29293 31245 24407 16641 27833 26901 44699 77478 
44404 76296 35332 49104 41220 66780 77396 175308 35619 49914 53128 102474 33316 43059 60078 123378 32007 39123 19910 2784 82872 191799 24536 16701 37543 55731 49326 91104 45830 80607 55926 110907 46343 82095 59506 121656 26553 22740 28538 28722 25839 20637 53919 104904 37192 54648 69603 151938 32390 40227 46393 82296 34909 47865 23694 14148 20283 3888 31102 36369 37213 54759 52331 100095 74711 167280 33149 42513 36250 51870 70663 155079 26338 22140 45478 79551 39955 62940 34496 46581 32940 41919 21247 6831 53001 102087 59110 120450 56200 111693 43278 72933 26477 22506 19380 1233 79917 182889 40317 64044 
23983 14697 65868 140442 54796 107235 37919 56547 29255 30540 36852 53322 36877 53424 19326 723 38748 59046 31128 36186 28578 28554 29816 32238 31091 36063 49687 91887 42162 69285 35361 48855 24586 16515 22769 11082 30807 35166 34060 44973 19323 741 28703 28899 64966 137727 41533 67428 46159 81303 37499 55326 30562 34470 48475 88233 44291 75648 21665 7740 36825 53256 25050 17895 61911 128625 43704 73929 48793 89169 45004 77811 45434 79113 27075 24036 19579 1503 40737 65004 37652 55794 21976 8721 42388 69939 32648 40728 20386 3951 71564 157518 39551 61443 33623 43668 31782 38148 50192 93339 
28570 28167 47244 84243 20591 4230 50431 93813 27112 23847 32904 41214 19472 873 22533 10044 50075 92706 20151 2919 19766 1716 29469 30870 39528 61056 21831 8010 45541 79131 37773 55830 46461 81846 31519 37059 24977 17415 31034 35568 28600 28299 67258 144294 29623 31335 33754 43734 43411 72744 21499 6996 50136 92889 28153 26925 38882 59136 20674 4458 21866 8064 46008 80508 44120 74871 19829 1953 36017 50514 64625 136365 45873 80130 19901 2169 19510 969 35509 49008 51833 98037 34809 46899 49206 90117 40913 65229 38322 57441 27516 25020 23292 12348 47576 85239 57738 115704 48695 88605 
40629 64068 50785 94554 38147 56631 25375 18270 27815 25590 21182 5700 36999 53214 23846 13731 65919 139968 36958 53019 19645 1110 27775 25551 28864 28767 28154 26655 21184 5727 23154 11643 52724 100353 58703 118311 26117 20523 24299 15087 63182 131784 22283 8997 41981 68142 49337 90204 32092 38466 48863 88779 34372 45336 39796 61572 26869 22797 22797 10572 24772 16461 41319 66168 42758 70485 19509 720 49636 91110 42941 70989 42761 70458 34992 47196 42488 69684 26468 21576 25851 19746 35767 49458 45550 78822 45447 78540 34845 46737 30175 32706 52487 99672 23212 11829 43582 72936 22991 11148 
45992 79866 21983 7815 48795 88266 54700 105981 52296 98772 59349 119976 30454 33282 33495 42351 23363 11943 37347 53895 75388 168054 43534 72486 23539 12492 45741 79116 26251 20619 57222 113577 29906 31629 20801 4305 47200 83511 26921 22635 24657 15807 32845 40401 25537 18465 56007 109893 34145 44310 37724 55071 23604 12684 28947 28761 24253 14652 54018 103953 26541 21489 32027 37983 34912 46608 37560 54588 25962 19749 29094 29166 55345 107955 60592 123705 58774 118185 58335 116931 32369 39009 47188 83421 42064 68091 33884 43533 22657 9846 42472 69318 36340 50958 41677 66951 35845 49452 20947 4770 
36183 50124 38100 55881 31793 36951 27875 25173 24238 14289 76329 170616 20548 3207 25375 17751 31474 35997 26751 21819 34799 46014 49837 91122 44364 74700 22533 9171 31052 34719 49558 90282 22409 8820 33672 42588 52285 98439 32677 39651 51638 96543 22126 8013 56306 110529 29100 28866 23518 12165 33676 42621 34882 46239 29830 31089 58809 118011 25623 18459 38805 58032 50847 94143 48668 87621 60435 122895 58879 118239 26600 21384 53566 102324 27439 23901 38014 55617 42447 68949 41544 66231 35797 48981 34359 44643 65634 138486 32647 39486 31922 37350 57748 114852 34060 43761 35660 48573 24637 15519 
84400 194502 35168 46824 36459 50676 58976 118257 35109 46599 36114 49650 27828 24777 36300 50220 39557 59964 24922 16056 29841 30795 39006 58383 51897 96966 37678 54336 20877 3888 38235 56034 45137 76710 46878 81942 51169 94809 65002 136314 34171 43797 30621 33153 48351 86355 51148 94764 33786 42630 30828 33813 54129 103704 41831 66759 55552 107958 49065 88452 49051 88461 44496 74769 49213 88929 36171 49797 58099 115569 50462 92652 54721 105471 39538 59925 28708 27426 21013 4278 44220 73998 56123 109677 23022 10329 31664 36273 39618 60183 33184 40836 74817 165813 35276 47094 61386 125469 41561 65985 
52268 97797 32283 37833 52092 97287 24674 15030 54764 105285 27181 22545 30744 33234 29854 30555 47252 82737 43753 72279 24035 13080 36518 50574 23308 10908 39060 58161 38164 55485 54298 103878 59335 118989 24856 15561 33968 42897 53731 102258 37289 52851 25365 17079 22475 8415 20211 1590 21387 5106 74311 163950 53483 101421 28326 25968 40857 63597 40144 61413 27931 24801 31512 35499 25605 17808 22422 8274 46796 81399 52933 99801 38364 56073 55430 107301 64003 133038 22864 9564 34332 43968 37421 53289 38316 55923 35403 47181 57396 113199 42530 68601 27228 22677 47548 83637 25133 16389 30946 33849 
26163 19182 26590 20451 35948 48600 46139 79134 40512 62217 39364 58800 57992 114687 35530 47271 26073 18891 68114 145053 34298 43578 47193 82269 56452 110076 49208 88371 49113 88014 49675 89709 28799 27087 30364 31776 38994 57663 20011 681 23941 12552 20809 3075 34212 43299 22060 6834 27129 22086 21421 4917 20355 1713 20232 1344 27965 24594 33451 41028 28791 27039 31023 33768 68602 146532 44746 75000 31320 34662 24357 13764 58435 115995 34997 45726 28676 26673 27132 22041 20482 2100 37301 52578 27351 22746 20753 2940 20475 2118 40238 61395 30178 31191 25926 18462 35969 48597 23637 11613 
23870 11973 20578 2088 29135 27771 25340 16449 60768 122706 40939 63207 40154 60861 72410 157650 20829 2853 31327 34365 47067 81549 38182 54984 70118 150762 25350 16461 66456 139776 32702 38499 30176 30900 63674 131442 53684 101460 20198 939 23362 10485 25811 17781 45963 78297 43310 70314 47252 82212 32275 37233 24626 14253 21244 4086 57622 113304 53834 101892 65028 135474 33498 40905 41331 64347 45302 76335 40448 61746 36258 49176 45104 75702 22708 8514 26684 20424 31624 35244 65719 137583 59579 119175 34200 42990 32125 36741 48415 85620 27841 23868 33887 42036 36553 50061 24157 12852 24162 12831 
22863 8670 30762 32379 25714 17214 55142 105516 37392 52260 33452 40440 50128 90483 32593 37881 32410 37305 56989 111048 38567 55800 77311 172014 28565 25803 56269 108900 35313 46032 37601 52860 50795 92493 50703 92208 58612 116019 38652 56010 30852 32655 58129 114486 43392 70269 48680 86133 26739 20292 51417 94380 37546 52692 27813 23541 39616 58956 67432 142443 33805 41526 49245 87837 22653 8040 49617 88995 28337 25077 49274 87888 21668 5094 24934 14976 34545 43725 45682 77157 25004 15123 25377 16233 51367 94182 61512 124629 35517 46617 46184 78636 31691 35202 56328 109104 22621 7908 23533 10683 
50560 91464 32693 37842 31563 34488 44090 72051 39035 56913 43338 69780 56216 108477 46286 78651 24463 13152 52516 97359 31018 32856 23358 9858 39170 57282 44599 73590 27610 22584 41854 65352 27937 23595 37498 52266 46135 78225 31003 32799 41181 63309 48700 85899 20542 1383 40814 62253 67881 143469 21246 3495 42066 65991 47678 82836 66699 139869 67490 142314 37493 52272 30915 32538 48250 84549 30308 30750 38446 55140 27728 22977 45318 75702 37579 52536 33218 39402 27727 22971 35440 46113 21740 5004 47447 82122 70873 152418 50029 89907 27479 22203 37443 52122 52196 96363 51040 92931 28692 25878 
51055 92628 46573 79221 28634 25395 50881 92115 78273 174366 63599 130296 51597 94335 25295 15387 49970 89409 48580 85233 23469 9855 25295 15369 45402 75699 61470 123891 51723 94680 53914 101259 49427 87762 43014 68559 26576 19218 49663 88446 29376 27603 36186 48075 45030 74610 46091 77784 34410 42768 30038 29568 66969 140400 39467 57891 22285 6312 54213 102114 33934 41295 45311 75426 33429 39789 33981 41445 60871 122139 45397 75702 27300 21375 71171 153087 33968 41379 22076 5712 23828 10965 60104 119823 24558 13140 50965 92412 25302 15435 69416 147747 45799 76887 53965 101379 38327 54429 39374 57624 
22533 6735 43884 70818 21102 2478 49189 86796 44290 72072 51079 92409 44544 72867 48396 84372 29528 27795 63526 129771 57589 111951 30098 29469 38461 54630 28185 23754 63817 130626 29149 26613 51087 92490 65103 134481 43518 69780 71353 153261 69127 146619 60521 120726 49933 89028 58140 113631 55011 104205 22590 6954 47962 83079 52637 97113 22476 6594 41326 63162 24821 13629 42123 65571 25407 15366 63562 129915 50457 90591 64863 133845 25019 14220 29058 26346 53872 100827 77994 173202 21455 3537 44916 73938 47979 83163 36505 48726 39661 58209 22560 6819 34657 43155 28085 23484 43489 69648 43717 70389 
28596 24672 49510 87414 76526 168489 22236 5610 59770 118227 38276 53721 46580 78612 40864 61467 21262 2661 29368 26988 26413 18102 27448 21246 41685 63927 63147 128379 61894 124593 29062 26124 59236 116619 31778 34218 45641 75807 39673 57936 46981 79827 29850 28416 22324 5865 40451 60300 24701 12966 31779 34203 34560 42591 42045 65037 37849 52455 63607 129684 44749 73158 55522 105474 38275 53718 26286 17748 42768 67194 71962 154821 26913 19605 49018 85944 50894 91581 42831 67350 53544 99543 35261 44694 41509 63408 62867 127485 31989 34851 42737 67110 41687 63951 96955 229821 34401 42075 43922 70650 
55557 105279 40674 60594 35594 45372 44178 71124 41613 63438 37567 51303 21175 2073 61769 123951 50205 89214 40876 61227 25623 15459 33733 39807 38567 54321 42644 66522 22255 5331 47173 80121 25579 15357 32146 35004 25743 15840 27793 21981 38579 54384 54138 101025 21525 3138 27526 21168 27160 20037 44956 73458 27529 21168 25082 13839 29655 27564 47183 80130 33321 38538 25589 15360 52288 95484 49257 86328 37657 51546 34259 41385 36216 47250 47516 81102 38492 54096 53672 99651 39927 58371 46496 78069 47419 80859 24048 10710 33232 38307 41570 63282 47661 81576 43187 68133 20804 984 30749 30837 
63477 128766 43876 69957 39921 58026 60155 118809 38079 52530 63150 127788 60261 119109 25399 14481 37114 49641 40660 60297 29344 26289 68384 143460 33252 38049 60017 118371 37027 49398 24879 12903 28356 23334 24712 12435 34814 42699 62702 126426 21395 2478 46116 76620 47495 80775 30122 28665 23386 8412 47119 79659 30101 28614 58453 113676 23990 10263 57581 111069 31432 32589 41752 63582 65911 136050 31029 31353 38510 53811 22775 6600 36512 47865 37478 50706 22342 5307 53883 99957 29633 27174 21725 3477 43468 68703 23695 9369 51741 93534 45047 73425 75462 164697 21840 3822 68207 142920 21369 2355 
43105 67350 71540 152646 43047 67161 35044 43125 52203 94611 38120 52317 30591 29754 35409 44199 45924 75807 58002 112014 59347 116061 49527 86553 38659 53949 63530 128562 39476 56394 29842 27516 46928 78804 57623 110913 33254 37755 23335 7953 56361 107145 30758 30258 33665 38970 39427 56283 52115 94356 34154 40416 56576 107730 51536 92628 44978 72933 21919 3741 46742 78243 65267 133839 43326 67995 37832 51462 66210 136677 25352 14046 90457 209355 41323 61977 27593 20754 22110 4275 38601 53757 37587 50769 21289 1851 30414 29250 34861 42528 24235 10698 42345 65037 35095 43323 25292 13869 39131 55395 
43748 68925 35760 44952 24855 12240 21081 882 40401 58941 53314 97626 47076 78948 38241 52389 21506 2199 58365 112779 61922 123441 62048 123852 36613 47514 29865 27303 50012 87699 26165 16170 42579 65418 68109 142056 31391 31902 40542 59373 42922 66483 35852 45276 41797 63084 39607 56460 51658 92685 51717 92895 37945 51546 24536 11301 39369 55788 48363 82761 60873 120336 59865 117297 24194 10257 49120 85080 26727 17856 25940 15504 67738 140931 27052 18855 30729 29832 25953 15579 37454 50028 57945 111534 22187 4236 62915 126456 38446 53046 57422 109965 46575 77469 42488 65148 86902 198453 54700 101799 
28338 22380 30283 28248 32883 36006 74586 161175 33116 36750 26582 17109 27764 20649 21491 1821 40914 60132 86571 197130 22778 5691 26265 16134 26313 16350 65243 133167 77507 169938 40120 57744 43220 67035 25079 12591 45869 75042 44971 72297 79308 175308 28568 23106 27429 19641 75184 162972 48611 83259 42029 63531 37257 49182 87005 198435 38290 52233 43808 68814 31202 30987 41208 61035 54699 101532 52520 94923 37499 49950 50559 89079 52659 95424 56084 105654 38896 54096 33041 36471 29436 25701 73520 158004 77399 169623 36104 45693 44806 71829 50119 87795 26473 16794 38126 51816 28275 22233 44210 69984 
21897 2748 48344 82134 39455 55431 38008 51117 68043 141312 39559 55806 45227 72756 32118 33438 31366 31152 59156 114588 40323 58017 35307 43023 36911 47781 43583 67830 28300 21999 55822 104559 47064 78285 33509 37599 26721 17292 62793 125505 44503 70581 38086 51315 43168 66612 31993 33081 25861 14673 32988 36084 45719 74238 30475 28488 36109 45447 25997 15057 44955 71949 41301 60996 40315 58056 51368 91176 37691 50157 25471 13494 21192 624 51287 90942 21265 858 27459 19479 56155 105585 71576 151872 31782 32439 36622 46956 63792 128496 61718 122238 33843 38610 30110 27396 32441 34404 53417 97344 
41842 62328 50247 87522 68127 141183 42752 65073 76050 164949 35527 43362 50144 87213 29836 26292 26256 15531 44428 70101 40023 56868 36835 47325 57521 109320 34600 40581 62105 123108 30714 28914 39277 54612 24918 11544 51528 91377 27692 19848 50994 89757 36935 47586 68435 142116 52182 93312 59204 114450 39862 56370 30143 27237 30076 27036 80324 177807 72085 153090 33842 38325 47673 79839 24970 11676 46146 75231 40785 59139 50112 87165 51003 89829 30571 28488 56365 105894 57930 110637 25792 14178 27670 19830 58204 111393 26222 15447 33645 37773 52526 94350 37167 48294 38438 52131 46329 75735 43105 66108 
45260 72264 38682 52557 47734 79710 33204 36075 37166 47970 45150 71898 78355 171528 53501 97011 70674 148524 21288 330 24265 9258 51964 92376 35646 43437 28729 22659 27620 19299 51678 91518 49794 85893 22237 3165 53109 95853 40163 57018 25021 11580 24983 11451 29556 25170 44402 69699 26580 16224 101427 240792 54657 100488 44958 71382 39616 55368 27920 20232 61557 121170 56121 104844 28871 23070 33934 38250 97464 228909 27713 19623 40070 56664 42991 65508 35114 41826 42851 65073 62541 124161 48214 81132 48110 80796 31692 31560 40984 59445 24871 11139 32711 34662 28874 23076 61871 122085 52409 93744 
39146 53604 25889 13851 34664 40155 37555 48885 39392 54330 29603 24993 59286 114096 42098 62478 24657 10164 71479 150672 28449 21522 45262 71985 65458 132612 34966 41088 33233 35925 25745 13473 27819 19674 47778 79554 43100 65475 28132 20571 64801 130641 56228 104868 52999 95208 41437 60483 60527 117774 70004 146223 36584 45945 32115 32499 24445 9516 25222 11829 23750 7413 32006 32190 86875 196842 59584 114990 22299 3042 26934 16983 52152 92622 72725 154395 42013 62250 24629 10053 28004 20169 21662 1143 30180 26739 44628 70077 22467 3573 63578 126909 48605 82035 48663 82191 26200 14739 35478 42624 
33104 35256 68155 140376 40494 57330 38169 50418 24091 8166 43065 65049 27832 19353 69499 144432 22380 2988 25855 13458 23587 6615 43738 67098 32202 32517 67700 138999 39876 55503 80790 178281 82099 182232 32908 34614 57378 108018 33927 37662 66927 136671 43819 67347 39949 55791 28509 21411 22338 2943 27599 18714 48950 82734 25050 11043 52463 93327 74791 160254 32253 32652 46352 74964 37836 49365 24949 10740 59468 114342 68857 142479 39128 53295 53906 97647 44427 69153 52061 92082 35236 41598 64880 130560 88247 200634 32671 33906 57489 108360 68352 141030 43229 65589 30744 28095 40355 56958 57636 108807 
31661 30555 30405 26790 23016 4638 21934 1404 50095 85884 39176 53103 38659 51552 23179 5154 27238 17298 82531 183228 29317 23517 44277 68433 22832 4050 24302 8469 26433 14874 46167 74112 30788 27945 31184 29136 45995 73593 52134 92004 47531 78186 23185 5130 25987 13527 26049 13719 35313 41493 39108 52896 35419 41838 36762 45870 40731 57765 26785 15927 48065 79779 41872 61170 36027 43656 23652 6531 41011 58626 48018 79701 34054 37719 48569 81333 27495 18078 25837 13113 56143 104055 63764 126894 56276 104448 43441 65880 48552 81285 22884 4227 59142 113037 43306 65511 62616 123441 44676 69627 
56766 105597 34034 37392 58655 111300 25065 10467 43402 65487 59241 113034 41043 58419 44757 69591 38409 50499 46835 75825 28843 21813 50748 87519 67363 137388 70125 145704 37675 48327 57806 108738 34683 39369 42275 62106 40533 56910 42766 63579 23458 5667 47054 76425 52051 91491 44673 69321 32538 32889 35577 42033 61858 120867 28307 20259 33392 35415 54143 97695 32411 32517 83819 186741 28450 20631 43744 66489 43260 65079 40740 57495 24352 8328 32411 32523 34306 38184 30040 25422 34022 37404 46790 75726 41928 61059 36158 43776 33374 35388 23986 7239 37222 46965 56235 104103 23236 4953 26053 13416 
23522 5547 23821 6456 42770 63339 31508 29490 59470 113409 35211 40587 23151 4434 29031 22068 35758 42267 26339 13980 38655 50940 31429 29244 34835 39459 55003 100011 33212 34692 68195 139584 43603 65817 27263 16836 31142 28410 67034 136131 65879 132609 44252 67782 28173 19530 37069 46206 58345 110079 51751 90270 65848 132582 90147 205470 55996 102987 66112 133356 51864 90555 25543 11568 59962 114885 83081 184296 45833 72492 30287 25836 50679 87027 59263 112797 77049 166140 33213 34632 62362 122121 45239 70698 51425 89274 36929 45759 26466 14406 49689 84093 39293 52863 35255 40746 22761 3249 33244 34722 
41345 58725 66098 133023 40596 56433 33394 34866 52950 93513 55308 100641 35586 41442 42625 62532 33748 35910 46739 74883 30122 25038 43434 64974 44361 67785 27333 16698 27174 16215 50951 87564 50565 86388 36012 42708 86945 195528 32688 32757 44446 68028 79276 172557 69818 144153 22767 2949 43389 64878 86561 194391 45699 71805 38165 49158 57379 106872 30918 27453 35374 40842 27605 17508 31956 30576 47065 75885 38015 48756 50870 87267 28834 21204 33747 35889 24943 9492 37863 48270 41943 60513 63438 125031 52022 90783 41448 59055 24672 8715 41804 60102 60427 115962 59882 114366 62499 122214 51167 88164 
31965 30288 31621 29244 49681 83436 55094 99684 27842 17907 64295 127266 47502 76926 54304 97314 46293 73254 58273 109248 34717 38514 39311 52341 53387 94581 38039 48510 58544 110106 26500 13875 31673 29391 47311 76344 69340 142467 53298 94305 43566 65106 63663 125397 42856 62997 40195 54987 66617 134280 46641 74325 42454 61773 27862 17967 38217 49107 50921 87183 41593 59190 24761 8649 28046 18513 35308 40317 63594 125199 32754 32643 44794 68766 64899 129096 46654 74382 48859 80949 50259 85197 34618 38235 26085 12600 27333 16356 28262 19188 51676 89403 48719 80568 41727 59589 56418 103635 52970 93309 
26148 12498 25211 9717 63694 125175 23280 3906 28283 18942 67305 136005 28008 18135 48053 78231 27473 16485 32642 32025 39377 52221 31443 28431 24641 8013 53148 93552 80847 176694 28668 20070 22722 2229 80542 175719 57961 107976 38775 50415 66600 133902 43425 64374 61959 119979 33410 34314 54721 98274 30482 25527 27112 15402 35433 40380 74156 156588 71705 149241 46443 73494 40061 54276 29138 21558 29870 23700 36117 42426 27956 17913 25459 10431 35140 39483 67390 136263 53765 95370 53404 94284 53077 93351 51458 88473 56510 103596 32162 30576 30366 25200 26334 13101 56670 104109 60962 116958 63201 123696 
64958 128694 59891 113481 27306 15693 26496 13263 44585 67557 58946 110622 77336 165810 58525 109359 72902 152526 32975 32715 44146 66237 63328 123828 34327 36801 59114 111180 48178 78372 41462 58212 58764 110073 45863 71397 39999 53781 57113 105159 78186 168405 27719 16929 25515 10338 44279 66636 54679 97830 28700 19866 27959 17652 30907 26484 72564 151491 71186 147342 52191 90393 30836 26271 42579 61509 45333 69783 36966 44673 39828 53295 91009 206862 32714 31971 57725 106947 47572 76491 28261 18558 37758 47064 31602 28590 33359 33849 52719 91992 45698 70911 53455 94221 43730 64965 82339 180798 49765 83124 
48763 79818 36457 42834 45208 69117 50549 85140 46315 72447 28193 18108 45394 69666 23474 3903 22871 2067 62183 120051 35066 38670 40624 55371 50942 86325 46445 72873 34701 37593 30502 25008 55085 98784 61958 119376 23986 5442 54494 96990 36213 42129 30411 24699 49514 82041 34252 36285 41468 57906 38062 47742 29659 22443 38177 48051 67237 135213 37599 46290 46285 72354 39621 52365 35904 41178 64581 127242 80730 175698 71036 146607 43426 63741 64462 126894 87030 194643 37834 47001 29011 20514 24179 6021 43916 65259 51598 88314 53111 92859 45736 70710 33470 33894 40823 55962 29457 21873 44880 68133 
54974 98124 49814 82641 42950 62013 45415 69420 30134 23622 26209 11820 58609 109062 39112 50517 53630 94071 48707 79323 33026 32235 49342 81255 40872 55800 29390 21324 56768 103533 46490 72714 75186 158769 30050 23343 50147 83604 56422 102450 59610 111996 57937 107094 44782 67557 23345 3219 78323 168186 26330 12189 34703 37248 76353 162231 30524 24744 32102 29481 30059 23325 35181 38709 23167 2649 38653 49134 70407 144450 31711 28314 26232 11898 39896 52881 34664 37173 46094 71475 54490 96681 38565 48906 45460 69591 28755 19527 66250 131970 23697 4284 38840 49686 47560 75882 60430 114519 22540 783 
51257 86652 37475 45282 46588 72681 49087 80127 38392 48075 50993 85851 25300 8757 35243 38613 47378 75027 45329 68889 28525 18468 30125 23259 45095 68166 27008 13917 45856 70470 55094 98175 36908 43632 49527 81483 38027 46983 43225 62559 26512 12381 42407 60123 40751 55191 42061 59076 22833 1353 68324 137871 27035 13995 60154 113391 34833 37410 27607 15696 31475 27297 43001 61932 39514 51405 44551 66570 32317 29853 30889 25560 45264 68682 23269 2643 28552 18558 34054 35025 47415 75117 26415 12165 75325 158874 44593 66672 32207 29532 55106 98244 37064 44067 39799 52326 78765 169185 40193 53508 
24865 7176 23678 3618 48963 79452 51983 88620 52375 89772 28507 18114 29400 20763 29714 21696 50728 84804 25092 7824 46221 71262 30237 23304 56669 102618 28281 17436 51741 87834 33005 31590 60713 114756 39141 49989 49122 79959 31782 27966 46260 71346 23229 2226 61831 118149 45519 69159 58985 109548 59162 110094 38374 47742 27012 13593 39528 51168 37205 44244 42806 61017 33665 33561 38643 48528 75794 159993 34693 36672 36197 41193 23123 1932 55562 99297 24181 5127 32864 31167 56724 102762 24117 4908 39472 51009 39686 51651 38679 48612 46671 72612 47476 75072 35998 40569 55724 99771 44378 65736 
43367 62391 44851 66816 24333 5274 47795 75666 45726 69462 23093 1578 22699 327 39761 51567 22986 1233 33313 32196 55370 98403 48381 77472 39983 52233 37945 46164 31632 27180 47225 73959 27566 14955 25307 8160 53380 92469 45603 69084 51178 85815 49463 80679 64446 125637 44258 65082 54112 94608 36528 41859 92351 209361 36506 41811 42266 59109 60241 113025 37962 46188 22901 939 52856 90924 84669 186336 27430 14589 31091 25563 24974 7233 76490 161787 48531 77910 32253 29022 35461 38676 30261 23064 33166 31791 55139 97728 61755 117537 66520 131871 31424 26538 37848 45837 27631 15174 26383 11415 
27726 15135 28316 16887 39065 49197 33553 32631 34567 35721 24773 6300 26816 12438 35408 38253 35585 38793 46846 72501 32598 29775 74825 156474 57282 103839 69615 140838 43513 62559 51626 86898 24091 4254 67705 135126 45955 69840 41017 55104 79941 171858 61227 115710 50605 83862 36830 42489 77556 164640 53707 93168 38802 48369 29811 21405 51649 86958 39489 50430 45396 68163 47487 74496 31341 26052 58093 106263 24545 5628 41156 55458 74938 156816 43929 63750 44389 65160 44657 65934 51730 87207 56311 100944 67090 133290 44382 65130 42614 59841 51050 85149 46205 70635 32465 29385 44676 66057 44826 66462 
42111 58017 53798 93132 36676 41712 35623 38580 24436 4947 30974 24558 58681 107763 26331 10677 73244 151422 63654 122652 60281 112596 22866 255 54181 94287 39079 48918 32707 29793 45882 69348 41869 57279 48104 76002 61860 117297 33291 31566 72836 150210 53692 92769 48631 77577 73644 152631 49869 81297 38405 46896 45766 69015 53244 91470 52093 87954 64109 124035 56943 102528 48810 78183 37409 43881 31944 27552 80571 173394 69581 140460 40530 53292 34227 34365 54634 95610 46511 71268 38961 48564 45265 67506 50708 83787 24170 4221 74549 155373 29740 20940 52179 88236 27140 13140 50490 83169 65309 127602 
79305 169380 45057 66597 39812 50826 28443 16701 31062 24603 56179 99903 64676 125409 33857 32916 46499 70926 91058 204603 48336 76401 23836 2883 36210 40029 46513 70941 76469 160818 74637 155349 32753 29607 37321 43374 63605 122217 28795 17796 61536 116016 29766 20697 79714 170541 33689 32424 48438 76722 28483 16839 58433 106737 35603 38148 79241 169143 41615 56262 42075 57615 54507 94923 65937 129240 46794 71799 31148 24828 50099 81690 45177 66912 53809 92838 62407 118596 60017 111462 39902 51087 63951 123237 61556 116085 60419 112692 31690 26442 65083 126630 35593 38163 44744 65661 31459 25725 31668 26376 
59305 109005 44982 66000 24091 3366 32847 29607 41790 56415 83532 181680 24487 4527 45793 68472 28440 16410 37478 43545 58618 106974 25889 8751 32631 28965 67414 133335 56027 99234 83983 183060 28539 16692 35931 38883 52751 89352 45825 68559 41445 55437 55843 98583 34488 34530 29066 18327 42826 59580 64815 125517 48400 76302 43352 61131 35211 36696 46175 69615 47912 74880 41407 55338 35734 38283 43737 62256 39114 48471 51466 85518 45160 66606 26712 11217 24835 5553 48978 78018 57852 104658 83302 181053 72084 147342 31254 24828 34815 35538 80050 171222 42769 59406 69903 140784 49540 79746 57363 103182 
61391 114918 39387 48906 64142 123198 27522 13323 41344 54816 48610 76641 40970 53730 58861 107400 68641 136758 57105 102108 37672 43824 38149 45231 34901 35523 29441 19089 32125 27147 29209 18429 42630 58674 48035 74913 36924 41553 29025 17877 57625 103686 43435 61140 52405 88008 31495 25257 30191 21357 25022 5832 47924 74574 44333 63870 67059 132003 24131 3177 23665 1740 64310 123714 26100 9072 28976 17703 37587 43545 34528 34359 42033 56889 23222 420 27918 14502 43420 61116 44856 65352 42746 59010 54260 93564 36116 39132 74626 154635 44381 63945 35810 38241 47424 73065 39806 50184 26754 11025 
23213 78 34121 32820 31466 24888 67324 132435 26589 10212 68603 136329 24059 2625 56409 99747 53549 91128 39891 50181 26372 9582 33728 31701 52812 88944 28410 15693 42509 57981 46665 70497 24261 3231 94397 213693 55010 95547 54617 94335 39671 49488 56498 99984 27024 11529 51742 85710 34401 33678 58976 107463 26212 9138 46240 69201 54185 93057 49671 79506 31436 24789 41337 54468 43518 61089 34868 35088 45528 67113 72315 147447 30024 20535 25637 7356 69409 138720 52729 88671 36937 41301 68685 136602 27186 12087 46429 69771 45018 65610 40791 52866 39331 48474 37900 44190 41755 55755 25445 6801 
55510 96732 33029 29235 36952 41046 90390 201342 54302 93090 47651 73161 26256 8904 47972 74118 47702 73290 40527 51783 74481 153672 39550 48834 51691 85266 28128 14502 28014 14223 33854 31752 35782 37503 30937 23001 66313 129123 23809 1638 23683 1215 47224 71862 67263 131982 32247 26949 24404 3414 37962 44097 24440 3477 24435 3441 64128 122577 71919 146013 46878 70809 53746 91422 52680 88233 82918 178929 40195 50823 76873 160794 55521 96792 81697 175317 41012 53226 29955 20076 29802 19563 92580 207966 43387 60399 87103 191517 52681 88278 64025 122286 39476 48600 30995 23187 60376 111312 45245 65955 
54469 93300 23650 813 48621 75711 33035 28998 63069 119127 62779 118248 48995 76896 29829 19380 38457 45270 25491 6327 48906 76653 58574 105630 36143 38310 46262 68679 58277 104706 27333 11919 51175 83433 25687 6942 28172 14406 50887 82542 72524 147525 41066 53100 29182 17448 77281 161736 31156 23361 31864 25485 62558 117585 30675 21891 67900 133599 27613 12687 64186 122475 27410 12102 69775 139260 56452 99276 26487 9363 52363 86964 33229 29613 46623 69786 38389 45048 51697 84999 45135 65331 85857 187509 35814 37290 36849 40440 40300 50784 54318 92835 58212 104520 52495 87360 26277 8688 31096 23163 
73421 149892 36051 37755 81063 172761 49982 79530 48840 76191 43755 60921 68931 136431 31817 25068 103581 240408 33700 30702 45829 67071 29274 17379 33798 30951 33004 28584 44747 63843 63337 119640 25947 7377 35028 34674 34479 33003 68272 134373 59356 107631 28270 14394 28970 16485 67423 131889 28677 15588 75523 156198 65382 125766 29323 17586 43468 60048 24295 2448 42206 56184 84527 183219 25343 5604 33876 31248 32580 27315 36488 39054 45107 64902 32717 27726 61204 113223 45623 66459 81185 173148 77349 161664 44171 62094 33427 29892 36234 38256 39360 47673 32857 28209 67710 132732 29240 17349 37725 42777 
42964 58182 38369 44406 50133 79680 45600 66090 64781 123636 69611 138141 32005 25278 29183 16878 56680 99333 59180 106833 50718 81435 47075 70497 66412 128544 28688 15372 54355 92328 61239 113010 44100 61626 48149 73740 70030 139407 47946 73122 30587 21024 34074 31506 96397 218535 44147 61761 41014 52341 49544 77904 36659 39261 31804 24723 26584 9006 53477 89733 36177 37824 38499 44835 48539 74901 38629 45141 42092 55569 23857 828 51234 83010 67309 131253 56869 99906 76268 158088 113146 268812 34762 33543 24496 2769 36429 38598 46951 70116 56437 98583 50775 81663 43194 58875 30904 21978 84768 183651 
26646 8895 55803 96438 55597 95829 52042 85125 34551 32625 44822 63450 44787 63369 67046 130137 42322 55986 69604 137793 29107 16293 34969 33870 26423 8280 30028 19056 59662 108057 29622 17847 47859 72525 53131 88440 69020 136050 40481 50424 35902 36699 39132 46353 40995 51993 44537 62631 41275 52800 43487 59400 44791 63357 43414 59253 23914 681 31849 24522 26190 7554 28313 13911 31256 22788 67200 130626 24148 1407 71801 144429 76969 159918 37582 41700 43249 58776 78354 164070 43326 58989 28146 13449 76216 157659 37489 41424 48385 74112 53407 89193 39497 47499 69319 136983 42985 57936 53984 90924 
37231 40341 24836 3189 33175 28179 53646 89658 50537 80304 34827 33156 33049 27810 40934 51495 26133 7074 36649 38655 62831 117204 48664 74685 58498 104214 64651 122643 57852 102282 54304 91623 77434 161010 24705 2769 51051 81864 35785 36063 45625 65574 72895 147378 43942 60555 46871 69360 27467 11085 40285 49566 27190 10263 30520 20223 32909 27438 32211 25332 33298 28560 27009 9690 32929 27480 51994 84663 39469 47097 46775 69000 48946 75531 40803 51081 33037 27783 38783 45039 63560 119400 24549 2295 51136 82101 50798 81093 26501 8151 50904 81432 33297 28548 40606 50508 33326 28722 30733 20865 
48043 72564 40947 51159 29769 17691 27767 11691 30334 19401 32056 24597 30825 20874 36806 38817 72281 145227 31617 23253 55607 95232 29811 17817 65056 123552 43399 58608 96242 217137 41648 53319 31696 23454 42656 56361 56257 97164 41069 51627 37939 42201 40893 51090 34122 30732 39243 46119 45154 63828 64905 123123 34059 30570 44018 60426 48303 73317 66969 129279 55029 93504 47898 72096 26310 7311 37170 39873 32981 27297 69691 137457 39027 45474 33874 30021 42190 54963 35032 33453 49834 77886 118831 284958 69142 135927 25190 3972 39671 47397 49665 77388 37320 40353 44061 60540 71625 143286 31525 22923 
33807 29493 37559 40734 32248 24855 53004 87159 24733 2256 45372 64197 53588 88872 24415 1293 70894 140790 40887 50763 45608 64899 27343 10077 57210 99705 47238 69831 65717 125280 28060 12282 47173 69600 67045 129264 69949 138000 44127 60528 44837 62604 43959 59961 24056 213 45341 64107 41476 52500 41859 53643 30584 19872 52978 87099 67015 129174 25045 3183 58873 104730 65577 124860 44779 62430 48809 74565 31278 21891 51015 81165 24903 2766 57650 100995 41499 52632 38672 44106 39883 47769 74405 151377 79532 166707 45048 63246 34542 31710 83825 179583 29302 15972 27224 9738 31349 22113 61572 112827 
30323 18798 46820 68262 38030 41835 45598 64557 60479 109221 34625 31668 25406 3966 38475 43242 44227 60483 83334 177819 45066 62991 40072 47973 68904 134577 33222 27468 76281 156645 65418 124065 31654 22743 50642 79725 62643 115737 43582 58584 46916 68514 34582 31509 28846 14274 82500 175329 32998 26775 50007 77841 31330 21780 62657 115782 44062 59967 51336 81810 50251 78546 37635 40698 41920 53553 55310 93714 36739 38016 52073 84000 47072 69009 71839 143316 40604 49623 41774 53094 47982 71730 63346 117876 36903 38472 38890 44454 32143 24213 24894 2448 31905 23526 35860 35337 42325 54777 33477 28194 
39976 47427 44448 60810 27427 9771 28954 14328 59141 104934 46083 65787 42376 54591 31979 23439 37906 41193 32684 25536 30312 18420 56492 96996 54042 89589 39159 44970 27138 8880 40086 47748 85758 184800 34905 32226 42450 54834 69028 134604 29025 14529 49806 76902 64539 121092 39231 45165 27618 10335 53606 88299 58785 103830 27862 11061 61210 111111 67221 129183 27846 11058 77585 160257 64182 120039 48274 72270 57727 100671 29361 15522 51569 82245 99713 226641 62262 114306 60698 109605 47299 69414 70116 137877 39187 45078 52560 85209 43260 57228 51591 82254 61998 113493 77667 160527 48947 74349 56623 97398 
41688 52275 78120 161586 86575 186915 33221 26838 47479 69591 73441 147516 55107 92529 30748 19428 55586 93960 42186 53775 44232 59886 30725 19305 63050 116367 36909 37893 77892 160911 44613 61020 68647 133179 26291 6048 75921 155007 32799 25563 29442 15546 33282 27048 45472 63609 73598 148047 64557 120852 54681 91254 74014 149232 76912 157926 33637 28122 38058 41376 58862 103794 35247 32925 38606 43026 30211 17769 67521 129753 33057 26346 26276 6003 73654 148200 26020 5199 31314 21189 43727 58407 65683 124278 98935 224022 39606 46029 29859 16758 39084 44463 47426 69477 60457 108570 65838 124698 35922 34965 
83583 177648 41148 50319 58088 101121 65649 123831 43716 58056 47785 70257 54360 89982 53383 87015 49600 75699 40455 48258 66368 125988 45407 63114 43375 57027 42865 55494 94185 209448 73235 146589 35680 33951 53069 86127 38317 41871 65771 124260 24764 1146 49635 75822 74612 150756 74483 150348 46981 67845 93829 208425 30598 18666 28469 12261 57838 100461 61814 112344 44507 60414 40490 48426 40479 48321 65469 123297 43955 58749 33321 26844 69328 134895 27833 10392 39205 44496 48841 73434 32876 25494 97546 219567 40927 49701 57434 99204 35387 33027 60276 107736 29813 16311 30907 19596 67862 130488 45365 62979 
68459 131967 54745 90816 88334 191595 97657 219591 28671 12597 41459 50961 58762 102876 28462 11940 64870 121221 37333 38547 69374 134784 52706 84747 29361 14628 59833 106116 51024 79656 43902 58323 52431 83910 25503 3048 42077 52806 61613 111456 54478 90054 53687 87663 34632 30477 28620 12417 35283 32457 42469 53997 74702 150696 24989 1512 39865 46167 54541 90240 45512 63111 41755 51849 49687 75690 63799 117960 45566 63291 49597 75384 80523 168252 32864 25158 36804 37002 34119 28938 49331 74595 48888 73293 53179 86136 25487 3024 33497 27081 78287 161490 50273 77418 68371 131751 27229 8289 33560 27282 
43667 57309 40087 46542 70878 138972 79108 163632 63336 116328 40085 46548 44316 59193 25168 1761 31046 19404 45820 63762 77932 160125 71811 141807 35804 33732 28396 11451 31159 19767 24921 1029 71810 141723 59090 103569 48824 72738 27330 8256 28884 12936 67340 128304 58529 101904 36145 34728 80711 168450 45315 62247 51793 81690 51191 79899 58145 100716 33139 25701 29756 15570 45443 62646 58722 102468 45757 63582 43807 57723 26996 7269 78858 162903 28339 11310 50608 78135 32341 23298 53143 85755 50025 76377 76174 154860 43715 57429 70227 136953 47222 67968 60790 108681 54241 89022 43204 55887 52649 84258 
47119 67359 54378 89208 33684 27072 27929 9762 26108 4308 37619 38856 42381 53145 63521 116574 55373 92103 50037 76113 28461 11355 54531 89622 48167 70530 57308 97935 49809 75426 60251 106734 71588 140772 55526 92607 59747 105198 62240 112728 24781 297 124597 299847 40227 46653 28097 10284 48403 71202 81706 171126 26844 6522 49735 75189 27844 9498 48157 70461 46720 66177 26579 5703 47637 68964 42482 53439 64216 118629 68498 131505 26304 4869 61258 109767 41439 50337 59038 103107 84552 179712 47547 68643 36720 36189 37433 38310 85724 183201 70273 136884 46176 64572 34091 28284 27395 8130 28730 12165 
49105 72999 31246 19395 89195 193332 85024 180774 31949 21531 42789 54048 29698 14802 36188 34227 44337 58659 78668 161742 39214 43371 25377 1770 35159 31230 47379 67830 58983 102666 110770 258090 27541 8304 40789 48084 33238 25389 59502 104217 52622 83541 38456 41094 58019 99795 41587 50454 32911 24450 67303 127599 49173 73182 29786 14994 68688 131802 62318 112662 79148 163155 37052 36882 28905 12387 30487 17145 52178 82197 41775 50997 49312 73647 66244 124443 64516 119274 47125 67095 51527 80256 62696 113772 46279 64494 34244 28425 66889 126315 28020 9762 42676 53712 37271 37515 41009 48735 44886 60396 
56073 93582 56033 93498 57294 97329 44159 57924 91418 199692 54944 90261 31797 20775 44348 58416 42666 53364 34752 29682 51039 78534 44492 58851 39475 43863 39570 44130 68596 131199 69240 133119 31795 20769 91471 199884 83575 176154 43620 56280 33630 26265 73015 144456 48570 71130 27776 8700 49848 74964 50648 77346 42200 51975 43667 56385 27743 8592 41889 51057 30556 17070 37470 37785 46845 65925 44382 58527 38006 39420 45869 62988 30407 16587 30780 17766 41970 51303 67284 127236 55182 90927 28353 10434 51028 78477 63368 115476 24926 105 50651 77328 71172 138891 41706 50517 27853 8949 38929 42234 
44348 58125 96371 214266 31549 19710 38550 40740 83967 177012 30409 16281 47795 68466 51305 79041 44674 59148 48318 70074 34447 28413 42668 53085 67458 127512 26630 4956 46373 64203 38296 39951 65621 121965 45712 62226 31022 18114 38284 39936 45799 62508 107571 247860 29598 13905 58450 100470 51138 78525 48313 70050 61793 110436 39234 42768 50639 77055 27453 7422 58543 100722 98761 221364 31474 19506 32464 22521 67910 128859 54354 88164 53520 85635 28378 10224 66505 124623 58111 99471 32312 22047 29703 14211 36184 33645 26689 5130 31815 20529 51625 79965 62699 113214 36126 33477 30116 15429 27448 7464 
26742 4989 35690 31878 42452 52140 27397 6972 44454 58143 41250 48516 69647 133770 61526 109380 42509 52299 51182 78354 34395 27960 34703 28908 49557 73470 52984 83745 52288 81675 86210 183423 40940 47637 79987 164769 32974 23724 35432 31089 72053 140979 47422 67086 47246 66519 41377 48879 53635 85707 43325 54759 44424 58065 32418 22020 33171 24297 46020 62862 44447 58125 40788 47154 43830 56244 60922 107568 48313 69765 82889 173448 45978 62718 26140 3195 41243 48504 40020 44871 39504 43296 69913 134559 74664 148791 52026 80859 34283 27612 53099 84117 29837 14274 29079 12018 49625 73695 70112 135147 
47679 67509 39474 42894 31173 18012 52219 81129 71133 137934 33452 24840 46999 65490 46097 62838 56051 92646 64211 117126 41811 50007 28269 9309 27049 5610 53465 84897 47150 65979 51602 79314 33206 24129 34750 28731 26447 3804 52085 80772 35389 30675 45087 59760 68603 130362 92940 203355 68922 131304 25625 1329 86913 185241 59728 103641 49049 71640 38623 40371 31133 17910 46133 62907 53436 84825 47495 66957 25744 1716 63743 115803 49272 72336 57692 97593 81418 168765 53086 83775 66502 124059 73275 144306 42848 53052 62224 111192 72248 141216 59249 102249 34076 26727 26697 4557 31192 18084 79213 162237 
51239 77892 65031 119295 34749 28419 68670 130212 44109 56502 36257 32982 45465 60597 60466 105636 39897 43917 45025 59247 51376 78348 50859 76788 27054 5346 34286 27015 43761 55446 70099 134472 56854 94734 39835 43740 82367 171294 47704 67287 35034 29274 25587 918 44459 57549 62016 110265 52100 80493 39218 41883 74562 147930 31282 18048 30595 15978 73440 144546 87414 186462 55150 89667 45480 60633 31540 18813 27756 7449 52686 82260 49567 72918 34392 27414 58728 100431 38800 40566 45137 59631 31586 18915 65387 120381 48917 70935 33668 25203 59464 102612 54876 88809 47552 66846 48529 69753 38079 38412 
59721 103107 93879 205557 29499 12396 58157 98352 51960 79773 77374 156006 26136 2283 63517 114459 33138 23289 26066 2046 70295 134751 37539 36534 31274 17730 83947 175770 46916 64668 55857 91464 36209 32520 30488 15363 51367 78009 61251 107664 41100 47163 33256 23643 30719 16029 53131 83319 46461 63249 67955 127737 69067 131109 37982 37863 57173 95466 49588 72639 48533 69489 47061 65037 44203 56511 28406 9099 55208 89508 52547 81552 49174 71376 37662 36870 74242 146664 46109 62220 45765 61206 46293 62808 54251 86652 26479 3294 67809 127311 55921 91626 34159 26394 28225 8568 35396 30054 25860 1428 
26406 2781 58010 97620 32884 22254 50222 74277 50544 75222 32087 19836 73330 143556 59252 101340 36234 32268 37193 35145 39570 42282 51097 76872 37923 37362 79813 163059 113313 263556 34728 27741 46502 63042 33265 23379 39817 43035 46492 63048 70661 135600 50735 75798 48702 69753 48699 69642 57041 94743 72306 140520 80518 165219 30978 16554 64110 115920 76692 153702 63831 115095 71745 138828 62578 111327 52108 79908 64453 116952 71263 137397 68678 129660 41005 46578 72095 139914 50195 74169 35106 28893 42430 50901 49881 73254 60434 104892 32709 21699 36385 32721 48143 68019 50051 73734 35356 29679 28321 8544 
88110 187623 64051 115470 53115 82599 53530 83889 52381 80391 72026 139416 57052 94458 59871 102924 69001 130305 50050 73461 26725 3441 28817 9717 78348 158382 36259 32052 61488 107784 47301 65184 40598 45060 64486 116757 82818 171810 28013 7332 41113 46638 43187 52827 34107 25596 65750 120570 45162 58788 58424 98583 62980 112203 73758 144594 28446 8619 34743 27540 25812 675 77920 157041 30361 14364 52447 80631 43705 54390 61438 107613 40622 45156 50459 74694 46158 61767 62828 111759 58062 97485 58031 97368 45225 58920 72229 140022 54994 88266 59361 101394 50740 75567 64768 117624 55559 89997 60151 103761 
66065 121203 26973 3909 33750 24261 36982 33945 60546 104658 55659 89940 47486 65451 40008 42954 40110 43359 59776 102354 46000 60981 35658 29931 39830 42516 56903 93711 51906 78747 25755 213 35262 28788 66349 122046 30602 14781 43310 52923 62678 111015 43530 53583 52323 79968 69767 132267 31709 18099 72397 140256 65939 120801 51513 77487 27390 5169 73899 144744 25891 636 47396 65226 25752 177 56671 92985 30004 13002 27677 5985 77115 154389 132006 319056 55364 89112 31991 18957 63703 114090 54881 87633 36586 32787 30168 13476 88199 187605 34937 27804 27720 6126 58986 99984 26351 2028 26694 3057 
58600 98499 45277 58560 37158 34131 35038 27780 35784 30033 31998 18660 79232 160422 97325 214758 36023 30705 44216 55392 65611 119535 37371 34806 41274 46497 56529 92277 41153 46131 33949 24546 60334 103719 30898 15342 33960 24564 43141 52125 45151 58197 46691 62754 58408 97944 31310 16623 51354 76842 41062 45843 36211 31317 43430 52947 47141 64116 34605 26499 41468 47106 65495 119169 54073 84945 40436 43992 44989 57669 53467 83094 28837 9165 40951 45552 46907 63441 31610 17493 104850 237261 46371 61815 39798 42093 49280 70515 33100 21966 34517 26241 37177 34233 60313 103641 67175 124209 76207 151347 
82877 170997 48249 67164 35289 28230 59358 100476 43730 53544 64066 114606 37966 36270 46903 63081 58244 97116 52577 80115 32076 18621 30330 13416 74969 147309 33234 22086 42304 49314 39976 42330 97560 215091 45484 58824 46014 60414 82863 170991 46946 63201 73270 142194 74850 146958 58683 98421 28591 8127 44902 57060 27629 5235 27080 3588 47068 63561 28299 7281 50028 72522 49886 72039 44245 55155 42015 48402 96824 212880 72045 138570 63545 113010 51572 77079 53604 83220 40242 43101 58497 97857 37809 35775 67454 124728 31340 16401 51301 76287 44751 56688 41995 48387 49338 70440 43888 54066 49412 70593 
54453 85467 97003 213138 39831 41568 65373 118230 52404 79341 83551 172746 29914 11844 36358 31185 105104 237402 39734 41310 44599 55860 53555 82731 95546 208746 54227 84774 75644 149148 49446 70422 35687 29154 68549 127791 43819 53538 67924 125916 75921 149862 61304 105984 39285 39936 59147 99543 37329 34062 72299 138990 71756 137370 36841 32586 30003 12075 74412 145335 58784 98463 38799 38508 40277 42897 52800 80520 27343 4092 57977 96042 36215 30774 29110 9396 31480 16497 47731 65277 34760 26400 48571 67794 28511 7662 43602 52899 45713 59286 54125 84456 60477 103524 38271 36894 26881 2745 54294 84966 
67957 125682 46539 61437 96082 210048 53972 83709 45102 57069 41995 47739 44399 54972 30198 12402 67825 125232 50153 72234 27587 4545 61073 105012 44857 56352 33220 21489 36131 30195 42991 50745 49011 68790 72006 137838 46952 62727 26437 1059 53484 82233 45120 57132 54492 85266 29910 11502 105992 239739 80290 162681 54299 84690 36199 30369 53605 82599 55087 87099 41302 45717 53424 82029 54870 86430 62057 107997 38162 36288 40194 42363 74530 145383 79120 159162 42144 48231 105297 237690 61571 106515 41993 47790 44345 54819 39733 41037 48325 66729 55796 89214 44056 53970 62809 110244 67777 125157 99821 221274 
28531 7068 53379 81621 54760 85725 51072 74709 55877 89142 76353 150567 58924 98310 47247 63198 43398 51693 45380 57621 48263 66315 28230 6153 40399 42699 64463 114918 40681 43551 58575 97200 52360 78534 80459 162933 67803 124947 65763 118806 44503 54990 37204 33123 71184 135114 63003 110529 49066 68670 53891 83190 54508 85032 70895 134157 53106 80790 43773 52818 60711 103605 63360 111564 52514 79044 26615 1293 72615 139365 56090 89754 42732 49716 44574 55212 31513 16029 64191 114102 35275 27309 30269 12363 88497 187047 31052 14664 26243 177 70299 132441 41084 44727 58449 96831 61465 105906 62190 108090 
57228 92868 58675 97209 86760 181473 33617 22017 51338 75198 54436 84519 40319 42138 30638 13068 58273 96063 71875 136833 108958 248064 54510 84723 43101 50478 81081 164481 34651 25119 38640 37176 92506 198747 56273 90021 26848 1707 78460 156591 78129 155625 61308 105114 71420 135459 68269 126033 28061 5349 67105 122508 78828 157686 29656 10134 63249 110964 117782 274575 87862 184815 66629 121095 73477 141657 55548 87816 70631 133119 54716 85365 43888 52839 66985 122184 47126 62559 51607 76023 27817 4608 66937 122004 54848 85791 52592 78942 42940 50040 33748 22401 54889 85869 49030 68280 82122 167529 42984 50124 
30200 11457 28625 6738 61201 104484 37646 33804 67301 122784 48244 65634 30629 12786 53355 80955 28683 6978 56010 88914 52902 79590 31819 16350 38504 36402 47170 62376 34976 25776 39701 39951 61626 105753 77042 152037 36468 30333 35243 26610 55388 87063 76713 151065 45796 58326 67480 123342 76699 151026 42966 49779 70383 132030 89657 189927 65780 118260 44517 54462 43291 50739 70926 133659 31446 15231 104152 233394 87144 182340 57678 93951 42805 49335 38135 35307 27158 2349 31246 14583 72472 138315 37379 33030 87200 182556 37268 32688 71798 136320 41185 44439 55932 88740 60259 101670 69884 130518 41099 44142 
49054 67764 53372 80736 57181 92187 76581 150336 33974 22479 35082 25839 31992 16569 59603 99456 101285 224475 112684 258690 77449 152928 40425 41850 62218 107274 33058 19740 58533 96243 51825 76077 52932 79368 47748 63801 59118 97956 61272 104418 60070 100812 50249 71313 26995 1560 48196 65199 69428 128922 88881 187242 29313 8532 51083 73785 35866 28179 65007 115659 60448 101970 28757 6852 28816 7041 45890 58242 46630 60465 30716 12729 91666 195627 72127 137001 59500 99099 51678 75651 29529 9159 71494 135099 49184 68151 34209 23157 44298 53487 42873 49230 47262 62370 68680 126651 41023 43695 62321 107565 
52425 77574 36815 30720 59750 99576 34905 25035 58698 96402 62327 107283 32395 17478 62420 107553 47560 62964 60974 103194 33117 19626 106995 241368 62532 107931 71597 135081 77283 152121 28579 5976 62904 109014 55469 86706 31757 15573 48786 66693 72167 136785 39541 38907 62290 107172 62570 107982 44714 54423 64893 114963 34176 22794 39302 38223 34199 22914 48211 64914 34163 22788 61751 105534 39441 38640 75371 146424 46910 60984 36296 29169 88176 184830 35932 28035 90522 191874 69931 130158 116089 268611 66828 120783 45659 57321 62685 108366 27636 3201 53865 81876 42199 46881 36114 28605 49627 69147 47442 62616 
30179 10521 50451 71334 38399 35190 55706 87111 29506 8517 55546 86619 76313 148950 26712 63 34212 22620 46191 58593 30795 12351 80909 162699 35780 27324 54039 82110 41058 43176 76689 150096 40413 41202 79282 157845 59893 99672 38059 34158 73227 139680 41451 44328 41782 45354 56435 89316 28154 4452 122830 288516 62766 108306 93606 200793 50844 72543 49531 68559 38111 34335 52191 76566 80972 162936 46161 58494 37049 31092 38507 35520 44999 54978 96960 210861 30155 10422 28111 4305 97690 213087 33775 21363 58083 94239 78776 156348 41172 43527 84721 174174 50495 71475 35966 27870 38652 35976 81753 165252 
69597 128484 39665 38703 54636 83592 53953 81549 39967 39576 47493 62160 44713 53856 64231 112401 56557 89373 32839 18210 58670 95676 47791 63129 66715 119838 42223 46371 41307 43614 47407 61911 75797 147144 50061 69903 54561 83373 27432 1944 45371 55797 27870 3291 31083 12894 91290 193569 69074 126921 43667 50682 34619 23511 44254 52455 47495 62187 31521 14325 47122 61074 74969 144615 36512 29229 81778 165027 50974 72639 73510 140283 29233 7392 47005 60741 41537 44322 53606 80526 61950 105579 68547 125358 40935 42516 59215 97290 35954 27552 37849 33240 62887 108345 35689 26757 39981 39627 42842 48183 
73484 139890 35628 26220 42837 47937 62967 108303 31239 13074 36429 28689 49902 69096 68148 123882 64327 112401 48544 65052 70899 132126 27372 1455 36191 27975 78837 155967 27356 1431 74432 142707 33197 18975 45371 55503 49612 68247 49132 66825 90735 191643 46073 57600 41395 43587 59053 96558 55083 84648 27118 720 38827 35862 84843 173940 33380 19539 65055 114540 44691 53475 47735 62562 38925 36177 53327 79335 116555 269121 49772 68706 27851 2925 30839 11892 46608 59226 92904 198141 78077 153606 78931 156183 40218 40038 64047 111525 79023 156489 29336 7353 46647 59340 37063 30591 82359 166479 50212 70020 
45467 55518 50255 69882 43362 49158 41020 42171 83211 168735 32954 17964 60442 100479 45938 56895 86030 177201 28970 5964 65213 114750 47768 62370 29722 8241 58274 93948 60295 99960 61947 104979 27627 1956 56958 89985 48059 63297 48692 65121 68940 125901 27701 2151 52591 76845 39994 39063 60019 99141 61838 104571 39396 37254 47524 61617 34784 23415 42996 48099 49175 66627 62155 105564 63703 110211 52874 77706 34495 22575 104070 231321 50342 70146 43519 49647 64951 113943 41890 44769 43129 48468 74250 141825 67429 121395 68837 125640 44400 52320 39833 38583 32658 17085 49593 67881 37878 32727 60976 102045 
47404 61002 33384 18936 75582 145584 35048 23901 91819 194247 42790 47178 61836 104283 57043 89958 62559 106461 79710 157938 63772 110127 40760 41043 49860 68388 46294 57681 49105 66114 30753 11040 53882 80427 61997 104781 31210 12402 61536 103434 64482 112248 48822 65247 99179 216375 38178 33297 98188 213390 29384 6924 35534 25395 69175 126324 41006 41790 51301 72723 30317 9741 70957 131655 47644 61776 30087 9018 32837 17283 105084 234054 77892 152469 57729 91998 118417 274086 31978 14697 27985 2718 29893 8427 70409 130047 49291 66693 89003 185784 107639 241764 41923 44517 42211 45399 71103 132090 34517 22314 
74152 140982 81487 163044 47871 62088 64593 112287 79075 155718 41347 42549 38938 35298 27561 1131 40668 40479 72190 135099 28218 3117 27632 1380 76490 147981 55176 84066 28696 4563 56182 87027 68629 124362 56871 89142 42491 45975 60838 101034 73392 138678 41602 43296 49291 66318 64636 112380 117145 269982 54177 81033 36620 28362 34570 22194 49214 66135 51106 71781 63351 108600 98942 215346 62937 107340 31517 13005 50849 71049 31502 12996 124239 291228 65029 113550 32400 15711 52677 76524 40912 41217 30503 10029 40900 41163 30647 10386 53239 78198 68517 123990 64445 111864 85037 173622 44452 51876 51829 73944 
49095 65511 69691 127326 56067 86400 63207 107814 79294 156108 87068 179433 71111 131523 48816 64623 54683 82212 58802 94644 70517 129768 50163 68718 37043 29340 56215 86817 27716 1296 79393 156396 45606 54999 54301 81075 77299 150105 40007 38202 33333 18171 59190 95742 76474 147639 46156 56724 41696 43272 39529 36807 66744 118467 70841 130725 44974 53115 52867 76812 47843 61728 51385 72390 54857 82791 68160 122664 51896 73905 39347 36198 37025 29274 35604 24984 112089 254496 41364 42282 52467 75594 31858 13764 82809 166611 31468 12585 62470 105603 39288 36066 55343 84246 30109 8493 76807 148629 47815 61644 
76891 148539 75384 144045 38761 34155 90484 189372 60200 98517 52202 74544 40754 40119 38805 34287 66544 117558 58043 92040 27981 1779 47484 60342 47073 59085 51384 72069 33507 18378 36776 28218 34217 20517 79068 155142 63273 107736 45145 53325 76257 146646 42615 45771 30022 7920 60779 100284 43616 48759 82621 165819 98680 213969 57999 91914 69111 125241 28024 1920 68870 124530 33897 19584 37731 31113 32925 16647 46397 57084 49213 65547 29566 6597 39965 37767 98729 214152 47192 59469 58530 93462 30993 10863 56002 85944 77413 150147 62189 104457 36638 27795 35635 24771 77454 150315 46429 57180 49823 67371 
62439 104910 41226 41253 109794 247047 35184 23136 84976 172557 67324 119553 44688 51675 70416 128868 52295 74478 89871 187257 70256 128331 43010 46686 28456 2940 38936 34425 59736 96783 42024 43647 47593 60453 53637 78501 46100 55893 43874 49194 45767 54885 62340 104610 35029 22698 58183 92130 92702 195735 30428 8847 29250 5313 50679 69612 35898 25284 71984 133551 54972 82509 62104 103896 39870 37245 44155 50094 44241 50334 28469 2991 66292 116505 44089 49830 52998 76575 28213 2229 75698 144684 65114 112932 32223 14253 48088 61839 75004 142620 37853 31131 69245 125355 76297 146526 48984 64581 60592 99396 
43734 48567 55464 83700 39954 37179 57991 91293 56217 85977 29712 6402 104547 230931 54524 80844 34445 20646 107437 239649 46079 55557 39405 35514 66974 118212 73334 137304 43596 48081 61291 101202 57652 90312 46405 56526 51131 70704 73088 136548 36930 28089 58351 92328 59033 94401 52119 73692 41451 41634 49579 66063 65280 113130 28212 1902 43860 48897 51954 73161 76081 145527 34831 21750 59446 95649 77309 149229 61029 100371 59276 95094 43341 47343 51653 72231 85520 173898 66162 115743 32415 14547 79157 154770 57953 91179 43446 47631 53794 78645 52004 73338 29730 6456 48607 63102 40788 39630 35076 22485 
81774 162351 32623 14841 52492 74460 66787 117327 38897 33684 70942 129864 107583 239778 28831 3483 63928 108750 39618 35835 68585 122736 83962 168915 66268 115806 95379 203184 54428 80265 56567 86691 39237 34701 73001 136005 46337 55968 37198 28557 63300 106872 33610 17829 56388 86193 65400 113190 44724 51144 105832 234522 75937 144801 94366 200127 60274 97803 53766 78300 53559 77634 56623 86859 75747 144222 41945 42828 50048 67146 75773 144300 59908 96753 66888 117648 54318 79938 45067 52182 61393 101178 52865 75570 48835 63495 37795 30348 73411 137244 127243 298758 28860 3588 27776 255 65971 114912 28263 1746 
64628 110601 30484 8106 63065 105897 57296 88596 81294 160602 31021 9729 35144 22131 65189 112242 39647 35634 59483 95151 41049 39831 29612 5481 69343 124785 65453 113088 50652 68622 72086 132996 47880 60339 38393 31878 57869 90300 43560 47370 45924 54444 75437 142983 59831 96201 95826 204198 48732 62916 60456 98079 53314 76617 56612 86544 79841 156330 29557 5334 56765 87015 54800 81108 82369 163845 70643 128667 52363 73818 67898 120447 45494 53148 36851 27198 34677 20721 36003 24675 28954 3510 77222 148383 52680 74766 138348 331806 84973 171636 62823 105243 34864 21258 54154 79164 70314 127668 54660 80652 
30326 7350 47303 58347 61279 100227 64408 109623 39975 36306 70323 127341 61336 100410 50865 68961 36094 24654 61068 99651 80722 158592 76450 145761 66025 114483 34301 19296 50076 66585 82656 164394 46334 55410 31425 10668 39674 35451 69944 126231 64490 109878 47475 58827 71206 130038 63709 107547 64006 108429 37945 30255 47314 58335 40958 39291 35929 24144 41055 39555 47458 58773 91076 189666 109742 245616 38248 31125 60405 97668 42022 42432 65087 111636 31417 10623 84983 171351 40878 39042 44966 51324 40235 37122 51426 70662 41045 39555 53238 76098 30042 6492 67953 120261 64829 110862 47350 58404 105524 233010 
55401 82278 59259 93915 75784 143445 32277 12885 58372 91200 63036 105183 47843 59631 34727 20292 63321 106125 48222 60777 47350 58140 55195 81660 37165 27561 62825 104532 32954 14946 44291 48936 62553 103770 28888 2736 47818 59508 48392 61269 47493 58617 79235 153807 70880 128739 65247 111816 47952 59940 43940 47931 47583 58830 69084 123360 28386 1212 46305 55026 41362 40122 97841 209634 54044 78231 86395 175275 43148 45537 41292 39978 28057 198 38541 31722 98048 210291 78980 153039 57469 88524 77618 148947 48844 62625 28909 2775 32355 13149 64477 109569 59111 93477 47820 59553 89657 185088 106104 234420 
48681 61869 53193 75396 72349 132921 58458 91173 117185 267357 72120 132162 58318 90780 50254 66570 63727 106947 69544 124452 81062 158994 61824 101262 48280 60603 31637 10737 29270 3567 57101 87105 43981 47727 65443 112158 35539 22353 55443 82140 71910 131559 30712 7893 86808 176235 78525 151404 50298 66657 81808 161223 81341 159795 75992 143802 73577 136530 46093 54054 69879 125439 52969 74697 57821 89247 56037 83922 61940 101601 62970 104700 43310 45714 44729 49959 36992 26751 29962 5703 74634 139704 42310 42723 55834 83295 30821 8244 67804 119214 42567 43503 56541 85413 54469 79164 93114 195189 35339 21810 
83560 166146 60201 96120 32325 12432 87684 178515 59482 93930 57131 86874 55356 81549 85601 172284 32940 14286 33423 15762 59360 93582 43145 44910 66571 115215 56707 85593 28270 240 37815 28965 102178 222090 29546 4095 45086 50742 92682 193566 50401 66651 100748 217752 64879 110148 43725 46659 70653 127485 41286 39342 69043 122601 29477 3933 45169 51027 66900 116208 43314 45426 31483 9930 33606 16293 38677 31506 54682 79575 64122 107847 44200 48063 43711 46590 70611 127353 39378 33606 55314 81489 61239 99255 41265 39279 48388 60645 53935 77298 33721 16620 58541 91170 33827 16962 44643 49431 54618 79365 
30451 6552 31330 9147 53558 75885 63748 106443 61499 99696 28863 1755 65182 110763 45456 51603 51475 69609 52966 74079 41914 40944 31533 9819 32943 14019 28921 1920 63243 104967 39620 34071 59454 93582 45634 52083 66521 114735 77805 148653 78948 152046 34488 18648 45185 50712 35370 21294 39508 33708 51385 69294 78604 151020 30315 6117 53430 75492 34440 18528 55200 80835 41364 39228 67188 116781 63470 105603 70046 125337 42957 44064 109928 245040 48212 59790 52311 72123 71165 128694 51541 69825 57215 86847 51761 70512 57999 89217 46056 53367 80518 156765 51647 70098 75248 140955 40699 37326 44841 49770 
88049 179040 60852 97428 57356 86988 52118 71229 48902 61641 39778 34179 101733 220137 50426 66162 55282 80700 71321 128874 31539 9492 77781 148209 49293 62742 72111 131262 49459 63267 32092 11178 68974 121842 88538 180498 70551 126588 36417 24135 55923 82659 74003 136899 43746 46140 61916 100650 44494 48381 40685 36984 39022 31965 41131 38283 52653 72879 28712 1002 60820 97371 28838 1398 45806 52344 29887 4500 71685 129981 37581 27600 55908 82632 56144 83376 64911 109626 69127 122280 38799 31272 43654 45834 65500 111384 50708 67026 68386 120084 37563 27582 73689 135942 54768 79260 38888 31566 35785 22236 
63552 105240 34214 17217 62304 101532 40742 36819 51598 69396 87266 176415 62204 101175 75333 140646 67746 117855 58959 91503 34961 19467 29781 3945 73894 136311 72493 132108 35524 21156 46877 55260 50305 65526 52654 72543 62311 101508 65393 110772 73911 136341 80595 156360 64962 109530 60655 96540 50400 65826 57159 86058 61268 98397 75882 142293 55648 81579 52185 71100 92996 193653 63809 106002 75932 142440 75354 140652 41741 39798 57928 88356 39546 33219 62764 102858 62794 102999 35313 20523 71896 130281 120272 275478 65067 109794 62019 100641 75588 141375 33295 14487 33823 16041 96519 204201 46778 54891 33363 14652 
57206 85935 46860 54879 112825 252768 35898 22005 56995 85314 73207 133920 60467 95703 47769 57627 65097 109638 76186 142902 91689 189384 73685 135357 62812 102747 34675 18324 46990 55272 34174 16815 58768 90588 38041 28422 60190 94878 81535 158916 31040 7404 60260 95073 70540 125913 62335 101289 30527 5856 83740 165540 47949 58113 43789 45603 61994 100263 50779 66648 41000 37326 42972 43242 35994 22257 54376 77382 42001 40266 51121 67698 85795 171702 37342 26316 55004 79350 62675 102333 64990 109254 43999 46254 54106 76626 51914 70062 51464 68676 83461 164676 28957 1119 81479 158736 55863 81855 54222 76986 
32465 11370 42157 40482 63022 103068 36969 24879 87092 175323 43713 45141 61164 97482 76524 143610 91060 187173 34427 17265 44703 48129 104727 228219 53291 73863 33403 14172 32451 11337 46284 52824 44546 47613 86397 173235 39346 32103 54223 76653 87631 176919 54141 76398 29697 3063 74162 136467 32370 11103 31530 8589 89015 181056 72968 132888 51366 68100 36473 23403 54469 77382 44200 46563 46866 54591 30578 5688 72663 132018 52200 70638 113931 255855 56733 84174 60022 94068 54763 78300 42224 40644 78574 149721 72115 130335 82049 160155 46405 53235 49574 62730 37465 26412 30964 6840 31399 8145 57417 86262 
36582 23457 47338 55695 33342 13662 61911 99444 86298 172578 43988 45657 38556 29370 87931 177477 71678 128706 89093 181068 39563 32370 70583 125448 35587 20427 55851 81273 55040 78795 63248 103464 39602 32496 41983 39615 80976 156648 75711 140835 48321 58656 44370 46818 63266 103506 83406 163902 67795 117069 65792 111060 63846 105228 30860 6264 41555 38358 66424 112935 34395 16848 49434 62037 48660 59655 48521 59220 66840 114204 49453 62052 53752 74967 74437 137031 50753 65952 57003 84720 100329 214671 85805 171135 28898 312 60968 96561 32181 10242 50735 65895 57839 87225 48751 59919 74146 136173 54976 78609 
32265 10140 59881 93090 52427 70737 113355 253476 32940 12195 43375 43551 50762 65715 64602 107163 113807 254823 80731 155601 32116 9705 44122 45723 32124 9747 32552 11049 40304 34332 60155 93840 74049 135573 75052 138567 92912 192165 53941 75261 62600 101202 38183 27894 78257 148179 62458 100839 58376 88539 46055 51555 116349 262449 33490 13845 44514 46926 29375 1500 37530 25962 55660 80418 89220 181080 55838 80922 40773 35730 80106 153780 97495 205878 41848 38946 65298 109296 29411 1587 30588 5145 48788 59808 111201 247038 69306 121317 47740 56613 39289 31251 55186 78933 41071 36597 41498 37920 53166 72882 
92795 191496 86683 173205 32195 9648 50246 63792 43364 43212 43533 43725 42391 40221 32483 10521 36622 22950 63448 103398 54855 77682 60524 94635 41801 38505 35481 19536 30607 4869 52274 69879 89433 181434 56857 83673 54338 76125 33085 12330 67355 115146 33127 12417 31550 7725 51910 68820 57802 86532 90912 185847 61207 96723 72130 129516 58936 89919 63860 104670 92293 190026 61301 97032 46796 53481 46553 52761 36000 21102 48802 59496 33722 14202 80045 153237 43142 42528 84181 165615 77939 146919 110096 243441 79490 151581 81496 157551 106343 232155 60014 93135 40362 34188 47768 56388 41350 37167 53515 73620 
53140 72249 44968 47685 61958 98631 31177 6279 75929 140607 60811 95250 49002 59814 52566 70464 35961 20658 56965 83667 41410 37068 40458 34158 49957 62664 61182 96399 78263 147591 32312 9711 62248 99555 47608 55617 53199 72360 75195 138366 99946 212640 44340 45801 54542 76455 39606 31638 29254 498 33362 12888 43897 44502 41764 38100 36691 22836 53755 74085 53059 71958 36618 22620 37170 24282 58915 89553 40788 35130 47221 54489 36282 21636 46883 53439 51787 68133 189783 482223 32971 11658 92840 191355 71968 128760 44333 45807 69875 122409 67991 116793 47507 55323 65950 110661 32965 11685 53093 72123 
68705 118608 48094 56757 45109 47811 52735 70677 62765 100794 48278 57315 101554 217200 39480 30879 78006 146526 56865 83097 41284 36333 95584 199254 60616 94332 70022 122565 32084 8727 67924 116265 50790 64842 50918 65217 44269 45306 85719 169686 58233 87165 35519 19056 72096 128790 30833 4980 69613 121356 70396 123717 111490 246996 48132 56850 43200 42084 35800 19866 31179 6018 29313 375 43680 43530 67360 114573 60973 95409 49171 59994 31011 5490 43568 43224 36078 20682 35597 19281 45837 50001 93404 192765 57205 84105 86355 171528 42519 40023 62224 99210 49268 60306 48644 58440 62384 99654 53525 73059 
115119 257577 98280 207060 35409 18420 62170 98772 38222 26856 72295 129114 40532 33771 107072 233409 58874 88794 53086 71487 88281 177051 68720 118362 29747 1416 58235 86877 49731 61395 47575 54891 78331 147204 59671 91239 43713 43314 30894 4875 30847 4752 61856 97749 97404 204459 32510 9684 34081 14418 61240 95967 94340 195249 34685 16218 33326 12105 44139 44592 57543 84849 47971 56142 29888 1821 49483 60594 100213 212823 83977 164142 43775 43491 69015 119271 70523 123762 47202 53799 91842 187755 76926 142980 66652 112122 31199 5754 63601 103011 61243 95913 37988 26148 32024 8265 35788 19548 31893 7842 
132983 310896 65875 109572 71151 125370 73484 132297 61760 97218 95669 198969 65320 107895 60603 93720 45071 47088 34792 16284 84401 165150 61586 96657 39637 30840 64899 106581 69586 120720 52799 70287 58718 88089 68540 117540 60030 91989 32873 10503 100064 212085 93674 192951 32453 9249 34151 14325 46383 51051 31624 6738 141456 336276 39456 30243 65930 109662 58619 87747 106017 229977 90683 183933 49416 60204 40827 34401 62901 100614 49602 60696 79041 149013 31472 6270 33283 11706 47105 53196 49561 60528 76738 142122 37052 23067 72121 128274 76508 141435 60319 92865 62523 99468 72812 130371 67109 113229 55465 78306 
63776 102873 40403 32790 46613 51423 55091 76863 47933 55407 74956 136488 72615 129435 40553 33231 92533 189165 67493 114108 59005 88599 30442 2874 55768 78879 40804 33984 62331 98577 39128 28968 63181 101160 88700 177693 45292 47457 59975 91518 61922 97374 69721 120774 49723 60759 63677 102651 91279 185430 38940 28383 33539 12180 38212 26199 38938 28380 50728 63756 66907 112347 74823 136104 89088 178839 55435 77880 38236 26319 88588 177393 95268 197433 35400 17781 49661 60600 65638 108459 39037 28674 44929 46371 31192 5139 71579 126357 38106 25938 30572 3300 49533 60192 106960 232572 30944 4395 49535 60171 
61254 95073 74885 136002 55325 77256 54499 74778 29770 531 69106 118620 37741 24531 50374 62397 93333 191280 39078 28515 61923 97068 40628 33156 48035 55407 91703 186393 67815 114735 49513 59850 44820 45753 51356 65352 59000 88284 38786 27669 67488 113754 79283 149175 94517 194862 53718 72465 60938 94050 58337 86283 60857 93870 58836 87807 58900 88002 70056 121434 36017 19335 48846 57801 47761 54558 49582 60021 32654 9219 49126 58662 32771 9558 52244 68040 43866 42861 39476 29712 42163 37773 94679 195348 55365 77433 59642 90225 95785 198654 32921 10044 76817 141786 49251 59025 46856 51840 86498 170829 
34366 14073 45184 46515 86296 169896 55961 78858 61135 94422 78629 146880 61717 96159 41505 35541 67660 113973 35795 18351 31494 5445 75479 137457 56255 79737 43109 40317 81921 156765 61017 94023 53709 72090 39255 28758 49876 60612 31369 5061 48987 57951 36078 19263 82914 159759 42212 37611 35968 18867 45984 48951 81136 154410 32062 7170 66240 109719 65122 106386 47043 52158 95439 197319 70922 123792 98144 205452 93091 190290 52176 67566 43981 42951 55150 76470 65245 106746 42529 38568 69871 120606 50045 61128 68147 115461 86262 169779 52372 68100 54394 74139 94149 193440 43573 41694 85751 168273 73366 131142 
48361 55764 47288 52593 73700 131838 64958 105558 63836 102192 43448 41046 38890 27345 90906 183411 116052 258885 102850 219315 43940 42501 41344 34740 61240 94410 68902 117417 67618 113601 65616 107529 59393 88878 56287 79569 32128 7032 52130 67092 78391 145890 66531 110259 65174 106215 100542 212319 48925 57450 30108 969 63671 101733 34829 15159 63845 102243 31256 4413 115805 258099 83044 159825 36171 19170 39655 29658 56165 79248 51085 63972 77749 143976 65210 106350 71912 126426 32530 8256 66029 108735 70736 122883 44317 43644 85232 166431 73294 130584 81116 154059 37402 22908 81027 153783 42477 38124 67954 114573 
57475 82815 59547 89016 112013 246447 51402 64599 38257 25152 52388 67539 62573 98130 40997 33348 30861 2940 33603 11193 48543 56058 36104 18666 45150 45843 97188 201981 75324 136392 86854 170901 37040 21465 85239 166107 59368 88503 60802 92799 44777 44697 65334 106413 49113 57777 101675 215463 57003 81390 85194 165984 93019 189486 77577 143157 53167 69936 40885 33036 44823 44889 42805 38799 79343 148419 42998 39402 56095 78720 37677 23403 41389 34533 49810 59805 80708 152514 38879 27039 102255 217239 44339 43371 93425 190683 39768 29631 89390 178536 44296 43278 45760 47610 90794 182793 104887 225108 41850 35961 
52586 67866 54021 72183 61898 95868 77810 143559 32079 6273 58700 86190 60350 91161 37122 21459 57309 82002 31219 3741 52378 67227 54036 72228 72780 128442 57878 83700 64413 103386 61012 93120 80623 151959 47445 52437 37350 22188 44932 44907 61616 94992 78895 146805 108731 236322 46436 49401 34449 13419 58523 85659 38131 24474 71602 124896 57182 81648 35526 16695 88598 175914 84163 162600 39455 28464 56355 79209 54153 72531 65179 105645 35811 17508 101980 216057 38506 25626 61754 95355 76880 140751 95115 195456 35188 15648 74710 134229 71644 125013 66167 108630 44745 44346 71521 124653 59774 89424 65180 105651 
70041 119877 36823 20205 58343 84810 32593 7524 77968 143679 58265 84570 65648 106737 51291 63654 43630 40689 48257 54570 31030 2847 96467 199212 67441 112104 65406 106011 98683 205905 68898 116475 55329 75816 61276 93585 120260 270606 73705 130944 89978 179760 65150 105231 70430 121101 46815 50247 76762 140112 50771 62088 75972 137709 50772 62124 72984 128736 85560 166506 50741 61977 89111 177126 33623 10653 48831 56229 34974 14676 59146 87210 53298 69696 53288 69603 65680 106860 50216 60429 61061 92949 56950 80631 44452 43122 42957 38646 37052 20958 36803 20208 58833 86325 66877 110415 65755 107073 46699 49917 
48685 55536 50304 60387 92371 186660 49372 57597 38644 25407 74829 133971 63767 100782 38985 26445 42775 37791 39558 28140 37888 23127 60566 91182 70638 121434 97140 200949 39384 27645 38035 23622 87421 171762 31788 4818 76112 137856 54472 72891 95806 196917 37391 21690 32746 7710 38615 25302 43977 41430 71193 123090 43878 41133 37801 22857 88353 174585 41750 34749 51537 64068 83884 161169 49755 58749 44429 42807 63009 98535 85171 164967 83201 159102 94511 193044 34762 13761 78345 144510 30367 573 64093 101772 63098 98796 83764 160794 90757 181779 56977 80403 90009 179538 50845 62037 57441 81777 73233 129192 
59828 88665 45652 46140 45259 44979 34788 13554 55328 75168 113276 249048 85813 166659 31919 4941 99610 208032 72522 126759 44946 44067 73221 128865 39827 28671 35714 16368 102237 215946 104583 222984 94534 192819 61879 94821 40307 30093 34131 11649 48398 54384 104566 222945 59719 88350 89028 176322 60504 90720 63376 99348 80051 149373 39827 28665 104361 222294 50813 61596 51448 63525 63920 100986 57495 81666 44249 41931 77087 140472 64900 103875 65829 106635 37613 22041 72550 126849 64027 101274 71671 124221 45249 44928 50518 60762 43443 39531 38386 24342 48745 55416 37662 22134 84441 162516 59277 87042 66184 107727 
35182 14391 74083 131139 68421 114183 69850 118440 64938 103731 63769 100209 32302 5778 52382 66027 58827 85392 48217 53535 42863 37470 63086 98121 50141 59349 101454 213309 67326 110904 80447 150315 48055 53046 38914 25608 61614 93726 50122 59277 69817 118350 79511 147468 63357 98955 110663 240918 48062 53061 52083 65142 35159 14361 42674 36915 72036 125016 91796 184344 101098 212214 52621 66756 45169 44379 97299 200817 61048 92025 99555 207618 83583 159630 50616 60711 59951 88755 50168 59397 59345 86928 50744 61122 49265 56706 66818 109383 64911 103623 49408 57090 38055 23067 57111 80253 30655 819 35475 15279 
39314 26553 58498 84096 39953 28452 72016 124638 75538 135204 42558 36273 47452 50946 40257 29364 67943 112437 72984 127542 42291 35454 79709 147726 89251 176346 75258 134367 46871 49278 49893 58260 54711 72714 86773 168912 62655 96546 44429 41889 86367 167745 60446 89949 60443 89904 66534 108213 43061 37785 76580 138375 38552 24240 63364 98685 67745 111828 56745 78819 96440 197973 41211 32235 66448 107919 39465 26961 38365 23676 60526 90171 43856 40152 49377 56760 96390 197823 36129 16971 53480 69024 63692 99705 36955 19449 71577 123297 90796 181026 48124 52938 37774 21888 36485 18030 42957 37434 79683 147669 
71903 124038 74758 132558 49510 56841 50325 59256 41977 34257 30864 849 79541 146907 36940 19113 48340 53274 65660 105279 34884 12954 87906 172017 71626 123186 55018 73374 63910 100038 69747 117561 36606 18099 86283 167166 46721 48438 82011 154377 83458 158703 99899 207999 60455 89658 81029 151389 59901 88023 45574 45033 91380 182421 44193 40842 78674 144321 99917 208071 60660 90270 78336 143307 53180 67833 73013 127338 55452 74664 59264 86073 117491 260793 56140 76731 33286 8166 88431 173586 48268 53085 57048 79428 64434 101622 53649 69255 80630 150174 107992 232287 38201 22911 64903 102999 83474 158685 113321 248274 
36248 16761 71525 122547 68263 112806 53928 69756 33976 9885 63951 99906 45775 45309 39964 27912 90272 178791 76360 137118 34767 12276 74378 131127 92949 186831 62339 95001 53333 67944 94047 190188 100955 210882 90039 178134 89462 176421 56255 76719 55901 75705 60063 88191 63924 99783 67224 109656 81467 152400 67017 109050 82228 154659 67614 110862 35675 15015 78084 142281 58246 82740 35613 14829 92616 185868 55161 73485 75395 134223 66566 107691 53703 69075 53556 68688 31912 3711 49279 55812 71120 121368 50845 60525 84672 162000 69740 117210 91841 183540 39968 27915 46388 47127 33523 8526 41346 32022 77537 140592 
66252 106422 71645 122625 39911 27405 65083 102966 81572 152427 67447 110058 80098 148032 58693 83751 81532 152334 70987 120642 56374 76824 81282 151527 82271 154515 32513 5220 65328 103686 67973 111591 69141 115116 99703 206802 58720 83898 59166 85191 59371 85821 51418 61935 46803 48075 69634 116631 89175 175260 39400 25899 85182 163284 85955 165603 45509 44190 41570 32382 127719 290895 45124 43110 54995 72666 78233 142380 41384 31845 60631 89595 106567 227454 88092 171939 55531 74277 51431 61950 131777 303123 38345 22710 33745 8952 54801 72105 56587 77454 34674 11667 87837 171264 68241 112407 70356 118815 81315 151644 
40568 29124 36126 15735 64501 100968 39036 24492 89566 176109 65921 105126 49677 56457 46414 46626 72591 125208 80178 147933 81571 152160 71408 121641 53648 68310 45843 44910 53170 66873 33405 7605 39664 26364 53382 67530 42481 34854 40957 30225 64823 101805 81236 151098 47461 49827 59838 86913 56560 77079 37836 20889 64966 102282 135312 313374 42058 33531 47520 49971 55773 74703 36264 16191 35290 13290 34933 12153 93720 188631 36519 16932 67405 109632 49026 54468 60475 88806 59519 85929 48595 53214 31588 2172 47980 51330 57835 80895 53529 67986 31308 1287 71696 122505 44965 42288 77049 138576 56671 77403 
62738 95307 66364 106203 52063 63300 43375 37206 124531 280722 41730 32325 60520 88680 42915 35856 86940 167946 81722 152286 48233 51774 57589 79896 44351 40137 64380 100239 59360 85137 65787 104433 38227 21774 46971 48030 71607 121902 76059 135276 38030 21174 33424 7308 58715 83247 62929 95925 61657 92055 84968 162006 61834 92595 38018 21129 86252 165858 62611 94959 68383 112233 61001 90078 50914 59760 47901 50814 69863 116700 127760 290388 69910 116829 56273 75894 72989 126060 73968 128988 74502 130605 83458 157494 52144 63540 50219 57756 49158 54564 103834 218613 67871 110697 37878 20715 51273 60939 41034 30240 
34392 9957 46847 47331 35301 12705 54598 70611 79825 146256 68434 112083 63047 95949 36991 17745 52404 63996 161030 389898 68737 113004 90292 177675 52992 65769 65035 101889 58600 82611 87292 168738 55819 74247 38727 22947 35116 12147 59252 84522 88187 171363 106419 226050 54846 71286 37091 18057 75924 134574 31365 825 84951 161661 79866 146454 91804 182232 66722 106950 48294 51675 143236 336570 73912 128583 55512 73365 85226 162489 100914 209571 46705 46896 41103 30093 84199 159396 104059 218970 92887 185454 104214 219432 65862 104415 59499 85287 51438 61167 34236 9516 57227 78456 69737 116001 76085 135066 83746 158049 
37918 20190 41512 31026 51139 59880 36120 14817 100641 208404 49060 53706 46046 44601 80181 147051 73999 128478 57893 80163 64240 99210 55872 74115 46235 45198 57633 79374 102085 212766 42710 34659 100992 209514 63988 98445 77579 139266 44644 40440 42203 33072 61978 92409 71629 121368 63808 97914 62707 94629 44698 40584 43927 38283 71746 121758 77556 139140 84422 159759 91392 180723 64151 98961 56301 75450 39912 26265 73308 126432 39472 24888 54414 69780 31987 2427 52616 64314 38401 21705 84744 160752 54507 69975 69029 113562 79772 145887 65468 102885 36493 15987 67412 108744 50026 56580 32628 4356 38201 21078 
76396 135444 52262 63006 57951 80010 57121 77538 82233 152883 58532 81780 66601 106020 85133 161562 42030 32280 95461 192618 107308 228180 99587 204978 90029 176298 47324 48192 99749 205485 50089 56469 93778 187560 63766 97473 33422 6423 73011 125253 85868 163821 44496 39672 50659 58188 86312 165147 69913 115974 40055 26412 52041 62313 32873 4821 47124 47520 96515 195774 67810 109632 49407 54423 78770 142494 47970 50139 42137 32586 53318 66126 95866 193800 39837 25683 73494 126681 63699 97290 60487 87687 53744 67452 89049 173328 38092 20478 68575 111933 51280 60021 46552 45837 50279 57030 83918 157935 53782 67572 
49707 54984 109440 234276 72226 122577 87105 167244 44343 38910 46891 46572 96562 195588 55006 70926 59126 83259 95273 191739 56341 74925 76822 136386 44799 40269 37254 17661 33675 6900 82819 154356 91269 179715 33279 5721 70006 115938 38212 20502 72246 122631 68338 110907 33749 7146 37633 18810 63657 96861 79180 143415 34349 8895 70280 116769 75072 131160 47895 49551 76907 136623 55440 72258 40741 28104 75479 132330 110203 236499 51515 60438 50986 58884 68081 110190 33465 6261 37633 18747 63962 97788 63299 95808 37089 17133 62609 93747 32628 3729 117113 257277 67841 109416 76980 136866 54574 69669 58368 81006 
66398 104778 70356 116667 47793 48969 51778 60918 63766 96870 54594 69357 61690 90642 61268 89403 81761 150936 66993 106635 39104 22914 112592 243441 35172 11055 114721 249828 43884 37224 62025 91638 78642 141546 60018 85662 46714 45753 33957 7434 93073 184827 113827 247116 32247 2280 59868 85179 43970 37485 93906 187293 50699 57690 88983 172569 41094 28866 34617 9408 50599 57351 109580 234348 52908 64305 80738 147804 75130 131016 46709 45747 48019 49659 66373 104718 117912 259365 58999 82599 84525 159150 91262 179388 87098 166914 39579 24312 51160 59046 58327 80544 80063 145809 61229 89316 61194 89157 72063 121809 
99480 203778 89585 174093 89114 172644 47834 48777 39694 24366 80710 147477 41199 28863 48074 49542 74979 130230 44368 38385 144590 339069 48057 49443 81710 150447 38510 20832 66584 105042 71048 118446 69653 114288 39932 25089 33682 6339 55790 72651 83467 155757 31623 96 49441 53616 86855 165837 53832 66762 56603 75147 54364 68376 82953 154143 72793 123651 57970 79203 63421 95583 113056 244497 88255 170058 115187 250869 119742 264543 38416 20529 105726 222480 48607 51114 45256 41088 68489 110841 41238 28989 94522 188859 45102 40563 32115 1593 34799 9669 35180 10860 60230 85983 94503 188835 72123 121680 39888 24993 
114024 247062 54418 68256 75354 131082 74505 128508 47085 46212 68578 110754 52330 62019 73397 125229 86898 165705 65558 101658 70771 117276 84626 158925 33107 4305 81583 149805 61086 88251 44617 38844 31964 831 43350 35067 95781 192423 44914 39708 61119 88302 167335 407004 73110 124341 69723 114177 59320 82944 58437 80367 90090 175278 47165 46497 66475 104442 38545 20589 39792 24339 53160 64464 41157 28473 85991 162981 63465 95376 111869 240627 34220 7653 83456 155394 54943 69819 115526 251580 58423 80307 56822 75468 77608 137781 37601 17778 110667 237027 104108 217350 48894 51702 54513 68541 64076 97221 90289 175857 
57032 75798 110374 235821 46936 45474 88558 170358 57009 75702 46338 43743 63666 95661 62701 92766 45308 40617 62562 92367 37494 17139 73284 124560 48258 49449 41851 30183 33367 4758 44257 37518 35537 11265 83128 154086 82603 152493 68519 110259 40775 26979 49865 54249 60168 85176 68795 111069 67442 107043 103085 214038 97308 196635 119477 263133 66655 104664 95506 191208 73502 125217 49197 52272 92520 182286 61289 88584 67332 106704 66965 105588 54783 69003 82637 152613 38283 19569 36825 15174 32593 2418 113967 246666 51924 60444 99100 202008 57672 77709 149726 353868 32345 1707 35982 12618 69232 112398 67547 107322 
98458 199794 53954 66246 49533 53019 89615 173226 53258 64185 45533 40998 83800 155784 57835 77889 36118 12702 134258 307257 47191 45981 55322 70350 41368 28485 65692 101469 63724 95565 85531 160992 114592 248193 59033 81546 49689 53478 45477 40815 48957 51246 49750 53622 59096 81678 44470 37830 72851 123000 42479 31818 76449 133794 45946 42219 48227 49065 45389 40557 66360 103461 31953 207 38803 20775 65870 101991 45165 39915 54436 67680 67391 106554 72163 120879 43303 34299 61352 88464 89352 172473 118551 260100 117083 255648 99477 202893 110029 234525 59288 82275 60105 84696 34120 6732 57608 77214 58777 80697 
39924 23856 70442 115437 98786 200523 59673 83082 39579 22875 39844 23580 120140 264564 131620 298962 110254 234879 71593 118863 52344 61152 38925 20877 37779 17403 61466 88518 74910 128823 96731 194376 110420 235377 32951 2889 54257 66864 60251 84816 98435 199443 60455 85449 76044 132261 71038 117189 110443 235422 39059 21267 56621 73971 45248 39816 42892 32787 49562 52752 43396 34272 65086 99378 40912 26835 57378 76281 37063 15255 79012 141210 95222 189777 68599 109917 34579 7836 64934 98904 84422 157374 70286 114942 67865 107679 60437 85458 40562 25761 115210 249732 72118 120474 40881 26715 62002 90051 67429 106344 
36493 13278 42506 31329 90983 176760 66577 103533 48612 49653 32983 2706 84680 157839 47020 44859 67127 105171 57102 75099 67171 105312 62182 90345 43592 34560 48180 48342 73727 124992 56648 73755 32624 1635 74104 126132 67908 107550 77468 136239 106306 222819 44659 37770 46681 43851 80199 144363 60805 86226 49480 52260 92858 182412 48530 49371 49817 53232 57384 75942 73498 124374 65415 100047 61885 89448 77686 136839 46288 42627 94432 187089 85103 159111 55938 71595 75743 131001 54548 67446 82478 151233 104803 218217 52255 60549 112711 241932 90130 174219 67923 107559 42570 31476 98597 199599 36997 14766 89829 173307 
81683 148548 67994 107481 80271 144315 59610 82332 63028 92574 69551 112170 51949 59331 86031 161577 63517 94062 110043 233637 33294 3339 53281 63318 47204 45132 34436 6789 116927 254280 71938 119388 64969 98382 91705 178626 87397 165720 36362 12606 85331 159510 46139 41892 79627 142374 52527 61071 65225 99195 81552 148182 66657 103470 66279 102318 66028 101595 46028 41565 93698 184575 48810 49959 67992 107502 68969 110433 66890 104187 83396 153708 72449 120831 60805 85908 50504 55014 50046 53604 52982 62412 39464 21903 73502 124008 53857 65052 74265 126312 40747 25743 54523 67050 79689 142605 70481 114978 84427 156798 
45098 38451 52279 59991 124907 278001 132981 302208 40062 23385 58591 78984 36629 13035 90536 174825 174729 427431 54198 65775 77078 134445 52929 61959 61237 86877 79527 141792 73558 123882 36531 12774 34273 6000 67911 106962 39763 22470 60301 84120 62820 91722 74613 127059 106828 223710 66650 103212 113179 242766 86557 162864 47743 46449 47293 45087 47768 46488 32861 1740 63304 93177 80442 144501 54569 66936 59218 80865 49188 50772 66739 103434 65715 100338 104364 216285 60365 84270 36081 11391 96863 193806 74878 127815 43913 34920 89885 172875 37958 17067 42343 30210 55981 71118 51685 58239 42601 30951 34429 6453 
68241 107658 80049 143022 46824 43353 97593 195663 47054 44052 50270 53700 61957 88779 46922 43692 52627 60783 49518 51465 67200 104484 58484 78336 51102 56214 97948 196755 91221 176571 74835 127422 78918 139647 55099 68190 43922 34695 49343 50940 36688 12939 52825 61359 65554 99552 34187 5442 74315 125856 50196 53445 48707 49005 44278 35706 36303 11802 50617 54732 69378 111045 82262 149697 53973 64884 41334 26904 66076 101136 113470 243366 58123 77277 62098 89169 68991 109890 49366 50970 60345 83982 60180 83412 63843 94431 45053 38058 62990 91908 68244 107604 42571 30588 63095 92193 119234 260613 99377 201066 
58552 78285 91550 177288 62614 90417 92924 181380 55326 68595 45300 38472 37775 15909 78357 137682 68865 109179 39840 22113 79789 141957 68027 106698 54453 65988 85490 159144 50194 53148 104065 214839 94237 185286 83166 152124 72929 121395 71979 118554 42001 28548 62147 89079 39286 20424 45001 37623 66152 101037 53084 61827 75779 129939 50976 55521 45592 39348 60062 82824 114101 244938 107092 223914 95524 189210 64070 94809 74880 127233 103411 212850 105777 219942 51330 56607 33540 3168 79134 140019 36414 11844 37320 14535 80078 142851 62866 91197 117062 253785 45899 40281 41617 27426 61010 85629 66704 102732 49378 50760 
63253 92016 59763 81609 45706 39390 104218 215010 50718 54465 70935 115143 39164 19794 65681 99342 56400 71481 65661 99267 64178 94842 50598 54069 47258 44076 74719 126465 84711 156414 36177 10803 67365 104457 64530 95919 64578 96027 75116 127686 49876 51903 49774 51624 108194 226908 43942 34173 86925 163083 41325 26277 39159 19749 46656 42276 57547 74931 78656 138261 81971 148194 86891 162966 63535 92850 57425 74586 74168 124851 72610 120141 63824 93825 43291 32163 84392 155469 62121 88656 44697 36357 64271 95121 68297 107166 55946 70137 83271 152121 49259 50070 53053 61461 76286 131184 44000 34272 54434 65547 
86995 162996 73275 121818 35851 9582 48358 47055 77300 133899 155230 367752 45405 38217 74672 126051 83896 153681 71538 116634 71087 115287 85221 157644 70201 112584 36407 11211 35936 9756 46016 40038 66696 102099 57728 75141 56961 72864 33012 999 53240 61686 74883 126693 58615 77865 76470 131436 66913 102711 88838 168486 39866 21564 33446 2274 114198 244578 39039 19107 51497 56490 114981 246963 49308 49908 110523 233586 113677 243087 33801 3369 35355 8040 52162 58434 50818 54465 64749 96255 46834 42474 65245 97737 38301 16884 69137 109419 64638 95916 91781 177336 95064 187200 59173 79512 134944 306930 35669 9051 
105765 219015 73237 121410 38677 17703 33580 2424 44473 35148 80122 142059 68955 108558 77749 134928 49981 51636 62661 89709 75381 127854 35220 7317 52346 58758 48865 48306 89329 169734 48201 46314 120254 262464 55267 67518 49670 50694 62642 89601 48673 47718 62280 88503 66623 101562 42272 28491 67330 103644 38651 17652 60171 82251 55934 69495 61741 86952 73177 121257 33328 1656 33880 3324 51597 56490 79733 140883 122447 269061 53657 62661 92025 177774 51519 56238 48360 46734 60712 83802 38651 17655 40791 24054 79089 138993 57439 74019 66899 102369 35824 9165 65458 98028 185096 457062 56798 72066 51878 57327 
58189 75975 38347 16413 34248 4119 59205 79023 81721 146583 61416 85659 50396 52572 52730 59619 51833 56907 67612 104199 49250 49095 64069 93564 51703 56475 55663 68370 83074 150660 34640 5268 38345 16416 97703 194526 67820 104925 38160 15873 88844 167922 51545 56028 67606 104211 46308 40290 32914 69 56229 70089 53285 61239 63509 91890 83035 150525 46500 40929 43600 32136 40935 24198 43479 31857 49621 50220 52389 58575 77151 132816 83562 152061 51512 55929 69828 110895 91824 176883 67393 103608 46971 42351 92674 179415 68837 107919 34736 5589 62354 88416 72844 119934 45666 38379 45439 37692 80576 143100 
131194 294762 59776 80448 100582 202821 65253 96861 44829 35568 53785 62439 70801 113523 59783 80433 38104 15396 79335 139098 76131 129531 37618 13917 98750 197361 34523 4632 45761 38358 47192 42648 62932 89895 37944 14916 62641 89052 71277 114951 44384 34251 85292 156984 33295 960 36156 9549 36802 11499 95439 187443 66225 99804 36603 10893 66073 99327 40966 23982 95933 188943 49703 50238 58396 76242 49634 49986 43420 31380 81007 144141 35620 7944 50266 51882 44896 35790 79796 140523 43653 32052 99184 198672 95005 186180 76014 129108 36890 11745 45339 37116 91461 175503 42283 27933 56209 69720 77587 133887 
38845 17343 87532 163389 40039 20880 71005 113787 78125 135168 34913 5511 57833 74289 81834 146301 76439 130161 41192 24402 107976 224754 71168 114303 33128 114 49093 48081 34068 2952 68571 106470 42683 28848 48799 47136 78101 135123 42446 28149 64572 94482 54963 65679 63959 92688 64868 95379 45453 37161 57849 74349 67348 102837 36922 11559 77461 133221 88256 165558 72690 118860 74854 125328 85705 157932 34726 4953 55026 65871 97271 192639 94141 183204 47073 42000 75984 128778 81042 143910 86357 159906 69010 107796 47041 41925 42959 29676 89780 170151 58806 77220 70534 112383 64701 94869 67997 104754 69944 110625 
82719 148695 56436 69843 40456 21840 37050 11607 89779 169884 40752 22758 65626 97371 73860 122070 80180 141060 79367 138627 63940 92331 43008 29505 48725 46659 41254 24291 59593 79281 45333 36492 80847 143025 65791 97854 84194 153099 95272 186345 72404 117741 111875 236160 44700 34584 52989 59451 74079 122757 65371 96666 112565 238221 60210 81114 49533 49071 51677 55497 97483 192948 55139 65880 87235 162186 54446 63846 88872 167151 50929 53286 52413 57723 47714 43614 66848 101070 63432 90789 37869 14061 43840 32028 60518 82029 39242 18183 65326 96489 58081 74763 84292 153375 42948 29292 40874 23115 40388 21663 
73377 120330 44390 33369 66646 100101 59349 78213 170791 412671 63591 90930 54435 63489 50932 52977 40160 20679 71883 115839 100825 202740 53756 61440 43730 31389 55378 66309 33496 636 87534 162837 54177 62730 54363 63264 40633 22101 43913 31968 63013 89277 77320 132171 84488 153711 79163 137655 40831 22650 70509 111735 59973 80145 93746 181485 40518 21765 52214 56832 84732 154425 73187 119769 41175 23736 54276 63030 38917 16941 63233 89919 62885 88836 63491 90663 53347 60252 40633 22083 50462 51558 37440 12474 34201 2751 88583 165978 110562 231942 41270 24000 62910 88929 42427 27474 60796 82578 125321 276207 
91932 175740 42176 26412 73734 121095 35715 7038 66554 99537 44148 32337 37068 11067 82960 148824 44971 34770 38934 16683 93644 180825 84992 154914 44882 34590 91847 175488 42802 28323 45241 35640 66342 98871 59002 76878 69805 109326 33876 1512 72005 115950 60397 81084 71329 113889 70518 111438 49208 47490 71327 113856 78420 135150 68440 105231 43382 30039 42675 27888 59521 78438 103708 211062 72399 117078 54776 64236 47050 41049 40258 20649 81737 145086 47221 41574 42944 28752 44808 34323 42010 25893 63231 89556 84293 152772 48078 44133 61240 83613 46420 39162 43973 31809 106370 219045 60851 82428 57908 73608 
47563 42273 140648 321573 40634 21477 33867 1149 52159 56067 77406 131844 78880 136248 79300 137517 78952 136428 54600 63399 55576 66339 79283 137430 61273 83457 67569 102327 89762 168906 45543 36237 50982 52530 49205 47217 62333 86592 40540 21231 76294 128502 93639 180582 93408 179841 109218 227271 36155 8010 74103 121926 39056 16749 50806 51981 56493 69054 38604 15378 61694 84690 34494 3066 43335 29589 91603 174438 70758 111903 110342 230607 55692 66651 71909 115365 46787 39942 66188 98175 55651 66582 33697 630 74700 123657 45276 35400 123064 268827 40898 22284 51798 54966 84187 152163 60641 81525 60835 82080 
85377 155448 50018 49326 48442 44643 52831 57795 53094 58584 125489 275769 99512 197829 69042 106428 42725 27477 48400 44484 71785 114675 37372 11424 44931 34092 53695 60411 58267 74103 89521 167853 42828 27747 48044 43431 70799 111690 54240 62031 98085 193572 36345 8319 53407 59538 52204 55938 71711 114417 110637 231213 75503 125838 73510 119829 91678 174381 80653 141240 62150 85734 45027 34398 67245 101064 61329 83262 41239 23001 67852 102891 66721 99546 36894 9972 118346 254394 69158 106764 73546 119928 136258 308148 104431 212622 38817 15750 34051 1398 44084 31545 110629 231249 85795 156732 52661 57273 44130 31692 
60896 81663 59586 77748 66209 97620 55741 66231 67060 100179 36182 7521 100542 200643 74351 122043 65392 95175 83487 149433 35490 5433 91467 173436 59860 78579 97904 192777 43996 30969 40167 19476 37940 12813 71609 113835 49561 47658 53267 58773 55865 66588 63630 89862 51943 54804 50921 51747 97065 190188 55808 66471 93621 179928 122281 265845 89014 166035 60302 79896 115662 246006 38729 15153 75556 125658 42018 25053 50408 50190 68817 105453 105051 214146 43850 30516 85845 156552 88456 164421 86781 159342 104861 213585 86142 157461 81918 144792 76914 129735 81416 143268 37659 11979 44884 33642 42394 26175 70756 111240 
47499 41208 64666 92664 84031 150831 66228 97401 40765 20979 74168 121197 78012 132693 39263 16455 62517 86235 72856 117303 44440 32022 100029 198825 82135 145134 102510 206241 162376 385875 67246 100440 36341 7686 67262 100506 83595 149505 69941 108552 53751 59928 132724 296865 98483 194151 63961 90585 57460 71061 38670 14667 80337 139737 102153 205158 59375 76800 50879 51339 40700 20817 62656 86634 82480 146133 58444 74031 95046 183846 65159 94251 84529 152289 81767 144039 86593 158460 58733 74889 58714 74826 48223 43368 74844 123234 40785 21066 65266 94497 55170 64203 74540 122358 46151 37146 39388 16839 73829 120159 
67063 99561 89495 166887 53723 59535 83016 147441 62617 86208 81551 143082 60538 80016 63708 89469 118798 254802 35314 4308 85770 155676 49892 48093 107316 220365 149336 346392 116616 248256 45108 33699 72818 116847 67422 100638 35549 5013 95905 186090 38831 14859 55251 64152 129955 288285 79877 138042 68967 105273 111031 231465 57006 69408 66404 97611 66276 97218 85081 153633 47099 39669 36854 8907 44859 32925 63709 89508 64600 92193 89399 166635 92587 176151 51582 53130 41038 21552 89219 166056 47125 39795 60448 79734 146403 337611 62060 84618 79636 137346 50887 51024 59839 77874 44452 31740 74390 121668 90087 168627 
87761 161376 78214 132789 50031 48168 103941 209940 39433 16371 73528 118722 51523 52662 93004 177069 45964 35964 40451 19443 80241 138777 36712 8202 88710 164268 48275 42915 91721 173262 62873 86691 48042 42192 98083 192351 89083 165387 77341 130122 59647 77025 34453 1398 109283 226005 62033 84162 38322 13050 43841 29640 65410 94302 42927 26910 71272 111891 101312 202065 51106 51429 81334 142140 49233 45738 60234 78822 94829 182613 70379 109239 72044 114252 40105 18435 75514 124650 103154 207555 94010 180129 81878 143736 63881 89769 47825 41583 65298 93966 104185 210627 51582 52821 94515 181620 50265 48888 66830 98580 
58535 73404 47656 40770 50601 49596 75724 124992 70042 107919 60932 80568 56829 68313 113730 239010 45559 34467 42194 24372 50258 48576 175474 424260 39290 15651 61224 81444 60310 78705 44721 31974 96274 186648 105610 214665 111949 233667 34956 2634 42908 26523 54942 62583 71261 111558 56103 66111 37064 8949 65802 95235 47251 39561 65345 93819 52264 54609 64306 90726 64203 90429 54904 62514 59612 76608 57931 71568 50612 49620 70480 109278 104616 211638 41757 23091 50713 49938 77912 131517 99595 196605 109241 225507 48577 43515 42632 25668 56105 66081 63178 87300 51061 50967 69731 106995 46730 37944 64110 90132 
42604 25296 68564 103155 68543 103203 37838 10977 50773 49812 103300 207372 110510 229047 128079 281745 95792 184902 44969 32379 67779 100818 83622 148377 69616 106305 69652 106431 51585 52248 57575 70182 40479 18927 52345 54519 63378 87609 66163 96000 79885 137211 79091 134757 99501 196041 45314 33417 42577 25185 46465 36861 71513 112005 69842 107028 78987 134463 46544 37116 53211 57153 75341 123570 62263 84264 42172 24000 53608 58353 59022 74568 74457 120855 53030 56607 72192 114048 112643 235530 68605 103296 44257 30246 91008 170580 90903 170211 95888 185199 75358 123657 101435 201831 52232 54207 35041 2568 105545 214164 
45575 33927 66267 95982 72825 115701 52031 53268 116120 245550 60440 78528 53700 58317 62447 84534 71799 112599 76841 127722 61955 83112 108111 221535 125692 274287 41800 22590 38172 11673 75429 123495 53387 57381 87431 159546 75867 124830 66557 96861 63633 88071 82656 145188 52623 55050 102335 204195 34896 1854 74723 121359 43229 26871 84086 149475 35735 4380 99765 196503 63937 88965 44714 31359 80400 138399 101910 202977 60733 79419 59312 75099 34836 1665 94094 179466 51225 50877 72536 114798 87470 159567 58962 74088 62484 84627 90140 167592 56496 66672 67851 100788 49792 46551 55398 63402 85248 152946 70566 108900 
47200 38484 107737 220101 78144 131349 92121 173274 75194 122529 59835 76413 59323 74931 46098 35178 64950 91722 137798 310350 76462 126270 68863 103464 55850 64416 85929 154704 71226 110580 64986 91857 69902 106608 62131 83328 91334 170904 58964 73785 103555 207558 42541 24486 39260 14646 77161 128364 75092 122160 80335 137886 52992 55851 111713 232041 76416 126177 67310 98841 38114 11199 48747 43113 79169 134382 110646 228819 35277 2706 126422 276201 80792 139278 101600 201708 76903 127638 55198 62487 105424 213171 85713 154005 68392 102033 117856 250479 50663 48861 51735 52077 113552 237567 42475 24345 90459 168303 59664 75873 
66182 95136 49284 44445 87871 160203 65698 93687 38394 11739 146947 337515 53325 56577 115214 242217 99350 194679 87091 157866 123319 266595 54957 61446 60155 77046 45989 34539 51525 51174 36920 7305 45449 32940 71392 110778 138451 311964 84003 148554 63252 86376 79049 133731 54715 60762 61289 80457 71665 111648 66364 95676 75644 123534 89194 164211 73984 118545 70535 108243 51184 50109 45220 32262 48935 43398 59039 73683 79828 136074 34758 840 53270 56376 78463 131979 66393 95778 97677 189651 65826 94050 46141 34986 43757 27852 51997 52584 68714 102726 92036 172734 90340 167640 92209 173190 84873 151248 43782 27900 
127393 278526 57358 68322 71176 109866 71709 111399 54069 58497 96291 185157 42801 24687 54998 61260 39841 15795 49243 44031 49052 43431 72798 114687 52502 53826 62946 85185 60388 77427 63205 85905 56531 65877 37300 8166 62366 83409 43434 26577 53816 57750 34976 1167 64118 88647 34958 1101 120549 257982 39661 15258 51413 50520 43115 25656 42765 24594 86477 155751 55644 63288 59541 74967 39424 14556 93083 175521 70553 107952 77090 127563 103331 206349 63308 86205 54486 59778 53719 57441 63744 87507 92766 174624 37049 7401 39920 16080 115473 242757 51664 51285 105882 213945 45951 34146 95682 183408 42429 23562 
44735 30189 52572 53688 53549 56673 93240 175737 51783 51351 54459 59424 104355 209094 45918 33720 89942 165837 77717 129150 74891 120699 114006 238017 41131 19356 51860 51597 47231 37704 50545 47592 110464 227403 58548 71670 67492 98460 53057 55137 62113 82296 50499 47523 44306 28899 48734 42201 59475 74418 121318 259965 67895 99642 73259 115779 37189 7560 55557 62679 51959 51867 102503 203553 144468 329460 38059 10131 40940 18792 42182 22500 96428 185283 71335 109986 49093 43290 81247 139740 48974 42858 119412 254235 55896 63699 95355 182049 99909 195717 78187 130527 69440 104304 111106 229344 83991 147984 115036 241110 
66125 94095 57518 68256 39499 14169 64032 87753 84161 148230 46017 33735 43913 27420 81450 140043 67889 99366 72838 114216 42707 23796 45927 33510 89148 163173 64083 87933 54372 58809 98174 190248 60793 78090 53007 54732 93289 175605 37911 9462 59870 75312 94657 179673 73996 117654 90792 168075 51764 50946 78127 130092 106507 215277 53956 57543 70201 106350 44327 28644 60095 75951 57033 66780 59110 73002 45723 32841 35290 1536 37229 7362 48147 40116 37036 6801 62393 82863 94570 179418 125547 272334 89691 164793 65851 93225 99154 193161 63262 85506 72551 113334 62767 84003 82545 143364 72999 114690 40312 16638 
68830 101865 76096 123714 52598 53193 89835 164922 104565 209148 71678 110415 91803 170853 55034 60504 36516 4923 73453 115788 74887 120072 92933 174198 49514 43926 51021 48444 103015 204510 56276 64212 112374 232539 35082 591 67510 97929 69396 103563 59006 72375 60189 75987 64868 89997 51140 48828 58425 70719 55607 62214 37407 7587 40065 15576 60854 77937 72171 111903 115496 241878 63457 85761 42171 21894 69683 104424 77326 127362 45366 31479 76742 125634 61607 80196 116738 245649 68577 101076 54777 59733 48908 42162 96313 184377 71804 110796 35446 1704 49757 44670 89505 163905 83407 145620 66732 95571 39653 14349 
76685 125136 113381 235314 43097 24381 78630 131064 45361 31131 52828 53556 56898 65787 68747 101367 77725 128250 64100 87408 86297 154038 99614 193953 94619 178956 55437 61392 47649 38037 69910 104823 104092 207432 81704 140247 64941 89916 87345 157110 39794 14484 48674 41106 55933 62916 70640 107019 125130 270471 92841 173649 130586 286941 126189 273738 73592 115869 76294 123993 89692 164148 44132 27462 140775 317415 80091 135393 91877 170694 46529 34644 85502 151578 63333 85074 46729 35262 39540 13695 54334 58095 76850 125667 66443 94419 81300 139017 53663 56064 86086 153339 51275 48933 38512 10626 58500 70662 44813 29556 
70584 106506 230499 586308 60482 76248 69156 102297 39210 12429 42758 23067 71352 108891 82150 141204 46319 33783 71158 108312 52096 51099 66393 93963 52885 53493 38434 10101 39568 13506 51713 49896 44888 29457 117405 247059 52489 52257 50426 46068 66321 93729 99763 194127 81803 140220 110491 226353 93865 176388 67323 96726 72357 111882 57076 66009 100078 195018 47177 36297 58217 69462 57405 67026 44534 28383 151635 349713 96272 183681 52111 51117 38382 9882 69347 102858 50685 46827 47784 38190 81334 138867 41281 18618 60730 76965 42175 21324 58782 71154 65145 90252 115323 240789 123062 264015 78451 130170 111944 230652 
47401 36678 106224 213207 50971 47379 65258 90273 95413 180738 45150 29952 95730 181701 136515 304065 62237 81210 37596 7242 72373 111630 53230 54147 93789 175905 44118 26826 60616 76320 56501 64041 87698 157647 73575 115251 74718 118638 92085 170736 35773 1764 42065 20658 54397 57681 51781 49854 82480 141942 39437 12741 36920 5217 50378 45663 86416 153729 72896 113178 80810 136905 50612 46308 81549 139113 64602 88296 36309 3408 80820 136971 61087 77742 113874 236139 40959 17343 82176 141012 97885 188139 88567 160203 67542 97101 83548 145161 44080 26748 113438 234807 56919 65259 53714 55641 87350 156597 53142 53952 
64648 88128 70211 104904 109471 222624 59619 73056 52006 50199 42871 22812 56185 62811 69189 101769 38914 10917 51660 49182 83924 145971 62522 81756 65599 90972 99832 193731 61640 79104 35766 1464 96256 183015 55242 59928 70497 105639 62661 82158 113570 234894 66841 94770 55627 61092 51862 49779 44643 28092 54689 58260 62374 81306 44961 29076 68559 99894 50055 44355 42185 20730 39010 11205 60231 74886 70052 104319 112431 231495 38625 10056 82836 142737 119448 252606 67832 97689 46980 35169 84310 147141 108512 219738 81436 138519 76995 125211 45019 29223 55286 60030 81765 139488 73763 115482 79996 134226 36588 3918 
70598 105657 37207 5505 73358 113964 95265 179748 43797 25248 76888 124548 62743 82131 47846 37422 46929 34680 57534 66495 79326 131886 103152 203367 77398 126120 43611 24714 72417 111123 37803 7281 96053 182061 53563 54561 49635 42777 113782 235290 80394 135081 64153 86343 83465 144333 59867 73500 109653 222942 41462 18234 42345 20916 106910 214656 48604 39747 78189 128475 51604 48684 72879 112545 43761 25167 55060 59079 62514 81453 37340 5892 57952 67749 53265 53706 37845 7407 71546 108522 67787 97272 67198 95487 64152 86319 89722 163077 48598 39612 46783 34251 36325 2841 54364 57000 57360 65955 89205 161526 
70246 104346 94297 176502 125387 269790 42125 19959 154979 358554 69572 102309 41498 18093 80279 134427 75602 120408 60833 76074 68934 100347 65514 90153 40152 14055 60953 76458 49570 42312 43850 25161 83290 143463 58117 68004 39187 11133 53217 53250 35627 399 66346 92646 77305 125508 85640 150495 57297 65493 102863 202260 55775 60924 73009 112593 64002 85617 80463 134979 64700 87693 66336 92616 111496 228099 63791 84945 53417 53832 96643 183549 79359 131706 75041 118707 58316 68529 44243 26292 66847 94176 40097 13893 70475 105033 56086 61857 37532 6180 50510 45111 48900 40302 48325 38541 62945 82428 105817 211107 
59866 72864 38308 8223 112580 231033 70171 103779 98254 188064 68684 99327 38339 8274 78877 130005 95063 178473 100147 193734 60724 75438 86718 153480 120833 255861 80632 135225 54894 57999 49953 43152 58800 69639 64404 86493 52648 51219 85437 149604 47893 36981 69900 102990 82081 139551 58547 68922 90099 163587 50214 43917 56719 63456 70440 104595 61082 76545 48394 38484 50093 43590 67216 94905 78824 129825 62385 80457 37321 5229 72429 110625 35783 624 59196 70881 36093 1533 131797 288711 38329 8259 54891 57927 82504 140796 63906 84999 54958 58164 37072 4506 80125 133674 35645 192 99165 190821 50684 45324 
42225 19659 86246 151776 48623 38859 61014 76026 74200 115617 101716 198177 138618 308871 72586 110793 93064 172200 71578 107772 73192 112605 48863 39573 72952 111855 91432 167298 82217 139632 53398 53220 99743 192303 93940 174804 82243 139755 60664 75048 45522 29568 76503 122520 133224 292719 53759 54285 80409 134265 101340 197019 68851 99561 50611 44805 42591 20730 92992 172002 104399 206169 35704 39 107733 216252 67610 95805 41548 17589 38138 7386 120177 253560 48102 37287 53128 52392 43506 23547 131520 287562 38562 8670 74710 117138 41805 18381 119940 252831 79596 131760 36493 2418 146194 331599 51895 48696 43489 23469 
50143 43158 37488 5145 67243 94392 95310 178614 106160 211200 44216 25329 63371 82833 87294 154626 59585 71472 69680 101748 94030 174819 76786 123096 85708 149844 84591 146472 78011 126723 51856 48270 40171 13212 51241 46488 117604 245538 94722 176865 54752 56949 98254 187464 57453 65070 42730 20874 78917 129471 75993 120654 144461 326118 79847 132252 102245 199434 67526 95253 75294 118590 54045 54834 51227 46392 80557 134391 86241 151422 55453 59070 65546 89355 76823 123207 52723 50889 54682 56700 73595 113487 111103 226017 96334 181677 52661 50664 54619 56568 77950 126549 51062 45897 105940 210486 45494 29175 107528 215283 
83054 141543 108053 216570 122403 259608 119453 250779 71515 106944 67888 96048 96447 181734 53660 53388 38823 8817 92925 171141 76517 121935 58727 68580 76618 122289 69160 99864 111183 225957 77842 125946 79861 131991 61957 78288 38846 8895 49300 40263 73313 112332 108330 217455 110124 222774 61921 78135 61955 78246 87883 156039 71425 106659 85015 147447 76021 120474 102932 201225 70866 104991 71047 105525 88674 158394 44539 26007 55951 60246 38744 8625 66370 91518 93105 171723 50439 43734 53417 52671 70902 105090 41520 16923 71916 108141 88686 158484 43745 23691 39393 10536 74211 115023 52791 50748 71037 105531 63250 82194 
99934 191877 105985 210081 45639 29001 78340 127119 88982 159030 36392 1221 107050 213261 112653 230058 57679 65190 155562 358806 107288 213993 40606 13902 96750 182349 84011 144189 76767 122373 40853 14604 64356 85158 95918 179847 111891 227808 50729 44241 165937 389928 47538 34707 75127 117471 77921 125892 98889 188739 57743 65331 104873 206709 81574 136815 109156 219624 81601 136878 63283 81957 51682 47112 89461 160521 124385 265281 65262 87888 46438 31416 71616 106986 101928 197865 40371 13206 118763 248397 68443 97410 70049 102285 38947 8886 49122 39465 75353 118158 39859 11667 80734 134310 45873 29727 111840 227610 55839 59562 
125158 267312 47692 34869 36177 276 36490 1233 66689 91857 97240 183558 54132 54222 48051 35961 63989 83778 91524 166353 76251 120534 70108 102123 44667 25800 118593 247590 36239 471 89074 159021 61328 75750 51788 47139 95966 179697 53022 50850 55090 57096 84564 145500 48626 37686 59706 70929 80887 134481 50029 41916 131274 285612 74894 116481 41401 15966 69333 99780 74033 113937 73270 111594 63077 81012 69312 99765 77739 125010 68917 98568 42704 19932 95768 179115 58319 66768 92796 170181 55063 56973 78553 127461 39722 10923 48226 36471 39594 10545 94396 174999 94558 175482 85295 147657 64763 86043 43620 22653 
58965 68379 65998 89541 62910 80241 91273 165336 95581 178242 52095 47802 73347 111534 43904 23223 83115 140874 76677 121530 68811 97953 46797 31857 109304 219414 103568 202188 67675 94524 66083 89757 44098 23778 61226 75207 75058 116649 66960 92364 69113 98832 47004 32484 59523 70035 75302 117399 64023 83562 58462 66870 50153 41904 57536 64083 68294 96384 60305 72381 61074 74751 69160 98955 132162 287976 86812 151953 44828 25974 83415 141720 41451 15828 80076 131718 100543 193212 108342 216582 69508 100062 59478 69933 67972 95373 58314 66459 59394 69663 48326 36498 66634 91422 40900 14193 64386 84648 96478 180915 
55150 56652 101692 196293 65404 87375 57507 63720 45511 27696 50798 43578 50686 43248 94265 173988 72907 109905 73503 111735 47015 32280 45979 29130 65251 86961 85354 147360 75417 117441 76490 120708 80213 131850 43849 22731 65094 86511 75018 116220 36547 813 59850 70716 41298 15069 102188 197790 92535 168831 41702 16251 87787 154578 89493 159663 37640 4083 75276 117063 44133 23538 81160 134709 63317 81204 92685 169245 80407 132450 55651 58137 68138 95613 74984 116127 47070 32421 68974 98139 90735 163443 89375 159336 121962 257094 92869 169764 74572 114924 96835 181752 86795 151602 67004 92241 105751 208479 80291 132054 
68997 97872 120904 253623 37079 2127 38132 5268 47485 33366 68254 95682 76246 119613 63831 82377 60099 71178 52239 47574 87401 153114 120420 252126 61722 76074 67869 94515 41315 14799 93471 171321 58543 66567 56501 60429 75737 118110 93641 171888 46799 31296 72507 108423 80725 133077 79136 128280 61264 74694 76435 120195 48234 35583 77172 122382 83062 140088 40866 13464 44385 24054 52885 49530 93791 172326 48629 36771 71957 106782 80234 131586 117448 243255 92126 167316 39202 8517 133313 290865 68261 95703 49355 38991 107437 213195 72267 107721 50749 43140 66892 91539 58702 67032 41583 15606 110944 223797 79408 129135 
102740 198819 96004 178623 77926 124398 87968 154512 69336 98580 47992 34566 51519 45141 76809 121020 48454 35937 82066 136797 71674 105639 145015 325626 76432 119886 70734 102831 58202 65199 100310 191502 43436 20907 45312 26490 41266 14379 99495 189096 45151 26025 70354 101661 79006 127662 95231 176277 47881 34227 38212 5220 80921 133344 74805 115035 58026 64653 71089 103875 67789 93915 39978 10542 109042 217752 62359 77679 58674 66621 72650 108507 66216 89247 39174 8097 63003 79653 94915 175398 47519 33150 56030 58725 80153 131031 45363 26661 62511 78123 50357 41682 44006 22629 68040 94692 60123 70959 101043 193728 
49613 39168 82442 137691 82356 137331 82191 136902 114685 234402 53280 50124 66655 90285 156402 359490 113270 230220 77354 122352 72861 108864 51086 43542 58007 64332 51337 44250 40000 10290 58782 66630 111480 224751 62263 77061 43372 20373 40891 12945 38187 4824 41721 15480 50793 42654 38450 5643 68814 96732 63830 81801 81065 133497 80004 130329 64512 83838 39114 7608 51177 43806 67907 94029 57528 62841 46560 29970 63557 80982 42220 16953 104518 203865 89118 157611 58675 66300 42332 17271 97403 182520 114909 235071 68631 96195 38578 6000 125825 267768 41021 13293 98609 186120 51917 46041 76423 119586 93502 170814 
136646 299982 37177 1512 75241 115725 37445 2274 107898 213747 42245 16743 90211 160671 112198 226569 108034 214131 46601 29793 64061 82155 113405 230250 121273 253863 60220 70641 121880 255687 100083 190275 71965 105888 53174 49542 92824 168465 46167 28482 94041 172149 84376 143112 56130 58347 47617 32862 45003 25017 58884 66642 41630 14865 74245 112719 68618 95817 59386 68160 57428 62268 112951 228864 86237 148737 70884 102672 59629 68925 89383 158157 47573 32709 120800 252390 115360 236091 130115 280383 56304 58878 72772 108315 99377 188115 76610 119841 62347 77034 70428 101295 129306 277953 53463 50346 102219 196659 73942 111834 
43759 21006 115856 237276 64712 83844 75322 115668 45050 24825 47183 31239 41273 13467 59777 69021 43249 19437 42749 17949 48899 36387 56742 59907 95520 176277 60890 72363 103439 200034 57261 61494 57177 61188 59560 68415 99385 187848 128450 275034 94443 173049 114417 232959 109856 219288 65250 85443 91277 163551 54582 53463 77945 123564 89463 158088 102398 196896 54199 52308 96973 180609 41901 15348 50945 42489 47696 32787 48262 34452 77818 123111 42144 16059 71283 103578 41738 14880 41895 15351 51380 43839 95884 177363 110398 220875 48205 34296 64298 82584 63795 81057 62266 76443 58788 66054 77109 121026 52231 46365 
75864 117012 47501 31884 78522 124977 77803 122799 86447 148716 43630 20226 56507 58938 45720 26526 107482 211893 116500 238926 84596 143190 39217 7017 125524 265992 128072 273633 39267 7185 149095 336705 60949 72276 45276 25284 53167 48840 56448 58737 70711 101532 96108 177717 59202 67035 76831 119886 67763 92718 37147 777 105538 206013 53987 51336 68985 96321 39144 6780 38646 5319 110960 222327 96750 179640 79005 126408 123179 258966 89654 158361 122869 258015 46690 29472 62755 77658 43973 21312 53580 50130 53340 49365 38819 5811 82764 137739 53327 49353 55524 56001 62671 77406 112371 226485 107824 212874 113054 228582 
107082 210399 52093 45390 136780 299496 87539 151728 51708 44196 98924 185883 46478 28488 52323 46041 100132 189543 67479 91521 95000 174147 78116 123483 73685 110163 95179 174639 64948 83943 84055 141228 47659 32016 113395 229278 45725 26265 51221 42753 79099 126405 87022 150159 117610 241941 57601 61914 91766 164436 80582 130866 73191 108663 56448 58464 151315 343074 93052 168258 76301 118038 44536 22683 70601 100860 117632 242025 38451 4437 92206 165681 58548 64743 68075 93387 60455 70449 109227 216843 73088 108372 81412 133356 85011 144132 63459 79506 63242 78852 97288 180963 58854 65610 45451 25428 85468 145503 50774 41415 
51659 43788 50733 40980 117839 242418 60996 71760 89482 157284 83053 138006 52051 44982 58608 64608 50066 38961 65234 84513 55684 55809 58316 63729 69122 96186 40379 9936 85596 145581 41065 11949 41109 12138 59704 67959 40442 10101 45048 23943 98102 183108 53857 50397 49177 36351 50252 39558 57036 59898 82258 135564 58346 63822 61203 72411 60238 69507 94068 171015 93253 168540 144265 321615 45553 25440 37206 357 96652 178782 135282 294666 49554 37425 45584 25524 96922 179583 62579 76539 54258 51519 105964 206736 56134 57201 85071 144033 64637 82695 52274 45606 81206 132429 77292 120648 52292 45651 47559 31470 
91769 163833 69770 97821 94480 171951 44969 23391 71618 103374 62201 75132 60900 71238 48177 33015 77693 121572 37666 1455 47629 31395 56206 57138 62991 77490 86272 147369 96556 178161 66137 86919 89376 156594 88939 155265 86183 147057 53224 48183 123991 260529 53222 48141 93229 168198 81198 132075 69442 96834 56561 58173 111672 223578 94696 172563 120498 249993 69663 97482 46192 27051 88411 153780 141805 313932 78320 123444 55673 55521 85738 145722 84939 143298 130880 281196 118780 244884 56077 56712 111498 223005 66699 88623 69645 97452 70110 98820 42083 14688 75931 116265 62756 76740 75122 113913 42641 16443 54508 51990 
84651 142137 56781 58581 38054 2310 91841 163734 70485 99645 92474 165612 88896 154878 43611 19008 50117 38523 103768 199530 48515 33756 73287 108051 66711 88296 88445 153507 67811 91605 88735 154398 96573 177918 53331 48159 47233 29889 59915 67908 71386 102339 39630 7047 68971 95085 102608 195999 76998 119166 89520 156807 89886 157869 153564 348921 90286 159033 102740 196446 56105 56571 41853 13758 91384 162351 64886 82812 94324 171171 38540 3786 104209 200829 71159 101715 121488 252639 92091 164493 37815 1608 64297 81075 37760 1446 136841 298749 107336 210228 53305 48126 64244 80916 56909 58926 97932 182007 105449 204540 
75757 115164 42645 15864 70921 100665 128491 273384 50345 38907 61928 73692 92666 165873 53846 49413 84442 141198 47953 31734 57693 61008 68443 93213 48618 33774 56971 58788 41012 10920 135113 293229 59363 65973 55672 54882 87910 151632 93433 168180 85247 143652 78042 122037 87503 150417 43415 18135 68794 94257 47892 31587 86098 146169 44945 22743 67452 90246 38710 3978 88227 152580 93221 167556 50924 40671 74087 110115 79452 126249 46377 26994 97149 179391 75575 114642 83923 139680 106917 208695 92775 166227 133099 287214 54819 52341 81017 130932 86149 146358 79322 125868 109907 217659 91118 161265 86653 147858 91021 160983 
96645 177546 99685 186636 102446 194982 48901 34269 41032 10644 87777 150951 114092 229878 110292 218457 51476 42039 55506 54108 65918 85338 92687 165624 76344 116661 134733 291798 55394 53802 46809 28038 134208 290244 44458 20949 124120 259968 119277 245433 92421 164847 55130 53007 95752 174864 73356 107715 47219 29238 82555 135267 41814 13035 55645 54519 120839 250110 98850 184125 68988 94536 53839 49107 86409 146847 91068 160794 86362 146697 40459 8952 116080 235833 80682 129621 70906 100281 47861 31167 73768 108933 115230 233334 64252 80337 47704 30687 63026 76704 103996 199560 39840 7077 98541 183252 67412 89820 51515 42129 
56534 56949 56195 55878 99512 185838 72971 106224 133445 287664 44758 21564 50013 37293 64033 79365 49356 35352 44569 20970 86776 147645 75412 113529 63454 77682 48118 31629 63390 77463 91820 162726 60705 69390 47847 30843 71992 103260 67981 91236 144170 319830 78472 122742 41827 12726 89440 155595 51853 42849 42104 13593 90589 159096 54091 49581 71486 101760 101740 192495 112904 226005 51559 41952 82281 134145 66363 86370 43807 18729 39701 6360 89338 155313 74428 110565 73760 108618 38228 1920 101143 190722 69981 97263 54296 50172 63345 77307 51489 41748 98136 181710 123790 258708 58389 62460 66253 86085 84305 140196 
46893 27672 61785 72357 109923 216771 72471 104433 59808 66417 75779 114309 71958 102885 132577 284748 44135 19380 77630 119898 43880 18642 67655 89949 91314 160917 107030 208101 60483 68433 64868 81606 79266 124797 73312 106938 67545 89625 93706 168120 74904 111714 127620 269925 75463 113400 91943 162864 46016 25047 41763 12255 70691 99075 107318 209010 71719 102177 183521 437625 70747 99234 44011 19017 92673 165018 72495 104487 52252 43776 100129 187389 45022 22023 50348 38007 64028 79092 48582 32772 90656 158985 72395 104160 100882 189654 57222 58674 115913 234738 54120 49359 69324 94983 55963 54882 79677 126024 124002 259005 
64737 80913 73362 106815 58526 62280 91223 160416 58254 61443 87051 147891 65000 81708 87311 148662 85209 142302 65391 82866 103126 196059 57538 59289 107358 208767 95497 173226 98488 182193 122008 252735 82222 133392 163714 377841 78859 123303 56910 57465 62549 74364 63945 78498 96087 174990 42492 14121 66078 84963 72527 104262 71262 100488 72586 104493 55913 54414 120608 248526 64361 79875 43361 16764 79443 124983 40629 8577 39489 5133 83478 137145 39171 4179 56188 55329 49298 34587 79896 126408 40593 8463 41611 11496 62883 75330 92516 164259 40680 8733 70817 99135 79929 126450 87750 149952 52108 42996 63383 76839 
60495 67857 59319 64404 63976 78300 43359 16467 65672 83445 55181 51924 72315 103365 68205 90981 61630 71301 61140 69792 73796 107760 86252 145146 74637 110277 47888 30075 63778 77688 110034 216519 53304 46293 83744 137604 87882 150036 107822 209841 90270 157164 65665 83361 72716 104532 104093 198690 57075 57579 55316 52323 89144 153840 53052 45519 115304 232329 109586 215196 103099 195687 75207 112095 112969 225309 49870 36003 115773 233739 73753 107631 85099 141708 55685 53409 57886 60030 45852 23949 91078 159660 116719 236601 81310 130368 39413 4629 83564 137109 63555 77073 85441 142716 132964 285330 135456 292815 43266 16227 
80811 128526 88661 152130 93524 166701 84335 139098 70994 99090 59017 63135 60887 68718 68295 90930 73115 105408 91813 161541 87654 149052 112993 225123 47985 30048 69211 93744 93163 165582 53481 46545 114138 228513 96494 175536 108421 211380 64656 80070 79352 124149 82648 134046 102303 193101 80423 127341 38310 966 83350 136143 64755 80358 58093 60336 96772 176397 50847 38658 75374 112176 41655 11031 42015 12138 74624 109992 117981 240072 71801 101529 53254 45879 48064 30282 74429 109368 89359 154233 80666 128091 77675 119118 88812 152547 155236 351843 71571 100821 140484 307551 68783 92529 76201 114696 45575 22806 44006 18138 
70117 96150 172040 401946 105974 203733 54462 49179 115241 231525 52910 44478 106566 205518 75470 112200 128117 270153 69451 94182 117717 238953 65802 83232 50873 38358 88430 151119 75644 112797 46897 26430 48643 31710 98638 181731 109531 214437 45684 22851 80622 127692 109880 215496 95462 172197 73660 106800 80390 126936 84026 137922 85126 141171 65678 82824 112678 223845 68270 90594 76358 114849 46982 26736 118778 242154 86759 146103 63639 76689 104959 200676 57712 58926 43395 15987 77018 116892 64597 79635 82288 132636 60588 67566 75126 111171 86885 146448 73651 106728 77821 119256 94033 167919 133848 287355 47838 29316 51696 40836 
99658 184509 92649 163458 56091 53772 66500 84999 79995 125496 88160 149964 94001 167496 40846 7983 91671 160533 61496 69969 43000 14475 51873 41082 83796 136881 93233 165219 62681 73515 98569 181227 42647 13395 56701 55566 90578 157209 44553 19161 95791 172845 55335 51480 74800 109854 46911 26226 49541 34125 40260 6225 52356 42543 92330 162483 52442 42810 52414 42771 95187 171072 85197 141075 114259 228330 98389 180705 50315 36447 88455 150858 81278 129408 60726 67650 90430 156801 54164 47967 79543 124122 79277 123303 127961 269400 67155 86958 110503 217020 56658 55458 114693 229623 46486 24915 104037 197664 49774 34785 
94093 167496 80509 126708 56179 53721 76074 113406 67631 88047 70948 98064 52318 42117 112373 222294 95762 172479 108103 209538 79136 122643 106765 205512 107344 207231 80582 126954 75515 111819 53305 45096 125232 260880 92475 162609 133394 285381 39706 4284 41028 8232 105263 201006 114386 228366 65187 80808 49026 32262 60877 67824 40096 5436 75453 111513 74189 107769 51637 40113 66842 85770 42346 12168 47736 28392 104201 197805 38655 1119 101890 190896 76247 113925 151619 340086 51873 40803 40752 7437 85199 140844 76806 115617 143884 316842 58630 61056 66708 85299 45389 21321 59864 64764 58692 61296 54027 47298 112958 224085 
76043 113019 42854 13455 69509 93417 90919 157713 176680 415029 104748 199146 127251 266724 58026 58980 131693 279978 86251 143682 49387 33060 92589 162639 93470 165282 73964 106785 48884 31527 75009 109962 117203 236571 80493 126372 110854 217488 56731 55092 74258 107655 42383 12024 134139 287319 47619 27732 46440 24237 92698 163023 76329 113871 57543 57513 75614 111768 45751 22137 100294 185793 113010 223938 88104 149205 109947 214752 193329 464922 73219 104541 60991 67866 46264 23667 110907 217647 69278 92787 51196 38481 63240 74628 129090 272190 75581 111627 61309 68820 125960 262806 52355 41946 44280 17721 70768 97197 75086 110187 
79976 124509 58989 61539 113497 225102 55526 51162 72751 102798 42626 12450 59664 63573 97872 178200 86890 145242 78204 119214 71835 100077 44734 18774 58014 58632 123536 255174 76549 114285 121742 249834 93301 164502 54254 47334 96089 172902 47792 27948 98167 179076 99769 183924 65393 80772 40266 5352 41107 7929 47564 27294 49241 32304 89569 153360 75924 112347 58754 60861 66868 85203 109528 213219 82112 130947 108810 211065 96321 173607 69207 92205 78289 119430 82418 131865 74970 109482 64569 78270 75229 110313 116807 235023 74588 108357 94328 167595 144042 316701 114956 229479 61209 68310 92660 162597 120702 246759 63352 74649 
39184 1806 65613 81132 63611 75114 42261 11040 68385 89490 109749 213567 117653 237270 103032 193413 47179 25809 78614 120150 80267 125094 44840 18801 53763 45600 90479 155754 71019 97377 74299 107160 104049 196485 85593 141117 97414 176526 79473 122763 75256 110088 104584 198045 58545 59919 124315 257262 108627 210153 74158 106791 42925 13083 102047 190425 82450 131643 60027 64347 38659 207 79447 122634 68958 91173 66583 84051 95581 171090 162154 370818 45614 21150 40524 5835 49774 33594 115130 229680 84080 136542 69323 92241 108616 210147 98625 180228 48847 30807 51905 39978 59510 62793 84673 138321 41709 9390 130046 274458 
68373 89130 67237 85728 115356 230058 86401 143223 113592 224814 53150 43425 88171 148515 57356 56052 49715 33147 54928 48750 75715 111129 43470 14382 45749 21249 98935 180813 84336 137025 52058 40167 87157 145473 80580 125712 121179 247545 56237 52722 39352 1992 43426 14262 80688 126066 104281 196845 66645 83946 122860 252606 51979 39972 88140 148410 51300 37848 106292 202905 40575 5709 85542 140664 66692 84051 77824 117465 159354 362073 88366 149064 89447 152415 40835 6459 95811 171453 103464 194391 74962 108894 82398 131202 57644 56925 55247 49722 78781 120351 45364 20064 52455 41355 71946 99831 68274 88803 82955 132867 
83704 134802 40305 4578 45803 21057 56171 52215 105314 199644 135197 289293 49391 31857 46676 23694 88508 149253 44577 17388 44906 18399 48150 28122 39890 3354 105077 198933 80644 125616 85989 141693 105527 200301 55607 50493 71430 97965 61934 69549 105341 199734 68124 88074 128047 267852 55158 49182 84542 137298 162638 371625 49900 33402 115830 231153 74160 106200 102160 190197 137097 295017 49876 33303 43293 13554 50023 33741 98309 178692 57849 57228 40947 6534 101723 188853 93770 165012 138437 299004 39839 3174 51814 39087 82665 131688 62660 71679 49222 31377 60666 65646 81279 127530 67019 84765 87104 145038 46111 22032 
83598 134169 90092 153702 48133 27780 108419 208692 70149 93849 82287 130236 77303 115299 80759 125694 88446 148782 87645 146343 65335 79398 106713 203595 42116 9705 65957 81225 80805 125781 78526 118962 115801 230832 105456 199752 61203 67038 107605 206214 42411 10605 71842 98928 61542 68064 141414 307659 64790 77763 41325 7356 69530 91962 83402 133596 63177 72897 114462 226824 83514 133950 99457 181764 59598 62229 117375 235533 45592 20169 42394 10566 45891 21063 128204 268020 84116 135795 79883 123051 72511 100914 84395 136623 55150 48816 92450 160794 83821 134901 80919 126201 104828 197886 42191 9948 53569 44118 145734 320646 
66833 83556 68175 87597 81968 128985 117008 234108 99575 181827 81161 126594 45839 20601 100955 185973 97711 176190 60229 63780 98674 179139 94682 167148 44326 16035 83188 132675 48566 28752 59386 61242 125797 260517 87650 146088 40368 4167 59808 62550 106030 201183 65428 79386 86231 141759 74581 106791 50032 33198 66831 83613 93411 163281 54126 45468 60225 63774 79813 122532 61482 67494 122645 251055 51362 37167 64005 75069 58288 57999 40671 5079 52803 41499 58754 59409 128457 268470 54070 45291 49146 30510 75591 109854 119247 240861 90572 154788 66245 81780 79152 120555 99970 183009 90740 155310 91654 158073 55860 50679 
60914 65544 105253 198570 136236 291519 46929 23571 58256 57525 66680 82866 85892 140466 72697 100926 90292 153678 103784 194199 82715 130989 44555 16476 63171 72315 56668 52830 93916 164511 128870 269430 41612 7593 71532 97371 49852 32376 175863 410391 65045 77946 83722 133977 83458 133158 73184 102369 67483 85242 87971 146742 92712 160911 60218 63465 110704 214911 70848 95292 60195 63360 70968 95688 140049 302922 46469 22197 153348 342879 80127 123171 40055 2937 68425 88122 110693 214917 55901 50469 83587 133596 72829 101244 59168 60288 80250 123552 119493 241263 111628 217686 61140 66204 59867 62385 39597 1545 66759 83076 
46044 20643 149001 329532 122958 251394 64206 75135 86268 141306 75172 108036 72840 101010 72676 100539 89684 151551 122134 248865 86809 142908 94920 167253 65469 78855 41531 7065 92239 159264 47521 24999 77193 114033 65287 78354 52412 39711 50035 32568 51725 37668 63968 74367 53624 43356 67286 84393 87863 146127 108768 208785 77478 114945 180813 424977 66080 80742 83389 132639 59826 61980 110391 213666 60890 65178 124377 255630 72672 100491 86553 142194 56108 50787 77263 114288 102872 191118 49963 32361 123160 251988 150053 332721 52936 41301 39780 1779 39556 1125 71244 96249 102644 190404 75783 109815 79360 120579 114939 227310 
78672 118245 54906 46881 117886 235842 75947 110025 68026 86298 60159 62670 50413 33450 63368 72294 111259 215988 120396 243417 130360 273282 53568 42894 73478 102600 40317 3135 45165 17697 41830 7683 62175 68736 98284 177090 73061 101364 181356 426306 63924 73935 75390 108369 73073 101400 49733 31374 74775 106524 123186 251865 71807 97614 92021 158298 46065 20367 40275 2973 98139 176637 45142 17589 79480 120678 126882 262854 93845 163716 67102 83526 85789 139596 70671 94215 99166 179682 117227 233919 51161 35712 44485 15591 77758 115482 134631 286095 68093 86454 48044 26307 40584 3927 59187 59823 79107 119502 45951 20055 
142247 308640 93198 161505 45746 19140 97407 174129 59630 60771 82280 128751 77493 114408 50237 32601 54473 45318 70178 92463 69301 89787 64179 74448 89625 150837 66109 80190 58974 58806 94893 166563 83939 133716 74431 105195 39611 681 108917 208653 81612 126762 45086 17187 148014 325923 58831 58395 84235 134586 61641 66858 45767 19173 40416 3123 46562 21561 78957 118800 79717 121062 60972 64788 110728 214128 111983 217911 72589 99639 45416 18138 61030 64974 53621 42747 43872 13488 119848 241443 63671 72915 52722 40050 56933 52665 53832 43386 59498 60405 79153 119367 108932 208698 65177 77478 118154 236370 72403 99111 
58641 57477 59825 61068 70565 93303 76654 111555 49692 30678 122136 248025 90572 153336 53938 43404 58217 56289 90314 152544 43177 11103 67702 84714 80937 124401 46420 20826 103661 192573 67660 84615 66333 80601 79684 120651 95765 168906 79058 118776 79083 118878 94193 164178 92181 158142 45451 17925 98224 176253 92395 158784 69131 88965 72496 99081 91385 155736 85109 136938 117605 234441 90185 152130 73369 101664 77917 115398 138656 297561 71474 96015 101499 186126 124601 255420 153739 342828 95694 168684 95763 168888 67224 83256 60761 63837 77418 113865 67038 82725 83674 132603 91339 155601 97389 173796 74398 104769 100012 181647 
87465 143730 46931 22056 39625 102 71465 95712 52071 37515 107581 204027 120507 242856 59080 58542 59033 58383 103844 192825 44107 13587 48715 27438 40305 2208 68981 88245 43146 10710 57363 53409 100897 183990 68624 87165 69183 88851 45988 19236 79901 121038 57428 53577 67092 82569 55358 47355 108327 206292 100910 184050 51042 34416 62805 69726 86843 141903 68903 87975 64836 75771 171430 395610 83486 131730 112088 217599 62364 68412 65284 77160 86680 141360 75167 106800 79913 121047 151575 336081 78159 115770 58742 57543 48659 27288 44842 15843 84743 135549 93944 163125 74602 105123 70331 92292 73684 102399 126685 261366 
112079 217236 115822 228477 85490 137472 47478 23406 121397 245217 57281 52896 67834 84540 41446 5322 42101 7293 86601 140823 83594 131766 63488 71457 62663 69024 44771 15297 51951 36837 137561 293691 71564 95685 58605 56844 39844 471 55136 46383 89315 148944 78800 117399 113871 222633 54367 44082 75615 107898 89182 148566 73541 101625 50777 33315 140308 301923 76023 109026 70868 93633 117706 234102 77124 112383 102800 189393 156412 350316 72159 97494 40660 2970 64906 75672 90663 152982 113864 222555 84593 134781 46587 20781 77555 113610 79418 119256 65563 77682 106826 201498 122756 249279 41260 4782 40786 3315 80336 121998 
67865 84276 88134 145092 74109 103026 96454 170046 95186 166242 148539 326298 82871 129297 63739 71916 83933 132456 118559 236394 81513 125241 73915 102438 39997 627 53504 41232 78850 117231 104253 193449 73525 101268 148303 325644 50397 31881 77471 113076 53871 42348 134967 285627 101658 185718 71809 96174 48804 27084 104149 193131 53112 40029 45510 17202 50149 31119 108227 205443 69718 89853 75234 106422 65942 78546 80704 122805 57060 51936 71649 95601 149938 330552 42546 8304 95321 166626 58848 57246 67101 81993 104521 194265 111021 213789 157162 352239 109460 209127 79429 118971 100733 182880 73319 100665 50849 33219 53621 41592 
94015 162456 120204 241047 103405 190608 64714 74532 70240 91158 50999 33399 70331 91383 124009 252480 70358 91494 43102 9705 45349 16431 104309 193326 50400 31566 87184 141954 80422 121674 79195 117987 72681 98463 85656 137379 71493 94869 173021 399471 96529 169995 134032 282531 52593 38154 64662 74424 99636 179301 122576 248172 62640 68286 96356 169452 61347 64422 76635 110298 48442 25707 80780 122742 120992 243378 50669 32364 55660 47355 58418 55635 77319 112332 51247 34107 84274 133266 100196 180999 52366 37473 55344 46425 97920 174189 77276 112254 53141 39798 135761 287685 154041 342585 56330 49383 54818 44847 68443 85701 
97719 173274 89962 149961 95549 166737 58643 56058 51331 34095 71372 94200 72592 97839 55618 46890 64032 72234 82637 128004 77828 113595 55993 48072 98330 175083 71496 94608 115346 226167 108333 205089 99026 177189 77748 113361 48568 25842 97095 171405 83163 129570 53552 40737 83203 129729 80338 121116 40903 2748 101053 183240 54599 43887 50073 30321 42452 7440 54401 43275 75514 106617 50967 32931 49072 27270 46883 20724 75371 106230 76777 110433 87302 142017 106045 198252 93182 159648 46305 18999 51321 34080 84652 134085 103111 189408 47373 22173 75954 107937 85842 137625 86088 138363 62154 66528 60036 60198 62195 66651 
52267 36609 64474 73224 60019 59832 59171 57321 74475 103218 45926 17568 47743 23001 40192 303 85227 135483 53005 38814 90420 151068 54291 42702 122638 247707 82654 127755 99410 178032 71897 95502 67252 81564 80042 119919 65487 76263 69381 87951 64062 71976 82549 127473 59051 56961 52696 37926 97494 172311 66596 79590 48383 24939 56827 50298 56180 48312 110091 210048 45463 16173 65671 76815 100544 181413 106978 200769 40427 1047 48914 26544 75375 105933 107087 201105 74154 102279 114895 224484 44907 14505 61957 65688 70794 92175 76537 109410 45676 16812 66521 79389 42043 5886 64920 74553 84535 133377 97703 172935 
55469 45891 100650 181467 71173 93000 106768 199887 47766 22842 68003 83484 95306 165402 65186 75111 51462 33849 73595 100323 83327 129483 59151 56982 44907 14178 69840 89013 73544 100086 96875 170124 60783 61851 63962 71421 82046 125646 60755 61782 83605 130299 116309 228411 56956 50322 124559 253203 94468 162897 82474 126957 84325 132522 42570 7158 70954 92364 110081 209763 100263 180255 112468 216885 65726 76671 79787 118908 75518 106008 61444 63804 108069 203700 56659 49440 88235 144204 49843 29022 47932 23289 45426 15759 67509 82074 48713 25659 62510 67059 79779 118884 49964 29376 71949 95382 58965 56388 140726 301698 
76553 108852 107160 200679 119227 236907 98648 175155 68218 83865 83777 130530 90132 149616 40916 1896 44208 11805 52797 37611 111059 212376 55349 45249 91270 153030 43487 9591 124046 251328 83495 129687 66332 78186 83919 130968 132641 277131 94922 163986 100058 179421 58728 55410 110625 211050 89017 146280 71938 94998 94744 163404 94763 163491 82844 127725 81813 124641 46962 20040 73925 100947 152523 336777 64382 72339 50789 31530 62235 65880 58113 53520 55885 46827 82317 126195 68892 85902 70500 90735 46350 18243 78272 114054 53503 39702 102102 185526 67408 81450 55527 45756 67846 82731 75118 104598 65900 76893 71068 92403 
132070 275127 90695 150993 106484 198354 94851 163482 77254 110643 157009 349944 66114 77235 55180 44451 140376 300057 80966 121773 68209 83529 85442 135234 82928 127722 62047 65025 60839 61401 82364 125982 114858 223482 54687 42969 97646 171831 54736 43062 99308 176841 41752 4122 54061 41067 101650 183870 72253 95670 103515 189417 81048 122007 93841 160434 80884 121572 47505 21408 77420 111132 75679 105930 81789 124248 63449 69246 95336 164892 110765 211179 44446 12204 87122 140202 98301 173784 45545 15534 88248 143652 51018 31929 120055 239031 84869 133491 68319 83850 47279 20712 46765 19149 65340 74910 99449 177231 49609 27720 
85597 135381 134675 282636 69025 85668 86595 138396 76873 109239 46329 17562 42312 5502 45862 16140 88377 143694 92097 154884 63217 68205 118120 232953 63377 68721 41570 3258 52037 34647 57519 51141 41314 2517 44138 10995 45340 14604 77268 110397 59838 58107 40667 531 84003 130656 69816 88068 51460 32961 74997 103584 128421 263892 82303 125481 114417 221862 94055 160821 105991 196611 67526 81162 94028 160695 51464 32964 70607 90405 58877 55257 63732 69786 96993 169590 79199 116205 86016 136632 174629 402504 48402 23799 67255 80349 94951 163455 115421 224856 77426 110844 77137 109983 64341 71640 88254 143346 65433 74916 
43180 7815 88530 143883 98603 174126 74405 101505 136724 288456 87224 139953 108873 204876 117136 229761 49493 26754 72912 97008 78701 114423 109783 207615 93574 159012 115662 225303 101481 182700 101079 181599 56310 47187 80107 118623 83640 129240 80638 120186 166267 377127 103898 189984 108022 202419 50197 28875 58041 52443 74464 101718 110795 210693 69882 87993 41492 2751 100074 178551 134776 282657 42159 4722 143274 308115 55205 43863 95939 166107 46666 18291 85916 136077 155126 343731 71074 91494 108167 202803 46201 16920 54154 40755 53137 37674 77293 110214 151429 332604 46020 16350 164264 371136 75082 103554 64246 71046 48906 25029 
97454 170406 50234 28695 105119 193359 82315 124992 95933 165798 80955 120864 91076 151230 43748 9228 62786 66366 75695 105096 166023 376086 87252 139728 106528 197649 48961 24837 57868 51660 87501 140484 77299 109932 111787 213399 143593 308850 63637 68931 85915 135756 88758 144276 63308 67932 99957 177879 132353 275049 94518 161538 78515 113544 64041 70116 68096 82251 124586 251793 117447 230331 69598 86778 103181 187569 128614 263832 92443 155319 43416 8220 97143 169440 83438 128316 71503 92517 120212 238644 80213 118665 100626 179835 40929 744 73910 99723 113124 217374 56664 47964 115691 225108 89366 146163 100306 178902 64124 70347 
48039 21819 96327 166671 71639 92619 59851 57255 65851 75246 95803 165129 41409 1902 52517 35262 88327 142683 56476 47121 42689 5751 87200 139275 85128 133059 159751 356946 44176 10185 53833 39237 102565 185376 67250 79434 136186 286266 75790 105099 119883 237339 69849 87285 43882 9330 53987 39645 121045 240873 74742 101919 113534 218313 55596 44478 80813 120150 55467 44076 63071 66948 80326 118698 44177 10203 50379 28818 164877 372375 72968 96621 113692 218760 76732 107850 46655 17637 60738 59916 101401 181938 64480 71130 74390 100863 101624 182580 83916 129459 85806 135162 63293 67563 49699 26763 91193 151353 87371 139830 
123069 246627 87903 141138 48695 23478 95879 165012 52182 33972 61910 63186 92957 156252 105996 195378 84752 131664 109109 204762 47148 18843 97005 168459 41160 855 165174 372951 73144 96879 95899 165117 54073 39594 100983 180348 116817 227853 56594 47136 47807 20805 76558 107082 60036 57474 64698 71460 117438 229761 50749 29637 115341 223422 51731 32613 43616 8238 72812 95829 133923 279168 71177 90939 73531 97959 66368 76551 98987 174372 74925 102141 71326 91362 119192 235005 97909 171102 86364 136485 44940 12177 111533 212010 48944 24231 55453 43743 75103 102681 98707 173505 100807 179811 77083 108648 88501 142956 126599 257196 
74665 101121 65827 74571 56493 46581 46676 17136 96195 165666 85447 133452 66130 75492 110059 207249 46286 15906 76039 105261 78350 112197 47029 18159 157188 348738 65860 74718 68030 81189 59662 56094 64137 69531 121874 242742 71113 90450 71236 90828 140112 297489 94378 160236 98830 173607 81616 121986 71548 91755 73339 97089 98027 171228 96161 165603 53647 38052 76978 108015 59113 54459 94371 160194 75014 102171 56720 47217 109448 205488 53955 38949 75548 103764 161821 362610 61007 60141 108931 203919 94361 160200 91797 152484 59545 55734 72631 95040 90199 147726 75879 104727 102328 184113 86509 136647 78009 111111 79146 114549 
82578 124533 61758 62040 44941 11595 44683 10815 102367 183900 75138 102207 63262 66576 72716 94941 109532 205395 54399 39996 80363 117843 72264 93630 106909 197520 108991 203826 73712 97938 75404 103083 84119 129174 62920 65535 76734 106995 88907 143511 87729 140031 81080 120033 55512 43317 89617 145668 112482 214272 86583 136515 81088 120027 96809 167211 91920 152562 47472 19200 49346 24822 86274 135597 56192 45342 75140 102192 67618 79647 102027 182946 156736 347025 81891 122466 94731 160986 77727 109980 105840 194304 66343 75867 92980 155697 67359 78861 46655 16740 47955 20619 96292 165693 86173 135327 80802 119244 83712 127956 
84531 130122 57328 48477 75655 103482 79166 114009 69810 85923 72438 93822 81363 120543 66726 76689 102591 184311 44567 10176 54215 39129 53149 35919 56950 47334 91543 151119 89014 143550 88051 140661 63683 67575 87773 139821 90085 146793 115252 222276 128739 262701 113584 217209 84343 129528 69304 84429 61752 61749 72875 95082 109688 205575 63882 68154 51971 32397 72475 93960 53929 38250 59855 56067 77144 107895 49212 24174 57281 48324 69681 85560 106971 197430 72381 93678 64989 71469 159012 353556 49554 25182 49346 24564 56897 47184 80868 119106 70537 88113 108199 201081 141534 301194 133438 276834 96437 165783 67158 78012 
83260 125979 48955 23046 44179 8718 91651 151146 50850 28731 67360 78255 123147 245595 61427 60456 112244 212934 49800 25602 86245 134943 101151 179664 107767 199521 76880 106815 66552 75828 64351 69225 94454 159543 113799 217578 85497 132702 44193 8733 94919 160959 53283 36069 90282 147021 55732 43380 68995 83133 60712 58329 83925 127947 93075 155454 45282 12027 112205 212814 121120 239607 134721 280374 112612 214053 53878 37824 91144 149625 78893 112878 74858 100764 81109 119520 74507 99693 46534 15813 113312 216120 112002 212199 136771 286479 90522 147756 56258 44946 84008 128205 42965 5085 112909 214929 54040 38310 69845 85719 
108099 200208 107118 197283 57761 49173 61147 59295 48746 22110 96105 164226 71161 89349 108214 200544 43250 5589 65801 73293 54677 39906 63258 65664 61542 60492 82543 123522 55970 43794 82969 124797 78039 110019 113412 216147 56795 46269 59554 54582 136554 285564 104066 188109 72261 92682 159280 353742 95657 162882 97128 167304 68978 82800 149571 324651 113873 217527 86039 133989 87750 139161 44537 9468 48587 21654 92251 152637 76490 105372 44798 10287 50999 28890 43817 7314 143304 305856 80327 116871 165071 371103 105932 193713 87264 137676 47203 17511 74161 98385 77363 107988 81120 119268 133325 275910 104749 190185 61631 60777 
75593 102396 65249 71340 61724 60783 51080 28851 71697 90672 77237 107304 92581 153345 107147 197043 86460 134979 62070 61794 65616 72441 75204 101196 69785 84948 76960 106455 94421 158844 79082 112857 81124 118971 53312 35538 118816 232059 75926 103377 50176 26109 41969 1470 106482 195054 95213 161232 80755 117885 129359 263649 59615 54420 71589 90405 100723 177762 59960 55452 106499 195123 150721 327774 97977 169551 101882 181248 68690 81717 101214 179280 91922 151422 55371 41685 67291 77484 124043 247758 126003 253635 120973 238503 50061 25758 55979 43548 97664 168603 71084 88863 98067 169827 92681 153654 46375 14745 50955 28467 
82482 122739 76898 105996 46505 14754 48413 20574 42121 1611 49501 23766 64894 69966 127575 258045 167427 377610 86498 134769 59938 55107 100342 176343 62360 62364 108254 200118 55249 41004 72374 92424 48252 20046 80176 115818 133031 274437 166080 373587 121409 239535 60691 57384 71553 89925 95316 161268 56799 45699 59623 54144 53161 34794 67254 77064 45713 12429 50392 26430 57881 48945 117217 226953 52637 33213 74941 100134 72210 91896 46785 15657 88435 140685 48689 21342 169624 384162 131539 269880 115437 221655 61892 60912 99784 174645 82640 123204 110585 207102 78612 111189 75294 101193 129842 264855 95117 160653 103558 186000 
45137 10386 135763 282297 52825 33465 52453 32358 96931 165795 103655 186003 63108 64362 96505 164517 43368 5106 105329 190995 108805 201459 60880 57642 88799 141390 100273 175791 98367 170040 63277 64788 41906 663 111617 209886 78181 109551 98662 171012 73143 94440 114057 217188 101132 178416 48604 20802 83051 124125 117833 228564 72129 91434 88303 139908 57749 48276 108137 199467 45574 11721 140995 298023 106180 193542 62382 62166 95221 160692 41801 348 70355 86118 74589 98733 73923 96759 60269 55782 113321 214989 71309 88947 92375 152109 102236 181698 81065 118206 87446 137346 80787 117387 134575 278727 64234 67713 45126 10386 
85192 130260 111984 210633 75547 101325 126146 253131 117936 228501 92945 153537 70596 86490 98772 171045 49073 21921 65487 71190 112896 213387 55972 42591 66672 74679 53984 36624 85056 129921 56831 45141 71624 89592 68316 79641 94561 158376 94973 159630 58386 49902 88578 140436 111462 209085 61423 58986 77336 106719 47325 16650 61402 58899 62642 62625 42290 1536 133404 274947 60622 56583 89265 142479 47806 18084 88053 138879 69327 82683 64301 67596 121195 238266 98241 169440 65184 70245 62618 62529 46818 15135 110404 205923 74219 97350 51219 28356 53467 35094 129883 264441 69718 83838 131475 269115 46506 14199 76338 103695 
46034 12495 154075 336618 140490 295935 93933 156225 49292 22278 87200 135999 50005 24423 83816 125895 50583 26142 55816 41829 84349 127446 95875 162018 66364 73485 88394 139608 100925 177165 67309 76338 63683 65466 52526 31968 47297 16266 44244 7125 69777 83703 71451 88791 74993 99378 88271 139221 53286 34233 46847 14961 107155 195846 107407 196623 43532 4941 75768 101721 72780 92751 123067 243612 43274 4185 88473 139848 68657 80364 101777 179760 117052 225510 50780 26712 46341 13425 45286 10266 113752 215619 48922 21138 69989 84366 108014 198525 93485 154854 49105 21708 60273 55212 126681 254478 117724 227565 103480 184824 
101415 178329 111581 208860 74710 98211 84400 127302 109018 201138 159436 352392 57881 47709 137439 286443 107134 195519 44974 8961 77176 105639 65219 69741 61686 59148 71172 87591 61469 58500 51727 29289 68885 80745 69626 82971 52478 31509 59402 52308 70210 84738 67468 76494 69691 83181 65824 71562 93137 153546 71275 87933 93044 153234 71975 89997 87266 135915 68503 79611 146530 313791 83458 124455 63950 65916 75044 99240 132249 270867 109814 203514 111799 209517 82293 120990 64865 68688 96066 162327 88055 138291 76769 104445 79379 112275 58261 48885 60088 54327 84300 127011 81231 117795 130731 266337 104038 186279 77875 107754 
51290 27654 48230 18453 61400 58002 95944 161652 47017 14823 86651 133770 54223 36450 66613 73677 75048 98973 110268 204597 121027 236916 121032 236898 50500 25302 83378 123933 109729 202986 49895 23532 128157 258306 60185 54321 43562 4470 46100 12084 98627 169662 71313 87741 52158 30264 99086 171066 112229 210495 42135 126 110314 204753 46162 12276 63334 63756 76799 104205 111373 207930 103457 184125 44889 8493 77841 107340 89605 142614 61825 59232 56708 43950 76115 102156 48200 18384 78726 109977 60260 54579 160896 356481 96921 164574 132063 269982 77301 105678 70411 84999 45133 9210 106580 193569 99337 171831 72632 91722 
56175 42000 105522 190092 57395 45651 86237 132195 108967 200394 59247 51216 84945 128361 113437 213831 97163 164925 54449 36837 102301 180384 64259 66240 59652 52431 58499 49026 65081 68691 115761 220791 50784 25836 153701 334641 73863 95091 56605 43305 100153 173988 88612 139383 146853 314115 60414 54708 65995 71487 47594 16290 94115 155838 116938 224304 72658 91476 81975 119442 48898 20193 65360 69591 47025 14529 71085 86757 90474 144960 69786 82842 101387 177663 85408 129699 143163 303024 87760 136743 69035 80589 77556 106125 54148 35928 44343 6513 113386 213723 73843 95010 99995 173496 49356 21579 85526 130089 91271 147330 
89205 140799 51730 28410 75312 99165 78552 108822 76200 101790 125047 248331 85938 130971 83972 125151 87212 134811 150825 325719 107493 195672 42628 1032 91883 148842 91724 148392 52848 31737 118148 227634 68924 79953 90162 143685 107580 195957 111850 208761 79786 112578 133989 275139 63705 64287 88873 139830 98219 167913 64295 66066 84060 125382 142805 301632 52421 30444 44520 6744 100407 174456 149279 321093 53735 34407 61894 58872 49660 22137 83112 122562 61241 56898 93973 155109 79697 112317 108587 198969 72453 90531 77655 106191 44337 6222 60330 54201 65478 69636 70132 83589 82542 120828 104315 186129 139874 292875 153866 334815 
89394 141075 87910 136677 82918 121671 52169 29391 120827 235338 70056 83052 49430 21153 119908 232626 96598 162714 96317 161907 86520 132444 125935 250776 44429 6159 87576 135645 129023 259986 50800 25275 55166 38427 93762 154197 177551 405573 62113 59223 126053 251076 83138 122334 55106 38220 51873 28512 52329 29850 74531 96528 61898 58605 101473 177336 43596 3669 112440 210222 51568 27543 66190 71517 121049 236076 211168 506442 96640 162801 91936 148698 83559 123576 102680 180960 57784 46263 124407 246114 63643 63894 50305 23805 50696 24963 50610 24687 71043 86040 86248 131661 75759 100152 110998 205896 110057 203133 80720 115068 
45510 9132 55117 37953 91152 146058 92845 151155 85530 129183 63049 61749 75878 100287 95778 159945 52337 29595 88815 139047 69751 81810 90380 143769 80155 113064 47246 14328 58226 47289 49118 19944 67154 74016 71301 86505 68597 78375 43887 4206 70835 85098 101131 176001 72724 90747 101527 177189 82070 118812 159115 349974 51617 27441 58505 48087 155674 339633 72660 90534 71346 86613 63498 63069 65389 68751 93534 153168 128178 257115 76227 101265 94147 155034 79267 110385 46407 11814 90085 142857 145433 308919 51095 25857 79882 112245 117654 225609 97229 164268 42875 1197 85777 129951 66909 73320 91641 147612 73788 93963 
112541 209976 117519 224877 121072 235509 130305 263217 60559 53943 68380 77451 101651 177234 87613 135141 75830 99774 65026 67353 109017 199353 92775 150633 74464 95637 107406 194574 70710 84396 103577 183069 60079 52548 48740 18495 62013 58323 93429 152598 89780 141687 87976 136221 55349 38367 108708 198399 87886 135948 118708 228414 71653 87288 60495 53814 59741 51534 105076 187527 85872 129879 67350 74352 71688 87354 70577 84012 130498 263850 105607 189147 85114 127632 53094 31554 87495 134778 52323 29253 66596 72069 55822 39801 114004 214332 42834 741 59951 52137 90947 145131 53521 32862 124229 245013 116604 222123 140750 294606 
100923 174795 82723 120135 86901 132696 50551 23616 43909 3693 76671 102030 42820 423 90268 142770 185819 429483 58732 48150 77204 103665 59558 50676 113116 211377 43704 3087 60346 53010 77370 104127 52016 28056 126081 250197 75312 97947 57067 43182 121609 236820 106048 190155 43031 1038 62924 60753 109146 199431 57758 45255 60943 54813 46295 10875 93784 153345 165130 367398 45137 7383 45097 7281 141611 296832 111876 207627 83244 121725 51210 25623 183570 422754 87309 133920 60392 53133 82928 120747 114629 215907 121841 237561 87300 133935 51750 27270 98041 166197 111388 206181 122690 240099 43319 1950 66793 72342 84313 124959 
74105 94023 63693 62808 60407 52941 56390 40836 43157 1110 117719 224895 102049 177867 44489 5124 72011 87705 165129 367116 93583 152451 88395 136866 95995 159669 58623 47535 86799 132078 52463 29097 83691 122745 70936 84507 44251 4410 94051 153864 60995 54687 115907 219495 64900 66408 48022 15738 65006 66738 122335 238704 52814 30132 120895 234378 117810 225183 78375 106800 64663 65682 68214 76305 55939 39534 82214 118335 64142 64128 75788 99039 100181 172236 82050 117870 130452 263064 95956 159540 82903 120429 49237 19386 116249 220476 84822 126159 124666 245733 80504 113178 95078 156933 105493 188250 117180 223260 132278 268578 
58598 47151 81685 116427 55302 37344 73919 93159 52863 29964 52861 29967 90554 143061 104696 185460 112885 210075 159042 348534 44264 4182 80601 113187 79618 110247 120236 232128 136419 280641 110573 203064 65611 68208 66573 71154 49820 20826 72167 87921 109248 199173 153918 333138 76609 101208 97800 164781 83047 120597 61929 57213 74891 96075 81367 115464 61976 57330 77911 105162 92735 149607 85308 127323 83508 121881 73177 90915 81328 115365 63660 62370 68829 77880 67696 74481 128259 256194 118210 226041 104429 184659 136210 280032 92988 150339 64080 63633 92198 148005 79160 108861 74984 96309 76055 99531 79872 111081 54432 34671 
114656 215070 81091 114372 55338 37053 84265 123897 63756 62370 62680 59196 91684 146205 59251 48834 109175 198633 119011 228105 125928 248949 90608 142914 148923 317922 78916 107796 80378 112218 131250 264921 67552 73719 45136 6447 48592 16851 74399 94278 61642 56001 51934 26865 48803 17508 108722 197232 173288 391011 62860 59688 72565 88788 85326 127086 124494 244599 78083 105342 89715 140283 84119 123513 56761 41367 90737 143340 63705 62178 79991 111111 48146 15555 50890 23763 99901 170760 70727 83229 43068 249 84412 124374 45106 6390 67939 74871 49830 20571 102332 178086 64188 63609 54519 34704 70956 83970 85523 127650 
61304 54723 147395 313005 121327 234789 110327 201765 126723 251007 82684 118854 93365 150888 47500 13248 125546 247458 51993 26781 144741 305040 49111 18117 123224 240483 89206 138429 137695 283887 46454 10146 82388 118002 97538 163443 74732 95022 90972 143679 157239 342561 75681 97809 95123 156213 71926 86634 93055 149976 94420 154077 47597 13593 76703 100908 77342 102834 111453 205158 56563 40491 76280 99651 59377 48978 59100 48093 65665 67779 130746 263058 64545 64470 111428 205131 73321 90753 75894 98535 46404 9966 96144 159240 45962 8706 44257 3528 74825 95265 87669 133836 113250 210567 60938 53580 150168 321339 123112 240162 
74952 95340 62831 59031 70224 81192 111958 206364 134245 273252 114523 214089 85905 128196 121596 235299 110338 201534 86513 130014 99521 169110 101594 175293 139758 289767 65951 68328 144224 303171 83754 121782 85629 127425 83926 122262 96808 160917 74123 92880 45714 7653 79486 108993 108453 195894 91475 144963 71177 84003 85951 128298 114156 212961 74425 93786 58204 45075 48775 16815 54993 35445 182592 418296 62616 58341 129164 258018 106363 189636 91536 145134 112301 207423 93411 150708 65970 68412 79026 107562 45634 7386 67525 73068 73254 90252 103570 181200 53107 29832 88676 136503 116664 220494 76489 99960 47942 14307 127616 253347 
99625 169059 102803 178590 62107 56520 54141 32634 89278 138036 105951 188061 47270 11991 118061 224418 68019 74295 122190 236835 68503 75693 114386 213348 45414 6408 140354 291255 186543 429819 46765 10497 127408 252486 113938 212034 63322 60150 86843 130773 99209 167847 121292 234078 124920 244971 82818 118665 81443 114558 79364 108246 55758 37446 75936 98007 128360 255282 100306 171126 70455 81540 47761 13476 123017 239280 46910 10941 142413 297465 73909 91938 100715 172335 105062 185388 75420 96486 56261 38949 150177 320778 85987 128199 45473 6555 77370 102267 87795 133584 101234 173904 94714 154353 139878 289863 87128 131532 80941 113049 
66120 68262 75444 96261 135595 276660 119583 228633 75454 96264 171110 383256 56883 40521 50122 20259 80460 111264 83233 119571 128224 254592 67849 73431 62875 58569 46066 8070 60756 52143 53781 31233 128954 256755 104696 183963 53313 29838 65654 66864 93954 151764 125121 245283 96364 158985 86616 129756 87509 132438 133054 269091 53699 30978 49539 18510 51749 25131 96893 160572 49707 18993 96397 159129 55732 37107 56049 38031 98587 165681 86681 129936 94683 153942 111289 203760 97417 162162 119244 227649 99124 167265 52807 28329 79199 107481 77976 103785 113251 209682 78482 105357 62853 58443 52526 27441 89510 138441 110204 200511 
95668 156597 167619 372465 83488 120066 57765 42897 85509 126138 82346 116574 46479 9030 98802 166014 70174 80088 63011 58650 87182 131130 110329 200568 151636 324501 62245 56310 63956 61461 74477 92988 105035 184743 58942 46419 72509 87108 65781 66927 95778 156933 76899 100305 104616 183429 108270 194400 97164 161100 50250 20370 112756 207879 89235 137298 50190 20136 112538 207222 106324 188580 101727 174753 99259 167367 113058 208785 97821 163074 96808 160014 73884 91254 151002 322617 43849 1137 55139 34998 205474 486039 78386 104724 47788 12891 77084 100872 51854 25200 66638 69507 61429 53880 83375 119724 74310 92532 79552 108240 
121958 235230 89358 137418 94106 151611 49332 17253 79131 106656 45152 4746 56387 38469 101662 174315 60651 51237 100618 171144 146689 309429 135521 275856 100328 170274 67726 72480 157849 342882 51310 23277 79887 108924 76490 98772 54514 32805 87505 131808 87634 132192 62530 56862 125606 246192 52059 25452 107946 193104 75833 96801 54036 31416 102542 177006 45751 6528 138065 283506 63518 59838 51315 23262 63503 59790 88937 136092 98426 164541 84944 124116 79617 108171 67353 71358 63246 59058 130709 261435 99970 169194 118298 224187 90980 142242 150979 322266 114949 214140 51375 23427 62801 57768 129907 259065 78182 103827 72264 86073 
78693 105063 119909 228756 86708 129090 69802 78414 102690 177063 112855 207531 59108 46281 44678 2991 44230 1647 48055 13167 89284 136872 117402 221271 85607 125838 99092 166278 63382 59094 78082 103230 88474 134397 81412 113211 45108 4281 45428 5229 60841 51525 100076 169230 46080 7221 87679 132039 63985 60975 118960 225900 76001 97005 118710 225111 140236 289698 92192 145587 164824 363519 80925 111801 78903 105792 86786 129360 62963 57915 63717 60162 89156 136461 123935 240816 73581 89745 63561 59637 76135 97452 77820 102453 87447 131343 88320 133935 104215 181572 86764 129303 84183 121557 93337 149019 66328 67992 71440 83328 
45591 5448 85647 125607 94980 153669 98866 165291 91069 141936 73745 89925 84049 120858 48457 14016 96026 156780 46295 7566 157422 341040 133264 268455 115179 214239 109465 197115 75343 94722 77803 102084 91459 143106 57994 42657 115931 216594 52320 25698 55476 35103 47950 12534 77201 100296 118466 224100 56172 37173 71656 83649 79145 106137 46823 9141 124881 243417 93968 150633 55375 34809 61527 53253 102344 175725 88741 134904 79451 107037 114190 211251 137947 282567 44709 2790 67997 72690 69352 76767 128413 253950 126482 248118 94490 152226 100530 170292 57373 40857 121589 233475 117376 220836 68770 74967 158580 344433 96343 157704 
106890 189105 115311 214350 69131 75795 71247 82131 110017 198432 132339 265446 155074 333669 59972 48306 68653 74334 84862 122988 94005 150444 47865 11952 64128 60756 75116 93756 49667 17364 64703 62520 65823 65862 86223 127050 79881 108078 53456 28785 98572 164106 72255 85185 65790 65772 101545 172998 77908 102135 125843 245967 138742 284688 46273 7176 119597 227247 149160 315936 57114 39771 72662 86370 71123 81732 70965 81276 86379 127509 57720 41526 46037 6477 79606 107244 83297 118290 81551 113091 84358 121467 123340 238392 59612 47226 98839 164943 52559 26070 100313 169347 62841 56961 99886 168078 58319 43314 45615 5226 
69356 76134 94426 151371 117638 221049 186100 426456 46872 8700 88639 134064 124964 242976 45577 4821 103267 177963 80709 110190 97676 161148 98446 163386 115432 214371 152412 325374 56372 37233 76496 97581 122768 236451 99169 165618 122246 234831 47329 10035 106861 188709 67950 71925 207653 491106 60255 48885 60265 48897 118547 223731 85774 125442 71896 83826 79582 106827 71026 81162 127680 251142 94666 152100 76016 96132 68958 74946 52633 25974 96936 158898 98104 162396 83957 119934 86693 128178 82852 116655 74761 92394 103314 178059 135082 273408 122304 235059 94367 151176 63095 57357 61190 51687 107750 191307 92127 144543 56905 38790 
68262 72576 90172 138363 67446 70101 126193 246390 80912 110517 103314 177717 51325 21723 55493 34242 64164 60285 134546 271458 70384 78942 115973 215712 54761 32040 68601 73632 106949 188685 67754 71064 90856 140370 64221 60444 46245 6510 127371 249942 69945 77628 126316 246777 84134 120219 133491 268272 56543 37422 53199 27342 64218 60483 72306 84726 155381 334008 48184 12351 44526 1326 112976 206721 94269 150579 68010 71811 60039 47964 48989 14733 127771 251148 70369 78909 128570 253509 103895 179466 176646 397755 59948 47619 100189 168348 65765 65067 48075 12042 114355 210882 70185 78327 88984 134790 153283 327660 54851 32379 
51253 21258 98791 163884 150689 319587 56357 36552 57371 39594 84909 122211 61632 52362 92360 144609 187250 429285 89125 134865 61785 52848 71180 81087 87522 130032 131788 262866 78923 104253 57027 38556 45075 2670 78407 102723 54407 30675 66613 67368 71896 83163 51800 22863 47783 10833 134957 272379 111993 203553 50166 17970 75504 94041 84829 121962 123300 237372 145181 303099 51331 21504 104295 180396 82600 115290 106841 187980 75269 93333 92671 145530 80410 108732 76137 95892 59493 45960 111167 200976 53838 28986 63378 57636 70184 78069 112129 203904 95711 154662 78613 103365 72827 85980 128002 251490 48902 14178 87587 130269 
144186 299739 170587 379017 56092 35466 124866 241836 55295 33087 49553 15807 76427 96528 96281 156105 89760 136482 113005 206232 63820 58632 128622 253092 67227 68829 72979 86118 146367 306264 48305 12099 50334 18201 86920 127962 155018 332346 78830 103665 86553 126849 68558 72858 124609 241035 86887 127836 92558 144891 118055 221457 76087 95469 89237 134931 141687 292269 68305 72123 167919 371019 160525 348792 72893 85872 115132 212571 79968 107142 126932 248007 134366 270309 94581 150927 105582 183966 73966 89073 95678 154209 52679 25203 47052 8358 62703 55275 84750 121461 54715 31335 78523 102768 77125 98514 62048 53328 49694 16302 
87631 129792 90410 138120 64422 60129 107801 190341 87101 128178 125891 244566 100312 167844 70979 79818 64077 59139 127760 250173 168321 371874 101790 172317 109774 196203 134748 271173 91693 141990 60773 49239 106491 186408 102300 173802 81609 111702 99498 165423 81076 110136 88319 131859 136702 277032 122164 233409 70531 78483 116005 214890 51175 20379 46809 7302 105588 183699 49515 15420 78963 103779 133860 268470 64423 60144 52760 25179 45100 2166 86059 125061 46920 7641 75248 92664 125034 241986 46916 7632 62558 54558 107615 189774 122412 234228 106628 186768 88591 132645 68964 73827 62473 54312 118547 222507 91126 140307 71010 79920 
58756 42879 53842 28101 48143 11013 119332 224625 101378 170742 105788 183984 74093 88854 99618 165492 114298 209487 61398 50775 73575 87351 71384 80691 76215 95229 96547 156267 149204 314229 69256 74406 115168 212124 74912 91311 83544 117240 94468 150015 68953 73440 71881 82209 59223 44268 98486 162075 69489 75069 57423 38853 97921 160356 70703 78672 107014 187623 98249 161331 89924 136410 83175 116106 114095 208920 55214 32262 90463 137979 61695 51687 109191 194190 89980 136524 130658 258594 54061 28764 46259 5361 131903 262308 119318 224601 72219 83256 74829 91071 65301 62529 97043 157728 107912 190311 106277 185460 60114 46926 
88844 132831 110192 196887 104290 179172 99478 164736 89158 133746 206372 485418 88638 132204 50479 17748 90421 137637 88684 132333 65569 63036 103892 177975 67890 69969 129076 253539 56370 35376 139204 283932 47739 9510 89037 133383 48659 12252 59703 45375 123893 238014 71640 81174 74433 89574 49460 14655 107657 189300 68743 72537 46010 4329 103617 177189 66407 65511 85161 121791 101872 171972 183776 417681 80283 107151 83222 115974 76722 96486 90148 136737 55175 31827 67764 69567 138216 280932 134499 269850 120392 227505 90080 136542 83247 116049 133743 267537 143287 296178 154745 330555 47743 9519 130020 256395 100571 168015 66819 66747 
88684 132063 67959 69825 50887 18678 77340 98058 115012 211065 62773 54312 86049 124131 94549 149628 47412 8202 121915 231753 126714 246123 106155 184446 71989 81960 73787 87372 78009 99984 120182 226575 55991 33912 47067 7203 50267 16794 82248 112755 59073 43200 64634 59856 70962 78888 85268 121806 63422 56265 55827 33501 89580 134748 47724 9138 80514 107562 103046 175146 67961 69846 147422 308265 68520 71532 123954 237882 65504 62469 94492 149484 66018 64074 177102 397335 91591 140766 68804 72384 119739 225210 63322 55968 50032 16062 88986 133002 92348 143016 128491 251472 52555 23655 58528 41529 77960 99888 61502 50514 
105299 181587 46983 6606 57626 38580 68041 69795 146363 304824 131844 261252 101577 170406 84434 118977 66936 66498 80359 106776 92662 143676 140077 285903 49947 15531 97589 158460 58669 41706 105369 181800 67130 67116 94010 147729 53402 25872 81613 110550 105001 180684 101245 169434 45554 2307 155529 332286 89805 135117 68915 72438 105945 183519 101497 170208 51333 19653 81232 109380 83476 116145 109866 195354 99948 165519 65530 62301 83382 115848 68665 71658 173732 386931 119535 224295 64531 59277 93737 146901 46608 5508 55064 30873 71549 80364 97354 157773 50978 18633 117969 219609 77827 99192 79514 104262 99724 164889 99107 162984 
55451 31743 139897 285108 115062 210603 57086 36615 101715 170535 74828 89850 91058 138627 55354 31491 82660 113391 80252 106158 77974 99348 82447 112722 119104 222729 85784 122772 46913 6093 88329 130386 162072 351663 169981 375372 124121 237792 73359 85479 73092 84651 64043 57492 112094 201684 118652 221403 112839 203919 139682 284484 109351 193479 55253 31158 124197 238020 55927 33165 89127 132783 95854 153042 142930 294180 93260 145161 86543 124992 70592 77160 202130 471801 122361 232539 60107 45723 94479 148848 138987 282387 64682 59412 97906 159090 80790 107790 61993 51342 112514 202905 100303 166302 52031 21528 60598 47193 113211 205080 
69238 72813 65906 62793 64085 57348 50798 17502 155449 331482 103381 175215 64036 57237 89369 133200 46758 5340 147627 307947 99702 164169 118497 220548 77916 98829 94065 147330 115711 212223 80439 106425 85910 122832 53640 25995 51367 19167 55287 30945 47723 8271 126480 244515 143280 294996 218381 520260 136061 273366 140697 287202 94566 148734 84188 117663 71604 79878 111531 199713 58202 39705 77754 98343 75191 90711 169132 372525 71792 80478 77003 96099 154276 327957 53678 26115 47225 6756 85939 122952 68475 70524 77621 97965 86510 124593 58707 41178 50958 17922 46986 6015 89510 133647 56114 33432 105044 180261 132884 263796 
93586 145521 145643 301758 103409 175035 136616 274641 56559 34440 74728 88950 107657 187797 47839 8310 111070 198003 49136 12162 109979 194748 64379 57921 91494 139338 99449 163140 46853 5316 85633 121734 107941 188604 66436 64125 60118 45144 98630 160719 69326 72798 79592 103596 142656 292779 93920 146607 93792 146187 96452 154167 83196 114408 71223 78471 111006 197835 87762 128070 81057 107964 60150 45222 97166 156291 64444 58116 66656 64779 58069 39015 141636 289701 45401 957 77503 97365 80918 107535 119783 224169 46852 5313 106051 182970 142957 293691 115786 212202 52270 21630 81117 108171 111553 199467 83986 116775 99117 162144 
76290 93363 137988 278463 107346 186594 47591 7275 133389 264666 81137 107868 152713 322668 73198 84123 103421 174744 81617 109344 150327 315519 142984 293418 59224 42228 92846 143040 74468 87897 81133 107919 124612 238344 61511 49014 81700 109602 96340 153492 97132 155886 86441 123852 84253 117240 91169 138042 76286 93351 61550 49125 61070 47691 96667 154512 75359 90594 137427 276864 137460 276915 61229 48186 142969 293487 80830 107019 96481 153990 61365 48585 57471 36894 104318 177429 61461 48849 63628 55395 89213 132129 84695 118551 92793 142899 163317 354480 127006 245502 50015 14520 73027 83580 113370 204630 90532 136098 88603 130317 
91962 140058 137474 276651 70176 74718 150364 315321 86924 124974 50483 15621 70886 76851 100300 165093 84041 116316 78028 98337 70633 76128 83927 115980 105400 180447 71460 78570 87709 127272 93572 144936 107758 187446 51682 19230 67608 66990 61493 48645 96071 152376 63532 54768 49683 13221 88170 128727 99965 164076 53594 24963 166202 362844 127294 246066 124997 239202 125602 241035 68491 69690 110971 197133 108381 189297 90564 135894 144882 298836 106916 184950 128814 250659 62167 50694 65930 61956 104673 178218 218435 519576 62570 51885 159344 342267 60709 46299 84860 118809 145165 299697 112611 202059 64173 56691 47713 7302 98780 160542 
79085 101148 54060 26037 85389 120114 179621 402819 89054 131079 111154 197400 73953 85743 118771 220197 46906 4599 129554 252573 87040 125055 61127 47301 83317 113877 107208 185532 158964 340875 85620 120762 115162 209430 198029 457995 123484 234342 47253 5616 125911 241614 50543 15522 92292 140766 54418 27111 125232 239625 63427 54183 48953 10758 74995 88896 97921 157662 58215 38508 109631 192759 138646 279873 115743 211113 121181 227454 82179 110430 141948 289782 93458 144237 102434 171168 72123 80277 48800 10248 45579 582 162807 352392 79136 101292 53627 24810 107626 186759 86386 123060 49971 13785 89943 133728 93410 144150 140855 286530 
130840 256158 89755 132867 86787 123978 48917 10317 89162 131085 74476 87009 81409 107883 59331 41595 125680 240642 104681 177633 139687 282705 81950 109449 110374 194721 101554 168288 49466 11982 48687 9606 56333 32583 81912 109353 84169 116115 118531 219204 143679 294639 112201 200211 96649 153537 84340 116649 136565 273315 55045 28683 113130 203028 82703 111663 91110 136932 61869 49218 95202 149250 46998 4578 75466 89991 110632 195498 77615 96438 72957 82455 111000 196620 82413 110820 107725 186768 48981 10518 147935 307461 129162 251094 102150 170058 111939 199428 47954 7410 77570 96318 122341 230631 80981 106536 89274 131424 60474 44988 
99082 160557 65424 59571 89393 131445 46740 3483 124137 235749 68309 68247 166488 362775 124579 237072 88671 129324 151415 317574 94636 147219 98088 157530 77139 94719 98357 158418 100943 166101 90445 134637 67293 65199 85678 120360 213248 503151 51480 17712 98510 158904 122874 231921 106907 184032 105997 181311 48438 8595 59267 41076 93470 143709 82801 111687 128636 249201 106433 182598 104948 178152 48601 9111 95578 150009 59030 40380 77341 95322 94240 146031 154281 326145 95834 150804 108239 188055 108589 189084 74472 86691 47419 5502 84737 117531 119628 222186 135314 269286 133067 262527 93080 142524 72813 81756 72361 80355 89990 133281 
57917 36771 107159 184461 122258 229767 70140 73401 74573 86775 81142 106434 145066 298224 127096 244308 89666 131964 133957 264960 94792 147378 60534 44613 50912 15663 57571 35703 115405 209244 77840 96486 78251 97806 119208 220659 137454 275316 117924 216735 80924 105774 72407 80175 84233 115737 45699 6 130350 254070 94739 147198 67762 66306 47321 4926 138825 279477 47147 4416 98625 158877 61491 47484 57702 36099 92195 139557 51608 17835 110420 194304 124214 235644 70000 73017 85695 120105 69277 70833 56583 32751 106650 182997 98773 159291 156286 331878 78786 99339 51678 18015 59204 40557 80618 104811 53356 23061 46419 2232 
99618 161574 148135 307098 49642 11592 70234 73377 89062 129906 100777 165057 130603 254502 108517 188253 93909 144426 104364 175776 52171 19206 53353 22722 80828 105177 109290 190533 63570 53412 144380 295857 58197 37272 55767 30009 59066 39864 59920 42435 194424 446001 61534 47247 66460 62061 152188 319326 63496 53154 103817 174123 87827 126156 101696 167772 70329 73680 114779 207000 170226 373395 106868 183312 61116 46023 119582 221445 53812 24138 120160 223254 99625 161574 79714 101853 149310 310641 83827 114210 61334 46677 118898 219429 61866 48324 50376 13809 82430 110001 64561 56394 71010 75723 65679 59754 129334 250701 147624 305619 
121311 226341 56809 32772 81794 107781 119938 222207 93726 143598 138492 277941 85154 117852 141671 287475 64076 54621 60360 43473 62664 50403 81898 108087 80333 103419 68590 68124 53689 23460 139348 280452 115499 208896 62270 49194 69572 71109 72611 80250 65129 57753 103063 171615 71046 75531 92513 139941 80513 103923 56813 32832 56127 30771 90340 133410 67214 64062 60039 42519 79882 102030 71456 76770 49846 11904 77521 94929 116763 212745 160136 342834 58943 39210 49040 9504 136434 271713 49957 12282 66253 61143 116425 211695 92577 140196 51536 16965 71586 77166 116933 213282 65745 59607 85675 119427 90448 133725 58512 37929 
88705 128253 89536 130752 94147 144552 133762 263367 71079 75330 52657 20028 55066 27243 68995 69129 53400 22290 73117 81432 73447 82416 68076 66339 47183 3606 54329 25095 152176 318639 55177 27594 90368 133188 103076 171339 75309 88017 65857 59625 135232 267777 125203 237699 59959 41976 92567 139818 69944 71889 55667 29076 116150 210549 79630 101001 117768 215433 79941 101913 84860 116661 97234 153774 50888 14763 50561 13758 66493 61581 120429 223407 100324 163044 72181 78681 94118 144474 112691 200193 75862 89742 145385 298245 75026 87189 74932 86898 77875 95709 63170 51573 95061 147303 50003 12075 86654 122043 64938 56898 
64842 56307 65515 58302 84209 114402 74804 86238 106742 182046 85252 117513 89260 129570 85762 119094 136013 269868 72381 79014 132269 258582 66090 60006 80940 104664 87851 125382 119017 218841 131396 256017 157899 335526 77124 93165 162929 350634 53136 21180 54411 25026 58111 36126 59631 40686 57974 35688 65052 56955 94104 144147 69544 70434 162798 350232 69362 69876 157792 335265 112212 198426 97296 153669 55314 27726 76599 91623 49635 10680 57655 34749 70115 72102 75074 86997 106256 180585 101712 166920 46779 2091 157424 334080 120433 223074 103440 172104 50938 14562 74933 86601 90715 133920 56570 31473 75431 88038 108627 187674 
147038 302589 68093 65781 50682 13509 69157 69027 76942 92310 72687 79554 115339 207555 74778 85842 76106 89835 70146 71958 47628 4386 86492 120969 81151 104919 119525 220077 107316 183438 94098 143820 133667 262530 91684 136572 164286 354366 104981 176463 70234 72168 121401 225723 90596 133287 56843 31983 142940 290319 77353 93552 97855 155058 83848 113088 80970 104457 89854 131034 165016 356592 108451 186846 63328 51495 131815 256938 89386 129660 50764 13722 101463 165927 85132 116913 68811 67905 65159 56979 51510 15996 78338 96480 67163 62946 50756 13734 90743 133719 99217 159114 67671 64530 91477 135960 104882 176130 102639 169416 
104760 175473 77531 93756 124941 235977 75254 86943 113603 202020 50387 12354 164154 353697 62111 47514 71844 76722 78194 95748 92347 138240 118703 217347 139635 280140 143280 291060 113376 201357 63936 52983 118224 215865 72338 78216 97585 153912 53583 21924 55862 28761 106143 179577 75662 88185 49122 8577 75199 86826 86452 120528 123870 232857 120294 222129 134344 264258 130125 251592 55972 29109 93348 141282 58984 38136 64432 54468 97398 153387 68595 66996 102875 169845 77765 94488 60518 42744 47631 4041 52109 17517 92700 139299 73888 82866 115276 207018 94630 145092 62433 48492 86653 121170 92511 138762 55781 28563 177814 394659 
162445 348234 125090 236118 87300 122829 120066 221091 121412 225126 132712 259029 142135 287316 188603 426774 140370 282012 62306 47811 163138 350322 77836 94419 105371 177030 70106 71235 87632 123834 124573 234621 153951 322809 67502 63396 75327 86892 67312 62802 57061 32082 237006 571992 102800 169284 102705 169026 73800 82320 53552 21528 61197 44499 113559 201576 128415 246153 62210 47505 114640 204846 49481 9309 123718 232062 77054 92043 79391 99075 126005 238890 110552 192540 80081 101118 52448 18234 64734 55077 48470 6285 152676 318939 105799 178335 57150 32304 63434 51219 97162 152394 46994 1836 143045 290025 61182 44448 47388 3045 
48069 4761 107001 181575 57827 34062 53791 21972 100431 161913 86579 120348 107283 182469 106498 180069 74407 83829 69574 69402 99063 157764 99787 159945 53883 22197 108025 184650 100367 161712 47137 1959 66923 61344 91064 133776 50080 10824 75196 86214 92831 139086 115444 206967 98934 157431 69699 69678 64304 53466 102022 166722 89227 128292 73683 81705 80859 103158 61494 45045 56757 30864 112821 199110 141163 284124 92761 138876 67879 64263 67846 64149 49407 8814 103785 172008 54240 23337 116280 209433 78881 97245 132921 259347 78546 96231 51135 13962 111531 195240 98534 156204 89252 128328 75131 85992 131791 255990 84237 113367 
80830 102771 49053 7413 52356 17316 96027 148392 100428 161601 98651 156261 94370 143376 129985 250308 170663 372282 53789 21684 125604 237123 124446 233640 128408 245523 81874 105879 73530 80910 92446 137628 60300 41229 70648 72246 49232 7971 57501 32841 68278 65127 48537 5865 51864 15891 76195 88884 103419 170550 76426 89580 72609 78129 94801 144678 65169 55806 68125 64677 118299 215226 52166 16797 94243 143040 108753 186597 82919 109059 58660 36261 84898 114948 65307 56238 75980 88215 98456 155670 88698 126459 65241 55998 97770 153672 86320 119214 73212 79956 104833 174810 98757 156579 58167 34812 70667 72312 83773 111576 
131145 253446 135645 266925 89787 129336 61844 45552 69818 69474 62445 47307 104309 172902 139191 277563 52424 17247 56990 30963 96241 148749 65294 55884 87076 121200 206687 480072 121984 225954 57903 33672 102567 167754 101850 165543 61303 43929 128526 245568 122604 227802 73261 79758 140695 282057 112657 197982 123249 229785 119147 217488 101259 163788 116952 210846 73898 81696 131862 255606 94764 144264 94381 143133 66300 58857 82820 108417 193014 439044 63086 49257 51456 14343 50561 11649 76014 87996 88560 125664 151510 314496 77612 92838 75559 86658 85100 115302 92279 136827 134165 262521 114687 204063 56471 29361 104517 173541 63825 51501 
55734 26904 83900 111375 155917 327444 79234 97410 59046 36822 64993 54636 76959 90588 101797 165075 77046 90822 55232 25380 120071 219978 97276 151575 68677 65730 81244 103479 72554 77355 198942 456561 48099 3972 75044 84798 66289 58569 63014 48717 92693 137817 107864 183312 68992 66696 52090 15945 53389 19857 47710 2805 63914 51408 94363 142746 74634 83556 48562 5361 134127 262092 60670 41703 131498 254238 150481 311172 71944 75507 108218 184347 74047 81867 147343 301740 71611 74541 108165 184179 94947 144516 59603 38493 134047 261885 55288 25548 53954 21528 78606 95493 96621 149565 100781 162078 59084 36918 85107 114978 
83857 111000 118099 213699 120268 220203 65919 57129 56813 29802 116460 208761 70664 71421 128470 244794 167319 361329 101458 163767 101753 164667 115558 206109 106344 178452 106293 178299 55190 24954 61389 43569 51068 12579 94578 143136 81346 103455 97072 150606 49139 6774 90245 130182 52769 17736 74876 84012 52065 15579 81063 102564 140226 280107 96104 147714 83874 111012 138058 273576 87969 123318 94141 141816 55142 24792 88360 124509 157177 330948 61182 42921 90459 130842 71832 74925 52054 15537 51961 15276 100217 160077 58447 34716 170199 370014 52797 17781 77629 92271 71961 75285 56941 30213 96485 148875 86020 117450 121248 223152 
114509 202611 51721 14226 102960 168018 115988 207084 74930 83871 65988 57039 55978 27015 51585 13848 106480 178548 50294 9954 86379 118263 91941 134886 50520 10659 76156 87579 78731 95268 80113 99411 91866 134682 66859 59688 148421 304398 86265 117957 53800 20463 100176 159603 60618 40944 78512 94647 115885 206784 84102 111405 76913 89868 71764 74391 118738 215316 82499 106599 199180 456633 69843 68631 132920 257877 78338 94098 109324 187056 53596 19914 123297 229047 105507 175620 109235 186807 119649 218055 95655 146067 57408 31350 59478 37533 71784 74472 67124 60474 126669 239106 141656 284025 121464 223494 49396 7272 180957 402009 
114209 201429 142185 285372 117610 211620 63053 47922 67572 61500 66845 59310 84145 111237 51404 12984 116519 208359 71787 74136 106484 178242 113106 198120 96827 149253 70612 70608 73264 78576 94724 142947 72279 75702 63885 50439 145239 294516 68753 65034 69985 68757 88621 124665 120933 221610 116073 207057 78901 95511 87521 121338 121045 221934 79734 98019 64945 53664 57220 30450 81776 104145 129581 247542 79876 98409 49637 7659 87379 120921 76919 89547 130655 250785 82796 107142 122597 226581 98332 153834 72541 76431 136151 267264 109142 186261 134008 260859 84655 112749 63454 49137 112761 197067 127719 241959 61733 43974 85260 114606 
72101 74796 63914 50214 53771 19776 69804 67875 166977 359448 76209 87156 86416 117732 83444 108780 60734 40677 95369 144561 142926 287277 56451 27816 62374 45567 131942 254298 63904 50187 106528 178086 98754 154746 105596 175323 66740 58695 117442 210834 53046 17640 50308 9396 80543 100164 104981 173418 105656 175515 152770 316857 132820 256968 189571 427275 79061 95682 79625 97374 104142 170946 195346 444564 122441 225813 54086 20748 84232 111204 73027 77574 109081 185706 57496 30978 105512 175083 85740 115773 51292 12339 119449 216837 62052 44649 65781 55824 132163 254970 119004 215496 133647 259488 54601 22275 54347 21540 94316 141450 
77443 90519 121297 222084 59364 36273 68543 63804 91509 132690 70673 70209 124572 231936 110731 190359 51853 13731 67299 60063 87704 121323 120453 219585 89874 127839 97848 151770 73412 78417 48356 3234 139533 276783 135689 265266 121001 221211 85653 115194 77838 91707 160099 338505 125970 236091 111331 192195 47422 411 76668 88197 70714 70371 57972 32073 72651 76152 142572 285945 50100 8481 116129 206595 115862 205851 131637 253140 113285 198084 118725 214359 82748 106452 93005 137241 84118 110556 47700 1245 109785 187590 99169 155709 49554 6873 51155 11694 113094 197493 101571 162948 73263 77988 62633 46062 89922 127947 63086 47412 
110097 188157 66494 57363 125058 233085 68113 62220 49019 4968 153910 319641 55406 24117 113515 198426 154911 322641 137973 271803 61993 43908 167506 360429 83320 107832 81765 103224 70965 70785 96164 146373 80480 99303 115059 203058 66558 57564 79334 95949 89010 124941 73168 77385 126643 237855 86350 116979 120162 218403 80097 98211 65174 53433 62010 43884 100377 159048 75375 84054 50500 9375 73408 78108 51805 13290 133077 257160 77289 89778 49451 6216 99829 157386 108724 184080 106211 176526 73374 77988 149257 305718 65227 53565 52666 15864 74289 80721 47418 81 68195 62502 97235 149604 97630 150774 119759 217176 82340 104919 
147154 299118 60262 38385 87082 118827 122824 226056 96471 147033 94109 139902 74593 81354 115675 204624 97046 148704 77475 90000 64186 50166 82941 106413 106255 176367 134986 262575 117893 211314 69185 65103 142916 286386 88706 123735 101947 163434 62409 44820 78322 92577 91144 131049 57449 29937 105071 172788 69726 66777 70932 70389 127949 241518 48386 2694 69425 65910 149547 306243 108986 184551 105408 173862 68359 62688 49222 5223 140865 280176 86214 116241 100273 158463 75364 83685 190363 428691 93543 138255 58993 34572 61970 43521 99127 154962 146839 298119 131011 250707 67278 59424 48187 2145 79461 95994 119952 217428 65335 53568 
93018 136371 225729 534516 126579 237045 72775 75645 92335 134295 74827 81774 131333 251292 99902 157035 60803 39693 125874 234897 85323 113313 124420 230541 123610 228120 67688 60357 113380 197460 73563 77979 97693 150333 95961 145176 99767 156600 146187 295836 81338 101295 55766 24573 102008 163377 88809 123753 80465 98679 87975 121209 64476 50691 73700 78366 162221 343971 91248 131064 80434 98631 140693 279381 54332 20259 106451 176679 119811 216705 88076 121521 108515 182871 87746 120546 127549 239913 48087 1527 49690 6360 150592 309156 108042 181443 55849 24810 101731 162447 105069 172488 88300 122184 62064 43464 57685 30366 94237 139983 
112641 194925 88248 121728 48989 3942 52208 13614 76947 87831 93584 137772 143359 287124 106687 177105 79037 94149 75018 82083 146783 297357 145538 293640 120059 217233 109220 184662 58124 31335 109562 185661 86157 115461 105391 173148 59823 36471 68643 62895 142100 283365 136093 265371 142479 284448 67935 60834 90863 129561 54983 21930 132904 255723 80832 99471 64603 50811 54191 19536 95275 142851 116898 207786 77796 90390 53532 17571 77796 90351 84345 110037 50849 9531 120221 217689 93125 136368 119827 216462 169136 364428 81025 100032 49395 5139 69502 65499 55574 23697 91343 131022 48996 3963 117310 208932 136990 268005 76187 85590 
79489 95169 56229 25368 106973 177657 76334 85668 63785 48102 72711 74823 117775 210015 133501 257241 133634 257655 215834 504240 70149 67185 56926 27471 62448 44028 86649 116640 159710 335829 69886 66351 65414 52959 183081 405978 51697 11739 92451 134082 95312 142629 135658 263712 113601 197532 99597 155493 70886 69333 71948 72597 105492 173166 80598 98502 73085 75957 77582 89412 108113 181074 79591 95466 58045 30825 163633 347601 176709 386883 151963 312636 65412 52908 79139 94107 101046 159822 60143 37086 146675 296742 86893 117360 110052 186918 73640 77592 58783 33042 81143 100128 90044 126834 59488 35148 108296 181590 81169 100200 
102584 164154 95271 142242 71104 69702 99546 155085 56560 26070 82829 104898 98913 153156 49834 5874 111781 191787 121127 219774 82514 103959 161489 340851 93542 137010 106630 176307 88682 122418 93428 136695 68764 62640 72016 72450 60338 37380 140213 277050 63917 48144 89529 125013 103766 167760 69330 64398 150985 309420 60397 37575 125573 233118 119864 216030 97083 147657 110735 188595 126781 236760 61443 40722 57087 27672 108689 182430 85089 111684 77310 88332 60535 38043 128912 243171 107102 177750 80528 97950 124663 230418 145907 294093 85965 114276 48534 1956 89125 123768 111180 189951 82085 102648 120235 217170 104845 170943 77056 87603 
132854 254652 128889 242778 119531 214668 115848 203628 113170 195591 63683 47187 90490 127551 152546 313821 62111 42414 70148 66555 144067 288339 128367 241212 99776 155412 115188 201690 90714 128280 91012 129153 112535 193668 54675 20115 113099 195414 97132 147480 82260 102843 53899 17781 154849 320727 150017 306198 77632 89004 70106 66420 69385 64293 113419 196347 106520 175626 87877 119802 72135 72522 128390 241263 178511 391659 118441 211407 141057 279264 78989 93042 85651 113028 92290 132978 92502 133590 169480 364542 66357 55191 53325 16029 112917 194862 69067 63285 97735 149340 102427 163380 73744 77340 184160 408618 106931 176886 132658 254103 
217660 508827 120184 216333 125130 231192 133823 257289 123285 225618 137933 269637 118739 212001 121907 221514 78584 91560 65481 52227 105541 172425 130241 246588 115271 201612 58942 32598 118420 211059 52991 14739 74226 78462 71080 69033 206861 476430 100444 157113 176536 385407 72891 74490 166516 355377 59014 32832 111328 189786 147518 298425 84236 108525 62714 43950 69916 65550 64660 49743 78287 90651 121416 220050 96277 144642 66127 54189 111131 189201 142383 282969 82991 104739 49933 5574 134913 260568 79860 95415 63950 47616 70934 68550 70346 66864 146797 296172 178807 392241 61082 39030 78841 92358 81956 101643 111218 189498 134367 258912 
102587 163281 119236 213189 54415 18720 59755 34767 90530 127116 55767 22800 103834 166992 163147 344952 144086 287775 64139 47952 83452 105864 79913 95250 112281 192360 89440 123858 117862 209088 107959 179367 113913 197241 91435 129813 102571 163221 92166 132000 52617 13335 96811 145935 71188 69021 129531 244167 104686 169578 117998 209484 96638 145389 66046 53676 99617 154344 91845 131052 98571 151215 111355 189546 107190 177108 83945 107352 144752 289749 51798 10860 113429 195831 110142 185916 80487 96954 101330 159489 93306 135474 111047 188622 64195 48060 91533 130125 98284 150399 139220 273153 69245 63246 132167 252000 120920 218268 52200 12075 
50362 6267 126418 234480 102854 163734 89621 124071 72604 73005 92066 131397 72270 71964 49185 2703 94529 138843 109465 183606 117967 209094 95396 141372 70219 65850 81215 98847 52613 13014 54355 18222 135051 260415 100411 156417 173172 374697 102439 162573 108817 181608 102430 162456 89014 122226 60530 36816 109142 182589 71212 68847 168127 359646 66931 56010 66170 53718 59925 34959 51346 9219 68478 60642 110190 185778 117920 208935 67379 57339 68301 60084 66223 53895 92794 133608 105743 172386 77919 88956 50451 6519 74661 79164 170781 367560 114604 199041 93701 136296 97782 148611 59825 34659 53962 17103 71100 68484 75808 82614 
83145 104373 59832 34398 50580 6585 68323 59853 94453 138234 75889 82578 99232 152604 53591 15630 163295 344814 178367 390027 165995 352932 180742 397173 67360 56973 103628 165783 66313 53832 69434 63219 95989 142857 62372 42000 83938 106686 131443 249204 121191 218466 98395 150075 134634 258795 85585 111609 121119 218274 85760 112209 97287 146745 79342 92901 64521 48456 127219 236559 48990 1827 92018 130953 80826 97350 117367 206985 131043 248064 49380 2988 109694 183975 85993 112854 63719 46011 60787 37263 82051 101064 93201 134514 48860 1416 92070 131082 129287 242781 83048 104052 139254 272688 208571 480687 57672 27909 138806 271308 
90074 124806 70882 67248 60864 37164 153740 315849 87253 116358 106226 173289 62598 42378 108680 180660 52908 13296 66053 52740 52062 10806 80671 96576 71954 70437 77869 88245 80948 97428 101739 159828 150091 304947 54542 18207 159345 332625 68718 60762 75540 81222 117684 207651 69087 61881 60626 36426 79722 93741 90465 125976 114884 199287 130686 246666 70095 64923 133574 255339 102432 161898 97280 146433 77945 88473 119170 212121 74501 78075 48676 594 156083 322914 154031 316764 80466 95988 85933 112410 133220 254280 162131 341010 134828 259095 88799 120972 54220 17259 109270 182412 51588 9375 52430 11853 113272 194427 153129 314004 
128785 240675 104191 166899 72491 71784 72379 71448 149798 303714 130090 244626 206185 472899 87303 116238 113747 195552 70285 65139 92973 133236 125263 230172 118159 208776 114648 198261 92365 131370 104773 168684 90008 124359 94922 139056 119792 213696 81929 100050 65339 50316 60111 34635 96246 143019 84552 107946 148396 299508 95777 141624 71472 68697 144919 289086 50921 7035 92967 133248 71849 69855 63174 43806 121447 218652 95577 141060 103303 164229 121473 218748 52307 11211 51118 7590 110887 186945 170377 365442 158117 328659 92933 133074 88579 120054 146646 294264 65507 50775 80190 94908 55997 22284 98309 149208 85592 111069 118340 209331 
145739 291225 90177 124530 194716 438177 49805 3408 110039 184125 161751 339264 104219 166719 65397 50208 50386 5124 116823 204486 61613 38883 85034 109092 75677 81033 113100 193281 76014 82041 82031 100074 77542 86628 57652 26940 61619 38856 71874 69657 81451 98355 114623 197862 66350 53031 71935 69768 93414 134226 109469 182391 134334 256986 140794 276411 107859 177606 140591 275817 63398 44169 108914 180750 82335 100953 113169 193542 148581 299769 62975 42873 158782 330381 151352 308019 62181 40551 140426 275262 52379 11076 137083 265275 98304 148920 63909 45711 81291 97863 73508 74508 49331 1977 138996 271041 90938 126816 143578 284742 
145702 290817 107409 175908 62272 40527 101888 159384 54395 16866 142779 282045 147204 295332 57470 26082 105728 170865 127503 236175 64644 47607 113607 194523 76015 81738 143067 282918 70754 65916 208264 478545 137413 265932 53857 15255 146516 293259 66945 54564 74029 75843 133373 253866 157570 326403 116723 203859 104723 167907 116085 201993 50732 5871 102158 160155 50358 4785 57631 26610 120182 214263 82549 101364 99704 152787 100543 155313 149921 303501 90906 126444 60691 35754 129179 241245 83533 104319 104846 168237 127086 234978 100411 154935 176465 383085 64649 47658 81536 98352 57390 25872 94545 137316 82725 101868 72562 71397 90499 125208 
92702 131460 63110 42687 77253 85176 126097 231711 119596 212181 95574 140142 86278 112242 62192 39939 59304 31293 62074 39606 70353 64467 82752 101676 94719 137532 53253 13167 81274 97206 62404 40620 65870 51012 49948 3210 79202 91017 165313 349347 57371 25503 50192 3957 90688 125493 140653 275379 72578 71109 164459 346830 66072 51579 58137 27810 136268 262188 64498 46941 51782 8754 87279 115218 140198 274050 93619 134250 105378 169506 141070 276654 109715 182592 111462 187812 122748 221664 60017 33450 84224 106062 133200 253026 129094 240693 124857 227991 87318 115365 49447 1668 55351 19383 177922 387183 85298 109305 84298 106365 
104701 167178 112096 189369 91581 127845 72444 70416 69507 61620 165555 349812 96578 142833 92073 129339 69987 63042 50902 5817 67286 54933 98005 147126 175378 379251 103277 162921 58978 30027 69019 60132 92647 131061 104589 166839 73666 74073 52348 10107 78203 87717 51094 6402 81753 98352 81284 96951 55718 20247 82531 100686 172302 370032 135226 258834 91339 127092 63054 42261 175892 380805 89808 122508 140998 276096 143366 283245 92512 130647 104418 166389 89401 121302 111621 187956 92037 129192 69394 61275 54110 15402 51777 8406 85324 109065 148980 300069 109231 180750 133769 254409 105279 168981 186419 412395 55715 20301 73271 72912 
74423 76044 73303 72702 117471 205212 121315 216738 89163 120291 99340 150840 153259 312588 49843 2295 119147 210258 126935 233634 259845 632361 85031 107856 83717 103980 222872 521433 55197 18363 84194 105399 121230 216528 142185 279354 68142 57201 167544 355434 89779 122094 121089 216075 53954 14661 97665 145806 56981 23700 91200 126381 115379 198918 133048 251955 76891 83457 78154 87291 56013 20811 70635 64716 123616 223713 95392 138957 118906 209535 65532 49416 66276 51618 104400 166008 97701 145878 111355 186909 120409 214047 89159 120297 68924 59538 88642 118719 59440 31122 139726 271995 83114 102150 73689 73869 84985 107757 61526 37362 
93563 133161 71355 66576 58384 27627 201383 456687 130090 242832 52910 11205 50502 3951 92366 129624 107096 173799 125380 228648 86062 110643 102070 158748 59064 29694 77158 83994 134552 256194 67185 54057 56031 20604 58829 28971 79164 89955 92710 130623 123035 221670 85158 107982 60948 35316 88655 118404 80281 93345 104244 165231 103081 161715 140282 273357 129267 240339 126490 232005 97737 145713 58713 28629 65979 50403 87210 114111 69083 59739 197937 446340 122321 219501 109578 181254 50251 3246 87233 114198 94805 136914 138749 268755 142489 280023 54054 14646 79134 89913 99864 152112 68311 57441 68878 59136 84914 107223 136164 261000 
127896 235932 106866 172800 62927 41019 98420 147480 145999 290226 59283 30021 156071 320448 132838 250794 113046 191358 64114 44526 95413 138459 70679 64236 80731 94401 103609 163056 104344 165222 88680 118206 122369 219318 57061 23385 106296 171099 91002 125199 61127 35619 69504 60711 97675 145245 53498 12675 80933 95001 136789 262560 132550 249825 71226 65889 85480 108630 116459 201612 112844 190731 55255 17946 99861 151782 49673 1167 133499 252723 105022 167250 99099 149514 87294 114102 181748 397446 103612 163020 136485 261657 150823 304671 110174 182742 102521 159798 106850 172752 148719 298341 273541 672861 71985 68202 101255 156003 102464 159591 
113647 192885 80208 92532 105839 169419 107812 175347 126317 230877 124857 226443 108663 177909 65491 48363 124489 225360 75015 76899 124279 224745 51095 5133 75324 77880 58312 26826 131958 247803 100296 152763 96600 141672 112903 190644 91489 126375 111016 184938 68395 57057 122772 220251 69939 61692 114240 194628 132351 248961 72630 69774 98533 147483 114330 194901 98913 148638 127071 233115 84847 106371 108222 176568 117725 205110 105469 168342 89455 120282 64632 45789 127078 233109 177049 383046 58624 27789 125180 227505 94925 136683 100609 153702 54697 15972 182000 397974 110951 184746 118704 208032 90158 122340 95383 138048 166105 350226 98712 148119 
140778 273990 73542 72201 110803 184056 91255 125367 56450 20952 73768 72888 80046 91767 112492 189096 83289 101478 69075 58809 134893 256350 99227 149253 69108 58917 74593 75360 147064 292773 53658 12528 60911 34317 56414 20832 81805 96999 55187 17145 95070 136818 113910 193377 106109 169938 80308 92544 60816 34050 71787 66909 94159 134121 54493 15033 200691 453699 96265 140433 76535 81198 82287 98505 97302 143532 111431 185886 107413 173859 61944 37404 114641 195516 80254 92373 108819 178077 92314 128526 69656 60588 54444 14889 181833 397092 167691 354711 60497 33108 100111 151953 132384 248751 82809 100011 91170 125082 121052 214764 
72837 69777 140369 272427 125809 228729 87263 113055 65671 48270 76154 79797 139104 268659 70046 61458 151149 304776 83907 102984 86964 112176 76153 79749 96909 142020 168995 358341 51807 6702 70241 62016 96011 139371 88406 116520 94679 135339 114694 195420 106943 172131 150346 302328 171104 364677 124725 225510 62287 38136 128664 237312 77399 83472 92415 128553 70565 63012 62912 40029 136773 261627 89362 119376 84551 104946 98585 147075 54341 14289 54977 16260 83588 102048 57631 24183 140844 273849 120082 211566 105078 166542 77187 82842 192438 428622 92477 128724 98962 148176 143345 281334 124823 225813 69354 59292 186627 411174 103990 163305 
215636 497937 137783 264375 105489 167487 145374 287160 110552 182685 83200 100611 115991 198972 136056 259149 101193 154587 62489 38448 67975 54897 74533 74589 106699 171159 92384 128145 87810 114423 160423 332286 63411 41196 72030 67092 126082 229308 105262 166806 72483 68475 116483 200469 93706 132120 123600 221835 134126 253404 74365 74067 120614 212880 96418 140235 146644 290922 136015 259038 117009 201993 134034 253113 107736 174192 145643 287994 76327 79980 79754 90234 155802 318417 91739 126264 108285 175890 83359 101079 65180 46533 75215 76656 85021 106083 89722 120174 74497 74526 159223 328731 50630 2844 66625 50886 64164 43455 130951 243864 
149435 298989 71975 66624 52123 7050 120578 212433 66843 51183 55417 16953 176229 379398 92390 127899 66805 51081 151476 305184 98745 146964 154987 315708 64217 43326 56694 20766 74341 73743 58247 25407 143082 279939 134388 253854 141542 275325 104508 164205 85119 106059 88485 116166 88917 117405 128452 236058 55590 17391 93187 130287 109887 180390 118118 205092 95825 138183 91962 126579 80654 92709 99276 148527 169917 360498 109190 178290 76653 80703 114172 193236 82064 96876 62791 39036 83414 100971 85759 107988 73042 69810 98600 146529 85360 106782 69013 57711 84615 104538 56952 21549 83497 101154 108804 177093 104351 163746 136271 259533 
68879 57039 92790 128787 87816 113832 85788 107802 90844 122934 86082 108666 91087 123654 139973 270372 54030 12429 138165 264939 51200 3954 120232 211116 79669 89406 209621 479337 117167 201921 167124 351771 103865 161970 128757 236646 79568 89112 161912 336147 53584 11127 97541 143007 76888 81072 127819 233805 64390 43572 106341 169425 145673 287427 121047 213558 122811 218862 73941 72207 196928 441195 106743 170637 192078 426645 51368 4515 57560 23100 150527 301974 108917 177144 142044 276561 90393 121587 85188 106002 60528 31965 62302 37287 121719 215556 64435 43680 50349 1404 85731 107610 66993 51351 93300 130275 113650 191367 106585 170121 
109052 177237 51010 3087 62095 36387 148918 296880 145022 285222 58278 24906 51409 4338 58338 25089 84924 104865 135509 256671 65455 46455 126996 231090 87490 112590 108801 176496 82731 98292 74111 72426 215616 496986 51903 5766 86936 110883 97738 143316 67291 51939 117332 202116 146258 288891 132103 246402 92182 126600 85088 105363 90412 121380 60813 32532 86784 110442 167811 353571 53750 11304 80358 91122 111186 183678 50460 1437 50175 555 69305 57960 125762 227424 63774 41388 70133 60501 199513 448677 62758 38394 127188 231684 89534 118737 102582 157830 73527 70671 159278 327996 69031 57195 67451 52479 161435 334413 53414 10341 
