599 819 565 744 498 685 620 814 603 801 538 730 521 678 591 800 505 666 525 681 565 773 643 871 581 757 592 782 589 803 627 856 561 717 585 787 566 732 486 660 612 794 443 600 607 821 589 785 551 736 610 840 492 649 541 723 496 666 645 882 596 783 567 733 598 817 638 870 616 859 555 743 631 844 674 921 548 745 620 834 578 760 582 753 584 793 599 803 656 892 459 612 578 754 591 797 598 814 662 911 
1310 1713 1293 1717 1303 1716 1329 1767 1343 1794 1372 1850 1344 1757 1268 1690 1304 1715 1362 1849 1291 1686 1038 1330 1303 1721 1263 1668 1218 1587 1282 1678 1269 1675 1316 1749 1341 1771 1316 1731 995 1308 1037 1377 1108 1447 1172 1534 1378 1830 1279 1703 1349 1825 1294 1711 1297 1704 1362 1810 1361 1839 937 1244 1412 1811 1237 1623 1407 1848 1200 1545 1053 1409 1337 1793 1182 1610 1151 1491 1393 1867 1204 1608 1308 1743 1328 1831 1333 1738 1341 1837 1343 1805 1295 1708 1293 1697 1277 1699 
1922 2539 1632 2161 2043 2670 2043 2629 2130 2865 2031 2681 1994 2630 2001 2648 1972 2565 1890 2506 2038 2654 2109 2823 1987 2613 1969 2579 2147 2857 1931 2573 2016 2612 2167 2878 2045 2686 1956 2593 2108 2795 2027 2663 2039 2636 1975 2584 2063 2795 1616 2149 1880 2446 2150 2892 2010 2613 2143 2823 2087 2786 2084 2747 2104 2808 2145 2815 2163 2874 1928 2550 2102 2783 2088 2759 2105 2823 2175 2851 2137 2876 2163 2824 2051 2769 1477 1944 2087 2729 2034 2627 1996 2624 1976 2583 1920 2529 2150 2925 
2192 2873 2839 3671 2640 3462 2871 3803 2876 3785 2713 3608 2839 3729 2705 3525 3040 4024 2966 3963 2789 3651 2823 3713 2807 3689 3002 3964 2899 3849 2548 3333 2677 3537 2604 3373 2554 3361 2703 3495 2892 3778 2811 3673 2857 3718 2679 3525 2792 3602 2816 3672 2227 2936 2876 3851 2606 3384 2673 3442 2483 3250 2720 3583 2731 3605 2902 3840 2674 3540 2862 3741 2833 3754 2782 3688 2816 3743 2732 3585 2968 3909 2788 3653 2922 3918 2097 2746 2842 3689 2903 3829 2623 3365 2787 3714 2872 3792 2655 3488 
3423 4429 3473 4506 3446 4467 3480 4486 2482 3270 3500 4620 3577 4743 3610 4837 3359 4381 2726 3563 3422 4451 3457 4567 3679 4843 3588 4713 2760 3602 3556 4727 3634 4838 3692 4876 3544 4738 3582 4700 3495 4575 3429 4511 3642 4841 2859 3724 3374 4376 3573 4782 3449 4590 3359 4437 3483 4652 3529 4670 3496 4538 3531 4592 3425 4556 3435 4495 3612 4734 3527 4640 3446 4510 3522 4665 3591 4814 2757 3651 2446 3195 3473 4498 3392 4494 3353 4404 3603 4715 3393 4431 3574 4728 3528 4634 2868 3792 3630 4840 
4330 5683 4154 5545 4417 5800 4522 6035 4149 5463 4345 5690 4392 5836 4304 5578 4424 5784 4523 5982 4432 5858 4322 5670 4393 5793 4384 5706 3824 5032 4353 5658 4308 5720 4333 5766 3885 5130 4328 5665 4126 5437 3307 4328 4304 5707 4104 5401 3972 5210 4229 5502 4150 5371 4384 5773 4315 5678 4335 5734 4407 5718 4128 5422 4400 5830 4320 5644 3334 4391 4296 5695 4105 5348 3353 4390 4036 5304 4417 5843 4326 5726 3875 5032 4096 5328 3048 3993 4516 5950 4281 5584 4257 5565 4314 5738 4156 5358 4354 5707 
5136 6718 4639 6096 5035 6583 4998 6502 4558 5892 5054 6701 5062 6684 5174 6856 5229 6869 5049 6527 5121 6700 5128 6690 5021 6566 5143 6738 4921 6434 4428 5757 4638 6050 5135 6715 4966 6437 5111 6754 5222 6896 5065 6606 5095 6722 4844 6395 4894 6480 4780 6304 5122 6708 4814 6236 4642 6103 4781 6257 5114 6764 5241 6875 4983 6443 5122 6713 5158 6736 5112 6728 5103 6715 5047 6696 4778 6262 5323 7005 5162 6774 5185 6804 5051 6576 4976 6466 5153 6761 5203 6794 5212 6825 4913 6443 5208 6871 4858 6406 
6019 7835 5641 7375 5900 7807 6043 7913 5377 7052 5858 7663 6139 8049 5745 7504 5620 7231 5632 7404 5817 7617 5801 7622 5801 7526 5792 7516 5292 6949 4594 6014 5872 7710 6061 8025 5855 7718 6043 7942 5969 7898 5555 7274 5973 7823 5759 7512 5677 7415 5835 7661 5874 7662 5802 7514 5982 7832 5736 7490 5736 7476 6010 7893 5799 7606 5930 7749 5747 7518 5890 7674 5827 7590 5744 7548 5712 7444 5845 7635 5901 7783 5843 7539 5827 7596 5421 7066 5849 7597 5639 7330 5504 7153 5962 7756 5697 7403 5916 7759 
6895 9060 6012 7804 6701 8795 6602 8684 6275 8181 6494 8510 6579 8554 6493 8462 6700 8829 6493 8539 6373 8280 6754 8839 6592 8732 6550 8592 6084 7893 6563 8556 6554 8487 6776 8907 6911 9053 6598 8670 6672 8801 6641 8719 6351 8338 6687 8759 6341 8222 6380 8365 6573 8605 6739 8827 6719 8739 6185 8081 6725 8769 5863 7656 5983 7854 6405 8337 6485 8472 6630 8657 6360 8295 6472 8511 6536 8586 6461 8434 6372 8387 6637 8736 6563 8585 6306 8279 5871 7651 6684 8758 6703 8678 6604 8740 6472 8452 6634 8639 
7353 9715 7282 9578 7113 9289 6967 9095 7498 9954 7224 9431 7389 9676 7663 10029 7534 9937 5049 6588 7039 9249 7479 9769 7466 9859 7469 9873 7293 9474 7329 9544 7521 9877 7292 9656 7408 9650 7420 9686 7261 9382 7367 9552 7210 9498 7590 10076 7652 10043 7265 9484 5629 7323 7267 9492 7383 9707 6990 9096 7622 10093 7108 9370 7535 9873 7236 9489 7139 9321 7345 9582 7204 9543 7821 10213 7415 9640 7419 9736 7398 9744 6490 8425 7299 9565 7378 9644 7671 10127 5502 7196 7417 9762 7272 9425 7311 9572 7683 10043 
8126 10646 8105 10559 8160 10704 6437 8471 7991 10473 8224 10722 8300 10944 7989 10346 7420 9669 8311 10855 7625 9964 8312 10887 8092 10564 8039 10612 7920 10335 8281 10785 7954 10391 8035 10572 7518 9758 8022 10439 8422 11020 8233 10736 8225 10832 8370 10965 7839 10317 8104 10651 8107 10712 7980 10472 8173 10802 7653 9922 8153 10579 7880 10375 8122 10577 8246 10775 6306 8268 8046 10487 8167 10733 7532 9891 7970 10361 7777 10119 8052 10560 6459 8388 8077 10511 8452 11133 8129 10627 8188 10772 7560 9848 8229 10786 7943 10391 8283 10813 
8885 11701 8149 10691 6510 8470 8862 11625 8951 11714 8287 10898 8974 11773 8901 11574 7916 10284 8817 11534 8824 11596 8388 10922 8912 11667 8853 11546 8944 11738 7928 10315 8872 11503 8256 10835 8817 11539 8816 11531 8770 11534 8963 11781 8641 11441 8803 11540 8713 11287 8785 11510 8098 10643 8891 11687 7741 9984 8870 11552 8542 11106 8772 11379 8752 11510 8666 11328 8811 11606 9000 11736 8382 10844 8586 11166 9206 11965 8820 11467 8985 11752 6542 8589 8750 11508 8717 11404 8483 11021 8758 11448 8895 11698 8847 11601 8362 10914 8718 11303 
9752 12726 9597 12443 9718 12748 9596 12523 9842 12893 9697 12546 9638 12516 9863 12867 10036 13117 9749 12787 9895 12915 7579 9892 9824 12925 9725 12833 9652 12597 9248 11987 9692 12674 9420 12306 9954 12989 9702 12685 9081 11902 9615 12620 9707 12700 9861 12903 9282 12093 9636 12580 9880 12962 9574 12497 9664 12561 8664 11296 9872 13005 9535 12298 8878 11461 9937 13025 9472 12290 7425 9687 9519 12434 9478 12346 9456 12330 9616 12462 9507 12334 9752 12791 9647 12615 9708 12748 9627 12500 9866 12924 9614 12491 9689 12686 9880 12884 9823 12736 
10749 14031 10813 14219 10309 13494 10574 13937 10594 13906 9511 12429 9377 12218 10589 13870 9121 11939 10633 13888 10314 13362 10394 13577 10714 13995 8225 10676 10540 13743 10757 13956 8115 10624 10524 13693 10677 13915 10382 13572 10832 14150 10554 13721 10613 13896 10089 13103 10626 13877 10007 12910 10584 13786 10211 13286 10477 13640 10655 13986 10606 13924 10322 13462 10108 13128 9125 11845 10042 13141 10637 13951 10390 13573 9773 12826 10552 13782 10365 13448 10744 14040 10096 13220 10531 13808 10685 13901 10368 13475 10677 13883 10362 13449 10146 13112 10412 13489 10378 13568 
11484 14892 11153 14488 11377 14875 11168 14595 11192 14523 11277 14821 11086 14448 11363 14760 11164 14498 11148 14549 11069 14327 10899 14194 11048 14447 11258 14700 11058 14362 10719 14089 11514 15093 10761 14003 11505 14970 10795 13965 10529 13716 11051 14380 10718 13895 11506 14920 10393 13495 11268 14707 10723 13969 11082 14444 11273 14678 11428 15003 10486 13573 11221 14651 10259 13370 11024 14222 10887 14174 11340 14713 11331 14728 11007 14394 10429 13530 10958 14165 11269 14722 11216 14635 11603 15332 11215 14466 11126 14473 11501 15012 11210 14611 11252 14806 11270 14690 11235 14630 
11911 15495 11435 14837 11743 15282 11569 15131 12195 15932 11114 14530 12102 15629 12058 15805 12061 15668 12162 15908 12118 15828 11353 14831 12079 15843 12002 15670 11725 15241 11962 15625 12096 15733 11631 15117 11915 15554 12291 15995 11614 15085 12061 15579 11628 15151 12056 15778 11919 15498 12004 15536 9259 12101 11085 14452 11951 15483 12154 15790 11773 15450 12429 16267 12140 15857 11463 15009 12205 15972 11965 15608 11817 15417 12147 15935 12161 15883 11300 14734 12061 15788 12162 15880 11980 15641 12117 15853 11893 15342 12411 16252 11990 15665 12073 15789 12058 15687 9170 11870 
12677 16518 12962 16985 12212 15899 12885 16838 12636 16497 12867 16820 12942 16850 12991 17052 12980 16926 13109 17214 12874 16705 9977 12908 12178 15819 12109 15735 13035 17047 12475 16276 12897 16869 12903 16812 11437 14882 12918 16751 12913 16921 13053 17070 12470 16143 12364 16073 11821 15565 12592 16448 12925 16756 12769 16541 12814 16546 12832 16738 12399 16023 12813 16596 12235 15832 12890 16831 12883 16846 12782 16674 12392 16084 12883 16818 12980 16961 13100 17191 12912 16987 12859 16721 12945 16803 12828 16861 12862 16904 12730 16556 12816 16718 11835 15353 12530 16260 12940 16851 
9329 12164 13568 17747 13564 17641 13354 17362 13487 17773 13254 17373 13631 17824 13540 17646 13284 17242 13808 18010 12435 16249 13470 17607 13679 17818 12807 16634 13505 17584 13541 17668 13001 16879 13565 17748 13875 18054 13958 18199 13244 17222 13130 17023 12830 16714 13718 17949 13540 17480 10431 13529 13715 17989 13620 17705 13533 17550 13562 17626 12395 16146 13742 18130 13116 17099 13477 17521 13605 17870 13699 17875 13776 17879 13235 17060 13989 18290 13761 18076 13468 17482 13485 17679 13328 17428 10744 14064 13793 17972 13158 17064 13299 17389 12262 15885 13636 17699 12996 16786 
11004 14320 13834 18055 14172 18406 14224 18464 14161 18577 14596 19235 14056 18379 14191 18451 14437 18865 14461 18873 14189 18411 14225 18547 14074 18362 14223 18491 14647 19092 14721 19122 14528 19001 14119 18399 14387 18862 14445 18637 14624 19118 14403 18907 14603 19063 14330 18687 14423 18771 14080 18328 12771 16609 14137 18211 13857 18093 14233 18547 14381 18804 14205 18483 14007 18287 13602 17605 13972 18229 14296 18587 14517 19091 14775 19341 14640 19056 14419 18894 14544 18895 14463 18908 14332 18595 14547 18881 14563 19166 14144 18428 14674 19147 14075 18299 14587 19074 13164 17156 
15039 19625 15346 20037 14938 19571 15042 19595 15323 20126 14695 19117 15441 20190 13774 17990 14682 18900 14821 19241 15369 19973 15326 20118 15379 20083 15578 20261 15286 19950 15173 19822 14061 18342 14791 19204 15225 19881 15131 19606 15257 19998 13124 17095 15030 19681 15002 19476 14792 19176 15288 19942 14973 19535 13864 17915 15049 19773 15128 19696 15057 19658 13975 18201 15058 19653 14927 19401 14816 19348 15128 19834 15238 19856 15374 20145 15539 20240 13796 17914 14971 19499 15074 19610 11059 14400 15010 19601 15665 20600 15448 20042 14943 19515 14459 18813 14697 19223 14964 19576 
16371 21261 15681 20545 15967 20950 16026 20899 14226 18465 15896 20898 15960 20974 15529 20186 16000 20863 15933 20898 15801 20555 14839 19473 15726 20569 16069 20955 14924 19386 16012 21016 15909 20701 16029 20933 12466 16263 16030 20813 16129 20945 16003 20752 15957 20743 16257 21288 15902 20821 16003 20943 15656 20455 15887 20599 15803 20588 15284 19999 16319 21396 16053 20973 15290 19969 15621 20422 15966 20829 16181 21267 14346 18753 16082 20958 16042 20973 15425 20264 15655 20355 15732 20445 15982 20902 15967 20811 15563 20262 16374 21538 15721 20703 15371 20163 16140 21154 15910 20779 
16655 21666 17157 22321 14752 19082 16689 21752 16768 21817 16473 21373 16530 21595 17097 22377 16676 21726 16758 21869 16485 21557 17154 22454 16890 22065 15690 20286 16598 21518 16516 21521 16721 21941 16966 22116 16869 22075 16185 21138 16839 21897 16936 22047 16247 21059 17110 22371 15247 19872 16560 21561 16741 21756 16814 21973 16357 21320 16310 21263 16409 21367 16256 21072 17017 22278 16618 21702 16886 21796 16229 21138 17140 22425 16994 22225 16824 21970 16683 21693 16514 21623 15455 20047 16770 22047 16727 21824 16598 21663 16640 21757 16253 21147 16686 21841 16480 21562 17017 22173 
17816 23352 15959 20799 17466 22762 17270 22680 17386 22643 13606 17769 17732 23003 16932 21992 17904 23251 16594 21577 17234 22465 17701 23109 16105 20935 17878 23311 17756 23198 16805 21811 17490 22864 17653 23121 17376 22753 17144 22301 15930 20845 17437 22707 16663 21606 17556 22954 17417 22443 17340 22525 17426 22742 17177 22318 17575 22951 17947 23508 17577 22908 16543 21613 16774 21734 17393 22679 17692 23088 17315 22454 17543 22832 17830 23204 17578 22829 17366 22724 16728 21614 17550 22859 16842 21934 17700 23110 17885 23360 17298 22494 17496 22793 17068 22316 16970 21976 17530 22903 
18115 23511 18484 24157 18544 24307 17681 23003 18355 23835 18158 23721 17836 23203 18999 24772 17218 22437 18548 24067 18274 23916 17907 23301 18077 23455 18413 24047 18002 23417 18538 24168 17878 23283 18716 24383 18302 23930 17855 23207 18599 24264 16783 21892 17129 22381 18406 24039 18505 24016 17901 23322 17467 22698 18715 24479 17508 22777 18314 23983 18610 24266 18389 24075 17047 22195 17098 22251 18030 23450 18348 23878 18407 23876 18847 24672 17973 23403 17586 22898 18098 23461 18273 23863 18300 23920 17888 23378 18025 23387 17960 23384 17917 23282 18458 23974 18235 23816 18629 24261 
14716 19180 17552 22916 19016 24806 18982 24752 18851 24714 19286 25032 19519 25484 18950 24749 18858 24543 19592 25465 18579 23982 19048 24872 19243 25045 19093 24976 18953 24641 18835 24508 17235 22362 19355 25320 18986 24731 18956 24742 19536 25585 19511 25404 18316 23698 18636 24297 18964 24581 19217 24903 18393 23888 19253 25147 19394 25272 18778 24401 19460 25397 18726 24390 18662 24280 19080 24796 19074 24882 19375 25152 19115 24930 18906 24609 19132 25029 17178 22349 18858 24535 19057 24869 18663 24385 19022 24635 19207 25055 19141 24996 19133 24821 19223 25068 19301 24989 19056 24915 
19603 25664 18097 23507 20121 26164 19722 25725 19888 25894 19614 25473 19524 25631 19922 26036 18819 24399 20050 26157 20064 26205 19952 25869 20342 26556 19189 25191 19873 26065 19496 25331 19437 25303 19316 25139 19953 25848 19644 25726 19694 25603 20345 26422 19305 25063 20217 26490 19984 25990 20544 26764 19922 25931 19369 25192 20364 26554 18022 23496 19935 25948 19551 25379 19930 25803 20410 26824 19663 25643 19981 26010 19451 25293 19187 24957 20189 26362 20177 26295 19857 25725 19564 25578 19320 25044 19945 25964 20144 26183 19810 25668 19069 24895 18497 24240 19842 25859 19816 25639 
20994 27418 20702 26879 20057 26208 20759 26821 20283 26265 19740 25670 20654 26851 19678 25434 20774 27069 20301 26353 20713 27013 20741 27003 19794 25805 20783 26954 15939 20756 20222 26091 20738 26927 20517 26822 20742 27040 20373 26366 20503 26610 20384 26526 18703 24398 21001 27458 20937 27277 19590 25291 19231 25091 20293 26403 20424 26533 20612 27059 18861 24677 20389 26450 19826 25745 21446 27957 20957 27537 20865 27119 20971 27496 20283 26451 19155 24985 20583 26827 20707 27003 20780 27042 20892 27170 20447 26605 20309 26393 20781 26963 20857 27069 20996 27336 20591 26664 20834 27097 
21564 28085 21385 27711 21145 27444 21308 27964 21514 28107 21369 27709 21443 27696 21889 28593 21657 28239 21703 28296 19749 25756 21514 27941 21688 28308 22081 28755 21379 27731 21131 27404 19560 25562 19536 25635 21147 27656 20911 27356 18509 23945 21567 28241 21745 28284 21731 28314 21707 28310 21722 28265 21384 27740 20935 27214 21848 28640 21337 27706 20873 27100 19443 25215 21821 28439 20914 27372 21183 27627 16555 21506 21813 28413 21888 28611 21617 28089 21005 27095 21441 27816 21120 27299 21779 28492 21701 28236 20989 27289 21463 27981 21633 28168 21367 27610 22074 28901 21846 28442 
22215 28772 22353 29181 21976 28536 22381 29015 21765 28245 21767 28351 22118 28750 22040 28703 22247 28935 21551 27917 22582 29422 22855 29863 22067 28585 23093 30186 22065 28794 22112 28850 22040 28650 22383 29174 22489 29153 22412 29210 22243 29050 22066 28761 22374 28936 22252 28941 22406 29140 22382 29182 21298 27641 20409 26563 21484 27881 22433 29312 22197 28783 21972 28470 17085 22239 20944 27283 22191 28842 22304 28954 21464 27678 22330 28954 22764 29517 22502 29314 22654 29441 21950 28480 21689 28079 22322 29024 16922 22005 22010 28646 21952 28662 22323 29126 22529 29360 16859 21828 
23863 31241 19787 25513 22512 29141 23404 30289 23363 30492 23409 30545 23320 30367 23330 30428 23527 30447 23445 30722 23242 30218 21569 27882 22938 29692 22821 29761 22903 29795 22145 28761 23176 30058 23358 30355 22949 29874 22927 29869 23119 29979 22969 29855 22323 28974 21058 27402 21216 27595 22703 29555 22858 29592 23169 30011 22715 29487 23674 30909 23256 30344 22485 29281 22908 29839 23107 30199 23032 29752 22716 29687 23520 30662 22874 29699 22731 29449 22809 29556 22588 29507 23412 30417 22814 29652 22710 29577 23096 30237 22937 29809 23423 30509 22894 29787 23093 30028 22656 29470 
23087 30156 23384 30502 24219 31441 23302 30238 23889 30885 24450 31891 23044 30033 23920 31071 22829 29786 24224 31542 23972 30971 24203 31482 23959 31345 21860 28495 24073 31388 23798 30890 23900 31195 24231 31639 24108 31277 23385 30351 24233 31603 23806 30873 23701 30824 23903 31108 23773 30867 24233 31393 23904 30971 24279 31666 24544 32073 24146 31499 23651 30953 24100 31291 24006 31290 23892 31116 24011 31351 24076 31417 24071 31323 23773 31008 23915 30952 23794 30893 24005 31283 23764 30864 21220 27500 24254 31633 24345 31718 23616 30710 23898 31006 24033 31267 21997 28600 23694 30998 
25215 32923 24546 32033 24972 32555 24529 31735 24495 31770 23134 30019 24905 32399 24344 31556 24381 31500 18064 23542 23751 30864 24612 31861 24885 32410 24736 32333 25186 32786 24917 32421 24477 31737 24626 32100 25108 32667 24942 32484 23420 30378 24341 31552 24430 31862 23751 30859 24391 31710 24689 32142 24501 31919 24012 31380 24770 32392 24726 32181 22316 29023 24958 32303 24372 31564 24238 31510 24460 31879 24985 32411 24031 31234 24645 31893 24998 32622 24669 31926 24903 32519 24195 31400 25158 32599 24719 32261 23842 30919 24902 32504 24933 32568 24678 32131 24767 32212 24986 32534 
25517 33343 25466 33248 25466 33138 24879 32335 25472 33151 24988 32455 25401 32866 25703 33430 25539 33146 23554 30407 25316 33128 25790 33659 25396 33183 25243 32980 25371 33085 23145 29986 25424 33103 25456 33051 25623 33300 25364 33053 26045 33955 23511 30708 24833 32247 25077 32470 25291 32897 24782 32084 25712 33551 25764 33621 25008 32585 25275 32812 25479 32942 25130 32642 25670 33270 25529 33176 24898 32445 25583 33089 25800 33466 25462 33061 25886 33780 25515 33304 25339 32962 25846 33498 25897 33833 25387 32966 25546 33230 24852 32226 25333 33006 25436 33059 24176 31381 25450 33076 
26504 34660 26274 34022 26114 33921 26382 34433 26255 34067 25943 33653 26272 34236 26502 34430 25881 33397 26343 34420 26150 33899 25875 33639 25949 33724 25100 32498 23380 30335 25986 33840 25608 33200 26293 34064 26127 34082 25863 33471 26375 34194 26158 34105 24190 31373 25916 33557 26747 34876 26305 34236 26391 34427 26348 34391 26449 34534 26263 34034 26242 34084 26117 33815 25769 33730 26332 33986 25510 33096 26184 34259 26587 34613 23864 31119 25679 33327 26289 34030 26424 34414 26539 34428 24153 31391 26495 34572 25196 32612 26494 34505 26643 34738 26383 34339 26288 34290 25519 33121 
26899 34881 26888 34951 25619 33378 26903 35031 27010 35183 27560 35846 27130 35375 27371 35436 24642 31926 27674 36067 26808 34976 27285 35424 27707 36369 27624 36048 26820 35122 27279 35523 20949 27265 27297 35568 27041 35090 27090 34936 26817 34770 27092 35292 26776 34751 25804 33533 27527 35825 27368 35800 27502 35999 27122 35235 26810 34715 27077 35240 26673 34764 27464 35863 28148 36736 27261 35519 26935 34894 19501 25403 26756 34665 26093 33881 27355 35604 27170 35335 27410 35780 27001 35039 27217 35350 27716 36093 24846 32304 27197 35337 24668 32003 27292 35636 27204 35296 26761 34892 
27875 36259 27429 35624 27238 35438 27960 36310 27340 35777 27796 36247 27251 35364 28018 36392 28257 36698 27413 35620 27918 36412 27237 35440 27593 35866 27561 35966 27009 35024 27843 36223 27575 35681 27450 35577 27281 35401 27841 36308 27721 35909 27911 36247 24995 32552 27771 36057 28378 36991 28242 36553 27788 36021 28077 36657 26115 33761 28147 36590 27931 36228 28071 36377 27480 35823 27947 36326 27391 35696 26932 34943 27461 35560 28078 36391 25147 32665 27540 35729 28122 36711 27517 35849 27824 36362 26808 34633 28053 36551 27935 36439 27965 36313 27326 35595 27182 35249 27614 36073 
28811 37553 28320 36738 28175 36526 28400 36863 28668 37106 28805 37483 28741 37358 28726 37339 28179 36460 28477 37174 29270 38254 28432 37189 29036 37814 26188 34093 29022 37718 28647 37428 28467 36843 28026 36335 28146 36438 28522 37077 28716 37173 28705 37409 28759 37326 28900 37653 21898 28379 29031 37865 28423 37019 28473 37123 28932 37635 28388 36939 28733 37461 28637 37230 28464 37018 29264 37985 28806 37456 28104 36513 28294 36609 28794 37660 28538 37031 28592 37189 25865 33371 27675 36063 28467 36853 28621 37204 27983 36380 27100 35331 28883 37722 27314 35364 21618 28093 28401 36923 
29825 38905 28802 37545 29692 38645 29732 38798 29751 38869 28962 37603 28512 36978 28948 37530 29902 39016 30000 39106 29396 38285 29657 38456 29153 37804 28017 36249 26978 35104 29613 38467 29317 37996 28777 37237 29446 38147 29629 38708 28964 37638 29915 39075 29595 38498 29760 38836 28337 36932 29026 37675 27081 35061 30042 39033 27009 35048 28947 37706 29443 38263 29226 37943 29552 38604 29503 38181 29306 38153 29609 38635 29327 38182 29663 38651 28381 36878 28797 37241 29043 37704 29854 38718 29444 38504 29884 38812 29574 38430 29911 38989 28217 36574 28983 37735 29335 38054 29538 38351 
30270 39376 30074 38984 27834 36221 30445 39519 30080 39075 30227 39435 30445 39451 29981 38949 30453 39727 23125 29993 29833 38658 30161 39420 30259 39510 30426 39433 30038 38979 30212 39202 29727 38522 29767 38794 23216 30259 30306 39295 30296 39325 29945 38953 29932 38936 30130 39094 30271 39430 22761 29463 30280 39281 30984 40457 26712 34506 30161 39244 30122 39200 30925 40170 30194 39140 30117 39376 30237 39060 30095 39065 29951 39030 30333 39601 30111 39098 30345 39809 30438 39348 30310 39442 30484 39541 30062 39087 29779 38569 30146 39081 29774 38660 30005 39289 30851 40183 23397 30427 
30966 40290 30619 39710 28486 37175 30661 39885 31146 40591 31160 40615 30255 39288 31100 40612 27721 35903 30726 40122 30981 40226 30235 39187 31062 40468 30615 39831 31037 40504 30362 39417 30845 40109 31140 40454 31085 40401 31427 40988 31144 40337 30662 39814 30223 39302 31097 40417 30821 40135 30974 40271 30692 39918 29990 39160 30060 39070 30494 39679 31084 40334 30008 39052 30657 39712 29979 39018 30493 39540 29757 38531 31128 40205 31014 40073 30496 39555 31317 40682 31616 41236 30986 40579 31297 40622 31052 40424 30076 38938 30909 40073 30741 40024 30799 40038 29622 38542 30454 39812 
31495 41046 31686 41078 30654 40074 30842 40090 31211 40430 31710 41207 31524 40945 31790 41247 29227 37966 31919 41581 31871 41566 32500 42359 31907 41435 31566 40890 31453 40715 30887 39959 32293 41987 32186 41955 32188 42081 31289 40816 31686 41167 31621 41284 30813 40006 24726 32098 31419 40678 32013 41541 31611 41020 32270 41999 30379 39705 31565 41275 32126 41815 31544 40992 31515 40945 31429 40801 31593 41213 31624 41157 28985 37671 31805 41631 31111 40464 28481 37133 31659 41249 31270 40469 31740 41082 32107 41776 29395 38364 29508 38422 31444 40936 31739 41603 32038 41587 28646 37301 
29360 38118 32561 42433 32738 42621 32901 42852 32697 42498 33069 43083 32267 42031 32464 42135 32324 42053 32172 41825 32725 42675 32499 42231 31994 41640 32868 42614 32829 42767 33569 43566 31951 41677 32792 42678 32852 42870 32566 42220 32624 42490 30383 39447 32378 41793 32517 42159 32344 42214 32412 42321 32470 42310 29485 38281 32792 42650 32680 42608 32354 42011 32650 42368 32657 42625 32983 42848 32569 42368 30803 39995 32700 42679 32590 42302 31568 40968 32841 42642 33043 43022 32439 42246 32672 42441 32643 42609 32648 42443 32803 42637 31653 41187 32654 42623 32360 42022 32417 42011 
32529 42254 33239 43120 33666 43627 33485 43489 30528 39715 33237 43257 32918 42691 32520 42350 33711 43926 33708 43822 33242 43248 32265 41950 33539 43677 33735 43985 29562 38400 33439 43460 33621 43728 33632 43816 34138 44602 29941 38953 33576 43625 33041 42898 33111 43155 33315 43328 33893 44340 33084 43060 32255 41911 33460 43528 32354 42237 33969 44360 33546 43543 31512 40800 33599 43596 32972 42812 32617 42216 33576 43764 33625 43591 33670 43676 30063 38942 33484 43590 33480 43641 33729 43997 33389 43463 33741 43998 33282 43413 33368 43273 33361 43284 33835 43934 33246 43261 32963 42802 
34006 44251 31213 40523 34453 44615 34316 44478 31623 41075 31112 40021 32945 42638 33683 43726 25538 33281 33955 44087 34142 44541 34244 44730 33844 44218 34615 44979 34608 45298 34142 44726 33358 43335 34275 44702 32982 42881 33711 43779 33967 44315 33829 43972 34337 44715 33463 43330 34640 44983 33609 43792 34326 44741 34195 44574 34171 44433 34531 44968 33329 43227 34198 44470 33996 44078 33979 44222 34121 44261 34516 45032 31233 40480 33419 43394 34763 45317 34343 44769 35039 45905 34357 44546 34660 45085 22886 29770 34349 44781 31087 40241 34030 44121 33609 43511 34286 44452 34470 45136 
34791 45244 34905 45402 34891 45496 34980 45549 35155 45591 35439 46087 35095 45646 34940 45524 34875 45389 34974 45262 32359 42312 35307 46044 34487 44675 35293 46019 34886 45362 34968 45533 35382 46021 35457 46037 33913 43799 34388 44436 34905 45376 34709 45187 35234 45671 34382 44880 34858 45478 34446 44539 35375 46043 35005 45504 35135 45620 35408 46189 34682 44919 31920 41277 33784 43986 35425 45853 34859 45392 35196 45848 34603 44983 34775 44913 31639 41143 34907 45280 35360 46125 35620 46288 34861 45423 33914 44075 31908 41430 32158 41968 34573 45038 34325 44615 35427 46047 33025 42667 
36349 47343 35392 46023 35341 45866 35521 46159 35060 45486 36035 46699 35784 46573 35498 46076 35786 46406 33990 44167 35883 46860 35674 46372 35423 46310 36093 46853 35802 46486 36370 47479 36132 46976 35483 46053 35875 46492 31750 41262 35633 46457 36041 46884 34863 45362 36194 46976 32077 41657 35440 46210 34434 44695 35824 46582 36307 47095 35448 45957 36165 47331 35851 46740 35626 46185 35937 46462 33362 43321 35632 46460 35767 46334 35542 46080 35808 46466 36292 47158 36831 47853 34015 44239 33774 43970 35841 46695 35432 46138 35912 46614 34868 45140 36184 47093 36242 47333 36393 47374 
35562 46121 37415 48770 35583 46151 36803 47801 36496 47571 36002 46957 36650 47509 36746 47698 36724 47848 33013 42964 36272 47321 34825 45051 36145 46977 33472 43495 35351 45680 36799 48020 36273 47066 36573 47519 36829 48105 37060 48138 36815 47924 35999 46465 36097 46729 36419 47190 36127 47290 36581 47372 36924 48154 36502 47451 37098 48337 36650 47543 36476 47572 35521 46011 36532 47592 36695 47805 37233 48417 34965 45370 36546 47672 36659 47577 36337 47151 36282 47279 36689 47764 36920 47850 36900 47841 37018 48324 36236 47057 36843 47864 35873 46738 36260 47250 36987 47946 37355 48632 
37802 49058 37581 48958 36630 47597 37427 48847 37127 47947 37239 48508 37867 49004 36953 47868 36599 47623 37187 48023 36666 47733 37189 48441 37409 48571 37642 49079 34104 44549 37815 49248 38213 49702 37280 48336 37932 49274 37136 48115 37675 49121 37507 48693 37132 48150 37614 48931 37344 48123 28368 36798 37363 48616 36981 47836 38108 49590 37215 48612 37683 49126 36699 47788 37155 48074 36748 47351 37396 48454 28949 37620 37386 48564 37452 48713 28269 36853 37598 48944 37393 48916 37672 48944 37266 48424 28671 37423 36581 47388 37208 48193 37305 48345 37400 48796 38347 49938 36718 47802 
37403 48584 37766 49238 37726 48921 38715 50367 38065 49466 37625 49025 37658 48929 37339 48394 38641 50197 38555 50138 36506 47524 38084 49460 38330 50052 37818 49122 37381 48467 38407 49782 38422 50096 38060 49526 38476 50321 38358 49917 37752 49194 38121 49548 38153 49507 38407 49859 37617 48879 37828 49131 38313 49984 38382 49897 38214 49611 37694 48743 39045 50855 37835 49398 38155 49458 38383 49779 38158 49456 38485 50151 36757 47742 38273 49687 38488 49836 38451 49713 38125 49568 37634 49024 38157 49590 37957 49322 38091 49523 37525 48557 28897 37559 38330 49840 37012 47932 38406 49726 
38644 50080 38363 49829 39391 51285 39237 51101 38892 50728 39449 51278 39556 51661 37770 49412 38966 50602 35799 46676 37736 49043 39069 51227 38819 50679 38965 50650 39395 51235 39232 51098 34454 44841 38368 49802 38819 50241 39076 50799 39509 51359 39152 50909 39176 51005 38885 50694 29729 38540 38539 50053 38753 50241 39256 51154 38714 50441 39590 51661 39044 50939 39583 51498 39340 51125 39118 50760 35534 46222 38347 49775 38116 49607 39551 51526 38643 50301 38522 49924 39326 51194 39144 50953 39881 52002 38981 50519 35420 45898 29978 38963 38217 49619 38561 50095 39901 51975 38625 50287 
37908 49260 38892 50518 39781 51540 39305 51034 40227 52088 38960 50517 39266 50972 39942 51911 40526 52746 39828 51747 39276 51163 39975 52014 40464 52519 39430 51133 40016 52106 39569 51374 39060 50745 40116 52477 40054 52101 39586 51188 39445 51327 39611 51413 38792 50444 39412 51088 40090 52168 38425 49826 37849 49231 40100 52216 39276 50836 37346 48401 38530 49853 40048 52130 40442 52551 39957 52027 40273 52446 39796 51644 40301 52431 38661 50400 39109 50781 39411 51286 39920 51920 39560 51396 39511 51326 38236 49610 40258 52322 39995 51786 39441 51140 38386 49623 39109 50731 38361 49803 
40225 52121 40453 52523 40991 53410 41219 53443 40629 52635 39781 51778 40379 52480 40429 52473 39898 51707 41016 53089 41038 53651 39913 51943 40832 52904 41378 53861 41204 53500 40647 52924 39365 51083 40579 52744 40628 52604 40879 53273 40734 52956 38677 50154 40717 53069 40770 52963 40833 53336 40899 53099 39287 50929 39792 51700 39942 51866 40470 52409 40545 52889 40231 52138 39838 52031 30784 39996 40448 52728 40596 52756 41409 53888 40845 53169 40349 52411 41065 53451 40433 52651 40309 52154 40053 51919 41025 53512 41217 53681 41357 53929 41454 54144 40230 52236 40894 53016 40749 52977 
38306 49768 41289 53351 41577 54172 41112 53265 41396 53802 41133 53420 39854 51817 40463 52417 39550 51439 41426 53864 40579 52500 41868 54413 41351 53831 37842 49099 41889 54539 41337 53608 41513 54147 41447 53955 37738 49167 40074 51979 41804 54402 41397 53752 37923 49368 41443 53725 41283 53802 41468 53877 37360 48358 40852 52827 41433 53760 40981 53108 41759 54169 41025 53284 41464 53851 41669 54220 40755 52824 41327 53696 41782 54312 41296 53844 41883 54554 41963 54847 41692 54386 41529 53928 38134 49776 41733 54234 41571 53916 41623 54055 41178 53380 31305 40545 38036 49363 40925 53225 
41762 54195 42529 55442 42337 55266 42395 55129 39147 50921 42122 54912 42389 55275 42161 54826 42289 54785 42045 54843 41349 53559 42300 55282 42127 54901 37650 49113 38667 50301 42254 54971 41825 54234 42505 54994 42050 54493 37580 48644 42270 54679 41916 54420 41435 53786 38688 50252 42579 55458 41769 54234 42390 54981 42398 55167 42397 55267 41803 54381 42135 54667 41150 53085 41789 54411 41648 54059 42004 54516 42722 55616 42759 55503 41772 54210 41463 53972 42619 55506 42804 55812 42253 54957 42534 55372 42950 55825 37473 48575 42498 55287 42332 55163 42545 55365 42591 55434 42705 55402 
43088 56112 43133 55816 43296 56205 42111 54860 42515 55017 43257 56193 38270 49486 43292 56232 43688 56938 42891 55840 42749 55658 43035 55946 42505 55172 42120 54829 43674 56701 43181 56093 41630 54200 42907 55804 41707 54203 41156 53001 36868 47833 43464 56374 42929 55779 44076 57235 42778 55416 42472 55041 43260 56208 42797 55436 42833 55955 42336 54975 43249 56111 43500 56729 42431 55241 42933 55852 42528 55019 42981 55713 42777 55677 43311 56462 42868 55732 41562 53876 41020 53127 42543 55138 43705 56662 40865 53156 42045 54645 41997 54380 42837 55434 42770 55634 42596 55422 42741 55701 
43140 55980 33344 43398 42052 54700 43594 56648 43288 56035 44119 57419 43892 56938 44290 57725 44261 57633 44328 57541 43578 56598 44159 57240 42928 55702 44055 57188 44432 57484 42909 55704 43858 57171 44007 56991 44390 57849 33395 43403 43211 56242 44328 57668 43061 55667 42816 55752 44366 57846 43221 56051 43871 57129 43760 56769 41681 54084 43277 56514 44040 57197 43890 57135 43909 57196 39810 51549 43840 57029 43931 57061 43171 56063 43211 56209 43755 56982 44167 57645 43061 56053 44071 57274 43285 56221 41844 54258 43837 56944 42783 55358 44125 57345 40106 51918 44275 57377 44629 58132 
44718 58043 44002 57227 43758 56731 44894 58301 44230 57462 44304 57935 44454 57753 44675 58301 44827 58242 34248 44503 44954 58482 45002 58563 44090 57508 43035 55807 45124 58601 45393 59179 44559 58002 45143 58655 45008 58710 44567 57853 42371 54819 45157 58727 44592 58010 44089 57428 44657 57769 41106 53403 44595 57815 43919 57131 45288 58964 45360 58849 44238 57417 43943 57070 43722 56854 32323 42015 44431 57836 44087 57115 42945 55770 44713 58190 40838 53165 44768 58336 43140 55765 43427 56383 34461 44756 44979 58094 44895 58497 43926 57102 45434 59087 40737 53166 43963 57064 42172 55051 
45625 59176 45189 58860 45591 59202 42925 55708 46237 59944 44838 58057 45447 59196 40900 52808 45700 59368 46652 60760 45177 58551 45646 59242 45499 59012 45996 59663 45484 59156 45401 59062 45001 58314 45179 58554 45425 58821 45401 58723 45190 58435 45744 59371 45758 59581 44764 58022 45874 59782 44804 58282 43677 56642 45457 59076 45045 58344 45583 59181 45340 58882 45479 59231 44875 58245 45457 59043 46467 60555 45042 58546 44665 57981 45276 58945 46312 60366 45535 59211 44309 57381 44506 57704 44374 57715 44684 58083 44298 57520 43216 55959 45524 59135 45892 59517 46000 59889 45825 59255 
46683 60859 46536 60442 44924 58320 45995 59694 45940 59787 46085 60021 46561 60545 45979 59995 46792 60969 45801 59541 46667 60722 46230 60270 45867 59615 46041 59596 45954 59558 46115 59741 46583 60280 45381 58922 46213 60087 46757 60487 46348 60117 46591 60438 44573 57971 46282 60218 46595 60534 46655 60799 45959 59855 46370 60473 46161 60062 35699 46338 46697 60516 46021 59770 46606 60420 34837 45245 46141 60123 41516 53728 45699 59401 43552 56630 46816 60689 45220 58734 46252 60253 44698 57956 46813 60795 46450 60354 46473 60318 45862 59461 46410 60301 43224 56120 45836 59570 46820 60742 
47254 61390 46727 60846 47142 60871 45274 58497 46411 60339 47322 61383 47271 61572 46840 60683 45763 59251 46444 60296 46724 60323 46982 60860 47119 61340 46981 61090 47072 60984 47407 61667 46668 60964 46812 60650 46389 60340 46336 60223 44664 57694 46672 60289 47244 61397 47166 61218 47322 61414 47423 61482 47647 61940 46976 60989 45236 58529 46319 60379 46862 60977 47495 61990 47144 61174 46237 60134 46391 60146 47541 61826 47426 61804 35242 45762 45826 59046 47499 61631 47167 61108 46990 60797 46714 60760 46645 60741 47201 61624 47209 61320 46997 60961 46886 60903 46266 60103 46641 60600 
47768 62026 47677 61969 47179 61431 48186 62518 48013 62403 47388 61660 47026 61237 48066 62339 43313 55833 47578 61902 47566 61762 46553 60473 47830 62316 47952 62285 48310 62832 46928 61005 48129 62467 47156 61348 48418 62935 46581 60542 47886 62170 47786 61875 47634 61611 48055 62319 48051 62489 47966 62244 46699 60527 45278 58730 48163 62512 48178 62674 47723 62107 48139 62536 47646 61975 45931 59599 47848 62388 47387 61532 36752 47901 43368 56326 47737 62039 47337 61556 43600 56515 48240 62670 48212 62706 43684 56697 48240 62725 47451 61400 47950 62171 48002 62369 48717 63328 46948 61009 
47416 61312 48389 62813 48540 63109 47859 62025 48617 63307 48754 63786 48968 63550 48955 63603 47452 61367 43372 56137 49083 63890 48342 62926 36752 47627 48798 63503 47637 61797 45784 59352 48978 63855 49127 63583 49219 64133 48211 62407 48806 63478 48372 62754 48313 62884 48218 62475 48618 63412 48340 62713 48357 62643 48818 63461 48138 62287 48170 62332 47843 61874 48617 63115 47864 62202 37126 48229 47616 61717 47569 61611 48602 63436 48768 63370 49006 63554 46517 60580 48460 62711 49371 64052 49018 63658 47718 61853 47312 61104 44072 57456 48868 63529 49186 64079 48472 62928 47003 60813 
48938 63728 48610 63091 49525 64327 49067 63689 50086 65071 49719 64710 50259 65529 49909 64604 49583 64252 47864 62104 50068 64993 49279 63719 49120 63606 49230 64046 49546 64565 48888 63528 50330 65102 49024 63698 49752 64504 47482 61911 49500 64465 49206 64086 47301 61124 50142 65190 47828 61973 49402 64194 49970 64699 49010 63834 48546 62748 49072 63816 48009 62045 49160 63873 44041 57295 49558 64435 44411 57431 48495 62900 50039 65194 48933 63795 49307 64025 49757 64783 49387 64139 49742 64619 49887 64752 47394 61401 47888 62136 48242 62485 49603 64461 48404 62883 48922 63518 49367 63957 
50741 66105 49988 64947 49365 63878 50191 65505 49782 64414 50398 65171 48174 62358 38523 50105 47929 62422 50569 65748 49891 64915 50062 65003 50832 66165 50900 66050 49747 64447 50300 65126 50364 65519 49462 64080 50553 65411 51326 66966 50216 65356 50893 66241 50270 65218 49670 64365 51061 66425 49278 63604 45203 58693 45162 58478 50486 65331 47787 61996 50722 65670 50833 66163 48837 63316 49062 63805 49232 63729 50106 64865 50195 64949 47428 61300 49731 64455 49894 64928 49739 64547 48940 63517 49469 64002 50448 65297 49362 63936 50715 65901 50450 65557 50327 65478 48853 63496 49457 64285 
51680 67235 50506 65444 50817 65716 51759 67204 51249 66633 50719 66006 50547 65039 51468 66727 51302 66700 51456 66695 50678 65555 50978 66313 51085 66530 51187 66639 50633 65898 51282 66775 51201 66565 50662 65593 51654 67249 47110 61110 39098 50659 51293 66676 51403 66941 51460 66914 51688 67003 50955 66121 51321 66575 49934 64884 51068 66113 51519 66957 51143 66244 50902 65767 50449 65660 51043 66187 50952 66090 51438 66854 51561 66752 50803 65833 51039 66396 49269 64059 51126 66389 48185 62319 50425 65386 50999 66223 46307 60074 50509 65449 50961 66451 51658 66874 38524 49864 51085 66547 
51729 67447 50861 66035 50928 65807 51108 66422 51263 66636 52041 67682 51348 66642 52625 68536 52291 67971 51911 67341 50258 65424 51989 67732 51892 67406 52001 67625 52105 67632 52028 67460 51330 66309 52355 68124 51281 66600 49324 63838 52722 68340 52367 67890 51904 67419 52021 67255 52316 68159 50581 65687 46666 60521 52572 68277 39124 50684 51991 67680 50729 65871 48340 62594 51553 67116 51467 66501 52108 67838 51881 67140 50645 65871 50816 65841 52233 67840 52685 68446 52010 67740 51921 67255 52518 68166 52577 68137 52269 67855 51761 67247 52767 68495 51198 66647 51353 66561 52121 67552 
53016 68649 52276 68028 52306 67897 52130 67605 52886 68632 52715 68542 51106 66199 52749 68518 49989 64657 52159 67808 52443 68153 52185 67665 52516 68085 50723 66037 52759 68526 52563 68048 52457 67958 53076 68758 52064 67555 52802 68136 53154 68907 52793 68524 52580 68281 51440 66550 53261 69334 53286 69215 51241 66242 51791 67266 52796 68401 52691 68536 52911 68656 51681 67117 52471 68010 53051 69278 52491 68173 52769 68511 47156 60995 52603 68331 51493 66690 53174 69235 53196 69215 50962 66114 51783 67208 52374 67967 51649 67233 52863 68471 47805 62058 51997 67561 53292 69221 52446 67972 
54225 70349 48933 63682 53426 69613 48674 63130 51518 66743 53850 69846 53773 69817 53383 69068 54111 70348 54016 70336 53335 69033 53821 70020 53498 69459 52486 67849 53875 69912 53353 69116 54067 70315 52639 68218 52256 67564 53305 69179 53050 68922 53839 69917 41133 53299 52621 68113 53754 69861 53689 69436 53254 69034 52461 68239 53371 69456 40356 52273 54192 70358 53242 69060 53848 69879 52326 68063 52906 68554 53179 68839 53678 70132 54084 70257 53290 68733 53374 69132 52793 68718 52736 68384 53527 69663 53697 69494 54232 70566 52221 67579 53727 69742 50912 66113 53805 69808 53791 69788 
54184 70280 53922 69845 51618 66748 53797 69706 53444 69395 54307 70736 53637 69832 49942 64814 54122 70384 54133 70060 53939 70011 54252 70670 54618 71215 53719 69623 55032 71798 54529 70713 54935 71648 52653 68047 54468 70793 54886 71252 54262 70576 51959 67632 54037 69982 54035 70217 54361 70673 54196 70272 51836 67089 53698 69552 54663 71066 54244 70797 55022 71306 53794 69443 54284 70322 54689 70957 53565 69507 49309 64021 54570 71024 53936 70211 52406 67847 53343 68961 53703 69686 53914 69847 46536 60113 54065 70203 53840 69987 53674 69368 55091 71155 54414 70516 53791 69840 53742 69964 
55529 72019 55530 72035 55649 72195 55395 71819 54812 71335 55004 71339 54415 70505 55388 72203 54503 71061 55066 71662 55001 71467 55612 72153 54274 70609 53992 69894 54265 70401 55496 72148 42055 54762 55549 72080 54509 70452 55219 71673 54994 71125 55013 71475 55917 72986 55023 71291 50304 65613 55047 71200 53696 69684 55518 71972 54822 71103 55631 72214 55690 72340 54651 71013 52841 68324 54461 70552 54404 70648 55760 72415 55281 71690 54304 70413 56249 73014 54773 70879 55486 72340 42038 54486 54329 70029 54365 70729 52636 68417 55231 71560 53420 68669 53987 70109 55081 71509 54973 71191 
56646 73591 52918 68471 55571 72015 56404 73179 55820 72248 56254 73158 55091 71510 56488 73508 55905 72403 55704 72267 55697 72323 55377 71904 54790 71108 55767 72234 56448 73140 56164 72924 53936 69601 55499 71981 53850 70047 56614 73559 56128 73084 56308 73293 54514 70759 55386 71637 55652 72127 55016 71268 55399 71601 53118 68602 55724 72102 56749 73787 56088 73128 55885 72552 56197 72980 56647 73563 56082 72578 55714 72234 55582 72098 56459 73294 56722 73645 54936 71093 56093 73033 54607 70764 55229 71711 48169 62269 56379 73325 56240 73132 56094 73078 56596 73621 56113 72428 55915 72559 
55861 72601 56228 72762 56684 73829 56931 73847 57012 73995 56832 73673 55752 72249 55619 71868 52994 68740 51934 67549 56914 74079 56710 73686 57268 74356 56979 74141 56073 72782 56722 73756 55417 71678 56773 73930 56344 72996 56844 74032 57332 74449 54694 71151 56754 73795 56184 73018 57239 74488 57254 74473 55399 71841 56514 73765 57103 74172 56174 72830 55567 71801 56413 73293 56927 74047 56468 73528 56815 73826 53598 69540 56651 73571 56598 73409 56313 72904 56704 73693 56215 73253 56362 72912 56716 73582 56320 73169 56073 72518 56964 73814 56558 73549 56287 72820 55264 71833 57061 74267 
56379 73020 44075 56985 56553 73026 54759 71165 56819 73736 55790 72245 56214 73120 57718 74522 58023 75209 56849 73528 43959 57007 57491 74616 56993 73929 53901 69953 56441 73303 57710 74570 56933 73871 56512 73417 57538 74370 57505 74512 57129 73829 58005 75269 51324 66789 58029 75228 56968 73776 56829 73688 56806 73692 57173 74281 57731 74630 55895 72717 57107 73974 57550 74789 56330 73011 51749 67215 57844 75117 57229 74155 55986 72669 58089 75648 57909 75168 57241 74167 57027 73787 57278 74416 57682 74823 57206 73983 57989 75113 56989 74210 57670 74848 57463 74675 57459 74553 57713 74759 
58635 76147 57549 74846 58563 76184 58732 76172 57501 74540 57610 74712 58244 75795 57844 74853 58070 75240 58137 75388 58915 76094 57991 75352 58281 75526 58151 75455 59042 76640 58634 76320 56916 73628 58714 75981 58264 75386 57337 74207 57463 74511 57622 74527 58820 75913 58455 75882 59129 76681 55451 71967 56529 73402 59025 76747 58772 76487 57688 74850 58534 76129 58187 75475 58597 76172 58120 75498 58314 75493 53129 68941 57783 74931 58656 76024 57707 74712 58679 76362 58656 75943 58325 75305 57634 74749 57041 73945 57646 74865 56333 73421 58162 75958 58113 75017 58692 76219 56844 73365 
56778 74014 59562 77277 58743 76032 59874 77795 59644 77320 59752 77603 59042 76735 58020 75119 56847 73821 59538 77068 58726 76237 59994 77953 59670 77197 58176 75134 57610 74522 59316 77093 59776 77557 58156 75787 58320 75643 58632 75982 59520 76983 53594 69316 58247 75504 58661 76092 59552 77297 59054 76528 59570 77327 58997 76277 57824 74803 56831 74222 59152 76626 59095 76562 59097 76558 59471 77033 59436 77163 58845 76238 58650 75872 58786 76046 58611 76126 59048 76739 59538 77430 59355 77204 58352 75575 56884 73527 58650 76094 58833 76174 59536 77518 59120 76900 58552 75779 54451 70481 
59242 76600 60190 78289 59349 77039 59869 77950 59786 77741 59143 76608 59381 76944 60518 78729 60325 77983 57621 74832 60134 78325 59878 77657 59622 77405 59096 76462 59878 77496 60131 78191 58434 75376 59091 76557 60696 78560 60013 77833 59410 77027 60154 78236 59378 77003 61035 79293 59663 77423 60278 78140 59852 77647 59234 76843 59910 77916 59152 76408 59374 77148 60136 77877 58266 75723 60010 78226 59393 76949 59128 76343 60703 78992 60180 77797 60450 78533 59623 77331 59540 77127 60584 78919 60387 78238 59702 77536 60277 78260 45714 59439 59724 77649 60245 78136 59271 76948 59063 76624 
60636 78673 60010 77802 55357 71784 59316 76847 60916 79150 60932 79041 61618 80134 59717 77445 60936 79368 60799 78873 61246 79518 55729 72375 61367 79753 60049 77944 60270 78259 60657 78460 61063 79102 60698 78605 60816 78950 60310 78124 60784 78985 61011 79164 60952 78742 57474 74503 60118 77901 60500 78395 60823 79066 60961 79149 54727 70487 61209 79614 59961 77953 60282 78204 60570 78622 60503 78516 60208 78126 60880 79167 61299 79872 60730 78473 60738 78768 59851 77784 61557 80281 61459 80006 60384 78566 60618 78775 61094 79204 60457 78661 60795 78885 58483 75858 61748 79958 59386 76747 
62007 80763 61374 79812 60942 78873 61841 80248 61191 79234 61687 79995 60962 78799 61205 79591 60845 78590 62061 80462 62084 80456 61269 79679 60328 78167 61875 80301 60826 78437 61315 79518 61751 80207 61221 78984 60261 78154 61494 79656 60257 78272 61296 79525 61627 80166 62079 80506 61638 79716 59144 76743 62142 80477 62205 80709 61422 79998 60541 78484 60556 78718 61347 79319 61608 79853 60956 78900 62081 80474 61296 79600 47125 61162 61041 79181 58156 75496 62049 80489 59843 77639 61864 80436 61685 79837 61774 80223 60474 78434 61896 80726 61640 79994 60482 78566 61044 79116 60653 78483 
62350 80942 61074 79273 61973 80299 60788 78575 60764 78655 61738 80188 61037 79314 63087 82026 61279 79498 62770 81465 60132 77766 61887 80415 61689 79809 62423 80911 62126 80545 61976 80626 62378 80792 61850 80422 62348 80664 61922 80364 56449 73103 62307 80883 63314 82007 63408 82313 61652 80079 60909 78841 62739 81414 62775 81353 62967 81653 62829 81413 62750 81417 62837 81506 59084 76382 56336 73125 60889 79082 61988 80337 61512 80063 61353 79551 56554 73390 62794 81589 61698 80148 61666 80176 62406 80847 61869 80069 62523 80732 62067 80466 62122 80473 62183 80526 61958 80400 61857 80364 
64022 83057 63096 82049 62817 81303 59848 77499 62537 81289 61853 80346 63507 82351 61771 80268 63327 82395 62562 81123 63208 82354 63217 82252 63057 81852 63433 82510 62972 81597 63109 81744 63344 82059 63135 81995 55320 71682 64224 83806 63237 82134 62904 81786 63088 82000 58548 75438 62906 81573 62808 81640 63942 83329 64085 83133 63714 82624 63280 82305 63229 82363 62094 80221 62187 80815 62535 81178 63382 82329 63970 83064 63005 81635 57063 74312 63308 81999 61662 80184 63429 82189 63602 82748 47630 61689 62519 81175 63084 82340 62297 80748 62528 81272 63479 82490 63612 82720 63899 83062 
64208 83173 63401 81905 64250 83485 64629 83715 64218 83299 62844 81718 63455 82456 63973 83260 63741 83054 63658 82623 61924 80114 64864 83844 64241 83209 62503 81162 62552 81275 62753 81122 63800 82922 63062 81805 63537 82615 64000 82985 63389 82076 63945 82934 63402 82489 63914 82822 64329 83791 63773 82612 64145 83365 63354 81997 63524 82398 63546 82664 61975 80797 64800 83988 64604 84082 48735 63210 63823 82921 64065 83395 64374 83699 63993 83242 64304 83549 63569 82510 63236 82153 63183 82199 63440 82234 63459 82376 63034 81795 63790 82413 64053 83030 62916 81599 63442 82015 61223 79561 
64355 83445 64928 84222 63597 82577 64676 83872 64202 83483 65875 85658 64573 84112 64975 84231 64359 83567 63452 82402 63550 82522 65048 84259 64099 83395 65370 84895 62430 80708 64066 83208 64170 83323 65272 84556 62969 81311 64403 83502 65336 84743 64032 83311 63785 82920 64641 83824 63419 82288 65122 84599 64858 84253 64451 83650 64648 83743 64924 84055 64746 84066 61898 80181 64802 84250 64172 83390 64707 83984 60390 78287 64491 83444 63984 82805 63056 81340 64694 84006 65091 84820 65185 84933 64613 83422 64070 83120 64448 83486 49422 64147 65441 85283 57165 74149 62664 81672 63837 82988 
66138 85650 66353 86176 65669 85252 65090 84626 66093 86028 65016 84326 65514 84535 65686 85399 64097 83302 66113 85701 65636 85274 65326 84706 63177 81665 66457 86248 65110 84719 65383 84962 65954 85716 65995 85504 65948 85140 65652 84890 64989 84242 66316 86041 64362 83431 65174 84204 58871 76424 61775 79968 65615 84934 63774 82533 65465 85058 65848 85704 65465 84726 65085 84425 58426 75615 65616 85149 65132 84512 64427 83357 64897 83871 65091 84630 65717 85311 65551 85049 64129 83061 65571 85216 64848 84227 65689 85414 65890 85475 62350 80758 65240 84626 49697 64547 64685 83962 65804 85483 
65622 85142 65732 85320 65626 84776 60343 78405 65994 85757 66627 86609 65958 85315 66287 86017 50556 65662 66835 86936 66357 86142 65456 84800 66224 85959 67278 87268 66632 86425 66755 86407 67425 87166 66122 85954 66313 86444 66504 86332 65179 84719 65922 85627 66379 86141 65922 85515 65685 84993 66592 86404 67132 87230 66176 85796 66548 86363 63148 81880 63334 82217 65623 85183 66177 85657 65480 84776 66121 85624 65908 85412 66144 86014 67116 87212 65236 84578 66523 86503 64380 83626 61037 79350 65515 85000 66484 86497 66306 85796 65958 85527 65855 85549 66237 85813 66470 86080 65857 85538 
67474 87569 64293 83296 67086 86994 66832 86575 66904 86485 68198 88656 67838 88099 67081 86985 67483 87548 66376 86246 66858 86491 66775 86657 66415 86287 66330 85990 67254 87550 61575 80113 67152 87040 67817 88146 67077 87192 67770 87537 66934 86865 66053 85909 66364 85964 68231 88491 67698 87727 66489 86290 67428 87789 68142 88789 66779 86521 60444 78371 66745 86616 68049 88725 67589 87828 64321 83664 66688 86589 67503 87503 67529 87828 67133 87357 65955 85966 68032 88193 66986 86841 67677 88006 67138 87013 62602 81226 66074 85629 67228 87083 67470 87347 67401 87563 67382 87609 67495 87580 
67668 87622 68590 89029 61547 79825 65911 85488 67592 87658 67690 87887 61852 79786 68719 89312 68286 88472 67148 87369 68395 88539 60846 78634 68226 88920 67234 86956 64641 83873 65984 85654 65434 84699 68643 89127 67976 88393 68274 88450 68161 88809 68357 89125 66593 86561 68399 88902 67973 88193 67118 87053 67689 87927 68725 89147 67072 87077 67587 87817 67874 88298 64107 82931 68161 88302 68167 88384 66978 86953 67370 87612 68143 88418 68550 89043 68394 88708 66389 86083 64555 83816 67447 87533 68538 88662 67723 87771 68431 89017 68136 88585 68390 88739 65885 85277 67860 87949 66439 86120 
69039 89459 68115 87948 69297 90219 69506 90349 68431 88929 68803 89251 68317 88760 68933 89221 68284 88388 68300 88487 66199 85943 67829 87880 68645 89263 68458 88627 68892 89210 69016 89586 65950 85715 68733 89056 69146 89407 67817 87563 68735 89198 68900 89389 63942 82932 68445 88746 68608 88612 69292 90174 69069 89709 67529 87500 67944 87886 68835 89277 69194 89730 67747 88047 60497 78432 68501 88889 67919 87915 68756 89246 69277 89839 67599 87330 69094 89627 67233 87129 68355 88619 68588 89032 68647 88842 69244 89737 69048 89388 68856 89471 68332 88554 68391 89065 67725 87934 65876 85039 
63713 82550 70156 91136 70179 91377 69518 90336 69631 90345 69314 89749 67601 87800 70282 91406 69214 89752 69083 89886 69594 90030 69125 89721 69599 90147 68812 89373 68762 89078 69886 90603 69526 90309 67854 87753 69576 90251 69142 89887 70570 91590 68043 88122 69151 89798 49871 64554 69896 91113 69229 90002 67285 87231 69400 90029 68602 89096 69305 90034 68611 88947 69980 90706 68755 88885 69076 89671 69897 90621 69083 89785 69687 90355 69460 90130 70097 90966 63015 81745 68562 88982 69694 90442 69430 89990 69466 90263 69901 90580 69617 90264 70287 91548 68919 89670 69252 89631 69212 89667 
70492 91500 69900 90550 68758 89032 69997 90963 70151 90883 70493 91377 70351 91131 70355 91496 70677 91374 69511 90120 70631 91558 70769 91854 69459 89881 70922 92070 70346 90925 71499 92693 70348 91197 71005 92075 69072 89709 70879 91994 69998 90892 69305 89871 70269 91047 70633 91574 69619 90204 69935 90690 66951 86955 70442 91508 68882 89476 70714 91977 70014 90923 70912 92160 70342 91480 60535 78444 70878 91496 67210 87134 68823 88910 69598 90159 68645 89274 68950 89891 71083 92433 68048 88125 70491 91155 70125 90965 63980 83074 70483 91666 69559 90598 70046 90868 70329 91053 67261 87246 
69969 90859 71182 92288 70790 91851 70392 91121 72227 93622 70859 91915 71181 92199 70680 91347 70694 91739 54888 71366 70509 91254 67712 88036 68571 88923 72220 93929 70886 91723 70842 91812 67975 88640 71303 92375 71562 92537 71739 93223 71016 92006 70671 91748 70495 91396 68642 89000 71680 93008 70254 91024 70685 91566 71418 93057 70366 90896 70008 90574 70251 90891 69867 90699 70315 91331 70536 91506 71548 92922 71299 92714 70701 91435 70864 91851 72862 94699 71087 92126 70882 91995 71772 93079 69925 90912 71806 93174 71815 93345 71651 92740 71693 93282 71775 92986 71195 92318 71367 92812 
72621 94475 71786 93387 71897 93461 72403 93986 72570 94304 68474 88869 73140 94915 68305 88829 70940 91938 72233 93854 70673 91702 71429 92731 70405 91476 72286 93607 72534 94423 71450 92629 72406 94229 71041 92121 71738 92858 67801 88091 70510 91509 71819 93336 71525 92665 72028 93372 67029 86698 72337 93582 71365 92520 70360 91019 68595 89219 72883 94713 70471 91691 72480 94202 72712 94246 68341 88681 72104 93658 70528 91636 72652 94427 72017 93397 72569 94353 71833 93162 71543 93026 72117 93812 71116 92304 72605 94211 72000 93115 68656 89179 70260 91258 71685 93153 70928 92012 71118 92348 
73813 95919 72298 94191 71893 93281 72067 93457 74099 96122 72654 93985 73277 95354 72253 93707 73339 95185 73013 94325 73059 94772 72972 94721 72564 94230 73311 94864 73146 95000 73223 94897 71584 92921 72870 94431 72644 94469 73025 95029 69566 90113 72728 94312 73422 95097 72802 94644 72895 94743 72408 93759 71364 92597 73260 95025 73248 94920 72855 94495 73075 94649 73213 95058 72636 94146 72177 93468 71998 93505 71345 92466 72730 94391 72282 94085 72729 94583 72306 93655 72963 94700 71412 92561 73721 95430 72503 93920 73339 94984 73544 95709 72519 94386 71975 93535 71941 93533 71967 93381 
74006 95894 72602 94267 72827 94404 71922 93489 72263 93624 72934 94414 73619 95415 72971 94526 55559 72130 73959 96115 70893 92199 73716 95705 74093 96066 70296 91082 73037 94450 73599 95652 73431 95275 55787 72391 71302 92407 66527 86169 74793 96898 72005 93567 73377 95518 73853 95910 73724 95754 73794 95942 73278 94781 74050 96151 71256 92395 73644 95268 72516 94116 73694 95437 73385 95206 73788 95922 73562 95265 73513 95253 72802 94536 73135 94869 73157 95082 72981 94916 73978 96262 72963 94816 73206 94836 56285 72829 74364 96481 73318 95039 72180 93154 73323 95246 74158 96671 73306 95277 
75176 97275 75073 97512 75432 98007 74065 96104 73944 96103 74160 96204 74308 96258 75023 97574 74839 97226 71474 92618 72707 94253 74803 96772 73484 95926 74475 96669 74366 96448 74437 96763 74037 95964 74543 97028 74453 96632 74045 96118 74900 97288 74623 96340 72875 94557 75018 97369 73830 95724 75140 97621 74470 96668 75134 97771 74473 96732 68347 88640 73587 95499 74625 96778 74340 96106 66792 86730 74110 96253 73071 94618 74316 96429 49681 64236 74871 96996 74350 96410 75211 97686 74052 96409 73887 95811 73512 95225 75004 97452 73364 95190 72072 93303 74474 96618 74839 97103 73247 94962 
71912 93207 72349 93717 71726 93062 74488 96471 71713 93002 75093 96924 73241 94504 75147 97319 74631 96725 74672 96893 71392 92522 74575 96563 75241 97754 72271 93311 74842 97153 74475 96018 74838 97148 73865 96078 73899 95718 74363 96325 75178 97611 70877 91724 75279 97653 73216 94568 75208 97207 74615 96596 74817 96739 75289 98023 73716 95368 73909 95990 71966 93491 75709 98424 66533 86125 75590 98137 76249 99156 73982 95869 75506 98102 72903 94419 74345 96468 75020 97121 74090 95995 75134 97561 73846 95923 75230 97475 74662 97092 73276 95353 74957 96800 75298 97587 73728 95496 76070 98494 
73877 95834 75690 98382 75332 97349 75882 98643 75932 98448 76641 99280 76792 99719 75840 98500 75437 98035 75052 97271 75922 98646 74692 96910 73500 95213 75502 98063 76333 98976 76191 98890 75907 98291 73890 95592 75637 97774 75943 98267 76110 98616 74387 96407 76102 99069 77033 100090 74932 97149 75883 98498 57223 74286 75913 98606 74420 96548 75295 97482 74795 96801 75875 98602 75893 98421 76285 98918 76648 99468 74962 97369 75941 98264 75897 98487 75952 98255 75675 98077 75468 97764 74934 97079 76367 99094 75738 98148 74910 96919 73736 95776 76667 99499 76285 99103 76440 99067 74676 96752 
76004 98567 76385 98690 76818 99864 76711 99585 76406 99115 77155 100059 77263 100233 75942 98547 74582 96289 75854 98079 75657 97826 76582 99002 76245 98722 75067 97064 77400 100147 77556 100721 78195 101383 77306 100108 76394 99298 76482 99198 76493 99295 76449 99446 75350 97956 76983 99959 77062 99842 77444 100145 76396 99218 69108 89741 76437 98986 77044 99742 77025 100168 76059 98365 76333 99437 75514 97880 77299 100612 77869 100856 76835 99632 78076 101090 76537 99103 75722 98020 76039 98557 77407 100654 74562 96862 76319 98922 77541 100963 77311 100401 76055 98541 77592 100879 76610 99625 77540 100742 
77707 100732 77085 99898 76976 99550 58961 76492 75947 98462 76559 99164 76744 99539 74832 97198 77551 100589 77198 100265 78755 102370 76827 99627 78721 102381 76851 99848 77482 100263 75888 98395 78300 101547 77442 100662 77845 101023 77162 99824 74292 96506 77561 100915 77244 100234 77316 100302 75963 98125 75957 98247 77825 100609 78733 102219 78446 101568 74704 97053 78928 102486 68696 88999 78349 101758 77783 100816 77317 100457 77720 100706 76268 98815 78504 101709 69074 89584 76969 99502 77481 100685 77867 100937 77040 99967 75362 97661 77747 100934 70344 91269 75917 98811 75807 98572 72753 94413 78499 102055 
78057 100649 78084 101574 77008 99881 79201 102936 77923 101087 78821 102163 77971 101087 78637 102276 78133 101368 77522 100524 79571 103280 78774 101966 76514 98875 78060 101411 78041 101222 78531 101885 78809 102411 77247 99956 77501 100564 78279 101698 78879 102308 79152 102798 77632 100685 78468 102036 74480 96364 77830 100828 77635 101066 78062 101158 78880 102647 78042 100778 76750 99679 78460 101732 78187 101222 77516 101166 74666 96648 79109 102683 77882 100799 78736 101971 76602 99294 78492 102132 78314 101738 75193 97685 78049 101141 76898 99643 77660 100598 78461 102068 77389 99968 78245 101548 78562 101155 79430 103262 
80027 104016 76097 98750 79601 103422 75332 97678 79540 103421 79466 102934 78971 102304 79318 102602 77944 101020 79062 102086 79543 103442 78303 101753 79087 102668 78607 102153 78100 101142 79622 103430 79216 102916 79985 103286 78883 102487 78201 101386 78004 100897 71634 93184 75849 98515 78198 101353 77244 100146 77553 100739 78224 101296 78954 102685 78925 102422 77319 100553 79539 103115 80022 104168 79040 102583 79245 102787 79155 102594 76725 99445 78846 102390 79632 103280 79719 103562 77772 101103 79557 103200 79725 103459 80130 104447 79941 103877 79355 103030 78971 102340 79718 103610 80256 103975 79013 102728 60385 78350 
80462 104315 80341 104332 80077 103876 77384 100474 79642 103329 80816 105073 79498 103443 78920 102275 80473 104114 78902 102399 79706 103429 80405 104550 79467 102833 78158 101605 81138 105425 79145 102564 77612 100602 80160 104146 80188 104112 79229 102636 79282 102938 80020 103800 80694 104845 79905 103568 79281 102731 79082 102265 80970 105001 76886 99990 80430 104451 70729 91379 80359 104183 79439 103154 79790 103659 79755 103461 79404 102924 80058 103910 79501 103183 79009 102579 81166 105389 80749 104941 79405 102716 79098 102624 79052 102116 80034 103992 79908 103795 80741 104727 80540 104743 80508 103945 80205 104183 79967 103842 
79599 102993 79184 103080 80373 104073 79680 103150 81241 105943 82030 106449 80730 104231 80437 104356 80501 104609 80652 104573 81933 106674 79790 103692 82068 106747 79899 103351 80720 104744 79795 103612 80270 104016 81461 105787 80576 104330 80775 104890 77033 99839 80258 103884 80652 104461 81025 105283 81421 105793 80186 103912 80202 103981 79655 103066 79853 103216 80428 104502 80340 104173 80929 105237 80402 104176 80595 104589 81021 105081 80898 104916 77400 100265 79070 102263 80243 104174 80693 104739 80167 103563 80483 104503 80810 104852 80952 105225 80021 103668 80966 105120 81620 105762 81231 105662 81505 105721 78480 101937 
80664 104446 80826 104706 81573 105849 81592 105964 82062 106714 82178 106620 82093 106321 81537 105382 80758 104734 80204 104091 81632 106091 82264 106752 81068 105389 81990 106461 82154 106777 81992 106436 81284 104931 82478 107106 81524 105801 81281 105067 81489 105503 79949 103408 80731 105068 81857 106303 80349 104404 81532 106033 82512 107190 81553 106320 82162 106256 82159 106268 82654 107153 81920 106384 79402 102961 81629 105778 82956 107882 82684 107365 81892 106453 80976 105436 80945 105255 81378 105240 81094 105376 82292 107087 82315 106867 80085 103556 81291 105465 80575 104443 81368 105320 81342 105344 80875 104927 81840 106091 
82151 106430 83141 108020 81846 106195 80835 104864 81720 105867 82580 107177 82446 106837 81318 105340 81732 105731 82660 107591 82187 106480 80618 104423 81001 105138 82684 107356 75528 98200 82641 107394 81923 106691 81758 106123 81934 106295 82876 107932 80617 104352 82001 106586 82609 107254 81424 105467 81572 105261 82968 107730 82449 107179 82426 106829 82097 106564 81586 105961 83226 108265 81045 105252 81234 105372 81525 105570 82495 107102 83330 107996 81894 106243 83276 108214 82594 107158 80588 104307 82700 107432 82208 106734 82869 107631 80616 104916 81522 105327 81680 105930 83397 108146 82234 106891 82198 106312 82440 107163 
82815 107397 83597 108594 73795 95912 83470 108136 83073 107485 82541 106947 83354 108371 83995 109292 81084 105062 82252 106429 83035 107949 83009 107552 82311 107071 82626 107202 82682 107406 84076 109232 82918 107882 80504 104559 78184 101659 84446 109794 83970 109537 83582 108220 83477 108737 82867 107509 82213 106572 82385 106822 63610 82835 83669 108607 84055 108779 81794 106166 82738 107350 83891 108809 83166 107497 82834 107449 82942 107235 81852 106058 83247 107798 82657 107298 83240 108127 81426 105508 83525 108270 83765 109013 78287 101332 81991 106215 82861 107444 82387 106376 83567 108275 83045 107299 81835 105600 83248 107856 
84548 109558 83875 108998 83464 108163 85103 110292 83431 107859 80089 103570 84025 109251 82158 107120 84210 109115 83565 108199 83529 107950 84355 109305 82881 107550 84369 109534 84878 110343 84839 110116 83671 108312 84419 109763 83852 108857 84776 109689 84645 110196 83474 108283 84645 109940 84177 109053 83661 108720 82364 106752 83078 107562 84269 109779 83124 107451 83530 108388 84372 109830 84204 109535 84747 109862 83994 108931 82324 107011 84813 109967 85144 110528 84744 110219 83296 107734 84050 108763 84181 109110 84856 110495 84828 109902 83637 108816 84079 109155 82764 107490 80797 104844 84111 109143 85665 111202 83057 108050 
84200 109242 84094 108931 84843 110202 85394 110923 85007 110460 84453 109546 85386 111322 84944 110466 85664 111277 85497 110626 85465 110829 83548 108647 84181 109456 84902 109847 81965 106363 84392 109690 81520 105813 63676 82656 83496 108218 83979 108613 85215 110594 85222 110382 83876 108362 63992 82900 83811 108781 84415 109570 84823 109987 84124 109298 85809 111226 84471 109380 83123 107083 84395 109599 85159 110719 85640 111340 83126 107812 84796 109334 85234 110717 83360 108008 84582 109622 83930 108817 85225 110712 84504 109305 83913 108846 85200 111008 84946 110173 84375 109349 84731 110347 85803 111383 85019 109987 84702 109906 
84985 110080 85754 110875 85935 111353 85900 111384 85423 110714 85255 110252 86284 112101 84866 109938 85140 110671 85644 111051 83709 108916 85569 110884 84634 109768 85925 111787 84476 109460 86104 111776 84497 109478 84514 109223 85216 110662 85902 111442 86015 111306 86946 112881 85903 111328 84910 110245 84728 109460 86189 111753 85574 111053 86466 112244 85257 110734 85824 111188 64827 84128 83466 108193 86024 111417 86126 111513 84976 109963 86461 112254 84489 109351 86092 112079 85473 110925 86130 111785 85938 111079 85439 110911 86192 111569 85554 110968 83986 109177 84798 109708 76902 99714 85687 111098 86318 111882 64721 84062 
86318 111598 87031 113106 87492 113601 85053 110409 86543 112243 85962 111399 80142 104091 85768 111500 86281 111937 87321 113266 86183 111770 86846 112854 86786 112095 87388 113400 87108 113512 86888 112864 87299 113241 86047 111552 85986 111198 87121 112890 86438 111912 86484 112316 84762 109979 86453 111902 86405 112174 86372 112067 87822 114209 86372 112025 86426 112055 86508 112531 86854 112601 86212 111948 87012 112899 66289 85975 86673 112662 86058 111401 86415 112240 86154 111229 86021 111796 65737 85311 86550 112257 85898 111729 86817 112570 87581 113712 87204 113061 83110 107495 84998 110303 86900 112561 87841 114273 85316 110745 
86716 112439 86412 111785 88065 114402 85097 110635 87312 113408 88000 114509 79341 102997 86951 112424 87258 113385 85848 111149 87232 113168 87184 113127 87277 112944 87904 113935 88271 114266 87011 112973 86584 112181 85240 110491 86857 112330 78273 101453 86447 112206 87906 114398 87124 112938 87021 112868 87597 113773 83321 108155 87869 114076 85366 110677 87148 113057 86630 112602 87792 114305 87377 113008 86919 112952 87444 113315 87826 114106 78729 102395 88059 114134 86330 111998 88070 114428 87714 114340 86989 113132 85361 110783 85195 110253 86373 112298 87490 113437 87515 113643 87196 112983 87223 113021 87220 113146 86063 111872 
87313 113007 87639 113739 87102 113234 87534 113248 87746 113892 87592 113576 87654 113515 88219 114529 87416 113463 88253 114244 87014 112829 88860 115023 87605 112984 89336 115830 87514 113249 87668 113755 88552 114496 87352 113278 89065 115622 87849 114004 89706 116383 89906 116511 78179 101594 83932 108777 89343 115910 88630 114791 89166 115576 88833 115356 85592 110871 87011 113022 88536 114812 85146 110533 86973 112621 88140 114174 89252 115675 88537 114685 87578 113639 85438 110309 86323 111725 87865 114282 88560 114651 89134 115538 80718 104485 87660 113797 88250 114446 88091 114184 66674 86350 87858 114191 87814 113550 88854 115112 
86640 112281 84787 109635 88739 115452 88795 115357 87713 113679 89824 116332 89032 115484 89663 116574 88119 114054 89232 115993 87218 112808 89624 115915 86614 112078 90355 117218 88318 114612 88395 114790 90100 116904 87040 112886 87059 113072 89053 115533 88382 114603 89271 115636 88244 114565 89026 115456 89884 116494 80471 104536 88456 114506 88841 115187 86446 112107 87341 113063 89898 116715 89090 115837 88201 114200 89518 116031 79764 103470 87906 114082 88454 114920 88994 115353 89906 116741 88661 114694 88281 114488 87499 113145 88953 115442 66251 85911 87678 114079 88229 114313 87823 113996 87827 113974 88249 113869 89210 115444 
89498 116375 89586 115851 90491 117461 88655 115070 88628 114643 86074 111805 84810 109920 89956 116684 89155 115401 90160 117246 88454 114600 88229 114580 85862 111119 89987 116663 89410 115988 89712 116382 90203 116995 89657 116007 89159 115620 89258 115975 87951 114112 89069 115837 89524 116061 87950 114070 90149 116997 90648 117758 89760 116474 88101 114106 88357 114721 81144 105164 90539 117584 89536 116366 90847 117888 89564 116163 89956 116776 89507 116249 89314 115645 89290 115560 88529 114827 89250 115926 86946 112746 89803 116098 89492 116265 89445 116141 89697 116478 90221 117101 86673 112465 90147 116952 89082 115698 89944 116787 
89233 115566 90140 116936 91199 118288 89176 115521 89197 115750 91163 118168 89155 115197 85610 111219 91205 118115 90112 116862 90149 117039 91022 118388 88366 114705 90571 117418 90936 118112 91512 118452 90448 117419 86491 112034 82491 106584 90478 117237 90293 117048 88841 114982 90091 116512 90134 117276 88886 114744 89739 116521 89044 115913 90814 117426 91495 118748 90671 117787 89468 115998 90728 117670 90646 117067 90769 117498 89489 115918 90663 117470 91973 119467 89946 116516 91056 118184 91175 117976 90390 117133 90068 117029 90950 118323 90612 117331 90901 117622 91722 119135 88605 115223 91035 118471 90481 117478 91767 119048 
92489 119998 91614 119010 91916 118964 90457 117548 91004 118243 90820 117723 91930 119288 88304 114357 92129 119314 90662 117846 91521 118433 91527 118568 91388 118001 92322 119760 92105 119825 91004 118032 91536 118503 90402 116789 91177 118215 91600 118903 91483 118698 91267 118508 92018 119130 91125 118358 92750 120719 88362 114593 69389 89803 91260 117800 90049 116638 91604 118787 90769 117540 91228 118413 91415 118339 91400 118908 90535 117462 87338 113360 90823 117756 91643 119215 90914 117952 91823 118696 89320 116057 90299 116703 92120 119200 82757 107280 90976 117775 91848 119161 91105 118631 91443 118239 91715 119160 91698 118578 
93062 120558 92405 120258 93539 121131 92187 119529 90184 116893 92635 120290 91485 118208 91869 118882 92234 119946 91460 118471 91709 118387 92637 120042 91968 119242 91346 118300 91475 118492 91404 118382 91876 118923 91096 117686 90764 117608 92044 119402 92042 119677 92048 119279 91067 118285 92218 119383 91314 118072 90295 117044 92153 119174 93096 120683 90407 116873 89951 116635 90952 117896 92749 120521 92877 120629 91488 118499 93131 120591 92711 120719 93259 121153 93243 120763 93996 121924 92220 119746 82878 107457 89889 116566 90495 117632 92320 119265 93030 120795 91593 118613 90598 117300 87497 113523 92305 119368 92341 119567 
92267 119750 92016 119043 93557 121495 93631 121405 91933 119042 92701 120162 93788 121303 93716 121586 92847 120616 93689 121738 91141 117616 92414 119779 92991 120721 92918 120430 89087 115229 92851 120276 91173 117784 93379 121157 84090 108707 92691 119712 90947 117836 92239 119868 93292 120853 93642 121732 93298 120778 91882 118947 89306 115654 93605 121716 93571 121043 92802 120387 84616 109905 92661 120374 89169 115816 93891 121968 91865 119009 93678 121598 93351 121257 92772 120274 92245 119294 93363 121185 92183 119874 93577 121752 93214 120725 90012 116929 91830 119204 93402 121321 93125 120826 88975 115153 89627 115875 92752 120390 
94103 122233 94363 122355 93222 120787 92929 120370 69890 90707 89206 115524 92627 119980 93843 121212 94775 123053 92337 119704 94795 122938 91076 117770 94910 122606 94451 122704 95559 123893 91000 118158 94036 121790 93610 121561 94935 122973 95036 123511 94428 122493 93163 120993 93587 120914 93688 121427 93795 121548 94114 121728 89044 115174 94450 122457 94194 122127 90138 116756 92205 119535 93463 120864 94844 122750 93057 120677 91689 118872 94336 121845 93462 121053 93446 120564 93541 121441 93333 120482 93383 121186 94191 122385 94323 122295 92894 120721 93487 121327 92336 119782 94884 123274 94179 121846 94259 122346 94152 122368 
95662 124053 93306 121068 91973 119150 95157 123424 96363 125244 94183 122400 94600 122723 93019 120652 95912 124625 95190 123649 95220 123171 90990 117776 93011 120689 94600 122738 94444 122580 94395 121752 95863 124021 96004 124453 94478 122193 93597 121551 94914 122830 94342 122122 93060 120559 94325 122226 94396 122485 94686 123087 92212 119627 93920 121885 95055 123336 94818 122715 89935 116776 95406 123533 95663 123989 95677 123791 94641 122899 94823 122730 93605 120852 93879 121673 90331 117316 94812 123065 94061 121461 94820 122995 94831 123162 92683 120421 94544 122730 94578 122487 95131 123596 93751 121448 93534 121524 95908 124211 
95214 123380 94335 122541 96050 124618 95285 123891 93700 121269 95175 123182 95465 123851 95091 123559 96280 124826 89602 115653 96455 125173 95761 123876 94666 122496 95294 123708 95632 124257 95370 123506 96491 125218 95734 124878 96956 125933 95802 124843 94706 122722 72548 93839 94832 122970 91850 118806 95288 123264 95024 123484 91884 119037 94888 122839 94490 122537 95858 124277 95869 124342 96495 124838 95553 123977 96392 125126 94489 122582 95398 123651 95466 123505 94875 123279 95328 123778 94331 122148 94108 122001 96085 124287 94963 123267 95647 124444 94936 123094 95537 123997 95696 123854 94642 122754 95040 122662 94977 122860 
95865 123901 95723 124258 97120 126358 96453 125544 94201 122149 96186 125046 96583 125653 95104 123658 96363 125579 95452 123715 96735 125266 95705 124560 95939 124500 96445 125081 97128 125748 96370 124891 96474 125292 96542 125045 94029 122287 94601 122689 95833 124179 91580 118533 96063 124402 93847 121379 95466 123724 96059 124711 96776 125519 95010 123263 95900 124374 96164 124678 95550 123948 94635 122836 96917 125434 95411 123951 92970 120139 85845 111149 93986 121854 94487 122328 96928 125944 94581 122591 96726 125676 96602 125073 94471 122591 95171 123403 95786 124273 96490 125526 94500 122510 95657 123643 95973 124654 92251 119289 
95615 123746 98095 127176 97615 126603 97497 126460 96693 125461 95960 124540 96675 125573 97328 126339 96497 124938 97638 126916 96780 125556 94326 122114 96403 124865 96606 125356 96356 125035 96871 125715 95419 123754 96242 124276 96614 125196 97292 125997 97045 126018 96956 125719 96122 124280 97228 126021 97307 126230 98030 127330 96715 125276 96236 124635 97319 126441 96088 124355 96879 125906 97998 127215 96747 125472 96093 124691 96995 125692 91881 119108 91749 118724 97356 126272 97237 125939 97343 126536 96798 125364 97071 125833 95410 123816 97725 127086 96475 125263 97526 126259 95840 124529 92060 119264 97592 126706 96771 125292 
97062 124953 98675 127958 96770 125657 97842 126963 98409 127645 98389 127493 97011 125743 97205 125786 95188 123179 95216 123448 98776 128078 96735 125345 96661 125634 98153 127462 86549 111864 98491 127714 97638 125938 98461 127575 97423 125932 97637 126655 95987 124611 99344 128757 98665 128097 97680 126574 97289 125825 96665 125420 98264 127532 98349 127682 97208 126026 97681 126760 97028 126088 97272 125800 96381 125374 97052 125460 96843 125735 94296 122308 98639 128240 98333 127590 96952 125601 98155 127645 97221 125965 97780 126691 96973 125667 98081 127053 97694 126734 98030 126762 94692 122693 96632 125292 98030 127179 97532 126633 
98419 127480 99398 129030 96213 124927 97758 126746 97931 126715 99337 128904 97748 126675 96818 125323 98083 126706 97910 127281 98379 127680 96171 124697 98939 128182 96915 125749 98278 127000 99740 129710 99494 128848 97943 126573 97178 125519 97267 125718 74753 96845 97919 127107 98668 127299 96992 125731 98918 128507 96145 124539 99059 128765 96926 125579 99115 128514 99104 128280 96529 125125 97462 126615 98844 128463 97910 126541 97629 126148 99222 128377 97408 126196 98507 127755 98626 127708 98780 128283 96295 124561 98068 126854 98260 127092 97102 125654 99982 129431 98240 127450 98762 128615 98937 128214 96291 124989 96487 125170 
99722 129311 98129 127361 98884 128422 100026 129798 100845 130948 100525 130051 98520 127656 100143 130126 98248 127085 74371 96368 97046 125792 98816 127959 99657 129205 100005 129691 98938 128580 99201 128115 99982 129904 99584 128935 94981 123337 99779 129176 99447 129053 98818 127482 98960 128282 99163 128603 99763 129357 99301 128725 99687 129202 96683 124958 89189 115675 99690 129377 100053 129991 98130 127454 99527 129212 97413 126044 94918 122898 85130 110040 100384 129904 99759 129110 99218 128738 95746 124027 100717 130091 100022 129765 96608 124964 98814 128047 99114 128280 95109 123082 101399 131790 98354 127338 97563 126283 100294 129706 
97310 125893 99459 128934 100078 129809 101270 131791 100653 130658 101098 131040 98792 128067 100514 130775 99438 128968 100322 130151 99700 129469 91677 118878 100225 130304 100064 129695 97756 126672 100162 129847 100822 130772 101325 131682 100319 130098 100250 130153 101179 131593 100804 130527 100193 130203 96779 125071 94259 121976 100531 130356 100498 130493 97623 126469 101022 130777 99898 129609 98975 128281 100864 131087 100219 129533 100486 130339 100215 129793 101986 132833 100968 131255 101713 132346 101522 131691 101126 131225 99084 128682 99665 128724 101412 131434 99920 129253 99690 129307 101881 131931 100481 130213 100816 130351 98802 128168 101052 131327 
99012 128292 102378 132993 99909 129371 100506 130113 102372 132703 101920 132164 99257 128901 101831 132435 100487 129951 100655 130242 101724 131500 100919 130897 101750 131882 100911 130659 98115 127488 98638 127693 101555 131559 101773 132400 101210 131033 101652 131726 100218 130209 100855 130740 99347 128685 101762 131619 101830 132055 100946 130778 102537 133227 100007 129673 100910 130792 77298 100322 101513 131554 101870 131834 100514 130715 101068 130838 100561 130134 101323 131391 100635 130791 99688 129077 101409 131373 100984 130764 100685 130774 100955 131096 101332 131733 76975 99655 100866 130895 100992 130851 100016 129770 101155 131001 100897 130489 101107 131390 
77917 101126 101606 131371 102204 132456 100347 130168 101998 132181 103170 133747 99260 128994 91252 118327 103079 133595 101672 131541 102805 133153 102311 132551 101515 131749 100900 130805 102255 132809 101865 131819 102054 132530 92586 119849 101887 132370 102915 133674 99128 128753 100474 130269 100631 130623 101942 132313 101411 131340 101632 131944 100095 130065 102641 133028 100236 129755 102752 133331 99205 128142 102023 132277 101547 131563 101684 131803 102629 133319 99911 129436 101264 131296 101513 131414 101948 131927 99766 129161 102342 132890 100230 129847 99749 129421 101728 132148 100391 129579 101296 131789 102844 133929 102535 132412 77105 99734 102414 132852 
102697 133540 102300 132816 101885 131901 101084 130877 103392 133595 98735 128044 101385 131707 102493 132909 101083 131073 103892 135056 99501 128852 102972 133241 101399 131163 102646 132565 103417 134178 100001 129519 102730 133791 101768 131875 102784 133203 103760 134354 100974 130961 102828 133384 97321 126252 102918 133484 104026 134656 101659 131725 103279 133589 101449 131318 102997 133751 97511 126389 103811 134143 98879 127939 101714 131729 103123 133714 101730 132099 103146 133711 78551 101959 99259 128827 103340 134038 101186 130888 103262 133941 101907 132146 101750 131474 101019 131140 102279 132383 101675 131566 102523 132611 102771 133071 103140 133937 102703 133551 
103846 135028 100619 130495 101666 131539 102860 133087 102598 132588 103726 133914 104194 134832 102301 132057 101843 131803 103048 133827 104438 135489 101372 131328 103127 133641 102854 133542 103640 134253 102427 132922 104573 135756 101678 131839 101571 131868 104318 135365 105247 136390 103038 133469 102322 132485 104231 135180 103733 134309 104366 134762 104101 134795 103732 134119 103652 134346 104206 134878 102603 132939 103495 134588 103322 133734 93845 121551 103861 134993 104335 135284 105397 136428 103191 133618 103903 134761 103079 133825 103678 134162 100461 130398 103895 134811 104040 134865 101526 131985 101928 132182 103793 134684 104208 134892 103508 134323 103512 134234 
104284 135362 104536 135364 105229 135999 79882 103457 104525 135714 99972 129358 105514 136858 93529 121463 103852 134515 103893 134798 103562 134470 99532 128885 103169 134022 98744 128026 102735 133135 103699 134492 104830 136208 94547 122424 105365 136351 101652 131538 106407 138175 98346 127501 104428 134810 103979 134559 102747 132669 103686 134521 103715 134421 103687 134190 103923 134426 103269 133978 99783 129090 105038 136521 103546 134417 105210 136080 105461 136903 104083 135153 103734 134189 103722 134483 104437 135412 104944 136214 104311 135064 106243 138052 103125 133374 104202 134999 103966 134537 104989 135810 104404 135165 104771 135539 104484 135288 104134 135014 
100654 130311 104417 135229 105528 136941 105513 136772 103928 134623 105723 137359 104993 136366 104865 135935 106848 138759 104092 134766 104398 135577 103252 133773 104903 136546 105726 136817 105982 137599 105115 136166 105761 137315 104099 134671 105112 135737 105388 136326 103395 134111 104125 134771 105093 135965 106365 138192 104728 135702 106336 138034 102691 133386 105356 136603 104384 135131 105674 137055 105597 137289 102293 132578 104281 135076 106189 138055 100770 130268 101832 131910 103919 134069 101419 131651 105597 136615 106030 137129 103916 134654 105482 136123 103877 134790 102869 133736 104108 134746 105083 136197 105055 136541 106679 138550 105222 136481 102023 131896 
104204 135147 104616 135419 105691 136790 99770 128934 105831 137171 106697 138320 103533 134483 105219 136303 105377 136601 105775 136984 105968 137353 103368 133855 105922 137148 104690 135799 106555 138489 105372 136466 105269 136324 101318 131374 105056 135931 104439 135087 107053 138815 103914 134876 105705 136751 105422 136456 106118 137677 107063 138874 105538 136546 106007 136924 105427 136595 106059 137563 106389 138194 105248 136373 107160 138443 106265 137835 105550 136926 105030 136286 105970 137426 105837 137184 106233 137649 104849 135796 105785 137114 104107 134739 104470 135367 104466 135692 106196 137622 107613 139464 105180 136261 104280 135183 99010 127907 105551 136110 
105869 136821 104798 135759 105468 136973 104431 135033 105641 137051 107342 139461 106578 138172 103054 133142 106082 137200 96656 125494 106947 138371 106997 138528 105918 137240 106454 138297 97521 125971 106359 137992 108134 140485 107043 138942 105323 136616 106117 137280 107008 138828 105677 137059 104701 135410 106742 138527 106527 137839 107384 139009 107502 139058 106454 138011 104387 135244 104877 136044 106784 138292 105226 136473 106290 137851 106067 137764 105551 136528 106876 138490 107166 139361 107388 138822 105717 137479 105708 137103 106044 137588 103504 133925 106074 137560 104733 135798 105311 136373 106697 138334 106190 137090 106877 138289 106469 138152 107598 139492 
105577 136984 107680 139665 107420 138880 107137 138783 107104 138949 97283 126235 104371 135120 107393 139358 105939 136729 106069 137230 107365 139336 107212 138833 101651 131420 108585 140720 108738 141023 105264 136492 108738 141004 107403 139085 106090 137223 106086 137368 108306 140567 97384 126136 107825 139880 103240 134096 107021 138689 109013 141417 107760 139544 102791 133145 108066 140010 106379 137627 108610 140861 106963 138634 106728 138220 105792 137411 105339 136319 81149 105137 108009 140456 106776 137960 107344 139166 106865 138417 106122 137254 107837 139742 107469 139707 108697 140757 107838 140132 105654 136728 106840 138339 107626 139859 105859 137074 108564 140957 
107009 138785 109190 141399 107961 140401 107440 139152 108467 140237 106596 138266 109792 142207 108570 140746 109028 140973 109012 141074 108320 140699 108171 140454 108295 140710 109285 141613 108239 140169 108181 140474 107005 138283 107939 140294 105303 136429 104552 135671 109095 141286 105321 136355 108370 140593 108051 140023 110103 142957 108681 140808 108032 140367 99508 128427 103047 133517 108425 140582 108082 140356 108380 140179 108757 140238 108533 140563 109015 141263 108991 140759 109100 141210 108490 140139 108407 140268 108703 140914 107426 139352 102070 132302 108036 139601 109311 141609 107980 139757 108615 141186 108361 140472 106508 138087 108758 140922 107830 139564 
109506 142189 109611 142112 109334 141697 109782 142214 109830 142631 109254 141904 109676 142149 110030 142867 108793 140676 110058 142772 108191 140427 109361 142075 109371 141708 106016 137313 108410 140199 108871 141063 108662 140736 107375 139580 107503 139309 110354 143226 108737 140743 108610 140900 109688 142699 108641 140686 109662 142078 103715 134070 109222 141319 106537 138112 107792 139901 109058 140983 109566 142137 109727 142931 109412 141886 107159 138710 108137 140159 110342 143213 107968 139972 108164 139955 110139 142819 106922 138653 107942 140019 103343 133946 109493 142217 108757 141511 109165 141153 109744 141959 109393 142319 109960 142494 106874 138403 109233 141857 
110454 143234 111179 144348 109739 141923 109359 141740 108337 140405 110429 143007 109353 141538 110394 143490 109914 142580 110542 143502 111135 143846 107975 140076 108045 139980 110646 143247 108990 141643 109660 142119 110910 143844 105488 136874 109718 142407 111926 144864 109163 141254 109321 141448 109628 141744 109991 142658 110436 143042 111784 145266 110260 143460 109328 141517 110626 143428 108731 140700 110407 143372 109095 141288 107316 138865 108975 141402 108991 141389 109872 142287 106713 138201 109402 141658 108060 139577 110144 142566 108031 140100 104867 136010 82654 106955 110960 143747 109285 141402 107104 138838 110323 143316 109910 142179 108490 140851 109751 142116 
111538 144728 110035 142673 110191 142600 111951 144661 110608 143824 110241 142924 109888 142260 111091 144278 111129 143654 111354 144334 111014 143480 110728 143312 111154 143924 108912 140934 111884 144963 111547 144779 109799 142548 110080 142836 109527 141785 108544 140225 105937 137437 100226 129291 109837 142642 110464 143110 111090 144343 110176 142642 110430 142932 111452 144365 110804 143450 109511 141899 111373 144254 110458 143258 110141 142867 111895 145330 111159 143868 108834 140366 110982 144343 110335 143058 111600 144362 109961 142308 110929 143369 109552 141989 110656 143472 111509 144129 111295 144631 111214 144307 111456 144980 110799 143728 109582 142360 110029 142718 
111321 144035 111097 144222 112071 145125 111990 144841 85415 110667 111958 145343 111133 144010 111174 144033 111682 144638 110703 143590 112378 145824 113237 147009 110039 142249 111944 145092 109170 141492 109911 141775 112137 145197 109133 141388 109468 142188 111036 143830 112506 146053 111932 145463 85217 110461 111337 143896 109221 141377 111044 144079 111724 144584 111251 144200 112810 146282 108831 140773 109835 142188 111632 144988 112733 146387 112545 145999 110801 143668 109683 142423 111410 144163 111426 144644 111989 145251 109930 142156 111786 144901 106345 137749 113219 147349 112113 145373 106978 138828 111991 145299 111437 144856 110067 142430 111521 144610 111692 144547 
101285 131524 113907 147609 109615 142105 108078 140229 113939 148079 85508 110680 112299 145795 114026 147749 112766 146242 112330 145662 105708 137007 111541 144685 112119 144774 113185 146796 111263 144019 112434 145303 111944 145009 112521 146048 112320 145599 112730 146568 113344 147028 113996 148021 111403 144672 102165 132465 111829 144773 112465 145759 110826 143585 112170 145169 111618 144380 111074 143922 102153 132312 113637 147057 111987 144641 113488 147610 112800 146012 113756 147501 111203 144153 111559 144071 112690 145736 112855 146438 112320 145874 111869 144712 112371 145792 110672 143464 111825 144982 111937 145479 114324 148245 102106 132586 112070 145126 110280 142723 
114018 148200 112281 145197 114354 147961 113539 147116 114441 147827 112852 146090 112319 145214 113026 146617 114102 147728 107305 139132 111997 145026 114483 148560 112921 146410 113637 147315 113212 146417 104849 135880 113145 146355 111847 144603 113401 147155 113935 147556 111624 144683 113952 147968 114210 147697 113101 146212 111013 143309 112459 145842 113369 147055 113473 147143 113849 147627 113160 146595 111429 144072 110994 143779 111192 143960 110901 143489 112783 146237 112886 146120 113451 147519 112734 146011 113555 147099 112928 146090 113210 146832 113698 146983 112925 146391 111710 144271 113214 147213 111513 144524 113190 146563 114185 147762 112112 145055 111473 144551 
115065 149004 114374 148177 113986 147595 114693 148958 112723 146425 113857 147593 114396 148145 86993 112650 113844 147589 113871 147156 113268 146971 113266 146694 102150 132353 114188 147902 113543 147026 115045 148949 113251 146555 112002 145423 112374 145840 112786 146360 112558 145879 112027 144927 112546 145848 114150 147964 113305 146569 112792 146238 114179 148165 114829 149004 114118 147982 113970 147466 112163 145450 114192 148014 115046 149261 113266 146102 113270 147272 110082 142399 86634 111974 110920 143553 113895 147459 109331 141739 113607 146980 112667 145890 103428 134095 112599 145944 114024 148142 109016 140898 115451 149527 114159 148049 114020 147848 102997 133523 
114280 147979 113473 147045 88344 114534 113693 147105 115314 149029 115524 150323 115243 149024 113444 146896 114984 149164 109356 141803 110078 143100 114957 148896 115163 149373 114807 148472 114624 148250 103996 134950 116474 151093 114121 148245 113494 147683 115706 150299 113721 147759 115152 149026 114757 148915 115519 150223 115550 149545 114703 148423 114559 148683 115528 149719 115485 149855 114840 148955 115127 149035 114481 148795 113655 147203 115619 149729 112596 145755 115344 149730 114953 148818 116372 151220 115757 150511 115814 150236 113554 147059 115864 150359 115345 149726 116641 151215 114796 148800 114748 148802 114843 148613 114792 149010 115428 149387 114530 148110 
115184 149574 114502 148837 116211 150639 114856 148626 113742 147374 113695 147036 112748 145804 117080 151669 115891 150335 115435 149073 114072 147912 116091 150343 114779 148711 115216 149500 115824 149908 115412 149757 113875 147516 116439 150932 116245 150822 85947 111066 114940 148518 116232 150401 116880 151486 115414 149099 115753 150293 115648 149767 114926 149238 115255 149383 116323 151305 115422 149349 114671 148580 116054 149771 116645 151297 115981 150301 114737 148693 115973 150252 114676 148891 114953 148527 116477 151233 115715 150046 115485 149150 115816 150015 114664 148875 116540 151437 110224 142615 117143 152111 115298 149166 114004 147596 116066 150881 116542 151433 
114460 148317 115683 149964 115920 150019 113779 146829 117358 151876 117516 152542 114156 147794 115757 150094 116929 151548 115609 149582 117210 152136 116374 150593 117429 152104 116367 150695 116530 150992 105668 137070 114948 149553 115716 149685 113667 147118 117175 151791 116334 150761 115712 149938 116320 150530 116794 151396 116209 150675 114878 148600 115376 149398 112409 145892 116706 150816 117106 151683 115830 149687 106707 138102 115760 149477 116436 150852 114835 148476 116984 151579 115543 150167 117199 151865 116187 150616 115967 149929 116662 151098 105125 135985 115964 150212 115099 149369 114120 147783 117412 152245 116725 151070 116392 150609 115791 149796 117486 152092 
88701 114899 113439 146727 116827 151364 116196 150748 117136 151786 116905 151064 114791 148626 118619 153806 116460 150712 116127 149813 116566 150639 115907 150097 117625 152373 115484 149658 117591 152533 116287 150332 116523 151348 114037 147702 116971 152004 117798 152540 116674 151048 114649 148504 113981 147577 117607 152932 115378 148956 106980 138650 115151 148842 116466 150690 116047 150507 118246 153353 116709 151567 116726 150892 116032 150264 116442 150879 112581 145982 117892 153190 116076 150795 118364 153628 116640 150588 116739 151454 117678 152641 115168 149147 118087 153172 112308 145848 114882 148989 117519 152423 117910 152873 105857 136986 116666 151144 118918 154305 
119671 154961 118386 153342 118607 154588 117114 151393 118215 152890 119365 155003 117759 152478 117342 152318 118361 153293 117399 151811 117238 151751 118370 153640 119691 155340 117941 152764 118971 154104 118275 153240 114185 147942 113230 146536 118051 152839 118921 154315 117851 152669 118030 153288 118895 154145 115680 149989 113612 147350 116739 151249 119546 154847 116696 151103 118565 153583 118803 154119 117497 152517 119042 154094 119018 154211 118272 153405 112888 146287 117465 152341 117032 151420 117835 152292 118662 154010 117346 152027 118710 153682 118391 153676 117963 152695 116299 151043 117852 152689 119614 154912 115895 150140 119453 155170 118414 153367 115031 149312 
113085 146051 119385 154736 118312 153633 119446 154760 117568 151949 113490 146718 119875 155151 117683 152250 118793 153581 119198 154373 116650 151633 119745 155077 117856 152317 118294 153339 120484 155783 119381 154551 119041 153872 116673 151063 118652 153141 117625 152460 117500 152409 118255 153202 119287 154111 117860 152769 116026 150346 118824 153607 117954 152805 119604 154924 117407 152509 119301 154554 119331 154612 117445 151757 119333 154743 117854 153098 119492 155000 113815 147787 118770 154330 118304 153580 118212 153197 118638 153914 115963 150218 118151 153075 118625 153355 119203 154561 119195 154578 119056 154292 119155 154056 114815 148970 118352 152760 115101 149542 
118999 154706 119110 154488 119234 154112 118566 153322 117002 151862 118815 153977 117527 152248 121002 157085 120681 156120 119316 154585 119480 154463 120421 155803 119833 155149 118891 154062 119357 155246 119231 154454 119622 154514 118731 153941 119103 154321 119224 154673 119507 154865 113320 146960 118975 153934 118101 152691 119152 154363 118538 153116 119092 154509 117768 152554 118774 153794 119662 154984 118889 154049 120077 155579 117321 151473 112185 144986 119940 155822 119659 155719 120417 156198 113295 147095 109193 142047 120567 156151 117979 152779 118142 153029 119980 155648 116428 150397 119914 155378 119346 154696 120307 155735 89065 115431 119819 154800 121454 157323 
121719 158222 92103 119530 120331 155556 118887 154057 122364 158811 120983 156650 121494 157206 121058 157039 119210 154767 119613 155092 119841 155666 121516 157584 117961 152852 119666 154469 119716 154911 120784 156608 120473 156043 119947 155466 91381 118569 120235 155836 121316 157072 122186 158884 92877 120229 119301 154683 120549 155974 121302 157236 120223 155535 120468 155960 120144 155253 120566 156056 117559 152709 120780 157084 116822 150925 120579 156289 119371 154385 117600 152532 121332 157393 117299 152336 119872 155052 120658 156645 120252 155841 118348 153614 121460 156855 119592 155190 119659 155209 120315 156089 119468 154622 120932 156946 119266 154177 120551 156221 
122508 158713 118752 153539 122638 159199 122372 158729 119468 154604 121731 157570 121378 157339 119783 154936 120934 156947 120901 156627 121986 158045 120364 155831 121202 157181 92302 119640 119311 154906 121838 158092 122532 158746 117353 152588 123520 159939 120582 156029 121983 158599 121826 157858 122902 159109 118349 153554 110521 143058 119763 155358 120462 156137 122136 158580 107409 139420 121023 156567 122046 158417 120968 156536 122133 158883 120164 155795 120772 156301 119697 154823 121335 157399 121755 157628 121808 157879 116414 151117 121819 157402 121308 157083 122085 158200 121787 157646 121123 157016 123421 160289 119931 155289 122511 158820 120435 156671 121259 156782 
120501 156197 121783 158219 111016 143730 122485 158810 114728 148532 121975 157860 122643 159192 122137 157966 120075 155588 108966 141058 121019 157027 119068 154380 122348 158782 122407 158689 121895 157621 121703 157590 117082 151390 120616 156359 123247 159240 113271 146376 120184 155956 120981 156740 120650 156427 122429 159005 123420 160061 123268 160179 121408 157256 122061 158166 122211 158305 122590 158836 120239 155805 120408 156094 122643 159231 122353 158990 93057 120582 119978 155226 119305 154656 123343 159888 122466 157893 121426 157258 117030 151745 121618 157293 123453 159784 120698 156487 120601 156128 122397 158699 122449 158860 118567 153713 121144 156744 122333 158474 
118805 154018 123358 159785 122120 158134 123038 159536 122058 158174 122629 159033 123901 160622 122950 159025 124673 161506 121998 158129 122374 158783 123199 159761 122626 158506 123416 160284 122338 158509 123376 159774 123682 160701 122522 158398 122802 158549 123506 160413 121946 158091 121386 156995 123006 159387 122966 159733 122866 158750 121397 157042 122419 158364 121545 157612 123195 159168 120803 156455 121736 157389 120549 155981 122881 159167 114265 147981 93682 121112 122721 158633 123380 160126 124510 161120 117410 152349 123178 159459 121326 157221 122816 158749 123451 159835 123367 159690 123003 159571 121967 158312 121999 157657 122658 158683 121745 157995 123871 160578 
124610 161681 124379 161167 111314 144063 124263 160836 122304 158067 124255 160743 124017 160657 123536 160283 123273 159750 123989 161084 121839 157439 120721 156336 123921 160795 124915 161898 124541 161339 123906 160631 123268 159543 124709 161620 120789 156296 121146 157356 124453 161488 122444 158128 123716 160138 123919 160391 124645 161601 123295 159782 123854 160145 121685 157667 123723 160400 125146 162630 123466 159765 123598 160041 117649 152387 121002 156547 124354 161146 121414 158145 123393 159941 123320 159462 119777 155306 124801 161916 123554 160197 123216 159708 120402 155759 123156 159207 121852 157446 123750 160313 121041 156786 124760 162018 124827 161708 107520 139418 
124673 161834 124792 161570 124206 160793 124996 162229 125432 162980 122523 158685 121030 157015 123217 159368 124667 161403 123864 160331 125454 162719 123966 160303 123679 160292 123438 159585 124620 161286 124138 160616 125587 162495 123924 160376 125057 162054 124969 162128 124897 161850 118677 153462 125395 162245 123839 160551 124649 161784 124449 160637 118096 152955 112774 146000 124290 161182 123166 159500 121949 157921 125318 162561 123237 159651 123952 160829 125126 162373 124244 160698 124428 161299 113543 147134 125509 162683 123702 160286 124119 160546 125134 162492 125176 162066 123825 160576 124978 161546 123875 160667 125130 162398 111771 144905 124454 160893 125231 162583 
125787 162554 125186 162246 125748 162561 126561 164011 125302 162136 123765 160607 125631 163407 126237 163773 124819 161466 95598 123622 125342 162673 125126 162257 123686 160170 123789 160582 125377 162344 125489 162428 125039 162209 123491 159726 125098 162258 126464 164603 126142 163279 124288 161248 124800 162033 126276 163768 124931 161529 127635 165425 125396 162492 126341 164301 125375 162954 126409 163864 121738 157568 123178 159556 125377 162437 126221 163398 126626 164247 126105 162909 125995 163149 125494 162436 96362 125037 123167 159653 126243 163629 125696 162481 123708 160497 120998 156896 125398 162484 126020 163341 119383 155013 124616 161394 125228 161687 123916 160345 
125329 163045 126464 164044 117681 152428 125577 162710 125735 162681 127044 164530 124975 161913 125586 162582 126805 164429 126893 164659 125416 162742 126354 163562 126763 164037 128239 166508 125764 162565 126288 163535 125434 162643 127149 164891 126821 164237 113840 147522 126339 163795 126007 163262 124902 162163 126201 163780 125909 163066 125892 162931 123563 160197 126118 163604 126951 164124 125066 161989 126981 164809 119703 154904 126781 163774 125948 162909 124425 161147 125951 163138 126865 164681 126087 163678 115814 149939 126601 164397 124673 161980 120466 155872 124847 161890 127224 164821 126539 164587 127374 165218 126373 163667 126122 163189 125774 162790 125753 163140 
124956 161644 125005 162361 126058 163350 125446 162079 126828 163726 128002 165732 126674 164021 126829 164560 128092 165574 125122 162086 127278 164620 126788 164578 125669 161984 126470 163563 127323 164869 127209 164797 126586 163786 126769 163925 127090 164855 126822 164017 127694 165719 127069 164423 126883 164761 126334 163809 127232 165178 125773 163062 127646 165695 127698 165535 127170 165044 126374 164258 127038 164412 126295 162963 126150 163238 120681 156516 126324 163184 125998 163503 125087 162174 128058 165976 125193 162439 126348 163796 125898 162809 127748 165669 126541 164375 125633 162614 125661 162987 126756 164325 126889 164736 126836 163862 128315 166078 124785 161535 
127826 165314 127564 165776 127701 165284 128454 166930 115767 150235 127218 164300 127871 165342 127526 165231 127740 165707 127924 165700 127651 164907 126331 163737 126060 163564 128619 166010 122757 158568 115453 149425 128292 166551 129302 167592 121919 158156 127451 165201 126823 164302 124295 160790 129207 167220 128224 166399 119837 155045 127471 164892 129274 167270 128621 166491 127576 165474 128375 166556 127928 165626 127501 165186 128826 166894 125884 163537 126431 163715 125926 163009 127356 165286 127657 165737 128028 165767 128268 165732 128285 166002 126179 163392 126759 164065 127173 164747 128835 167090 128213 166204 125087 162166 127153 164071 127478 165503 126757 164755 
129606 167823 128782 167202 128873 167032 128900 167401 127349 165255 128074 165821 130184 168368 128552 166806 128430 166171 126883 164125 127586 165241 128413 166335 128048 166102 129391 167988 127211 164983 129244 167182 116126 150482 128573 166599 129955 168544 129116 167111 125292 162393 128388 166095 128108 166318 128709 166528 128425 166317 128364 166610 129240 167778 128041 165831 129847 168308 126676 164280 128203 166073 129934 167781 128960 166957 127640 165062 128965 167280 125742 162899 128384 166437 128192 166292 127914 166419 129082 167571 125967 163069 127327 164725 129010 167440 129473 167535 128564 166405 127254 164722 129086 167480 129232 167538 128719 167033 96836 125266 
128976 167337 128911 166993 130395 168791 128741 166664 130832 170109 129874 168273 130984 169562 129493 167721 129560 168451 129389 167754 128301 166147 97467 126573 126689 163852 131201 169892 128547 166789 128753 166540 124217 160323 127334 164769 129174 167451 129324 167124 128658 166743 128557 166432 130411 169096 130448 168743 119219 154234 129071 166557 128662 166538 129131 167165 129934 168089 130019 168316 129460 167455 130934 169492 129524 167951 127705 165624 126965 164568 129212 167333 128250 166106 128635 166314 130390 168962 126110 163484 129976 168087 128352 166251 129934 168467 127239 164836 129559 167896 128849 166801 129472 167987 129774 168250 118119 152935 128230 166684 
130173 168789 129223 167237 132007 172005 129420 167661 130892 169653 131548 170288 129715 168268 129926 167845 129173 167174 128694 166673 130866 169554 117985 152964 129275 167543 130013 168034 127404 164871 131500 170665 131147 170273 130773 169126 128340 166445 130464 169331 129741 168315 124353 161105 130352 168710 128885 167373 125584 162271 126110 163306 129112 166940 129690 167876 130744 169373 129339 167306 129823 167903 131117 169576 131248 170396 129572 168085 129279 167508 129995 168179 129048 166810 130079 169274 129990 168604 123755 160050 130642 169654 131069 169806 128465 166610 128660 166929 130046 168506 130885 169744 131050 170078 130419 169441 129902 168870 131324 170044 
130154 168379 130363 168809 130534 169252 131283 170063 131319 170284 128271 166225 131871 171128 125684 162680 132262 171241 130308 168838 124019 160534 132264 171178 129760 168277 132412 172078 129621 168228 129033 166969 131194 170316 128138 165524 128519 166890 132072 170934 129750 167606 132940 172304 129984 168113 119212 154814 131539 170512 130824 169170 130484 168527 130779 169550 131937 171166 131472 170085 129413 167696 130343 169604 131257 170360 132312 171758 131371 170303 131595 170487 130017 168981 131543 169974 128037 165954 131168 169918 130819 169289 132979 172522 130247 168547 131986 171054 132403 171577 131533 170571 130115 168422 132120 170978 131888 171888 130251 168843 
132156 171135 131470 169876 130370 169180 128328 166143 133101 172552 132013 170578 130649 168347 131708 170842 132986 172352 130696 169598 132618 172039 129045 167257 130968 169367 131323 170066 132834 172266 130376 169093 132475 171647 132333 171765 126428 163437 131418 170352 131948 171076 125846 163164 132698 171942 130662 169206 132964 172495 131881 170864 130719 169264 132203 171399 131270 170058 128465 166411 130293 168558 131541 170613 132308 171231 130980 169287 132336 171619 132890 173002 129197 167592 131150 169696 133091 172782 129890 168329 131285 169913 132399 171421 131915 170852 129090 167223 126085 163554 131546 170648 129841 168008 131676 170623 129922 168559 131946 170754 
131991 171395 133309 172280 129877 168333 131446 170220 131796 171163 132955 172853 129602 167526 132383 171810 131999 170637 129812 168163 132524 171684 133250 172829 132813 171691 133433 173128 132609 171859 133143 172335 132374 171732 120517 156318 132831 172517 131456 170577 132110 171024 133755 173142 132603 172371 133994 173957 130703 169151 130377 168944 132399 171645 131660 170385 131002 169661 133630 173331 129512 167988 132759 171843 133031 172761 126236 163388 133091 172944 132820 171979 131500 170685 133460 173128 133458 173418 133335 172855 134096 173701 131887 170702 133748 173563 133422 172847 131982 171029 129838 168096 131425 170690 134048 173934 132527 171551 130007 168791 
132742 172010 133512 173121 134114 174293 134150 174485 131323 170238 120216 155830 134123 173754 133454 172796 134482 174512 133551 173166 133906 173479 128163 166236 132157 171204 133660 172737 101202 130883 133464 172886 132712 171482 134495 174453 132224 171122 133731 173215 132629 171180 134016 173573 102075 132170 133307 172302 133418 172867 121978 157925 131850 170575 134595 174150 134299 174423 133365 172942 133088 172050 133288 173065 131782 170550 132864 172375 132585 171476 134182 174074 133363 173146 134888 174708 133544 173085 133292 172653 135009 175256 133805 173267 133060 172528 131102 169834 133015 172433 133482 172371 134773 174375 131969 170543 133535 173269 132166 171089 
134521 174314 134841 175027 133285 172981 133453 172426 135758 175705 133563 172662 132670 171419 133468 172861 135041 174303 133201 172412 133660 173101 133722 173374 133745 173397 135470 175937 132747 171803 133025 172522 132939 172169 135225 175659 133624 173249 133989 173698 134792 174513 133871 173591 134562 174403 129881 168549 135237 175673 131609 170554 135786 175761 134514 174257 133355 172491 134654 174461 133693 172932 134977 174945 134170 174147 134577 174443 134071 173619 133005 172052 133159 172057 134601 174515 133084 172460 134474 174906 134055 173823 131412 170705 131239 169688 134621 174279 134118 173301 134452 174547 135498 175844 133524 173021 134310 173613 134547 174371 
135715 176158 134670 174692 136927 177779 135027 174820 136859 177568 135074 174614 132462 171204 134666 174639 135003 174684 134118 173880 133285 172527 134808 174553 122149 158116 132968 171954 133693 172667 136118 176638 134921 174873 133700 173425 135035 174440 135919 176570 136074 176027 135162 175169 132959 172058 135132 175241 131751 170454 136105 176489 134983 175144 136014 176469 136264 176774 134763 174536 135542 175479 134480 174541 131916 170994 134123 174017 134188 174028 135576 175944 134176 174185 135181 174799 135132 174676 136241 176491 123863 160867 136084 176491 134246 174215 126687 164039 134224 173724 136003 175977 133818 173220 134532 173844 132925 172241 134062 173894 
135448 175718 133795 173824 135605 176027 137059 177606 133700 173108 136071 176289 133894 173759 131726 170461 136466 177102 136153 176317 135516 175860 103888 134489 135635 175409 136606 177030 103793 134264 136469 176555 135793 175766 136166 176376 102367 132462 135309 175685 136375 176533 136812 176998 134746 174749 136285 176701 135537 176078 136902 177547 134965 174587 136002 176064 135269 174702 135670 175944 135271 175292 135625 175235 136035 176464 135866 176195 134210 173664 136903 177493 134713 174454 136590 176326 134422 174384 136438 176855 137009 177580 136850 176962 135572 175308 136704 177040 132004 171075 131759 170066 136839 177441 129880 168780 131781 170675 135729 176052 
137572 178038 138591 179707 134271 173870 134991 174979 138076 179273 136869 177515 134677 174528 137787 178612 137252 178115 137874 178992 138010 178674 132446 171033 137231 177762 136862 177034 135306 175365 137180 177620 135948 176430 135468 175930 137295 178033 137356 177881 135414 175674 135923 175785 133387 172458 136425 176790 136504 176291 136908 177735 138109 178894 135117 174535 136572 177100 138042 178580 137994 178816 136489 176885 137444 178217 128806 166608 130892 169744 136903 177301 137152 177877 138354 179120 136486 176097 136422 176990 135351 175295 137363 178134 137689 178867 136557 177247 135309 175180 135778 175628 136469 176616 137574 178700 135799 175823 135679 175319 
134461 174024 134559 173515 135661 175308 131354 169865 136205 176150 133216 172663 136532 177137 138243 178758 132274 171160 138035 178702 136948 177372 138259 179159 137896 178401 137626 178713 137781 178749 135739 176552 136168 175994 136559 176825 138292 179209 137271 177445 137082 177481 134600 174326 135046 174686 104951 135706 135950 176151 137085 177360 137048 177803 133449 173302 118127 152847 137851 179185 137360 177945 138975 179962 136874 177696 133848 173378 137951 178588 138906 180019 137514 178483 138296 179097 138637 179516 136714 177347 138348 179492 137443 178310 136258 176637 134695 174420 133808 172819 133917 173555 135127 175358 137008 176973 135136 174918 136765 177344 
138290 179107 138236 179333 138755 179996 137679 178801 138357 179220 140339 181916 139027 180115 137862 178721 136262 176482 140068 181521 138092 178826 138442 179253 138113 179286 139420 180587 137792 179008 137736 178208 136720 177021 139511 180636 138078 178850 131720 170817 137289 177646 138454 179032 135339 175520 138196 179019 134139 173735 139286 180373 138751 180175 138398 179452 138219 179498 138305 179419 139177 180470 139395 180447 137513 177680 137849 178723 133206 172237 137075 177331 135625 175333 138164 178735 139852 181271 137824 178806 139939 181389 139016 180256 138290 179212 139442 180619 138956 180268 137753 178152 137167 178185 138546 179559 137896 178833 138204 178899 
138467 179174 138822 179893 137936 178665 138554 179639 138917 179545 138680 180262 140594 181817 139342 179825 139037 180287 139654 180625 140101 181028 140236 181548 139933 180793 139464 180490 136447 176868 137995 178329 139832 181614 136718 176441 140926 182498 137853 178557 140207 182074 139045 179957 138749 179800 140039 180774 139250 180338 139035 180153 139542 181412 140541 182414 138451 179196 138933 180402 138878 179967 139520 180742 140380 181591 139570 180962 136706 176658 137434 178192 137611 177837 139891 181075 138366 179615 138902 179661 138340 179372 139576 180497 139649 181243 138096 178752 140362 181787 140754 182359 140062 181864 139013 180171 139327 180753 137872 177843 
131518 169665 141801 183888 140650 181765 139047 180144 141230 183396 140364 182336 137511 178519 140593 182123 140066 181321 127321 164701 141954 184268 138022 178987 140010 181342 138099 178774 136853 177087 141122 182816 141055 182960 140870 182798 140931 182180 140689 182533 139425 180851 140872 182598 136933 177237 139659 181032 139441 180995 140332 181915 140826 182538 140115 180681 140543 182257 140492 181903 137761 178242 139301 180197 137834 178427 137552 178059 137210 177601 137825 178575 141850 184254 139642 181156 140069 181595 138534 179197 138135 178451 140070 181193 139704 180540 137507 178047 139073 180075 139884 181149 140597 181837 140462 181675 139513 180541 141614 183347 
140851 182968 141016 182849 140257 182182 140097 181747 140390 181928 138496 179556 138175 179219 141825 183471 141493 183340 140097 181263 140353 181877 141277 182940 138372 179137 138441 179919 141254 182314 137678 178008 141503 183594 139735 180975 133282 172340 141181 183136 141130 182299 140629 182300 140841 182301 141062 182958 139320 180055 140374 182047 138955 179898 134595 174367 141043 182774 140538 182133 141108 182528 136455 176516 141163 183190 142330 184958 139262 180513 140532 182683 137338 177182 140154 181922 141564 183629 141356 183519 138117 178651 139771 181401 140187 181346 139982 181298 141475 182978 140704 182461 141574 183262 141016 182643 140323 181522 140401 181406 
142479 184585 141076 182489 141653 183635 142035 184160 140225 181865 139447 180770 141692 183630 141073 182419 140547 182032 142876 185744 140772 182539 140569 182208 141859 183699 136248 176511 142775 185020 136010 176387 141189 182903 140751 182547 142392 184908 142951 184934 140786 182457 128696 166774 140515 182142 140053 181225 141379 183230 140697 182214 141565 182784 140979 182767 140773 182704 139983 181063 142143 184063 138122 178923 135261 175374 142092 184083 141614 183180 141800 183611 140654 182218 140017 181156 136210 176591 141328 182922 143049 184927 142656 184693 142733 184639 138325 178748 142752 185257 139123 180045 141892 183517 142003 184457 142691 185177 139528 180816 
143525 185930 143242 185308 142110 184001 142871 185034 141984 183823 131941 170888 141239 182731 141292 182599 141919 184011 141688 183642 129226 167541 141031 182259 140980 182337 143114 185654 139095 180506 143301 186151 140646 182369 142450 184368 144422 187258 142102 183785 143398 185597 141504 183015 143928 186192 140601 181968 140005 181598 142396 184958 129790 168471 140888 182557 142015 183600 139702 180422 141518 182657 141435 183414 141778 183763 138367 179430 132909 172391 142419 184720 142997 185085 142682 185328 142236 184113 141262 183141 142278 184428 142648 184064 142308 184041 141435 183361 143543 185938 142325 184130 142251 184077 144788 188038 143277 185570 140506 182082 
143210 185627 142004 183800 144393 187688 143937 186328 143977 186924 140034 181460 143051 185456 143821 186769 141692 183667 143198 185477 141752 183780 142749 185121 144212 186407 140603 181999 108401 140390 144462 187245 143272 185972 144747 187319 144078 186468 141380 182981 142952 184901 141854 183820 143130 185029 141282 182973 144280 187146 143718 186486 143441 185701 138559 179461 141585 183715 141205 183051 142946 184985 143521 186235 144229 187170 143782 186515 142947 185300 142614 185041 143331 185698 143265 185585 143043 184865 139233 180172 142629 184688 140523 182311 143674 185578 143467 185842 142662 184419 140795 182426 144296 187446 141191 183128 144036 186965 143946 186810 
143997 186743 143749 185962 141411 183384 144516 187401 141091 182714 143441 185668 143506 185819 143176 185234 143550 186234 130010 167972 141045 182682 138213 178668 145374 188554 145459 188540 142070 183699 144911 187546 145316 188385 144183 186480 144350 187205 143087 185137 145089 188105 143646 185845 143715 186345 142573 184332 144571 187134 143870 186476 144147 186876 144632 187935 143937 186769 144912 187336 141877 183652 145294 188771 145085 187959 143889 186869 145244 188002 142977 185243 143524 185903 142672 184931 137736 178719 140532 182520 142741 185567 144596 187717 143679 186067 140903 181926 145113 188073 143602 186346 141706 183248 144436 186844 108519 140490 142649 184868 
144954 187896 144182 186987 145945 188679 143181 185431 144298 186502 146099 189579 145123 187726 146070 189317 143775 186303 145509 188957 145943 189002 145545 188606 142734 184786 142588 184654 147696 191614 144810 187406 146530 190113 144045 186464 142381 184011 144483 187605 144656 186875 142386 184481 139157 180285 145649 188617 144189 186802 145503 188939 143681 186111 144313 186775 145110 188345 143819 186271 144753 187215 145614 188522 143615 186090 145118 187553 144204 186251 145888 189074 143231 185636 146079 189130 141696 183382 144185 186630 146265 189616 144356 187702 143647 185475 144037 186181 145687 189050 146542 189839 141448 182993 144025 186457 142130 184151 143529 185985 
142942 184669 146416 189737 144516 187382 144424 187333 145946 188556 144389 186513 145466 188192 142166 183912 142884 185134 145712 189153 146419 190068 143264 185520 144182 186601 145861 189100 144144 186674 144848 187482 147127 190906 146737 190385 146143 189092 145141 188351 146693 190430 146055 189519 132335 171010 146554 190117 144444 186918 143699 185907 145022 188166 143221 185699 138533 180333 145224 188120 146527 189142 145874 189066 146047 189360 144644 186847 145723 189355 143375 185837 144475 187066 144735 187565 146449 189987 146146 188778 144636 186886 144309 187100 143840 186436 144309 187208 145444 188078 145892 189225 143938 186747 144818 187460 143350 185060 132223 171500 
145521 188297 145597 189135 138682 179203 146019 189331 145940 188793 147024 190320 145298 188186 146249 188840 145588 188078 146572 190166 146246 189218 144991 188025 146144 188969 145992 189369 146338 189857 147099 191115 148249 192391 146188 189401 143704 185710 145665 188611 145925 189201 145504 188205 144311 186741 147230 191003 146110 189418 142453 184429 144402 187000 147261 190233 146009 189036 146285 189400 141295 182812 145657 188915 147145 190244 146990 190449 146596 189451 145987 189470 146817 190407 111601 144674 145124 188215 145901 188914 147046 190648 146558 190342 146667 189538 145243 188072 145268 188043 145031 187769 136694 176544 147347 190982 146527 189757 146879 190312 
148528 192577 146696 190010 147753 191707 148401 192753 147953 191879 147390 190818 147045 190241 147760 191779 147283 190461 146359 189377 146569 190221 148234 191900 147937 191434 147936 191296 145425 188218 147085 190494 141092 182237 146866 190326 145425 188443 146416 189455 145651 188862 146403 189804 146001 189426 147150 190479 147336 190767 110483 142825 148609 192405 148737 193056 147322 191171 146725 190119 148619 192158 146894 190574 147809 191028 147788 192256 147511 190932 147982 191819 146632 189589 146121 189404 147392 190797 146549 189701 140153 181993 147807 191346 148133 191674 146026 189090 147693 191021 146798 189734 148618 193005 147288 190681 148901 193178 147133 190261 
146827 190029 150555 195206 145902 188872 147865 191427 149564 193776 147470 190777 145165 188025 148206 191948 147459 190805 149689 193845 148087 192166 147116 190769 148271 191897 145366 188012 144383 187631 147578 191012 146283 189872 147162 190267 146760 189187 148665 192953 147365 191002 147399 191084 147938 191678 148290 192265 146414 189664 149446 193383 147895 191407 146869 190225 148219 192046 147686 191867 147265 190558 148540 192688 147399 190785 146648 190331 149320 193549 148636 192113 149335 193893 148760 192982 148951 192827 145412 188724 148736 192598 146339 189621 145098 188048 146486 189197 147453 191080 150339 194953 148648 192501 148250 191984 148192 192015 147611 191204 
148653 192646 150149 194813 144902 187758 148024 192283 150056 194766 148434 192622 145945 189122 148443 192496 149572 193859 149142 193462 149490 194211 148033 191773 147900 191370 149686 193830 148363 192124 148497 192164 148296 191281 145022 187959 148604 192254 149416 193739 148221 192224 149507 194141 146446 189839 147543 191032 149411 193813 148071 192203 146079 189359 149815 194066 148115 192093 147289 190321 149264 193837 148099 191474 148543 192459 145616 188245 147364 191081 149598 194059 147587 191280 148007 191599 148703 192865 149266 193676 145259 187857 148202 192437 148314 191800 148250 192207 148632 192417 148071 191755 149144 193608 149065 193385 148099 191524 148808 192835 
149645 193731 143749 185594 146982 190229 148356 192244 148793 192841 149420 193483 148843 192987 150661 195334 148856 193279 148169 192077 136467 177153 149400 193761 149148 193165 149892 194569 150570 194761 148376 192272 149147 193386 150022 194679 150681 195177 149915 194063 150906 196050 146177 189368 151737 197084 149854 194273 149012 192687 150017 193916 149563 193909 149538 193650 147809 191444 149661 193752 143550 186187 149435 193348 150111 194584 150264 194690 149391 192726 150285 194775 150319 194756 134731 174135 148330 192128 150734 195611 150767 195105 148359 192099 149718 194324 147810 191319 148107 191519 149039 193013 146521 189253 151667 196078 148557 191998 148072 192139 
144641 187177 135961 176126 150321 194494 151467 195866 149670 193726 149179 192948 151897 196875 149213 193377 150490 195593 150136 194436 147321 190919 149459 193372 148070 191883 149739 194282 142693 184773 148810 192432 150331 195263 150511 194843 149647 194056 150889 195596 149801 194015 149054 193235 151166 196054 150028 193463 149825 194329 146865 190074 149963 194663 151145 195430 150114 194455 152587 197612 151257 195668 149447 193456 150363 194718 150247 194622 149671 194098 150434 195132 148877 192737 151545 196533 147170 190987 151513 196674 150284 194497 150604 195344 150479 194602 150790 195299 151994 197614 149993 194393 149365 193707 150467 194909 150821 195859 151569 196299 
151638 196814 150166 194713 151955 197078 150859 195528 146980 189990 150719 195191 151021 195741 149655 193604 148422 191863 150025 193330 151637 196488 148135 191877 150290 195040 150436 194968 151527 196262 149356 193263 152084 196863 150695 195076 150758 194997 151490 196162 150968 195867 150724 194994 151179 195925 150726 195209 151570 195919 150490 195119 151730 197113 152190 197447 150954 195754 150679 195262 147987 191542 151491 196222 151377 196496 151555 196307 151830 196537 151509 196081 149090 193034 151941 197309 152355 197206 149755 193755 148759 192019 152053 197164 150809 194787 150427 195076 150224 194315 151739 196226 151397 195875 150230 193923 150027 194609 149902 194245 
151779 196538 151177 195354 148974 193123 151701 196675 150955 195810 151599 196481 150127 194020 150815 195252 151046 194876 152459 197500 151743 196973 148715 191992 151253 196239 149613 193298 153537 198892 153668 198939 152763 197814 151862 197020 148542 192687 153656 198833 151137 195330 152234 197036 150956 195625 152005 197149 150318 194471 153360 199179 151786 196604 151772 196487 151080 195836 153046 198106 154517 199606 151252 195885 145641 188742 152243 197776 153083 198587 138798 179689 150770 194972 151749 196915 152510 197404 152160 197005 138043 178513 145667 188438 150583 194943 152472 197886 149961 194123 152361 197442 146748 189843 153582 198837 152586 197823 152041 196521 
153662 199040 151370 196176 152655 197416 152271 196919 153834 199873 152631 197674 151520 196383 149017 192930 154404 200073 152887 198339 151626 196169 150590 194957 153908 199389 152575 198392 153462 198738 152933 197981 152685 197277 153368 198876 153303 198729 153257 198287 154663 200462 156329 202280 153386 198902 150511 194906 149398 193693 153489 199581 151134 196187 152508 197844 152524 197735 150509 195010 151589 196501 152812 198081 153148 197806 153548 199223 151675 196357 152992 197759 145666 188536 148641 192526 138380 179181 153665 198939 153139 198685 153400 199073 153513 199626 153427 198656 153314 198484 150849 195359 153527 199176 152676 198049 153274 198848 153312 198613 
152182 197136 153991 199230 153481 198557 148908 193270 152882 197951 154033 199682 155825 202532 153833 199113 153316 198739 155050 201124 154240 199940 151983 197322 154690 200501 151352 196478 146907 189816 152983 198101 154314 200214 155146 200543 154281 199615 153291 199013 146598 189318 154259 200315 154152 199833 153308 198347 154607 200375 140455 181795 153502 199193 153798 199322 153501 198912 154255 200112 153311 198755 153829 198910 152511 197483 145028 187529 151431 196541 153319 198742 155020 200608 153506 198433 149356 193097 153146 198489 153002 197479 153525 199336 153139 198650 151825 196395 153809 198986 153159 198034 153893 199617 154618 200550 153131 198680 155048 200716 
153620 198364 155137 201217 153635 199841 146468 189772 147767 191821 153233 198972 156151 202096 154860 200931 152265 197266 149455 193514 153148 198018 153990 199203 154728 200592 152899 198278 154011 199355 155484 201637 155700 201377 155552 201664 155280 201129 152372 197508 155110 201563 153644 199123 155532 201382 154124 200086 154567 199898 154582 200204 154797 200950 155571 201756 154088 199710 155526 201481 152642 197678 155437 201258 155412 201732 155238 201307 154107 200164 156766 203096 157342 204446 117853 152697 154272 199656 154581 200249 155072 200893 154507 200535 150430 194889 155087 200730 151501 196295 154042 199797 152996 197646 151680 196693 155120 201679 151262 195455 
149680 193778 155699 201483 154726 200039 155164 200711 153203 198242 154830 200101 155809 201894 117686 152276 154956 200764 152485 197608 151999 196815 155815 201659 154038 199066 155197 201205 155217 200982 154807 200504 155592 201595 157060 203637 154329 199474 153970 199036 156830 203695 155915 201536 155260 201694 149656 193774 157240 203924 156770 202794 140444 181829 155295 201685 157093 203603 156218 202514 154238 199888 154179 199576 154463 200166 157298 203702 153166 198721 154842 200230 156321 202650 153647 198650 155310 200993 156245 203112 155108 200318 157084 202931 155619 201709 155725 202074 154477 199906 155742 201340 152465 197582 149375 193786 158340 205557 155292 200848 
157333 203764 155313 201495 157997 204636 157085 203728 142124 184248 155225 200606 155936 202024 156641 202926 156642 203038 155012 201304 156114 202168 157737 204670 157646 204322 156934 203416 154653 199979 155666 201878 155963 201789 156842 203359 156539 202243 156837 203160 155077 200540 155278 200781 154353 199832 153688 198640 157147 203756 155768 201433 152572 197929 156143 202266 155970 201462 156355 202138 118965 154066 156329 202010 155931 201645 157058 203262 118186 152791 156798 202543 155573 201528 155451 201401 155887 201853 155177 200854 153923 199215 149073 193164 154268 199652 156292 202428 156070 202407 157020 203068 157868 204861 154098 199313 157136 203806 142622 185148 
157241 203781 156246 202591 154865 200117 156047 201773 157287 203954 156782 203756 156766 202525 157956 205169 157361 203792 153498 199016 154834 200043 157933 204679 155132 200819 158036 204178 157179 203602 156654 202575 156437 202473 155779 201509 153185 198235 151517 195897 156704 203109 156954 203296 156683 202411 153979 199435 155888 201465 157425 204071 158885 205517 157097 203491 155866 201230 156783 202675 156073 202579 157291 203618 157387 204057 159918 207378 157929 204757 154338 199503 157014 203636 156500 202198 158539 205572 157913 204200 120027 155502 157987 205025 158251 205825 157400 203821 157771 204742 156050 202465 157472 204144 155625 201521 158473 205423 155457 201626 
157711 203962 154735 200560 158852 206124 157713 204687 150348 194604 158901 206051 157709 204783 158313 205599 152419 197620 157966 203701 158844 206075 156248 202283 157754 204106 157637 204094 154764 200234 156322 202769 156430 202301 159051 206145 158953 205819 155535 201202 156002 201296 151582 196269 156463 202947 158971 205841 154354 199949 158675 205692 154289 200041 158103 204160 158048 205081 155452 201044 157155 203653 156287 202616 156538 202046 157154 203449 154726 200930 158925 205796 157499 204025 155488 201518 158545 205449 154851 200869 141388 183399 156285 202361 155984 202157 155975 202067 157919 204386 156836 203420 157505 203891 154960 200674 157779 204833 157591 204410 
158777 205450 160128 207528 158194 205027 157700 204238 157876 204381 159163 206385 157839 204571 157396 203852 158586 205834 158861 205588 159900 207215 155631 201418 154687 201184 159829 206929 158412 205171 156106 202553 161197 209063 157576 203291 159719 207093 158966 206400 158043 205151 159301 206246 157231 203996 159281 206095 158082 204391 158233 205466 155685 201758 159596 207257 157826 204652 159602 206864 159608 206625 159001 206077 160389 207675 158396 205358 157514 203631 156675 203186 159333 206556 135956 175953 157766 203846 159621 206788 158853 205936 158356 205327 160354 208269 157469 203834 160056 207368 156288 202717 150878 195797 159272 206612 156649 202436 159012 206093 
158628 205709 159993 206910 156779 203094 160155 207038 160131 207597 158873 206106 159826 207575 158817 206344 160462 207943 160486 208394 157631 203924 158923 206078 160369 207925 159194 205771 159965 207234 159527 206292 159017 206268 159144 206223 159162 206587 161816 210018 159338 206638 159483 206942 157669 204107 157905 204457 159962 207303 160226 207747 160706 208528 158773 206187 158806 205331 157520 203776 157953 204625 159849 207113 158944 206075 161198 209415 158576 205430 121489 157248 158394 205063 156917 203374 157694 204241 157693 204411 142628 185347 157520 204007 160470 208035 160379 207995 160484 207315 161168 209077 157959 204085 141946 184228 157766 204285 160158 207651 
160985 208200 161817 210304 161520 209960 160770 208636 121428 157477 157925 204427 160099 207288 160661 208636 160880 208914 158017 204263 156933 202579 160126 207562 145863 188557 159853 207316 159804 206359 159323 205978 160968 209344 159732 207300 161743 210231 157776 203913 160382 207844 159519 206737 158168 204700 157817 204208 159580 206547 161788 210211 158949 205419 158837 205590 159639 207182 160490 208047 158188 205189 160554 207914 158905 206114 159635 207234 146044 189117 159267 206340 160275 208009 160497 208327 152171 197178 159205 206148 154311 200146 160589 207508 162258 210352 160095 207559 160630 208163 160225 207519 161131 209207 160696 208458 161971 210276 158795 205172 
159373 206303 159257 205950 159250 206023 160504 207825 161298 209380 160063 207632 122730 159111 159525 206904 160512 208247 161291 209115 160779 208569 123375 160006 160145 208022 158052 204694 155642 201835 162201 210409 160094 207637 153032 198797 158357 205353 159317 206709 161483 209291 161211 208440 160815 208570 160868 208418 161539 209165 161172 208448 141573 183151 160473 208151 162392 210653 159862 207529 162230 210097 159611 206729 160392 207800 158401 205368 159499 206348 160690 208750 156172 201749 161742 209624 161008 208543 161607 208914 161700 209924 160028 207439 160944 208953 159060 205924 160386 207890 162502 210736 161966 209941 159099 206423 122322 158696 159347 206672 
158522 205327 163370 211928 152908 198214 161578 209393 162740 210681 160234 208213 160848 207998 161949 209339 161849 209083 162220 210038 162817 210800 161703 209359 161221 208422 161931 209674 160352 207894 161772 209632 161118 208360 161144 209009 163315 211737 162929 211289 162554 210756 161982 209945 158195 204776 163435 212106 162211 210536 164023 212662 163151 211559 163172 211510 162634 210546 162425 210056 122438 158911 160864 207947 162550 210818 160432 207549 160517 208135 160345 208064 161765 209616 164214 213317 155339 201354 161742 208879 162167 209867 162196 210612 161979 210242 159782 207115 160762 207610 158450 205688 161384 208960 161970 209863 160393 207977 146219 189088 
162408 210228 163119 211326 162462 210516 162812 210732 159859 206887 161966 209230 162976 211454 162807 210779 159580 206406 161675 209231 162616 210291 162824 211371 161457 209562 157680 203972 160717 208133 158670 205684 160882 208173 164248 213361 162451 210684 163463 211605 163050 211484 164084 213004 162766 211162 157834 204820 148123 191723 160060 207877 161814 209784 163210 211786 162900 211186 160958 208539 161395 209308 164263 212325 161116 208691 162391 210483 163523 212206 159722 206869 161844 209976 163703 212198 160501 207445 162545 210828 156095 202190 158482 205230 163609 212411 159090 206000 161431 209304 162793 210744 163070 211188 162635 210679 163385 211344 163162 211631 
163421 211662 162939 211306 164690 213324 163835 212195 163456 211774 164652 212819 165100 213845 161245 209292 148861 193076 163446 211515 164901 214132 164859 213385 162352 210514 163997 212580 162436 210217 146984 190301 163080 211846 161611 209171 164199 212486 164374 213091 163185 210922 162190 209894 165513 215082 163329 210959 164734 213538 164401 212671 165261 214218 164088 212482 163842 211978 164539 213451 163277 211048 163775 212444 162493 210643 162970 210840 164895 213590 164207 212484 163316 211819 165208 214212 164049 213177 164814 213737 164969 213390 162180 210425 163820 212472 163141 211316 162500 210238 164128 212307 163092 211151 163311 211056 161625 208957 162342 210688 
164310 212850 162691 210474 164556 213130 163780 212223 165107 214456 164609 212764 163074 211545 165023 213957 165258 213975 165376 214224 162692 210431 164355 212654 124831 161790 164955 213561 165298 214423 164681 213447 162745 210464 165117 214075 164884 213712 164031 212066 162496 210656 165134 214300 164330 213002 165153 213701 149277 193148 164603 213556 162099 209863 164267 212575 164721 213061 164861 213785 161402 208500 163680 212145 159832 206752 164649 213462 163528 211732 165085 213983 162131 209803 165204 214576 164889 213223 163585 211918 165118 214277 161424 208713 162903 211044 163748 212166 164062 212852 164777 214050 161755 209438 162567 210760 162633 210462 165051 214273 
164957 213909 165749 215064 164592 213740 125607 162659 160187 208057 159972 206912 166560 215330 166242 215267 123234 159864 165934 215063 162516 210577 165200 214484 163599 212054 164835 213811 167582 217605 163497 211773 166415 215883 165027 213689 163832 211792 163498 211999 164969 213297 165913 215284 167082 217364 165770 214863 164629 213879 166212 215543 165340 214671 165970 215384 158537 204923 159736 206671 163474 211660 166325 215460 164252 212876 165722 214998 165882 214382 164885 213860 161543 208925 165005 213830 159456 206379 148063 191848 166260 216212 164626 212793 164030 212127 166109 215397 162454 210482 166547 215760 164718 213760 165477 214077 167144 216959 166292 215528 
166454 215467 166276 215090 165645 213874 166598 215854 167823 217193 165819 214572 166422 215536 164917 214424 166334 214807 163540 211305 166552 216050 164670 213570 165649 215174 167293 216738 167080 216728 162392 210271 166350 215562 165683 214175 164902 213804 167315 216766 163448 211980 166054 215121 165177 213893 165735 214871 164868 213478 164801 213406 166944 215894 166281 215075 166906 216468 162703 210001 165202 213932 167219 217185 164878 214176 166879 216788 164082 212345 165194 213920 167041 216468 166699 215607 162393 210460 164053 212420 163909 212570 165712 214814 165753 214307 167824 217644 164416 212734 166649 216088 166723 215872 166564 215551 165561 214855 167170 216721 
167774 217727 166347 215929 164504 213028 167862 217638 168713 219118 165842 214807 168076 217187 163860 212303 166445 215570 168383 217986 164114 212531 163426 211466 165917 214699 164095 212502 165730 214791 166671 215710 166474 215412 156966 203336 166912 216147 167597 217099 166323 215854 166910 215944 166164 215578 165600 213988 164740 213240 166889 215882 166375 215984 163335 211447 166339 215067 167311 217164 165601 214667 165700 214599 166011 215044 164094 212516 167126 216829 166732 215996 165108 213644 165618 214784 167009 216541 164851 213359 165535 214964 168607 218675 167711 217170 163178 211687 164588 213426 164097 212559 166181 215659 167048 216156 166473 215728 166956 215975 
165866 214950 167099 216601 168460 218208 164529 213334 162383 210630 168881 217908 167361 217144 168469 217827 167705 217151 165162 213534 167385 217298 167376 216513 168541 218012 168567 217865 168635 218647 168198 218087 166623 215950 166559 215771 168892 219276 168733 219064 166394 215338 167955 218006 166468 215896 167135 216765 169003 218878 169042 219436 165676 214899 166986 215831 167955 218193 167849 217610 166667 216132 166735 216228 164903 213922 168575 218838 169252 219736 165506 214868 167504 217402 167345 216454 168020 218093 167609 217376 166616 215949 168791 218435 164734 213614 167678 217581 166860 216490 169562 219900 168220 218318 167777 217135 168601 217932 167183 216611 
170601 220680 167491 217030 168855 219313 152586 197766 167522 216766 169911 220206 169627 219562 167655 217364 168826 219052 167303 217058 167186 216166 169337 219406 166333 215401 167052 216017 167047 216272 170017 220425 167330 216787 165583 214672 166493 215263 128444 166574 169046 218835 167770 217477 167810 217293 168446 218910 167569 216806 167866 218013 169245 219581 167596 216877 168393 217886 168119 217830 170211 220870 164646 213127 169808 220139 161078 208740 169058 218862 167441 217110 168371 217909 170017 220243 168667 218932 167026 216458 168671 218290 170183 220319 167372 216864 168444 217865 162152 209455 167645 217233 168714 218579 167958 217525 166838 216175 168786 219137 
170274 220803 166259 215264 169745 219743 170926 222176 168503 218285 168983 218760 166400 215410 170642 221471 169170 219152 165854 215160 167837 217420 129123 167421 167717 217873 168873 218813 169422 219053 170753 221612 167020 216403 169017 219486 169908 220294 169730 220341 161417 209300 170810 221436 170933 220987 170097 220055 166616 215740 170085 220566 168899 218790 168530 218676 163286 211384 170750 221227 170285 220952 166446 215543 167787 217207 169885 220311 167396 216805 166018 215037 167124 216447 167847 217139 169393 219781 165962 215075 169854 220151 168296 218260 168953 218604 169091 218345 170679 221495 160804 208030 170269 220689 170521 221110 167437 216615 169491 220088 
171161 222052 169098 219296 169725 220046 171226 221986 169497 218921 169922 220014 169143 218671 168947 218993 169557 219746 169764 220091 127431 164965 166901 216141 171260 221513 167853 217450 164106 212309 170976 221832 169990 220033 167078 216134 165682 214485 169092 218825 170339 219952 167418 216635 170654 221130 169515 219647 170628 220694 171637 222857 168776 218443 167860 216791 168888 219079 171310 222352 168204 217991 170154 220393 168109 217441 167585 217243 171619 221686 168920 219017 169250 219348 169981 220604 169416 219667 161520 208968 168593 217938 169767 219779 168793 218616 168623 218316 171141 221996 169454 220159 170633 221004 169777 219656 165571 214466 129831 168209 
170249 220578 169397 219791 170285 220388 171859 222843 170477 220942 170342 220883 169394 219407 169958 220264 172488 223128 168501 218559 171330 221648 170125 219868 170145 220366 167224 216528 171113 221089 170893 221786 167288 216961 171984 223051 172279 223590 169755 219141 170976 221225 169914 219829 168773 218025 170132 220689 169706 219626 168395 217751 171482 222352 171070 221676 169271 218942 168876 219015 170441 220724 170303 220473 171538 222392 163323 211825 171353 222686 172024 222639 172366 222863 167307 216822 171626 222409 168480 217811 172602 223662 171417 221960 169266 219039 169684 220211 170356 220255 169392 219809 171672 222049 170694 220956 170841 221678 170580 220720 
170405 220674 172649 223386 169778 220437 170387 221123 172710 223413 172847 223978 170429 221053 172096 222955 171320 221639 172746 223935 164235 212489 172895 223478 172092 223208 164845 213480 170927 221736 164475 213220 170514 220592 171724 222332 171672 222804 172270 223071 168258 217758 172188 222668 172906 223482 170957 222205 172644 223528 155523 201600 169437 219626 170700 220935 172326 223353 170626 221038 172444 223460 172275 223606 167557 216930 171354 221930 172753 223715 172132 222486 171002 222060 172363 223424 169528 219637 159058 205797 171063 221297 166182 215353 173735 224951 161577 208731 171776 222897 170966 220733 169638 219328 131113 169622 171140 221306 172418 223025 
173874 225266 167976 217335 173421 224655 174094 225714 171482 222097 171736 223001 170404 220983 171141 221988 157366 204429 171759 222625 170158 220269 174282 225241 171638 222331 171075 221686 170073 220140 171468 222779 172691 224223 168609 218331 172446 223504 170696 221776 170935 221725 173318 224361 173217 224452 172612 224051 172287 223561 169489 219139 168472 218452 169753 219977 130577 169135 171840 222139 170449 220692 172459 222883 171205 221330 174706 226495 172128 223040 130927 169409 173964 225484 173219 224925 173057 224353 171625 222500 172668 223206 172864 223900 171727 222296 172507 224035 170615 220751 174300 225168 169406 219094 170085 219921 173110 224158 170787 221705 
171961 222999 174838 226136 172611 223693 173726 225288 174973 226883 173558 224466 171459 222037 172086 222491 172767 223505 173970 225503 171948 222332 171629 222408 173772 225224 165437 214010 165092 213382 171720 222238 171242 222349 172480 223790 174901 226532 173050 224534 156803 203121 174273 226059 167910 217312 173288 225026 172517 223441 173572 224553 170748 220657 172758 223958 174562 226251 174797 226684 174798 226469 173271 224889 173136 224363 171319 222085 172397 223674 171713 222416 174349 225876 171843 222659 172761 224107 173733 224686 173254 224262 173386 224358 173777 224472 175162 226789 172142 222883 173163 223626 174150 225696 172171 223244 174980 226571 175173 226806 
176230 228334 173812 225559 174452 225706 165197 214046 174333 226093 174512 226289 175189 226666 171988 223248 175578 227606 172092 222566 171907 222792 173892 224987 171207 222086 173365 224940 175019 226595 167213 215883 174910 226222 175298 227374 173772 225207 165290 214808 175281 226959 173321 224650 175377 226919 171154 221467 175192 226972 175351 226776 174444 226079 173732 224759 173285 224350 173206 224201 174631 225984 171711 222353 175930 228525 173294 224852 173241 224784 173060 224692 174818 226315 174767 226299 171862 222508 173634 224872 173748 224499 174069 225506 171778 223096 176602 228682 174344 226023 173250 224716 170670 221043 172715 223417 170930 221429 174660 226924 
174840 226164 171798 222981 174922 226633 174696 226488 157597 204205 174270 225847 174816 226781 173986 225095 174071 225479 175013 226759 175520 227109 172975 224192 175064 226997 173181 224269 172332 223445 170711 220449 172426 222877 175090 227001 173097 223681 170858 221069 173959 224806 177236 229741 174103 225542 169568 218769 173316 224435 173030 223861 174040 225105 176263 228611 172559 223295 173827 225551 174589 225854 171448 221878 174598 226629 176754 228726 174675 226364 174976 226761 170646 220942 133314 172843 174625 226345 176015 228292 174137 225237 173711 225178 174527 225694 176485 228803 171807 222895 176602 228984 174733 226461 175125 227291 173342 224457 175480 227329 
178549 230595 175926 227678 175553 227482 176908 229597 177702 231056 176423 228574 173058 224235 175518 227275 175764 226844 175759 227475 176676 228896 175782 227977 176670 228612 175937 227853 173228 224518 175580 227517 176201 228592 175621 227315 173663 225002 160237 207805 176254 228551 175178 227007 174142 224707 175565 227836 174481 225316 174368 225260 176105 227908 175662 227786 176219 227766 175763 227750 176263 228354 176030 228302 174561 225713 174992 225912 173431 225389 175318 226947 173849 224727 173971 224616 173817 225000 173530 225061 172565 223669 175002 226262 175692 227376 174594 225628 178343 231129 176530 228768 175292 226829 175138 226990 174220 225943 174871 226332 
168296 218062 173349 224162 177186 229869 176653 228870 178018 230884 176287 228278 175457 227307 175027 226786 173564 224106 177604 230082 177198 229493 174812 226519 176944 229391 176053 228493 177057 229619 176638 228905 177216 229935 172852 224165 176351 228703 175279 227069 174749 226538 176402 228519 176741 229513 176956 228939 177137 229777 177758 230193 176366 228515 177874 230740 176995 229548 178052 230277 174203 225491 177289 229884 176386 228427 176524 228108 176091 227854 168888 218445 176837 229261 176947 229404 175810 227350 177672 229650 176034 227716 176264 228694 173559 224315 160924 209181 168165 217736 175360 226770 176694 228608 175338 227044 176339 228189 177560 230028 
178623 231593 178310 231330 178212 230586 177828 230306 176898 228672 173328 224618 174889 225954 177081 229680 159897 206871 176394 228596 177278 229400 176797 229336 177801 230300 175048 226404 177252 229426 176674 228532 177799 230623 174367 225796 173984 224989 178008 230497 176602 228558 174279 225367 176073 228309 177965 230218 178899 231394 179684 233341 175354 227327 175796 227548 178491 231431 173574 224562 178761 231543 177145 229917 175808 227857 176445 228179 176667 228229 177732 230381 176790 228857 176976 229037 172323 223390 177687 230803 177058 229127 175709 227436 176203 227361 167842 216886 176746 228785 176967 228522 177632 230760 175025 226189 176850 228529 177906 230401 
177241 229436 176685 228803 179134 231980 178325 230422 176258 228761 178272 230447 178836 230607 176808 229434 176795 229117 178032 230042 175797 227520 177707 230383 178816 231523 177086 229691 178824 231252 178219 230830 177924 231054 178270 230822 178682 231854 176926 229593 179189 231761 178077 231197 177890 230524 175853 227451 179809 232578 134414 173626 177636 229905 176661 228995 178864 231462 176971 229153 178200 230531 179480 232833 175635 227988 178999 231341 174348 225418 177511 229686 160544 207806 176683 228810 177819 229932 178469 230555 179159 232365 178457 230932 177402 229973 178523 231311 177168 229203 176049 228099 176650 228921 178184 230925 179571 232448 179447 232700 
178860 231948 178403 230568 179109 232114 179015 231460 181192 234767 179940 233062 178807 231225 175021 226615 179699 233205 178145 230698 179170 232453 178794 231759 178778 231616 177636 229679 177530 230411 180411 233886 178095 230532 181210 234937 177384 230617 178387 230987 177161 228948 178068 230725 178462 231182 177574 229699 180405 233421 179381 232450 175995 228251 180140 233796 179051 231592 179538 232562 180928 234378 177701 230399 180022 232930 135014 175063 177204 229392 178864 231726 178615 231435 178256 231266 176080 228335 175204 226936 179186 232221 178511 231335 176479 228817 179258 231702 161576 209623 172417 222863 178496 231216 178001 230587 180566 233971 176969 229554 
181073 235082 178805 231650 178211 230580 180094 233547 180279 233872 180145 233421 181168 234449 179670 233150 181304 234683 179234 231979 181404 234870 178896 232091 136559 176485 177409 229720 179115 232121 178968 231835 177684 229690 177142 229332 177988 230517 177727 230116 170266 220449 179629 232815 178695 231183 180912 233951 177842 230265 167675 216604 180254 233824 181164 235158 181111 234313 181467 235728 180318 233449 180266 232952 179696 232066 177853 229710 178399 231023 181868 236062 181660 234975 178470 230886 179079 231696 179732 232196 181458 235315 179113 231884 179642 232009 178089 229949 181013 234747 179960 232697 179994 233263 177382 229663 179807 233174 174435 226064 
178285 230051 177134 229116 181336 234899 182728 236551 181651 235265 181238 235141 178800 231724 180043 233711 180116 232925 178918 232051 181361 235047 161624 209566 179632 232596 181304 234838 180326 234215 180146 233430 180549 233808 180063 233051 179660 232079 175111 226971 181226 234952 181557 235270 179247 231901 180572 234221 180359 233699 175553 227339 179486 232646 178367 231184 179488 232211 178621 230914 180128 233691 178100 230773 179758 232553 182255 236239 181037 234121 182640 236413 177027 229188 180275 233334 178960 231484 179468 232277 182466 235919 180985 234712 180646 234170 181165 234751 175440 226928 179647 231813 181668 235097 181376 234929 175553 226771 180947 234298 
181359 234776 181470 235311 179898 233046 181573 235412 173202 223903 180532 233910 183387 237959 181945 236013 180762 234259 181179 234254 179238 232100 180493 233286 179917 232508 175739 227642 179986 233235 176674 228307 180902 234422 181938 236018 180309 233361 181516 235038 181000 233686 181482 235198 178641 230772 177201 229588 181680 235644 180563 233836 183421 237706 181165 234336 178600 230713 181656 235510 179934 233115 180693 234294 179155 231982 179859 232920 180370 233022 180609 234286 180562 233222 165092 214005 182636 236566 180196 233484 181799 235321 182407 236656 178426 231043 181239 234466 182581 236469 182598 237396 183141 237507 182279 236214 181934 235789 174136 225543 
173230 223825 181337 234746 182060 236059 182040 235887 181425 234668 171152 221725 181771 234826 181614 235255 183185 236780 179644 231920 181518 234985 182189 235441 181903 236225 180493 233397 182253 236025 177912 230225 182251 235533 183739 237973 179856 232618 182987 237092 179903 233351 183120 237711 182720 236569 182459 236370 184269 238152 182458 236458 180553 233697 182427 236808 179611 232283 165084 213409 183382 237347 180956 234037 181959 236156 183212 237733 182387 236589 173709 224715 183474 237596 183721 237557 179273 232093 182220 236107 182400 236392 181590 235465 182291 236524 182496 236286 180017 233207 178556 230955 180767 233598 181251 234866 181471 234904 181153 234601 
182225 236362 183206 236849 181862 235630 180027 232766 179970 232775 180297 233556 179493 231651 178282 230999 179891 233446 181632 235313 179231 232278 183964 238802 183408 237415 183829 238366 181983 236112 181877 235943 179219 232165 181405 234412 179912 232863 183721 237816 184583 238839 182954 237106 184174 238427 181702 235634 182989 236976 181650 235128 183059 237150 183917 238346 181523 234670 182698 236142 181704 235253 183847 238195 181633 235020 180129 232890 183001 236604 183417 237445 183218 236984 183881 237748 183253 237360 184850 239651 182877 236964 184245 238307 180850 234023 183032 237118 181876 235806 184722 238753 181908 235543 183606 238417 183051 237065 182799 236859 
183634 238031 183764 237574 184009 237758 166442 215864 184232 238610 183747 238105 182469 236050 181899 235627 184667 239133 183546 238073 180791 234186 184643 239390 177189 229070 183712 237846 180013 232657 184180 238812 184543 238678 183794 238546 182510 236168 185528 239986 184189 238309 181717 235066 184414 238570 184025 238388 184832 239693 184763 239850 184085 238262 185309 240736 183436 237564 184570 239501 184152 238948 185901 241715 183984 238357 182043 235852 182200 235752 184288 239172 184679 238478 183070 237129 183890 238021 182427 236455 183802 238239 182104 235784 184474 239177 182869 236882 181081 234732 182331 236015 182226 235961 184213 238933 182682 235934 185264 240135 
183298 237456 184981 239841 186373 241326 186614 241675 183979 238409 182292 235950 185536 240494 184104 238396 185249 240024 182842 236649 184893 239386 186453 241863 183472 237990 177039 229301 164518 212710 184050 238164 185131 239737 167471 216769 183789 238091 180863 234466 184940 239555 185645 240548 184207 238743 185495 240222 180238 233594 182505 236704 184906 240047 185334 239143 178607 231139 184785 239825 183419 237366 184449 238979 185624 240224 181671 235019 180793 233668 183341 237690 184198 239083 186331 241703 171500 221634 184469 238191 183678 237507 182631 236523 166587 215897 184296 238645 180840 234372 186769 241739 183854 237657 183817 238009 183931 238349 184551 239275 
183825 238030 185975 240608 181598 235913 186082 240613 183778 237763 184881 238828 184230 238125 184816 239577 186853 242159 183325 237258 185910 241238 186129 240933 182837 236669 186073 240302 164611 212690 187769 243207 185075 239664 183777 237530 185469 239829 184287 238357 187563 243283 185337 239969 185524 240315 187597 242685 185793 239957 185759 240855 184289 238235 184725 239420 186600 241278 184678 239593 182214 236026 183283 237486 186903 242340 183895 238236 186388 241228 184281 238798 184151 238415 181858 235656 185801 240658 185048 239472 183392 237681 179493 232096 184821 239461 181413 235161 173607 224692 184050 238099 183532 238006 183036 237020 184729 238852 186885 242211 
185936 240609 184003 238174 187256 242524 187414 242535 186523 241821 185080 239604 187215 242998 186392 241050 185517 239143 185533 240662 141331 182660 187511 243173 185676 240302 185038 239396 187103 241744 186136 241403 186645 241612 187586 242824 186994 242044 183743 238143 185583 240033 186963 242438 187717 243048 185099 239928 186168 240586 186539 241996 185436 239689 186781 241990 183671 238564 184650 239506 187453 242365 187614 243151 183672 237474 181399 234972 185798 240491 186007 240517 183705 237823 186466 241459 186387 241562 185486 240405 187333 242613 184866 239031 185102 240049 187386 243496 182946 237325 186512 240629 185498 240140 187706 244092 185529 241089 183697 238131 
187607 242878 189223 244914 183625 237798 187357 242588 186481 241709 186543 241011 186111 241008 185975 241053 187645 243372 169428 220021 188154 243527 186042 240765 169721 220180 187687 243081 187364 242948 185637 240737 186498 241561 187999 243138 183190 237652 187570 242715 186522 241546 187515 242932 187438 242193 186801 241797 184902 239150 189070 245411 179246 232584 187947 242551 188082 243695 185615 241213 187704 243275 187610 242926 185610 240399 186790 241395 187576 242819 187973 242954 186435 241605 187313 242456 188868 244821 188202 243934 188015 243470 170635 220672 187504 242712 187176 242770 188165 243567 170697 220893 186249 241481 189065 245360 186176 241060 186071 241027 
188775 244399 188278 243213 188493 243683 188233 244350 189847 246153 180349 233536 189098 244979 187910 243478 191138 248156 188946 245288 186401 241257 188884 245044 183254 237286 189385 245075 181787 235123 187547 243144 188191 243670 187557 242759 188991 244515 186474 242031 187617 243441 187791 243074 186873 242773 186621 241544 185300 240123 185825 240917 188296 243216 189168 245671 189678 246142 187343 242475 184304 238513 188468 244391 186470 240811 185970 240878 187812 243100 187680 243222 185817 240541 188986 244617 188927 244262 188856 244600 188504 244055 188470 244561 187666 243296 185180 239478 188509 244505 188243 243751 189157 244378 179402 231921 188011 242972 184497 238676 
190067 246252 186672 241303 187325 242352 181986 236219 186090 240572 188889 244547 190901 247198 190585 247172 187040 241876 189514 245666 188654 244479 190049 246265 183256 237274 189552 245293 186814 242109 186507 241359 188119 243619 189127 245464 189227 244952 189251 245308 189344 245040 188826 244405 184625 238677 188706 244037 188102 243303 186998 242077 189326 245322 186172 240896 190033 245900 190613 247166 187836 242833 188384 244705 189008 245146 189930 245789 189191 244775 188994 243754 185362 240054 189646 245084 188063 243180 187630 242856 185100 239657 189824 245419 186852 241404 190748 247364 185948 240820 189363 245766 186952 242054 189890 245201 190125 246355 185753 241051 
187702 242848 184392 238900 189477 245247 190319 246865 189770 245909 187170 242277 187618 242873 191371 247841 184828 238987 188690 244219 188646 244337 190526 247059 190273 246609 188882 243723 185219 239756 186657 241265 189225 245081 190757 246855 178631 231370 189523 246240 190162 246175 189624 245464 187917 243145 190359 247312 187841 243116 190140 246420 189175 244428 191462 248174 188235 243255 186849 242151 188641 244392 184337 238842 187107 242163 189074 244911 186548 241185 185167 239765 143099 185340 187212 241962 185874 240070 188459 243583 186027 240815 188512 244478 186445 241192 188060 243587 191541 247416 189657 245607 190215 246383 188299 244049 184540 238795 189797 245911 
183177 236467 190310 246940 188459 243409 191028 247359 189654 245363 192932 250764 190413 246245 190731 247240 190793 247378 191533 248022 187607 242371 190862 247388 184011 238613 190136 246423 188702 244241 190247 246212 189520 245143 186675 242067 190022 246188 184335 239210 190460 245911 189978 246762 191135 247426 192070 248895 192250 248856 191879 248171 189476 245645 191447 247480 190718 247050 190348 247193 189752 245926 192199 248440 191259 248328 189788 245944 189034 244264 192041 248025 190726 247732 190947 247239 191493 247594 188259 244214 188528 244070 191258 247875 188935 244614 189460 245482 190886 246729 189687 245857 185658 240338 192142 249320 191358 248598 190697 247502 
187880 243101 189285 244648 188897 244727 189798 245800 190953 247191 190966 246687 191893 249035 189859 245166 187784 243272 193880 250984 189683 245877 190634 247048 191370 247827 181236 234461 192231 249345 187439 242311 193782 251680 190836 247544 191681 248349 193071 250240 190337 246756 191838 248493 191518 247575 191966 248477 192177 248287 190899 247447 185648 240888 190890 247079 191763 248020 189397 245695 192285 249889 187879 242611 192213 248665 191481 248375 186699 242158 189706 245343 190876 246409 193509 250910 190855 246859 185166 238448 192324 248481 185911 240577 191904 248849 191853 248834 191583 248056 190263 246736 191274 247499 191114 247517 190202 246440 190865 247594 
190678 246946 192588 249142 192033 249566 192279 248615 190419 247193 191072 247442 191490 248375 189535 245512 192381 249109 193081 250324 193246 249997 182314 235603 192503 249078 189344 245439 189485 245647 190358 246817 191233 247493 190727 247664 189750 245081 192162 248734 189615 245793 192349 249535 192909 249827 191177 247537 191426 248003 182469 236178 192377 248274 191202 247968 191344 247389 191684 248238 189225 244518 193009 249957 193049 249759 192950 249827 191343 248541 192307 248793 193095 249585 187134 242142 192143 248417 192133 249451 191882 248482 190084 246378 190909 247602 192852 249528 191711 248143 190223 246154 190886 247408 192240 249466 191118 247908 190243 246768 
191763 248197 193329 250326 192672 249943 191714 248155 192698 250275 192371 249118 191766 249110 190740 246418 189903 245725 193613 251063 193460 250305 190740 247256 194586 252572 188760 244614 192078 248684 194579 252077 193236 250910 193666 249849 193782 251727 191934 248792 190956 246941 192169 248347 187889 243422 190582 247488 194810 252647 191091 247616 192459 249389 191901 248261 192687 249989 192647 249630 192925 250182 191036 247352 190815 246917 194177 251434 190863 247071 193293 250865 191403 247236 190966 247363 192198 249529 193306 250436 185111 239365 195336 252551 187944 243413 193658 251039 193772 251421 189384 245073 191362 248300 195391 253352 194414 252372 192187 249270 
190377 246424 189372 244897 193874 251739 195298 252743 192740 249496 194153 251759 194297 251159 190923 247358 192199 249084 195463 253217 194017 251117 193359 250621 191517 247828 186037 240593 190568 246595 193708 250467 191653 248159 193965 250812 191222 247951 193845 250883 191949 248959 191358 248053 193574 251085 192768 249530 192821 249868 194197 251028 184486 239000 193395 250191 192894 249614 193299 251094 195484 253556 192872 249621 191306 247533 192531 249506 195761 253107 192468 249641 190402 246340 194678 252766 194371 251868 192999 250035 184730 239440 182406 236293 193571 251005 195061 252304 194402 251930 193420 251020 193022 249733 195234 252407 194224 250996 194254 251805 
194146 251091 194259 251654 194610 252027 192830 250161 194852 252517 194643 251877 193939 251245 192348 249219 194850 252520 174555 226032 192989 249704 195795 253874 195853 254130 194566 252285 194542 251839 194726 251876 193382 250102 195749 253501 196252 254000 191932 248567 196215 254175 193047 249923 195337 253545 194307 251469 196022 254292 189430 244647 195350 253152 194445 251244 194570 251816 191097 246960 196529 255213 192884 249909 187388 242754 177941 230636 195864 254158 185648 240295 192096 248505 194255 251643 195916 253728 194628 252058 192385 248915 194458 252096 189843 245933 196584 254765 193602 250745 195555 253258 194846 252924 194457 251001 193629 250281 195338 252674 
194475 251926 193421 250598 194591 252144 193522 250485 192333 248819 197612 256142 195615 253564 195979 253284 197626 255722 194441 252193 193287 250754 194503 252244 197015 254784 197436 256017 195676 253207 194954 252907 194923 252247 196800 255040 195609 253341 195541 253277 194693 252180 194758 252124 195196 252400 194947 252272 196089 254161 193788 250968 190626 246525 173736 224619 194670 252109 195046 252895 195761 253094 192856 250018 197024 255269 195872 253902 194127 251001 195888 253902 195841 253903 193847 251272 196382 254508 195925 254215 194382 251954 196017 254063 194492 251699 192740 249071 189814 245710 188790 244440 196791 254560 194806 252377 193310 250523 194679 251811 
194053 250968 196999 255132 196144 254567 196939 255351 193015 250611 194641 252171 195934 253861 197534 255730 195533 253044 196429 254251 194909 252430 192710 249752 190402 247088 194800 252822 194689 251849 195404 253251 193785 250696 192885 249457 196284 253872 191445 247485 197024 254697 193937 251154 197098 254747 195299 252453 196920 254809 197104 255311 195223 253286 194584 251394 196084 253427 194628 252108 193384 251140 149337 193378 195563 252547 195942 253981 191041 247491 195849 252933 196569 254403 194979 252999 197121 255404 186873 241897 196673 255163 196115 253919 196035 253993 198410 256682 194619 251786 197550 255412 196297 254262 194361 250961 194612 251755 196082 253390 
198184 256960 195847 253689 195706 253213 188837 244783 198913 257811 189016 245236 195751 253715 195948 253832 195252 252825 197886 255855 195831 253560 196666 254775 197506 256364 197693 255457 197637 255973 198410 257198 196277 254059 197745 256141 197676 256289 194772 252399 196543 254828 197570 256604 196858 255357 198030 256028 196441 254222 198228 256677 196941 254270 194807 252184 196216 253640 196065 254649 196210 253583 194350 251552 195878 253969 198767 257150 197945 256863 196769 255533 195655 253502 198183 256864 193304 250086 198486 256740 196399 254253 194187 251352 194329 252227 196134 253518 195515 253350 194511 252040 197686 256000 196363 254666 197057 255629 197489 255167 
197299 255934 191417 247653 194530 251527 198018 256810 199281 258010 197811 255978 193664 249840 197664 255987 197696 256249 195147 253132 197107 254832 197298 255405 195033 252840 195679 253170 197614 255703 194028 250676 199342 258473 197310 255933 199393 258148 195124 252724 197053 255120 195325 253022 193759 251945 198631 257343 198996 257781 196604 254584 197810 256826 195269 252924 199267 258035 150032 194525 197277 255661 197389 255716 196634 254914 197605 255886 197743 256703 197977 255986 198457 257279 198784 257695 195807 253468 197487 255341 196729 254046 199599 259091 196312 254341 187933 243047 188649 244117 197415 256146 148540 192449 180299 233716 198381 256276 198674 257415 
198103 256469 197563 255813 198111 256829 197900 255927 199792 258477 199490 258403 196260 254223 198806 257381 196237 254113 198510 257296 197660 256169 195903 252988 195756 253581 196977 254470 199293 257765 198296 256506 198370 257039 198753 257802 199632 258979 200075 258910 199283 258860 199327 257851 199382 257583 198262 256277 198917 257385 197320 255995 198029 256542 199971 259275 194583 251654 197988 256136 197085 255156 199088 258269 194471 251406 197793 255918 196103 254083 197327 255382 194477 251440 198285 256762 196774 254381 198758 257751 196792 255330 198826 256668 196401 254573 189707 245729 196174 254290 200742 259872 189680 245799 199293 258168 199152 258201 198129 256096 
197461 255728 191883 248782 197407 255545 198333 257033 199591 258639 200802 259835 200519 259637 199236 257954 195181 252490 199406 258263 199667 258682 198211 256953 199903 259030 198598 257924 199640 258050 201318 260615 198363 256211 199554 258682 198244 256444 200641 259986 199740 259095 197292 255132 197945 256043 201294 261399 201018 260655 199815 258889 200526 260430 198917 257686 199408 258691 201787 261976 199225 258321 197102 255268 201533 260682 177900 230553 199250 258491 199765 258281 195918 253469 198138 256652 199315 258038 199501 258648 197670 255634 201121 260480 196569 254580 199839 257788 199071 257367 199092 258012 200778 259795 192691 249411 200467 259021 199656 258133 
201657 260554 199031 257662 202835 262797 201562 261375 198224 256925 200062 259887 199811 258360 202771 262602 181594 235390 199615 257930 199722 258562 200878 260500 201137 260161 190171 246053 151202 196080 202207 262193 195486 253267 199961 259608 198762 257304 202241 262004 202627 262657 194817 252381 201361 260321 201801 261339 192948 249515 199627 258513 200739 259972 201309 260879 200013 258869 198036 256112 197528 255689 200991 260066 200553 260240 198826 256968 201929 261189 200406 259421 199862 259034 197371 255636 199906 258821 201697 261409 199150 257674 202283 261875 202238 262398 202587 262308 151522 196145 191403 247463 199997 259034 151143 195644 196522 254732 199882 258593 
201227 260645 200266 259250 201085 260947 197641 255716 196124 254412 198765 257251 198196 256724 201861 262217 199607 258328 202065 261963 191449 248041 200175 259697 200929 259557 197782 255923 201129 260765 201075 260742 201483 261088 200242 259070 202093 261637 198647 257160 200063 259221 201350 260897 200138 259149 197241 255423 200906 260955 202643 261985 201142 260323 200227 259010 201699 261405 200041 259317 202347 261689 196497 254095 199515 258206 202049 261284 199348 258087 200260 259802 201455 261715 200458 259332 189657 245633 198962 258056 201263 260740 202641 262948 198078 256920 201804 261049 202034 262082 199736 258757 181349 234884 201986 261437 201487 260960 202378 262339 
203132 263046 201471 260854 203611 263183 200255 259218 203362 262869 201833 261933 201851 261882 195821 253014 196238 254074 202440 262897 201031 260541 201004 260747 203468 263361 201915 260963 193051 249659 200142 259661 198436 256638 200507 259234 202304 261689 200445 259958 203044 263090 199221 257904 201391 260698 201239 260596 199388 257845 203957 264735 202830 263154 200906 260521 201867 262371 202236 261980 200690 260107 202665 262259 202323 261916 199800 258020 199720 258213 200617 260159 201856 260989 203479 263675 199341 258218 199180 257629 199980 258531 202653 262567 202794 262756 200171 259638 183426 237239 200138 258850 199443 257446 202466 261788 202396 261694 198292 256944 
201341 260972 204818 264632 205247 265918 201869 261164 202547 262841 202665 262953 201790 261365 202109 261711 203531 263787 204262 264896 200789 259953 203837 264104 203259 262576 203527 263970 202363 262037 204494 265724 202629 262762 201286 260943 204043 264257 203605 263759 202491 262070 201447 260783 204087 264458 201718 261238 202078 262095 202892 262619 200423 260002 203310 263719 198162 256891 201102 260496 200455 259393 201571 260795 204429 265172 202282 261824 204809 265548 203644 264022 197241 255636 202770 262344 201962 261402 201504 260811 198938 258033 202664 262151 201602 261190 202173 261575 203106 263518 203056 262484 200975 259879 204005 264591 201471 260272 199867 258535 
203471 263325 199107 257596 203383 263726 206083 266771 195132 252530 203271 263161 202580 262124 197299 255070 196515 254066 201843 261281 202391 261758 198799 257178 204287 264106 205529 266057 203809 263981 203568 264006 202759 262511 200602 260018 204558 264993 203865 263757 205203 266609 203707 264372 202172 262328 202805 261923 202609 262961 202858 262907 203044 262795 203176 262961 202400 261850 201981 261721 203444 262813 196742 255745 204742 265146 204623 264525 204125 264405 201406 261124 204074 264321 203189 262986 205559 266408 203414 263592 203579 263920 203929 264296 203752 263979 200851 260155 202708 262061 203376 263368 205111 266474 203786 263237 200997 260477 203784 263785 
204685 265351 204997 265416 203560 263698 201707 260641 206002 266602 203920 264863 203552 263349 206187 266696 204385 264776 205583 266403 205056 266283 203142 262880 204070 264108 197390 255732 203496 263918 203598 263263 200193 258887 204687 264658 203802 263712 205662 266310 199717 258742 204766 265542 205838 266596 203598 264087 206338 267344 203338 263573 202637 262397 200002 259108 204510 264685 205318 266092 205232 266408 200878 259586 203394 263301 200046 259330 205402 266149 203630 263843 204371 264357 201972 261063 200982 259867 204197 264110 203936 264370 204690 265664 203325 262915 205367 265980 204121 263702 205162 266233 204244 264260 204892 265031 203284 263617 201766 261200 
205143 265506 205158 266524 204878 265120 205947 266763 206402 267025 205057 265487 205627 266086 203547 263736 203986 263858 203444 263497 203522 262868 196053 253745 204322 264444 204839 265431 201743 261224 203233 262916 207520 268845 202330 261419 204372 264093 204278 264749 204616 264875 186664 241376 206674 267751 204362 264594 205595 265952 204263 264942 206157 267388 203011 262912 206497 267276 205482 265613 207048 268210 205623 266206 206095 267413 206198 266738 203429 263878 205030 265223 197850 256341 204499 265115 205140 265201 204700 265131 205420 266186 203998 263345 203500 263684 207387 268790 204969 265920 204758 264913 201121 260932 204691 265294 205069 265982 204925 264941 
206283 267237 204191 264790 206677 267427 195331 252612 204431 264651 205713 266093 201946 261272 204914 265308 203251 262738 203564 263580 206378 267990 203278 263875 207358 268756 207887 269685 206276 266913 204965 265275 205240 265256 206253 267165 201452 260342 207266 268395 206236 267343 206724 267790 206414 267319 209027 270393 207251 268337 205818 266808 181920 235347 207419 268690 206484 267433 205921 267034 205960 267076 204298 264547 204968 265346 205889 266634 206999 267561 207592 269237 205651 266292 205920 265906 188072 244218 206427 266987 204291 264266 203631 262536 206516 267515 208073 269459 203839 264040 202161 262210 204035 264369 203260 263468 203735 264107 201565 261058 
204995 266030 204803 265296 187404 242758 207218 268634 153949 199512 206558 267980 207530 269189 205302 265831 205217 265694 207670 268700 205830 266076 207666 268611 203475 263679 204485 264644 206668 267633 208007 269021 207841 268886 203922 264111 206532 267419 207344 268796 207711 269434 207105 267791 201713 260836 206016 267243 207857 269678 207318 268610 206222 267548 198465 256732 205564 265934 203766 264680 205628 266707 207368 268917 201497 260721 205763 266803 205894 266083 204873 265138 206655 267274 206688 267594 204232 264292 204537 264825 208263 270066 202157 261929 205251 265427 207658 268295 205653 266310 207759 269335 206394 267581 205541 265946 206510 267737 206127 266894 
207928 268630 205788 266603 204805 265023 204814 264962 208060 268965 205648 266041 202078 261836 208140 269757 209043 270511 207381 268465 207974 269687 208477 269470 208943 270249 185149 239356 208731 270421 206526 267653 206963 268303 156553 202644 207123 268211 205901 266368 208624 269874 208103 269425 209576 272092 201479 260113 205983 266626 205964 266842 205560 265757 208306 269895 206077 267305 204135 264463 207718 269132 199545 258590 207816 268877 206486 266955 186816 241786 207356 268115 206027 266787 206851 268150 206772 267600 205604 266803 205929 266568 206320 267177 205306 265565 206489 267718 204754 265044 207912 268712 209031 269944 208301 270106 208524 269704 205219 265779 
207433 269085 204284 264743 208344 269987 206239 267174 206450 267098 208265 269264 209067 270458 208523 270509 209669 271576 209580 271986 209267 271480 207496 269039 204542 265399 203525 263944 208478 270361 209256 271134 205847 266675 210360 272075 208285 269846 207323 267680 207296 268643 209534 271562 207651 269026 209062 270977 209537 271271 187623 243093 209469 270936 206990 267815 207996 269188 208852 270426 206744 267463 207316 267794 210003 272110 204889 264720 202735 261866 208330 269432 209354 270968 206272 267411 208672 270348 206879 268365 208024 268950 207843 269722 206491 267805 209639 271342 208136 269971 208798 270563 206692 268123 203398 263478 207773 268514 204652 265541 
208320 269324 209338 271211 209682 271018 204001 263820 209729 271514 206037 267148 206401 267022 207081 268415 208395 269612 206934 268049 209359 271715 209169 271008 208988 270510 210991 273701 207851 269376 209328 270872 209587 271988 206696 268131 209770 271844 209288 270611 208852 270190 209462 270952 210785 272735 209770 271928 208481 270206 207524 269120 207582 269142 199819 258596 208092 269865 208648 270006 208253 270303 208365 269043 208942 270435 207058 268156 208239 269098 207564 268882 199414 258253 208652 269984 209729 271333 209245 270960 208231 270085 210370 271878 207595 268882 209970 272401 207497 268780 209701 271630 209599 271631 209569 270891 207929 269314 208632 270268 
212297 274621 207483 268462 210316 272555 210438 272708 207329 268582 210251 271892 205588 266459 207673 268937 211482 273888 211441 274309 207023 267918 209068 270857 212487 275044 208138 269248 209172 270899 208776 270308 209217 270116 191549 247783 210407 272661 211469 273999 210534 272778 211911 274792 206130 265933 206063 266085 190969 246741 211340 274266 206196 266166 209156 270991 210548 273197 211736 274098 205648 265607 211075 272728 210601 272109 210053 272062 209451 271337 210012 272032 211919 274352 208633 269622 208404 269622 209739 271508 210057 272131 210638 272603 208506 270237 210419 272513 210518 272646 210145 272137 209860 271819 209231 270869 210624 273057 211544 274419 
208535 270268 211338 273288 208573 270183 212116 274444 209920 270868 208317 269785 206321 267332 208964 270516 210475 272992 210388 272171 207622 268769 208601 269982 210272 272127 209146 270811 208098 269443 210869 272680 209493 270959 212173 274217 211620 273599 160400 207967 210849 273734 210663 272948 211335 274080 212599 275835 210461 272778 210459 272708 190681 247174 211027 273372 212761 276232 210972 273894 210273 272038 209940 271465 212441 275587 211951 274755 211676 274217 211915 274205 210486 272768 211158 272891 211543 274627 211117 273114 206139 267096 210651 273197 207597 268886 212427 274928 208825 270344 210735 272426 209136 270486 213580 277169 189163 244915 211539 274341 
208102 269016 200093 259540 212100 274173 211836 274623 212247 273993 208366 268644 208828 269708 209465 271261 211392 273939 210985 273017 212254 274435 211306 273904 213789 277356 211658 274366 211107 273531 210773 272761 208933 270404 210469 271987 212693 275245 213053 275660 212597 275010 207941 269198 210762 272612 211745 274596 211801 273581 208835 269913 211709 273784 212393 275393 207512 268649 210585 272901 211060 272981 210950 273485 211717 274449 210752 272787 207899 268740 213188 276416 206722 267634 212575 274423 207692 269868 208899 270877 192181 248814 211219 273330 212664 275761 211659 274072 211594 273979 198324 256454 212674 275102 212141 274529 207528 268887 212741 275392 
211383 273645 209314 271307 213301 276618 212525 274516 212534 275081 211074 273380 213686 277031 213587 276101 191655 248034 211217 273847 213186 275892 210565 272636 201041 260271 213061 276850 211178 273163 214040 277505 210692 273041 208747 270273 210135 271991 211476 273586 211962 274348 207271 267959 211487 273053 211983 274796 214702 278077 212795 275265 212697 275203 207264 268381 210700 272488 214227 277689 213254 275661 206175 266797 211365 273772 205747 266636 213172 276113 212347 275617 212697 275210 213089 275630 212656 275476 212834 275067 212313 274460 210538 272193 213430 276323 192214 248856 203327 263899 212466 275314 212821 275688 212306 274513 211364 273351 210544 272977 
199835 257822 209318 270270 214389 277730 161253 208580 211063 273488 214028 277166 212554 274892 215005 277986 212957 275040 203240 262674 212214 274908 212882 276064 212863 276009 213970 276994 213010 276154 213816 275860 215298 278808 212804 275364 214041 277070 214469 277785 213500 276984 214974 278553 211083 273066 205246 265455 212531 275042 216217 279720 208603 269816 213032 275744 214071 276826 212130 274548 214887 279132 213318 276855 204609 264703 209576 271569 213767 276302 211623 273736 210999 272847 215486 279449 212244 275023 214566 277045 211277 273536 213825 276866 213341 276795 214157 277003 212316 274520 213575 276609 213728 276671 209808 271954 213398 276554 212866 275439 
214131 277782 215702 279090 211666 273969 213992 277400 215047 278285 212152 274935 215411 279097 211674 274109 214189 277187 185597 240408 214335 277501 213775 277679 212911 276095 216651 280459 214618 278100 213533 276807 215025 279060 215569 279747 212602 275209 208872 271125 212214 274546 213860 277320 214635 278096 200064 258524 214515 277860 215231 278142 214402 278174 214358 277518 214578 277727 209828 271552 213418 276243 209870 271992 211065 272827 214429 277253 213611 276714 215436 279516 214420 277743 213675 276623 211208 273396 215251 279172 213529 276722 212887 276184 208714 270244 213443 276436 213227 275434 213102 276057 215647 278974 213376 275825 211735 274095 208043 268746 
217470 281722 214757 277526 216269 280185 215856 279441 214286 277132 213501 276693 210389 272234 213365 276163 209377 270706 215752 279617 205632 265873 211048 273081 216292 280452 217063 280040 212996 274811 212734 275090 216179 279813 213284 275448 212364 274386 214048 276705 206641 267686 213223 276255 212212 274849 215443 278035 208638 270150 214526 277921 216430 280866 208418 269969 213897 276548 212355 274900 210384 272274 215553 278516 214096 277680 217034 280912 214940 278642 211910 274296 214279 277345 212166 274281 215852 279607 214805 277946 215231 278084 214271 277538 216363 280122 209749 271873 200894 260383 214397 276838 217147 281148 215602 279317 213191 275754 215655 279088 
211693 274469 216103 279626 216175 280345 213267 276166 216686 280522 213799 277044 214438 277970 216610 279946 216034 279870 216016 279831 213007 275160 164312 212647 216592 280607 216824 281085 213261 275657 213395 276146 210713 272823 215660 279346 216654 279877 211169 273354 215898 279373 216269 280537 214933 277756 214681 277382 216686 280479 212765 274730 217437 281372 212610 275143 216296 280668 215598 279530 217088 281291 217894 282323 213225 276455 215812 279620 215825 279363 215635 278820 214310 277169 214292 276991 211806 274179 214058 277160 211169 273630 215224 278859 211268 273091 217444 282102 215771 278592 215003 278335 217587 281400 216319 279956 214558 277808 216005 279967 
216129 279927 215360 278675 215325 278405 196755 255027 186455 240960 215038 278411 217320 281167 214737 277484 214795 278006 214194 276939 212447 274806 217582 281725 215812 278648 216688 280473 214629 277967 217093 280972 213506 276653 196604 254469 217305 281217 215340 279656 217849 281834 214552 277607 206200 266720 215429 278396 214925 278015 215131 278641 213713 276551 215367 278419 216922 281047 195610 252633 216924 280643 214552 277584 215517 279366 216664 281161 209456 270494 216528 280410 217347 281296 216868 281451 210352 271839 215956 279477 217888 282598 217038 281405 214942 277923 216994 281174 217299 281485 216696 279944 215691 279503 217548 282411 216654 280443 213346 276376 
210877 272835 215664 279284 210058 271978 217391 281416 205948 266244 218131 282372 214220 276674 219313 284356 217798 282375 217831 282408 214218 277423 217866 282036 215650 279753 219066 284388 215424 279057 219107 283368 216352 280614 216062 279503 218256 282220 218612 282970 196189 253557 217891 282438 213032 275314 219762 285255 216992 281152 215840 279268 217230 281346 217692 282326 216631 279434 215177 278902 218395 282828 218202 282278 217203 281740 218057 282497 218557 282909 216559 279882 220208 285504 212092 274739 218270 282985 213577 276486 215678 279357 217219 281840 213793 276663 195439 253279 217488 281172 216884 280894 194356 251299 195851 253669 215522 278904 218628 283534 
219403 284237 216068 280056 220284 286096 216902 281047 197498 255677 217601 281652 213656 276051 216832 280906 213592 275825 219828 285051 215616 279307 218970 283322 215951 279307 219116 284341 218423 282398 218640 282934 215981 278978 220758 286104 217785 282192 219277 283699 219094 283755 195541 253086 219135 284383 219876 285455 218675 283133 217477 281433 218599 283011 220421 286100 219226 284085 215921 279378 216266 279756 216855 281063 217848 281739 216413 280604 196917 255112 206660 267562 217554 281187 218016 282795 219696 284678 219775 284291 217340 280629 217436 281787 219640 283778 217333 280744 216056 279540 217527 282143 165059 213692 216358 279665 218940 283185 218068 282825 
218410 282953 219052 284011 165277 214334 217893 282531 215400 279171 216968 280917 214907 278078 217202 281348 212190 274322 207062 268171 219470 283980 221230 287049 219197 283381 217909 282342 217517 281389 220408 285325 214175 277470 217247 280923 219086 283469 217869 281851 220011 284639 219942 284668 218531 283250 217636 281894 196386 253818 220614 285533 218100 282703 219007 283728 220941 285460 218689 282681 218895 283653 220164 284583 217680 281418 211616 273655 220416 285982 218126 282399 217892 282286 220540 285497 218632 283500 216366 279466 216008 279244 215537 278656 220260 285478 219109 283366 218878 284084 219627 284564 222515 288376 218065 282356 221164 286196 219872 283788 
220128 285904 215948 279814 216913 280725 218511 282926 220505 285439 220105 284451 217805 281789 219774 284307 220565 285387 218985 283307 220738 286529 213500 276207 220004 284655 219701 284317 214050 277095 220354 285094 219034 283714 218778 282822 218888 284131 221783 287107 219210 284433 218852 283388 210138 271251 167105 216581 199252 257846 218299 282314 220969 286300 219321 283575 206757 266601 220349 285004 215327 278735 220654 285476 216544 280500 219488 283424 216379 280386 220473 285332 219364 284300 220315 285460 218900 282668 218679 282576 220275 285039 221106 286425 218984 283421 219741 284433 218022 282269 218713 283040 219645 284144 220926 286123 220238 284971 220367 284899 
220387 284641 218964 283126 223099 288708 216930 280956 220514 285150 219351 283562 220426 285500 220037 285049 220343 285718 220799 286277 219621 284644 219750 284946 222492 288020 221061 286135 220421 285574 220998 286430 218833 283254 214057 276872 216978 280739 220593 285124 221017 286897 218428 282756 221075 286560 221246 286558 217599 281959 220526 285890 209778 271787 219140 284166 219929 285032 222225 288416 217125 281166 222205 287508 219422 284652 221234 286395 219875 284507 219394 284461 220346 285444 221036 286660 220847 285811 221275 285976 219429 284030 219873 284517 219068 283726 221068 286586 218155 282037 219425 283256 221696 287064 220865 285921 221431 287103 222679 288556 
222093 287822 220288 285357 221964 287704 219718 284029 220146 284481 223807 289860 218694 283035 215835 279847 222103 287643 218033 281574 220162 285307 221395 286267 220607 285961 221136 286672 220539 286013 222643 288109 222843 288981 221896 286875 216685 280609 215430 278690 223408 289562 222078 288321 223067 288384 219184 283694 218447 282574 220368 285039 220605 285354 223492 288724 222542 288755 223279 289016 220556 285572 222438 288129 215926 279325 215946 278795 222901 288508 220904 285864 222003 288006 221879 287336 217584 281327 223615 289764 219730 284049 220849 285584 220319 285395 222146 287479 222451 287799 224809 290397 222774 288002 217220 281501 223167 289618 221694 287540 
224331 290270 223739 289185 218692 282942 223170 288745 169783 219936 222210 287402 219371 284613 220873 285569 221717 287094 222654 287768 221266 286544 219517 283895 221039 286299 222932 288474 220750 285805 212702 274842 223053 288825 201759 261210 224854 290850 223667 289750 220248 284947 221137 286515 221437 286458 202900 262729 222084 287601 223219 289072 224348 290263 218888 283449 224084 290305 213760 275904 220579 285209 221850 287167 222528 287695 222108 287087 219895 284960 223366 289427 221013 286016 220914 286377 202925 262964 223070 288298 213388 276198 222211 287288 222221 287825 224679 290297 222298 287770 222451 288686 221808 286975 221363 286578 222991 289142 222414 288145 
224763 291187 218616 282544 223340 289024 221596 287064 224671 290140 221924 287641 221703 286965 221803 286594 224813 291479 220635 285191 220797 286390 222075 287629 224335 290935 220140 284432 222819 288231 220872 285957 225525 291938 222515 287974 223958 289163 215307 278436 221638 287288 221581 286878 220376 284724 223647 290209 219127 284170 222508 288383 219638 284065 221780 287285 225070 291053 209369 270828 224461 290844 221759 286964 225578 292259 223642 289705 224447 291018 219819 284009 223989 289126 221948 286871 221244 286878 222714 289126 222865 288761 224047 290210 221387 286352 224666 291409 223324 289368 221056 286147 217311 281670 222757 287910 223989 290259 223559 289266 
222390 287877 223417 289714 223268 288987 220643 285919 224665 290485 222588 288462 225856 292204 224923 291110 223295 289543 214143 277783 223320 288815 220627 285039 224521 290666 212854 275792 224555 290661 222087 287405 224539 290236 222184 287140 223712 289479 223833 289795 225864 292341 222821 288353 222244 288079 225275 290537 221365 285911 223275 289048 224059 290141 224962 291880 220094 284770 223524 289314 225211 291529 223512 289664 213831 275863 223785 289776 225220 290887 224290 290087 220307 284635 224155 290519 222382 288710 223908 290213 224947 291602 226573 294036 224980 291467 220534 285567 225955 292054 218920 283996 223029 288291 224463 291018 222924 288950 223854 289825 
225871 292262 222888 289020 222765 288451 224852 290769 227091 294581 201544 260862 224095 290526 225212 291370 224170 289835 221233 285920 222308 287772 223671 289642 225807 292936 214454 277678 222420 287339 225287 291815 224363 290759 223652 289605 224213 289763 225026 291167 219728 283882 225245 291783 223887 289457 225124 291741 226254 293067 225271 292251 224567 289883 221611 286555 227443 294452 211784 274358 222610 288657 226055 292752 225856 292344 226326 293332 224334 290441 218336 282695 171383 221852 226637 293517 225191 291498 223956 290112 219101 283942 219786 284527 224544 290343 223286 289272 222803 288235 222643 288710 224525 290478 226969 294288 221069 285783 222915 288779 
221740 287380 227923 294647 215777 279940 225239 291699 220832 285889 226758 293991 225745 292139 224689 291010 226195 292523 226756 293740 214580 277272 225072 291834 226293 292732 224326 290986 225242 291418 225204 291925 223568 289461 226364 293307 224638 291070 225371 291783 224271 290151 226524 293392 225794 292531 223922 289687 224461 290456 225258 290821 225477 291798 225395 291504 225275 291194 227273 293759 225018 291279 218859 283529 226939 293864 223086 288705 228755 296383 226561 292908 220173 285290 227581 295090 226562 293441 226272 292982 222673 288420 221424 286515 216111 279764 224354 290319 223702 289466 225597 292351 223063 288598 225528 292321 225962 292684 222896 288329 
225566 291980 227043 294200 227143 294338 225866 292558 228405 295442 227341 293635 203825 263033 225569 291165 226528 293486 224329 290241 219311 283411 224950 291264 227287 294411 225566 291698 225182 291349 226836 294138 223609 289651 221257 286558 227404 294673 225662 292495 226390 293630 226513 293115 227816 294903 225418 291835 216308 280103 225640 292616 228460 296028 226211 293282 226990 293863 228776 295805 229027 296396 223365 288672 226254 293047 226669 293607 226704 293240 221537 286830 225819 292473 225896 292621 227659 294474 225827 291509 224711 289885 226506 293053 168541 218383 225884 291714 224938 290941 224773 290810 225138 290761 226673 293619 225707 292183 221320 286904 
227865 294896 227518 294610 226026 292534 226364 293118 223328 288726 222450 287599 224488 290211 227106 293795 226990 293961 224139 290324 224677 291180 227149 294002 226722 292470 225798 292350 228904 296242 217809 282585 228227 294912 222749 287997 224214 290391 226050 292999 225159 291243 226131 293190 225494 291563 227973 294932 223487 289682 227443 294170 227810 294630 225643 292431 227732 294915 219329 283585 228313 295443 222128 287707 224839 291232 225036 291267 227951 295553 227079 293811 224500 290339 227296 294291 228684 296328 227640 294795 229168 296219 223523 289459 228240 295588 228057 295584 226957 294163 226195 293174 228456 295473 226264 293360 223978 289774 227615 294507 
220974 285724 226555 293478 226552 293099 227588 294216 225842 292440 226161 292274 217865 282394 227246 294077 226451 292890 225624 292229 225999 291933 228576 295884 229004 295831 226007 291634 226988 293424 228530 295723 228233 295734 228244 295263 228045 295990 227332 293777 227833 294504 225481 291951 228737 296449 228713 296287 229536 296841 227791 295035 228024 295345 227181 294441 228189 295562 227572 294910 227592 294078 228031 294967 227613 295039 225873 292124 224135 289923 227506 294362 227407 293960 225661 292028 228342 295594 227707 294245 225470 291569 227833 294156 229721 297868 228219 295206 229364 297030 228599 295294 228354 296143 226764 293329 227707 295091 226551 292826 
227652 294739 229495 296721 226973 293684 229613 297366 228595 296015 227301 294418 230137 298283 227143 294057 227792 294817 226846 293063 230578 298197 229472 296692 227956 295695 229806 297812 216877 280552 227496 294057 229683 297363 218074 282392 227967 294890 227355 294320 229924 298217 225683 292531 229166 295649 222788 288723 229734 297131 229149 296975 221249 286264 230146 298378 227302 293951 222849 288156 229067 296304 173541 224755 227621 294976 229148 296849 229206 296422 227819 294744 228555 296301 227203 294415 229012 296622 228699 295692 229365 296915 228463 295830 228801 296549 227884 294606 219511 284021 227786 295135 224809 291233 223712 289603 228213 295871 228089 294832 
227914 294441 227760 294701 230540 299035 228507 295488 229033 296534 228745 296344 228664 296091 229689 297919 230159 298090 229883 296983 228223 295222 228966 296403 228369 295840 231302 299282 227833 294744 226909 294290 230263 297198 227370 294156 219446 284288 229503 296984 229807 297628 229569 297535 229717 297277 230517 298480 226115 293142 228309 295597 230880 299827 228011 294925 230288 298466 229094 297158 229698 297701 231258 299623 227579 294843 226990 293792 227872 295609 228021 295523 230239 298979 228892 296570 228113 295361 230936 298717 228060 295381 229419 296402 205717 266772 223984 289798 230599 298099 231537 300128 226078 292702 229755 297424 227887 295142 223804 289705 
230446 298051 175602 227360 228897 296521 229366 296882 231168 298934 231918 300688 231121 298882 227909 295310 231061 298604 230761 298824 230990 299270 229745 297583 221023 286449 232165 300185 230695 298129 229262 296133 230157 297486 230462 298383 228892 295201 225342 291731 229765 297800 230377 298312 226941 293887 232593 300217 231713 299720 231258 299390 230898 298939 230833 297929 227724 295107 228548 296556 230065 298003 231641 299194 230443 298266 230475 298784 230173 297886 225753 291395 232025 300734 229558 296289 228666 296188 225937 291992 232525 300451 228434 295937 229467 296648 221636 287353 230039 297585 209245 271258 225997 292589 228089 295386 229268 296793 231349 299786 
232152 300471 228614 296179 233689 303070 231405 299234 209502 271590 231909 299565 226839 293863 234224 303381 230336 298033 230712 298338 225829 292644 231285 299798 231616 299442 231360 299221 229786 297440 232673 300785 232014 300801 228702 296148 226940 293768 227886 295331 233900 303227 231506 300053 233140 302065 231887 300460 231700 300045 208583 269596 225427 291481 230418 298459 228885 296450 229133 296193 227076 294316 231152 299630 229488 296603 232700 301170 229900 297758 230736 298053 232686 300933 219886 284855 230603 298830 228781 296308 232554 301524 232481 301144 232127 300600 230276 298613 208234 269718 232432 300728 232035 300214 228675 296051 230986 299181 173728 224705 
225160 291115 231193 299425 230180 297881 232612 301033 229691 297188 233447 302632 209639 271659 233804 301991 231433 299332 232020 299774 231521 299802 232205 300813 230367 297217 232071 300693 233594 302249 235440 305386 230046 298489 231631 300662 230031 297119 232859 301446 233294 302031 233161 301167 228287 294806 232814 301771 230100 298199 229670 297314 230279 297963 232084 300385 233290 302235 230567 298348 230372 298603 231097 299125 230796 298712 230980 298976 231626 299235 231752 299720 230094 297906 223413 288957 232319 300346 216947 280790 233257 302020 230864 298809 233044 301378 232283 300393 231869 299367 229702 296841 231872 299724 227981 294837 231024 299415 231156 299718 
232482 301292 233839 302915 231487 299722 230746 298198 233986 303317 231075 298534 233279 301400 227683 294486 230983 299509 232396 300808 232231 300875 233895 302336 233784 301951 232205 300708 232966 302023 234161 303053 233135 301617 233988 302556 230367 298460 229860 297490 234586 304278 235023 304416 231464 298966 232179 300708 233325 302111 232747 301482 232954 301811 229690 297625 232018 299314 234489 303825 233797 302322 232003 299777 232812 301769 231387 299097 234076 303083 229703 297647 234459 303141 232327 301307 214456 277340 233936 303277 224101 290810 233356 302306 232596 300482 233348 302393 235570 304557 226769 293761 232999 302000 232756 301679 235236 304697 221687 287173 
236403 306563 231207 298815 232444 301407 234166 302547 230324 297969 232539 300636 233168 301870 235147 304751 234050 302631 233412 302032 212001 274241 230437 297751 232952 301680 234600 304315 231300 299565 232835 301945 231265 299403 237656 307247 229360 297551 235118 303459 234962 304626 234249 302821 234111 302773 236147 306392 233221 301491 232153 300441 231388 300090 230399 298101 234654 303539 233055 302023 230210 298395 234416 303206 232375 300010 233087 300892 234098 303476 234102 302589 233081 302024 233271 301900 235333 304457 234128 303694 232011 299819 228509 296062 236172 306064 223517 289576 234952 304333 236506 306887 234074 302911 233502 302000 230552 298000 231327 299967 
229958 297705 233014 300813 235632 305788 231906 300100 232454 301162 234197 302789 231477 300228 232640 300519 233045 301127 234708 303147 233238 301882 232939 301293 232301 300512 234346 303377 233468 302428 233453 302361 233820 302728 236069 305289 234773 303655 232509 301513 232653 301613 232611 301259 233537 302862 233377 302266 232491 300263 231016 299235 236911 305821 234545 303697 233288 302455 235297 304378 234145 302794 234249 302722 235737 305860 232679 301040 237336 307299 229945 297390 234801 304119 232985 301288 231461 299677 236278 306202 233073 301741 233708 302415 235717 305285 235047 304122 232937 301323 235432 305428 231839 299909 233822 302595 235535 304447 234520 303314 
236344 305354 234800 304005 237027 307131 234395 303280 234441 304189 234929 304504 232479 301272 230896 298811 235087 304934 236946 306248 236046 305996 209365 271137 233140 301427 236770 306702 234392 303364 233810 302807 236645 307016 235957 304756 235772 305264 235858 305107 231735 299319 237041 306454 232537 300712 236964 307002 233527 302638 225292 291950 236838 306026 237872 308336 231957 300558 233674 303082 233882 302900 230166 298203 223768 289343 235732 305625 224494 290221 235597 305283 234623 303001 235494 304818 235587 305372 231755 300116 237656 307900 234423 303064 232688 300628 235994 305275 234714 303527 237065 307432 233167 301714 236860 306786 233793 303306 236602 306406 
235021 303862 237020 306344 233758 301889 234188 303070 237773 307469 230953 298914 236723 305655 235224 304344 235961 304939 235193 304603 233138 301216 236016 306207 229980 297760 237494 307375 235507 304826 235685 304785 237609 306500 233451 301789 237795 308652 236803 306455 235298 304484 236484 305578 237530 307135 237796 308245 235294 304705 235624 304545 215199 279129 230385 298021 234190 302647 235537 305232 235543 305580 236230 306288 235021 303798 225575 292178 238617 308625 237099 307909 237505 307714 235737 305176 233923 302776 238220 307956 231818 299870 236275 305668 234951 303617 178557 231117 234806 303737 230816 298341 215008 278048 235843 305804 230702 297528 236339 305126 
232474 300876 238270 308443 237074 307111 238980 308554 234411 303233 225942 292389 237253 307714 236701 306298 236253 306207 229873 297727 236592 306260 238075 309112 237419 306788 234967 304160 235137 303846 236411 306257 238065 308589 234924 303725 237960 307802 237259 307001 233449 302384 236105 305597 237442 306738 235005 303871 239010 309700 237470 307395 233895 302927 237764 307909 237566 308556 227370 294384 237685 307456 236588 306875 236220 305096 237516 307590 231507 299061 227870 294059 235488 304563 225387 292257 226415 292549 236778 306257 236665 305468 235474 304726 235814 305303 236451 305510 229877 296917 236606 305663 232839 301805 234924 303671 238641 308879 235089 304195 
237936 308350 215249 279308 234971 304235 238457 308571 239769 310302 237278 307004 238329 308266 237066 307109 234251 303457 236544 305706 239137 308955 236925 306983 237990 307405 236794 306406 237636 306692 215421 278620 232137 299559 236755 307089 238468 308449 234298 302920 227217 293855 237027 307111 236254 305552 237918 307649 236620 306655 235312 304300 231765 300502 236293 306502 237593 307627 236154 306738 238593 308868 210301 271848 238005 308595 239641 310702 236498 306528 231784 300378 227140 293605 237570 307561 234706 303306 238544 308518 237909 308492 239114 310350 238641 308398 235034 303858 224135 289460 240507 311487 238726 308565 237868 306865 238585 309406 237374 307774 
240481 311023 241082 312281 238230 308285 239308 308757 239012 309998 237149 306933 236398 305899 237376 307763 237303 307321 180864 234522 240634 311727 238844 309219 233913 302937 238513 309021 238030 308099 238401 309022 233487 302260 239509 310588 236789 305980 236432 306452 236189 304858 239566 310226 240013 310872 237989 308371 238167 309235 238541 308637 238507 308094 238029 308680 240587 311177 237075 306430 235012 303970 217825 282089 181199 234543 238804 308465 237431 307901 233733 302109 239933 310882 237126 307288 237577 307388 238139 307901 240503 311435 238858 309360 238248 308019 239318 310450 238346 308932 239175 309191 239391 309815 238979 309688 236773 307110 238522 308887 
238357 308971 236398 305625 237221 306857 218360 282291 239641 310567 236576 306177 234554 303186 239686 309695 239485 309996 240111 309932 238219 308636 238548 308383 234228 303012 236543 305713 238700 308484 240119 311120 240588 311380 237842 308071 229869 298006 241812 313368 238382 308023 239199 309050 237218 307384 240463 311047 240380 311153 236017 305422 239131 309783 240005 310710 241247 311833 239703 309938 238218 308705 217239 280238 232559 301212 238270 306950 238628 309006 240174 311387 239797 310243 239207 308763 239518 310716 239813 310688 238517 308263 239861 310853 237654 307596 239088 309546 239310 310198 238708 308702 238168 308917 179499 232698 239423 309472 236262 305917 
239441 310215 241102 312084 238236 308761 234700 303286 240358 310940 238402 307884 240731 312022 238039 308223 240872 311339 239782 311040 241405 312679 235033 304046 240415 311268 182363 236131 241604 313454 239752 310445 240071 310103 240218 310809 240995 312366 239799 310472 237914 307756 241397 312567 239620 310931 241798 313055 240578 311413 236599 306335 243964 316070 238855 309693 239157 309441 241053 311632 239113 309936 240977 311963 242057 313679 217856 281614 240048 310307 235440 305421 237124 307487 240021 310746 239478 310480 243210 315016 241822 313642 239601 310422 242128 313781 236765 306518 240351 310721 238481 308690 237869 307852 237927 307440 237424 307719 238257 308959 
241677 312698 240799 310784 240773 310907 243563 315317 240089 310843 241016 312664 238656 309098 240071 310967 242580 314068 241609 312792 242108 313015 241838 313611 242518 313353 240535 312086 242935 314264 234905 303603 241206 311951 240159 310531 234199 303635 239962 310517 239761 310941 239869 310580 239000 308627 240270 311194 240225 309744 242562 313748 240086 311227 242177 313836 239512 309531 240118 311360 241835 313237 239180 309888 241097 312027 239111 309506 240615 310939 241408 313005 241354 312494 242712 313931 240744 311970 237799 307529 241364 312496 242291 313802 239955 311053 234598 303178 242619 314003 242667 314661 239187 309655 240206 310595 241933 313573 241838 312818 
240821 312626 240054 310130 241589 313054 242498 314167 218819 283033 243661 315384 242049 313268 234367 303029 243039 314899 231549 299801 242861 314674 243346 315737 238358 308740 241173 311297 241635 312106 241198 312122 239370 309334 241128 312114 239628 309629 240373 311192 243624 315279 241539 313256 240547 310134 242855 314434 241722 313430 243075 314131 243348 315240 242145 314012 241456 311363 240836 312010 239515 309751 242675 314731 237755 307553 240299 309929 242447 314218 241179 312544 241913 313795 241699 313659 242632 314208 243260 315453 241859 313791 242128 313702 237336 306704 240644 312376 243631 315200 240186 311765 241982 313858 239683 310016 243619 315083 242537 313283 
242142 314228 242073 312719 241839 312749 238737 308613 244009 315427 237538 307640 242369 314554 244104 316254 243976 316200 242006 313069 230668 298388 243765 316176 240055 310621 243881 315599 241196 312161 240872 312174 241525 312234 242606 314320 241705 312596 240195 311215 242284 313403 241145 311846 243159 315425 240152 311084 239419 309184 243727 315891 244958 316990 240981 311262 239946 310193 242148 312965 236826 306422 241309 312495 242865 314440 241641 311720 244957 316814 220024 284616 216824 280988 242464 312853 241680 313066 245360 317288 244403 316220 239478 310001 244133 315459 243076 314621 239042 308637 241055 312576 238112 308248 244454 316780 243942 315802 241887 313312 
247116 320784 244144 315711 245389 318039 243559 314974 241065 311814 239481 309832 243745 314508 239423 309266 240433 311528 242402 314214 241353 312844 240800 311232 245672 318189 243015 314061 243284 314828 237758 307898 243107 314988 241870 312988 241109 312049 240568 311288 245494 318034 245536 318051 242756 314311 245882 318016 221280 285683 242318 313800 240274 311173 244407 316721 245337 318248 243192 314565 241614 312520 240457 311098 243503 315661 246040 318604 245343 318228 242155 313376 243387 315376 245091 317167 245205 317171 244651 316807 244664 316941 243425 314323 239839 310510 243899 315433 239763 310424 244846 317544 241911 313313 241683 313459 244210 316061 242708 313667 
246595 319042 243967 315638 239228 309818 245194 317547 241238 311749 242796 313620 245473 318212 242463 314213 243284 314148 243603 315366 243911 315181 241522 312212 246986 320366 245399 318422 246236 319519 246112 318890 237189 306872 241563 311952 243490 315765 240100 310790 241886 313151 243825 315776 245142 317155 237550 307567 242933 314402 238623 309418 243241 314713 243724 314865 244814 317665 245043 317475 244549 317064 244641 317063 244788 317059 244828 316441 244024 316506 243600 315442 241065 312404 247924 320817 245250 317510 246452 319072 240389 310626 243141 314724 241760 312943 245362 317835 245134 317186 242993 314945 232759 301501 245169 317665 245027 317778 244982 317743 
246032 317631 244907 317271 244938 316631 245595 318073 244855 317544 243137 314999 243194 314698 243462 315494 243194 314482 244036 316097 246632 319225 244716 316790 237693 308062 244075 315746 245297 317533 246863 319572 244674 316787 246708 319855 244007 315514 246080 318364 244914 317137 245731 318934 244799 316957 239795 310872 246716 318802 246009 318188 185972 241028 242125 313608 244466 316402 244592 316366 242990 314565 244611 316787 246377 319647 244678 316451 241187 311751 245065 318033 242517 314170 243505 314846 243728 315532 242302 313443 243544 315502 245903 318853 244742 317031 246338 319142 241791 312226 245196 317476 243406 315384 246511 319656 244583 316049 244439 316267 
243096 314628 245843 317981 247537 320310 243991 315586 234350 303145 242870 314315 244550 316371 246613 319429 247877 320849 246104 318098 246137 318421 248726 322691 243049 314841 248645 323244 245410 317039 243955 315300 244577 317350 245618 317963 246442 319276 244193 316119 244592 316865 246887 319479 237904 308432 247357 320019 245880 318686 243612 315720 245064 316450 239734 310767 246426 319070 236085 305665 248581 320515 245950 318007 247087 320024 246263 318985 246779 318506 242069 313103 244872 317017 244223 316548 248382 321148 245931 318245 242415 313814 223008 288811 240020 310857 239906 311196 247237 319733 240826 310928 246457 318912 245933 318418 245158 317257 247251 320644 
247863 321028 242639 314110 245985 318795 248662 321823 243978 315430 248652 321875 245741 317444 241889 312909 247668 320722 248058 321005 247793 321415 245203 317761 233682 301752 245015 316684 241578 311711 249150 323341 247136 320595 246454 319079 245086 316499 248275 321808 247182 319956 246192 318850 242964 314990 247740 320584 244860 317099 246035 319117 237411 308316 248707 321796 247137 319604 244936 317839 244336 316258 244924 316387 245609 318121 246780 318891 248469 321751 244815 317227 246807 318953 234110 303152 247646 320429 246010 318631 244072 315957 247635 320467 246874 319811 247743 320681 244360 316325 247536 320197 246631 319680 223023 288989 245677 317649 245892 318560 
247022 319951 246822 319484 247095 319935 240680 311209 186957 241813 242877 313488 186944 242370 249858 322823 245333 317626 245971 318657 247138 319664 249599 323656 244266 316837 246176 318480 247685 320805 248191 320367 246032 318678 247078 318922 245942 317895 247233 319660 237018 306883 243284 314934 243666 314796 246640 319033 247971 321075 246836 320052 247500 319495 243968 315755 247353 319721 245531 317181 248810 322496 245450 317835 247128 319300 249420 322105 247711 321092 249915 324066 250213 323958 246090 318564 244715 316982 246776 319130 246560 319557 250005 323660 247465 320980 249263 322206 248152 320836 241999 313045 234269 303369 250969 325077 247119 320132 247460 319263 
250076 323087 243809 314744 248877 322190 249273 322348 247053 319521 248490 322047 241888 313368 242596 313794 245678 318414 246696 319318 248559 322020 247035 319533 249951 323866 248501 321671 242216 312946 246433 318082 248932 322131 250716 324475 243457 314059 246216 318523 248866 322121 241579 312769 248722 321807 226757 293781 248094 320974 248793 322282 248099 321772 243849 315943 247844 320466 246523 319297 246896 319520 248419 321586 244133 315935 245864 317217 247950 320130 247131 319623 220655 284899 243464 315356 236575 305129 247920 320431 249916 324483 246488 318700 245168 317521 247510 320896 250727 325189 245895 318421 247682 320235 250157 323773 249976 324048 247692 320133 
224945 291327 251709 326374 247454 320516 248789 322421 225409 291850 248008 320734 250564 324228 249106 322906 242137 312739 249250 323202 243399 314848 250662 324019 247961 320792 245920 318308 247017 319395 246565 319381 250037 323241 245533 317753 251698 325290 244681 316836 250512 324643 243501 315185 238314 308458 250186 323075 250190 323206 238865 308446 249389 322622 248341 321489 235790 304792 248794 322092 248480 321529 245701 317742 244616 315742 247637 320832 248657 322128 247187 319821 247349 320231 248500 322168 245074 317274 250589 324494 248714 321684 250021 322773 246825 318974 252043 326195 250883 324053 247566 320358 249225 322480 248387 321995 250500 324096 249805 322592 
249712 323520 252813 326828 250836 325029 227154 294106 250227 324677 250427 323525 250533 324737 251279 325574 252283 326931 249754 323343 250134 323983 251693 325487 249016 322866 248000 320708 250868 324586 248928 323237 247513 319881 247493 320252 250675 325077 248615 321785 248522 321548 251034 325119 251852 326177 248737 321429 248815 322045 250099 323271 250356 324074 246548 319144 251243 324220 248772 322520 252121 326337 253048 327264 252067 326368 251827 326550 249012 321760 248917 322469 247568 321083 249056 322377 251871 326576 227033 293702 247433 320469 246348 319334 251104 325070 249971 323109 248938 321757 251899 326533 249018 322840 250925 324006 249633 322986 248796 322382 
252240 326925 250190 324024 251242 326087 250417 324614 252056 326698 252717 327063 251303 325966 250365 323864 247112 319487 250029 324310 250908 325060 250913 324850 252537 326536 249318 323107 244903 316619 251247 324750 248673 321945 249365 322879 250973 323878 226144 291608 251459 325682 250767 324464 251787 325426 249296 322836 248569 321744 250919 324820 251327 325344 251496 325025 251834 326195 250260 323973 251507 326098 246019 318668 248037 320791 251276 325286 252479 326774 251205 323639 246070 318031 251530 326038 250059 324081 250454 324508 252032 325150 250287 323907 251224 324773 249131 322696 251077 324914 248091 321279 252167 327048 248996 322127 249685 323179 247768 320055 
253641 329216 248475 321595 252745 327845 250820 324375 250686 324157 250347 324434 244729 316772 251565 326144 240291 310990 249770 323632 250189 323893 248716 322259 252204 325667 251892 326205 251673 325984 251710 324977 251595 325933 246543 319732 252749 327260 250535 324451 250767 324740 252739 327615 252620 326881 253497 328342 251159 325215 252262 326920 247959 321406 253100 327501 251613 326042 250153 323619 251463 325512 246736 319171 252468 326929 253568 328394 253217 327876 252008 326289 252914 327219 250208 323642 250633 323385 253356 326913 249061 322264 250480 324458 249852 323917 250395 323255 251283 324083 248847 322457 252273 326189 252694 327178 250658 324446 253111 327055 
251539 326191 228981 296888 252271 326398 254575 329936 253157 327815 250686 324724 252408 326946 248635 322569 246725 318913 252695 327153 250537 324273 251691 326049 251548 325048 252626 326375 251295 324673 253707 327949 253720 328190 254558 328575 253686 328326 250312 323218 251360 324633 250085 323000 250395 323540 254278 329189 253075 327996 251743 325965 253339 327182 252861 327672 252785 327095 251986 326623 251258 324619 249019 321982 252331 326021 251633 325418 250678 324800 250664 324291 247282 319466 245425 317201 252308 326392 252964 327134 253653 327837 254810 330268 243385 314417 249285 322648 253437 328379 250324 324670 229690 297258 253058 326728 227781 294384 253672 327584 
255160 329744 253114 326672 252422 326498 252144 325564 252478 327412 255412 331114 256262 332401 255458 330579 250983 324219 252302 326620 255264 330819 251911 326131 255358 330340 254395 329553 251844 326511 253522 328108 252967 328037 254620 329414 255012 330219 255878 330652 251179 324949 253124 327655 253923 329409 255000 330034 252047 325631 253467 328551 251226 324617 254164 328731 256691 331971 251287 324969 250143 323492 252004 325349 252392 326112 253667 328567 252637 326720 249782 323670 248537 321356 255019 330252 256487 332727 254279 329212 254595 328931 251150 325138 230895 298492 253477 327999 247635 320353 254763 329969 254977 330141 251774 326045 247122 320002 255773 331126 
254887 329656 255201 330351 253816 328866 252858 327496 253806 328043 252039 326176 251734 325927 217001 279853 255420 330821 251227 325203 252627 326065 249900 324056 247479 320582 252919 327354 255249 330313 252553 326937 253292 327740 252967 326998 252137 326438 254656 329202 253470 328472 253077 327194 251390 325377 240980 311883 247960 320326 218280 282684 251196 325302 253168 327403 252896 327132 253988 328264 254676 328537 254612 329654 247765 321212 254922 329538 248063 320599 252963 328310 253791 328800 253376 328170 255019 329488 254756 329946 254367 329251 255563 330664 253822 328077 252877 326877 255657 330627 247050 319490 255967 331352 230787 299408 255401 330298 232004 300443 
253926 328662 255242 330533 243361 314259 252341 326249 255552 331149 255030 329500 256397 332133 253512 328946 254452 329677 253816 328812 254391 328610 253983 328602 253816 328492 254350 328668 243421 315098 254810 328863 256631 332551 252990 327287 249236 322342 249022 321912 255403 331141 253855 327768 257804 333467 257492 333836 256686 331642 255830 331407 193498 250654 255187 330966 256954 332898 254145 328671 255810 331439 254769 330021 252770 326679 253588 328124 251204 325533 258858 335029 253007 327526 255083 330216 255738 331542 257756 333953 254675 328865 249523 322667 254061 329185 254975 330624 253706 328613 252283 326549 255781 331027 252087 325605 254850 329709 244517 316132 
252945 327646 255029 330447 257118 332491 257193 332888 253071 327339 255065 329874 256671 332041 256433 332414 256376 331348 252557 326906 255512 330522 251550 324934 256530 332713 256056 331922 253843 328636 256213 331982 254507 329084 193468 250559 252246 326401 255684 330216 249306 321815 256865 331945 255770 331617 254817 329902 258061 334182 254851 330103 256859 333041 255766 331460 257133 333080 254792 329879 256753 332533 258257 334671 257930 333998 257047 332706 257197 332826 256206 332499 228590 295722 245503 318199 256855 333003 255662 330129 257334 332641 256813 331994 252289 326809 246468 318867 255962 330661 254442 329392 254907 330293 256561 332712 252704 327188 252445 326318 
257171 332537 256638 332959 255450 331091 257192 332840 258280 334629 258516 335490 252425 325266 256149 331401 251511 325510 195186 252775 258858 334889 255438 330785 253816 327930 256993 333255 254643 329765 258282 334395 257151 333282 256342 331894 255317 330523 257818 334093 257330 333360 255348 330520 255078 330671 256698 332465 258200 334355 251382 325036 257205 332635 258746 335670 256803 332550 255556 331159 254439 329470 254343 329653 256766 332684 251702 325204 256071 330678 242061 313849 256124 332035 259240 335529 255865 330668 256171 331130 257850 332812 253292 328046 249452 323056 256660 332754 255067 329278 259600 336072 257097 333405 256817 332530 194271 251525 254162 329765 
260036 337851 257218 332984 256885 331897 256368 332411 257106 332671 256287 331696 257946 334466 258432 334750 257681 332982 260361 337173 256514 331711 258078 333361 260307 337129 253741 328771 257072 333366 254620 329424 253944 329055 256669 332171 256633 331589 255178 330290 258306 334127 256253 331708 248111 321275 259038 335338 256896 332342 249601 322669 257117 332689 233172 301984 252359 326156 253753 328288 256573 332921 258176 334627 259966 336569 254623 329433 255641 330137 253128 327373 259024 335445 257146 333229 258382 334128 255910 331035 253666 327530 255837 331484 256749 332803 257717 333863 258403 334560 259963 335873 241548 312585 258226 334653 254988 330051 253601 327891 
249674 322931 258220 334346 259462 335759 258352 333585 255129 328870 254307 328965 257837 333570 258656 334883 257673 332491 255946 330746 257221 332576 196214 254071 257639 333572 257795 333256 256611 332577 257457 333618 259105 336117 252181 326195 258859 335432 258546 334933 258371 334020 260704 337697 256164 332213 258386 334754 259059 334835 253092 326998 257072 331831 257064 332566 258061 333776 256413 331271 257980 334555 257201 332320 236051 304916 259539 335452 260562 337594 259466 335979 256015 331254 257192 333034 257724 333909 258878 335017 255329 330854 258619 334395 257514 332896 258903 334595 258838 335407 259526 336251 259306 335806 259009 335741 257857 333621 260296 337159 
259697 336508 259761 336241 259636 336758 258373 334661 260163 337228 254573 329703 256329 331540 255568 330574 261531 338382 257818 333850 257430 333659 257859 333883 256975 332114 258067 333759 259522 336580 259825 336461 257985 334246 257247 333194 247797 321333 260472 337595 258092 333577 259752 336620 232398 300959 258462 334821 260101 335584 255480 330802 258981 335380 260112 337207 257808 333255 259955 336921 259978 336499 259346 335867 256673 332541 257739 333919 255920 331132 257940 334764 259929 336135 260229 336552 257774 333371 258425 334064 255224 330541 262030 339711 256548 332065 254298 328878 258965 334368 258615 334581 256377 330812 259912 336816 258194 333579 259369 335284 
259879 335482 260365 336740 260770 337609 260758 337248 255559 329871 261163 337784 254376 329167 256743 331724 258772 335554 257754 333639 261547 338855 258294 334511 262485 340174 258250 334463 258642 335218 258141 333957 256839 331842 260824 337413 248262 321513 259788 336474 260259 337067 255694 331414 259040 335070 261234 337974 261455 337872 261333 337259 260714 337598 259867 335833 256037 331231 247768 320175 259372 335226 257190 333816 260347 337077 259247 335649 258927 333974 242391 314078 260541 337211 258236 334270 260931 337264 261010 337650 260196 336971 258368 334277 262092 340124 257429 333037 256808 331283 259034 336033 261020 338278 261020 337251 259762 336507 260852 337723 
261617 338890 237604 307128 259208 335901 257349 333149 261599 338422 248819 321767 262752 339736 258970 334244 260669 337339 260050 336216 258402 334407 260826 337957 262427 340206 261506 339199 253788 328037 255671 330917 260362 337473 259275 335934 261711 338258 260968 337861 259695 336203 260647 337192 260387 337957 261434 338667 258334 334095 260986 338306 258756 334702 261230 338117 258944 335384 261205 338808 259968 336670 256352 331636 259850 336380 262107 339603 262004 338792 257582 333324 261052 338090 259768 335375 260389 337040 258836 335716 261284 338467 260001 337124 258601 335253 260442 336653 263269 340833 258880 335134 261565 337971 262103 339015 259525 336308 259468 336069 
261143 337433 257340 333085 262361 340252 260458 337898 260370 337244 261385 337554 263149 340232 260886 336942 262508 340043 258567 334620 255825 331151 258081 333813 257506 333729 260873 337850 262751 339590 256001 331290 259833 335230 262119 339348 261820 339208 262044 339116 257111 331884 258522 334599 263008 340183 259922 336459 262710 340294 262409 340234 261719 338531 262103 338633 251712 326578 262016 338908 262278 339892 261162 338101 257886 333673 258641 334497 262176 339633 262194 339302 261382 338535 260552 337741 260877 337314 260514 337216 258212 334129 260885 336951 260307 335673 263926 342330 261336 339249 261492 338297 261716 338392 258018 334015 262002 339623 261758 339012 
261323 338782 262774 340252 264909 343333 261250 338026 261145 338009 260357 337272 262173 339283 262328 339928 257055 332722 261070 337824 262287 339388 261461 338589 195156 252114 260647 336774 262074 339344 259094 335151 263966 341803 263451 341432 262453 339314 258149 333830 261548 338708 263268 340942 257342 332462 259932 336316 261758 338810 261720 338539 263166 341116 264004 342110 262101 339963 259452 335302 261561 337994 260532 337376 263776 340965 197865 256377 250939 325035 260055 336292 264177 342463 260659 337647 262566 340620 236482 306259 238323 309156 252266 326042 265406 343266 264055 342287 263325 340137 263407 341106 262839 340662 263398 340547 260567 337545 264764 343356 
266331 345075 263385 341169 262804 339954 263158 340853 263638 341332 261353 337383 260593 336948 263330 340643 263906 342449 262377 340144 262639 339658 264214 341752 264265 342491 264837 342794 262902 340943 264745 342770 261635 338636 264051 341294 262982 340154 264322 342398 261262 338632 263321 341387 265450 343383 261502 338681 265210 343192 266934 345378 265430 343015 263196 340920 255368 330777 261326 338637 262194 338700 256792 332270 250739 323927 263031 339831 261023 338086 264767 342549 264296 342727 260821 337190 263245 341268 263439 341336 199112 257395 265530 343936 263385 341091 257042 333011 261011 337592 262619 340162 264635 341719 262334 339686 263699 341141 256338 331719 
266533 345185 264371 342179 261834 338981 266621 345198 260553 336948 266600 344439 260099 336815 264520 342580 263363 340897 266221 344440 260662 336601 265387 343157 253649 327771 264523 342341 264868 342998 265382 343629 264308 342078 263940 341847 265124 342540 262010 338926 264384 342744 262907 340631 257635 332990 264878 342627 265279 343352 260900 338341 263552 340390 266628 345237 265660 344701 258486 333971 264368 343538 265112 343041 263714 340621 260190 336641 263593 341529 260160 336460 263812 341788 266135 344376 264188 342562 257968 334018 262086 339133 263905 341027 252038 326787 262924 340835 259622 336645 264395 342228 266061 344364 263266 341007 261537 338223 262734 339939 
263956 341770 265179 343676 266018 344744 263723 341561 265446 343048 265331 343953 263706 342106 264795 343477 264435 342301 265705 343428 266785 345170 261091 337885 265352 343179 259830 335976 260470 337714 265573 343822 265895 343755 265877 344399 259786 335682 250885 324925 268311 347325 266979 345647 263214 340272 262915 339711 264463 342090 264339 342095 266811 344139 264520 343402 239563 310191 263623 341384 261894 338471 264749 342420 264765 342538 265656 343626 264818 342343 264203 342122 266594 345485 262666 340142 265945 343857 266533 344598 264352 342567 263969 341026 264619 342180 265037 343394 266586 345535 263064 340719 264894 342858 267464 345968 260570 336535 263013 340372 
264052 340920 264959 343167 264544 342017 265820 344901 268583 347613 260083 336394 263183 341118 266805 345555 264163 341701 264028 342171 265353 343282 266226 344398 265769 343907 265016 342987 264841 342953 267653 347133 264585 342630 263848 341316 262107 339413 263982 341062 264697 342664 263108 340899 267988 346610 264469 341933 263483 341209 266826 345394 261921 339135 266706 344616 268042 348017 265172 343163 265175 343936 264187 341315 263646 341072 262957 340528 263559 341305 264320 342285 264463 342568 265308 342513 202415 262472 261443 337792 262023 339164 266290 343883 252754 327015 264859 342853 265889 343375 264357 342756 262743 339634 259194 334979 262308 339425 263728 341394 
266923 345160 265906 343647 263088 340477 265577 343544 266879 345609 266357 344725 265834 344206 267659 346905 260971 337364 257588 332532 266082 344317 264680 343383 268039 347008 265316 343136 266379 344838 263944 341625 266129 344021 202846 262788 267581 346658 268875 347761 267174 345464 263953 341738 266976 346003 267594 346830 268985 348026 266101 344106 266274 344752 264675 342609 267538 346616 264214 341926 267060 345770 268227 346882 265019 342987 267544 346814 268440 347016 266973 344935 269356 349156 260746 337051 268104 346618 251718 326030 266537 344099 267808 346925 268390 348139 266294 344298 254250 329064 266062 344116 265982 343820 266535 345642 267221 345207 254685 330102 
263620 340950 267998 346794 268116 347547 267458 345957 265566 343183 268904 348201 268021 347467 268323 348060 258847 334396 261695 337970 266834 345054 260577 337627 266244 344080 268207 347625 263914 341726 265872 343345 267544 346650 266091 344418 269043 347990 267765 346463 267291 346136 256216 331508 267359 345428 266092 344366 269096 348815 254052 328850 264873 342866 266571 344988 266679 344925 268621 348190 266638 344575 265422 343400 264485 342847 267277 346370 267034 346007 265873 344254 267683 346754 265959 344224 264964 342852 265989 344237 268595 348274 269268 348815 260614 337531 268673 347683 264986 342915 267638 345817 267168 345607 265569 343925 264345 342156 267896 347110 
266661 346038 266970 345843 265231 343529 268578 348047 268598 347360 266909 345225 268390 346453 268424 347443 267504 345977 268127 347384 268184 346567 269865 349167 267007 345208 266528 345418 266305 344745 269597 349282 267911 346498 268136 347530 267272 345649 270759 349930 266472 345269 270798 349815 269183 348297 255159 330328 268003 347222 269984 349319 270846 349934 270884 350963 268242 347171 268235 347152 262808 339902 267086 345416 263804 341940 265874 344166 266252 344774 266232 344610 264150 341850 268132 346729 268919 348553 267771 346768 265809 343346 261460 338084 269731 350013 269449 349719 265968 343548 269713 349530 266648 345234 269343 348829 268802 347822 267798 346326 
269316 348954 262966 340002 267322 346461 270969 350719 266735 345110 269782 349512 270483 350704 268188 347474 270598 350669 271570 351328 269491 348970 265737 344534 268212 347518 268227 348259 269248 349180 244085 315742 269021 348592 269994 349409 270626 350456 266488 344854 269713 348852 268877 348362 268144 347470 267899 346850 270188 350099 265555 343837 268579 347509 264238 341625 264900 343235 269869 348796 267326 345974 268599 347186 265482 343571 270199 349843 270199 349790 202090 261764 270209 349269 271135 351349 270790 350017 268844 348403 268807 348331 269371 348776 270001 349127 267440 345470 266199 343665 267486 346790 269254 348382 267283 346435 267747 346263 204544 265312 
224534 290817 269322 348139 269863 349769 266308 344863 268860 347735 271009 350330 269740 349167 270909 350148 270100 349978 270435 349525 267344 346115 262027 338385 271361 350771 269362 348959 269072 348084 257466 333224 268585 347989 270147 349749 268281 347616 271973 352462 269375 348084 268237 347846 257094 332958 271354 350975 271849 351793 265938 343878 269462 349329 270440 349843 266348 344562 269117 347709 268963 348206 269548 349159 268058 346845 269963 349685 269356 348816 266991 345537 265842 344037 268617 347680 265508 343125 268692 347554 268466 347040 268082 346529 266532 344695 271214 350946 271583 352061 268258 347224 271564 350615 269832 348041 269936 349044 269876 348829 
271613 352116 271514 351634 269739 349130 268054 346679 268037 346845 265854 344147 267985 346902 270236 350259 268829 348203 272078 352162 270655 350793 267249 345502 271270 350642 269119 348573 268227 346534 265310 343307 268023 346796 268456 347478 269611 348325 269293 348967 271997 351585 267599 346633 271956 352340 268691 347504 268589 347492 264385 341801 272349 352335 268926 348590 267886 346536 267353 345764 267703 346562 268789 349004 269191 347919 271602 352378 246049 318096 259537 336329 269641 348616 271773 351952 270650 350032 204356 264372 268121 347296 270903 351366 268519 347658 270658 350439 270474 349923 269675 349133 266003 343349 267735 346408 271573 351843 273297 353036 
271435 351362 272767 352247 263955 341786 271640 351706 270454 350978 271368 351744 269329 349121 272249 352377 273243 353882 266027 344190 272258 352814 258920 335134 269995 349532 271785 351983 271352 351407 269807 348799 270974 351108 272145 352106 268267 346810 272825 353431 267255 346013 265156 343389 270840 350871 267688 346461 270180 349377 273431 354119 270598 349711 270330 350177 256409 331470 274085 354779 265724 343512 272986 352782 267988 346334 271769 351532 271246 350914 269913 349862 271401 351474 273133 353415 269051 348757 270952 350860 267751 346454 272144 351888 270765 349753 271210 351710 270184 350338 273453 353145 267675 345993 272608 352963 272834 353079 265523 343797 
273199 353385 270765 350623 272480 352358 271257 351339 273711 354278 270585 350270 268130 346555 272420 352675 273322 354285 274329 354441 268827 348448 271322 350617 271905 352246 272431 353379 272513 352873 263979 342231 271473 351627 272444 352296 268958 348123 272322 352295 273001 353631 271332 351468 271240 350488 270126 349393 206555 267433 266580 344630 264859 343001 271784 351413 273909 354730 269781 349435 257988 333672 273311 354093 271513 351178 274229 354544 267266 345695 271425 351745 273013 353852 272960 354153 266931 345607 244310 316450 269186 347655 272535 353202 270696 351013 271422 350987 272262 352430 272826 353572 273544 354256 272556 352840 272829 352689 271925 352194 
270558 350079 268269 346196 271383 351242 273784 354152 266787 345441 271979 352472 268229 347218 269596 348874 270775 350341 275104 356291 272884 353346 267154 346223 272556 352645 269765 349793 271972 351213 268615 346805 271076 350324 269688 349129 271607 351880 237139 306361 258922 334775 271397 351144 271954 352001 269920 349492 274224 354157 270527 350453 273031 353769 272430 351907 274625 355982 260901 337697 272764 352408 274457 355162 274069 354886 272439 353635 271409 350950 272977 352890 273647 353200 272152 352165 273044 353595 269359 348617 268200 346711 268784 347514 272180 352392 273229 353866 271942 352075 270649 349980 248708 321747 247420 320350 269666 349151 270216 350083 
275653 357074 276137 357690 271465 351773 272901 353365 275643 356498 267098 345566 271930 352454 273964 355087 270609 350117 271532 351327 274884 356378 260246 336912 273208 353723 274197 354811 275104 355824 275351 356791 274860 355548 274225 354271 273689 354484 270969 350619 273100 353288 268529 347564 268153 347056 276077 356839 273039 353933 275653 356479 276716 358103 274545 355355 274192 354555 275048 356500 266307 344757 276031 356839 269367 348085 273116 353087 274202 355178 273623 354072 275126 355945 270411 349956 267509 345562 273443 354190 271648 351247 263885 341094 271896 351767 273133 352584 270508 350257 270238 350372 272318 352026 273819 354705 273634 354352 274265 355917 
273146 353273 276007 356345 273558 353583 275279 356355 273745 353473 272420 352412 272427 352781 274591 355622 274592 355213 273946 354942 275835 357771 271278 351221 272939 353412 275780 357741 277949 359921 274849 356106 277160 359275 271831 352338 275099 355783 273456 353673 273374 354558 268447 347336 275327 355615 275738 357220 275496 356014 271911 351848 273485 354218 273475 353514 208208 269598 274517 355041 276015 357607 274784 355992 272138 352887 259428 335206 274087 353944 271554 351425 276753 357616 275583 356119 268856 348009 276846 358768 274699 354767 266535 344152 272521 352843 274375 354929 275638 356276 206441 267187 209139 271025 275345 356000 275641 356192 274614 355154 
275559 357217 269292 348887 277015 358162 276446 358384 275016 356303 273946 355267 271415 351322 276043 357126 275694 356957 276508 358579 276600 358114 276682 357671 272270 352757 275955 356695 274618 355406 277715 360429 273448 352530 275929 357196 276371 357496 272844 353046 275962 357512 275679 357091 274887 355535 277116 358332 275025 355985 277251 359086 275889 357340 271516 351791 277218 359084 274143 355137 268875 347482 270476 350288 276383 358599 276106 358143 275536 356576 276773 358402 273143 353151 276176 356827 271751 351252 275071 355993 272164 351788 274000 354167 269482 348542 275100 356226 275647 356020 274713 355031 275866 357357 272938 353452 274326 355132 275408 355869 
276871 358974 265985 343723 274833 355576 276311 356703 274825 355408 276996 357681 277405 359035 275879 357068 274027 354292 278215 359425 273016 353929 270515 350325 277333 359060 276477 357806 272266 352525 277984 359919 276413 357945 275316 356743 277796 359199 273187 352689 277456 359082 275509 357117 274803 354899 277228 359122 273992 355322 276218 356472 276972 359024 262750 340475 274273 354611 276476 358401 275440 356740 275341 355406 276261 358110 274364 354923 273779 354098 274243 354616 277532 358029 274380 355187 274619 355512 273143 353829 276789 357535 277307 358221 276150 357706 279471 361449 275779 357048 275966 358341 273632 354068 275439 355500 277302 359029 277059 358395 
277107 358601 277715 358739 277422 359887 275658 356697 277375 359177 278917 361161 277803 359115 280325 363148 278245 360391 268840 347505 276261 357672 275908 356702 274698 355191 278156 360335 277471 359367 276990 357806 273934 354102 276442 357639 274526 355698 275904 356911 251192 324864 278152 359489 278852 360335 278400 360461 277480 359100 278245 359574 272541 353012 273519 354138 265820 344365 278581 360332 279609 362696 276394 358276 276210 357700 275186 356244 277120 357736 274358 354794 278322 359943 275805 357437 277520 359391 276316 357496 277171 358436 276771 358330 271066 350157 276708 358697 276941 358328 275713 355909 280211 362819 278803 360970 277924 359588 277214 358431 
277003 358532 277628 359625 276950 358571 275497 356710 278157 360678 279950 362030 276353 357494 279760 361937 277637 359660 277105 359489 279593 362410 279424 360954 277781 359899 277506 359478 280046 362392 279421 361659 278377 360301 275419 356027 278233 360278 265620 343138 275387 356930 278286 359630 276264 357114 278872 360343 277627 358321 271145 350624 276513 358749 275088 356342 274455 355220 277587 359341 274964 354728 277887 359874 278614 360709 278272 361323 270776 349860 277818 359788 279656 362474 277499 358509 279652 362072 278554 361646 280259 363751 275259 357228 276821 358256 279904 362702 279264 361199 277207 358967 278500 361022 278288 359617 271837 350790 276092 357641 
277817 358445 280506 362791 277766 359467 278470 360127 273427 353302 279520 362454 278098 360105 278961 360409 278659 359884 276279 357868 278099 359649 211284 273408 279938 362468 277829 359772 277055 358555 280900 364065 275185 355870 278497 360040 281073 363955 281207 365003 276656 357699 279263 361240 276759 358940 280086 361904 277687 360013 272355 352323 245572 317441 280409 362395 279115 360947 277655 359072 276703 357838 275224 355886 277968 359105 275410 356162 277206 358869 276006 357103 278159 359482 277610 359664 278183 359759 278539 360384 275612 356836 279500 361833 277673 359380 279087 361262 278455 360361 279577 361932 279517 362310 279896 362476 278903 361621 277108 359102 
278618 360245 277809 359304 278055 359741 281663 364902 279437 361361 279376 361217 280017 362578 279750 361804 271155 350620 270657 350546 281933 365386 282176 364468 272984 353736 275856 356966 277062 358005 280615 362894 277580 359471 281018 363506 278398 359985 276551 357837 277469 358941 277768 359564 280690 363463 279529 361939 277284 358821 283017 367261 275036 355305 278858 361133 277560 358820 277940 360314 278188 360464 280226 363424 276671 357539 277511 359422 278069 360368 277135 358345 277486 358505 280327 363532 276786 358895 281938 365147 254363 329190 279886 362461 279988 362303 281282 364017 280264 362275 280364 363232 280209 362748 277053 359035 274835 355127 277008 358262 
282158 365359 280401 362989 279744 361173 277606 358438 281465 363735 280704 363463 282844 366355 280183 362578 279382 361590 279932 362579 281749 364932 277303 358488 281287 363538 279676 362510 279969 361946 280005 362058 279057 360894 280413 363593 278837 361544 278005 359209 280109 362528 279251 361392 279958 362378 280815 362356 277610 359684 276912 358357 281502 364214 282048 365655 252065 325891 279455 361591 278649 361276 279750 361759 282951 366180 280542 363399 281490 363851 280302 362578 278526 360336 281188 363576 277061 357661 278927 360563 281798 364563 279708 361841 275844 357336 281310 364617 277505 359042 282003 364430 281143 364219 278644 360650 280316 362167 275287 355907 
280581 363440 270869 350854 282819 366607 280497 362724 278346 360665 283468 366852 275006 356437 282786 365604 271365 351752 281165 364191 279936 361738 281249 364826 278919 360531 277976 359778 276676 357619 282812 366278 276028 357144 282585 366017 281947 365503 281290 362905 284121 367742 212408 274917 281159 363673 281141 364259 281282 364062 282972 366045 280569 363576 284081 368345 279880 362282 278630 360982 285181 369046 281379 364069 280870 363742 279347 361679 278629 360257 281934 364947 279080 361367 284629 367952 279228 360783 277808 359588 278094 359975 274823 355186 283116 366822 280958 363729 278059 360000 278957 360667 277969 359901 282763 366020 278930 361293 282496 365834 
281280 364142 279848 362082 280618 362432 282504 365755 279876 362075 282727 366429 282855 365918 270632 350612 280602 363939 280857 364110 280445 362316 282874 365654 215033 278616 279314 361629 281269 364093 215057 278306 283569 366851 250270 324119 282946 366334 281342 363049 273595 353188 282322 364963 281768 364993 275038 356066 265904 343785 282809 365698 281540 363905 282893 366254 282826 366055 284071 367805 283457 366214 280386 363022 282925 365547 281272 363999 279440 361932 279161 361290 282329 364594 279282 361640 280851 363216 283278 366551 282443 366117 279043 360575 283140 366830 284627 367735 281355 364597 283644 366685 281861 364824 282693 366091 282068 365478 281336 363644 
280728 363497 284956 368654 282351 366253 281608 364424 284490 367757 284373 368390 280775 362818 282131 365007 281462 364308 282603 365849 284916 369054 278777 360817 284163 368443 285338 369250 257426 333821 281116 363987 284504 368267 279348 360523 281923 364958 280095 362381 280815 363534 281901 364670 284213 369184 284873 368707 281526 364194 282465 365780 284308 367324 283621 366521 279599 361779 283541 366935 278977 361154 283819 367383 281814 364598 281707 364484 281302 364365 283933 367978 279515 361532 281227 363854 280423 363471 279568 361641 280004 362908 284827 369102 281787 364777 277393 359083 281147 363969 282101 365459 284044 367462 283692 367642 283475 366529 283652 367569 
284167 366885 280911 363383 275208 356100 283741 367524 282784 366150 283339 367257 285404 369410 284348 367917 281650 365009 283721 367098 284701 368409 282668 366212 282628 366023 281320 363413 266852 345662 284896 367963 277218 358124 284592 368400 281461 364165 282024 364486 286529 370832 285266 369890 278428 360258 275949 357012 283990 367826 257926 334631 283981 367119 256277 331682 282751 366165 283240 367141 283727 367392 283607 367154 284779 369067 281955 364238 280903 362448 282838 365540 281708 364590 285064 367921 283679 367318 280995 362832 283879 367492 280735 362683 285690 370124 282524 364996 280892 362560 279672 362048 286689 370749 281975 365010 281783 364923 278561 360508 
283587 366983 284680 368115 284861 368837 281128 364243 284904 367551 279239 361504 283017 366061 283901 367449 282834 365498 284378 368511 282361 365021 283387 366751 282849 365744 284866 368963 286067 370602 258880 334342 278947 361691 285132 368317 273682 353661 283737 367101 285338 368946 286412 370467 280043 362574 284859 369033 283187 366442 283503 367304 284503 368429 284765 368567 286808 371174 282578 366158 284397 368627 283747 367943 284960 369767 284965 368638 282225 365154 284388 367165 284724 368447 284075 366961 283432 366651 285892 369481 282971 365295 285649 369869 280204 361949 284109 368027 284608 368692 282426 364880 285811 369664 284884 368670 284233 367005 280657 363377 
285686 369915 284983 368682 286038 371068 284230 368233 282722 365813 282082 364621 284783 368029 285437 370290 281380 363920 283546 367158 277517 358917 282449 365285 283400 367049 278587 361287 285951 370067 280113 363334 282306 364880 273377 353408 283987 368154 284622 369221 285851 370697 279023 361480 284483 368500 286184 370173 287208 371920 283157 366507 284264 367995 286715 371855 285504 369180 285439 369150 285880 370772 255584 330753 283170 365613 284162 367042 285177 369394 283014 366469 284976 368855 287924 373373 285019 369102 288664 373896 285443 368631 259841 335568 283443 367815 286599 371353 284140 366862 285914 369766 285207 369447 284926 368480 286692 370770 283022 366752 
284488 368248 288089 371844 287979 373132 286244 370963 283704 366859 281079 364227 284359 368107 286925 370872 285390 369176 289521 374969 286944 370507 284965 368808 274362 355282 286140 370657 285766 370780 284243 366779 287082 371137 275369 356194 286573 370378 274131 355140 286406 370594 285304 369539 285646 370924 287963 372474 286999 371380 286208 369881 284881 368457 285632 369555 259774 335858 286258 370200 288113 372322 281402 364115 283490 366876 283018 366398 285444 369674 272780 352880 283808 367048 286585 371085 286145 369856 288502 373663 283816 367840 285572 369308 284825 369022 286518 370681 286259 369463 285977 369988 285154 369113 287858 372678 285628 370197 286862 370749 
289655 375070 288306 372913 283798 367175 285520 368965 288960 374830 287938 372686 286290 370751 282887 365441 258968 335056 285740 369596 278995 360660 287157 372009 290332 375743 284765 369207 288319 373479 279583 362164 286707 371244 285718 370306 289503 374147 287405 371711 284913 368360 285688 370133 282899 365819 284745 368632 285752 369835 285796 370301 288009 372584 287637 372364 279867 361734 276643 358057 283626 366686 282319 365600 288248 372870 284199 367708 285241 368692 284902 368451 285798 369904 285462 369674 287494 372156 287830 372730 284517 367813 286685 371350 281645 365494 288500 374355 283341 366304 258854 334861 282703 365427 284160 367929 284999 368627 288190 372769 
288685 373737 289142 374861 289526 373750 288404 372707 285454 369752 288401 373102 287922 372276 288332 373364 285178 369659 286179 369365 284866 368562 288120 373121 283364 367320 280434 363360 288554 373825 268299 346539 285157 368336 282709 365604 287558 371548 278234 359734 288166 373246 284895 369499 288338 372871 286004 370728 288990 374019 286864 370629 287115 370372 287275 371172 289803 375127 285852 370229 285713 370594 288100 372934 284532 367826 287903 372422 288016 372920 285311 369180 288691 374053 286030 370871 286415 370039 287686 372787 287624 372882 285337 369753 281703 364803 289120 373838 290261 375749 286371 370355 290634 375892 288152 372714 217580 281761 252690 327387 
288460 372401 285080 369724 285430 369369 281612 364570 287388 372182 287611 372070 286524 371141 261510 338240 286914 370980 284775 368954 279705 362637 279473 361409 289259 374955 287601 371250 287011 371171 289740 375350 285758 369971 288249 373686 275533 355750 288240 373178 289350 373537 287469 372788 286651 371087 289091 373664 288779 373719 286572 371276 288266 372822 288490 374123 290627 375939 290693 375630 287140 371307 289070 373503 288346 372550 286597 370390 273374 353543 285173 369247 289172 374359 286044 369754 288982 373910 289797 375210 289910 374684 288898 374044 289859 375137 286860 370873 289914 375654 290006 374940 288625 373692 290210 375452 288901 373533 290562 376110 
276601 358739 291919 377242 289033 374479 287509 372054 288495 372765 292354 378656 285070 368833 291503 377864 285797 369092 289214 374649 291956 377657 288480 373498 287546 372303 287249 371708 289272 374182 288877 374078 285641 370133 286712 370300 289000 373567 288253 372581 287424 372766 282704 365650 286668 370792 285061 368453 290336 376349 289247 373503 289358 374111 290799 377026 285285 369144 292654 379485 289932 375029 285985 370823 290338 374941 288797 373287 287494 371609 285736 369694 289771 374040 262676 339454 290003 376180 288699 374224 290270 375567 289726 374027 291858 378247 290403 376036 280823 363556 288889 373328 287417 371864 286774 371079 286747 370866 290004 374740 
292714 379493 291316 377020 292836 379511 289796 375817 286587 370333 291482 377527 290802 375953 291021 376212 276585 357416 286485 370550 288678 373378 288912 373910 290112 375121 288223 373194 291103 376438 290200 374987 291461 377072 286316 370574 291639 376890 289974 375078 290374 376290 291645 377390 290754 376244 289688 375089 286650 370330 290535 375988 290268 376170 220582 285510 291104 376567 291788 378386 286972 371314 290406 376547 291802 376990 288819 372857 290221 375566 288589 373541 286843 371695 289342 373404 290052 374438 291989 379138 286344 370691 290821 376085 292512 378110 291122 377232 288423 373902 287599 372410 289989 374674 289135 373957 285900 370680 275489 356669 
292973 378130 292274 378861 291344 377336 290441 375327 291826 378010 292633 378181 292979 379755 288501 372728 291291 376867 286815 369865 292071 378225 290782 376110 292634 379028 289464 374713 292888 379393 292058 378349 290531 376726 289520 375399 294183 380890 292520 378955 291621 377419 286857 372135 284279 367944 290677 375181 291815 376932 291306 375723 262781 340275 291040 377440 289484 374017 294128 379246 291753 376933 292159 378469 220635 286048 289422 374226 289835 375425 290701 376588 289856 373975 286600 371089 285771 369376 287692 372333 291725 378188 292048 378660 292217 378558 292081 378169 266223 345439 290157 375787 292099 377616 291800 377674 275500 356038 288328 372440 
294104 379919 293585 380409 288554 372736 289101 373951 289963 375037 290585 376102 292016 378325 292400 378405 292634 378673 289293 374986 287433 371855 284416 368288 293425 380147 288814 373947 291761 377906 293494 380961 289873 375197 292283 378462 293904 381059 290817 375875 290205 376076 285723 369682 290898 376764 292047 377642 289172 373812 293605 380719 291453 377250 293031 379426 277900 358942 290710 375859 293120 378882 291542 377953 290738 375377 294292 381313 286805 370581 293466 379982 291071 376582 286028 369040 289833 374053 291370 376956 289500 375233 287859 372695 291609 377723 283286 367189 291041 376521 288638 373883 289468 374149 292442 378977 288092 373149 288982 373857 
291599 377347 291345 376580 290031 375237 293700 380273 291734 377712 293675 379684 292818 378191 287590 372565 292672 379104 289176 374116 294638 381913 291944 378547 293602 380467 278647 360421 291562 377364 292530 378622 292268 377534 291134 376752 291031 376743 264514 342242 291688 377308 293661 381061 278075 359631 293681 380113 295908 383076 293416 379187 289558 374848 293390 378858 290989 376405 292373 378514 294059 381129 287445 371853 294614 381864 286839 370783 293539 379593 292662 379388 288538 372874 279552 361055 294756 381202 292214 378415 288583 373364 290818 376071 292179 378486 291042 377497 294210 380244 291829 377809 288958 373381 292169 377453 292407 379463 290441 375307 
294624 381590 292832 378599 293648 379464 294442 382218 292315 378176 278664 361020 293613 379978 295502 382289 294524 381215 291353 377054 294647 381307 288794 373694 290679 376576 292130 378349 293966 380895 292587 378904 292826 378691 293335 379690 292763 378312 292439 378606 293747 380128 291405 376665 290151 375713 291438 377136 291182 376773 293157 379495 293844 379749 294919 381362 295835 381851 293123 379561 295860 382777 293059 379796 290727 375818 277061 358969 282186 364985 295567 382993 290721 376564 294783 381657 291906 377645 291554 376407 297298 384474 293786 380711 291770 378080 292738 378458 293383 379474 285400 369095 291598 377065 291168 377095 292158 378820 293235 380160 
294421 381648 293177 379593 293617 380189 294267 379658 296042 382738 294645 380886 293254 379521 291452 376887 291739 377612 290491 376337 294593 381105 292042 378616 292866 378698 293151 379531 293650 380255 295279 382570 294489 381460 295979 383801 296129 382540 291620 377170 293070 379037 292826 378565 286912 372072 291950 377734 290967 377360 292770 378511 292056 378063 296506 382929 289462 374629 291817 377883 293498 380028 264857 342458 287270 371625 289648 374638 296001 382126 292064 378310 295072 381400 295709 382531 290140 375014 294434 381379 293429 379854 289201 373771 288473 372975 292790 378322 295102 381388 279330 361683 295123 381657 294530 381430 294926 382004 293265 380030 
296269 383299 296179 382629 292654 379338 296695 383630 288477 373530 294111 380206 296497 383749 291867 377736 294584 381549 294109 381185 295136 381895 292625 378932 288197 373037 296219 383476 291069 376545 292329 378275 295777 382186 297401 385060 290598 376168 294556 380999 294001 381075 293989 380242 293655 379601 291745 377582 292657 378490 292828 379229 293486 379904 293708 380015 296972 384411 289533 374736 295534 382467 293990 381093 297501 385650 289612 374821 295708 383392 294521 380517 296576 384237 296540 383514 223254 289040 295098 381559 298332 386923 292804 379483 295874 382834 293980 380130 291219 377566 294587 381179 292031 377574 292609 378369 296572 384460 293564 379508 
294239 380251 293363 378240 290729 375688 291281 377105 296526 382898 296376 383324 295163 382255 282109 364595 295571 382402 294867 380977 294563 382163 296615 384041 294052 380307 295306 382452 296384 384066 298219 386182 266018 344379 296720 384042 287921 372097 292191 379077 295677 383263 268165 346934 266366 345138 297051 384606 210285 271890 297221 384442 294406 380840 293245 379936 292234 378119 296269 383192 295013 381415 292706 378238 295688 382612 292169 377994 296910 384237 297612 385724 292625 379669 293950 380273 296578 383944 293528 379474 296056 382760 274496 355325 297459 385091 293748 379890 295621 382254 295778 382928 297434 385580 294327 380836 296874 383583 293293 379992 
296161 383814 297319 384713 294965 381332 296309 384180 298502 386978 288878 373634 294937 381724 296292 385109 291892 377936 295371 382353 296568 383790 296300 382944 298256 386463 296361 382232 299413 387597 296941 384617 295635 382242 293076 379846 297279 384194 287434 372403 270395 350508 298018 385786 295471 382752 296301 383535 297792 384907 296714 383277 293770 380933 293242 379621 282441 364507 298718 386723 289737 374689 295446 382767 295049 382319 291512 377029 294262 380821 295344 382466 296348 383977 298488 384962 284607 367934 298745 387746 294637 381640 296830 383572 296307 384332 298047 385902 295763 382664 296633 383846 281297 363492 296243 382906 296359 383341 298755 385883 
293922 380326 297300 384373 225307 291180 294276 380268 298031 386161 297282 384372 298665 385800 297074 384880 297209 383902 297562 385360 295419 383112 297101 384005 297540 385909 298465 386893 299144 386999 295395 382644 297751 385358 297168 384715 297381 384696 295146 382249 297331 384288 292098 377074 297891 385519 295580 381637 296671 384159 296413 383805 297250 385042 296276 382463 298741 386381 292890 379495 295954 382901 296087 383668 293997 380612 297525 385185 284269 368347 296684 384153 300312 388967 296128 382955 296359 383461 289533 373828 279530 362335 299867 387893 296897 384557 298139 385303 268116 346872 296679 383644 298024 386140 298566 386891 296915 384579 296706 383942 
299088 387188 295936 382761 295811 383595 295779 382713 297034 384695 301335 389488 295762 382513 300183 389349 297813 385272 298287 385551 299210 386728 299154 387742 299168 387663 293344 379284 296072 383360 299802 387898 296130 383107 299158 387099 300008 387965 297331 385277 299431 388392 295138 381438 299043 386749 298676 385972 302301 390540 298435 386141 295836 383009 294739 382275 295002 381652 298255 386446 298672 386964 296355 383520 299052 387018 295774 382739 299824 388585 286604 370845 294009 379909 285247 368994 299293 387393 293202 379473 296773 384225 298303 386029 300635 389519 295007 381466 298299 386032 297333 385323 295886 383625 292410 378729 300669 389350 300691 388524 
300726 389745 299624 387670 298169 386319 296276 383334 298261 386110 298110 384953 299255 387814 298330 386042 298825 386381 301232 390679 298717 387084 296609 383913 300108 388694 300422 387871 296937 384772 300735 388763 298411 385830 296138 383345 300383 389112 300531 388755 293566 380802 300278 388170 286270 370380 296745 384413 299792 387042 299131 386786 288672 373449 270486 349411 298821 386191 300145 389377 300122 388855 298822 386771 299630 386882 298860 387436 299785 388508 296046 383195 298459 386516 299749 389038 295115 382280 299677 387975 297132 384311 292436 378481 292814 378890 300853 389161 271922 352407 299820 388668 298295 386070 299078 387012 299106 387741 300813 389684 
301348 389312 296048 383317 302182 392021 296887 384164 294930 381827 300393 388441 299019 387342 299247 387243 298522 386227 299955 387833 299615 388359 299871 388009 299979 387349 299570 387639 299670 387965 291368 376652 298696 386711 302045 391088 296742 382902 297085 384305 297975 385865 301781 390780 297387 385550 300298 388155 298771 385876 297779 385529 300875 389456 298119 385619 299823 388500 298497 386020 294305 381495 301216 389323 303507 393393 296593 383648 299575 387906 302303 390752 298741 386081 302258 391089 296996 383330 299248 387619 303026 391209 297467 385324 297760 384904 300893 389818 293458 380026 301027 390407 297747 385413 300750 389627 299610 386740 268691 347075 
300611 388325 300799 390050 296664 383723 295189 382201 302073 391694 296731 383473 301098 389244 295559 382372 271917 351631 296964 384704 298675 387182 298132 385206 298027 385447 301602 390710 297748 385236 300788 388974 300251 388715 298923 386697 300447 388269 285491 369411 303462 393743 302228 391231 294271 380779 292054 377127 297246 384931 297081 384764 300329 388079 299300 387710 298895 386087 300702 389800 299720 388163 302351 391473 302480 391816 302772 391024 301241 388762 299317 386773 302141 391636 297349 385051 300281 388301 300287 387861 299319 387507 300342 389364 300007 388426 298632 386613 299693 387360 299677 388282 299204 387520 286539 370840 302224 390871 299920 388249 
299888 387835 301515 390479 298444 386551 296465 383539 300397 388186 301469 390672 299276 387564 303516 392725 299832 388391 301177 389244 302357 391710 299557 386969 283924 367044 296240 383536 302066 391080 301961 390337 274330 355390 301210 390317 299071 387490 300845 389461 301703 390601 302601 391706 299234 387118 298575 385488 300353 389200 304313 393538 299377 386527 299682 387222 297302 384544 300311 388673 303594 393026 296110 383330 302123 390869 301633 390725 302003 390611 300163 388400 300469 388605 301679 390340 302233 391520 303515 393106 297901 385408 301821 390603 301777 390910 300442 388994 298954 386876 300439 388579 304516 394155 300472 389043 303072 392424 304477 394207 
302152 390772 302620 391784 304858 394898 304784 395144 301753 390760 301678 389419 304554 393884 297963 385867 299416 387544 298938 387248 302710 391695 297386 384847 301206 388786 302525 391585 301027 389015 302103 390805 302580 392097 302914 391470 303477 392884 304255 393039 304478 393436 303895 393753 300625 388534 301178 390245 299914 387100 297253 384292 300826 388510 305440 395062 299119 386481 301477 390072 301802 390207 302120 390804 303715 393631 303897 394003 302527 392385 300214 388504 301197 389116 298775 387227 298563 386619 298251 385369 302863 392588 302277 390877 303801 393215 302803 392286 301095 389784 303510 392430 300510 388722 302435 391779 303393 391772 304040 393442 
304951 393579 305316 396013 293999 380483 304076 393958 303843 392393 304685 393779 297265 384625 302518 391600 300159 388679 292275 378582 303219 392045 301029 389717 294411 381410 302459 390748 301707 390367 303737 392699 301767 389834 301904 389928 301870 390157 300783 389282 303897 392856 304212 393526 303263 392523 304514 394771 289088 373785 306098 396707 304602 394489 305600 396000 305894 395300 301959 389984 303157 391432 289981 375159 304233 393152 304373 394050 302148 390613 302400 390932 304762 394804 303407 392053 301711 390032 302500 391059 304495 394154 304479 394121 304115 393660 304352 393350 296263 383923 304341 394620 302671 391279 303842 393822 303386 392799 302671 392098 
303627 393195 305679 395901 305289 395551 305846 396402 304973 394120 306282 396906 305244 394640 305340 395375 306299 396907 303998 392682 303061 392343 302441 391716 301900 390406 304029 394112 304574 394162 302080 390957 306349 396646 299690 388605 304490 393736 303387 392156 305417 394895 291243 377321 286703 371789 232112 300099 303240 391841 302157 391572 304074 393521 302287 391266 304176 393272 300583 389050 305182 395579 303691 392617 306878 396859 303910 393772 301460 390670 230529 298568 304212 392685 299905 388784 303387 393082 302206 391005 306056 396016 303889 392321 305119 394384 301364 389631 301945 390812 306191 395969 304195 393926 273080 353417 301927 391190 303311 392227 
305459 394874 306172 396403 302508 391965 301351 389200 298313 386568 231245 299696 299353 385824 303067 392498 303592 393609 304678 394065 305848 395250 305238 394692 307483 397943 304412 393710 289928 374685 305336 394978 307125 397653 304793 394220 303455 392987 301474 389556 302189 390887 304896 394690 305540 395535 303550 393080 305665 395774 306206 395887 299710 387760 303182 391910 303360 392746 299446 387572 290819 375685 305416 395005 302173 391250 302654 392315 306393 396396 305367 395513 305001 394654 306016 396345 299264 387601 306471 397747 305004 395038 303350 392323 305718 395646 306480 397051 307452 398525 304369 393717 307980 397990 306625 396368 306558 396641 305070 395466 
307059 398003 305126 395171 305134 394542 306647 397212 308163 398181 305752 395612 297397 384446 307703 398276 306510 396380 302206 390519 305618 395362 305660 394855 305716 395526 302390 390177 302819 392178 305513 396135 303924 392600 307623 397527 304139 392457 306849 397831 305064 394831 305864 395641 304846 393606 291257 377263 303854 394206 304791 393810 307299 397799 305351 395661 302646 391278 305768 395897 299754 387990 296624 384586 272555 352481 303848 393097 306148 395941 302563 392313 304794 394416 303196 391436 307633 397718 305401 396075 307521 398935 305041 393743 305562 395517 305933 396996 306685 397088 307623 398916 304290 394607 304412 394169 300698 389624 306156 396524 
305235 394985 308915 400095 301472 389808 296793 383411 305707 396046 300248 388653 309969 401606 307401 397896 305320 395380 303624 393199 305587 395512 305989 396261 277469 358570 304694 394464 307600 398784 305515 395603 304617 394410 307739 398646 304181 393808 278862 360409 306039 395216 307832 398819 305733 395996 305004 393578 299226 387509 308488 399146 308383 398956 307743 398296 307823 396835 306253 396231 309687 401001 305528 395634 306776 397254 307198 397201 307453 397627 306856 397449 305582 395383 306038 395846 301556 390017 305510 396005 304561 394841 301285 389790 304895 395203 304689 394617 304817 394648 304490 394003 305745 396290 305178 394284 305884 395688 308024 398127 
304793 394962 306787 396853 309996 401706 305866 396156 300424 388994 305955 396259 307153 397551 308660 399675 309454 400440 307687 397168 305871 395934 309490 400865 309389 399630 307295 396956 278297 360290 308912 399942 300112 388263 305988 396326 301553 389742 306020 395854 303289 392316 305040 394949 301070 389550 307265 397711 309094 399893 309101 400114 304710 394767 299369 387462 305953 395925 309953 401697 303756 393765 308724 398795 304303 393505 308056 398516 299002 386713 307562 398222 309959 401459 306412 396029 306310 396319 306518 396246 297535 385313 308907 400153 307501 397926 305926 395954 310419 402282 308961 399381 308352 399424 308170 398772 306733 397584 310440 401642 
309157 401133 306366 396991 306625 397066 307278 398171 308758 400180 300496 388760 308268 398975 301066 390445 306913 397653 308976 399791 310008 401155 309508 401100 307843 398863 234428 303141 305432 395555 306119 396426 305943 396233 309179 399671 307555 397961 308350 398637 304090 392810 307452 398824 294639 382309 305225 395086 304438 394138 308348 399470 311795 404691 306702 398010 310351 401608 305983 395662 308026 399315 309888 400908 293611 380121 310347 401460 305198 394521 309602 401581 303945 393683 309206 400513 305466 394481 308744 399697 306785 396880 278122 359692 308456 398742 309109 399764 306988 397398 309660 401001 307419 397312 306547 396956 305635 395673 306541 396545 
309752 401169 305026 395360 304850 393587 303675 392356 310582 402444 311601 403336 307051 397659 308635 398299 309799 401068 309437 400593 308488 399137 309161 399575 308913 399087 309021 400370 310527 401745 311157 403124 306196 396508 296400 383488 307422 397901 305421 395260 306395 396841 307839 397837 308540 399408 307788 398068 312393 404049 306691 397208 307166 396375 312367 405054 302193 392042 307613 397851 307415 398005 307855 398277 309589 401103 309031 398758 305736 396444 310099 401575 306863 396055 309917 400772 311191 402950 310442 401438 309009 399859 307907 398207 308590 399722 310407 401582 311642 402729 300354 388183 310049 401344 312327 403425 310013 401060 304142 393029 
302877 392623 312376 403595 310548 401614 308255 399409 310978 401817 306999 396797 311410 403411 308371 399307 305761 394679 304755 394433 308433 399906 308886 400184 301830 390382 309026 399753 309831 400244 308984 400249 311959 403568 311056 403091 302546 390968 306446 395978 307625 397981 307957 397882 313036 405315 302970 392620 310476 402694 310877 402678 310101 401731 309080 400341 310389 400973 312043 403912 306610 396333 308603 399443 308300 399008 236300 306177 312222 404792 291409 377661 310353 401857 292996 379810 310757 403133 308315 398652 309687 400876 307486 398597 311383 402395 308572 399455 309739 400378 306171 396774 313074 405306 305877 395787 310276 401507 307909 398778 
307374 397305 309871 400509 311609 403546 310006 401226 308247 399323 310265 402068 312338 404145 308467 398928 206623 267070 307980 399096 310059 402023 311847 402899 295361 381502 308525 398684 312411 403693 311336 403584 311696 402281 312514 404188 307902 398370 309605 400630 310906 402662 308557 399132 309750 401136 311625 404163 308540 398635 306500 396263 311364 402661 311647 403391 308792 399902 296751 383978 307061 396492 301311 390347 312434 403772 313308 404303 307112 397656 310102 402162 310555 402214 308576 398449 309268 400248 311921 403864 310749 402149 312821 405025 311277 403253 311301 403312 308589 398559 306906 397758 309341 399484 308834 400832 312184 404430 311272 402965 
303412 392093 279940 362451 311304 402601 301399 390466 311756 404102 312266 404883 310289 401920 310457 402286 312745 404300 311653 403657 303545 393085 313405 405353 306253 396418 307893 399375 312384 404738 310680 402289 311456 402942 310402 401975 312436 404188 311853 403500 304962 395195 307715 398220 309527 400398 309911 401465 308814 399018 309367 400102 310816 401996 309230 399666 309023 399821 309465 400748 310130 402048 311936 404052 310102 401569 311768 403749 311773 403143 281459 363931 307953 397760 311767 402796 308630 399913 303661 393142 298245 386252 303878 393155 302688 391918 310863 403290 311593 403640 308049 398800 308813 400011 312096 404262 300990 389475 310500 402105 
310670 401875 313669 406363 311659 403049 311882 403694 310428 401534 307400 397658 312367 404726 312894 404320 311382 402626 310792 402283 315896 408490 316163 409793 312592 405145 309161 399952 310983 401722 283630 366062 312062 403593 309095 400361 311409 403200 308076 398530 312292 404175 298467 385829 313893 406990 301425 389432 312708 404587 311892 402922 311222 402622 310399 402011 311115 402134 312382 403784 313248 405822 311018 402371 308639 399876 309694 400629 313053 404858 295012 382256 309368 400502 312808 404353 313873 404871 311059 402384 311340 402981 311641 402979 311863 403739 311958 403045 311986 404312 312204 403750 314007 406811 315097 407718 310910 401227 310882 402382 
314672 407261 313966 406415 313196 404478 305742 396213 313182 405791 308320 398749 308510 399995 314390 407247 312133 405075 313678 405324 310910 402665 313027 405682 313524 405883 312980 404012 312132 403461 308865 399350 313542 406046 312624 404026 312559 405297 315222 408181 312889 405481 314428 406890 313899 405663 312024 404327 313306 405033 311755 403760 311435 402082 313464 405517 314440 407220 308561 398476 312666 404569 303815 392200 310030 401616 307583 397947 314495 407397 314274 406385 313415 406426 314589 406954 313449 405290 314252 407212 314333 406480 313225 405035 310743 402325 309276 400185 313641 406404 312909 404702 314019 406309 313729 406676 311657 402775 313199 405310 
314387 406822 314610 406284 314129 406698 299401 387633 309872 400992 310627 401381 316433 408956 313486 406030 284818 368614 314126 405238 314929 407835 315449 409234 282439 364757 307645 398484 310685 401301 316274 409687 311457 403497 316816 410153 314785 407533 315122 407907 307891 397305 311537 403456 313945 405914 308015 397899 308643 400120 315735 408378 311708 402436 312947 404409 313874 406086 314509 407585 314650 407362 314935 407692 306759 397079 313517 405635 313604 405436 302020 390301 314066 405933 310659 402339 313816 406665 315302 408022 312426 404847 310396 402559 312578 403158 311535 403310 305372 395540 314356 407403 313150 405745 311971 403843 307874 398881 315120 408356 
310065 400631 315242 408208 308563 398736 314736 406415 308616 399032 317738 411367 306457 396171 315092 407150 312122 403927 315328 408574 315876 408764 312264 404860 314820 407878 311974 403212 315232 407538 313086 404283 283380 366808 315543 407806 304112 392861 315741 409183 313902 406299 313851 405930 313215 404541 311556 403603 315395 408343 316828 410186 308130 399312 286017 369552 299189 387255 312731 404442 313601 406295 312427 404041 316013 408539 314707 407471 315735 409299 316647 409949 311040 403168 313565 406557 314779 406356 316466 410113 314491 407102 316267 409131 314108 406401 311951 403326 311778 403434 314204 406794 313497 404951 316125 409831 313648 405934 313160 404770 
315136 408000 314236 406822 311124 402664 311625 402652 316839 410498 312748 404147 314461 407321 317412 410064 316667 409517 316529 409103 316715 408806 316186 408900 315902 409188 314708 407206 315018 408363 313454 405128 314651 407347 314136 406249 237393 307138 310699 402671 305637 395621 315673 407595 314024 407375 313250 405319 316674 409524 314436 406648 314493 406123 316764 409377 316895 410785 313364 404941 309616 400870 314515 406930 312461 404991 316148 408374 301459 390353 315797 408866 307876 398161 314957 408130 313942 406089 315958 409270 239166 309710 319291 413627 312592 404104 314158 405822 313952 405888 316200 410105 314707 407477 318225 412421 316786 410562 315740 408654 
312202 403812 314032 406545 309504 400737 316056 409331 314673 407335 314665 406906 315912 408162 318720 412528 313128 405097 316526 410108 318415 413070 316489 410069 314133 406633 313972 406039 314620 407571 316835 410262 317328 410031 310546 401409 317851 411101 316775 409287 317627 410699 318254 412364 315253 407797 316410 409985 315221 408047 314013 406156 318710 412347 315969 408733 312565 404956 310492 401806 315985 409329 316119 408765 318587 412030 316254 409459 316189 408063 315971 408660 312872 404227 315463 408543 318423 412204 314109 407170 316029 408294 318594 412316 308406 399357 318900 412878 310215 400871 318673 412694 309718 400653 315710 408302 315163 407895 319208 412178 
316346 409128 318359 411677 318430 413074 315655 408530 317393 411815 316962 409476 316223 409356 311050 401453 315527 408280 315017 407110 315372 407943 314712 407083 319812 413780 312893 404879 317101 410225 316657 409999 316215 408979 317756 411519 319682 414167 315971 408220 318808 412341 315363 408394 240479 310804 319405 412942 318783 412800 311704 403548 315633 408458 317550 409764 315275 406997 317571 411306 316868 410480 316824 410145 316541 409290 313722 405607 317971 411326 317318 411184 319759 413797 315899 409274 312717 404263 317334 410526 316066 409495 319596 413441 314220 406446 317159 409877 314887 407142 303279 392700 315810 408584 319038 412215 312851 405393 318448 412319 
321044 414919 316786 410332 318422 412712 321243 416059 317920 411815 318945 412731 315463 408184 318208 411765 319381 413289 315241 408036 315781 409019 315085 408210 317873 411698 317798 411152 317293 409893 315879 408473 317622 411316 319787 414292 317674 410826 318988 411941 318711 412417 317488 410694 317603 411109 316571 409534 312978 404812 317936 411355 320259 415281 319183 413263 317253 410202 317396 410257 319210 414520 319252 413803 316480 409641 315720 408533 316609 409834 312511 404525 319431 413500 314982 406994 321598 416103 308223 399320 318821 413650 315164 407341 241315 312759 317827 410786 320239 414006 313322 405590 317480 410269 318423 412470 315624 408862 312178 403553 
321412 416093 300955 390101 316992 410514 319264 413252 319853 414421 319227 412895 318079 411726 320220 414663 319201 413643 312919 404824 322300 416892 320698 414083 317890 411576 306001 395763 313520 405558 321212 415606 318457 411559 316273 409413 316020 408929 318738 412089 319037 411959 318476 412090 316822 410674 314982 407684 316591 410197 319058 413390 318436 412824 316012 408074 317185 410236 316253 409426 305382 394398 319134 412909 315453 408953 318214 411060 315616 408391 317042 410097 315964 408397 318398 412600 314885 407167 319248 413065 321019 414921 308846 399057 315801 409382 320210 414462 316027 408822 317687 410488 320086 413956 318137 412545 315146 408263 317404 409765 
317711 412002 320414 414790 287922 372860 317467 410874 319746 413732 317638 411283 314239 406832 320919 415768 319814 413615 317088 410691 321530 415822 322569 417433 317045 410253 307311 397069 323442 418640 318951 413347 318099 411448 320447 414868 323385 419174 318576 412922 311327 403166 319272 413662 319620 412871 317853 411720 320855 416104 322666 418637 319595 413494 317846 411613 321610 416112 317749 410381 323346 417672 318725 413130 322293 417463 317402 410655 319650 413918 312774 404239 321028 415342 320218 415203 321249 415642 316019 409311 322694 417327 319307 413085 318015 411637 314153 406400 320651 415062 313440 405797 318707 412830 243312 315604 320201 414042 320058 413428 
318843 412351 319115 413387 306856 397275 321907 416502 320485 413625 311742 403073 312903 405441 322217 416839 319763 414097 319842 414329 322677 416708 319494 412781 318505 411263 321611 416996 318646 412441 320307 414889 290607 376374 321723 416704 320074 413261 319890 413347 289930 374206 321509 415959 320068 413127 322276 416693 320650 414976 314478 405879 318622 412029 317777 410831 320678 415324 322544 416826 321156 414976 315996 409155 318038 411597 321620 417308 319444 413884 315419 408229 319517 413114 320194 414728 320555 414824 319517 414378 319662 413483 320024 414356 319559 413251 314669 406634 319505 413931 322346 417347 317068 410090 314869 407608 319420 412864 322780 417951 
321168 415677 319228 413748 285002 368148 316873 409568 307591 398038 320631 414789 322198 417440 323823 419692 318627 411745 323296 418426 318036 412015 302951 391834 319635 414218 317151 409724 321615 415815 319036 412850 320825 416194 321985 417970 318159 412428 323762 417900 316868 409260 322396 415935 320623 415270 318906 412678 317817 410765 321643 416759 243605 315616 319425 412841 319231 412822 320827 416287 318666 412677 321779 416712 321774 416642 315728 409194 320597 415006 291286 376845 317876 411521 240940 311999 321987 417235 316602 409217 322054 415871 320959 415590 317429 410814 320797 415747 316610 409446 318705 411330 291880 377935 323711 418649 323134 418502 318659 412223 
319713 412836 323267 417828 321280 415071 321632 416080 294996 381816 323306 419254 324637 419484 323733 419438 319584 414336 319478 413864 323716 419865 321489 416448 318260 411411 323087 418327 323475 418022 320392 413712 322328 418079 320246 414916 317745 411541 316089 409446 322556 417107 324705 420526 323802 418811 318228 412220 322948 418158 318961 412542 321024 415087 317405 410685 322525 418139 322393 416220 323700 419802 322799 418231 323214 419032 319491 413495 321712 416657 323826 419296 316659 410351 319187 413792 323644 418711 321351 416065 322017 416831 320090 414272 322929 418210 323749 418996 321487 416587 323646 418157 292193 379015 321408 416340 321664 415947 322196 417411 
319837 414027 324473 420462 319618 413171 322113 416443 292076 378701 317998 410735 323588 419479 322849 418498 322003 416247 321913 416714 325211 420645 323108 417731 323982 419736 321478 415904 305530 395361 323833 418959 321190 414699 321641 416821 324096 420019 321066 414846 321574 415880 322493 418074 319145 412010 324481 420510 323981 418656 323208 419006 326104 422337 323829 419320 321676 417192 324375 420243 321309 415525 320370 414764 322382 417069 319532 413954 320724 415206 324560 420084 320166 414018 324759 420944 321413 415633 325991 421225 320182 414562 325969 421752 321147 416151 323338 418573 317545 411556 316604 410501 321008 415888 317393 411993 321527 416960 324696 420735 
324726 419816 307646 397778 320255 413942 321667 416545 324418 419404 323924 419792 319471 413921 323295 418948 324038 420119 323655 418201 325645 422105 322061 416590 324323 420656 321996 417618 321010 415221 318536 411222 324710 420272 324281 419480 322535 417972 323286 418510 325017 420469 321842 417311 327132 424030 321561 416212 323263 418257 322734 416884 324191 420200 322991 417985 324498 419754 324097 418952 325289 421623 319001 412207 325499 422265 324362 420278 324693 419373 325673 421447 324160 419656 321286 416333 316592 409811 325002 421511 321390 415649 323132 418005 324507 418803 326445 421751 322838 418287 320913 415305 298991 386826 319848 414046 323953 419975 322569 416141 
324687 420920 316737 409381 320526 414865 326832 422857 322267 417422 319030 412091 324702 420389 320228 414529 324722 420093 317680 410604 317358 411440 322576 417419 323918 418600 312028 403707 327379 424124 323205 417603 324051 419907 311684 403467 324121 419850 322721 418061 323722 419605 324417 419230 324495 419513 323393 418118 324770 421469 323670 419085 326010 421869 326357 423106 323597 419098 322637 417920 322912 417918 321158 415694 328324 425575 324542 420644 321246 416519 319259 413721 326706 423357 324421 419939 322802 418517 326028 422169 324640 419740 323128 417916 323247 417671 323574 419009 321692 416244 327983 425077 325308 421358 317843 411929 325625 422027 323785 419980 
246356 318676 321301 416225 326152 422138 326000 420745 327897 425032 321027 415325 327782 424673 321337 416328 328535 424516 325178 421165 325611 421628 319049 412537 327209 423491 321708 416230 323754 418955 321340 415544 326541 423676 324392 420578 322660 417669 325472 420504 325100 420884 324531 420902 322296 417789 319929 413259 328129 425386 325857 421507 321923 417075 330029 427528 324629 420602 323135 417364 326320 421896 326326 423312 323514 418290 325324 421545 326202 421925 325699 421508 324894 420901 321811 416315 317319 411052 322809 417402 326211 421832 327487 424596 324797 420664 325182 421376 325523 420764 323919 418771 311709 403303 319944 413740 322714 417644 325168 421052 
330520 427369 324575 419725 326013 421619 325281 420574 325123 421474 326011 422276 324603 420469 323543 418942 327968 424293 324082 419354 325942 421401 325132 421155 327028 423284 324047 420284 328090 425190 320014 414141 324232 419693 327467 424754 323912 418408 322232 416969 327640 423517 323153 418206 326156 422264 317624 411783 329684 427784 325363 421398 325138 421151 308378 398764 326057 421926 326250 422310 328482 425857 326598 422742 318061 411404 317075 410383 323049 418385 328218 424955 326940 423441 325108 420638 247349 320259 325293 421217 327257 423126 326661 422294 326527 422090 327237 423892 324857 419888 326606 422807 321952 415307 325195 421045 326922 423342 325849 421902 
309151 399982 316396 408882 324238 419211 321730 416030 328808 426628 325691 422140 306732 397643 327855 424707 325715 422025 327459 424107 325583 420316 328132 424732 325135 420816 322604 416181 329547 426826 327286 422942 328763 425534 309392 400662 324622 420683 328170 424552 329733 427003 326741 422240 326802 423211 326705 423017 324224 419810 327927 424441 326923 423424 325116 421166 325568 421582 327639 424096 325168 421601 326428 422457 326646 423286 327793 424094 326627 422557 328919 425373 327704 424344 326926 423580 326413 421313 325339 421075 327483 423824 324970 420611 326751 423009 326809 423495 324396 420180 330698 427819 329016 426188 327727 424110 325809 421197 325064 419778 
323050 418819 327950 424815 323016 418257 328665 424249 327569 424492 325595 421507 326819 422895 323291 418344 319581 412895 327384 424118 327284 424267 326087 422073 323069 418391 327365 423671 327367 423213 328229 425451 326661 423501 329155 425686 325970 422476 328336 424763 326840 423985 330945 428393 328220 425321 325805 422251 326817 422487 311396 402556 327782 424481 330752 428023 327222 423547 328267 423798 328014 424558 327557 423790 329140 427097 324111 418355 327029 422631 320048 414641 327627 423838 322504 417012 325170 420414 329478 426034 328913 426599 327717 424448 326687 422043 329313 425749 324941 420750 322675 417050 328009 423954 327533 424494 328593 425613 326190 422418 
331252 428464 331695 429465 319594 414019 327921 424240 329729 427821 323690 419071 330379 427063 327780 423959 325122 420770 320793 414450 326933 423812 327044 423282 325683 421403 329776 427044 329073 425909 326136 422851 329585 426174 324951 421047 326500 422192 329557 426730 325536 420975 321921 416059 326020 422134 329356 426239 328002 424682 330712 427537 328418 425602 331064 428820 329136 425781 329671 426308 328411 424791 297483 385355 328306 425333 322344 416929 325361 420825 329635 426147 328839 425739 330842 427723 332289 429395 325117 420883 327535 423799 327346 423904 328223 425128 329155 425752 324478 419657 328168 423921 328816 425841 328384 425350 329883 427749 327141 422918 
326025 421969 327514 423754 330028 426850 325687 421143 329334 425248 320756 415201 330177 426959 298734 386623 316394 409375 329295 426690 327824 424701 329921 427725 316941 410220 330362 426572 330402 427527 326938 423126 332801 430650 331441 428571 328764 426191 326583 422525 329253 425609 332630 430444 328593 424814 327542 423067 332509 429808 332340 429142 331043 428328 330582 428985 328235 424517 330173 426621 330042 427283 329257 425032 328901 425545 327680 423562 322968 418197 330339 426773 327418 424098 328375 425006 328196 425045 331415 429837 329619 426036 330799 428126 332849 431294 330112 427096 327556 424221 330999 428745 328739 425980 327178 423711 329991 427902 331937 429636 
330389 427735 328954 425550 322838 418127 330693 427565 328974 425649 331175 427746 331606 428264 330425 427092 330377 428361 328143 424798 329339 426371 331409 428184 328241 425215 331380 428284 326694 422111 331501 428879 331447 429381 325150 420553 330877 428745 327124 423362 329613 426767 320581 414565 330534 427973 323608 419411 329049 424949 327734 423788 332563 430197 300089 388178 326719 423521 326498 422666 326447 422424 328682 425920 331903 429576 324090 419770 327698 423884 328478 425062 328979 425726 330827 427929 330310 427521 329984 427708 333784 432719 324818 420632 329639 425817 331185 429575 332032 430120 332022 429816 314636 407803 326183 421794 327957 423934 327902 425010 
325831 421517 327457 424860 330532 427497 330645 427891 328969 426263 325577 421264 325375 421099 329473 426867 333038 430501 331118 428206 334967 433057 330740 427415 330963 428002 330161 427271 329808 427017 328235 424494 328686 424638 334715 434041 330887 427978 332499 429598 329659 426957 329848 427151 328105 424625 328763 425332 329934 427722 324542 420079 331075 428546 329615 425776 332242 430482 332256 431403 323856 418333 326717 423008 327571 424319 331296 428475 328828 425197 328449 425163 326984 422759 329659 427052 299646 387277 333734 432022 328667 425570 331788 428883 330481 428119 332980 430925 322518 416946 330065 427378 333730 431772 329793 426794 334114 432752 331840 428303 
323982 419089 332510 430177 329467 425956 332272 430191 332658 431127 332407 430609 333608 432166 331315 428788 333627 431344 332177 430125 324485 419520 324136 419140 332755 431230 331045 428955 332996 430601 333210 430505 329241 425888 331189 429004 333295 431073 329784 425835 327593 423700 328602 425683 329528 427119 331194 428603 324435 420260 330063 427620 332372 429991 332782 430633 332114 429621 330971 428970 325587 421252 333544 432018 323424 418407 324357 419246 324369 419195 330774 428334 327309 423881 333115 430485 333833 431392 331350 429102 331113 429047 331106 428358 329560 425281 331322 428520 330906 427567 331221 428677 331546 429594 328517 425279 329743 426150 332153 429968 
334286 432659 334707 433886 330900 428793 332519 429649 323988 419497 329324 425938 331140 429093 333159 431655 332955 430925 332569 431212 331387 429694 323640 418529 336391 436014 331207 428797 335129 433258 334636 433127 332739 430836 332597 430578 332696 431136 332691 430334 337151 436526 331823 429745 328598 424641 335869 434793 331740 428634 325271 420203 334659 432304 331050 427443 334994 433426 334246 432941 331706 429003 328415 424765 330380 427264 328970 426745 334247 432437 325257 419603 337401 437232 332232 429379 330664 428316 330927 428648 325670 420594 336051 434765 325236 420859 327411 423647 329796 426273 330918 427965 331619 429407 333342 431588 330713 428423 328374 425622 
330701 427753 332586 429795 335251 434211 328872 425765 335160 433499 334226 432541 332956 430616 333792 431838 332692 430208 332321 430080 333167 429742 334527 433242 331428 428946 298370 385345 329857 427008 329935 426905 333372 431365 334878 432584 332786 431373 333881 432088 333358 431257 333307 430655 334762 432696 329489 425921 333714 430840 333842 430962 335239 434718 331725 429557 330304 427759 329987 426799 332596 430487 333506 431311 334498 433231 335372 434479 332166 429724 332448 430163 331221 428716 333866 432696 336659 435846 328298 423934 336987 436155 329840 426926 331707 429159 334377 433066 296189 383301 332402 429478 334656 433051 330788 427771 333787 430771 331310 429117 
334339 433033 335301 434295 326446 422219 333621 432353 332215 429956 326433 423039 333551 431797 334876 434079 333170 431361 331840 430174 335637 434406 335211 433862 335659 434830 330723 428923 330256 427746 333108 430276 334241 431952 334784 432036 335344 434521 335462 434879 333481 432394 333542 431880 337414 437416 336708 435509 335074 433676 335516 433657 337935 436669 336851 436192 330987 427499 334224 431986 334685 433107 333836 431919 334759 433642 336516 435908 331738 428801 327778 424330 314712 407111 335906 434442 336776 436326 336328 435004 331772 429387 333316 432534 324108 418170 325971 421695 335277 434989 334898 433814 333841 431409 335917 435483 334920 434048 335548 434655 
328428 424623 331703 428960 332133 429836 335327 433135 337561 436624 334236 433006 338009 436273 335130 434317 337983 437305 334728 433903 332761 429920 338604 438856 336258 435162 337698 436980 334858 433567 334936 433799 335334 433851 336754 436348 337665 436487 336079 434921 331829 428543 333480 431071 333937 432146 335402 433956 335380 435422 335048 433413 335229 434008 333444 431680 332358 430237 330705 427019 334146 433176 336664 435106 334042 433141 335338 433026 335720 434462 334320 432604 333663 432425 327800 424382 334433 432442 303338 392483 337836 437735 335235 433212 336070 434590 335727 434594 335299 433956 334789 434168 335164 433406 300143 388232 335886 434755 337665 436226 
332852 430582 334598 433631 336034 435241 336176 434504 335451 434589 338168 437745 333106 431040 334411 433400 334103 431548 335470 433911 332018 429014 330701 428363 329470 426267 332107 430145 336886 434267 320225 414527 336899 436053 335448 433801 336059 435008 331381 428835 337938 438010 335221 434154 335215 433092 334517 432666 336476 434988 334368 433004 318930 413336 336446 435295 337269 436839 331242 428514 334958 433236 337082 436899 337050 436947 333486 431812 332385 430668 337967 438022 334842 433504 335032 433617 333855 432944 338326 437274 333002 431062 330155 427911 340097 439765 335332 434320 336017 434247 334319 432598 331132 428970 334924 433826 336440 435356 336226 435891 
335746 433609 334167 432234 332539 430523 337957 437846 335749 433806 337250 436644 337924 437523 336889 435889 338354 437367 339767 440961 336002 434554 337566 436447 338033 437994 336273 435797 337498 436650 339271 439560 334756 433641 338157 437068 334234 432304 335311 434016 335829 434242 334895 433404 336753 435565 334014 432239 334790 432581 338245 437607 334537 433190 335993 434696 335752 435194 303537 392825 330143 428033 336053 434184 338417 437826 335292 434253 337360 436525 337477 436768 338587 437260 333230 431237 338824 438167 334200 432651 335788 433914 333927 432113 335310 434013 335919 434834 332668 429989 337923 437836 320305 414458 337449 436600 337109 436371 336540 435581 
338556 438459 334985 433856 336114 435665 333621 430983 335807 435203 336373 435379 338340 437557 334293 432450 338984 437772 335986 434550 337591 437068 339318 439305 338645 437797 336236 434494 333353 431268 319338 412452 333525 432004 334610 432744 340135 439805 335466 434100 337253 436226 331313 429073 339333 439769 338086 437669 334747 434141 338416 437871 337082 437039 337675 437655 331455 429310 334622 433500 334988 433223 339562 439243 338882 439307 337031 436112 337354 436802 338103 438378 332087 429189 336839 435609 341022 441923 331522 428244 338813 438096 337500 437506 339730 439790 331670 428973 336156 434776 335909 434768 335118 434485 338108 436360 337765 436469 337255 436580 
339511 439224 333465 431124 340817 440245 339025 437821 337578 437309 340466 440125 336765 436415 337059 436445 337516 437228 337134 436317 330199 427917 336505 435014 338839 439050 335542 433888 340392 440708 340439 439835 335690 434943 336246 434793 339788 440021 338747 439170 333880 430851 337542 435513 338139 437382 337653 437341 337827 437331 338110 437544 341005 440931 338128 436649 338561 437031 338411 438133 338467 438241 337904 437982 337443 436358 324139 418909 302832 391673 337037 436630 339121 439228 338622 437896 335961 434128 339308 439915 339221 438883 323376 417587 340289 440758 339002 439020 337659 436729 339039 439092 337499 436873 340085 440058 319015 412246 335295 434246 
336969 435435 337411 437044 340635 440844 337183 437179 337249 435953 334974 433561 338395 437331 340727 440953 340385 440709 341801 443531 332729 429780 338141 436830 341027 440977 336147 435527 335458 434270 336294 434912 335041 433378 340246 440184 338490 437755 340296 440841 335660 434598 339946 439270 337638 437108 329124 426284 340655 440727 336570 435809 338835 438573 338748 438494 341272 440815 337223 436330 333916 431988 337812 436793 335666 434345 337987 437994 335974 434662 337824 437582 340936 441692 339598 439037 336950 436330 340537 441142 335261 434063 333858 432337 335156 433933 339534 440354 341914 442186 339341 439748 339509 439543 342054 442465 333156 430808 341004 442073 
338226 437706 340584 440810 338721 438853 338626 437939 337655 437742 340541 440144 339387 439673 336778 435592 337991 436729 335494 433742 337239 436328 340125 439762 342296 442643 340505 440907 339800 439823 341554 441456 340555 441634 331777 429432 338276 437546 341134 441462 340341 440574 338313 437922 340019 440275 340620 440453 341634 441741 342818 444216 342968 443880 342343 442543 340023 440718 335949 434821 342602 443446 340635 440700 340047 440033 340928 441686 343468 444596 339118 438893 341103 441857 341930 442833 339394 439464 341082 441678 336458 435257 343087 444773 339718 439249 337408 436867 325788 421548 336229 434581 342678 442889 339586 438170 340738 440706 341884 442872 
341133 440767 342174 443570 343339 444579 345727 447596 344418 445270 342801 443209 337287 436339 337192 436538 342747 443148 337125 436473 342637 443368 341454 441863 340201 440555 339183 439288 339399 439625 334887 434018 341627 442808 336493 434961 332972 430520 336796 435899 332084 429362 335916 434170 341841 441942 343125 443948 333939 432016 342417 442992 341142 440362 341940 441541 339345 439120 341071 440716 341456 442524 336861 436660 341951 443297 342836 443042 333512 431914 342544 444061 341835 441869 338868 438588 343521 443754 306421 396244 338250 437476 340588 440861 341664 442653 337068 436697 338282 437989 309868 401180 343458 444256 343570 445278 340901 441256 341415 442339 
331972 428495 341811 442223 341264 442197 340436 440748 338718 439069 342786 444154 328174 425204 339944 439380 342005 443057 340320 440647 342624 444006 341345 441049 336919 436095 339751 439559 343346 443998 339267 439093 339017 438587 334989 433314 339901 439892 337286 436772 343394 445077 342812 442933 344270 445092 343636 445208 307047 397340 260220 336665 339930 440696 341789 441969 340491 441067 337442 437024 339657 440015 343563 444754 342184 442355 342003 443222 342524 443507 324771 420385 342767 444876 341399 441235 341581 441600 342978 443475 338796 438819 341053 441775 341478 442113 339052 438285 330990 429042 339445 439233 342356 443251 343233 444962 343744 444761 341300 441438 
339361 439822 338794 438341 337554 437085 341116 440989 344424 445622 341442 440999 343885 444345 342529 443841 341251 441584 342077 443397 342139 442440 341876 441848 338025 437622 341288 441823 344865 446356 342170 442706 339601 439687 343182 443969 341146 441635 340776 441574 344101 445056 342656 442785 338486 437936 344627 446567 327493 423289 339404 439718 340560 440187 346787 449038 308269 398485 342329 442953 340756 441445 343491 445365 342619 442766 344153 445512 341142 441741 342636 442467 340320 440760 340431 440752 344969 446236 340650 440481 340357 440878 343432 444161 344810 446473 343990 444730 340197 440367 341010 441693 344502 446489 336429 435587 340120 439550 340487 441099 
342666 443669 342028 443135 341386 441960 336311 435342 344212 444209 336111 434433 343478 445098 340647 440583 343924 444767 339256 438771 342713 443034 329526 425974 343959 444968 333824 431682 341633 442146 343750 444816 345798 447772 342146 442412 336872 435730 344606 444831 346948 449330 344182 445930 343174 443968 343628 445672 343793 445175 343654 443756 337245 436685 342321 443309 337758 437274 342638 444227 338481 437883 344826 445011 326862 422423 345409 447433 341624 441849 338885 437725 342061 443357 341034 441323 344667 445535 341551 441551 261484 338061 341543 442240 343757 444147 344449 446065 344068 445514 344462 445915 342293 443598 339279 439442 342971 442935 343104 444239 
341723 442821 345859 446698 344513 446053 337622 436625 344925 446748 342104 442810 345331 447395 343540 444964 347092 449421 342350 443447 341544 442519 339663 439539 344998 446803 344349 444883 344511 446451 347432 449942 336696 435898 347108 449117 313972 406629 341290 441233 343399 444324 344636 445227 344263 444732 344156 445835 344162 444475 343419 444007 308217 398727 340285 440273 345359 446566 341914 442676 346090 448912 345069 447044 341930 442561 344743 446373 343535 444163 343752 445229 344912 446079 342326 443395 344171 445228 334616 433121 337354 436993 344414 445374 343670 445679 346924 448224 310252 401761 342918 443087 343350 444103 344342 445395 340333 440340 339495 439621 
340433 440637 340800 441083 339328 439206 343848 445098 343052 443836 256420 332279 342373 442684 346519 448597 334874 432840 344870 445904 343682 444998 335976 434987 346030 448002 343054 443439 340044 440609 336077 434700 343304 444468 342307 441706 344530 446401 347460 449487 343778 445227 347198 448067 345369 447710 346461 448319 343070 444189 344744 446697 347407 449897 343813 445430 346946 449573 346045 447832 344545 445436 348121 451696 348470 451065 341701 441289 344991 446645 343913 444728 345081 446606 341561 441809 345659 447315 345398 447595 342377 442988 346281 448724 343746 445055 347118 448783 333732 431846 337170 435796 326323 422801 345872 448086 344393 445416 347088 449141 
347605 449067 341860 442833 343866 445019 350137 452173 337890 436367 346217 448113 345612 448348 326599 422306 343193 444882 347689 449301 312192 403799 340338 440078 343099 444116 344805 446783 347457 449858 345281 447080 345457 447281 346555 447880 347480 450349 346443 448193 347298 449707 261076 337876 346649 449419 345233 446941 348074 450526 344242 444916 339143 438173 348586 451683 345950 447336 346086 448378 344061 446191 344198 445266 343934 445382 345657 447738 344556 445850 344805 446290 345715 446393 344532 445817 345218 446659 350204 453698 346939 448840 343860 444042 344919 447320 343420 444406 342145 441315 345484 447117 347752 450534 349490 452489 342100 443102 346631 448745 
343129 443281 346625 449268 348528 451688 343284 444286 347220 449527 346192 448026 330525 427296 345246 446242 345202 446848 345969 449056 348725 450972 343903 445744 348747 451296 346216 447439 345857 447468 344806 445883 346110 446828 345031 446864 345971 447348 343138 444415 345372 446570 346440 448245 346638 449002 344288 444773 345339 446441 345944 447853 349215 451752 346910 449317 345576 446562 346959 449310 345167 447409 343381 443697 347597 449873 343493 444010 345933 447293 348756 451068 343925 443891 347710 449702 343396 443981 348704 452220 344571 444957 345348 446853 346592 449036 345778 447502 310251 401801 347221 449410 341930 442063 343902 444427 346293 447302 349326 452714 
342644 444097 342373 443291 346151 448061 347083 449499 345664 448123 348392 451246 347855 450543 348634 450193 346281 447975 347672 449831 310973 402330 343598 445126 348369 450289 350527 453626 348932 451436 345733 448000 342634 443124 339164 439286 346157 447943 340299 440325 344120 444935 346218 448091 348789 452257 350696 454405 347048 449704 348083 449815 346984 449809 343004 444011 346329 447157 348271 451195 347621 450020 347252 449027 344306 445751 348173 450403 347084 449047 344339 445199 348367 450094 346853 447555 341852 442313 346624 448635 348939 451597 346860 449102 347224 449690 346664 448559 345311 446805 348476 451368 346705 449347 347871 450283 347781 448906 348483 451253 
349184 452831 346370 448671 346138 447265 346881 448422 349976 452022 340439 440758 350725 454498 347525 449669 348910 452007 345844 446880 343826 445574 347862 449929 349632 452340 350656 454045 347756 449424 344449 445627 347777 449952 346825 448866 349082 451108 350047 453445 341293 441144 344287 445646 347368 449837 347445 450067 344405 446251 343442 444597 347331 449060 348208 450712 342807 443880 344161 445538 349933 451968 343547 444939 350678 453448 349023 452143 345983 446923 347366 450176 346633 448470 345874 446816 349054 450983 350131 452631 348657 452301 351107 454910 349286 452322 340292 439431 347431 449988 315572 407636 346256 447802 349322 453224 345654 447825 348918 452307 
348845 450573 352765 456239 348519 450322 349407 452668 350575 452911 353118 456209 343048 444670 345445 447334 349725 452434 350128 453773 315103 407247 334547 433148 347529 449347 347353 450218 352116 455906 348789 452416 350858 454306 348537 450006 349354 450943 351251 455115 350218 452882 351141 454459 348596 451616 343947 445352 345663 447709 351659 454814 349222 452316 347914 449846 349887 452965 348078 450544 349977 452401 349680 452187 351266 454110 348334 450211 351000 454110 345620 446320 349649 453116 346901 448661 314841 407329 351163 453689 347195 449007 349109 451345 345757 447397 347795 449586 347544 450473 346872 448455 350030 453109 331321 427488 348713 451284 350183 453140 
344264 445297 351778 455179 349139 452222 347038 449685 345447 447207 350157 452303 351534 453770 348399 450556 348011 450593 348385 451361 347181 448861 350284 452505 351016 454763 346222 447610 347569 450225 349415 451377 349837 452802 349149 452181 350371 453077 349867 452074 348240 450704 352464 456787 349992 453990 353184 456257 348327 451112 347100 448443 349787 452772 351091 454679 350202 453234 346145 447648 317438 410808 336370 435119 347092 450109 348165 450475 342956 443916 346292 448201 346711 449027 349265 452224 353137 456141 352666 457354 351885 454947 346473 448034 316310 409176 350873 454050 351351 454938 344015 445359 351280 454565 349362 452699 349973 453700 351604 455204 
264976 342956 349983 453449 349895 453279 350281 453550 352247 456120 333142 430403 350597 454129 345874 446968 350107 453050 351982 454933 348102 450084 353167 457543 352495 456181 352574 456226 346133 447544 348895 452210 349321 451991 348657 451238 351321 454600 347666 449738 346701 448416 351686 454516 352008 456056 349388 451134 349762 453126 350138 451923 351454 455205 351642 455273 347703 449665 347774 449525 347784 449858 351360 454409 351513 454617 350317 453048 353313 457166 350801 454724 351383 454637 348843 451311 351876 455517 345209 446810 351296 454800 348609 451476 349580 452473 347496 449873 350211 452620 352042 456153 347407 449945 345424 446795 341763 442490 350835 454797 
349977 452172 353232 457627 353477 456793 351413 454472 354197 458396 352679 455677 351583 454730 348270 450649 351135 454416 350952 453791 347804 449503 352923 456221 352290 455044 350539 453769 350098 453014 346906 448908 353912 458661 351620 454918 353889 457640 352595 456411 348702 450880 349849 452695 354723 458337 353686 457669 351390 453793 352619 456731 348844 451684 351208 454132 352042 454843 353967 456951 351974 455119 349589 451788 352263 455515 350282 452838 351518 454013 351418 454643 349548 452534 349695 452110 352794 456626 349827 452934 351243 454526 344466 446204 348599 450237 347532 449128 348048 450439 351860 454522 349025 451401 354265 458858 350794 453419 349642 451784 
353343 456592 342641 443541 349151 452036 355931 460402 355139 459665 351902 455610 350540 453533 345684 447294 351891 455219 351813 455564 350869 453957 350287 454013 349456 452531 339250 438454 351081 454619 352652 456698 352992 456518 354263 457660 352074 455023 353077 456638 354446 458700 349063 452001 350825 454834 352774 455454 352509 455394 348720 451308 354191 458057 356138 460313 340178 439839 336080 434257 351076 454439 352825 457059 352172 455733 353386 457411 346810 448628 348354 451011 353640 457110 350445 453476 351631 454860 348480 450600 353211 456578 351740 455033 350709 452937 350267 453304 352237 455961 348058 450904 352611 456442 355421 460366 352396 455755 349847 452877 
351229 454069 351203 454460 348722 451543 349447 451854 354968 459536 351840 454392 354607 458164 352375 455813 349747 453267 350266 453284 336349 435782 355044 460119 351243 455249 350467 453523 352316 455799 351636 455412 352374 455353 351981 454703 355264 459885 355296 459839 349621 452329 350922 454195 343587 445266 355127 458459 354422 458184 350859 454963 355379 460062 352485 455210 346110 447965 351430 455554 353306 457799 352567 455885 355631 460317 354483 457883 354227 459386 353909 458271 353262 457095 350607 454488 354014 458427 354523 458227 349491 453111 353596 456620 356286 461328 351710 455472 350968 454371 340613 440844 348289 449588 355048 460031 347024 448206 353041 456420 
353866 458490 354239 458654 352887 456244 353729 458593 355224 458495 351162 454716 356275 460281 357655 462306 347338 448912 351917 454562 355525 459620 354588 458107 269086 348238 356086 460911 354859 460307 354480 459091 347580 450478 352217 454912 354036 458616 353235 457315 354936 459633 350383 452792 354199 457536 355414 460526 346299 448548 356681 461125 351726 453983 353588 457043 357343 461497 349540 451491 354099 457771 354864 458409 354410 458170 354076 457463 357267 462372 351753 455463 352392 455335 351943 455534 349772 452038 356421 460810 355622 461286 344333 446150 353049 456615 352557 457089 353618 458018 355724 459814 358749 465151 350383 453306 354858 459531 353923 457991 
351860 454618 353828 458097 354751 459327 352347 456445 350824 454245 354789 458602 350311 452584 355533 460787 350143 452802 356870 461357 355521 460127 353921 458255 344852 445818 352621 456269 352085 455734 349017 450292 356518 462042 345448 447061 351096 454912 352303 456456 356928 462171 355331 460059 354278 458435 353617 458693 354517 458725 352549 456418 352835 456360 353699 457513 356957 462480 354722 459418 356818 461697 352523 457098 352229 456553 353362 457136 351347 454834 354886 460249 350391 454024 352296 455786 354194 457626 354456 458618 354260 458273 355674 460277 354970 459380 357279 462912 354211 458808 356178 461646 354039 458743 354155 457972 351931 455528 347499 449235 
351545 454906 354253 458617 354063 458150 353156 456958 356029 460709 356112 460802 354434 458208 320703 414872 351679 455650 352567 456155 353839 457819 354869 459009 353707 457277 355708 461231 355660 459589 356639 461288 341190 441758 357321 462222 356215 461515 353664 456990 355246 459263 356123 461452 358247 464154 353188 458186 357007 462317 355131 458737 358113 462769 354826 459813 351681 455847 355228 458788 353215 457113 353497 457164 350413 453910 337675 436604 354692 459569 352740 456808 355317 459570 354414 459487 354058 458438 355068 459571 354082 458887 354149 457848 356472 461517 352900 457336 358224 463970 354885 459150 355208 460421 350049 453154 357576 462035 359118 464125 
358913 464910 355682 459928 353169 456730 357240 462531 354255 458773 355812 461378 356431 461866 353699 458401 353658 457864 356553 460390 353562 457459 359435 465124 353593 458302 357596 461654 356808 462211 356454 461231 355359 459933 355407 459836 355501 460335 346858 448599 355440 459459 358598 463863 358585 464543 359419 465288 357028 461247 353577 456461 358684 463730 351663 455867 321545 415081 356364 460979 355982 459877 359509 465322 357560 462012 349336 451012 354638 458991 354651 459155 358676 463623 360058 465215 359510 465648 357623 463676 356769 461959 355167 459722 357362 462400 357555 462597 354597 458361 356502 461413 355610 459966 357912 463478 349650 452483 358309 463828 
361248 467089 358011 463996 357745 463041 356130 460733 356511 461447 358094 463387 358441 462853 357394 463156 356899 462679 358710 464572 358270 463742 356240 461350 357073 462186 353646 457677 357196 461455 357089 461484 351176 453130 351398 454808 359417 465118 355138 460432 359264 464309 355640 460652 359110 465868 358028 463239 360185 467100 355053 458790 354346 459556 358360 464246 353866 457731 358699 463976 356379 459879 355301 460350 353711 457895 358964 463912 354925 459243 354380 457029 362155 468841 358419 464082 357591 461461 354007 457522 357471 462608 355268 459667 357244 461764 350885 453597 356501 462664 343207 443054 342463 442840 356302 460892 356718 460717 356682 461790 
358565 463605 359206 465623 356998 461948 358309 464049 360075 466182 360194 466070 358671 463474 357572 462422 359422 463885 357409 462466 355197 459665 355846 459586 349081 450779 356957 461326 355886 460618 359588 465466 356753 461372 353065 456823 345267 446417 356983 461690 355573 461087 358384 463239 355360 459770 357667 462172 357755 463443 360266 465927 356594 461383 358449 463876 358334 462997 357837 463033 359235 465228 357871 463418 360033 466203 360050 464833 358255 463430 357936 462885 358692 464038 358983 464297 357017 461342 355633 460652 359901 466198 353940 458677 357101 461974 360789 466467 355287 459876 356331 461306 356443 461407 359754 466473 355445 460222 359923 465375 
358692 464344 358450 464488 360952 466873 359837 464763 357070 462281 359306 465036 353394 457925 355100 460659 356934 461959 360644 467321 360252 466334 356931 461865 359927 465956 359014 465110 358052 463359 359411 465774 362777 469370 351593 455727 354877 458597 357877 462922 357421 462896 358261 463757 355691 460377 356669 461226 358518 463991 360005 466340 355295 460065 358529 463830 360351 466054 358782 464379 356961 463120 362825 470428 360575 466963 360174 465787 360425 466608 361053 466567 359125 465484 357241 462554 358980 464712 352888 456048 353584 458461 354197 458607 358617 464219 340016 440233 358723 464464 359869 465800 359222 464432 358746 463118 355525 459988 356987 461995 
339687 439660 360296 465811 358854 464598 360385 466241 359797 465961 356429 461316 362841 469048 360224 466410 355247 459893 350888 453846 357070 462192 359919 465668 358422 464944 360664 467693 356326 461753 358468 464172 357682 462624 357792 462720 356568 461273 362038 468243 361280 467240 363328 469359 361177 467620 359406 465123 358987 464609 361034 466912 362292 468800 356478 460903 362368 468779 339904 439131 359275 465087 358705 462493 349604 451617 358735 464034 358087 463110 359823 466514 355854 460149 359742 464563 355674 460362 345331 446512 352420 456171 359775 465725 359179 465911 358683 463584 358907 464313 354937 459210 360881 467636 361633 467764 359154 465178 360417 466846 
361323 467380 359802 466467 362687 470387 358521 463750 352526 456778 359512 465509 360420 466719 353916 458223 361558 468400 361920 469725 358043 463481 360900 466981 359187 464337 359530 465399 358434 464582 356694 462078 343491 443974 358100 463737 358654 463222 356745 462241 359761 464618 356585 461937 358710 463914 363619 469461 359457 464483 363556 471050 360119 465597 364032 469917 358220 464454 359738 465163 361961 468245 363247 469544 360525 466424 359310 465333 356963 462341 352912 457448 362056 468219 356243 460505 356899 462063 359455 465684 358151 462409 360039 466381 344517 446243 360441 466071 362446 468799 359221 464943 359202 464500 359933 465389 359649 466421 359508 464786 
359081 464920 364214 471089 361005 467464 360300 466002 360901 466019 358164 463711 363125 469543 362578 468482 361628 468601 360006 465986 362165 468680 363334 469920 361132 466646 360808 467440 363347 470854 357165 462711 360194 466401 358677 463955 358453 463314 362531 469098 354103 458593 359452 464654 361017 467851 357585 462335 359253 465334 364839 472000 356995 462048 358771 463655 363003 469135 366421 474074 272415 352131 360664 467234 357298 462221 362322 468468 362673 469161 360813 467016 362791 469870 362428 468496 361843 468933 364772 472248 362184 468148 359554 465192 364862 472276 357322 461914 362259 468355 363649 471175 357506 462313 362345 468349 361821 468176 363198 469417 
353346 457788 357963 463435 362638 468763 364199 470897 361826 467506 352913 456349 362368 469490 359451 465227 361648 467996 365006 471932 360600 466930 360659 467053 362377 468880 363696 471573 363085 469763 361260 466602 364613 470732 364522 472513 362681 469837 360942 467624 362618 468375 360546 466749 363495 469801 359184 463883 358894 465074 361241 467469 362155 469193 360695 467475 360532 465629 364158 470276 360135 465729 364518 472516 360391 466892 362781 469572 363108 469867 358842 464463 360550 466616 361316 466564 361170 466985 362672 469138 361216 467225 359979 465511 362269 468999 363087 468964 363649 470943 353177 457072 355217 459874 362091 469292 363616 471215 361142 467338 
363407 470642 364033 471146 362625 468818 363376 471156 364406 472080 362299 468898 365132 473159 361619 468282 361712 468897 363703 470837 364883 472725 361106 466676 361207 467194 361449 467585 362453 468921 359072 464634 359515 465043 363687 471080 360284 466806 365698 473374 360086 465671 361461 467362 360791 465538 363755 470681 364985 472304 359460 464320 361214 467348 364535 470458 363652 470237 361602 467694 340185 440267 363123 468864 361463 467853 365557 473078 366564 475467 360465 466001 362326 469005 364378 472015 350741 453579 363961 471906 363883 472162 363702 470711 346196 447890 362342 468638 363144 470682 346456 448731 362495 468566 364630 471820 360693 466702 359949 465790 
361045 467905 361106 467578 358796 463405 361748 467534 364093 471733 364044 470326 364805 471071 361007 467377 365067 472193 364611 472568 363700 470190 365213 472481 364387 472147 364449 472110 362332 469033 364004 471161 362919 469384 364675 471816 359038 464064 357069 462027 361893 467642 341884 442352 360439 466357 366955 474138 364111 470897 362249 468608 364413 471080 364403 471189 365320 472409 365638 474218 365329 473543 363801 471674 365254 472098 359604 465392 357448 463115 362515 468609 366188 474155 365263 471976 364490 471639 364011 471627 361770 468709 360635 466833 362856 469225 361580 468121 364981 472422 348366 450979 363252 470362 360925 466329 363268 470395 363085 469940 
365123 472052 364405 470487 366804 474587 365720 473163 366538 474257 361201 466981 365201 472490 361945 469147 365587 472004 361655 467118 365403 472739 365282 471984 363512 471237 365147 472196 361536 468468 366140 474088 366157 473986 367081 473773 365895 473515 361962 468428 362934 470030 363549 470814 361032 467003 367627 474439 359414 464461 362018 469273 366995 474654 361988 469386 358794 464280 365326 473889 359376 464766 367399 475833 364895 472409 361632 467347 362367 468531 361325 467654 362770 469820 360999 467466 365212 472428 361137 466468 367371 475280 363561 470437 361888 468774 362756 469435 363952 471953 366314 474495 361794 468432 364930 470957 364601 472303 366006 473650 
367926 475989 362425 469432 364853 472359 365623 473413 366404 473336 367115 474644 368346 477579 367102 474966 363730 471021 363125 469807 364410 471682 362911 468547 362507 468115 364516 471350 365615 474220 365981 473105 363227 470301 365542 472824 362040 468423 366610 474498 366813 475089 359565 465253 361826 467563 366574 475348 365581 473138 363251 468635 358957 465072 365233 472869 365461 473263 366369 474194 360782 467177 364811 472741 365365 473049 366393 475007 366485 473676 363113 469601 367910 475743 364058 470811 361886 468877 367641 476558 365037 472108 366105 473501 366079 473827 364846 472372 362319 469156 362566 468858 364332 471751 364107 470310 363152 469620 367941 476427 
360203 466181 365934 474180 365037 471815 364281 471337 357082 462248 365332 472129 367043 474626 365697 473236 366950 474471 366901 475404 348670 450771 364449 472539 364564 470706 363142 470475 357505 462102 366233 474263 367760 476003 366246 473094 366353 473953 363896 471162 365711 472523 365822 474042 363106 469948 363566 470890 365993 474694 367010 475157 366606 473394 367964 476380 365782 473364 364069 471341 364777 471877 366929 474632 366491 474229 365145 473345 366915 474791 368996 478053 365786 474142 363626 470821 363216 470337 367155 474476 366536 474169 366961 474329 362129 469429 369318 478927 365699 472596 369248 477807 363093 470104 367256 474200 365454 473855 368348 476666 
359030 464562 368138 476917 367067 475443 367989 476874 350273 453059 366077 473807 368171 475850 366173 473747 365027 472710 363844 470771 365592 473586 363690 470111 365376 471905 358856 463929 364921 473045 363464 470949 366771 475160 367323 474829 366162 473659 363739 470860 365639 474008 364016 471021 369245 478361 356375 461130 369252 478123 367364 476034 369045 477990 366992 475547 363855 470546 278883 361140 366588 474484 362341 468867 367096 474904 333856 432673 360976 466760 369875 479185 367261 475987 369613 479085 369045 477809 367654 475471 368434 476910 369826 478216 365490 473049 367145 474296 364522 471223 361935 468148 368452 476940 369116 478513 366878 475594 363727 470968 
366936 475008 366585 474723 367221 475237 360464 465812 366170 473492 366202 473488 367162 475542 366446 474537 368670 477590 368169 475188 367059 474984 362085 468929 367223 475164 366774 474582 371066 479282 368196 477501 370021 478863 352386 456295 365865 473842 364602 472067 356515 460559 365527 474173 369286 477982 369800 478416 367048 475533 368441 476794 334870 433493 368974 476994 366637 474954 366317 474288 365597 473907 366909 474782 363223 469552 356685 461134 366640 473774 365580 474559 368585 476928 361324 467926 361161 466429 367006 474777 370353 479498 367621 475418 366858 474618 366348 473972 366827 474392 368240 475431 370525 479709 367655 475877 367227 475097 369115 477144 
371244 479973 367542 475728 370720 479402 370581 479540 333462 431631 367175 475089 366331 473639 370937 480497 368540 476941 367297 475164 369099 478234 364920 472626 370054 479640 355934 460714 370781 479938 369399 478397 363135 469314 358214 462552 367336 475981 370840 479215 368782 477258 367176 474837 365768 473947 366587 475001 362959 468828 372220 481182 370837 479775 369872 479414 350909 453747 368415 477100 326709 422165 366663 474776 331691 429450 369607 478031 369849 478826 365545 473424 369477 478465 368844 477306 367576 476799 366867 474541 368674 478191 368383 476545 368439 477552 367952 476209 369267 477149 370689 480089 371474 480868 369007 477489 347094 449135 371200 481421 
371751 482005 364444 472143 366003 474133 330732 427414 367719 475500 371297 480009 369745 478003 369493 478504 370565 478489 366881 475114 371467 480547 362539 469884 369479 478745 372180 481585 362280 467541 371645 480526 368545 477648 362081 468107 368905 477322 369775 477548 371995 481291 367988 476698 365736 473645 360864 467101 370312 478668 371777 481753 371594 481022 371395 480374 363575 470676 371252 480903 370159 479209 366399 472865 367261 474743 370538 479527 368833 476482 367725 475798 369128 477950 370195 479191 362202 467653 370266 478341 365375 471888 368167 475489 367194 474789 319234 412943 369874 478388 370819 480824 369762 477938 369243 478379 367135 475424 368677 477905 
373443 483281 372409 482770 369551 478236 372019 481929 372376 481934 373311 482607 370448 479221 372118 481493 367088 474314 372536 482045 372505 481583 370892 479725 364324 471749 370958 481044 370921 479296 371851 481193 372897 482258 372859 481318 357567 463078 369581 478227 369670 478481 373003 482421 366442 473454 370572 479116 366927 473834 371535 480963 372544 481006 371177 479820 370860 479220 370361 479328 371618 481672 373588 483593 372114 481666 370710 479875 364251 471081 368782 477371 372204 481217 363281 470176 365311 473001 367286 474180 370155 478176 277124 358763 370950 478381 368041 476484 371977 482280 370788 479838 369596 478716 369309 477686 372879 482396 369472 478358 
370670 480569 369895 479087 373479 483445 370835 480373 364898 472039 370913 478932 372170 481169 372864 482035 370937 480970 369498 479409 373491 483302 368103 475889 279666 361809 372033 481378 365214 472899 370358 479316 364105 470659 368657 476846 370878 480031 371700 480712 374601 483669 374158 484195 368128 477172 372718 482717 367659 475823 368634 476965 374904 484983 374235 484200 370003 477451 370510 480553 364636 471981 371913 481612 361965 467749 369019 477323 368806 476996 373447 483536 368684 477622 372589 481935 374268 484785 370572 479269 373772 482851 370273 479200 372649 482905 370850 480215 366653 475031 368401 477029 371694 481629 365643 471956 373355 482742 371814 480600 
368725 477728 370644 479541 373467 483727 374432 484834 370482 479126 371022 480663 371311 480788 373687 484091 370784 479857 368890 476807 367971 476597 369838 479450 374456 484580 371221 480928 372632 481924 354624 459538 367707 475412 375008 485963 373030 483020 354452 457886 366419 473519 368953 477509 365218 472366 371287 480145 373530 482589 369933 479309 359428 465341 371101 480100 370697 478973 369940 478220 369261 477725 337403 436675 366500 473830 373758 483606 370571 479149 371900 481440 367963 475542 364726 471892 279001 360784 373053 482149 369915 477941 371741 480934 338564 437991 369020 476816 372910 481978 372248 481783 371836 481420 338740 438405 370337 478358 369155 477226 
374532 486041 356405 460759 371825 482199 370223 477836 374233 483868 365574 473393 369470 476904 373994 482788 361314 467946 369871 478601 371459 480705 374915 485751 376670 487187 369168 477637 371455 481345 372756 481660 375410 486450 371211 479781 369541 478076 365082 472665 374228 485073 371356 480739 366348 474431 371024 480846 357504 461307 373323 482394 372607 482849 374171 483199 372309 481944 374355 484778 374669 484163 371624 480128 369038 477161 371854 480030 372170 480930 373408 483550 354135 457088 374197 484901 374130 483526 371811 481087 371012 479518 370824 478873 370652 479637 372207 482014 372869 483146 372706 482000 373424 483129 372611 481102 367489 475213 372180 481977 
374540 484471 373664 482503 371868 480477 372044 482149 373498 483099 371846 481237 376306 487504 375051 485435 373633 483436 370692 480139 372014 482071 376758 488045 372513 481819 372704 482237 375357 485772 373401 483790 373314 483478 371768 480487 368754 476819 370819 479270 375923 485900 367243 475115 374028 483747 373445 483399 374864 485698 373048 484059 372650 481968 371700 480843 373314 482181 375549 485447 371744 481237 373863 483876 371898 480240 373503 483379 375950 487307 373634 483324 373445 483637 373562 482548 369358 478420 376088 486903 372824 481747 371166 480335 375481 485335 373674 482347 375440 485549 371970 482034 374952 486645 373837 483906 373689 483200 373956 483146 
374931 484786 371988 481157 368365 476379 373017 482013 378634 489376 376557 487024 375380 484999 357525 463245 369892 478563 370783 479949 376995 486339 357978 462715 373260 483362 372330 480763 375900 486436 372612 482110 376265 487467 377619 488595 377241 488043 372083 481243 373795 484080 373772 483360 376334 487668 366758 473998 373911 484453 372891 482558 373859 483004 369218 477994 370468 479754 370674 479092 375291 486058 371473 481526 374501 484339 371346 480309 373846 484046 377115 488635 374996 485777 377055 487120 376684 487247 356240 459357 374483 484951 376287 487326 340073 439102 375104 485671 376043 486021 373075 482599 372916 482241 378155 489194 375967 485144 371493 480526 
372124 481307 375391 486126 373638 482265 375240 485012 374724 485117 375546 486643 376648 486954 375601 485410 368149 476842 342503 443599 375186 484853 375784 485752 375136 485619 378307 488733 375652 486145 369943 478744 376274 487080 378824 490961 372533 481877 375843 486256 357966 463689 376761 487145 375685 485941 372836 481961 379227 490568 375593 485511 374606 484511 374753 484648 375007 485547 378652 490209 372159 481364 377461 488972 377218 488408 372042 481550 337212 436328 374434 485682 376226 486707 376873 488144 375448 485825 376435 486958 374967 484614 376583 487162 370377 479218 377971 489339 376684 486689 372806 482920 372374 481675 370438 478360 360349 466551 374493 484096 
377981 488509 368872 476950 368998 477928 373823 483370 375071 485009 376049 486293 374872 485575 375005 485662 378034 489440 378467 490397 375997 486925 372970 482014 377355 489253 379225 491220 374132 483190 374380 484701 370371 479910 374021 484201 376656 488273 379804 491077 374740 483751 375998 485289 378851 490133 377631 489805 376566 487272 376464 486667 372265 481989 372905 481862 377319 488235 374433 484738 377242 489017 367022 475384 375315 485127 373075 483107 369383 476584 373090 482428 376174 486316 368472 476941 376182 486171 375193 484378 377177 487097 378854 491076 357542 462213 375095 485721 378878 490053 374487 485371 376786 486691 378527 489991 372212 482539 372175 480873 
368661 476988 377450 487995 373904 484537 378105 488608 376816 487605 370679 479838 376019 485682 374718 484740 378556 490227 372972 482035 359358 465492 377193 487838 380414 491472 376528 487164 375742 486025 377953 488005 376780 487513 376389 486700 377688 487714 375037 485600 375117 485517 376429 487002 376732 487824 375911 486101 378154 489732 379755 490621 380923 491790 376703 487850 378070 488928 379534 491776 377922 489096 376113 486950 378825 489935 377759 489548 366961 475079 338988 437568 374226 485075 372202 481446 376896 487738 377047 488171 375921 486825 374744 484801 378060 489089 373589 483643 369731 478823 363927 471073 336375 434443 377872 489330 375834 486098 376824 486916 
371533 480954 374658 485051 373984 482341 369811 477885 359671 464756 376233 486266 376962 488166 378960 489765 370564 478345 376104 485499 378217 488735 376244 486516 379302 490890 377601 489106 375408 485871 368882 477487 376436 487893 378398 489385 377045 486666 377365 487051 376781 488283 379493 490719 375670 485566 375401 485631 377296 489045 375607 486629 377042 487348 379834 491969 374854 485248 376706 487447 379115 490510 376256 486497 373944 484330 375681 486390 371613 481611 378846 489547 376981 488169 377902 490019 373958 483624 380283 492682 377110 487934 379754 490068 375198 485648 375454 484962 377972 488648 374337 483783 373608 484674 377427 488967 374473 483902 378478 489842 
377531 487047 378450 490056 381613 493751 378663 490103 375499 485750 378161 489522 379984 492128 376710 486665 376464 485600 375612 486305 378465 489610 378333 489758 373615 483573 375930 486553 369610 477609 372940 482717 380885 493026 374900 484669 378008 488655 371678 481284 378017 489911 380379 492793 377658 488596 380580 492931 379453 490723 375891 486105 379369 489684 379311 491024 379420 491190 379479 491072 366729 474983 376225 486092 373895 484024 375806 485479 377805 489278 378190 488243 376472 487375 343309 443607 376269 487168 376299 485597 343930 445825 377464 489092 377761 489362 381337 493570 377169 488470 377050 487636 378555 490116 379517 491416 367485 474921 378061 489493 
375675 485437 378075 488968 379242 491142 373118 481931 374684 485025 379242 490462 376624 486677 374031 483964 381478 492842 371222 480911 376212 486722 381988 494705 378866 490133 377652 488496 381759 493640 376379 487501 377077 488076 379304 490759 378165 489962 376548 487288 380754 492909 377067 488279 378350 489584 378317 490324 377594 488079 376439 486418 378277 489981 376293 486573 380856 493005 373415 483337 375569 484511 382069 494983 372277 480482 381411 493994 372455 482326 374970 485228 287982 372752 378552 490066 383355 495390 379424 490612 379370 490512 379998 491389 377417 487807 373910 483623 380962 493022 379482 490623 376362 486739 379597 492031 379255 489494 376216 486540 
381151 492770 379618 490196 376407 487508 379975 490464 380126 490911 376572 488033 361726 467491 378614 489855 381366 494072 378069 488381 379763 491145 378611 489170 380923 493323 380267 492496 379318 491541 377780 488516 378235 489489 377186 488774 377677 489476 376192 485975 342064 442840 379717 491773 376053 486450 376900 487507 380924 493438 375731 485987 380268 492851 381124 493467 381584 493706 377608 488380 380965 492229 375289 485787 376403 487510 379974 492582 382892 495579 373799 483707 381124 492120 380656 492591 379568 491063 374188 483206 383691 496100 378894 490425 371040 479337 377460 488141 383270 495319 364767 472837 379649 491989 378233 489696 381938 494137 371859 481238 
384153 496481 383423 496786 374684 484920 384223 497068 378766 489957 380155 491664 384242 496586 380271 491428 381472 492754 376287 486543 380508 492049 380444 492339 380912 492667 381427 492468 360763 466866 384025 496934 379853 491286 377338 487790 382445 494209 378851 489939 381650 493714 288621 373529 378368 489521 372033 481266 380594 491833 374684 484993 379191 490390 377377 488355 378618 489735 382146 494854 284312 367914 380575 491950 377478 488323 383157 495018 382858 495806 377055 488191 374371 483562 375870 485453 380590 492960 381434 493101 377933 489528 380373 491348 378501 490549 378125 489792 381345 492621 384141 497236 381094 493021 381058 492859 378342 489578 383289 494908 
342628 444077 345390 446173 382876 496631 382205 493658 375637 485216 378701 490463 381199 493638 381334 493459 379082 490113 382586 496278 376628 486138 382427 494205 381328 493715 380336 493195 381459 494636 370442 479549 380121 490802 379050 490903 380017 491683 384680 498184 377404 487718 381240 492721 377559 487018 382099 494941 381893 494433 382127 494183 382036 492910 381715 494172 371138 481034 380859 492741 377473 487865 379812 490972 379922 491942 383962 496153 382181 495087 379612 491561 377385 488554 377861 488458 376311 487204 288603 373855 380512 492633 381460 495027 380766 492599 382031 495107 382221 494850 373506 483215 380915 492632 381818 493880 379336 490647 383265 496134 
379391 491039 380922 491233 379247 490168 380036 492027 378267 489670 382408 494548 380783 492858 381432 493497 382421 494407 377075 488905 382323 495089 383467 495245 385049 497892 378765 490004 379099 490268 381761 494458 379918 491431 382978 495256 379485 490476 378953 490840 384880 496872 386731 500446 384984 497350 383033 495210 385884 499617 382564 495945 377438 488329 383265 495514 382947 496084 381601 493901 384453 497832 380473 492400 384403 496908 383389 495401 375087 485719 372824 482550 381955 494655 379423 491020 383077 496028 380759 492425 360744 467036 381593 493116 385657 498317 384334 497253 383855 496310 374321 483449 381789 494346 346693 448511 383732 495923 375557 486404 
384033 496843 381435 493284 382393 495547 383246 496384 383807 496948 383281 495539 379870 491118 385409 497910 382772 494887 382246 494554 383283 496330 385083 498521 385953 499370 382397 494315 375882 486897 385046 498734 378859 489341 383238 496079 384315 496345 380583 492326 386185 500424 385776 499837 386917 500181 382906 494613 382490 495330 382107 493983 379150 489899 383087 495808 385396 498476 382699 494429 382523 493815 379637 490797 378915 489065 384480 497988 379431 490014 380661 493212 379515 490298 341676 442398 385012 498484 382191 495063 380100 492398 385684 499239 382474 493737 382889 495129 383600 495981 381855 494171 383439 496520 381150 492508 382302 494143 383558 496049 
382085 494603 382271 493685 381615 494875 383700 497093 345955 448099 383712 496786 386777 500557 385286 498344 379757 490686 385205 498576 383658 495941 382891 495474 369302 478559 386433 500499 383938 497326 381137 492824 378293 490003 384282 498114 386855 501632 384081 497110 384988 497961 385578 499491 379706 491242 379982 491292 380212 491811 385462 498252 381094 492834 387771 501152 382672 495416 375526 485305 382637 494852 382042 494245 386783 501060 384560 498450 383065 495710 382842 495282 378592 489788 380797 493264 383420 494494 386003 498834 385746 497826 384851 498068 383842 497208 380338 491920 382384 495041 385776 498277 387319 501216 382297 493462 385222 497740 384323 497337 
384982 498574 388049 501672 385266 498966 387774 502038 380858 493141 383300 494868 387371 501817 380642 491061 387073 500667 386886 500459 385683 499600 385254 497673 381977 494393 348300 450006 384826 498318 385292 499246 385246 498260 386167 499515 383563 496056 383651 496335 380799 493096 382391 493638 383615 497040 383415 495004 383445 495423 384234 497295 381825 493238 383613 495243 383701 496507 388612 503230 385871 499422 383487 495340 387949 502766 378832 489904 386432 498844 383361 496002 384471 497883 381168 492663 385574 498925 388037 501752 386998 501060 383374 495388 382445 494893 379686 491889 385328 497850 382632 495884 375901 486801 386548 500391 383748 496062 387337 501736 
386169 500469 386120 500718 387442 501077 384698 498949 387159 500677 386504 498577 385371 499357 385228 498091 385956 500315 383251 496154 385812 498802 386383 500622 380616 491660 380216 491561 384610 496939 385937 500055 385414 498076 385245 498856 385642 499609 386086 500217 384102 497916 384726 497713 385659 498519 389179 502766 383368 497065 381511 493971 383648 496999 386744 500086 383906 496113 385968 498971 386863 501205 385176 498317 387985 501939 388436 502790 386431 500201 364199 470649 385171 497997 379153 490270 382072 495195 379394 490784 386279 498144 384410 497830 385690 498164 384549 497223 383883 496597 387017 500752 388235 502381 388087 501888 383931 496669 385599 498555 
388763 502404 382990 495597 386550 500242 385004 498414 387716 501652 381618 494611 385640 498525 385541 498497 381947 493511 385864 498367 387190 501416 383392 495030 387420 502089 385501 499455 388554 502469 380338 491718 386329 500339 385700 498757 386758 500559 385527 499049 386318 500210 386435 499526 383249 495302 386922 500845 386999 499842 386995 499693 378354 488745 386813 499380 386827 500809 386018 499691 380836 493352 387252 501820 386631 501057 386287 500240 385092 498860 386809 500966 377821 488834 389093 502639 387609 500764 383646 496007 389242 505082 389371 503202 389423 503106 386107 500026 387549 502244 387387 500712 385049 497937 384753 497506 383007 495425 384818 498073 
389491 504092 387784 501608 390930 506360 386689 500306 387737 501653 388981 502139 390150 504499 386082 498514 386572 500179 384896 498178 383949 495680 385276 498805 384194 497175 386514 500382 384100 496995 388985 503463 385514 498014 387803 502546 383811 497199 388462 502598 384271 497058 388487 502703 388153 502279 387029 500257 388041 503110 388524 501065 387974 502280 387743 502982 388572 503572 389920 503643 387506 501391 385790 498448 389514 504419 389086 503218 386937 499967 386488 499603 385351 498360 381003 492849 388376 501789 379893 490965 387895 502710 385901 498841 388884 503410 388602 503209 371593 480850 383284 495043 387252 499595 384781 498213 382564 494148 389285 504091 
389154 502911 389217 502801 390466 504577 389289 504014 386207 500630 388906 503589 389672 504831 389744 503957 389071 502272 388517 502693 388389 501568 386897 499817 386939 500030 378678 490358 391279 506914 386407 499810 391571 506362 390208 505905 388870 503918 380999 493196 386659 500121 389004 504390 389126 504548 388791 502926 388035 500995 386432 499734 387738 501146 381988 493743 340932 439810 392487 507029 386540 500159 388947 503172 382805 494987 389523 503748 387629 502419 391854 507243 389218 504276 390577 506291 386626 499900 377471 488306 387120 501223 389632 503763 384875 497698 382787 494595 386049 498844 386736 500761 386195 499856 389746 504886 389220 503254 384031 495053 
388240 502148 352553 455612 390341 504804 388135 502291 389879 504220 389361 504346 389318 504025 386963 500180 389286 503973 386495 499061 389291 504092 388254 502057 389399 504437 388456 502459 389491 504104 386814 501175 377340 488015 385446 498605 390355 505517 388096 502089 386250 499964 387383 500917 389812 504121 386130 498977 386517 500671 389994 504313 390155 505152 390459 505498 388067 502544 385999 498020 389257 503725 387901 503287 392533 507995 386150 499978 389424 503946 385687 499291 382557 495792 394259 510866 390142 504440 388791 502349 385253 498357 389216 504089 387080 501235 390846 506128 389037 502762 390749 506452 390389 505444 389706 504036 386918 500733 387201 500945 
391066 506343 392935 507753 388570 502406 391927 508074 391498 506780 392036 507804 389834 504716 391333 507532 388147 501818 387064 499880 390723 505037 390325 505303 389134 504464 388249 502018 386944 499667 390676 504422 388348 502225 386366 500582 384004 496002 386725 500495 392623 508546 391033 505984 385932 498850 389590 503895 388103 501597 389161 503698 389913 504206 384123 497179 387984 501105 390229 504478 389549 504152 372320 482419 393365 509167 388812 503056 389360 503164 392261 508101 386079 499094 391588 506815 391449 506926 387589 501047 381940 493968 389947 504232 390985 505367 387123 500873 390898 504996 389189 502801 372464 481551 389393 503940 387407 502147 386560 500124 
390151 505267 392618 508728 390212 503831 391927 506179 392248 508095 390119 504094 354736 459613 390132 503181 388436 502716 389914 504353 392165 506859 390706 506284 386070 499440 389559 505235 389319 504572 390452 506224 386479 499248 384915 497789 391141 505515 391844 507101 385985 499668 385177 498517 385560 499384 388677 502861 389183 503804 388233 501875 389569 504694 384479 497068 388688 503419 392841 507939 391544 506403 392564 509108 393190 508931 388703 502481 391809 506947 389305 503701 390137 504847 388367 501211 392927 507633 390540 505470 391751 506431 390983 505661 390221 504503 392053 507608 394650 510830 391354 506009 388723 502042 390276 504561 389441 503870 394737 511784 
390089 505640 393012 509550 392396 508391 390774 504842 391216 505243 390338 504188 392426 507877 387925 502185 394433 510717 388884 502709 297083 384278 389638 502854 386369 499143 391549 506365 390012 504637 390381 504170 389542 504935 389293 503888 394852 512367 387741 501014 391478 506543 381770 494022 388137 501491 392429 508291 389087 504429 392733 508476 392899 508683 394221 509704 393386 509573 391427 506426 392692 508592 389395 504055 392030 506223 392033 507495 392065 505879 390445 504999 393708 509382 389532 504480 385376 498844 386495 500315 391539 506641 392497 507959 374176 484153 392569 508121 385335 499459 391243 506059 389544 504267 391723 507045 388947 502917 393852 510458 
396056 511644 393536 508823 394221 510687 388834 502680 358540 463554 393352 508508 390065 504174 394372 509933 394325 509494 393067 508046 388754 502671 391508 506922 394947 509843 390150 504757 294862 381513 391810 507178 392464 506581 386414 499775 392594 507060 395453 512117 394263 509373 391706 507201 388360 501474 390773 504509 391475 506261 392518 508232 391539 505865 394514 509789 390242 505188 395183 511836 392879 508021 394623 509668 393071 508884 392026 507582 392669 508595 391463 506697 386888 499893 392392 507293 389861 503833 391811 507365 373226 482263 395806 511095 389095 503163 354793 459265 394891 510449 392735 508667 388604 502649 393290 508335 387741 501711 390079 504941 
391263 506152 394013 509713 393478 508992 391400 505285 394507 510837 390204 505390 392469 508144 395655 511337 393208 508661 392676 506991 394302 510542 389354 504141 390911 505649 389843 504855 393598 508851 388465 502322 395921 512404 390083 504819 394712 511622 392545 507713 388387 502375 392603 507676 392449 508413 389682 503946 384113 496216 394619 510356 374553 484341 391125 506157 394048 509581 394592 510857 395362 511277 390846 505549 392656 508522 393311 508328 393829 509046 394750 509461 395121 511369 385339 499273 395051 511386 392976 509741 392816 508559 392219 507324 395212 512015 393628 510279 390694 505166 393415 509903 393971 510233 357480 462139 394320 509456 394588 511356 
394984 511636 396209 513263 397447 513101 392057 505872 396145 512334 390000 505164 390765 505243 394355 509348 392773 507577 396456 512648 393893 509772 398617 516803 376184 487064 396910 513074 381574 492976 391750 506627 395093 511737 392100 507086 397391 513932 394095 509697 393073 507606 395447 511405 394936 510614 385730 499445 391688 506627 393099 508733 393335 508092 393890 509214 352725 455522 394680 510038 394735 510022 384460 497167 384239 497020 393243 508948 390458 505160 395973 513142 398180 515031 395941 513563 390512 505464 392435 507786 392189 508112 393069 509137 393337 508976 394552 510741 375899 486424 394866 510439 393402 509619 391910 507646 391902 507830 396691 512121 
397582 514218 391501 506355 388318 501995 393819 509321 395980 512542 396818 513919 395682 512318 397065 514267 395830 512514 393526 509478 392119 506448 394728 511314 392341 507613 392834 508378 390362 504509 392959 509278 397316 513525 396102 513697 396886 513410 392892 509100 397387 515099 391500 506525 386132 500282 391918 507195 385576 498380 393576 508247 396468 513382 399392 515983 395302 511216 393114 508524 394881 512177 387385 501260 356546 462077 394514 510933 392530 507579 393922 509868 392705 508598 396110 511936 394601 510082 395181 511828 396029 512162 394368 510073 395662 511231 394353 508927 396039 513487 392852 508362 393695 509034 393400 508476 394019 509055 391849 507132 
390149 504584 391808 507355 399283 516755 392982 509176 393220 509050 391770 506263 392900 508434 399207 517358 398953 516291 387281 500557 395941 512252 397524 515417 390054 504832 395502 512561 395181 510810 394463 510576 398536 516903 393398 509874 390030 504279 392306 508143 397620 515864 393008 508528 394211 510792 396812 512816 395670 512155 390595 505921 386631 500916 394763 510569 396245 512948 398357 514661 399345 517149 394772 511147 395237 510906 397953 514268 396073 513038 379270 491254 300176 388057 397637 515724 395968 512717 383603 496755 394441 510017 398087 515137 395846 512156 396565 512305 396286 513027 394808 510584 397145 514827 394181 509920 393521 508718 394057 509914 
394124 510081 396342 512637 396478 513154 351891 455669 398131 514735 397354 515264 396874 513539 398759 515253 393501 508072 395229 510754 392289 507269 399022 517036 398504 515209 395699 511768 398006 513903 358727 464968 397891 514421 392658 508272 396837 513944 399288 515709 393859 509926 396785 513642 393528 509348 393526 509371 396649 512514 397796 514342 394047 510620 396440 512525 395081 510273 393643 508282 393619 509675 395821 511703 390048 503726 386737 500197 391476 506620 396306 512115 395928 512547 394164 509343 395467 511494 399675 517648 395633 510689 395586 511879 398084 514585 397638 513824 398643 515946 392869 509025 395054 511532 394808 511137 295835 382457 395284 512126 
398304 515172 398546 515562 398291 514404 387489 501277 397028 514308 397146 514330 397091 513649 391662 506779 399421 517919 392575 508107 395338 511381 394745 509575 389379 502902 398647 515954 397677 514512 396932 513758 397859 513936 397042 513217 396308 513009 397181 513883 377249 487918 397968 515358 397143 513126 396189 513406 393413 508544 395505 510430 395269 510756 395774 511790 396157 512998 395419 511217 389374 504040 399694 517061 397653 514502 400145 518074 396599 513086 396685 513324 400714 519203 396431 513065 391307 506561 398734 514925 396869 513545 395571 511694 398482 516256 397852 514851 400032 518274 393568 509683 398246 514655 299834 387954 397038 513171 395275 511382 
392274 508167 389609 502969 397326 514867 398389 515737 396906 513419 403043 522426 398356 515027 398261 515170 400382 518295 391262 506957 392613 507501 399847 518139 400465 518501 396269 512031 393995 509642 396454 513097 361183 467474 397495 514981 398584 515876 395957 513427 395099 510929 395634 511423 401030 518207 395097 512439 393039 508504 396536 511933 394806 511184 301054 389952 386862 501572 396870 513202 397268 514889 393364 509128 398711 515128 393796 509706 387920 501889 397767 515304 395210 512342 395970 511363 398334 514191 397377 514759 395908 511832 401045 520081 396510 512293 400965 518581 401142 518550 391684 506493 397680 513206 394582 510652 400118 517888 398635 516130 
399829 517455 393908 509977 401490 520129 397930 515038 395705 513470 397416 513975 395115 510854 358816 464702 398812 515381 396627 513720 398378 516181 389296 503104 395767 513238 399545 516059 392349 508013 398855 515845 392851 507548 399255 517161 395169 510767 398751 515889 302789 391667 397290 514267 386837 500884 400311 518665 396959 514287 400460 517948 399375 516701 400928 519319 401842 520209 399005 516200 395676 511946 397604 514524 402783 521768 397940 515168 383373 497753 390251 504509 397827 514692 397986 515076 388285 502186 393413 509655 400637 519451 403147 521478 391963 508312 396963 513636 379889 491413 398228 515553 399613 516942 400049 518397 395157 511860 399505 517546 
402943 521971 401056 519047 394348 510072 396604 512563 398894 516765 400894 520078 401526 520188 400121 517472 400218 517263 400391 518414 393931 508990 398464 515258 397327 514729 401466 519256 397519 514042 399499 517602 398276 515571 397588 514299 401211 519651 402280 520200 398794 516342 401473 519156 396546 512403 402933 521334 399518 516369 396515 511559 398516 515942 397631 514713 403979 522002 398780 515607 399024 516441 399253 516740 399189 516027 398466 515586 400613 518487 397535 513435 381196 493210 400282 518497 397850 514803 397675 514768 400980 518716 403306 521130 401129 518123 391976 508248 399265 517097 402860 521723 399328 516390 396912 512967 401831 519735 399368 515492 
397984 514608 401062 519224 402239 521198 397814 513934 393324 507988 402237 521566 399827 518613 395733 510958 401878 519366 400628 517278 397028 514190 401351 519380 400564 518228 398485 516100 398835 515814 396358 512718 398034 514385 398934 515710 398512 516476 402058 521187 400143 517689 400654 518671 395895 512099 361888 468628 400146 518182 396722 514856 399519 517811 393271 508638 402290 520960 395491 511586 399349 516199 403076 521172 402132 519566 396417 513509 400410 518591 401189 519143 394983 510785 394726 510641 397065 514323 399920 518045 399003 517066 397963 515502 403785 521548 401271 519799 399258 516551 401768 518914 398870 516629 404762 523088 396461 513391 397465 514447 
396704 513506 401577 519853 399940 517440 402808 520796 402043 520912 401504 518176 398404 515715 305521 396071 400147 517656 391021 506360 399930 516369 396743 513172 404113 522292 401002 518203 391965 506781 400895 518808 398411 515159 400256 517714 396895 514388 401323 519001 400801 520195 399302 517080 382739 495049 399931 517543 399774 516273 398000 513807 390851 505162 400267 518319 400421 518521 401292 518142 396659 512852 397720 514606 401721 519277 400987 519482 401796 519077 396961 513610 400544 519073 401657 520112 403445 522528 399688 516947 406056 525742 397856 515451 401411 519330 397313 513684 401711 520086 401196 518083 392732 508813 402602 521477 396663 512704 400733 517811 
399977 516890 404314 522556 398514 516309 402568 520755 403403 521582 401982 520610 401364 518566 405197 524052 396682 512813 392922 507338 403370 522169 400679 518550 400781 519323 383886 497084 402035 519529 401934 519837 400337 518393 404766 523957 389731 504408 403042 520618 392557 507692 392488 508556 399184 517749 403540 521606 405228 523839 398759 516117 402812 519976 404656 523581 403281 522690 401062 518930 404759 524440 403774 522191 402832 521311 396763 513500 403487 521574 398882 516476 402322 520247 402720 521150 401678 518727 404346 522375 403317 521046 402496 520740 401349 519398 403246 521073 386758 499987 404362 523691 401814 519866 403171 521782 399679 515455 402760 521111 
396364 512164 401453 519530 402117 519374 395320 511749 402122 520236 403322 522617 392461 506790 382715 494802 395843 513629 394992 511290 403185 521937 400607 518056 406517 525359 401778 519644 402865 521647 400054 518275 383772 496157 406051 525469 398156 515364 404037 523367 404118 522053 402231 519925 403383 521882 399284 516000 404331 523528 392976 508591 396175 512664 405736 524514 405168 525058 401540 519648 382861 495806 402997 521460 407276 526393 393189 508581 399143 515927 404265 523566 401869 520225 399412 516141 404946 524428 400161 516949 400271 518019 392847 507873 401464 519287 402184 520496 404498 523632 401522 520008 400218 517209 404181 522716 399011 515566 403543 522863 
402523 519808 404020 522358 404299 523580 404321 522100 400542 517710 403475 522427 395405 510709 395243 511245 406454 526056 401105 518373 402204 520789 405975 525284 404970 523915 399266 515774 406523 526389 403828 523230 397115 514732 405053 524316 405342 524210 403756 522318 399358 517431 401162 519522 403848 521990 403679 522962 394597 510423 401363 518769 397627 514238 406965 527315 396323 512701 403165 522157 404539 523724 404295 523331 402539 520865 405824 525141 405657 524406 402911 520878 406014 524999 404689 523793 404282 522072 406656 526564 393249 507712 405748 524631 403218 522322 404256 522497 405787 524652 402416 520834 405219 524072 401820 519187 404995 524473 402971 521481 
391434 506389 406210 525592 402872 521479 389922 504489 396015 512441 406097 526163 405958 524860 406617 526596 399942 516745 402504 520721 406518 525536 396464 513216 405744 525279 401192 519147 406130 524953 409290 529128 398024 515147 404899 523880 394474 510512 405846 525278 406787 526353 386669 500854 402449 520005 405075 524590 406506 524764 405215 524461 406637 526805 405171 524154 405537 524654 407460 526871 404288 523188 407048 527922 404128 522763 398032 515235 405949 525528 405066 522553 405529 524609 408001 529303 405129 524344 403127 520452 402081 520592 403575 521356 404043 523035 403427 521232 406660 526464 392752 508200 405064 524728 393870 510011 406830 524942 402660 520218 
407035 526024 403184 521405 403014 521457 404819 523808 404721 524259 399122 516585 404860 523086 408174 527542 402798 520631 407031 527491 407308 527557 406132 525228 403968 522511 404283 522915 400917 519377 402751 520849 405712 525122 392862 509260 407217 527333 407759 527025 404319 522825 405340 525200 407192 527338 395161 511795 405582 524257 405199 524312 402732 520835 368311 476145 406485 525497 406185 524802 405746 525012 408196 529057 406504 525531 400723 518223 405632 525016 401761 520011 404822 523081 406239 525286 405391 524191 403666 522796 405217 525187 404344 523469 403300 521418 401817 519499 404070 522650 406158 525862 405387 524302 403664 522777 405059 524148 404798 523442 
