573 775 538 709 601 826 571 748 598 798 560 767 540 707 614 836 603 812 534 677 554 748 625 845 535 690 558 729 550 732 585 789 576 746 549 721 520 669 573 767 581 754 542 736 580 773 562 752 527 697 606 825 597 800 530 701 595 811 632 857 547 709 543 686 586 795 623 846 611 845 569 772 597 778 619 841 654 898 577 761 534 698 527 681 586 785 578 771 626 851 550 731 555 728 589 808 580 788 636 867 
1298 1695 1289 1706 1275 1674 1324 1747 1275 1669 1350 1816 1319 1737 1217 1618 1292 1709 1313 1793 1315 1748 1270 1636 1287 1703 1209 1613 1215 1600 1266 1665 1214 1601 1292 1721 1325 1769 1293 1704 1240 1655 1272 1693 1392 1842 1188 1575 1329 1784 1228 1622 1311 1779 1247 1642 1266 1632 1266 1663 1304 1760 1146 1511 1327 1715 1222 1608 1332 1763 1200 1565 1313 1759 1330 1781 1231 1686 1158 1502 1333 1767 1206 1620 1265 1667 1376 1890 1278 1697 1326 1806 1282 1738 1292 1723 1255 1651 1215 1637 
1894 2491 1988 2617 1982 2591 1961 2536 2109 2826 2001 2659 1969 2593 1940 2551 1971 2584 1835 2420 2087 2713 2095 2821 2014 2641 1956 2552 2066 2747 1892 2527 1954 2547 2128 2826 1984 2609 1862 2473 2028 2687 1914 2499 1976 2554 1964 2584 2053 2765 1990 2644 1846 2420 2131 2859 1954 2549 2047 2696 2091 2795 2031 2670 2072 2767 2093 2748 2114 2806 1910 2542 1966 2608 2047 2697 2000 2622 2090 2758 2148 2888 2129 2780 2064 2752 1855 2453 2015 2612 1974 2561 1958 2545 1995 2625 1873 2472 2137 2891 
2811 3741 2708 3505 2700 3560 2900 3827 2874 3794 2760 3682 2751 3600 2730 3591 2778 3628 2900 3872 2740 3658 2740 3597 2730 3585 2874 3793 2876 3816 2457 3177 2710 3616 2640 3461 2498 3243 2621 3386 2795 3644 2750 3578 2641 3396 2608 3449 2635 3421 2769 3595 2772 3647 2804 3778 2666 3512 2655 3414 2429 3165 2754 3610 2723 3658 2866 3778 2600 3436 2781 3676 2732 3598 2793 3702 2851 3772 2608 3420 2841 3760 2757 3615 2833 3785 2684 3529 2828 3697 2843 3770 2558 3259 2781 3696 2863 3799 2467 3241 
3321 4301 3399 4400 3352 4388 3358 4307 3192 4222 3421 4541 3443 4541 3619 4837 3266 4264 3443 4516 3469 4516 3372 4436 3636 4789 3594 4732 3454 4504 3468 4567 3571 4748 3639 4823 3574 4786 3535 4662 3399 4454 3374 4420 3603 4789 3672 4840 3338 4316 3542 4762 3350 4407 3346 4411 3397 4534 3541 4683 3399 4433 3436 4459 3441 4572 3424 4468 3629 4771 3511 4634 3310 4312 3477 4588 3583 4777 3504 4669 3150 4112 3387 4420 3419 4565 3392 4462 3457 4517 3445 4534 3550 4683 3494 4625 3613 4807 3526 4724 
4241 5572 4292 5720 4361 5710 4457 5935 4276 5627 4267 5573 4312 5706 4088 5281 4327 5654 4222 5519 4385 5799 4194 5506 4289 5673 4279 5568 3805 5011 4241 5522 4309 5702 4180 5514 3900 5136 4298 5672 3997 5266 4203 5519 4249 5619 4059 5331 3953 5209 4091 5325 4003 5164 4447 5859 4304 5682 4367 5808 4130 5352 4010 5247 4168 5456 4178 5432 4228 5551 4265 5645 4243 5576 4198 5488 4104 5399 4370 5770 4392 5795 3676 4754 4059 5300 3975 5240 4394 5791 4141 5355 4060 5303 4424 5907 4335 5629 4257 5597 
5014 6579 4599 6018 5000 6539 5027 6532 4459 5801 5187 6849 5019 6601 5057 6701 5166 6788 4817 6181 4917 6428 5036 6558 4890 6377 5086 6689 4997 6586 4505 5880 4886 6425 5115 6691 4882 6369 5074 6706 5133 6778 5017 6533 5132 6759 4917 6491 4878 6469 4591 6019 4904 6380 5012 6560 4636 6073 4702 6117 5094 6762 5208 6834 4888 6347 5052 6611 4933 6411 5169 6828 5075 6696 4975 6613 4668 6152 5232 6896 5101 6704 5074 6697 5039 6547 4897 6337 5013 6526 5046 6573 5059 6640 4829 6284 5159 6821 4933 6516 
5967 7781 5698 7401 6021 7979 5773 7559 5409 7132 5776 7538 5959 7810 5711 7449 5846 7610 5634 7417 5803 7565 5824 7646 5802 7569 5822 7591 5334 6993 5786 7597 5853 7724 6015 7978 5715 7514 5859 7701 5940 7868 5551 7220 5957 7800 5794 7611 5758 7522 5803 7616 5788 7560 5796 7527 5930 7775 5628 7318 5826 7600 5963 7854 5761 7555 5825 7622 5496 7187 5861 7589 5664 7363 5760 7554 5732 7452 5669 7411 5942 7824 5538 7150 5706 7447 5259 6805 5847 7612 5619 7331 5320 6902 5764 7514 5766 7508 5825 7662 
6843 9038 6025 7851 6592 8660 6588 8664 6060 7872 6510 8523 6577 8562 6544 8500 6631 8722 6416 8378 6492 8453 6656 8699 6305 8230 6442 8434 5880 7598 6472 8409 6595 8590 6515 8527 6770 8885 6429 8431 6675 8761 6668 8765 6421 8388 6648 8758 6133 7915 6249 8151 6563 8608 6511 8461 6626 8643 6222 8146 6601 8579 5899 7695 6001 7861 6498 8504 6416 8372 6612 8642 6497 8497 6478 8459 6516 8549 6559 8561 6547 8586 6560 8557 6500 8484 6306 8296 5931 7755 6518 8512 6502 8434 6586 8648 6316 8197 6481 8445 
7505 9921 7279 9549 7054 9233 6852 8978 7514 9984 7262 9488 7365 9657 7385 9733 7377 9734 6584 8610 7004 9197 7260 9457 7389 9709 7602 10065 7419 9708 7332 9537 7485 9882 7161 9387 7227 9394 7127 9219 7238 9424 7293 9504 7253 9533 7467 9899 7521 9867 7081 9219 7178 9323 7161 9377 7367 9658 6889 8948 7178 9426 7194 9460 7271 9525 7166 9354 6991 9105 7189 9333 7207 9537 7757 10157 7288 9492 7265 9546 6970 9083 6542 8528 7162 9370 7134 9288 7627 10102 7099 9328 7267 9501 7143 9270 7229 9440 7477 9765 
8103 10588 8054 10488 8095 10541 8231 10854 7914 10329 8167 10653 8144 10769 7901 10260 7331 9522 8099 10561 7503 9780 8100 10625 7862 10237 7986 10514 7636 9973 8100 10575 8009 10438 7919 10369 7406 9687 8186 10654 8337 10924 8100 10564 8177 10738 8097 10654 8110 10734 7993 10464 8251 10888 7773 10123 8183 10765 7631 9866 8029 10458 7857 10342 7916 10324 8097 10613 8040 10533 8045 10494 8259 10868 7378 9645 7664 9913 7584 9867 8080 10587 8266 10744 7832 10165 8190 10765 8113 10614 7725 10134 7553 9773 7946 10416 7835 10183 7859 10215 
8690 11427 8154 10661 8553 11149 8779 11486 8809 11532 8247 10802 8827 11515 8942 11765 8078 10566 8651 11248 8893 11676 8443 11036 8875 11602 8895 11525 8770 11476 7897 10243 8809 11425 8292 10879 8686 11359 8790 11490 8797 11508 8963 11802 8873 11706 8696 11372 8676 11253 8740 11389 8118 10593 9068 11928 7452 9609 8682 11367 8650 11300 8710 11314 8641 11355 8466 11060 8656 11378 8835 11500 8377 10849 8867 11557 8831 11495 8482 11087 8820 11589 8443 11048 8778 11547 8754 11450 8556 11127 8656 11267 8875 11685 8921 11668 8354 10862 8705 11312 
9738 12706 9564 12340 9843 12927 9404 12270 9646 12613 9681 12574 9544 12425 9865 12908 9896 12931 9666 12661 9726 12655 9701 12668 9907 13016 9684 12736 9569 12524 9423 12216 9614 12564 9495 12397 9770 12740 9769 12754 8967 11715 9693 12679 9545 12446 9650 12600 9116 11847 9650 12645 9768 12803 9510 12347 9597 12470 8835 11582 9670 12712 9272 11916 8855 11524 9714 12654 9418 12237 9325 12131 9563 12476 9393 12249 9498 12392 9574 12386 9598 12502 9677 12727 9589 12495 9767 12802 9348 12116 9991 13097 9376 12196 9511 12397 9760 12730 9614 12487 
10582 13811 10851 14260 10274 13427 10860 14348 10489 13740 9566 12462 9400 12224 10708 14017 9374 12286 10452 13694 10379 13446 10430 13594 10556 13800 10617 13834 10436 13649 10429 13479 10325 13544 10504 13660 10582 13764 10353 13467 10430 13569 10306 13368 10456 13631 10104 13141 10485 13687 9957 12907 10602 13789 10024 13020 10456 13651 10324 13479 10576 13839 10293 13402 9948 12874 9039 11729 9930 12950 10573 13864 10536 13829 9603 12526 10318 13515 10405 13444 10646 13960 10384 13598 10413 13634 10065 13046 10505 13619 10489 13677 10416 13580 10027 12905 10324 13362 10337 13487 
11190 14526 10887 14142 11352 14832 11198 14604 11262 14636 11113 14544 10933 14275 11218 14548 11110 14436 11039 14400 11145 14453 11127 14529 10788 14036 11486 15039 11190 14572 10652 14010 11459 15045 10547 13753 11426 14842 10815 14011 10346 13501 11324 14772 10522 13607 11057 14374 10276 13344 11257 14688 10706 13975 11230 14649 11196 14554 11355 14897 10612 13705 10946 14188 10354 13520 11009 14224 11080 14440 11115 14358 11187 14585 11224 14693 10446 13551 10896 14164 11061 14421 11075 14434 11436 15078 10903 14062 10839 14140 11397 14824 10969 14281 11238 14741 11094 14364 11082 14452 
11848 15337 11272 14652 11584 15002 11602 15154 12063 15806 11074 14446 11921 15489 12083 15847 11751 15219 12015 15714 11904 15514 11247 14660 12053 15775 11842 15429 11878 15389 11857 15550 11906 15556 11684 15127 11992 15604 12146 15777 11594 15076 12146 15721 11520 15009 11578 15016 11934 15514 11978 15519 11895 15568 10870 14145 11852 15390 11982 15546 11989 15809 12412 16214 11888 15615 11301 14869 12272 16038 11749 15308 11427 14781 12014 15696 11949 15579 11315 14794 12061 15794 12014 15667 11817 15351 11907 15556 11757 15180 12276 16094 12204 15995 12241 16068 11912 15402 11953 15579 
12967 16987 12774 16756 11943 15604 12980 16962 12606 16439 12942 16921 12834 16717 12750 16677 12540 16305 13175 17297 12785 16593 12835 16645 12300 15995 12039 15606 12828 16812 12465 16261 12999 17034 12725 16581 11673 15244 12815 16631 12991 16960 12790 16694 12342 15967 12387 16084 11946 15696 12545 16329 12547 16248 12676 16423 12644 16384 12796 16680 12332 15960 12696 16554 12467 16226 12941 16908 12296 15971 12746 16579 12018 15602 12681 16515 13017 17041 12839 16799 12965 17067 12682 16543 12698 16479 12881 16901 12830 16837 12515 16301 12663 16529 11613 15070 12572 16370 12892 16804 
12282 16038 13690 17865 13344 17363 13311 17358 13531 17827 13358 17464 13396 17446 13681 17811 13217 17135 13542 17678 12250 15928 13399 17504 13642 17822 12855 16629 13562 17688 13457 17533 12878 16772 13505 17659 13390 17415 13821 18048 13050 16970 13016 16828 12685 16609 13833 18136 13409 17348 13376 17370 13416 17509 13471 17532 13331 17327 13631 17767 12221 15892 13860 18271 13039 16976 13342 17389 13620 17911 13535 17675 13460 17477 13125 16957 13761 17937 13920 18320 13319 17246 13565 17698 12928 16690 13876 18197 13762 17980 12977 16824 13454 17531 12197 15708 13403 17419 12977 16696 
14321 18640 13857 18106 14048 18190 14495 18904 14298 18737 14782 19439 14101 18443 14035 18217 14268 18644 14032 18300 14304 18535 13858 17970 14423 18892 14420 18812 14400 18772 14587 19009 14675 19267 14230 18516 14244 18714 14319 18559 14633 19124 14430 18857 14493 18926 14328 18738 14360 18678 14155 18422 12490 16260 14061 18173 14022 18321 14051 18330 14287 18693 14163 18384 13863 17958 13527 17555 13907 18109 14111 18351 14469 19043 14734 19304 14408 18814 14369 18816 14295 18510 14486 18966 14133 18319 14241 18414 14444 18937 13885 17939 14599 19132 14127 18346 14020 18265 12947 16828 
14768 19195 15209 19846 15165 19782 15154 19792 15095 19799 14728 19115 15229 19926 13933 18188 14737 19019 14869 19322 15364 20036 15090 19748 15269 19891 15351 19936 15122 19727 15127 19742 13905 18174 14684 19147 14931 19441 15225 19842 15212 19936 13302 17283 14946 19524 15145 19718 14793 19205 15075 19608 15143 19737 13451 17348 15154 19828 15111 19731 15170 19788 13793 17965 15235 19902 15017 19574 14701 19269 15148 19894 15177 19834 15202 19959 15247 19752 13641 17709 15291 19949 14838 19353 14629 19075 14885 19440 15564 20491 15248 19794 14803 19278 14645 19142 14868 19438 14954 19546 
15845 20594 15523 20259 16105 21061 15884 20733 14390 18729 15971 20966 16125 21167 15872 20629 15813 20599 15729 20578 15880 20753 14814 19423 15611 20413 15589 20317 14961 19493 15792 20603 15836 20626 15809 20650 16086 20970 15427 20037 15871 20652 15601 20295 15861 20619 16111 21092 16104 21140 16105 21152 15429 20213 15645 20331 15853 20671 15274 19974 16269 21280 16048 20913 14989 19467 15498 20197 15627 20403 16038 21051 14417 18757 15924 20751 15917 20728 15538 20357 15376 20012 15635 20276 15747 20574 15873 20733 15086 19593 16301 21504 15924 20846 15745 20668 15881 20787 15867 20799 
16693 21682 16807 21782 15070 19471 16666 21752 16443 21413 16309 21210 16714 21832 16940 22237 16782 21920 16583 21547 16727 21687 17081 22324 16829 22051 15507 20138 16312 21108 16538 21534 16260 21383 16396 21336 16884 22058 16137 21067 16754 21795 16827 22010 16125 20895 16942 22119 15077 19665 16312 21281 16477 21371 16653 21719 16417 21366 16023 20919 16307 21270 16048 20823 16856 22051 16647 21686 16177 20902 15883 20613 17027 22178 16819 21935 16649 21703 16683 21778 16650 21806 15157 19680 16785 22004 16429 21504 16565 21621 16610 21714 16666 21720 16285 21313 16561 21624 16577 21584 
17727 23218 15867 20630 17321 22518 17376 22744 17417 22582 17329 22581 17515 22757 17133 22317 17715 22988 16666 21687 17534 22881 17830 23326 15890 20627 17753 23123 17643 22981 16818 21816 17314 22652 17792 23290 17683 23124 17072 22223 16184 21135 17083 22092 16754 21773 17348 22645 17252 22259 17479 22706 17405 22751 17344 22621 17345 22586 18145 23758 17558 22857 16549 21580 17204 22413 17518 22821 17703 23134 17238 22293 17466 22743 17606 22994 17365 22517 17552 22912 16713 21668 17538 22856 16769 21805 17452 22704 17269 22426 17357 22539 17140 22299 17196 22437 17001 22147 17728 23214 
18121 23546 18238 23728 18697 24467 17275 22470 18397 23964 18245 23755 17797 23134 18895 24665 16842 21859 18384 23908 18264 23882 18018 23394 17835 23217 18193 23687 18168 23659 18205 23714 17297 22462 18502 24122 18378 23979 17677 22950 18383 23976 16683 21742 16917 22110 18518 24158 18001 23423 18017 23413 17161 22295 18610 24335 18126 23616 18480 24164 18309 23756 18408 24038 16615 21645 16753 21859 17910 23333 17944 23325 18226 23668 18787 24571 18105 23589 17655 23036 17896 23114 18006 23503 18461 24034 17661 23000 18416 23887 17907 23240 17724 23033 18272 23685 17747 23053 18511 24098 
19175 25017 17422 22738 18844 24514 19286 25173 18889 24730 18973 24652 19182 25097 18965 24811 18812 24387 19212 24956 18366 23811 19040 24821 19121 24830 19273 25210 18944 24562 18831 24453 17038 22114 19013 24851 19327 25194 18580 24085 19194 25096 19239 25104 18388 23914 18928 24651 18726 24244 18918 24628 18320 23901 19269 25185 19270 25115 18608 24149 18831 24524 18576 24095 18742 24338 19064 24783 18965 24768 19240 24958 19171 25015 19069 24853 19138 25052 17183 22370 18845 24562 18710 24350 18977 24711 19274 24970 19122 24930 19259 25150 18742 24250 19005 24826 19128 24788 18916 24657 
19559 25593 18119 23512 19527 25397 19823 25837 19753 25724 19697 25647 19860 26017 20168 26345 18478 24012 19898 25949 19943 26035 19628 25364 20098 26225 19532 25588 20063 26223 19290 24998 19425 25262 20029 26166 19609 25384 19696 25717 19496 25215 19964 25947 19232 24911 20227 26479 19816 25787 20129 26227 19751 25662 19422 25260 20023 26086 18142 23649 20104 26180 19423 25216 19370 25098 20248 26578 19727 25599 19827 25799 19618 25561 19527 25453 20127 26294 19977 26078 20093 26144 19806 25872 19141 24711 19735 25702 19761 25680 20009 26084 18849 24560 18371 24064 19903 25904 19804 25704 
20890 27298 20602 26748 19948 25968 20343 26398 20335 26436 19904 25839 20619 26852 19595 25373 20803 27121 20529 26601 20979 27330 20645 26824 19624 25536 20094 26083 20306 26471 20237 26036 20752 27080 20492 26772 20475 26695 20496 26601 20633 26761 20363 26422 18416 23980 20994 27469 20966 27353 19867 25789 19114 24950 20240 26317 20194 26165 20425 26781 19200 25098 20615 26836 19656 25481 20758 27110 20735 27168 20451 26607 20992 27421 20332 26504 19027 24774 20411 26624 20812 27125 20459 26563 20719 26991 20453 26546 20518 26673 20475 26613 20300 26280 20926 27303 20653 26875 20202 26158 
21281 27668 21218 27541 21065 27399 21576 28254 21580 28140 21029 27261 21135 27341 21510 27945 21388 27864 21559 28027 19803 25856 21211 27416 21860 28525 21557 28037 21318 27685 21105 27299 19441 25349 19983 26178 21051 27514 21141 27584 18247 23518 21151 27579 21585 28172 21398 27843 21541 28106 21533 27968 21224 27560 20301 26361 21771 28488 21070 27378 20832 27045 20230 26163 21696 28186 20657 27010 21388 27899 21554 28027 21746 28320 21424 27895 21491 27995 20687 26730 21324 27701 21338 27676 21893 28661 21561 28101 21198 27489 21453 27923 20937 27253 21373 27810 21916 28675 21642 28089 
21864 28275 22471 29305 21557 28023 21271 27543 21820 28337 21841 28413 21879 28401 21706 28194 22277 28903 21552 27857 22267 28983 22630 29517 22190 28749 22418 29235 22196 28874 22246 29027 22212 28927 22052 28652 22052 28512 22148 28845 21988 28731 22184 28956 21809 28170 22282 29038 22164 28750 21998 28591 21386 27691 20221 26243 21149 27439 22236 29063 21640 28041 21422 27700 22176 28855 21101 27381 22238 28865 22227 28929 21926 28372 22230 28958 22280 28870 22309 29126 22096 28693 21773 28284 21506 27789 21920 28501 22087 28740 22071 28745 22030 28703 22761 29697 22344 29165 22106 28681 
23597 30870 19776 25508 22312 28867 22966 29856 23073 30196 23125 30224 22578 29422 22982 29929 23236 30135 23330 30589 22427 29154 21876 28374 22776 29486 22650 29505 22365 29057 21817 28268 23280 30220 23285 30215 22666 29459 22890 29740 22909 29653 22872 29582 22110 28696 20932 27228 20576 26741 22851 29666 22899 29721 23002 29828 22912 29722 23014 29916 23456 30585 22421 29190 22984 30056 23039 30082 22753 29432 22980 29958 23215 30233 22468 29183 23086 30161 23008 29831 22787 29732 23131 30059 22848 29813 22584 29435 23406 30619 22625 29370 23149 30253 22839 29707 22816 29561 22908 29815 
22896 29905 23413 30460 23947 31130 23653 30819 23539 30515 24047 31396 22865 29748 23060 29744 22559 29336 23693 30695 23698 30602 23876 31051 24037 31382 21737 28334 23676 30904 23562 30663 23973 31177 24127 31510 23632 30597 23365 30322 24659 32215 23452 30375 23559 30576 23934 31177 23649 30744 24140 31299 23574 30483 23834 30982 23978 31194 23695 30823 23696 30950 23675 30759 23751 30880 24018 31238 23964 31194 24239 31644 24159 31591 23668 30834 23512 30458 23700 30814 24095 31460 24180 31524 21337 27653 24072 31335 23824 30978 23708 30893 23319 30174 23841 31018 21684 28193 23681 30972 
25427 33206 24538 31953 24612 32086 24219 31290 24640 31950 23440 30472 24251 31511 24109 31289 24119 31211 23141 30105 24377 31695 24237 31358 24878 32445 24677 32222 24665 32067 24374 31657 24152 31258 24186 31331 25063 32593 24731 32207 23339 30166 24091 31272 24236 31515 23959 31136 24260 31502 24517 31981 24395 31696 24357 31865 24760 32282 24545 31942 22112 28781 24543 31792 24455 31682 24026 31143 24461 31887 24574 31924 24165 31436 24080 31087 24848 32400 24032 31219 24862 32428 24207 31306 24363 31556 24984 32576 23397 30296 23888 31060 25049 32676 24816 32304 24867 32392 24604 32041 
25431 33274 25251 32841 25261 32899 25166 32736 25573 33299 24983 32509 24624 31912 25517 33207 25483 33233 23140 29991 25071 32806 25980 33841 25616 33481 24774 32282 25341 32923 22630 29240 25533 33221 25292 32741 25396 33003 25291 32950 25528 33154 23271 30296 24746 32095 25149 32589 24576 31870 24808 32132 25588 33508 25603 33280 25000 32522 25263 32711 25134 32465 24806 32108 25277 32752 25491 33127 24615 32079 25175 32573 25346 32819 25209 32634 25684 33457 25369 33099 25348 32994 25071 32532 25648 33476 25221 32772 25146 32625 24966 32347 25377 33108 25561 33200 24042 31201 25572 33210 
26350 34361 25710 33251 25525 33171 26430 34407 25850 33556 25612 33109 25724 33416 25735 33429 25441 32957 26272 34323 26237 34000 25678 33323 26449 34398 25790 33489 23983 31184 26140 33927 25906 33663 26041 33762 26093 33962 25437 32930 26388 34282 25972 33845 24047 31210 25670 33291 26672 34830 25675 33428 26057 33873 26240 34214 26234 34134 26075 33778 26105 33835 25925 33603 26141 34033 25778 33332 25777 33497 26553 34725 26263 34141 24050 31373 26237 34131 26242 33953 26310 34285 26233 33980 24374 31708 26058 33788 25000 32330 26292 34154 26643 34657 26057 33825 26450 34488 25894 33569 
26578 34501 26694 34734 25118 32666 27039 35244 26940 34999 27119 35202 27151 35374 26711 34490 24395 31564 27112 35289 26635 34761 26964 34929 27531 36010 27278 35546 26631 34764 27360 35664 27158 35352 26978 35104 27253 35462 26569 34253 26785 34687 26967 35067 26796 34754 25436 33098 27046 35217 27159 35513 26740 34919 26780 34783 26697 34694 26857 34942 26942 35123 26983 35245 27480 35837 27212 35422 26935 34978 25802 33572 26834 34751 25832 33485 27118 35326 26924 35000 26916 34986 27140 35270 26814 34859 27462 35769 24789 32352 26688 34578 24740 32109 27246 35551 26945 35027 26842 35002 
27815 36208 27548 35779 27597 35898 27634 35832 27470 35864 27836 36304 27156 35204 27974 36325 28043 36520 27696 36031 27862 36263 27170 35373 27478 35712 27404 35674 27171 35228 27978 36417 27531 35704 27519 35653 27417 35615 27814 36250 27570 35744 27994 36429 24808 32154 27778 36135 28105 36642 27489 35641 27984 36363 27710 36122 26501 34332 27863 36256 27086 35033 27611 35795 27386 35630 27788 36075 27611 35943 26460 34373 27781 36091 27370 35552 25133 32558 27628 35793 28106 36744 27439 35716 27794 36145 27337 35363 27912 36332 27614 35938 27822 36076 27365 35513 27274 35433 27275 35438 
28205 36579 27984 36254 28136 36451 28337 36739 28341 36703 28674 37232 28516 37112 28630 37351 28333 36732 28146 36670 29121 38050 28459 37088 28585 37321 25928 33727 29088 37762 28783 37542 28706 37319 27984 36231 28323 36827 28768 37368 28568 37028 28391 36998 28291 36795 28440 36979 28409 36751 28954 37648 28292 36890 28354 36926 28600 37054 28321 36823 28113 36463 27778 36022 28655 37281 28815 37419 28500 36874 28366 36819 28202 36373 29173 38134 28413 36899 28503 36926 26068 33705 27588 35880 28500 36940 28332 36791 28378 36945 26308 34148 28631 37373 28021 36361 28261 36735 28547 37133 
29549 38539 28803 37477 29743 38658 29961 39157 29640 38754 29050 37781 28036 36323 28946 37664 30022 39280 29694 38666 29721 38672 29670 38602 29412 38187 27523 35553 26933 35042 29859 38723 29325 38007 28866 37445 29115 37671 29281 38076 28625 37130 29642 38672 29630 38597 29472 38355 28350 36935 29404 38091 27044 35151 29824 38716 26996 35063 29062 37834 29229 37969 29402 38176 29422 38419 28668 36997 29456 38358 29544 38448 29229 38005 29699 38830 28064 36346 28398 36730 29407 38259 28998 37514 29611 38696 29583 38431 29432 38290 29630 38513 28109 36441 29101 37956 29158 37760 29533 38475 
30329 39432 30266 39402 27414 35722 30448 39555 29932 38887 29843 38835 30517 39601 29953 38979 30113 39332 30360 39533 30502 39710 30310 39592 30006 39129 29430 37870 30217 39379 29993 38909 29721 38487 29458 38279 29774 38854 29967 38830 29525 38246 29474 38352 29885 38912 29835 38777 30261 39356 29707 38523 30442 39639 30677 39999 27086 34926 30244 39314 29442 38252 30747 39949 29891 38668 30460 39730 29513 38075 30485 39688 29792 38757 30686 40032 30496 39673 30351 39759 29801 38590 30187 39325 30126 39135 30056 38997 30012 38910 29871 38866 29629 38598 30234 39436 30853 40211 30478 39677 
30859 40212 30634 39625 28511 37199 30596 39796 31174 40578 30977 40356 30881 40174 31411 40972 27648 35718 30785 39994 30819 39949 30367 39361 31221 40681 30808 40048 31048 40446 30953 40302 30849 40081 30442 39569 30600 39829 31435 41046 30329 39378 30685 39824 30013 39012 31020 40256 30713 39904 31140 40548 30313 39285 30033 39236 30531 39527 30028 38971 30488 39492 29616 38528 30618 39581 29809 38711 30590 39731 30048 38910 30752 39753 31069 40289 29547 38234 31222 40610 31607 41184 31212 40855 30869 40031 31070 40312 29979 38784 30770 39894 30975 40285 30222 39126 29998 39095 30539 39955 
31722 41394 31807 41232 30608 39925 31579 41050 30917 40081 31766 41297 31369 40773 31731 41213 28429 36844 31275 40656 31991 41722 32050 41757 31649 41166 30986 40224 31005 40206 31769 41093 31980 41592 32082 41776 32284 42080 31476 41069 31646 41172 31847 41544 30242 39213 32156 41887 31058 40340 31525 40841 31762 41443 31688 41031 29998 39078 32035 41801 31852 41480 31552 41006 31518 40999 31156 40594 30962 40224 30483 39625 28994 37634 31856 41615 31180 40434 28542 37136 30662 39891 31305 40485 31456 40770 31953 41639 29023 37827 28785 37433 31451 40852 31822 41662 31795 41377 28547 37068 
29215 37889 32577 42434 32496 42301 32739 42718 32337 42078 32675 42548 32153 41839 32218 41819 31676 41236 31981 41577 32698 42590 32374 41958 32330 42010 32871 42641 32843 42744 33118 43045 31927 41681 32614 42460 32946 42894 32453 42108 32705 42584 29830 38846 32381 41867 31954 41357 32062 41812 32640 42597 32189 41858 29602 38397 32673 42593 32012 41601 32642 42436 32504 42168 32723 42674 32849 42800 32545 42177 30949 40273 32433 42168 32599 42310 32173 41879 32562 42275 33127 43059 32556 42278 32335 41947 32881 42882 32624 42428 32081 41662 31908 41458 32939 42989 32094 41622 32442 42086 
32205 41735 33090 42936 33276 43192 33326 43320 30276 39372 33290 43249 32715 42548 32594 42371 33444 43484 33526 43570 33026 42961 33263 43276 32994 42798 33727 44048 30129 39096 33422 43520 33456 43509 33592 43747 34192 44735 30136 39199 33048 42961 33296 43321 33535 43623 33717 43777 33788 44183 33210 43089 31255 40476 33181 43148 32576 42517 33789 44100 33359 43182 31457 40763 33470 43407 33501 43554 33211 43307 33201 43177 33532 43441 33261 43114 30395 39407 33142 43186 33544 43748 33838 44132 33530 43632 33615 43816 33419 43597 33418 43388 32604 42393 33375 43419 32980 42798 33055 42934 
34292 44589 31312 40678 34091 44215 33738 43781 31137 40472 30884 39876 32408 42114 34280 44567 33389 43510 34056 44200 33799 44067 33933 44233 33962 44268 33774 43906 34551 45093 34742 45447 33753 43928 33605 43664 33474 43497 33668 43646 34363 44791 33899 44013 34004 44125 32889 42481 34369 44757 33724 43908 34257 44579 34261 44523 34325 44611 34245 44717 33133 42809 33900 43997 34079 44203 33792 43844 33867 43920 34075 44502 31549 40881 33607 43709 33712 43776 34599 45075 34986 45766 34415 44608 34077 44300 30774 40045 33992 44205 31646 40980 33874 43920 33686 43478 34042 44187 34462 45037 
34609 44872 34765 45163 35032 45665 34880 45316 34202 44306 35111 45673 34447 44700 34591 45107 34857 45403 34881 45216 32372 42309 34803 45333 35473 46112 34896 45348 35022 45471 34761 45137 34167 44266 35049 45431 34334 44461 34216 44227 34534 44685 34538 44957 34618 44910 34659 45145 34852 45395 34564 44763 35052 45668 34964 45448 34998 45430 35138 45813 34401 44641 32500 42154 33166 43101 35456 46067 34344 44682 34551 44990 34500 44799 34659 44798 31538 40936 33493 43291 35828 46696 34842 45262 35259 45966 33344 43352 31759 41279 31494 40981 34437 44841 34517 44824 35028 45561 33024 42735 
35951 46750 35452 46192 34893 45267 35524 46074 35280 45662 36053 46822 35915 46706 35588 46213 35898 46607 34226 44468 35083 45686 35782 46686 35857 46866 36093 46767 35287 45759 36527 47723 36081 46909 35866 46563 35272 45683 31866 41291 35899 46733 36038 46975 35177 45747 35539 46132 32075 41676 35546 46244 35403 45925 35760 46404 35749 46416 35510 46129 35999 47057 35709 46453 35473 45935 35577 45980 33310 43190 35556 46366 35767 46493 35203 45546 35450 45919 36103 46910 36064 46783 34378 44618 33373 43395 35869 46736 35364 46037 35251 45711 34688 44990 35239 45785 36773 47984 36321 47254 
35644 46214 36844 48149 36168 46802 36236 46998 36628 47690 36337 47226 36600 47552 36267 47061 36481 47523 33171 43126 36488 47542 34364 44513 36157 47000 33457 43465 36263 46928 36834 47990 36541 47389 36280 47049 36884 48084 36496 47262 36308 47095 35647 46087 36591 47471 36431 47254 36348 47465 36290 47082 36837 48056 37001 48105 37188 48454 36474 47278 36671 47779 36331 47082 36746 47794 36754 47858 37150 48419 34370 44557 37250 48664 36212 46938 35971 46618 36557 47653 36750 47890 36664 47579 35942 46425 36829 48054 36331 47196 36634 47642 35778 46540 36061 46924 36713 47720 36982 48225 
37115 48101 37504 48685 36855 47942 37901 49444 36640 47383 37230 48327 37415 48474 36964 48001 36505 47580 37015 47836 36496 47318 37775 49256 37481 48705 37535 48892 34661 45150 37552 48941 37375 48532 37194 48201 37968 49208 36928 47789 37523 48796 37363 48493 36126 46738 37164 48381 36454 47137 37178 48273 37090 48221 36136 46680 36655 47582 37453 48839 37832 49254 36821 47927 36967 47923 37262 48318 37235 48168 37932 49342 37386 48581 37407 48640 36587 47628 37171 48244 37558 48986 37026 47982 36927 47932 37002 48234 36176 46850 36639 47307 36792 47815 37673 49223 37195 48299 36866 48001 
38338 49816 37780 49204 37821 49011 38375 49932 38230 49620 37737 49048 37820 49130 37764 49056 38553 50123 38202 49487 36410 47278 38115 49441 38868 50665 37512 48767 37865 48911 37798 48839 38164 49624 37630 48766 38609 50448 37978 49401 37775 49177 38271 49671 38231 49735 37885 49125 37932 49098 38112 49599 38217 49778 37960 49331 37568 48816 38157 49497 38381 50051 38066 49608 36850 47678 38328 49644 37050 47924 38312 49913 36520 47333 36986 48068 37782 48951 37773 48887 38483 50007 37983 49450 37918 49227 37617 48633 38254 49748 36972 47919 37734 49079 38144 49471 36642 47644 37976 49348 
38492 49915 38059 49342 39386 51299 39367 51240 38562 50299 39072 50841 37718 49092 37415 49018 39084 50683 35742 46529 38302 49826 39180 51366 38606 50179 38687 50333 38836 50497 39068 50903 34732 45169 37721 48789 39003 50502 38606 50102 39206 51008 38847 50597 38871 50553 37937 49357 38932 50489 38408 49803 38177 49410 39234 51042 38713 50322 39358 51352 39144 51143 39098 50855 39231 51090 38842 50438 35292 45903 38482 50017 38695 50325 39047 50757 38786 50374 37829 48982 39407 51472 39070 50800 39317 51374 38910 50354 35130 45505 39107 50761 38302 49868 38394 49918 39478 51501 39040 50733 
37707 49179 38263 49547 38685 50139 39342 51088 39818 51531 39044 50507 39085 50832 39279 50970 39852 51753 39991 52061 38942 50503 39554 51390 39377 51110 38762 50277 39474 51174 39516 51383 38921 50575 40189 52444 39847 51945 38819 50161 39767 51754 39449 51331 39589 51485 39382 51233 39978 52082 39158 50896 37472 48703 39898 51864 38885 50354 37638 48889 38360 49734 39769 51721 40071 52057 39805 51854 39941 52038 39348 51032 40174 52339 38810 50579 39486 51256 40067 52085 39037 50574 39825 51778 38926 50610 38792 50327 40301 52423 39174 50886 39405 51042 38905 50434 39358 51041 38945 50643 
40363 52330 40783 52935 40650 52881 40578 52657 40100 51992 40284 52444 40576 52732 40915 53101 39216 50769 40638 52557 41040 53647 39835 51836 40795 52913 41025 53397 40679 52920 40574 52708 40352 52314 40273 52276 40455 52406 39880 51974 40409 52542 38653 50074 40773 53153 40613 52765 41017 53446 40383 52391 38955 50635 40108 52054 40078 52091 40187 52103 40516 52791 40189 51982 39810 51954 40558 52685 40447 52513 40374 52438 41135 53514 40694 52918 40265 52307 40727 53044 40329 52499 39970 51789 39847 51673 40877 53353 40946 53346 40560 52769 41253 53828 40189 52160 40478 52469 40690 52972 
38525 49897 40776 52837 41503 54011 40996 53100 41342 53806 40539 52539 40021 51937 41171 53242 39172 50827 41250 53552 40574 52510 41000 52954 40917 53271 37452 48693 41466 53921 41325 53520 41734 54422 41624 54175 38089 49548 40326 52266 42179 54981 41395 53717 37950 49298 41455 53796 41156 53564 41125 53368 37443 48564 41424 53714 41475 53797 41410 53717 41525 53940 40948 53133 41475 53879 41213 53581 41011 53204 41188 53566 41454 53777 41465 53951 41520 54011 41731 54487 42034 54785 41018 53177 38128 49701 40985 53181 41523 53948 41078 53293 40520 52364 41116 53461 36920 47944 40911 53199 
42145 54817 42857 55837 42639 55730 42474 55259 39318 51015 42404 55230 41969 54557 41598 54072 42041 54424 42106 54812 40821 52850 42629 55633 41738 54223 37441 48843 38513 50035 41948 54529 41246 53557 41848 54110 41738 54019 37331 48351 42346 54880 42092 54612 42039 54529 38474 49937 41979 54613 41774 54335 42432 55075 42335 55105 42431 55310 41771 54371 41724 54002 41641 53803 41482 54015 41949 54313 41907 54321 41748 54061 41815 54148 41735 54282 41633 54054 41885 54307 42672 55497 42241 54961 42179 54923 42784 55492 37372 48431 41818 54374 42110 54872 42484 55238 42665 55491 42000 54580 
42911 55711 42360 54684 43361 56340 42332 55091 41694 53946 43145 56029 38194 49365 42660 55324 42982 55972 43093 55991 42984 55874 43137 56139 42077 54615 42260 54878 43941 56999 42545 55138 42000 54632 43084 55958 41170 53483 41319 53207 37246 48263 43197 56082 43209 56099 43736 56799 42733 55444 42834 55532 42925 55811 42505 55120 42827 55943 42480 55201 43015 55771 43392 56628 43314 56311 42635 55481 42901 55588 42993 55618 42907 55868 42601 55258 42873 55612 42864 55600 41953 54532 42803 55658 43185 55945 40708 52999 41958 54483 41549 53805 43238 56037 42620 55372 43045 56017 43022 56016 
43061 55661 43663 56805 42277 55089 42769 55530 43154 55986 43742 56940 43270 56145 43858 57101 43604 56739 44235 57322 43417 56367 44190 57294 44065 57321 43949 57085 43619 56494 42985 55748 43822 56991 43680 56636 44162 57510 43561 56614 42742 55376 44178 57520 43189 55871 43163 56113 43787 56913 43406 56211 43773 57072 43697 56565 40735 52867 42854 55733 43838 56952 43196 55970 44214 57588 39321 50939 43583 56630 43489 56300 43082 55927 43639 56681 43794 57066 43765 56931 43053 56107 43868 57078 43133 55932 41811 54069 43824 56977 43625 56651 43838 56910 39994 51873 43774 56688 44127 57426 
43993 57168 43881 56942 43745 56659 44453 57696 44086 57199 44606 58315 44876 58423 43979 57296 45153 58521 44999 58522 43381 56275 44467 57799 44485 57917 42990 55935 44587 57814 44909 58453 43469 56636 44487 57822 44731 58278 44604 57723 42275 54592 44746 58069 44416 57668 44107 57278 43048 55642 41192 53522 43862 56902 44162 57454 44899 58481 45186 58691 44212 57315 44557 57908 43703 56791 42858 55656 44540 57880 43908 56981 42476 55154 44238 57370 40679 52848 44487 57859 44210 57216 43077 55980 44787 58180 44459 57497 45392 59163 43715 56865 45167 58720 40821 53275 43835 56846 42321 55189 
45559 59113 45458 59110 45456 58878 42867 55535 45568 59269 44021 57139 45650 59506 41039 52973 45261 58773 46471 60461 45170 58555 45260 58787 45005 58400 45571 59135 45578 59197 45390 58933 44432 57437 45324 58862 44995 58114 45528 59017 45161 58527 45462 58898 45400 59192 44879 58198 45969 59887 45260 58925 44031 57000 45206 58668 44977 58293 45257 58673 45359 58684 45506 59293 44721 57988 45436 58996 46574 60706 45137 58638 44048 57097 45863 59649 46313 60285 45183 58859 44752 57872 44428 57602 44601 58125 44729 58136 44650 57955 44248 57265 45120 58451 45795 59383 45826 59619 45123 58530 
46516 60660 46108 59869 43318 56067 45090 58394 46370 60256 45919 59642 46414 60318 45768 59557 46348 60442 46272 60154 46240 60125 45817 59610 45042 58552 46187 59710 46246 60071 45709 59211 46067 59483 45413 58933 45901 59734 45825 59273 45640 58951 46584 60545 44207 57421 46242 60121 46012 59678 46733 60847 45413 59030 46336 60305 46128 60043 45125 58463 46164 59870 46243 59952 46246 59925 45147 58594 46421 60533 41279 53310 45393 59112 43328 56292 45967 59507 46159 59780 46143 59886 45044 58270 46281 59983 46239 60137 46422 60231 46158 59869 45795 59253 43723 56597 45530 59153 46561 60414 
47057 61113 46401 60242 46498 59934 45895 59454 46522 60447 47093 61173 46440 60429 47232 61318 46083 59618 46247 60061 46906 60678 46950 60844 47056 61216 46638 60641 47225 61295 46869 60902 47647 62179 47348 61373 46095 59871 45976 59928 43802 56568 46049 59530 47055 61051 46884 60779 46166 59763 47440 61441 47391 61580 46765 60697 45459 58758 46379 60335 46695 60664 47614 62021 47270 61515 46138 59975 45363 58948 46865 60967 46686 60773 46093 59707 45798 58931 47238 61297 46920 60699 46768 60593 46547 60474 46391 60191 47448 61845 45793 59178 46696 60560 47265 61498 46353 60197 46303 60117 
47869 62251 47251 61374 46952 61126 46635 60410 47681 61839 47157 61260 47419 61628 47985 62486 43029 55504 47810 62089 47316 61296 46920 60806 47768 62218 46898 60709 47629 61803 46796 60867 48143 62359 47443 61672 48251 62747 46550 60481 47685 61723 47726 61838 47630 61724 48140 62573 47638 61865 48074 62327 46599 60330 44583 57788 47870 62082 47760 62129 47743 61933 47210 61318 48018 62606 46004 59697 47777 62250 47547 61692 47564 61952 43238 56118 47221 61391 47384 61552 43293 56078 48310 62885 47882 62200 43704 56823 48374 62954 47858 61884 47136 61147 47824 62156 47942 62283 47165 61312 
47765 61652 47776 61948 48047 62369 47614 61563 48708 63585 48958 63745 47883 62109 47379 61482 48048 62154 41964 54320 48717 63300 48303 62828 48171 62298 48875 63593 48090 62406 45563 59005 48926 63751 49064 63663 48845 63479 47837 61949 48835 63554 48811 63282 49059 63895 47785 61840 49317 64331 48571 62791 48248 62496 48399 62927 47301 61013 47012 60819 48053 62278 48768 63183 48323 62736 48613 63127 48113 62362 48096 62342 49339 64407 48807 63331 48806 63311 46926 61011 48002 62188 49128 63972 48156 62563 48268 62559 47471 61409 43156 55928 48834 63501 48734 63367 48617 63064 47994 62053 
49504 64483 48643 63135 48889 63364 48561 62822 49869 64837 49572 64443 50055 65213 49102 63460 49086 63506 48054 62168 49984 64816 48992 63315 47941 61975 48539 63163 48651 63161 49735 64561 48656 62866 48709 63338 48727 63193 47618 61983 50105 65259 48902 63688 46858 60682 49627 64402 48961 63581 49754 64614 49202 63598 48104 62521 48618 63132 48259 62694 49054 63541 48823 63144 44179 57503 49804 64643 44922 58171 48352 62580 50016 65146 49410 64328 48558 63066 49915 65029 49590 64405 49612 64329 49393 64099 47099 60956 48227 62487 49085 63520 49943 64955 48041 62370 49147 63694 49225 63717 
50535 65914 50006 64855 49344 63944 50123 65374 49965 64662 50347 65319 49458 63995 49586 64497 47944 62342 50194 65134 49237 63958 50134 65066 50715 65877 50394 65392 49879 64536 50223 65106 50365 65448 49684 64237 50007 64810 50848 66203 50517 65747 51085 66520 48885 63189 49821 64369 50944 66202 48697 63011 44946 58313 45274 58733 49951 64657 48046 62417 50413 65327 50136 64889 48547 62895 49145 63867 50211 65303 49882 64673 49291 63738 47132 60968 49534 64216 49215 63737 49702 64469 50173 65052 49787 64401 50306 65221 49879 64691 50500 65510 50928 66140 49962 64987 47920 62172 49480 64209 
51618 67061 50782 65954 50575 65408 51616 67126 50971 66242 50664 65877 49995 64487 50774 65922 51097 66396 51077 66188 50676 65593 51034 66467 50972 66215 51131 66568 50833 66067 50833 66064 51042 66231 50539 65255 51528 67148 46285 60120 51394 66681 50998 66230 51081 66471 51369 66806 51220 66578 49755 64644 51370 66683 49863 64785 49513 64011 51360 66821 51138 66095 50663 65639 50095 65052 51059 66219 50866 65945 51427 66774 50981 66111 51110 66285 51469 66933 48304 62611 51211 66428 48209 62481 50637 65707 50697 65763 46566 60662 50720 65696 51012 66315 51626 67002 50828 65894 50555 65894 
52121 68017 50524 65573 51647 67041 52122 67536 51580 66989 51778 67253 51368 66572 51988 67508 52198 67867 51890 67375 49198 64017 51474 66818 51968 67679 52112 67709 52340 67919 51724 66849 51264 66516 51962 67620 51469 66773 49551 64343 52278 67721 50840 65747 52338 67883 51959 67128 52012 67583 50620 65807 46236 59958 52315 68017 51355 66573 51876 67491 50924 66087 48261 62429 52042 67773 51074 65987 51960 67634 51546 66810 51389 66844 50934 66029 52069 67662 52493 68087 52274 68011 51898 67515 52096 67658 51844 67227 51621 66765 52312 67901 52413 68127 51555 67096 51769 67142 51875 67099 
52250 67473 52120 67657 52324 67926 52088 67579 52650 68251 52953 69045 52324 67755 52557 68255 49490 63987 52011 67654 52699 68345 52525 68101 51069 66147 49863 64801 52092 67513 52955 68674 52455 67891 52688 68146 52391 67973 52020 67118 52155 67488 52412 67939 52644 68204 51182 66163 52942 68874 53115 69039 51705 66770 51789 67215 52551 68140 52678 68509 52464 68075 51852 67254 52707 68343 52711 68778 52102 67522 52732 68549 46966 60656 52469 68149 51559 66772 52983 68874 53075 69012 51376 66631 51805 67288 52605 68224 51125 66411 52685 68107 47908 62159 51876 67445 52743 68488 51996 67199 
53149 68776 48799 63542 53801 70033 47812 61713 50638 65426 53027 68667 53431 69297 53118 68630 54111 70234 53881 70164 52474 67882 53418 69256 52526 68137 52293 67912 53511 69280 53402 69251 53885 70084 53168 68927 52074 67237 52692 68485 52768 68610 53765 69797 52730 68322 53370 69042 53311 69193 53111 68821 53253 69025 52394 68144 53035 68796 53049 68792 54115 70313 51929 67208 52711 68483 52343 68032 53002 68593 53056 68694 54279 70783 53821 69903 52819 68049 52729 68284 53084 68984 52940 68552 53405 69325 52918 68364 54117 70469 53266 69194 53370 69121 51026 66223 53936 70121 53172 68847 
53963 70020 53807 69691 51287 66324 54127 70197 52819 68530 54122 70502 53919 70187 49643 64423 53844 69896 53942 69892 53532 69387 54472 70844 54056 70521 52824 68469 54246 70666 54474 70589 54554 71038 52881 68385 55111 71565 54259 70337 53984 70167 51759 67270 53692 69512 54175 70422 54114 70308 53835 69685 50537 65382 53528 69436 54396 70648 54653 71205 54587 70720 53096 68640 53241 68878 52816 68514 53888 69820 49786 64455 54546 70941 53813 70064 53271 68993 53177 68778 52953 68418 54024 69916 48086 62286 53660 69579 54160 70449 53567 69141 54413 70332 53947 70031 53371 69260 54221 70568 
54892 71108 55161 71550 55268 71738 55003 71380 55175 71693 55085 71363 54245 70253 55448 72206 54330 70779 54574 70825 55197 71726 55121 71546 55352 71992 54452 70669 54409 70510 55328 71881 55044 71615 55232 71552 55298 71430 54799 71174 54627 70746 55061 71486 55942 72910 54536 70542 49883 64934 55491 71945 53511 69270 55101 71374 54630 70678 55670 72284 55719 72318 54250 70407 54046 69852 53915 69835 53387 69127 55532 72090 54756 70974 54621 70754 55163 71497 54699 70772 55041 71578 54336 70348 54115 69948 53466 69417 52336 67902 54067 70014 54169 69790 53954 69818 54679 70901 55090 71327 
55365 71691 53041 68559 55520 72062 55905 72479 56214 72937 56021 72885 55763 72410 55984 72888 55360 71757 55805 72335 54812 70939 55586 72183 55358 71764 55741 72093 55582 71947 55522 71934 54207 70104 55422 71865 54376 70685 56662 73693 55973 72536 56213 73014 54586 70918 55251 71446 56401 73215 55355 71749 55576 71784 52525 68023 55286 71369 56416 73302 56450 73448 55711 72391 55829 72362 55933 72658 55630 71968 55833 72494 54517 70544 55990 72679 56317 73056 54632 70538 56018 72934 54111 70219 56052 72764 47703 61653 56513 73517 56037 72827 56600 73727 56010 72874 55174 71169 55904 72525 
55899 72550 56099 72737 56813 73934 56184 72905 56679 73449 56331 72806 56503 73287 55899 72244 53962 69890 51673 67056 57122 74494 56200 72918 57002 74074 56661 73636 56403 73232 56821 73820 56256 72837 56936 74049 56133 72671 55957 72625 56609 73506 54402 70707 57056 74013 56317 73201 56701 73669 55280 71593 54614 70736 56839 74118 56457 73192 55976 72413 56352 72910 56511 73510 57068 74112 56603 73505 56938 73931 53912 69807 56712 73720 56263 72858 56152 72809 55936 72512 56803 73957 55739 72040 56559 73222 56449 73289 55585 71928 56468 73096 56971 74166 54546 70509 56382 73253 56334 73306 
56990 73707 57765 74812 56858 73618 54522 70837 57335 74503 56451 73158 56677 73707 55733 72056 57604 74621 57090 73761 57654 74839 57302 74469 57294 74315 54086 70025 56034 72622 57400 74416 56981 74024 56718 73687 56790 73431 57078 74014 55925 72051 57597 74776 52251 67936 57565 74658 56792 73574 57444 74597 56780 73607 56503 73329 57555 74449 55669 72381 56694 73403 57303 74455 56268 72880 49518 64079 57903 75139 57758 74738 55483 71853 57225 74268 56641 73555 57428 74287 56883 73510 57148 74194 57483 74575 57584 74525 56780 73590 56933 74039 57090 74083 57877 75161 58006 75372 57624 74528 
58476 75887 58258 75881 58830 76449 58223 75572 57580 74493 57270 74154 58347 75833 57092 73871 56248 72876 58060 75275 58589 75714 58038 75243 57654 74737 58196 75277 58540 75992 58154 75534 57207 73904 58009 75006 57998 75252 57174 74150 57204 74235 57859 74846 57797 74692 58061 75487 59086 76786 55237 71765 56132 72858 58477 76086 58929 76676 58087 75555 58536 76168 58264 75600 58607 76106 57947 75284 58728 76262 53404 69322 58430 75785 58312 75594 57781 74645 59040 76770 57988 74993 57092 73631 57793 74963 57295 74048 56867 73855 56432 73541 58804 76739 58026 75015 58278 75625 57157 73891 
57652 75037 59127 76670 58916 76342 58719 76131 59504 77179 58584 75997 58672 76194 58021 75026 56629 73490 58652 76036 58565 75983 59187 76667 58984 76361 58333 75353 58108 75221 59445 77248 59408 77041 57922 75212 59079 76588 58580 75743 59499 77100 53142 68858 57973 75167 58824 76216 58604 75842 57750 74804 59462 77142 58760 76076 59566 77384 57285 74682 58833 76014 58805 76001 58858 76074 59200 76593 59448 77155 58597 76025 59133 76624 58532 75636 58550 75952 59777 77593 59715 77576 59316 76987 58231 75518 57919 74849 58261 75415 59259 76858 59198 77012 59047 76782 59231 76718 53500 69226 
58413 75496 60057 78053 60086 77828 60483 78795 59905 77830 58624 75925 59780 77405 60262 78343 60472 78454 56781 73534 60091 78160 58502 75816 59526 77249 59141 76500 59584 76956 59592 77422 59583 76920 59819 77614 60317 78109 59243 76874 59446 77112 60300 78423 59845 77742 60486 78583 59753 77540 58836 76137 60039 77891 59622 77349 59779 77756 58309 75453 59667 77483 59465 76972 58583 76075 60105 78345 59389 76868 59054 76457 60263 78444 59585 77079 60133 78012 59209 76671 59189 76737 60179 78370 59810 77575 59385 77134 60123 78189 59494 77216 59848 77767 59999 77839 59009 76547 59109 76746 
61111 79230 60140 78190 55178 71488 60551 78442 59165 76658 60788 78621 61385 79706 60339 78227 61134 79383 59913 77674 60903 78965 55267 71531 60995 79253 59366 76754 60283 78283 60619 78366 60770 78706 60602 78368 60895 79187 60169 77998 60241 78264 60939 79007 60391 78120 57884 75067 60047 77745 60132 78065 60634 78681 60818 79038 54736 70646 61186 79478 60096 77987 60484 78376 59741 77614 60666 78674 60667 78756 60446 78237 60692 78961 60668 78556 61068 79094 59328 76824 61099 79440 61811 80556 59890 77783 60798 79164 60383 78324 60151 78092 60343 78159 58067 75202 59976 77833 59336 76934 
61812 80324 61707 80229 61070 79127 60943 78947 60390 78116 62130 80814 61671 80053 60553 78729 60820 78702 61763 80073 61531 79644 61333 79644 61555 79906 61716 80121 60325 77757 61591 79639 60852 78996 60629 78268 60578 78575 61085 79281 60824 78871 61306 79525 60994 79304 61801 80168 61564 79756 58955 76444 61568 79652 61431 79740 61137 79470 61208 79316 60974 79048 61195 79261 61831 80335 60913 78850 61599 79786 61192 79411 61533 79819 60749 78621 57686 74906 61695 80026 60600 78565 62065 80671 61367 79483 61270 79651 60236 78076 62291 81308 60248 78177 60406 78343 61395 79526 61112 78960 
61654 79866 60762 78928 62909 81592 60599 78262 61113 79064 62428 81149 60879 79069 62323 80809 60886 78864 63111 81863 61159 79253 62469 80997 61599 79585 60794 78897 62204 80568 62001 80467 62113 80308 61464 79700 62684 81295 62000 80425 56518 73341 61629 79734 62094 80522 63004 81761 61454 79773 60266 78067 62209 80663 61307 79396 62315 80933 62097 80526 62192 80689 62937 81636 59639 77085 56958 73966 61018 79110 61735 80031 62401 81191 60523 78405 55184 71485 62476 81033 61974 80425 62664 81428 61536 79669 62157 80584 61792 79778 62398 80759 60972 78966 62251 80700 62003 80419 61523 79881 
62843 81370 62759 81503 61923 80153 59543 76912 62739 81524 62436 81003 63069 81784 62290 80946 63268 82378 62701 81137 63032 82191 63255 82286 63353 82205 63435 82387 62729 81394 63515 82220 62818 81452 63265 82087 55172 71614 63396 82600 63861 83045 62325 80756 62930 81709 59987 77575 62475 80637 62345 80982 63741 82989 63165 81941 63664 82623 62894 81662 62930 81978 61309 79048 61311 79495 62613 81330 63130 82082 62889 81348 63466 82404 57857 75305 63016 81732 61514 79826 63342 82223 62292 80801 62335 80751 62620 81439 63645 82873 61504 79834 62152 80743 62828 81689 62981 81989 63114 81970 
63622 82352 63582 82106 64193 83291 64426 83680 63854 82872 62570 81399 63868 82736 64389 83665 64212 83413 63614 82496 62822 81306 63604 82279 64113 83029 63765 82769 62747 81301 61631 79689 63920 82988 63008 81746 63703 82763 63832 82934 63315 82027 61703 79844 63203 82084 64421 83546 64244 83667 62163 80541 64043 83238 63186 82034 62450 81009 64130 83406 62211 80916 63322 81888 64176 83349 63416 82117 63928 83030 63922 83151 63979 83047 64229 83564 63270 82077 63558 82395 62969 81595 63178 82031 63908 82917 62770 81372 63775 82767 63469 82085 63269 81742 63057 81617 62830 81238 61323 79585 
64227 83093 64573 83787 63714 82658 63439 82189 64511 83932 65745 85297 64664 83973 65220 84592 64628 83642 63320 82054 63247 82120 64312 83243 63912 83094 65431 84965 63036 81435 64377 83547 64530 83598 65295 84733 61819 79700 63511 82372 64760 84206 64566 83893 64176 83408 64217 83105 63990 83044 65336 84898 64798 84197 63473 82178 64803 84046 64122 83130 64344 83562 62137 80451 65598 85198 63611 82633 64609 83725 58870 76208 64216 83079 64031 82962 63247 81710 64515 83850 64666 84187 65613 85382 62871 81251 63118 81598 64286 83094 64570 83818 65784 85708 57698 74890 62084 80758 64733 84051 
65479 84951 65956 85490 65610 85140 65437 84881 66313 86379 64850 84153 64947 83907 65403 84979 64140 83199 64897 84284 65709 85304 63043 81566 64190 83025 65909 85649 65671 85316 64942 84251 65834 85533 65544 84941 64157 82941 65040 84104 64834 83759 66034 85562 64444 83554 64553 83339 58241 75536 61545 79699 65026 84282 65183 84259 65525 85279 65193 84685 65022 84189 65085 84364 58717 75852 64554 83647 64510 83707 65190 84570 65348 84849 65603 85204 65407 84893 65433 84701 64143 82955 64765 84060 63658 82548 65738 85483 65490 84797 62847 81349 65575 85141 64794 84153 64440 83597 65801 85378 
65375 84683 66699 86544 66018 85349 59470 76903 66034 85870 66191 85964 65664 85211 66702 86630 65699 85352 66583 86492 66381 85988 65375 84640 65611 84921 66174 85747 66099 85760 66447 86116 66784 86416 66229 85962 66693 86888 66623 86562 65171 84644 65116 84640 66065 85706 66259 85989 64905 84094 66600 86432 66489 86360 65832 85467 65911 85529 63242 82093 63536 82434 65556 85086 66401 85995 66074 85702 67011 86873 64464 83474 66252 86101 66253 85979 64647 83854 66216 86129 64038 83211 59849 77813 64987 84340 66714 86812 65787 85287 65906 85325 66201 85922 66206 85750 66631 86371 66376 86440 
67467 87618 63850 82629 66208 85587 66631 86311 66067 85493 67619 87964 67790 87948 66673 86466 66519 86432 67326 87471 66512 85963 67620 87880 66635 86249 66324 85955 67242 87421 61464 79927 66080 85492 67032 87243 67031 87027 67630 87467 66982 87009 66079 85815 66311 85852 67658 87664 67353 87376 66448 86227 67468 87828 67585 87961 66187 85739 60280 78047 66135 85867 66994 87204 67437 87595 64157 83424 66476 86282 66151 85636 66802 86688 67325 87556 65981 86025 68066 88392 67498 87643 68209 88768 66980 86963 63240 82146 65748 85073 67293 87196 67350 87229 67294 87277 67744 88087 67224 87230 
67710 87629 67813 87828 61126 79121 66814 86672 67192 87047 66849 86506 61232 79044 68093 88391 67716 87616 66911 86844 67391 87229 61143 79088 68163 88741 67697 87574 64371 83501 64155 83019 64819 84165 68296 88730 67934 88224 67854 88067 67312 87630 68485 89180 67954 88267 67707 87961 67375 87388 67715 87904 68474 89025 68381 88694 68087 88376 67628 87754 68138 88370 63436 82266 67681 87557 67303 87220 67295 87330 67763 88034 66961 87009 67980 88361 67525 87573 67185 87025 64538 83696 67174 87033 68024 87982 67776 87889 67932 88118 67638 87811 67326 87271 65562 84962 67522 87648 66178 85625 
68425 88791 68148 88410 69840 90921 69381 90174 68580 89032 68075 88330 68662 89037 67609 87485 68423 88557 68091 88316 66084 85865 67412 87249 68321 88707 68437 88719 68353 88527 68293 88464 65785 85332 68060 88000 68539 88849 66696 86394 67921 88048 69182 89738 63778 82566 67484 87369 68406 88597 68094 88269 68473 88935 67258 87263 68333 88353 69355 90024 68853 89238 67721 88005 61108 79246 67804 87777 68143 88141 68268 88495 67148 86948 67477 87202 68352 88874 67564 87486 66772 86476 69050 89698 67687 87832 66368 85933 68078 88030 69557 90624 67322 87299 68615 89371 67350 87385 64433 83288 
62901 81437 68778 89161 68948 89481 69106 89745 68835 89366 68973 89273 68405 88788 70805 92050 68996 89580 68674 89141 68998 89309 68950 89446 69169 89330 69006 89560 68858 89195 69472 90090 69716 90434 67607 87527 69678 90354 69427 90147 69662 90482 69237 89659 69608 90232 66240 85833 69697 90868 69482 90121 68001 88280 69915 90833 68917 89238 68949 89519 68414 88607 68802 89164 68752 88852 69155 89577 69219 89665 69512 90266 69472 90148 69390 90111 69657 90241 62736 81262 68401 88854 68600 88948 69624 90287 68014 88214 69304 89833 69462 90037 70058 91056 68226 88736 69307 89875 69159 89569 
70100 90865 69161 89466 68968 89321 70039 91176 69201 89508 70494 91316 70403 91175 70526 91782 70139 90683 69324 89615 70163 90882 70273 91077 68890 89182 70618 91662 70111 90754 70641 91592 69309 89694 70457 91368 69669 90383 70044 90973 70106 90919 70029 90809 69326 89513 69681 90361 69209 89751 69839 90393 67076 86908 70025 90757 68938 89424 70540 91627 70353 91283 70652 91786 69351 90041 60969 79013 70605 91433 67515 87509 69115 89362 69057 89416 68946 89710 69479 90552 70230 91186 67699 87833 69897 90518 69897 90667 63811 82778 70413 91557 69678 90651 69977 90659 70399 91221 67307 87379 
70309 91437 71051 92040 70285 91135 70412 91190 71993 93312 70602 91501 71194 92116 70512 91393 69922 90655 72048 93635 70668 91539 66875 86692 68049 88146 71454 92605 71163 92301 69596 90107 68644 89380 71324 92589 71290 92254 71529 92883 70755 91706 71201 92442 70131 90840 68657 88919 70929 92049 69875 90486 70854 91618 71252 92644 70524 91199 69590 90022 70616 91455 70344 91321 70243 91115 70901 92094 71380 92607 70277 91102 71194 92181 71069 92083 72005 93469 70002 90684 70506 91506 71076 92223 69454 90195 71341 92599 69992 90732 70597 91375 72037 93765 71952 93249 71114 92329 71472 92864 
72662 94551 71662 93181 72221 93825 71769 92952 72355 93941 67915 88031 72478 94082 68289 88626 70785 91750 71984 93553 71829 93134 70254 91001 71055 92319 72028 93320 72440 94193 71426 92692 72341 94117 70993 92084 71509 92620 68015 88253 70605 91657 71458 92790 71605 92741 71165 92318 66666 86289 71734 93007 71676 92933 71606 92722 68081 88480 72982 94960 70977 92308 72364 93968 71976 93279 68667 89166 72034 93646 70266 91252 72069 93561 71409 92511 72144 93784 71089 92103 72336 93922 72019 93713 71068 92188 71426 92476 70957 91781 68655 89070 71535 92833 72386 94042 70865 91664 71156 92353 
73220 94893 72956 94978 70950 91915 72764 94345 73683 95455 72006 93083 72839 94617 72590 94049 72054 93227 72312 93631 73033 94905 73074 94662 72464 94031 72284 93490 72671 94434 72722 94344 71310 92486 73293 94928 72262 93874 73000 95048 69812 90486 73254 95057 73246 94931 71975 93431 72323 93876 72371 93679 70838 91877 72499 93952 73049 94625 71127 92278 72311 93701 71804 93249 72801 94356 72788 94220 70149 90931 70101 90746 72105 93393 73279 95170 73074 94981 72221 93422 72353 93948 71363 92336 71871 92974 72359 93808 72136 93482 72944 94880 72741 94606 72328 93866 72516 94161 71442 92572 
73331 95031 73024 94839 71900 93322 71601 92981 72047 93146 72581 93913 73070 94603 73557 95517 73121 94902 72805 94383 70125 91129 74043 96154 73584 95362 70618 91399 72633 93987 73031 94924 74052 96156 72890 94588 73321 95027 66204 85501 71968 93283 71702 93203 73439 95362 73753 95742 74095 96497 74169 96585 72421 93698 73761 95767 71314 92259 73272 94851 73149 94777 73375 95100 73726 95566 73517 95383 73388 95050 73292 95011 73482 95371 72971 94511 72922 94590 72803 94532 74133 96578 72912 94765 72885 94565 71812 92957 73552 95442 73518 95483 72630 93861 72824 94571 74311 96824 72389 93897 
74780 96771 74632 96864 74604 96884 74248 96332 73887 95872 74967 97269 73405 95181 74178 96442 74896 97310 70276 91096 73869 95869 73989 95808 74085 96489 72699 94225 73824 95619 73991 96058 72522 94042 74232 96592 74211 96283 74199 96118 75197 97800 73509 94811 72650 94280 74368 96405 74169 96141 75112 97407 73914 95849 74088 96277 74296 96413 67771 87907 73525 95401 74613 96764 74053 95720 65921 85535 74230 96248 72622 93888 74262 96559 66865 86531 74899 97086 74548 96571 74926 97402 74534 96842 74142 96074 74044 95780 74619 96937 73261 94785 70840 91580 74177 96265 74085 95855 74019 95875 
71878 93302 72167 93395 71147 92113 75047 97213 71579 92757 73915 95192 73472 94869 74967 97375 75227 97493 75308 97503 71269 92256 74476 96303 72725 94178 74380 96198 75115 97494 73053 94303 74536 96644 73257 95160 73725 95490 73979 95779 75323 97815 69870 90469 74732 96781 75396 97677 74907 96995 75017 97159 72123 93390 75628 98482 73691 95398 74106 96345 70343 91240 75793 98334 66394 85790 75036 97381 75525 98035 73307 94928 74231 96319 74523 96449 74798 96927 72464 93456 73529 95119 74379 96441 74715 96835 74591 96551 75085 97613 73790 95986 74106 95765 75041 97241 73832 95454 75103 97211 
75273 97690 75875 98512 75259 97177 75258 97629 75843 98364 75838 98543 76297 98968 75815 98565 75189 97487 76003 98447 76106 98908 76093 98479 73001 94715 75136 97631 75836 98238 76213 98970 74722 96569 74568 96301 75596 97890 74869 96985 76039 98398 74109 96007 75692 98318 76384 99390 75082 97087 76040 98729 75953 98705 75928 98727 74561 96761 74894 97111 75641 97828 76192 98980 75465 97821 76272 98959 77079 100023 75956 98497 76029 98516 75905 98212 73651 95192 75985 98262 75635 98001 75672 97873 75960 98370 76302 98963 74685 96630 72660 94219 75926 98665 76293 99094 75841 98328 74738 96783 
76799 99664 76133 98580 76785 99610 76719 99361 76128 98622 76496 99212 76915 99630 75938 98504 75127 96941 76217 98620 75336 97519 75690 97733 76878 99866 75679 97973 77081 99987 77172 100262 77416 100448 76061 98474 76367 99219 76118 98520 76465 99146 77359 100451 74430 96417 77186 100103 76617 99231 76270 98746 77397 100584 69966 90900 77215 100100 75906 98270 75250 97404 76061 98383 76290 99185 75015 97197 76773 99802 76551 99297 77292 100181 76133 98636 76000 98478 75567 97878 74315 96179 77499 100869 74975 97358 74795 96640 77073 100300 77428 100636 76246 99003 76721 99448 76823 99893 77500 100662 
78150 101210 78112 101135 75783 98047 77606 100849 75658 97985 77483 100359 77073 99882 77112 100120 77322 100293 77464 100496 77662 100973 75959 98488 78379 102008 76389 98841 77994 101055 76724 99352 77548 100628 77777 100877 77193 99994 77030 99782 73906 95732 77088 100156 76899 99780 77067 100082 76534 98939 77219 100089 76474 98965 78037 101132 77149 100033 75142 97644 76899 99719 68308 88376 77904 101081 77600 100530 77533 100616 77708 100697 77330 100319 77284 99922 69353 89873 77088 99592 77577 100758 77940 101263 76312 98812 76550 99001 77561 100561 69719 90342 75942 98722 76870 99668 72800 94432 78524 102252 
76677 99215 76545 99355 77172 100081 77629 100616 78100 101397 78325 101449 78373 101596 79061 102858 78193 101294 77636 100616 78441 101846 78455 101539 77469 100510 78298 101538 77867 100914 77899 101027 79028 102727 76450 98855 78159 101288 77735 100730 78285 101503 79339 102940 78518 101825 77610 100932 74305 96243 77715 100789 77755 101112 77429 100108 79232 103015 78016 101085 77728 100966 78372 101654 78056 100901 78825 102796 72254 93512 79298 102894 77250 100143 78122 101238 77338 100168 77640 100932 78330 101602 73782 95555 77682 100901 78351 101562 77350 100200 78398 101879 77046 99585 78208 101371 78389 101313 79515 103383 
79558 103332 75095 97174 80166 104203 75387 97588 78755 102365 79317 102902 78427 101562 78383 101428 77878 100741 78838 102016 79875 103859 78938 102399 79016 102535 78879 102438 78755 101880 79347 102984 78420 101869 78494 101422 77777 100691 77900 101039 78643 101733 71186 92565 76525 99306 78008 101030 78872 102222 77349 100242 78157 101008 78469 101862 79361 102851 77322 100497 78783 102020 79286 103117 78918 102441 78641 101983 78616 101809 77110 100020 78702 102011 78775 102061 79166 102926 78830 102217 76621 99250 79323 102792 79800 103954 77558 100552 78633 101943 79176 102816 79533 103406 78952 102233 78560 101906 79473 103134 
79595 103389 80042 103865 79374 102729 77092 100045 80125 103882 79483 103045 79111 102777 79673 103136 79612 103187 79281 102913 80038 103900 80470 104520 79566 102939 78418 101951 80078 103995 78606 101760 77341 100229 80073 104088 79909 103546 79734 103119 78719 101964 80247 104232 80126 103968 80252 103957 79668 103322 78901 102072 79666 103247 78417 101877 78911 102394 71267 92268 80760 104705 79514 103207 80978 105179 80235 104160 79812 103460 78925 102204 78936 102477 79185 102767 80346 104399 80274 104375 78231 101175 79808 103557 79171 102298 79556 103281 79243 102766 80310 104242 80880 105168 79815 103036 80137 103996 78763 102196 
79729 103175 78444 101955 80330 104095 79572 103065 81052 105427 80149 103942 80880 104672 79985 103654 81134 105332 80898 104891 81266 105772 80353 104279 81028 105257 80567 104313 80613 104516 79657 103403 80604 104603 80933 105020 80670 104409 80381 104179 75848 98235 80473 104104 79338 102786 81362 105756 82084 106675 80112 103668 80493 104530 78393 101630 80008 103500 80095 104082 81230 105597 81049 105282 79841 103427 79999 103780 81143 105309 80320 104028 77004 99707 79558 102895 80366 104158 81035 105129 78522 101583 80992 105061 80920 104939 80856 104981 80050 103786 81125 105198 81298 105366 81543 105935 81251 105291 77891 101053 
81265 105384 80689 104507 81577 105963 81108 105242 82257 106979 81747 105985 80785 104704 79451 102943 80533 104527 80966 104950 81622 106068 81276 105294 80880 105191 81577 105973 81663 106219 81771 106090 80238 103611 81688 105754 82129 106493 81271 105119 81096 105149 80275 103846 79797 103476 81538 106016 80217 104311 82382 107033 81325 105679 81791 106442 80690 104351 82567 107080 82442 107013 81506 105944 81042 105218 80791 104423 82515 107324 82150 106699 81548 105822 80438 104519 80585 104562 81289 105192 81586 106017 82312 107022 82731 107598 81887 106081 80594 104178 81231 105234 80067 103786 80096 103883 81257 105357 82254 106747 
82184 106507 82635 107228 81191 105392 81150 105090 81661 105655 82198 106595 81875 106283 81001 104906 81387 105560 82261 106854 82028 106375 80854 104711 81860 106104 82728 107424 75535 98160 82487 107122 82492 107215 82821 107411 82031 106510 83208 108118 82593 107151 80060 103833 82531 107112 82286 106640 82446 106508 81925 106163 83516 108599 81765 105892 82496 106900 81863 106196 83390 108395 81305 105286 80702 104588 81827 106004 82002 106409 82991 107742 81439 105461 83090 108082 81962 106299 80501 104098 82592 107356 81750 106081 82164 106542 80462 104631 81676 105754 81297 105203 82703 107072 82451 107038 82691 107239 82146 106661 
82420 106975 83196 108097 74730 97021 83289 107965 80879 104787 81229 105126 83541 108513 83032 107753 81389 105351 82064 106224 83022 107899 83125 107799 81292 105411 82428 106925 82230 106666 84275 109381 84038 109332 81475 105915 78458 101927 83449 108200 83652 109001 83409 108146 83968 109327 82449 106881 83174 107918 83103 107624 83247 108247 83777 108482 83231 107814 80836 105040 83368 108116 82998 107693 80959 104641 83231 108001 82477 106643 80916 104774 82099 106318 81593 105796 83350 108237 81925 105882 82962 107384 83003 107842 77829 100894 81381 105334 83380 108090 83195 107837 82892 107273 81965 106001 82716 106951 83194 107736 
84667 109750 83852 108943 83613 108582 84596 109698 82963 107222 80136 103405 84425 109792 82750 107529 83564 108254 83773 108401 82729 107120 84133 109132 82326 106806 83825 108772 83439 108131 83856 108601 83675 108413 83871 108788 83813 108594 84344 109197 84339 109618 82022 106290 84683 109927 84209 109034 84140 109320 83306 107685 83950 108849 83501 108733 82441 106580 81168 104944 84193 109465 84187 109420 83705 108619 83277 107850 82892 107723 83291 108194 84596 109705 84312 109391 82486 106631 83299 107798 82774 107197 84985 110676 82172 106207 84472 109843 83466 108177 82645 107152 82180 106711 84137 109079 85043 110418 83462 108454 
83430 108066 84310 109097 84452 109512 84888 110291 85093 110539 84286 109199 85419 111206 84666 109992 83299 108093 84425 109270 83258 107529 84034 109127 83655 108519 84801 109709 81235 105479 84994 110417 81544 105903 84076 109088 84641 109798 84075 109053 84658 109929 84906 110169 82655 106786 83779 108312 83829 108630 86090 111876 84370 109258 84236 109218 84770 109748 84513 109573 83976 108322 83486 108143 84034 108943 85200 110594 83328 108156 84480 109140 84770 110010 81333 105261 83981 108449 84784 109911 84130 109175 84589 109674 84222 109164 86112 112204 84031 109126 84604 109840 84449 109778 86049 111841 84619 109459 83753 108463 
84857 109941 85301 110374 85711 110935 85597 110976 85261 110444 85394 110345 85790 111463 84082 108844 85099 110377 85232 110315 83806 108817 86077 111689 84654 109813 84770 110169 82595 106892 85890 111519 84513 109339 83942 108428 85932 111545 85582 110908 85076 110217 85476 110632 86230 112003 84972 110203 83984 108570 86009 111316 83903 108610 86097 111578 85118 110552 85227 110624 85369 110770 84192 108922 85686 110950 85150 110030 85408 110506 86174 111833 84511 109332 86510 112489 85322 110581 85582 111022 85328 110597 85622 110909 86486 112040 85522 110912 83923 109007 85321 110638 77083 99834 85680 111147 85160 110451 85026 110337 
86007 111301 86448 112115 87179 113060 83786 108570 86688 112351 86393 111968 80675 104649 86056 111472 86591 112187 84320 109098 85455 110875 86449 112301 86789 112334 85390 110839 86962 113151 87191 113245 86813 112527 86198 111684 84794 109758 85103 110141 85919 111237 86185 111666 84994 110196 86065 111347 86211 111789 86389 112178 87604 113804 86682 112570 86338 111791 86126 111733 86885 112682 86448 112231 87049 112924 86678 112389 87565 113824 87077 112674 86083 111708 85466 110161 86375 112168 85438 110777 86304 112034 85965 111601 85875 111328 86044 111514 86682 112473 82784 107068 84476 109322 86612 112313 85166 110467 84177 109356 
85177 110110 85950 110926 87933 114210 84443 109617 87347 113462 88344 114810 76621 99106 86039 111238 87190 113247 85906 111163 87492 113545 86688 112287 86400 111965 87615 113453 87458 113350 87095 112877 85698 110667 85241 110489 85258 110244 78826 101932 86791 112488 87568 113808 86357 111828 87075 112647 87010 112711 83967 108908 87744 113643 85269 110607 87431 113386 86781 112641 87220 113342 86721 112272 86811 112735 86755 112455 87320 113444 78361 101664 86613 112351 85977 111380 87849 114188 87193 113455 86998 112991 85624 110915 87275 113071 85870 111408 87635 113540 87698 113774 87223 112976 87019 112664 86408 112132 86361 112214 
88146 114201 87633 113681 87207 113251 87149 112670 87998 114074 88447 114951 86663 112024 87774 114059 87961 113972 86909 112267 88223 114428 87774 113767 87658 113216 88800 115174 86855 112559 87612 113724 88237 114274 87814 113708 89087 115709 87502 113495 88316 114626 88930 115288 78810 102281 83263 107552 88816 115213 88098 114124 87840 113964 88902 115443 87193 113042 87653 113885 87076 112797 85980 111795 87863 113941 88382 114445 88396 114417 87855 113880 87375 113284 87269 112963 87759 113618 87296 113202 88035 113790 88952 115323 82917 107443 88243 114443 87937 113868 86230 111698 87341 113134 88058 114308 87216 112763 88734 114751 
87266 112991 84446 109278 87852 114000 88978 115668 89220 115889 89020 115355 88450 114406 89609 116389 87426 113164 89349 115923 87662 113307 88217 114165 86885 112599 89875 116700 88024 114166 88107 114423 89944 116893 87382 113251 87396 113404 88188 114278 88324 114488 89207 115564 88389 114501 88673 114901 88930 115160 80632 104645 88812 115005 88331 114538 86917 112568 86530 111969 89010 115375 88832 115354 86899 112502 89635 116138 80446 104262 87371 113359 88643 115010 89204 115564 89532 116292 88163 114045 88554 114786 87203 112758 89306 115730 87316 113098 87338 113450 87644 113454 88564 114940 88407 114825 89020 115082 89397 115813 
90230 117072 89347 115541 90285 117232 88163 114354 87885 113650 85960 111555 85542 110943 88660 114713 89469 115805 89149 115674 87408 113298 88603 114890 88232 114099 89650 116124 89518 115899 88564 114539 89485 116070 89046 115121 89409 115786 89709 116577 88378 114512 89412 116303 90032 116763 88984 115146 89285 115629 90271 117269 89759 116359 89378 115840 88907 115298 80576 104208 90077 117012 89556 116167 89808 116570 89281 115932 88237 114249 89720 116402 88651 114695 89196 115572 88711 114921 89641 116363 86554 112081 89903 116391 89844 116600 89151 115615 89024 115404 90085 116843 86831 112726 90310 117188 89575 116565 87324 112999 
88521 114559 90322 116776 90169 116716 89371 115740 89541 116149 90659 117610 88371 114464 86625 112340 90228 116926 90059 116749 90847 117874 90503 117621 88214 114319 89308 115643 90292 117229 90244 116960 90764 117592 86416 111795 81684 105735 89095 115280 90077 116718 88710 114759 90866 117651 90383 117395 89882 116146 89205 115862 89089 115844 90401 117088 88567 114521 90282 117082 90078 116668 90388 117368 90359 116633 89847 116207 89222 115574 90340 116907 90275 116832 89738 116345 90877 117840 89690 115838 89466 115711 90079 116846 91918 119390 88092 113816 90256 116713 91144 118359 89254 116030 91271 118502 90507 117227 91690 119059 
92148 119441 91695 118834 91243 118260 90894 117950 90145 117008 90250 116773 90217 116992 88145 113878 91398 118452 90595 117384 91373 118346 91609 118722 90477 116731 91386 118706 92153 119767 90698 117393 91103 118017 91472 118548 91315 118342 91732 118950 90496 117480 91216 118553 92179 119490 91039 118129 91573 118954 90164 116811 90789 117656 90965 117674 89940 116428 90992 117711 90639 117358 91748 118983 90894 117786 91333 118750 90544 117389 87752 114038 90527 117351 91683 119348 90134 116703 91271 118052 88936 115364 90428 116687 91061 117769 82184 106567 91082 118058 91002 117858 91556 119013 90124 116673 90517 117545 91183 117953 
92701 120318 92067 119645 93134 120682 92375 119765 90724 117593 92483 119976 90760 117424 90507 116939 92081 119577 90588 117160 91631 118539 91277 118402 92025 119459 91123 118182 90743 117517 91097 117798 92475 119794 91601 118652 90832 117426 91683 118864 92062 119395 91156 118044 92890 120566 92175 119469 91112 117855 91848 119157 92253 119160 92355 119791 91225 117980 90129 117012 91091 117966 92299 119916 91820 118963 91748 118835 92363 119498 92628 120562 93188 120906 91684 118797 93223 120978 91343 118133 82796 107483 89674 116053 90105 117061 92096 119076 92848 120564 91452 118264 91455 118117 87606 113544 91972 119165 91208 118268 
90804 117341 90445 117045 93079 120719 91974 119149 92637 119730 91241 118362 93021 120395 92486 119695 93618 121586 93424 121245 91165 117928 92142 119535 93370 120880 93362 121037 89909 116080 93319 120854 91704 118484 92847 120385 83460 108063 92219 119330 91618 118825 91219 118288 92972 120643 93547 121435 90847 117517 92067 119069 88661 114605 93630 121771 92158 119376 91717 118944 85531 111126 93107 121050 88859 115360 93367 121391 92728 120083 93197 121093 93480 121203 92616 120064 92486 119626 92653 120303 92916 120760 93329 121287 92185 119426 91465 118825 92055 119245 93546 121500 93557 121310 89433 115861 89175 115347 93000 120643 
92262 119831 93589 121298 92967 120476 93272 120780 92522 119978 90245 116893 92642 119939 92357 119507 93593 121079 92348 119850 93770 121664 92836 120228 93201 120249 93054 120614 93429 121045 91862 119155 94323 122187 92992 120726 93533 121312 94514 122619 94381 122310 93436 121215 93166 120438 94258 122311 93001 120565 93073 120242 89163 115475 94060 121685 94178 122141 90046 116494 92193 119515 92990 120363 93304 120583 93176 120871 91343 118344 93662 121042 93367 120854 91342 117870 93107 120630 92585 119767 93389 121172 94486 122829 94622 122484 95061 123357 93044 120618 92386 119602 94735 122872 93148 120488 93964 121898 94099 122123 
95437 123760 94517 122614 92241 119586 94869 123105 95633 124430 94788 123092 93806 121484 93498 121405 95072 123465 95180 123551 94518 122437 92446 119798 94668 122917 94140 121793 94858 122989 93260 120511 94823 122718 93360 120793 93750 121421 93662 121654 93691 121259 93677 121248 93058 120289 93152 120495 95061 123252 95492 124084 94107 122021 94591 122834 94747 122879 94002 121708 90600 117416 95344 123506 94938 122797 95377 123603 94610 122889 94303 121923 93530 120862 92260 119329 90415 117429 94750 122922 94435 122180 94171 122057 94462 122521 92585 120268 94116 122110 94735 122920 95016 123309 93453 121011 93730 121761 93199 120620 
95472 123671 94650 122850 95867 124074 94348 122510 95581 123979 94844 122733 95705 124100 95103 123508 95483 123657 90280 116577 95545 123890 95144 122839 94411 122093 95283 123687 94726 122818 94928 122985 96479 125275 95557 124418 96455 125250 95836 124610 94334 122316 95067 123061 95223 123467 92784 120144 95625 123795 95700 124331 93048 120456 94091 121619 94783 122876 95858 124302 95851 124100 96613 125196 95675 124252 95911 124320 93925 121689 95165 123019 94071 121618 92385 119850 95515 123780 94633 122507 94680 122586 95296 123535 93986 121878 95456 124126 94892 123013 96289 124949 95739 123950 94420 122286 94686 122704 94014 121557 
95394 123521 95680 124023 96717 125578 96251 125120 94566 122482 95782 124436 95613 124192 93541 121591 97072 126223 96179 124469 96164 124626 96034 124685 95821 124154 97267 126177 96526 124937 96202 124874 96149 124678 96113 124439 95318 123796 95585 123920 95422 123371 90529 117205 96377 124812 93427 120798 95441 123451 95832 124321 96188 124571 94751 122820 96752 125580 96511 125124 96180 124706 93881 121800 95619 123709 95172 123448 93827 121379 85812 111115 93532 121119 94690 122744 96835 125678 94675 122876 96208 124845 96363 124991 94271 122237 95432 123701 95438 123690 96793 125821 95632 123895 92764 120132 96297 125032 91507 118142 
95892 124210 97443 126297 97040 125806 97087 125763 95691 124069 96314 124672 96991 125827 96239 124631 96446 124889 96449 125065 96405 124786 95074 123118 95835 124108 96297 124855 96239 124783 95575 123663 96857 125482 96692 125273 96380 124857 96530 125101 97454 126466 97538 126415 96872 125529 97748 126864 97026 125735 95504 123736 96530 124972 96334 124674 97790 126938 96444 124850 97351 126122 96963 125705 96346 124932 96238 124919 97164 126029 92557 119829 92183 119367 96869 125639 97459 126131 97323 126436 97192 125806 97084 125931 95768 124196 98597 128127 96331 124796 96400 124574 95940 124511 92155 119534 96888 125850 96380 124867 
94040 121132 97605 126468 97238 125987 98335 127638 98098 127240 97499 126198 96910 125601 97267 126013 97153 125664 96085 124422 98612 127939 96207 124546 97251 126185 98073 127241 88607 114503 97905 126904 97510 125931 98385 127442 97047 125597 98238 127326 97317 126350 97868 126622 97783 126805 97445 126238 95528 123649 97376 126096 98316 127691 97444 126503 98045 127078 97337 126056 97155 126224 95369 123325 95928 124521 96466 124731 96393 125073 93911 122049 98121 127405 97120 125556 95896 124384 97944 127286 97443 126422 97435 126169 97413 126167 98155 127085 96389 124835 96286 124526 94886 122927 97419 126417 98039 127231 98201 127603 
97427 126473 98454 127721 97528 126569 97771 126583 96717 125037 98276 127194 98819 127937 97641 126779 98679 127831 98005 126919 98849 128218 95171 123283 98999 128206 96942 125698 97618 125958 100006 129889 98910 128106 98051 126965 97654 126359 96940 124870 98135 127085 98149 127346 98169 126987 96402 125012 98281 127578 96508 124772 99516 129489 98226 127263 98012 126996 97759 126510 96437 125029 98180 127349 99499 129080 97816 126317 98043 126935 98439 127166 97698 126475 98404 127469 99188 128692 99401 129082 98003 127217 97657 126321 97749 126301 98172 126979 99193 128435 98912 128503 97557 126501 99021 128477 95731 124301 98204 127382 
99243 128709 98780 128306 99827 129594 99474 128960 100309 130070 100142 129379 98642 127500 99498 129261 99954 129659 98108 127070 98108 127163 98505 127552 99020 128365 100173 130049 99297 128752 98452 127067 98313 127387 99088 128284 94508 122819 99471 128740 99293 128850 97693 126247 98714 127712 99728 129195 98803 127945 98449 127409 99158 128490 99229 128374 90376 117197 98561 127854 100465 130415 99151 128481 99780 129453 97417 126024 95584 123960 84693 109411 98816 127945 99634 129061 98676 127664 94655 122639 98904 127844 99767 129381 98924 128107 98685 127808 98899 127890 93999 121351 99953 129551 98358 127387 96404 124649 100185 129789 
97760 126294 98878 128128 99637 129160 100780 130928 100519 130371 100763 130609 98167 127034 100225 130262 100225 129962 100260 130148 100117 129995 91083 117973 100398 130618 99387 128833 97747 126849 99940 129679 100406 130261 99948 129730 99416 128972 99552 129037 100541 130277 99819 129180 100262 129908 99326 128599 95378 123708 100009 129727 99883 129551 97491 126231 99987 129376 99766 129480 100232 129928 100656 130717 98610 127429 100530 130409 99646 128915 101923 132623 100184 130038 99049 128324 99779 129083 101347 131584 99742 129499 99473 128610 99826 129298 97948 126688 99025 128379 101170 131009 99950 129440 100419 129771 98253 127662 100700 130836 
99343 128496 102158 132378 99955 129556 100201 129540 101724 131937 101713 131811 99727 129291 100482 130513 99369 128491 99185 128462 100291 129837 100589 130449 101670 131684 99843 129220 99373 128855 97667 126433 101759 132050 101622 132104 100674 130463 100740 130610 99793 129555 101676 131796 100830 130696 100813 130684 100836 130614 101398 131257 102099 132514 100735 130814 101436 131448 101167 131258 101668 131714 101416 131366 101010 131310 100825 130645 100745 130202 101211 131253 101723 132091 100233 129688 100153 129709 100718 130223 99672 129393 101581 131643 101851 132350 101069 130888 101247 131202 101406 131354 99567 129233 101036 130686 100793 130591 101976 132351 
102231 132649 101075 130656 102429 132802 99091 128305 101460 131525 101794 131830 100350 130308 91722 118885 101316 131236 100447 129909 100186 129899 101155 131301 101907 132195 101472 131437 102164 132470 101254 131126 102131 132489 91981 119193 102478 133002 102131 132319 98413 127395 100419 130158 99902 129382 102344 132924 101493 131105 101982 132430 101114 131174 102015 132239 101372 131231 101195 131186 99702 128968 101740 131794 100305 130019 102000 132346 102037 132381 101103 130899 101902 131940 100967 130738 100976 131041 99902 129351 102242 132758 101032 130870 101282 131523 102072 132669 99844 129346 101958 132468 102792 133674 101284 130974 101411 131171 101634 131681 
102106 132653 101870 132216 101841 131959 101284 131114 102238 131905 98880 127759 101992 132062 102684 133209 102081 132286 103199 133900 100357 129770 102718 132863 101504 131585 101622 131464 101613 131713 102806 133031 102644 133320 102539 132790 103662 134521 103105 133702 101946 131971 101950 131853 97494 126194 102966 133433 102413 132499 101441 131379 101858 131849 102433 132728 102837 133477 98209 127184 102094 131851 98065 126879 102558 132900 101902 132170 101984 132438 103371 134057 102950 133686 103407 134396 102850 133145 102843 133087 102406 132460 102628 133082 101392 131188 99827 129522 102029 131945 101544 131488 102336 132490 102540 132931 103058 133618 102817 133625 
103004 133834 102863 133095 101522 131420 101006 130885 103070 133451 102842 132930 103294 133477 101991 131603 101597 131613 102703 133099 104390 135232 103495 134140 103511 134218 103214 133985 102586 132987 102502 132888 104859 136210 101977 132267 102856 133349 103992 134966 105024 136028 103263 133737 102321 132244 102718 133355 102868 133225 102554 132589 104172 135071 103790 134413 103251 133800 102985 133035 104042 134875 102924 133657 102805 132950 94333 122239 103425 134379 103596 134024 104080 134432 103331 133850 103794 134619 103881 134774 102172 132064 102184 132484 103785 134507 102648 132886 101427 131788 102661 133113 103563 134231 103160 133440 102680 132962 102093 132477 
103639 134226 104021 134836 103046 133275 104847 135754 104577 135866 99518 128801 104015 134872 93840 121532 103831 134508 102989 133520 103502 134365 100190 129802 103698 134424 97419 126018 103171 133525 103045 133281 104420 135642 93505 120848 104521 135377 102978 133035 104760 135874 98303 127425 104121 134569 104020 134555 103309 133332 104184 135045 103999 134567 103164 133650 103487 133929 103386 134255 99525 128967 103901 134607 102769 133336 105105 136037 104771 135734 103894 134816 102550 132620 104608 135625 104261 135183 104278 135199 104015 134697 105759 137215 103110 133819 104097 134718 103573 134146 103937 134372 104533 135348 104382 134988 104771 135599 103943 134683 
99559 128754 104862 135940 104956 136157 105607 136922 102816 132912 104742 135851 104687 135820 104529 135269 106158 137918 104385 135036 105261 136493 103534 134023 102218 132530 104335 135152 106644 138474 104633 135491 106143 137775 102769 133140 104676 135496 105476 136407 104527 135368 103949 134574 105091 136088 106571 138417 104235 135137 105904 137527 102138 132460 105527 136639 103802 134281 104766 135406 105232 136784 104998 136012 105681 137185 105477 136955 100567 130249 100569 130233 104147 134586 100561 130220 105135 136145 104398 135031 102690 132923 102979 132946 104533 135477 102643 132985 104120 134585 104525 135246 105256 136662 105252 136258 103888 134660 102780 133041 
101303 131161 104361 135223 105069 136084 99392 128354 105490 136747 105747 136989 105130 136315 104659 135557 106138 137303 105581 136699 105835 137200 103668 134184 105413 136503 104548 135334 105975 137295 104767 135463 105478 136701 101615 131452 105742 136696 105048 135708 106866 138535 103840 134652 103372 133786 105579 136639 104725 135735 106672 138372 105599 136796 105754 136665 105313 136413 105419 136661 106682 138532 105724 137028 106335 137747 106366 137651 104961 135982 103236 133786 106220 137570 105652 136788 106058 137332 103090 133537 106315 137711 104217 134737 105086 136076 104053 134973 105954 136993 106660 138072 105541 136623 104314 135103 100435 130044 104524 134915 
106196 137295 105102 136134 105322 136693 104089 134657 105727 136815 106080 137845 106658 138169 103628 133975 105527 136571 93672 121205 106243 137344 107314 139147 104995 135811 107375 139312 96754 125203 107280 139123 108329 140761 106173 137836 106038 137536 106386 137330 106032 137484 105532 136632 105288 136117 107079 138918 105762 136741 106891 138467 105961 137209 107149 139021 104575 135630 106943 138618 106670 138137 104191 134986 106275 137816 106849 138726 105475 136715 107428 139270 107413 139560 106434 137693 105460 136895 105907 137185 106575 138349 106434 137750 106583 138308 105170 136180 105797 136903 106652 138236 106012 137110 105898 137078 105988 137149 107302 139054 
104066 134779 107566 139315 106278 137240 107880 139769 107364 139235 94040 121753 106922 138305 107878 139973 105891 136837 105692 136624 108319 140668 106031 137170 101407 131130 108336 140409 107336 138927 104669 135731 108659 141010 107345 139048 107006 138501 106732 138288 106578 138273 95597 123610 108018 140147 103185 134059 107383 139204 108711 141062 107622 139568 102778 133144 106692 138011 105302 136228 107591 139559 107310 138908 107028 138501 105648 137047 105412 136332 106141 137150 107652 139704 107382 138712 107979 140045 107800 139809 107286 138697 106802 138325 106773 138553 108470 140547 107082 138695 106327 137471 107464 139067 107576 139792 106472 137636 108465 140932 
107799 139612 109039 141321 108449 140942 108859 140991 107336 138825 106580 138059 108882 141044 108329 140170 108495 140342 108077 139847 108745 140960 108966 141478 109048 141631 109138 141379 107683 139449 105076 135876 108226 139852 108497 140831 105134 136071 104615 135888 107533 138999 107829 139507 107733 139735 107304 139013 108730 140855 107733 139140 107301 138914 101058 130301 107554 139302 109230 141735 107705 139650 107906 139841 108386 140100 108553 140505 108875 141107 107995 139712 108353 140310 108186 140149 107907 139703 107924 140028 107741 139779 102884 133021 107322 138678 108250 140356 107176 138614 109427 142100 108389 140426 106229 137538 108180 140000 107327 139218 
109641 142414 109302 141738 109589 142131 109646 142014 110216 143006 109022 141520 109746 142262 110012 142858 107718 139010 109545 141997 108586 140812 109407 141593 108990 141200 108283 140317 108409 139963 109537 141681 108008 139763 107452 139540 107615 139431 109772 142355 109059 141239 107865 139998 109843 142753 108133 139805 108462 140495 105800 136689 108355 140302 108275 139997 107487 139563 108781 140827 109790 142286 110352 143513 109533 142009 106985 138589 107749 139324 109840 142452 107327 138874 109037 141100 108892 141033 107101 138639 108655 140770 103724 134178 109672 142179 109056 141723 108888 140795 109839 142100 108467 140887 109690 142197 107523 139184 109329 141922 
110829 143799 107977 139906 109840 142256 109846 142291 109133 141230 110313 143072 109010 141184 110842 143932 109428 141919 111182 144046 110282 142804 108881 141048 109195 141597 109928 142170 108409 140711 109677 142037 108359 140215 105780 137300 110218 143000 110309 142901 109452 141596 109266 141227 108818 140776 109950 142542 109656 141763 110860 143986 110299 143182 110212 142469 109924 142489 109769 142257 110503 143232 108737 140660 109904 142191 108486 140710 108096 140003 110108 142439 107264 138932 108934 141183 108979 140966 110708 143492 108471 140594 105029 136168 109274 141518 109750 142164 109323 141451 110713 143721 110390 143116 109093 141092 109552 142080 109671 141880 
109799 142112 110369 142717 109805 142282 110295 142538 110898 143974 109785 142405 108908 140968 110974 143946 110570 143187 110448 142934 110473 142985 110369 143124 110930 143718 107257 138797 110870 143653 111081 144040 110959 143621 110172 142791 109798 142078 108989 140746 106045 137667 100259 129696 110017 142765 110911 143518 111065 144117 109922 142284 110103 142452 109681 141902 110396 142893 108207 139959 111088 143602 110156 142632 110281 142820 111509 144943 110743 143704 110179 142417 110690 143847 109837 142136 109851 142134 110070 142437 110188 142654 110017 142490 111124 143991 110553 142840 111860 145061 110740 143538 111357 144767 110912 143724 108385 140645 108887 141146 
111752 144572 111179 144321 111949 144843 108855 140763 111396 144236 112664 146097 112040 145132 111867 144984 110796 143712 111358 144266 111899 145205 113358 147085 111235 144029 112184 145101 109244 141595 108243 139695 110903 143522 109287 141625 110958 143633 111153 143988 112188 145465 111563 144932 112052 145201 111961 145010 109056 141075 111537 144641 111747 144570 110495 142965 111826 144978 112039 144884 110048 142339 111391 144515 112601 146247 110409 143171 110488 143268 109653 142298 110469 143251 110895 143840 111794 144857 111727 144256 111389 144565 105243 136199 111820 145483 111731 144593 106747 138426 111390 144199 111479 144766 111187 143897 111070 144122 112055 145016 
99479 128800 113821 147773 112473 145582 106604 138161 112924 146757 111076 143605 112920 146466 111914 144526 112067 145469 112867 146361 105704 137010 110652 143230 112380 145443 113023 146445 108323 140467 112457 145388 112294 145442 111516 144219 111952 145047 111768 145053 112827 146066 112854 146385 111979 145093 101841 131744 111798 144663 112533 145948 111503 144466 112649 145838 111296 143803 111027 143771 101862 131939 111874 144831 111696 144204 113980 148068 109293 141090 113028 146484 112421 145722 110861 143349 111772 144796 113442 147237 112329 145713 111398 143886 111967 144821 112015 145089 112714 146247 112897 146733 113800 147793 102642 132945 110866 143556 109892 142051 
114307 148324 112523 145650 113545 147120 113440 147164 112166 144874 112273 145588 112871 145962 113370 147025 112742 146120 106992 138345 111110 143674 113764 147514 113030 146405 112710 146074 113641 147335 102845 133138 112255 145496 112922 145875 112649 145954 111549 144482 109586 141856 113578 147384 113600 147152 112458 145654 110710 142816 112335 145530 113398 146970 113182 146661 113529 147236 112797 146200 111826 144522 113237 146801 111491 144711 112380 145464 112648 145710 111376 143772 113377 147363 113119 146426 113707 147300 112926 146315 113776 147558 112767 145949 112431 145488 111211 143871 113394 147054 112162 145274 112288 145190 113568 147222 111916 144861 112198 145638 
111578 144290 114309 148164 114610 148482 113961 147834 111641 144793 114086 147769 115157 149194 112968 146232 113857 147647 114057 147662 112125 145213 112908 146318 101887 132048 111900 144652 114483 148270 114678 148439 114009 147770 112691 146106 112255 145565 113133 146504 112242 145295 111430 144067 111356 144171 114878 148947 114036 147746 113668 147078 114442 148640 114214 148050 113581 147214 114137 147820 112290 145515 114851 148754 115122 149107 112504 145062 113834 147891 110925 143611 113985 147414 110414 142828 114144 147750 109055 141112 113764 147145 114067 147722 103512 133769 113362 146783 113945 147710 108088 139785 114002 147400 114422 148359 113812 147067 103169 133326 
113346 146489 113027 146467 115812 150007 114306 147781 114489 148014 115223 149699 114537 148232 112650 145997 114560 148422 109554 141917 109788 142371 115253 149378 114460 148367 114401 148168 114508 147944 103960 134769 114106 147927 114094 147749 115248 149952 115002 149329 113949 147742 116006 150384 113809 147330 114100 148207 115576 149837 114813 148371 114717 148675 115454 149787 114920 148929 114839 148635 114074 147558 113607 147463 113384 146877 114838 148814 112646 145454 115659 149866 114163 147880 116314 151120 116522 151295 115332 149655 113325 146546 115347 149590 115063 149446 115846 150222 114810 148761 114863 149037 114305 148061 114455 148466 115143 149013 112155 145054 
114659 148879 114382 148433 116048 150570 115776 149893 115223 149526 115662 149871 111613 144447 115353 148951 115624 149864 115788 149840 114186 147972 116147 150296 115426 149555 115597 149921 113684 147088 115381 149677 112917 146175 116244 150713 114756 148811 113143 146382 114386 147896 116425 150455 116026 150399 115396 148804 115039 149137 114998 148877 114993 149000 114141 147730 115829 150370 115300 149287 115358 149570 115760 149773 116701 151201 116041 150324 115065 149158 115353 149354 115862 150200 114897 148541 116819 151585 116127 150576 115082 148785 115440 149618 115607 149987 116335 151020 110158 142607 116217 150831 115068 149152 114712 148554 115827 150231 116102 150607 
115362 149324 116669 151269 115900 149896 115349 148955 115270 149490 115601 149936 114852 148976 115604 149734 115480 149599 115659 149617 116792 151273 115937 150018 116300 150539 115868 149892 116484 150655 103996 134563 116343 151278 115702 149751 113893 147305 117442 152039 115651 149527 114403 147894 116148 150206 116585 151100 116330 150827 115269 149109 115267 149377 111944 145094 116742 151318 116530 150945 116046 150163 105465 136374 114048 147399 116675 151263 115739 149895 115559 149649 115757 150178 116491 150977 115882 149879 115091 148865 116299 150530 105714 136924 115275 149160 114810 148733 114161 147928 114275 148103 115510 149591 116616 150591 116735 151062 116712 151318 
116997 151458 116929 151532 116651 150978 115373 149453 116727 151308 117080 151117 114626 148548 117705 152223 116890 151238 117199 151496 116222 150375 115262 148913 117762 152709 115924 150240 117980 152660 116301 150457 114609 148863 117095 151867 117539 152688 117570 152385 117060 151547 114432 148169 115859 150074 117197 152035 115750 150046 106513 137744 114032 147463 115567 149462 117376 152179 114793 148595 115147 149635 116899 151186 113607 147191 116603 150763 112588 145955 116982 151553 115899 150239 117355 152291 116125 149961 116944 151387 116433 150861 115538 149419 117999 153125 112859 146589 116089 150325 117167 151818 116987 151370 105396 136244 117338 152349 117570 152117 
118074 153057 117272 151862 118626 154193 116747 150948 116822 150998 119247 154717 117836 152636 117340 152140 117651 152565 117402 151975 117570 151958 118181 153162 119750 155511 117296 151828 118422 153405 118178 153168 115638 149834 112917 146478 117347 151434 117772 152444 118112 152930 118396 153556 118124 153108 115793 150096 113822 147616 116374 150857 117919 152732 117902 152737 117962 152491 118369 153479 117815 152863 117868 152871 118960 154127 117209 152015 112669 146223 116937 151459 117593 152390 117542 152385 119061 154299 117466 152053 117646 152244 117495 152228 118152 152803 116631 151150 116925 151190 118298 153262 116481 150710 118430 153691 117782 152447 116051 150726 
113441 146879 118546 153790 118609 153731 118250 153028 116685 150801 113128 146218 116226 150509 118213 152899 117609 152272 118824 153695 117358 152497 117646 152010 118403 153280 118868 154085 118543 153360 117163 151648 117856 152273 115980 150009 118613 153113 117951 152728 116857 151310 118892 154114 118220 152511 117958 152706 118143 153159 119021 154262 118088 152641 118334 153060 117921 152942 119812 155221 118912 154057 118127 152751 118981 154146 119429 155084 119880 155760 114679 148645 118519 153854 118455 153655 115500 149630 118848 154319 116022 150226 118118 152936 118496 153301 118898 153863 119426 154626 119241 154425 118987 153971 113342 146799 118500 152954 118776 153965 
119938 155822 119427 154813 117808 152299 119472 154535 117829 152643 119286 154411 119475 154566 120152 155568 118571 153295 119513 154676 119454 154551 119198 154250 119448 154553 119344 154767 120040 155895 119453 154848 116929 151390 119492 155024 118844 153531 118358 153638 120029 155408 113603 147081 119223 154256 119053 153882 117533 152366 118258 152695 119029 154313 117760 152529 118139 152866 120393 155922 119781 155066 120022 155406 116132 149950 112821 145908 119126 154445 119706 155572 120308 156305 113281 146767 109590 142462 120276 155859 117549 151873 118202 152911 120004 155773 117368 151500 119229 154473 118058 152762 120134 155800 117592 152353 118324 152926 120684 156449 
121105 157276 121140 157100 119052 153864 118565 153757 121268 157080 119195 154318 120340 155791 119151 154378 118823 154097 118490 153261 121448 157586 121229 157083 119262 154468 119439 154337 120426 155689 121216 156901 119935 155263 120550 156250 120563 156314 120034 155475 120111 155421 121576 158030 121868 157709 119880 155259 120134 155250 120977 156981 120272 155546 119782 155076 118851 153593 120726 156419 117837 152882 120845 156834 120016 155109 119965 155308 119050 154107 118392 153552 119881 155457 116745 151345 120741 156585 120717 156527 120093 155752 118003 152826 121058 156502 120591 156431 118432 153471 120778 156568 119682 154896 120952 156909 118721 153470 120554 156279 
122319 158592 119045 154180 122249 158565 121255 157218 120389 155670 120430 155953 121193 156924 120832 156453 122914 159593 121146 156891 121550 157480 121835 158012 121522 157705 121387 157350 119965 155683 121892 158140 121854 157890 118770 154230 121635 157507 119470 154420 121070 156825 121623 157652 122190 158158 119037 154224 108617 140386 121004 156877 121059 156674 121973 158043 107887 139931 118348 153079 122158 158395 121597 157259 122013 158392 120775 156568 121057 156578 121262 157148 121148 157118 121181 156809 121766 157716 115715 149962 121402 156934 120933 156446 122115 158019 121606 157457 120750 156343 121900 158010 120349 155759 121878 158062 120388 156270 120844 156209 
122223 158571 122144 158394 110330 142582 122160 158199 115806 149678 121624 157521 121738 157635 122318 158291 120901 156569 110102 142288 121097 156847 119982 155574 121767 157567 122407 158284 121176 156512 121913 157941 116555 150676 117757 152294 122415 158454 111448 144076 120354 156066 122695 158847 121208 156923 122581 159108 122157 158472 123423 160262 122484 158584 121918 158252 122104 158074 123221 159813 121323 157165 120401 156189 122592 159147 122484 158606 122115 158003 120696 155968 120011 155441 122408 158383 122128 157669 121074 156414 117593 152432 123072 159457 122830 159204 121697 157581 121490 157402 121726 157756 122651 159034 120978 156396 120066 155319 121659 157707 
117976 152695 123645 160246 122629 158839 123056 159205 121777 157553 122957 159434 123011 159412 122970 159195 122342 158403 121605 157206 121225 156915 123641 160086 122578 158777 123414 159943 123662 160108 123919 160618 122917 159701 121778 157403 123253 159199 123586 160215 121501 157240 120767 156197 121389 157267 122764 159162 123000 159130 123642 160068 120746 156304 121692 157611 122613 158614 121018 156324 119630 154667 120169 155513 121398 157146 113371 146178 123400 159573 121110 156574 123316 159961 123123 159376 116345 150843 123453 159763 122228 158291 121342 156772 123235 159504 123125 159349 122782 159086 122208 158476 122021 157770 122673 158683 121695 157846 122935 159203 
122151 158035 123445 159521 111458 144039 123716 160155 122702 158572 124507 161026 124093 161062 124099 160944 123504 160091 124214 161165 121660 157447 122763 158824 124194 160969 123858 160596 124539 161521 123929 160596 123121 159235 123262 159427 120140 155264 121596 157859 124060 160776 122264 157722 124091 160722 122782 159057 124842 161877 121762 157692 123177 159181 119903 155414 122900 159044 123761 160569 123441 159642 124003 160628 118265 152985 120919 156665 123549 160037 121348 157831 123281 159640 123466 159767 119533 154951 123574 160301 124121 160744 123626 160202 122985 159014 123834 160513 121512 156872 123210 159608 119435 154443 124210 161176 123079 159391 107942 139870 
125409 162891 125293 162088 124917 161642 124361 161156 125414 163039 121697 157336 119948 155440 123204 159547 123358 159814 123397 159907 125016 162180 123860 160435 123500 159851 123360 159200 124809 161553 124251 160626 124941 161831 124716 161415 124910 161919 123209 159674 124330 160926 119193 154197 125418 162461 123740 160314 124698 161735 123708 159716 118221 153375 112612 145940 123475 160002 123869 160272 121839 157570 124230 160801 123441 159547 123361 159681 124984 161688 124293 160723 124956 162005 113064 146557 124921 161763 123692 160003 124071 160504 125350 162643 124230 160722 124843 161951 123764 159979 124561 161407 124337 161113 110979 143807 122380 158323 124255 160911 
125690 162526 123533 159843 125400 162369 126297 163703 124759 161360 122318 158284 125535 163196 124460 161353 125520 162943 125827 162715 125991 163396 124938 161711 125409 162705 124485 161252 124900 161750 125178 161932 124476 161412 124127 160512 125749 163139 126688 164727 124745 161524 126370 163978 125056 162023 124164 160275 122760 159031 126036 163541 125158 161982 126046 163753 125495 162861 125499 162495 121393 156823 124508 161269 124364 160968 125876 163089 125864 163240 125320 161980 124251 161298 125244 162079 123535 160017 123338 159662 125911 162738 122647 158661 123711 160295 119772 154799 125150 162127 125946 162917 120605 156315 124436 161028 124907 161415 125290 162265 
126565 164512 127004 164695 118106 152613 126161 163245 123887 160289 127389 164947 126276 163465 126355 163695 127059 164520 126357 164046 125598 162691 125393 162191 126915 164504 127688 165933 126065 162893 126580 163930 126561 164288 125773 162694 125619 162542 114035 147579 127214 164898 125944 162938 124714 161725 125636 162643 122827 159053 124785 161397 122157 158148 126731 164443 126184 163232 125326 162484 126262 163952 120740 156281 125073 161744 125373 161964 122249 158282 124856 161761 126682 164278 125523 162775 114679 148600 126583 164110 125633 163066 119323 154174 124778 161707 126596 164034 127196 165522 127224 164869 123307 159859 126183 163332 124923 161651 126259 163880 
125224 162119 124379 161250 125557 162378 125261 162095 123415 159480 126096 163022 127604 165196 126383 163659 127048 164193 124431 160912 126372 163811 125541 162339 125921 162646 125331 162154 126799 164369 126474 163839 127336 164979 126828 164164 127256 165142 126576 163474 127135 164889 126669 163954 126041 163509 126533 164036 127664 165447 127389 165074 127668 165589 126835 164321 126908 164084 125901 163458 125418 162211 125669 162326 126322 163290 121746 157790 125281 161935 125999 163176 125367 162105 126590 164072 124997 161830 126755 163861 127699 165612 126349 163457 128148 166494 126925 164266 126816 164380 125665 162579 126780 164043 125862 162687 127273 164767 125941 163354 
124787 161263 128038 166412 126935 164366 128677 166969 115960 150482 126783 164079 127791 165260 127597 164888 128144 166425 127095 164506 127010 164152 125792 162850 123539 159999 127111 164165 122456 158050 112860 145854 127394 164880 128908 167244 121981 157898 126751 164228 128167 165826 123829 160141 128086 165771 128618 166873 122138 158323 126644 163940 126251 163512 128152 165852 126905 164462 127532 165449 127932 165703 126871 164529 127718 165568 126845 164622 126839 164030 127243 164820 128220 166207 128384 166510 127897 165609 127312 164547 127689 165322 126864 164397 125568 162300 126418 163534 129047 167336 127014 164661 124926 161648 127055 164194 126571 164273 126847 164331 
127177 164512 127198 165004 128538 166706 129363 167925 127963 165984 128533 166527 129266 167455 128810 166961 128280 165920 126777 164334 127637 165186 128594 166605 128206 166049 127928 165724 127072 164381 129409 167507 115880 150068 129352 167543 129654 168053 127925 165562 128474 166190 128500 166522 128349 166762 128432 166092 128049 166142 126244 163726 129591 168142 128563 166372 128735 166807 126940 164667 128779 167007 128247 165667 128212 165982 127744 165247 129243 167619 127738 165570 127665 165644 128523 166811 127517 165609 128881 167086 126245 163366 127070 164145 128475 166590 128956 166862 127488 164827 127713 165127 129143 167570 128428 166432 129301 167614 127912 165708 
129306 167773 125244 161982 129421 167533 128239 165825 129730 168168 128128 166139 130398 168846 129308 167646 129504 168481 129401 167727 129197 167437 128902 167412 128569 166153 129361 167324 129591 168136 128825 166522 126983 164001 127114 164733 128831 166890 124495 160828 129642 167964 129357 167583 126165 163247 128744 166562 118738 153736 128894 166335 130009 168455 128695 166489 129600 167963 129722 168163 129774 168323 129154 166647 128884 166899 127514 164793 127100 164897 129654 167800 128872 167110 128373 165772 129532 167927 126357 163670 129188 167237 130062 168271 128710 166679 128100 165883 130125 168661 128626 166556 129482 167803 128323 165663 116827 151141 128859 167381 
130221 168745 128541 166236 132537 172500 129891 168227 129748 168200 130002 168403 130163 168660 130282 168884 129111 166764 128965 166710 127390 164987 118813 153909 129137 167270 129518 167542 127697 164978 130558 169157 131312 170429 130323 168520 130052 168586 129130 167152 130409 169038 122913 158780 129286 167448 129416 167905 126489 163517 128588 166744 129218 167157 128842 166595 130256 168550 129191 167237 129660 167687 130223 168561 130892 169805 127688 165494 130202 168623 130689 169010 129029 166897 130533 169581 129337 167876 123628 159841 129605 168034 129850 168138 128682 166674 129794 168393 130373 169001 130603 169073 130573 169295 130335 168884 130762 169794 130334 168655 
129831 168101 130650 168858 130546 169023 131190 169755 131085 169954 128052 165884 131781 171011 125005 161972 131121 169833 130650 169293 123918 159931 131337 170140 130253 168744 131968 171318 129282 167491 127434 164928 131696 170780 130011 168122 132106 171354 131993 170753 129940 168025 132567 171953 129125 166852 119664 155182 130116 168373 129537 167199 130523 168604 128438 166334 127673 165048 129398 167414 130461 168805 130344 169067 130751 169594 131700 171022 130850 169827 129443 167257 130779 169523 131540 170269 127371 164909 131175 169800 130280 168459 131339 170419 130413 168692 130833 169177 131322 170166 128249 166167 129502 167490 130635 169072 130475 169557 129577 167698 
131981 171240 132478 171413 129109 167372 124726 161421 132700 171925 132035 170703 129964 167764 130488 169116 132001 171055 132160 171366 132806 172135 126773 164044 130313 168372 131585 170525 132917 172526 127566 165150 130927 169575 131630 170650 126276 163360 131630 170866 131440 170416 126653 164109 132296 171284 131922 170821 131724 170652 132442 171712 130996 169509 130579 168750 127747 165037 127619 165183 131665 170376 131130 169776 131927 170690 129354 167256 132661 171769 133022 172979 131371 170384 131681 170663 133142 172579 130959 169751 131242 170187 130626 168943 131367 169884 131060 169951 126445 163805 128642 166619 129167 167265 131393 170037 128996 167123 130135 168674 
132486 171810 132186 170855 130068 168505 131927 170800 131706 171074 133538 173314 131980 170577 131800 170847 132124 171225 129727 167991 133500 172920 133027 172123 128919 166532 132424 171578 131855 170493 131908 170488 132480 171583 119694 155062 133107 172898 129552 167814 131987 170736 132886 172041 133420 173228 133587 173168 130955 169240 131978 171051 132052 171150 132379 171214 133108 172434 132975 172462 129537 168217 133131 172482 132760 172455 126375 163603 133153 172902 131478 169994 131287 170077 131184 170007 132598 171930 131618 170298 133695 173180 131684 170349 133404 172952 132518 171499 132145 170947 130030 168192 131804 171045 133765 173659 132418 171649 129848 168574 
133327 172842 134024 173437 134178 174283 134090 174113 131148 169985 120310 155827 133136 172091 133322 172492 133181 172485 133780 173425 133640 172816 126525 163671 131699 170459 132945 171828 132926 171921 133049 172323 132482 171078 133535 173308 133121 172135 133074 172187 132666 171516 133436 172994 133903 173356 133594 172922 133067 172475 122372 158625 133357 172508 130509 169131 134257 174218 133714 173285 132419 171323 133153 172581 128886 166749 132950 172532 132113 171038 134471 174574 133002 172267 133833 173274 133372 172922 132710 171896 133990 173951 134659 174683 132832 172179 131644 170443 133871 173638 133637 172628 133991 173267 132651 171573 133037 172467 131915 170734 
131832 170808 135640 176066 134191 173851 132926 171863 135352 175379 132275 170680 131837 170290 132995 171926 133198 172141 133428 172648 133811 172952 133647 173395 132958 171807 133915 173734 133539 172980 133805 173343 134764 174673 134667 174990 132784 171491 132841 171955 134516 174285 135269 175565 134274 174262 131160 170171 134971 175130 131692 170599 135540 175597 132201 171309 132864 171701 133647 172900 133802 172861 135486 175800 134544 174412 133882 173490 131823 170596 132169 170957 132447 170948 133826 173309 132509 171764 135005 175242 133863 173192 131480 170823 132394 171213 132275 171272 133357 172302 134878 174990 133988 173450 133231 172419 132610 171313 133955 173543 
135482 175518 132615 171809 135916 176357 135329 175173 136544 177240 135056 174874 134801 174376 134298 174494 133461 172478 134876 174830 133287 172343 134773 174579 122666 158703 132876 171792 132371 171176 134925 174579 133878 173491 134477 174450 134427 173730 135545 175964 134888 174478 135483 175445 129802 168000 134081 173713 132856 171852 135862 176199 134345 174261 134330 173915 135823 175890 134803 174605 135614 175788 135248 175249 131602 170393 132855 171563 133411 172883 136073 176659 134893 175107 135473 175369 131830 170377 135779 175804 123376 160060 135186 175097 134314 174059 125658 162657 134522 174040 132234 171037 134016 173532 134054 173444 134165 173574 134923 174790 
136207 176712 132011 171541 134062 173490 136218 176467 132665 171253 135702 175685 135258 175407 134858 174557 137125 177889 135573 175576 135100 175386 134794 174188 136488 176850 136849 177137 135633 175449 134702 174272 135959 175813 136175 176582 135167 175053 136336 176689 135797 175594 135405 175388 133550 173073 135518 175568 135817 176034 136528 176813 135031 174752 134403 174028 133647 172816 135473 175545 135314 175230 135102 174694 135099 175191 135565 175709 134337 173943 134342 173867 134608 174238 135421 174865 134438 174338 135856 175879 136347 176482 136366 176227 133947 173255 136049 176327 132654 171761 134035 173170 137118 177833 128420 166400 132449 171566 135660 175781 
136459 176605 138574 179608 133768 173249 135616 175526 137864 178860 136489 177000 135673 175554 137332 177697 136924 177200 137579 178552 136203 176454 132170 171062 137139 177798 136464 176557 135626 175826 136909 177299 135975 176218 136659 177471 136683 176799 136333 176374 135761 176013 134854 174432 133427 172498 133575 172929 135908 175745 137365 178166 137115 177619 135895 175918 137027 177809 136520 176856 137761 178366 136019 176243 135237 175332 129908 168209 130338 168928 136851 177101 136649 177196 137564 178101 135871 175606 136760 177083 134388 174076 136927 177449 137182 177950 135790 176033 135513 175338 133706 173118 135315 174997 135011 174985 135738 175568 134807 174252 
134439 173837 133736 172387 136541 176459 130622 168844 136533 176574 134966 174788 136563 177011 138189 179216 129631 167531 137318 177720 136878 177163 137182 177332 136664 176957 136181 176686 137651 178393 136334 177132 135433 175024 135665 175493 137956 178763 136803 177058 137596 178260 135614 175471 135655 175405 138028 178475 135473 175596 136817 177023 137275 177894 135313 175331 118417 153010 137528 178557 137908 178598 138214 178580 136924 177728 133642 173207 137414 177853 138146 178982 136111 176319 137967 178727 138233 178915 136688 176951 138020 179103 138069 178818 136267 176227 134327 173974 135912 175599 137654 178312 135939 176186 136923 177273 135169 174881 136705 176994 
138008 178575 135655 175779 139649 181040 138007 178967 138286 178819 139438 180662 139078 180173 138263 178980 136313 176486 138866 179813 137656 177911 138223 178939 138549 179632 137870 178552 136730 177342 138295 179090 137255 177651 139150 180316 138356 179433 131440 170500 136829 177090 138391 179078 136565 176861 137908 178355 137749 178177 138676 179396 137738 178266 138196 179132 136697 177363 138792 179811 138227 179346 137712 178343 138000 178722 137263 177645 132050 170853 135150 174611 138498 179553 137962 178395 138715 179570 137561 178317 138698 179893 138264 179215 138528 179401 139116 180489 139438 180836 138397 179085 136859 177390 138100 178906 138942 180051 138292 179051 
139624 180637 139577 180929 137918 178218 138639 179680 139484 180428 139403 181266 138874 179598 136516 176213 138777 179781 139209 179863 138508 179405 139982 181166 139283 180186 139570 180740 137436 177824 137589 177723 139281 180610 136443 176391 139996 181435 136574 176814 140397 182091 138033 178415 138339 179480 137846 178140 138502 179374 139106 180002 139322 180972 138704 179648 138807 179886 138433 179650 138757 179729 139172 180197 139856 181150 139436 180710 137405 177225 137764 178435 137636 177889 139744 180670 137683 178533 139036 179813 138223 179061 139101 180059 138588 179359 138875 179974 135374 174924 138817 179799 138818 179987 138703 179531 140108 181706 135691 175212 
130656 168432 139460 180680 139533 180187 139377 180752 141086 183064 140807 182710 136141 176198 140409 181808 140586 182176 126964 164511 140951 183168 137603 178245 139600 180986 137820 178485 136368 176356 140938 182643 139983 181519 141445 183790 137970 178435 139380 180804 139651 180980 139779 180983 137754 177847 139625 180867 140304 182127 136001 175963 140278 181736 140706 182059 139711 181072 138381 179084 137678 178093 138571 179480 139101 180077 139158 180089 140191 181534 139974 181472 139765 181292 139759 180795 139666 180763 138913 179513 139425 180078 139411 180448 136880 176958 138468 179331 139009 179885 139691 180905 139899 181014 138748 179651 138130 178649 140705 182209 
141522 183697 141238 182966 139260 180490 140243 181628 140097 181396 138788 180025 137627 178364 139821 180833 141237 183031 139816 180761 140529 181857 141801 183625 139143 180139 140828 182801 140607 181778 136803 176961 141881 183941 140129 181511 133231 172477 140349 181700 140467 182002 140664 182388 139847 180987 140655 182250 138656 179510 141463 183315 139390 180388 134214 173782 140900 182456 140624 182216 139654 180782 138767 179484 141112 182996 142633 185324 138856 180052 139393 180643 140401 181087 140755 182605 142537 184614 141045 182955 138478 179055 140470 182069 138563 179348 138692 179670 140981 182431 139802 181016 140938 182442 140574 181809 140573 181832 140254 181531 
141625 183175 141292 182903 140051 181274 141673 183299 140580 182068 142137 184219 139108 180151 137731 178251 140582 181849 140953 182531 140234 181299 141303 183035 141042 182729 134086 173470 142532 184993 135319 175355 140722 182064 141072 182916 142144 184282 140953 182270 140458 181863 128704 166840 140561 182020 141339 182787 141983 183926 140125 181392 141689 183100 140033 181369 140938 182570 140181 181007 140812 182440 137993 178649 135743 176014 141010 182453 139513 180461 141903 183745 138256 178914 140854 182199 135228 175083 142238 184259 141954 183500 141805 183340 141567 183301 138384 178946 141955 184145 139992 180897 141202 182512 142187 184519 140926 182769 137952 178458 
142355 184455 140614 181984 142394 184578 142182 184183 138995 179864 132378 171075 140852 182488 141151 182686 141429 182904 141462 183223 129483 167947 141224 182565 141847 183405 142477 184993 139395 180703 143031 185585 141537 183138 142518 184689 143337 185654 142392 184336 141879 183683 140763 182103 142730 184620 139933 181067 140044 181342 143233 185936 130064 168645 141886 183625 141484 182989 139937 181148 140970 182173 142504 184416 140540 181928 140471 182139 136981 177759 141926 184090 142313 184049 142718 185129 142419 184145 140513 181946 142915 184804 142880 184748 141850 183533 141576 182933 142827 184884 142032 183723 141600 183297 144594 187743 143472 185991 141187 182779 
143185 185614 142247 184069 139344 180572 142833 185138 143632 186289 142806 184739 142994 185133 143212 185906 142700 184863 142783 184879 142803 185030 140541 182088 143757 185926 140852 182422 142165 183970 143485 186160 143123 185897 143620 185828 143252 185404 142738 184545 142112 183956 141044 182688 143631 185814 141873 183606 143475 185997 143056 185325 143868 186397 138011 179036 142858 185283 142635 184712 142496 184528 142944 185134 141772 183436 143937 186514 142743 185042 142100 184285 142491 184621 142617 184463 142129 183741 139478 180484 143511 186130 140054 181586 143602 185792 143336 185668 142151 183800 140981 182473 144956 188104 140719 182406 143508 185982 143190 185647 
144702 187385 145093 187975 143669 186226 145108 188066 138232 178835 143381 185517 143452 185654 142768 184701 143893 186473 127516 164702 140116 181380 141534 183193 145362 188371 144068 186901 142636 184279 144801 187632 143336 185911 144057 186476 143900 186509 143604 185856 145250 188355 142650 184810 142990 185400 141501 182848 143489 185741 143586 185786 144828 187893 144722 187835 143953 186400 142996 184701 143278 185540 144719 187847 144479 187205 145010 188300 144614 187128 144414 186852 144291 187100 143723 186186 138072 178991 140199 182189 142901 185698 144004 186810 145101 188028 141003 181861 144163 187010 143974 186658 140058 181185 143106 185429 143220 185686 143050 185293 
145396 188657 144120 187076 144625 187324 145520 188233 141787 183313 145932 189336 144249 186224 144642 187296 145127 188096 144564 187492 144043 186382 145295 188163 144150 186463 144016 186383 145911 189345 144860 187669 144749 187411 141996 183906 142474 184348 144402 187045 143579 185601 142821 185392 144088 186621 145901 188815 144444 187115 144766 187546 143832 186135 143258 185226 145171 188402 144167 186564 145180 187955 141399 183072 143913 186313 145224 187943 145276 187989 144963 187742 143010 185214 146189 189487 144601 187020 143704 185866 145946 189058 143779 186429 142539 184302 144541 186911 145635 189079 145496 188375 140919 182318 144222 186906 142501 184589 141074 182749 
142565 184436 146803 190223 144515 187415 143645 185921 145539 187938 145727 188735 145026 187660 142792 184852 142845 185010 145769 189088 146169 189622 144110 186617 143012 184674 145720 188686 144498 187115 145703 188457 146463 189921 146705 190302 145847 188881 146232 189723 146785 190492 144758 187337 131256 169714 146049 189339 144071 186157 144526 187047 145597 188913 144098 186702 138647 180188 145901 188830 145213 187669 145726 188973 146543 189773 144332 186429 145315 188812 141298 182956 144908 187655 144572 186845 145676 188644 141480 182730 144420 186597 144962 187593 144146 186495 144314 186932 145564 188583 144431 187170 144117 186665 145141 188109 144264 186648 132713 171953 
146387 189279 146292 189644 139740 180642 145953 189109 146235 189246 145575 188481 141154 182177 142432 183838 145685 188434 145887 189142 145233 187881 147408 191490 146321 189525 146615 189886 147369 191087 146357 189777 146797 190169 146721 190066 146623 189706 143585 185926 147110 190817 146206 189122 144476 187148 147906 191842 146245 189560 142444 184738 144474 186973 144784 186952 146071 189345 144389 186677 144048 186186 146270 189754 145178 187738 146783 190000 144775 187335 145915 189070 146759 190306 145476 188341 145920 189035 143411 185317 146243 189291 146913 190786 146177 189201 146289 189463 144997 187502 145720 188695 138973 179719 147025 190663 145669 188743 145750 188801 
147457 190804 144537 187132 146888 190421 146622 190225 147141 190807 146822 189978 146603 189710 146772 190264 146043 188544 145357 187971 146680 190143 148432 192122 146275 189297 147649 191021 146424 189422 146386 189537 139833 180765 146693 189898 144839 187387 146515 189609 146137 189396 142356 184333 146497 190094 146616 189501 147191 190298 145437 187994 148442 192155 148775 193096 146034 189400 146392 189456 147668 191207 148040 191932 147191 190290 148009 192324 148355 192034 146810 190314 146513 189485 146926 190531 147144 190312 146465 189664 140445 181901 146413 189311 147385 191024 146136 189189 146551 189815 147208 190484 147945 191762 146842 189881 147197 190834 147052 190423 
148485 192348 149562 193700 146614 189696 147433 190747 149621 193795 148090 191725 144970 187822 146849 189735 147456 191100 148149 191732 147889 191479 148021 192030 147574 190929 147718 191251 145411 188855 146707 189563 147812 191493 145991 188585 146715 189492 148308 192276 148998 193203 147703 191465 146918 190128 148121 191701 145006 187864 148314 191968 147988 191552 148237 191871 148177 191965 148044 191938 147906 191281 147551 191017 148484 192506 148211 192286 148503 192508 148725 192403 148799 192845 148893 193083 148863 192465 146451 189919 148168 191727 147477 190965 143760 185947 146830 189876 147328 190502 149695 194169 147991 191673 148002 191876 147488 190856 147026 190192 
148869 193032 148051 192105 145885 189093 148017 192012 149595 193866 147815 191659 146314 189464 148732 192665 148297 191606 149478 193852 150510 195419 150320 194826 145993 188862 148556 192179 148007 191389 147409 190510 148789 192187 145493 188379 144969 187609 149289 193254 148652 192747 149606 194053 148058 192026 147423 190726 149279 193490 148917 192981 145403 188363 148916 192675 148638 192789 146448 189302 148669 192777 148585 192358 148417 192214 147519 190960 147783 191514 149551 193722 147686 191369 149196 193290 146969 190324 150102 194900 147251 190751 149414 193869 147315 190422 148680 192861 148692 192526 148905 192567 148822 193082 149651 193982 147965 191193 148666 192524 
148581 192293 142329 184095 150359 194596 147567 191081 148716 192680 149452 193191 147966 191675 149657 193806 148563 192768 148957 193186 134482 174252 148762 192171 149052 193092 150956 195764 149216 192936 148325 191681 148653 192556 150306 195014 150101 194394 149409 193565 149911 194247 148823 192480 151011 195943 149861 193995 149784 193972 150300 194541 149763 193976 149432 193411 147887 191135 149345 193486 144217 186826 149562 193728 149331 193478 150530 195030 148874 192040 150717 195694 150195 194439 134697 174306 148325 192078 148744 192720 149298 193529 149150 193188 149199 193412 146987 190056 148557 191866 149459 193413 146220 188976 144682 187114 149126 192790 148832 192956 
145285 187931 136570 176935 149753 193826 150179 194394 150249 194571 149113 192881 151424 196324 148683 192211 151093 196179 149607 193412 147279 190678 150463 194752 146383 189360 149341 193537 142826 184873 150060 193984 151502 196506 151012 195474 149544 193481 149483 193415 150825 195350 147205 190715 151075 195681 148972 192228 151082 195785 146276 189398 150018 194214 151119 195731 150065 194525 150958 195425 151746 196766 149916 193895 150072 194239 150345 194535 150829 195347 150553 194968 146040 189042 151597 196229 146493 190080 151978 197361 149189 193211 150177 194288 149620 193646 151018 195518 151996 197546 150087 194471 150145 194647 149976 194052 150415 194999 151012 195416 
151899 197013 150080 194037 150600 195271 151073 196260 149385 193097 149557 193097 150491 194600 149592 193714 151953 196410 151000 195040 151698 196443 148068 191952 151215 196008 150649 194990 151639 196232 150875 195209 151582 196212 151055 195409 150747 194824 152041 197123 151369 196128 151259 195940 150061 193761 151231 195815 151233 195313 150787 195080 151073 195757 151718 196435 150758 195095 150705 194974 150982 195319 151283 195733 149503 193976 150471 194544 151581 196379 148239 191880 147992 191650 151368 196406 151832 196332 150071 194503 148020 191230 151077 195821 150493 194601 150769 195181 147002 190111 150801 195151 150049 194231 149106 192562 149970 194429 150978 195467 
151507 195969 151394 195822 148906 192939 151836 196444 151241 195630 150760 195029 150155 194468 148922 192333 151472 195690 152266 196918 151623 196729 150467 194563 151138 195783 152109 196521 152730 197581 152797 197790 151946 196618 150414 194886 148064 191821 152343 197182 150522 194867 151421 195928 151964 196876 151697 196631 152206 196867 153150 198628 152013 196955 151528 196232 152092 196792 153217 198237 152514 197279 150411 194517 146777 190399 150911 195608 150693 195165 137487 177841 152398 197007 151667 196626 150140 193961 152528 197248 137461 177592 145341 188295 150936 195116 151466 196296 151399 195807 150286 194448 146241 189222 153248 198537 152658 197754 151760 196459 
153050 198285 150623 194779 151004 195461 151903 196913 154065 199794 152277 196629 150895 195423 151253 195738 153975 199395 152993 198276 151807 196402 150328 194489 153887 199410 150775 195659 152898 198129 153610 198874 153046 197619 153135 198768 153407 198859 152700 197727 154895 200769 155225 200947 153415 198709 150773 194870 153000 198419 154332 200587 150056 194562 154158 199874 152505 197708 151407 195912 152276 197082 152569 197732 152728 197945 154019 199657 150742 195112 152303 196943 145087 187952 149195 193264 138077 178491 150908 195105 152924 198030 153644 199172 154859 201420 153490 198928 153217 198880 150260 194537 152704 197609 153009 198006 153989 199851 153756 199290 
151700 196360 152493 197257 152859 197712 149787 194205 152933 197785 152350 196891 152880 198013 153322 198401 154162 199913 155230 201268 153022 198235 152492 197632 154427 200387 153152 198562 146095 188773 152134 196819 153651 199256 153667 198811 153646 199121 153460 199057 146826 189735 152841 198263 154404 200135 154576 200173 154256 200159 140178 181636 154311 200046 154082 199871 152926 197998 154288 199901 152955 197911 153972 199168 151718 196179 144973 187160 153585 198717 153411 198699 151493 196483 153023 197791 149436 193076 153145 198282 151972 196365 152706 197730 153371 198659 151787 196294 153589 198795 153277 198399 154526 200239 153986 199170 154688 200347 154658 200539 
152126 196170 155035 200813 155627 202118 146411 189742 146746 190230 155060 200889 154611 199854 153965 199693 152779 197884 151287 195677 154295 199595 154325 199964 154673 200363 153503 198960 153330 198223 155110 201085 155029 200867 156151 202529 153957 199235 152567 197840 154892 200915 154066 199576 154039 199657 152998 198293 154247 199809 155202 200741 154031 199402 155324 201275 154547 200097 152996 198019 152402 197068 154886 200430 155630 201674 154367 200204 154266 200206 155648 201845 155581 201855 152987 198027 153815 199346 153400 198634 155367 201329 154494 200347 151200 195700 154129 199585 153681 198979 153128 198120 152488 196999 150403 194932 155840 202440 150868 195009 
153565 198595 154322 199368 152437 197292 154336 199734 153083 197971 154546 199993 155024 200548 155007 200648 154891 201057 153561 198969 151586 196425 155719 201455 153777 198857 155185 201201 155293 201210 154737 200613 155796 201989 156372 202898 155124 200970 155632 201190 156280 202809 154226 199425 154715 200640 148723 192754 156110 202292 155940 201774 139127 179597 154605 200643 156645 203145 155394 201095 154072 199403 154778 200367 154112 199718 155433 201247 155091 200690 154179 199629 156680 203186 152958 197656 154760 200174 157366 204689 154606 199898 155567 201150 154650 200070 155365 200961 155237 201024 153482 198613 154489 199942 148276 191755 157549 204472 155383 200736 
157101 203564 155583 201714 157878 204457 156540 202973 140811 182328 155666 201302 157217 203577 155148 201080 155737 201831 153724 199689 155170 200754 157787 204719 155422 201320 155788 201561 154516 199962 155869 201810 153506 198662 156447 202662 155197 200384 156698 203031 154993 200471 155201 200738 153731 198789 153673 198846 154004 199466 155791 201571 153222 198627 155477 201240 156214 202024 155164 200183 156308 202243 156224 202038 155790 201695 155978 201882 156005 201819 156029 201890 156022 201770 155777 201698 155433 201318 156799 202995 154684 199884 149390 193504 156388 202528 154367 199990 154857 200090 155128 200557 157207 203637 154632 199923 156322 202691 142852 185374 
157531 204097 153144 198298 155842 201540 155797 201507 156987 203380 156764 203494 156844 202847 157607 204450 156984 203428 156749 202871 154397 199644 157476 203942 156280 202260 157781 204136 157024 203201 154498 199781 155247 200724 153889 198756 152555 197488 155294 200672 156527 202613 157347 203725 156504 202405 154047 199476 156802 202808 154890 200528 155216 200872 155794 201693 156421 202361 157561 204076 155483 201399 156815 203297 156635 202717 158274 205157 157053 203516 153801 198390 156532 202547 157347 203501 158577 205513 157106 203250 158098 204700 156771 202769 157427 204435 155629 201186 157795 204267 156037 201872 157027 203330 154665 200237 156867 203382 155446 201184 
156351 202054 153759 199083 158004 204710 158832 205953 148828 192464 158491 205068 158244 205322 157804 204676 150056 194252 156419 201877 159118 206386 157223 203482 156442 202120 158399 205176 154701 199757 158009 204762 156373 202150 158636 205708 158122 204568 155254 200829 158022 204159 150906 195224 156345 202857 157965 204594 154432 200129 158144 204866 154127 199943 156020 201652 155012 200736 156429 202323 156978 203194 157684 204261 155832 201343 156370 202159 156851 203242 157877 204852 156653 202579 155176 201205 156582 202504 156167 202550 141502 183400 156969 203227 156918 202933 155104 200656 152783 197050 157662 204351 156836 202710 156739 202991 158758 205778 158416 205653 
156920 203020 158667 205100 158670 205423 158066 204548 157644 203950 158094 204737 158979 206105 158714 205740 158328 205390 159813 206860 159575 206636 155959 201882 155642 202079 159557 206533 158451 204905 156762 203394 159667 206814 157757 203953 158738 205506 158328 205081 156596 202894 157632 203637 157457 204440 157705 204200 158295 204884 158028 204894 155339 201030 157247 204211 157260 203627 159739 207021 158374 205119 157772 204475 159147 206475 157891 204598 156871 202946 157851 204496 158648 205485 136372 176456 158076 204371 159470 206425 158879 205591 158811 206131 160278 208266 157129 203186 158249 204887 155985 201792 152097 197138 158140 205083 158199 204633 159925 207387 
158925 206073 159974 206887 158964 206034 159256 205887 158714 205760 155411 201452 160751 208988 160205 208032 158660 205660 159438 206982 158954 205664 158687 205511 158442 205165 157085 203383 158996 205646 160174 207317 160378 208098 158558 205404 158139 204757 161102 209046 160071 207537 157857 204717 158521 205118 158656 205318 159668 206855 158875 206011 159270 206250 158877 205945 157187 203268 157048 203549 156532 202617 158686 205558 158006 204528 159949 207480 159308 206217 159418 206290 159155 206091 155952 201905 158199 204809 158829 205877 141933 184279 156958 203305 159051 205897 160149 207700 158722 205162 160530 208113 159063 205770 142928 185385 156862 203329 159590 206866 
159852 206805 160989 208894 161873 210127 158496 205839 158986 205968 157178 203548 160272 207561 161280 209118 158816 205821 160008 206850 152557 197072 158669 205551 145179 187829 159449 206599 159858 206733 158531 204936 160489 208406 160084 207617 161106 209118 156306 202010 158256 204988 158582 205347 159175 206180 158468 205256 159757 206994 160985 209019 159992 206892 159022 206293 161635 209839 160687 208196 158499 205004 160046 207160 159369 206509 161162 208976 145599 188574 158862 205483 160478 208004 160400 207655 152264 197188 160097 207375 154306 200017 160690 207747 160725 208127 160258 207525 161126 208898 160117 207427 160656 208396 160643 208357 160297 207724 158502 204985 
159629 206480 160798 208011 158745 205090 160607 207874 160715 208464 159057 206159 161567 209392 159894 207099 160231 207716 161241 208753 160128 207772 160702 208156 160631 208233 159280 206516 154594 200523 161888 209831 158920 205852 155337 201864 159794 206926 159548 206733 161272 208793 161030 208563 160760 208515 161690 209539 160812 208556 161248 208994 144884 187492 159835 207035 161728 209861 161002 209074 161902 209638 160419 207567 161469 209283 160481 207692 160133 207232 162004 210328 157656 203855 161721 209498 160965 208851 159822 206646 161585 209101 160921 208202 156263 202336 158978 205478 160513 207644 161974 209934 161568 209405 159559 206683 159826 207246 160163 207350 
159449 206471 162793 211258 153362 198460 162050 210007 162090 209760 161188 208900 160207 207432 160460 207379 161547 208960 160707 207759 157735 204591 162733 210630 160090 206883 162138 209759 158117 204539 161988 209828 161812 209081 162012 210065 162996 211264 161227 209214 161672 209442 161249 208924 160207 207727 161903 209453 161745 209623 162931 211298 162610 211025 162321 210258 157875 204031 160900 207950 161042 209016 160240 207002 163157 211722 157528 203415 160273 207486 162359 210597 161404 209254 162947 211057 153700 198832 159371 205922 161666 209281 161968 210093 161452 209193 159193 205866 161982 209616 161441 209384 161554 208862 161925 209679 161364 208922 145488 188385 
161801 209388 163895 212495 157472 203801 162634 210683 157902 204589 160815 207572 164224 212982 161673 209357 158413 204489 162502 210495 162544 210004 163616 212073 162592 210756 160879 208316 162089 209854 157940 204546 161458 209263 161785 209650 162471 210305 162366 210176 162231 210420 164064 212947 162825 211173 157410 203985 147819 191425 159265 206469 161846 209685 163458 212160 161994 209585 160871 208143 161631 209476 163058 211010 160898 208450 161158 208520 161969 210070 162077 210015 161862 209699 163464 211644 157238 203439 161419 209262 155885 201875 157295 203578 161608 209850 159513 206434 162081 209943 163620 211725 161687 209161 163456 211740 163248 211432 161771 209784 
162798 210562 163547 212140 163405 211607 162999 211144 162824 210663 162845 210664 164520 212683 160139 207628 148846 193030 161614 209253 161563 209197 164047 212377 162451 210669 163713 212264 162838 210417 148086 191631 163280 211981 162971 210870 161294 208910 163958 212249 162588 210466 164039 212349 165996 215512 162687 210402 165287 214322 163892 212009 164673 213583 164120 212632 164665 213226 163788 211975 162090 209392 164045 212591 161123 208460 159684 206483 162211 210148 164222 212694 163690 212266 165289 214253 164014 212915 164296 212938 164580 212786 162921 211253 163480 212153 162365 210599 159676 206749 164182 212348 162218 209842 158882 205384 161461 208971 162319 210414 
162914 210983 160904 208228 164088 212695 164013 212316 165523 214785 164240 212611 164356 213037 165214 214108 164565 213061 163888 211976 161402 208718 163066 210903 164272 212955 165293 214274 165444 214737 163623 211948 162594 210414 163776 212515 164403 212907 162694 210399 163162 211634 164611 213131 164296 212702 164645 213020 148482 192236 164188 213012 162501 210231 164117 212342 164721 212911 164204 212742 164686 213342 163560 212012 160945 208379 165261 214052 161118 208268 164490 213233 160897 208179 165684 215088 163179 210999 163185 211344 165775 215189 163072 211041 162030 209724 163313 211574 164119 212833 163012 211286 163689 211838 162417 210835 163846 211971 165110 214308 
162751 210480 165527 214675 165242 214117 164891 213302 160540 208240 161074 208247 164496 212663 163565 211740 162546 210443 164924 213567 163343 211623 165258 214207 164111 212504 164684 213242 167240 217252 164451 212702 165115 213928 163919 211753 164156 212355 164496 213177 164717 213085 163125 210981 166368 215907 164574 213182 164687 213750 165467 214258 164675 213617 166904 216386 157382 203840 160729 207955 164489 212666 165154 213980 165081 214005 164589 213049 165491 214184 165139 213742 162054 210091 165084 214110 163860 212027 148942 192873 164929 213864 164721 212912 160980 208530 166327 215694 162443 210457 164753 213432 164972 213734 165673 214294 165531 215097 165031 213965 
166839 216134 164601 212932 165254 213588 166094 214918 166738 216023 165184 213876 165561 214406 164072 212988 164193 212023 166296 215215 165744 214895 166314 215289 165135 214240 166290 215445 167023 216613 164309 212732 167255 216747 165251 213911 166252 215182 166085 215167 165715 214601 165929 215072 166283 215741 166344 215334 165776 214728 164034 212370 165997 214802 165364 213900 163100 211375 164307 212232 166061 215319 165097 214212 165311 214653 166501 216187 161701 209117 164026 212132 166732 216028 165858 214680 164029 212556 164862 213662 164495 213113 164108 212468 165508 214208 165374 213925 164197 212234 166507 215964 167278 216732 166011 214665 164775 213701 165902 215116 
166916 216432 164388 212805 165223 213932 167416 216940 167573 217022 165788 214575 167666 216857 164998 213832 165142 213587 167510 217028 166585 215289 163073 211002 165739 214739 163601 212061 164185 212563 166953 216457 166952 216166 157443 203823 166449 215671 167058 216281 164814 213493 166435 215078 166928 216200 158963 205553 164193 212554 166277 215441 167053 216565 163701 211726 165361 213867 168239 218234 162910 210738 166354 215418 164712 213040 166968 216411 167137 216662 164896 213310 162984 210729 166292 215423 166931 216176 165020 213663 165852 215074 168890 218933 165645 214525 162693 210947 166511 215654 163362 211531 166037 215583 165406 213770 166623 215831 168092 217434 
164874 213436 166426 215275 167254 216545 167114 216623 165048 213598 167136 215935 167991 217732 168511 218375 167417 216686 167351 216806 167935 217778 165983 214864 167070 216266 167435 216765 169048 219094 167473 216893 165715 214621 166187 215426 167555 217314 166589 216053 167103 216367 167801 217570 165418 214124 167623 217283 167290 216826 168900 218922 165232 213849 164690 213050 167836 217737 168182 218116 167527 217159 167319 216813 166028 215071 168040 218088 168167 218291 161396 208893 167921 217462 167566 216953 168270 218442 167404 217158 168423 218259 168228 217733 166571 215744 165796 215176 166950 216469 168804 218892 167866 217705 166569 215873 168304 217754 167469 216904 
169174 218666 168069 217760 169269 219493 153136 198289 167652 216887 168387 217991 169656 219656 163685 212004 168594 218616 166839 216585 167489 216716 168652 218166 165157 213663 169213 219175 167594 216781 167560 216834 167766 217260 165320 213841 166091 214776 168892 218881 168125 217326 167546 217198 165943 214786 169308 219903 167674 217130 168872 219237 169208 219454 167468 216554 168670 218394 169383 219334 169596 220170 164538 213117 169684 220148 161664 209579 169189 218812 169060 218967 167594 216707 170186 220394 168784 218915 166501 215711 167728 217382 168943 219032 168312 218062 166921 215771 162996 210936 166717 216289 168368 218126 166463 215529 166368 215758 168356 218660 
169447 219861 165896 214771 169024 218673 169043 219258 168738 218300 168453 217894 167591 216962 170366 221045 168898 218549 165835 214813 168287 217983 169679 219909 169312 219579 168194 217588 169412 219139 170665 221375 169020 218980 167531 217064 169739 219919 168904 219068 161804 209540 168804 218352 168853 218603 169849 219927 169419 219275 169683 219756 168512 218294 169928 220644 166808 215808 169473 219475 168433 218141 165657 214308 167215 216240 170256 220454 169070 219014 170023 220246 166880 216064 168806 218714 168608 218561 166522 215461 167949 217494 168735 218600 168369 217795 167428 216113 170121 219984 159536 206092 169637 219602 169224 218793 166315 215223 170541 221321 
170335 220806 170569 221116 170180 220252 168984 218926 169597 219286 169774 219706 169626 219563 168786 218836 169796 220114 170495 220949 168834 218629 168614 217858 171237 221700 167582 216813 165659 214324 170480 221192 168066 217760 168236 217555 165839 214578 169797 219861 168964 218144 168228 217983 170686 221060 170500 220684 168739 218461 169959 220525 168585 217986 168903 218497 168220 217800 170521 221072 166092 214887 169344 219117 169228 218864 167155 216618 169580 219135 170088 220350 170535 220996 170449 221257 169010 218986 161237 208238 168515 217924 169648 219405 168578 218046 168097 217730 170759 221552 170566 221502 170741 221400 168837 218323 166098 215265 170959 221281 
169671 219851 171181 222180 169502 219315 170022 220044 169032 219091 170583 220973 168802 218329 169196 218752 170355 220381 168591 218574 171024 221159 168443 217929 171392 222150 170109 220292 169337 218759 169609 219941 167354 216854 171845 222870 171941 223122 168738 217800 170878 221180 170391 220724 168347 217847 164804 213448 170362 220727 168108 217277 171090 221545 171419 222095 168006 216984 170169 220291 168773 218510 169344 219045 171701 222461 163711 212337 170898 221732 171264 221722 171705 222061 168629 218313 171968 222790 170432 220578 171108 221736 170262 220528 171437 221780 168904 219054 170862 220838 170578 221299 169473 219388 166972 216013 168481 218149 169565 219549 
171108 221553 171374 221624 169771 220095 171286 221737 171359 221798 171316 222027 170061 220509 171526 222048 168232 218097 166783 215526 163613 211836 171555 221944 171702 222446 165070 213493 170604 220922 165658 214882 167950 217020 171822 222596 172274 223253 170985 221308 168791 218328 170894 220999 170986 220733 171524 222941 172057 222840 151542 196035 169229 219071 171085 221763 171855 222554 170964 221661 171708 222543 170990 221694 165938 214729 172092 222651 171515 222263 170559 220554 172322 223518 172596 223683 169397 219709 162785 210956 166868 216071 171666 222293 171541 222151 161497 208595 173090 224183 170042 219762 168342 217443 172633 223250 170537 220728 171637 222165 
172983 223662 169039 218364 172168 223085 173515 224958 172873 223911 172601 223916 172021 222704 173033 224327 156985 203426 171477 222066 171825 222342 172531 223037 170149 220137 171529 222007 170359 220355 170366 221250 172810 224192 166773 215780 172665 223103 168648 218755 172641 223614 171751 222497 172602 223158 173092 224385 171063 221374 169838 219521 167043 216154 168839 218351 171751 222337 171717 222346 171685 222273 172185 222737 169355 218690 172198 222834 171779 222660 171557 221961 172901 223981 173575 225254 173404 224743 171020 221314 172308 223143 171775 222423 172111 222747 173063 224403 171572 221758 172978 223541 170097 219627 170706 220528 173505 224672 170938 221728 
172820 224073 172907 223782 173283 224542 175170 227141 174287 226080 172296 223037 172332 223391 172917 223945 172338 222809 172432 223124 171884 222228 172469 223292 173552 224994 165194 213704 165489 214078 171693 222070 172919 223947 172701 223783 174365 225901 172061 222703 155418 200890 174669 226615 172822 223595 173631 225511 173302 224494 171517 222017 172034 222579 174012 225694 173823 225286 173862 225208 173525 224731 173151 224205 172193 222647 172252 222748 173103 224217 170525 220319 173289 224198 171317 221813 172550 223414 173018 224013 174387 225955 173379 224217 173455 224197 174247 225605 172581 223209 169003 218433 173243 224449 172563 223629 173711 224947 174827 226372 
174495 226552 173955 225291 174014 225155 166044 214806 174751 226564 173016 224195 174388 225523 172446 223307 173676 224878 172227 222714 172918 223836 173474 224489 169309 219170 172858 224017 174665 226048 165689 214101 173840 224872 174907 226893 174367 225983 167378 217040 174713 226520 174263 225795 173478 224316 173417 224020 174020 225216 173795 224838 174262 225906 174753 226351 172698 223511 173603 224653 172658 223292 173515 224670 172138 222947 174839 226966 173888 225612 172098 223115 174157 225648 174832 226375 172250 222806 173177 224035 173272 224076 173796 225140 170799 221153 174866 226441 175001 226537 171911 222377 171935 222171 172325 222986 172086 222709 175210 227593 
173604 224636 174555 226331 173320 224108 175152 226967 158369 205183 173766 225025 173906 225261 174020 224888 173625 224693 172175 222687 174091 225289 173272 224457 175070 226947 174764 226487 171459 221982 173516 224327 173356 224001 175739 227528 174458 225674 173674 224809 173105 223877 174581 226412 174723 226364 169845 219530 174468 225936 172966 223831 175429 226722 174638 226514 174961 226500 175618 227815 173991 225049 172306 222954 175057 227242 174926 226292 174726 226299 172843 223928 173854 224896 174788 226478 174377 226125 175403 227376 173552 224605 174172 225668 175238 226843 176070 227973 171191 221954 175444 227489 174451 226102 176263 228570 169994 220002 175677 227346 
176726 228399 175895 227369 175089 226754 176198 228550 176119 228751 175549 227558 172811 224086 176712 228579 175613 226839 175126 226820 177033 229252 174650 226556 176171 228016 175756 227686 173743 225066 175548 227354 173990 225002 174606 225727 175792 227475 159964 207576 175442 227215 175802 227743 174958 225960 174454 226327 174189 225400 173164 224010 176481 228703 175304 226904 174953 226265 176433 228699 175863 227754 177458 230086 175045 226419 174873 225899 174943 227144 174841 226254 173535 224208 176094 227764 173813 224833 173784 225059 173605 224749 173031 223716 175656 227078 174834 226352 176705 229062 175373 226934 175072 226421 175596 227429 175566 227322 174938 226325 
168837 218405 173082 223905 176431 228470 176574 228641 178088 230714 176169 227809 176473 228460 176849 229140 175053 226287 176408 228368 176840 229031 173500 224647 177101 229435 175535 227777 176491 228652 176094 228186 177315 230180 173936 225394 174393 225980 172864 223694 172847 223442 175493 227320 175276 227042 175721 227126 176727 229198 177296 229375 175982 227777 177172 229480 175601 227285 176535 228541 175877 227495 177028 229483 176428 228592 175281 226542 175880 228064 168776 218257 176927 229054 177331 229615 174841 225854 176191 227808 175879 227734 176643 228985 171200 221091 160338 207944 167919 217309 177120 229197 176836 228817 175294 226761 175647 227564 177246 229580 
179243 232402 177660 230306 178214 230541 176731 228459 176497 227934 172939 223631 173392 224006 176463 228926 159904 207174 176586 228743 175674 227246 177080 229452 178558 231182 174692 226219 176361 228502 177214 229440 177537 229997 176361 228007 175472 226789 177510 229597 177507 229729 176348 227835 176202 227648 176448 228251 177448 229626 178418 231387 174660 226353 175888 227653 178150 230939 176263 227934 177654 229844 177300 229957 172977 224024 177028 228952 175923 227288 176897 229241 176818 228824 177290 229627 173556 224382 177456 230205 177332 229492 175824 227750 174715 225592 167982 217302 176186 228352 176077 227410 178886 232493 177367 229661 175768 227635 177389 229939 
177492 229725 178071 230519 176516 228631 177287 229506 173763 224945 175741 227054 177034 228244 174466 225937 177786 230510 176754 228470 175758 227222 175387 227467 175259 226359 175024 226536 176851 229130 178554 231475 176825 229139 177478 229687 178810 231801 177201 229847 177680 229865 178419 231499 177541 229661 178163 230234 178392 230624 177017 228659 178246 230659 177156 229365 178722 231547 177222 229597 178116 230403 179354 232572 178345 231477 178189 230222 176700 228364 177783 230107 161023 208347 174820 226109 176930 228811 176589 228476 178237 230876 178035 230567 177213 229633 177746 230293 176242 228028 176153 227873 176079 228070 178723 231418 178374 230644 178034 230561 
179583 232692 177873 229998 177458 229482 177596 229503 179535 232623 177863 230281 177897 230041 177474 229517 177710 230363 176841 229095 175112 226601 178153 230871 177959 230488 176681 228848 178676 231860 179413 232571 177791 229583 180242 233334 179963 233765 178561 231104 179888 232388 177848 230285 179164 232008 177572 229750 178590 231267 179023 231503 176087 227824 179204 232160 177457 228983 179828 232845 179947 233292 177171 229561 178668 231280 177465 229726 177459 229640 178464 230893 178044 230592 179168 232314 178588 230952 175261 226487 179290 232407 178028 230166 177892 230845 179686 232643 162227 210283 170184 220189 178128 230588 178288 230687 179747 232712 177541 230058 
179595 232576 176534 228429 178123 230596 179993 233227 178299 230913 177606 229813 180623 233919 179886 233227 181002 234461 179975 232723 179783 232624 179656 232979 179437 231860 178257 230614 179209 232222 179547 232498 176546 228655 177393 229676 178892 231317 180722 233919 171603 222313 179434 232328 178955 231717 178990 231557 179833 232889 170258 220077 180406 234096 179141 231710 180436 233523 179793 232842 178547 231019 179329 232021 178313 230514 177712 229603 179010 231467 178562 231125 179365 232168 177749 229752 178155 230679 180023 232571 180860 234459 177647 229499 178698 230795 178943 231081 180287 233552 178673 231055 179267 231840 178537 230857 178145 230510 176600 228756 
178801 230913 178405 230475 181146 234478 180947 234228 180617 234007 181960 236163 180956 234402 181000 234420 180230 233072 177640 230174 180208 233676 163707 212078 177144 229285 180867 234270 180090 233684 179861 232768 180348 233588 176090 227800 178338 230196 176678 228919 181359 234925 180590 234254 179345 232003 180806 234318 179988 232791 178756 231373 180438 233685 179937 232845 178615 231254 179580 232461 179983 233131 179413 232107 179784 232401 181752 235188 180700 233667 181468 234889 178134 230527 179515 232350 180069 232877 180248 233251 181001 234157 181011 234408 180572 233980 180817 234348 177728 229964 179089 231230 180448 233661 177937 230173 176674 228285 179813 232619 
180340 233675 181121 234496 181220 234551 181248 234978 173018 223809 180770 234040 183570 238216 181694 235215 180913 234286 181358 234828 179660 232446 180267 233166 179696 232320 177670 229856 180291 233312 175529 226968 181164 234138 181331 234996 180635 233737 181328 234629 181594 234482 182265 236213 180992 234075 180520 233936 181632 235289 181221 234476 182023 235702 181076 234040 177329 229190 181379 234547 181637 235229 181501 235158 177724 229908 179478 231999 180271 233458 180752 233896 180185 233041 163777 212074 181390 235046 180938 234338 182121 235799 180597 234040 179999 233517 182050 235557 182678 236622 182575 237109 177867 230224 179545 232210 181275 234839 173690 224551 
174029 225184 181407 234966 182601 236756 182571 236635 182175 235867 173427 224412 179905 232676 182307 236082 182109 235352 178773 230946 182259 235971 182118 235184 182065 236081 182045 235585 181615 235163 182975 236584 178106 230469 181755 235017 179539 231903 183493 237374 181380 234962 182406 236591 182402 236088 181152 234163 183442 237290 182498 236469 180381 233270 183807 238499 178887 231427 164723 213193 182061 235054 181898 234967 182661 236901 183394 237741 182355 236443 173692 224583 182688 236700 182346 235763 179490 232073 179307 231753 183034 237434 182772 236827 181184 234658 181558 235156 178132 230671 179698 232805 181148 234170 180373 233570 182530 236182 178112 230310 
182265 236398 180186 232862 183820 238370 180740 234012 180491 233309 181252 234755 180216 232717 182866 237304 180136 233225 181776 235626 179241 232174 183897 238628 180480 233632 183798 238290 182785 236655 183283 237480 180754 234125 180083 232736 179671 232754 183294 236995 182596 236244 183144 237176 183539 237680 181447 235116 182412 236241 182916 237141 180675 233496 182328 236129 181319 234318 182037 235500 182388 236006 182198 236022 181443 235006 183144 237212 183190 237098 182882 236641 182178 235694 181901 235135 182998 236783 183262 237114 183003 236755 181419 234673 177686 229513 182607 236580 184637 239202 184574 238817 182368 236375 183643 238137 183008 237090 182491 236326 
184200 238450 184308 238188 180696 233590 165883 214751 184386 238704 183484 237263 183900 238152 182485 236246 184607 238830 183676 238044 179667 232063 184900 239694 175279 226585 183998 238437 182645 236377 182870 236818 183853 238171 180995 234426 181113 234396 183195 237222 184375 238546 183789 237823 183898 238060 183807 238137 183292 237523 183563 237845 182831 236537 185848 241306 184140 238422 185594 240722 185260 240116 186075 241454 184599 239099 182917 236696 182809 236498 183629 237905 183597 237524 183926 238100 184161 238280 181541 235263 182649 236426 180872 234210 184597 239391 182300 236239 180273 233715 177051 228998 183434 237442 183770 238436 183287 237141 185364 239936 
183849 237619 184264 238885 185460 240427 184642 238941 184459 239102 182961 236766 184745 239370 183356 237487 183301 237061 184370 238479 181886 235382 185378 240127 183455 237942 175213 226641 165733 214783 183702 237494 184443 238787 167224 216520 183980 238263 180997 234237 184589 238872 184666 239218 186126 241152 185120 239665 180099 233267 184465 239420 186152 241315 183616 236970 178733 231143 185382 240505 183618 237400 182995 236729 185607 240314 182014 235486 181213 234390 183731 237929 184831 239570 185637 240566 175750 226954 186087 240496 183320 237305 182419 235956 166974 216498 184494 238801 180484 233622 185728 240229 184813 239178 184580 238762 182680 236433 184188 238343 
184173 238032 185264 239749 185738 240793 184880 238931 183105 236638 184573 238530 184277 238561 186255 241249 186401 241736 184142 238350 181066 234370 183451 237347 183812 237575 183799 237420 167683 216617 186256 240936 184663 239078 183978 237632 184183 238251 185280 239675 186599 241818 185362 239779 184966 238985 186371 241224 185328 239699 185474 239977 184195 237629 184824 239712 184206 238042 184896 239676 184659 239484 184726 239422 186239 241233 184031 238509 183965 238092 185319 240028 184412 239058 182966 236562 185939 240791 186032 240786 183770 237823 184351 238384 185832 240658 181666 235005 176178 227827 185923 240203 183845 238312 182556 236472 185410 240287 185115 239724 
184684 238702 185990 240596 187426 242838 186366 241117 185575 240093 185126 239444 187832 243564 184137 238292 184488 238073 184760 239107 186865 241730 187241 242280 186269 241081 186110 240715 186428 241121 186037 241036 186808 241847 186823 241975 185767 240621 185952 240761 185472 240386 186946 242182 187162 242503 186188 241173 184279 238172 186256 241338 184415 238385 186883 242317 187219 243001 184625 238757 184829 238778 186757 241551 183940 237773 182236 235991 185811 240770 186000 240646 185825 240474 186051 241176 184982 239433 180980 234195 187018 242063 184896 239151 185436 240306 186613 241949 182395 235874 185313 239297 186459 241401 187342 243082 187288 242959 183969 238609 
187331 242214 187532 242326 185647 240413 187908 243244 187501 243217 185013 239123 185965 240792 186922 241977 187693 243544 170908 221642 187366 242248 186877 242209 167837 217476 187755 243179 187792 242971 186959 242220 187676 243093 187357 242274 183043 237453 183497 237340 186580 241152 187279 242474 186821 241654 185738 240456 186716 241520 188023 243692 179235 232213 186846 241252 188314 243979 187185 242696 187620 243050 185710 240116 186482 241244 186301 240979 186350 241073 187745 242771 186073 241079 186762 241933 187541 242889 186748 241856 187742 243100 168587 217918 183123 236755 187367 243276 186343 241257 168928 218979 185556 240431 187747 243373 187059 242132 186846 241870 
186882 241643 186155 240839 188503 243828 188741 244931 187790 243027 180197 233469 188860 244418 188608 244547 190527 247258 189730 246255 188526 244323 187502 242875 182891 237059 187999 243594 186640 241300 187153 242026 188345 243339 186958 241685 183470 237268 185747 240516 187100 242159 187956 243310 186656 242055 185890 240750 185722 240873 185006 239423 187490 242350 187030 242578 189295 245394 187703 242962 186547 241039 186260 240972 186206 240667 187773 242999 186806 241723 187712 243280 187548 242735 188779 244540 189549 245220 187517 242431 186734 241371 189627 245811 187202 242349 186991 241551 188757 244488 187776 242878 188464 243864 178046 230234 186184 240682 187316 242454 
189150 244822 185126 239498 187395 242224 182054 236416 187875 242812 189462 245523 188587 244135 189386 245701 186190 240976 188228 243686 188149 243472 189415 245249 189778 245494 188506 244046 186759 242068 182395 235416 189203 244815 189585 245945 189159 244894 188610 244318 186899 241174 188473 243900 182914 236365 185734 240398 187426 242657 187909 243134 189835 246068 184232 238377 187719 242949 189952 246229 187327 242408 189223 245272 189596 245837 190190 246208 188523 243924 187831 242700 185746 240524 188520 243681 187816 243149 188373 243920 187335 242379 188083 243469 186120 240922 190432 247118 184893 239449 188561 244450 186863 241570 188381 243516 189095 244721 185459 240616 
188694 243952 185069 239504 187258 242436 187795 242685 189498 245924 186631 241585 189419 245179 190850 247183 184895 238824 187647 242384 186934 242222 189223 245232 189389 244913 184450 238007 184597 238510 185686 239922 189951 246041 189631 245236 179764 232727 188902 244949 189706 245576 190040 246028 189369 245128 190621 247402 187963 243251 189079 244965 188447 243889 189388 245585 187088 241853 188395 243804 188024 243190 183725 237822 186642 241507 189891 245795 186975 241909 184258 238261 188821 244404 187991 243292 187215 241667 189369 244858 185496 240033 186940 242281 188359 243327 189263 245208 189046 244195 188848 244344 190231 246133 190315 246642 184189 238333 190400 246765 
184813 238821 189671 245718 189431 244742 190194 246280 188478 243844 191208 247881 189580 245358 189021 244477 190126 246302 191186 247944 189363 244723 190157 246011 187395 242524 190282 246198 189278 244871 189310 244976 188385 243792 187093 242513 190509 246712 185620 240819 189048 244155 190409 247039 190954 247101 191935 248424 191842 248626 190980 247116 189015 244866 191524 247403 190635 246790 191922 249012 189887 245812 190078 246047 191054 247270 190047 246215 189290 244949 190292 245734 188751 244519 189846 245575 190467 246361 188907 244749 189203 244782 190160 246229 187786 243192 189942 245779 189581 245323 188167 244066 187114 242430 189400 245100 189929 246582 185989 240881 
186084 240928 190715 246825 190172 246163 189740 246189 189303 244675 190584 246494 192613 249935 190065 245642 189829 245538 192756 249350 190645 246820 190995 247820 192552 248984 180398 233467 191183 247830 188253 243198 193059 250486 190425 246937 190557 246892 192291 249062 187285 242209 191309 247581 189778 244737 191269 247975 191062 247091 186739 241746 186961 242116 187979 243326 191980 248224 189608 245718 191809 248981 186856 241001 189817 245323 188921 244351 187447 242897 191123 247185 189205 244400 191759 248566 190364 246199 180571 232836 190243 246473 190510 246217 189594 245304 191995 248638 190922 247315 190009 245903 191330 247323 189175 244515 190204 246405 191157 247837 
192130 248846 190915 246893 193171 250924 190896 247163 189295 245544 191173 247593 191367 248042 190188 246084 190749 246426 192505 248903 192008 248138 183511 237377 190683 246831 191885 248641 190989 247507 193149 250408 189981 245927 191416 248156 190076 245726 192214 248465 191221 247735 191658 248558 192712 249733 190391 245925 191132 247630 182356 236066 191625 247553 190194 246046 191025 246856 192825 249538 188336 243569 191678 247778 191927 248323 191580 247562 192978 250359 192251 248279 190836 246912 186492 240873 192957 249699 190436 246726 192117 248421 185986 240650 192598 249902 192001 248349 191806 248250 191182 247272 190683 246747 191430 248195 192554 249843 186562 241313 
192423 248907 193607 250896 192500 249163 193405 250031 194398 252309 192582 249265 193701 251427 190243 246024 191264 247240 191907 248004 190972 247476 191079 247000 194512 252234 188246 243900 192554 249566 193722 250846 193251 250812 192489 248685 193088 250350 190328 246074 191832 247897 191657 247750 188326 243863 193514 251238 193376 250457 189922 245859 192617 249680 191808 248247 193532 251245 193768 250848 193154 250123 189990 245536 192471 249247 193123 250295 188656 243939 192137 248557 190925 246411 192351 248917 191041 247443 192553 249194 184078 238036 193660 250425 187889 243042 192633 249380 192884 250114 191816 248002 191861 248719 193082 249755 193887 251244 192620 249671 
189835 245060 189237 244629 194241 252243 194276 251934 193005 249533 191385 247983 192724 248915 189105 244733 193251 250417 191922 248327 194938 252723 188430 243814 192877 249424 184963 238719 191732 248060 191770 248202 194365 251301 193347 250040 193921 251130 193470 250340 193248 250187 193537 250667 192444 249402 192763 249532 194351 251704 191682 247537 184764 239255 192950 249561 192096 248579 193580 251051 193581 251105 193141 249859 193789 251153 193415 250472 193896 250948 194579 252106 191682 247948 193755 251104 193482 250228 193535 250623 187464 242716 183340 237495 193456 250631 192290 248513 194236 251518 192482 249389 193419 250215 194539 251385 193158 249402 192553 249660 
193441 250210 194247 251620 193752 250619 192847 249961 194489 252058 193970 250933 192069 248528 191335 247603 194914 252689 175984 227636 194799 252188 196159 254486 193453 250578 194455 251982 193277 250050 192153 248722 191949 248233 194289 251812 193226 250299 189811 245762 193770 250983 194445 251891 196407 255058 194814 252073 194610 252175 193493 250240 195298 253239 194540 251317 195022 252507 192972 249447 195579 253610 194145 251623 186038 240841 177517 229954 195865 254083 184114 237789 191309 247972 195391 253362 195160 252276 194488 251744 192684 249356 194000 251257 192790 249816 191254 247341 194684 251992 194580 252071 194397 252077 193674 250446 194342 251154 193040 249435 
194228 251322 193587 250937 195737 253590 193436 249828 193881 251176 195378 252713 194574 251640 195646 252791 195273 252731 195559 253715 193451 250469 194522 252057 193513 249877 195884 254235 195235 252426 195401 253544 194095 250920 196964 255052 195220 253222 193960 250685 194192 251295 194557 252047 194898 252312 193772 250893 194866 252289 192177 248707 190296 246185 176469 228223 194693 252318 195492 253316 195275 252249 195033 252518 195244 252667 195575 253028 193383 250324 194931 252267 193253 249900 191688 248214 195170 253054 194801 252425 194683 252038 196035 253986 194305 251353 193069 249759 190306 246157 190693 246685 194418 251712 195604 253118 193639 250466 194443 251607 
194042 250912 196845 255084 195940 253929 194970 252240 193595 251113 194797 252243 195120 252688 196425 254421 196230 254140 195659 253319 192798 249331 192534 249675 192078 248907 193812 250950 195283 253040 194767 252231 196016 253796 195554 252858 194725 252228 195026 251899 195625 252927 195361 252617 194965 252118 194419 251491 197938 256286 196485 254545 196124 254040 195607 252751 195643 253078 194740 251980 195184 253240 196090 253658 195891 253206 195702 252993 191970 248396 195937 253627 196923 254661 195567 253650 196163 253826 186753 241440 196355 254593 195479 253046 194354 251645 196276 254296 195149 252632 194756 251885 195508 253195 196095 253429 194055 250669 196562 254001 
196623 254621 192667 249247 195699 253582 188030 243452 198234 256684 188750 244782 193992 251243 196032 253739 195836 253509 192906 249366 197156 255289 194844 252245 195812 253764 194882 251953 197578 256071 196940 255397 196555 254178 196321 254391 197829 256252 194630 252206 196208 254097 195069 252393 194581 252036 196742 254716 196693 255123 197824 256369 196459 253734 196458 254331 193874 250920 199266 258819 194497 251314 195046 251984 195519 253025 198235 256817 196961 255159 196028 254177 197105 255246 198550 257469 192328 248881 195667 253104 195232 252417 195575 252906 194137 251788 189705 244590 196631 254372 194230 251471 197426 255468 196841 255072 198521 257257 196772 254335 
198290 257259 194297 251173 193588 250594 198534 257166 198223 256467 197036 254749 195749 252795 199027 257552 198011 256514 196711 254815 195767 253005 197892 256081 196030 253842 196289 253811 197497 255715 193388 250103 196669 254369 195729 253824 196092 253876 194203 251802 197553 255571 197882 256058 192657 250486 196874 254794 197248 255344 196626 254598 196528 254728 196597 254637 198949 257753 197217 255690 197391 255404 196951 254626 196812 254758 196740 254971 196591 254988 198980 257484 198872 257739 197869 256413 195776 253472 197744 255945 197480 255286 198468 257751 198058 256576 187560 242556 188306 243616 198309 256891 193685 250827 179468 232403 197284 254981 196654 254401 
196639 254695 197852 255586 199567 258671 196834 254623 198441 257149 198980 257738 197023 254937 195683 253266 194645 252040 198723 257591 197967 256057 196548 253742 196374 254066 197624 255128 198370 256720 197836 255935 196365 253660 199060 258220 197580 255637 197517 255497 199470 258565 198136 256399 197938 256046 198159 256387 199061 257534 197813 256523 198173 256592 199506 258475 197075 255186 196721 254498 197775 256209 199580 258638 193596 250156 196162 253816 196123 253954 197491 255061 193846 250768 197579 255492 198520 256787 198930 257771 197271 255813 198320 256272 198229 256594 190498 246927 199382 258210 199550 258602 187969 243061 198668 257216 199896 259307 197217 254943 
197818 256240 190123 246267 199274 257744 196560 254667 200483 259882 199768 258743 199110 257678 199176 257845 196485 254298 198896 257437 198950 257428 197389 255633 199076 257605 199492 258639 198668 256933 197972 256298 197710 255630 199170 257946 196578 254077 197596 255310 199615 258856 197997 255460 198008 255992 201426 261401 200322 259567 199842 258761 200982 260737 199823 258683 200176 259404 199145 258123 197508 256063 195689 253179 200094 258812 177273 229589 197072 254906 198667 257014 196307 253771 199077 257784 200157 259326 200808 260309 196717 254303 199977 258922 197635 255880 198250 255930 197164 254300 200092 259118 199137 257776 198841 257207 195166 252119 197853 255867 
199093 257084 200566 259562 201175 260611 200704 259985 198349 256920 200407 259895 200038 258485 200290 259537 180157 233116 199262 257782 200299 259221 197992 256539 200952 260123 190048 245916 199074 257809 201764 261794 195262 252868 198139 256770 200417 259936 198951 257636 200387 260065 198704 257070 199561 258127 200582 259839 194998 252121 199687 258152 200251 259551 199516 258026 200073 258823 199933 258693 199255 257685 201079 260456 201078 260943 197294 255196 200903 259885 200510 259443 199716 258790 199605 258037 199154 257682 201100 260533 200511 259802 199505 258272 201555 261765 199395 258251 200171 259147 190931 247265 199485 258666 199662 258256 196375 254655 199714 258431 
202029 261826 201360 260609 200299 259794 200448 259617 196257 254300 201566 261078 198567 257285 202764 263186 199804 258829 201682 261074 191694 247893 198601 257490 199935 258529 200218 258786 199238 257634 200325 259612 201953 261382 199247 258083 202329 262184 198382 256548 200710 259654 201319 260680 200451 259066 198168 256771 202442 262773 200963 259867 199664 258459 198968 257735 202232 261906 198545 257008 200698 259628 196219 253930 200333 259404 200067 259069 199540 258228 201476 261171 202325 262706 198322 256393 190278 245831 200289 259337 199885 259176 200759 260072 200181 259432 201146 259905 203068 263402 200358 259172 181732 235283 200794 259919 200576 259578 201105 260535 
201860 261060 202293 261891 201518 260856 196561 254315 200625 259685 202134 261904 202864 262951 194109 250857 195203 252265 203031 263286 201331 260799 198638 257306 201171 260339 199825 258486 191278 247572 200337 259907 198500 256635 200053 258659 201126 260191 199281 257905 202553 262319 199812 258299 201849 261168 200621 259838 199601 258301 203164 263450 203354 263547 200880 260385 202514 262583 202194 261728 201086 260683 202791 262172 200709 259606 200576 259466 201888 261082 200656 259644 202060 261499 202046 261102 200553 259638 200908 260161 201233 259772 200917 260010 203217 263454 200895 260145 183504 237469 200828 259671 199529 257374 201073 260011 197176 255272 198342 256276 
201470 261248 203466 263149 204201 264627 199368 257989 202093 261806 200736 259646 203159 263129 201691 260921 203858 264246 202581 262545 201629 260672 203504 263293 202127 261469 201306 260820 202596 262158 203249 263497 203226 263527 202074 261912 203245 263425 202714 262528 202254 261480 202235 261696 201878 261455 197665 255590 201725 261440 202240 262127 201986 261763 202444 261857 198081 256366 200251 259671 198266 256758 202044 261447 203198 262969 200511 259645 203802 264385 203991 264484 203090 262894 203011 262953 201145 260225 200757 259259 199348 258223 201794 261029 203169 263160 201697 260944 201210 260793 201912 261045 202532 262329 203454 263530 201895 261175 202734 262289 
197101 254637 201572 260624 204229 264775 204875 265210 195411 252935 203880 263946 202763 262300 201454 260639 195185 252407 201250 260192 202594 262016 202647 262622 202707 262141 204151 264290 200202 259030 204094 264643 204202 264458 201217 260539 202700 262562 203402 263561 204435 265117 203893 264190 201845 261461 201451 260421 201879 261352 203258 263072 202107 261491 202103 261669 202306 261870 203129 263209 202600 262025 199800 259285 203753 263351 204562 264888 203336 263547 203494 263494 203367 263769 201984 261462 204113 264573 203147 263531 204700 265085 203895 264195 203222 263253 201808 261334 202154 261559 203618 263652 205535 266874 202763 262066 200640 259712 203822 263920 
204498 264509 204814 264818 203821 263645 203790 263497 204253 263813 204022 264511 203836 263912 204240 264360 204078 264161 203777 263504 205556 266820 203686 263254 204074 264299 200912 260425 202777 262559 203751 263578 204365 264499 204585 264548 203756 263664 205723 266423 200183 259060 205163 265472 203908 264200 203939 264302 204821 265515 204502 264717 203177 263164 199450 258393 204846 265199 204577 264844 205453 266112 203661 263217 202503 261835 200256 259417 205150 265723 203312 262991 199251 257717 203438 263361 203621 263070 202753 262257 204306 264417 205740 266846 200899 259853 204567 264773 205333 265410 205331 266586 204273 264587 204061 263867 205271 265717 201126 260384 
205504 265793 206591 267864 205134 265407 207111 268171 205701 266022 203581 263604 204220 264133 203078 262764 204985 265213 204485 264559 203650 263638 196484 254049 205323 265586 204890 265484 200911 259696 204093 264090 204613 264901 195580 252385 203865 263123 204196 264135 204539 264572 186121 240990 205005 265487 205081 265347 203655 263394 202977 262779 206578 267941 202205 261308 205768 266689 205360 265584 205286 265617 203872 263492 205907 267012 205764 266706 204385 264938 203964 263681 204335 264606 204782 265034 205713 266095 205445 266003 204799 265245 204750 264587 203740 263519 206838 267937 203633 263303 203573 263341 201088 260483 204337 264741 204570 265007 204507 264462 
206380 266826 202788 262527 206351 267308 194634 251273 204516 264796 205987 266224 202156 261476 203581 263310 200722 259506 205772 266279 206684 267744 203891 264392 206044 266845 207275 268910 205309 265779 206343 266820 204252 264443 206128 266888 201525 260823 206922 268334 206795 267731 204846 264705 205104 265298 208030 269555 207100 268110 205865 266838 181818 235186 207523 268864 204891 265287 206379 267591 207013 268404 205261 265425 204505 264184 205220 265457 205877 265980 207905 269552 206663 267577 205800 266218 186877 242267 207491 268234 203840 263587 204855 264459 204842 265293 206658 267593 202403 261750 202299 262013 203539 263452 201551 260982 204344 264730 203864 263792 
206231 267290 202559 262098 187322 242513 207438 268917 203610 263527 205125 265601 207203 268369 206940 267816 208100 269654 206680 267484 205210 265202 207075 267892 203815 264018 205898 266603 202825 262570 206932 267631 207220 268369 203177 262912 206792 267440 207111 268290 206198 266989 206762 267394 206455 267061 206330 267203 207997 269841 206810 267660 205773 266784 195664 253186 203783 263565 203846 264552 205469 266312 207095 268714 202468 261540 206420 267460 206450 266832 203254 262541 205068 265068 205849 266524 205551 265931 204912 265337 207838 269560 201400 260728 207058 268056 204194 263885 205891 266037 207173 268371 207179 268407 205956 266043 206897 267878 206817 267700 
202702 261879 206991 267964 202987 262232 205177 265420 207433 268174 206767 267296 203883 263908 207440 268480 207141 268316 206750 267732 208229 269911 207560 268552 204578 264296 187150 242001 206180 266886 207754 269012 207074 268135 205511 265537 206102 266707 205490 266068 205902 266247 208110 269690 207853 269374 200718 259342 206859 267606 205732 266224 206612 266907 207977 269022 203417 263260 206247 267291 206801 267792 199260 258397 206808 267777 208217 269557 184925 239358 207714 268366 205118 265788 205863 266864 206156 266464 207345 269053 207071 267778 208033 269270 205459 266145 205350 266105 205512 265502 207012 267512 207425 267926 207833 269075 206984 268056 206391 267076 
206102 266983 204320 264570 209015 270753 206449 267462 207055 267886 207262 268063 208918 270335 207653 269148 207659 268335 209522 271651 208078 269626 210213 272006 206126 267404 208054 269134 208434 269783 209254 270831 207599 268415 208615 269769 208331 269897 207811 268606 206437 267341 208804 270323 208135 269277 207469 268647 208311 269723 187553 242546 207812 268654 207062 268134 208055 269014 208608 269880 205305 265526 206784 267618 208590 270436 204244 264018 203444 262941 208015 269312 209169 270725 206046 266925 209099 270940 207179 268510 207309 268272 209451 271466 206192 266935 208232 269510 207214 268607 207187 268127 208163 269564 201118 260274 208161 269230 207550 268648 
207113 267630 208028 269302 205124 264762 205348 265714 210102 272000 208413 269900 208056 268598 210158 272451 207835 268675 208414 269670 210247 272366 208684 269961 209299 270841 208379 269585 203180 262954 209176 271017 209351 271458 206144 267105 209970 272134 207799 268176 206876 267625 207171 267643 210389 272714 209364 271062 209886 272078 207947 269533 208532 270247 199511 257841 206083 267214 209758 271623 207365 268528 208578 269744 209030 270255 208383 269699 209037 270353 207974 269023 199798 258749 208709 270019 209287 270723 208024 268569 209395 271214 208305 269023 208494 269935 209772 272015 209152 271221 209397 271342 209584 271589 206799 267083 208177 269280 208428 269744 
207981 269110 208470 269631 203918 263757 211002 273404 207734 268790 210687 272817 209515 271299 209296 271027 211611 274412 211366 274260 206625 267423 208112 269335 210897 272719 205004 265046 210593 272729 209631 271220 208907 270122 189596 244862 209483 271188 210989 273417 209654 271705 211626 274483 204080 263452 210909 272978 189596 244955 209819 271776 204812 264187 209710 271303 209144 270691 208856 270571 209102 270269 208881 269698 210124 271396 210388 272371 209356 271056 209084 270567 210910 273022 208240 268920 209362 270717 209965 271437 208329 269872 210854 273152 209392 271618 209247 270873 209473 271437 209737 271593 207800 268726 208923 270681 211609 273996 209917 272128 
209953 272007 209721 271202 209419 270970 211363 273331 209539 270801 208457 269791 207472 268931 210452 272339 210815 272806 211059 272946 209278 270527 210417 272192 209875 271558 208669 270157 210057 271623 210210 272130 208876 270648 210241 271664 210604 272551 211092 273429 211021 273490 210172 272095 211642 273973 212144 274998 210807 273156 210322 272296 189292 245025 210830 273284 211091 273401 211205 274126 210739 272780 210473 272092 210144 271975 212567 275549 212045 274878 210782 272982 209627 271495 209009 270014 207969 268910 209434 270904 204901 264992 211184 273721 207919 268828 211251 273686 208200 269511 210499 272463 208739 270285 209893 272198 188166 243080 210691 272779 
211254 273132 201299 260845 212600 274947 212095 274740 209982 271135 208929 269558 209510 270488 210047 271837 211642 273980 211521 273769 210789 272871 211632 274159 211868 274280 210732 272798 211829 274388 211214 273238 208748 269976 209567 270701 212646 275305 212481 275033 211638 273704 207652 269049 208566 270292 212525 275661 210770 272482 208385 269363 211512 273983 212207 275103 207873 268759 211029 273502 209401 270780 211014 273343 212071 274650 210638 272068 207933 269184 211697 274455 206503 267197 210361 271385 207324 268793 207588 268395 192751 249564 211606 273900 210929 273218 210758 272761 211297 273713 201660 260740 211097 273186 211648 274011 210638 272568 210300 272078 
212327 274585 210011 271628 213378 276399 211250 273137 211047 272849 213989 277585 212388 274862 212230 274940 191516 248082 211490 273605 212630 275020 211638 274061 202144 261168 212535 275517 212119 274160 212232 274553 208152 269386 208659 269788 208402 269314 211113 272830 211868 274129 206138 266708 212547 274585 212994 275768 213493 276515 214050 277223 211993 273609 206308 267068 212116 273969 214148 277235 212532 275247 212443 274627 211751 274556 211626 273740 213589 276425 213543 277205 211488 273874 212496 275176 212324 274995 212203 274049 210546 272299 209532 271061 212407 274769 192147 248306 202422 262090 209708 271451 212357 274637 212107 274627 211366 273246 210521 272440 
201649 260705 212032 273994 213561 276582 212393 274705 210577 272624 213702 276921 211603 273544 211970 273780 213107 275653 201325 260296 212870 275506 212955 275771 211527 273869 213117 276055 212812 275476 212742 274721 215084 278426 212341 274711 214274 277498 212993 276175 212606 275489 214651 277723 212053 273815 203156 263101 212435 275201 214259 277245 207432 268114 212586 274783 213766 276141 209872 271555 214706 278800 213950 277085 202243 261740 209680 271552 213802 276505 212822 275091 212560 274969 213913 277522 210758 272828 213067 275192 211888 273981 213088 275379 213158 276014 212728 275285 211422 273196 213719 276825 213169 275883 212743 275554 212327 275108 212958 275427 
214821 278552 213673 276524 213502 276320 213409 276181 213213 275388 211931 274194 215070 278714 210471 271933 213529 275987 189466 245333 213389 275903 214174 277883 213677 276908 213410 275514 212513 275513 213864 276925 213384 276478 215830 279940 212284 274841 210088 272459 212525 274591 215231 278996 214281 277394 203279 262585 214529 278038 211903 273719 213598 276552 214859 278324 213171 276122 211727 273420 213587 276576 213310 276389 210594 272480 213223 275558 214720 277901 214897 278388 213891 277032 210765 272439 211891 274196 214256 277430 212066 274469 212164 274739 206896 267637 212436 274981 211341 272936 211527 274019 214960 278152 212536 274804 212144 274063 211779 273671 
218197 282765 210836 272768 216198 280225 213573 276264 214551 277428 214702 278078 210264 271990 214911 278168 210158 271633 215210 278696 203902 263489 213490 276319 214397 277285 214691 277155 212937 275364 213196 276027 213347 276150 214747 277400 212712 274669 214694 277528 204202 263970 215305 278921 211181 273078 214074 276567 208454 270045 211642 273898 216313 280534 209810 271655 213343 275605 212118 274580 210183 271876 215044 278079 214635 278084 213451 275873 214739 278115 213837 276569 214365 277279 211591 273394 216123 280094 214474 277596 213550 276258 212018 274390 213632 276112 214817 277916 201868 261324 214251 277376 215357 278224 213654 276340 213797 276318 215030 277965 
211994 274656 215871 279159 214155 277246 213731 276710 216051 279516 213952 277051 213890 277018 215831 279194 215644 279209 216402 280346 215122 277984 216314 279875 216376 280290 217574 282133 213917 276252 213722 276408 209711 270994 215341 278435 215544 278874 214138 277174 217058 280992 215750 279639 214531 277219 215499 278705 216382 280358 212745 275129 215064 278352 216664 280573 217951 282537 216309 280035 217104 281051 216856 280929 213451 276405 214464 277387 215182 278488 215901 279228 215172 278641 213835 276522 215937 279530 212520 274533 210715 273007 216097 279765 212072 274136 217279 281453 214333 276750 213922 276831 217252 281231 215160 277841 214667 277842 213539 276619 
216521 281075 215558 278856 215133 278168 195259 252529 182552 235631 215357 278612 216234 279862 215649 278847 215904 279452 214590 277061 212027 274251 215473 278362 216450 279744 216091 279332 214472 277057 216625 280410 215532 279309 197155 255157 216578 280184 215380 279114 215986 279233 214391 277018 205595 266026 215305 278424 215105 278303 216779 280479 213309 276164 214432 277474 215892 279373 195892 253095 216955 280939 215650 279299 216431 280406 213774 276980 214603 277788 216766 280361 216609 280410 217820 282547 210022 271276 217726 281744 218129 283150 217556 282132 211813 274236 214436 277345 216367 280606 214292 276822 214571 277950 218906 283818 215246 278534 214680 277969 
216102 279604 214530 277923 209787 272029 216351 279775 206633 267544 218070 282499 212963 275304 217790 282333 218883 283641 218117 282284 214891 278188 217904 282543 213903 277465 217609 282007 215222 278500 216713 280237 216939 280787 217298 280830 217234 281056 218123 282433 196053 253218 217304 281585 213762 276710 218202 282656 216689 280609 215969 279022 217832 281990 217650 281942 216680 279800 217122 281327 218541 283278 215892 278869 217287 281601 216342 279705 217937 282609 217306 280962 217956 281993 211140 273273 217703 281957 212810 275550 214963 278344 215661 278933 214603 277502 196978 255241 218362 282638 217881 282201 195398 252148 196648 254278 217093 280643 218055 282733 
218175 282445 217859 281867 220454 286131 217407 281585 195950 253287 217551 281477 214450 277379 217819 281923 214778 277201 219867 285208 216227 279563 217325 281468 217242 281124 219369 284514 217993 281555 218195 282250 218196 281785 219225 283885 217806 282042 218258 282688 217743 281625 195556 252871 217439 281545 219921 285008 217734 281534 217806 281629 218472 282678 219424 284680 219923 284924 214348 277006 216207 279476 216943 280892 214404 277579 217479 281664 196180 253870 205546 265463 218172 282275 216611 280517 217652 281987 218068 281874 217680 281413 217506 281824 218689 282850 217096 280773 215203 278340 217498 282192 217324 281044 218454 282479 217573 281308 219565 284671 
218325 282696 217172 280953 217902 282358 218317 282537 217543 281733 218272 282358 214296 277003 219796 284389 218121 281861 209461 271070 218305 282311 220392 285627 218324 282381 217725 282091 217049 280633 216659 280432 214821 278129 216419 279752 218177 282304 216558 279787 219357 283385 220139 285174 218914 283482 219596 284371 196228 253443 219122 283794 216882 280572 218865 283697 218950 283150 217716 281596 219462 284159 218403 282061 219371 283636 217667 281413 220016 285042 219288 283575 219518 284288 219221 283712 219024 283776 216591 280246 217169 280842 215519 278435 219598 284634 218993 283231 218872 283587 219938 284803 220396 285608 217295 281075 220379 285126 220017 284615 
219923 285273 215859 278914 218626 282460 217163 281077 219902 284647 219144 282962 217220 280961 220532 285332 219353 283701 217407 281249 220182 285644 214199 277190 219002 283443 220556 285203 219750 284437 220227 284907 216552 280337 219447 283645 220044 285404 220903 286020 219411 284359 218297 282366 207372 267694 219591 284349 198938 257302 219073 283243 220783 285989 220052 284889 209212 269780 218406 282331 215261 278531 220509 284758 218838 283289 220270 284781 216823 280802 219934 284732 220371 285484 220954 285915 219380 283642 218073 282115 219075 283306 219497 283843 219861 284553 219260 283887 219242 283592 219552 284265 219634 284037 220020 284791 216765 279891 219508 283815 
218531 282499 219057 283135 221628 286549 219207 283918 221122 286203 220208 284671 218837 282933 221051 285952 219973 284972 218529 282958 218319 282297 220177 285406 221212 286634 219579 284103 221124 286234 220611 285861 222278 287683 212811 275142 216497 280168 219716 283873 220917 286415 214106 276626 222202 288415 219485 283812 218206 282409 221303 286751 209583 271313 218346 282766 220744 285983 221125 286777 217512 281670 219614 283934 219249 283617 221450 286597 219513 283864 219292 283786 220536 285666 221471 286916 219566 283664 220487 285072 220534 285065 222111 287520 217322 281297 221719 286948 218304 281936 218962 282942 221635 287081 220838 286041 219240 283648 221064 286283 
220312 284806 216539 279917 221820 287521 219288 283742 220277 284885 220617 285775 220622 285194 216868 281076 221065 285957 219550 283469 215828 279170 221331 285972 221505 286711 222263 287879 221165 286585 220796 285813 221791 287365 223153 288682 216218 279903 215384 278400 221738 287218 223603 290306 221832 286707 217720 281321 217573 281204 219348 283911 221619 286486 222069 286951 223517 289757 221870 286985 220777 285816 222983 288664 220725 285546 217574 281185 222664 288193 220026 284182 221665 287470 221807 286854 217967 281872 222316 287441 221746 286578 220175 284921 221659 286840 220739 285493 223226 289079 222515 287429 222691 288185 216482 280113 221161 286239 221497 287005 
223066 288521 222343 287539 220537 285486 222964 288051 223493 289418 222066 287138 222907 289011 221325 286374 220081 284676 221569 286358 221491 286288 219389 284172 223032 288866 223167 288798 221477 286554 210314 271897 222165 287720 202581 262256 223281 288878 223112 288613 220694 284888 221195 285885 222437 287639 201868 261331 222032 287335 222968 288915 221541 286244 217807 281694 222989 288505 218650 282740 220859 285054 221366 286414 222021 287057 221261 285901 217637 281429 222185 287888 221401 286269 222036 287706 204739 265043 222277 287806 211324 272888 222787 287858 223152 288458 222163 287076 222694 288755 221853 286968 220713 285619 220063 284686 221204 285795 223040 288860 
224697 291052 218704 283003 222865 288250 222417 287709 219710 283647 221913 287206 222956 288185 221167 285884 223932 289813 223494 289596 219989 285047 223574 289271 224103 290264 221645 286498 223238 288645 222107 287418 224465 290653 220653 285642 222307 287425 221206 286144 222245 288151 221291 285970 220232 284292 223359 289496 220878 285698 224323 290492 221848 286555 222110 287301 223123 288716 213007 275228 223441 289192 217422 281172 223582 289676 224127 290533 221997 287358 218574 282598 219839 283943 221634 286365 221889 287630 223426 289826 221768 286868 223625 289080 221869 286944 224440 290472 223299 289168 222501 287969 218101 282130 222372 287842 224051 289865 223454 289256 
224110 289609 224255 290730 222179 287688 219399 283918 223475 289347 222598 288207 224025 289695 224995 291241 224653 290866 213428 276473 224770 290877 221892 286938 225168 291366 214061 277064 222459 288005 220288 284775 224057 289722 221924 287268 223202 288842 224048 290047 225299 291532 220192 284842 222855 288744 222935 287992 221381 285801 223597 289067 221983 287181 225299 292008 219816 284301 223552 289360 225508 292058 224255 290452 213081 275258 224079 290243 222357 287175 223752 289021 219197 282616 225026 291524 220365 285229 224409 290239 223068 288773 226124 293341 225274 291895 221315 286204 222557 287766 217259 281351 223462 288778 223972 290390 224272 290799 221888 287253 
226387 292760 220668 285089 222230 287503 223393 289165 227269 294583 202877 262409 222312 287858 223860 289840 223488 289145 219064 283249 222001 287351 224660 290216 226211 293082 214377 277702 223599 288857 225162 291475 225850 292385 223196 288945 224019 289751 225334 292032 220083 284508 225204 291862 223957 289871 225166 291723 226006 292591 225523 292619 223946 289302 217484 281042 227110 294236 211787 274101 223957 290184 226757 293785 224889 290972 225909 293037 224257 290150 224068 289240 224589 290315 224576 290734 224888 290748 222827 288268 220965 285982 220406 285087 224735 290899 223717 289783 224568 290357 222853 288717 224342 290646 225634 292276 225620 292102 222477 287553 
224376 290679 224913 290777 215360 278757 226027 292851 220453 285078 226142 292894 226602 293398 224545 290735 223703 289404 225768 291976 214926 277876 223563 289414 226381 292902 220496 285623 226120 293066 224475 290720 224363 290290 227125 293964 219790 284711 224980 290633 221533 286501 225081 291423 225669 292346 219164 283285 225372 291689 225256 291224 223389 288680 222180 287031 225865 292360 227313 293633 224826 290429 223324 288856 225633 292067 223924 289915 226399 293446 224297 289794 222392 287998 226557 293419 226336 293377 226178 292740 226341 293164 221426 286647 215073 278648 224486 290548 223044 288810 223734 289575 223775 289201 226095 293015 225634 291897 223519 288733 
223833 289630 226684 293440 227154 294277 226355 292713 225639 291815 226413 292816 202969 262401 226540 293053 226211 292877 225759 291994 221819 286503 225051 291158 226774 293543 224889 290895 223383 289007 225915 292180 223725 289838 221538 286670 225882 292458 224977 291352 226628 293477 226239 292860 225855 292088 224697 290392 215670 278864 224883 291031 226558 293436 225819 292490 226365 293106 228089 295245 228314 295432 221858 286553 225537 291746 225916 292653 222487 287752 220632 285578 225867 292420 227142 294070 226707 293330 225607 291395 224133 289443 226823 293404 223169 289062 224695 290162 224865 290900 223693 289016 225146 291053 226579 293780 225326 291437 221790 287280 
226129 292445 226803 293369 227167 293873 226344 292675 227303 294056 221836 286992 225680 291948 227295 293786 226727 293376 224715 291014 226641 293368 227277 293926 226744 292894 225241 291655 228061 295194 217565 282076 223992 289375 222006 286767 227089 294069 227316 294111 225052 290701 225582 292567 226715 293383 228184 295258 224068 290273 227020 293618 225201 291178 226431 292980 226513 293160 226210 292252 227636 294800 216668 280537 223281 288703 227644 294551 228277 295612 227625 294414 226191 292441 228486 295986 228355 295901 227947 294836 227511 294435 224128 290283 227936 295094 227400 294110 227944 295274 225334 291234 226356 292724 227076 294243 224659 290269 226301 292826 
224957 291225 225675 291897 226750 292992 227134 293922 226276 292586 226595 292954 219051 283671 226391 292837 227829 294433 226156 292874 226102 292020 226859 293291 227319 294051 225449 291144 227391 294062 226435 292522 228237 295351 227423 294450 228517 296454 225567 291387 227319 294085 223585 289003 228870 296307 229093 296482 228239 295702 228783 296101 226125 292145 227774 295064 228636 295977 227609 294809 226278 292374 228094 295310 228909 296383 227069 293405 223599 289363 226029 291754 227586 294707 227338 294023 227929 294923 225941 292245 225888 291917 226534 292561 229122 296602 226383 292965 228005 295082 228687 295674 229614 297734 226692 293107 226745 293018 226642 292879 
229092 296180 228144 295102 227682 294569 228705 296035 228024 295079 226651 293551 229403 297167 227805 294722 226747 293145 226146 292258 229519 296903 230024 297471 229970 298094 227795 294648 217761 281767 228079 294856 227296 294246 218415 282408 226609 292830 227003 293277 229308 297158 228441 295661 225375 290574 226823 293691 228633 295923 227698 294261 223833 289531 228995 296884 226661 293176 225695 291673 229538 296849 228178 295417 229177 296422 228588 295773 229183 296767 227881 294848 227225 294071 227227 294039 229283 296867 228200 295278 229440 297062 228741 296292 228740 296309 227271 293598 218446 282110 228584 295725 227380 293918 216330 279285 228271 295815 227861 295005 
229648 296994 228412 295461 230118 298341 227529 293724 229018 296250 229721 297506 228731 295843 228778 296485 229516 296911 228202 295094 227789 294797 222533 287169 228034 295319 228648 295697 228395 295366 228920 296565 229753 296736 228333 295455 218827 283269 230065 298011 229074 296364 229282 297072 229071 296425 232025 300621 226638 293302 229017 296536 229506 297281 229593 297190 230220 298140 228964 296876 227286 294347 230191 298079 228952 296393 227573 294213 228719 296339 228789 296170 230719 299266 228947 296469 228446 295733 229512 296869 227791 294562 227380 293745 208244 269629 222968 288581 229848 297078 231262 299775 224775 291197 229040 296125 230244 298039 228644 296225 
230263 297901 231028 298862 229147 296597 228292 295439 230205 297527 230292 297940 230230 297541 231044 299470 229878 297278 230523 298421 231181 299317 229984 297764 220074 285109 229165 296250 231007 298740 229614 296760 230218 297970 229017 296523 230530 298043 225963 292324 229263 296758 230284 297952 228518 295840 230748 298085 230010 297836 229563 296839 229680 297452 230685 297999 227808 294992 230464 298530 231417 299365 229844 297110 229819 297707 230249 297812 230232 297853 225532 291166 230432 298684 228331 294864 230608 298147 229079 295923 230584 297875 231042 299055 230216 297843 220527 285624 230155 297626 210450 272689 228012 294916 228011 294846 229155 296723 232580 301463 
230060 297524 228219 295265 231852 300098 231019 298787 210116 272291 230478 298040 226998 293461 230665 298936 231350 299526 230330 297874 231788 300349 230558 298509 230557 298295 231129 298827 230155 297800 230205 297685 233644 302759 227914 294769 229607 297314 225401 291811 231746 299848 231470 299739 231691 300050 231936 300573 232472 301223 208578 270092 230163 297307 230897 299101 228150 295019 229453 296767 226964 293979 231376 299594 230933 298395 232109 300391 229951 297615 230915 298620 230608 298063 221146 286371 227729 294932 230185 298178 234499 304076 230705 298559 231146 299269 229180 296507 210137 271886 231576 299517 229374 296958 231670 299902 230694 298388 229540 296991 
227238 293736 228358 295706 228989 296042 231261 298925 231043 298712 233627 302893 210049 271486 230741 297850 232221 300105 232038 299864 232976 301383 232848 301263 231736 299369 230950 299208 233294 301794 233601 302399 231202 299627 232004 300771 227917 294312 232514 301144 230948 298522 231559 299212 232203 300101 230283 298442 228331 295205 231738 299752 230092 297233 232114 300351 232846 301360 232716 301277 231561 299805 230330 297653 231817 299898 232463 300678 232011 299950 230948 299173 231962 300346 216770 280334 231854 299596 216671 280355 232019 300095 231962 300289 232092 299797 230358 298023 231123 298974 230738 298423 232987 301297 232043 299620 232395 301174 230307 298410 
231013 298974 233706 302960 231569 299926 230391 297443 234531 303927 232565 300142 233594 302280 227316 293677 232260 300751 232942 301615 232895 301500 231432 299070 232628 300673 231399 299503 232349 300662 234170 303295 232665 301014 232069 300417 233405 302343 231519 299571 233539 302709 233648 302700 231837 299695 232592 301176 232773 301078 231224 299251 231852 300373 230187 297948 226151 291850 232668 300933 233151 301597 231782 299602 231784 300015 232328 300383 230628 297940 229791 297335 230756 297832 233032 302030 220557 285096 234007 303061 221654 287038 233553 302257 232898 301158 232214 300369 232336 300476 227195 293860 232249 300287 232863 301603 234003 302918 222247 287427 
233913 303238 233241 301612 232712 301654 233357 301650 230691 298165 232845 301031 232668 300785 233410 301635 234948 304090 233579 302048 211467 273566 229248 296421 232503 300785 233524 302527 232111 300148 233447 302743 231016 298211 233825 302545 229738 297440 234287 303048 234451 304063 232439 300299 232966 301193 234910 304603 232671 300809 229039 296353 232047 300403 229957 296971 234423 303443 230967 299182 231401 299814 233455 302174 233655 301869 231948 299250 234709 304188 233298 301752 234436 303656 233859 302972 233435 302108 234175 303352 231465 299038 228314 295648 234123 303287 222969 288703 234360 303393 233655 302527 231895 300022 233265 301639 229320 296431 231604 300193 
230122 297771 231957 299549 235235 304848 230069 297059 231905 300673 228878 295844 233440 302304 231767 299830 234117 302061 233521 301787 234474 303413 232955 301320 232826 300682 233385 302081 234906 303908 233475 302195 233433 301982 235635 304717 233935 302466 233229 302032 234275 303226 233501 302368 235188 304650 233660 302479 228833 295707 231218 299273 234231 302629 234155 303018 233552 302573 233088 301607 233670 302262 232506 300396 235751 305741 233483 301906 235098 304334 230491 298234 234099 303054 234624 302952 230852 298841 236302 306322 233215 301825 231725 299826 234051 303158 235908 305003 234847 303946 234678 303767 232247 300371 232307 300415 234783 303766 231534 299226 
235026 303651 235143 304379 235929 305084 235149 304249 235253 305101 234754 304323 236145 306110 230455 298365 236408 306503 234853 303658 236320 305795 210190 271835 234824 303891 232947 301623 234224 302705 232023 300172 235584 304983 234986 303697 235574 305240 235846 305121 231040 298720 233564 302006 229676 297325 236273 305889 234477 303630 225771 292275 233015 301534 236247 305720 233429 302032 235884 305614 234600 303726 232676 301421 223148 288347 234667 303583 222464 287565 234705 303652 236302 306017 235695 304975 236252 305926 228744 295973 237323 307346 235329 304124 233126 301104 234487 303462 233222 301409 237475 308207 229428 296633 235562 304806 233664 302874 236246 306095 
235881 304987 236252 305513 230886 298477 235542 305139 236084 305245 231649 299725 232403 300284 236345 305667 234309 303069 237409 307067 235604 304478 236075 306046 229971 297502 236898 306456 235828 304798 235903 305433 237080 306080 231038 298638 235899 305780 236435 305992 236811 306692 234654 303539 237263 306800 238053 308145 234664 303339 229189 296393 214118 277042 235097 303851 234184 302665 235195 304624 236209 306178 235364 304442 237013 306612 225307 291833 235765 305343 236432 306580 236616 306659 235242 304698 233517 301745 236726 306397 235206 304306 235489 304508 232811 301232 235123 304319 234139 302918 232042 300019 210874 272561 235305 304561 229769 296620 234667 303325 
234332 303181 235517 305196 236574 306296 236841 305980 236047 305392 225725 292239 237142 306973 236602 305749 234552 303481 234436 303171 236192 305538 237873 308547 237701 307371 236112 305544 235259 303916 236497 306250 238137 308481 231428 299034 236660 306172 234591 303733 236019 305642 236588 305892 237409 307089 236059 305527 237188 306544 237976 307916 232900 301686 236685 306448 238267 309118 226862 293607 236654 306366 237145 307471 234940 303213 237650 307412 234568 303195 221047 285861 232740 301043 225120 291142 226370 292648 237085 306930 236147 304757 237102 306608 235969 305110 235911 304949 232027 299550 236653 305796 232998 301577 235781 304765 238481 308762 233242 302025 
237432 307536 216022 280065 238131 308307 236767 305777 238439 308679 236172 305660 236290 306007 236161 305401 236670 306053 240485 311554 235395 304360 237242 307372 236421 305566 236613 306345 237735 306947 215890 279563 232314 300298 236506 306725 239846 310145 235504 304500 226052 292402 237774 308046 232984 300856 237929 307684 236810 306299 236728 306272 231797 300091 236722 306541 237300 306863 238674 309599 238178 308308 212815 274517 236604 306479 239111 309314 236945 306653 231948 300209 233391 301948 237724 307464 234852 303690 236081 305420 238277 308619 238753 309581 239382 309513 237893 307772 224569 290216 239307 309661 237138 306853 237811 307001 236670 306212 236392 306401 
238453 308190 239666 310012 239333 309260 236526 305299 239290 310094 232948 301062 237312 306887 238759 308979 235283 303940 239144 310126 238951 309001 238817 308981 233754 302433 239373 310117 238069 308139 238676 309370 234495 303499 239964 311134 235163 304396 236430 306154 239002 308711 239528 309947 238385 308521 239643 310348 237650 308137 238979 309105 236460 305373 237469 307554 238115 307906 237393 307131 237166 306682 217430 281234 237543 307239 237008 306142 238554 309012 234774 303477 240116 310753 238532 308384 237917 307870 237331 307056 239930 310537 239060 309528 237569 306939 238133 308424 238991 309355 237429 307102 237544 306593 238655 309074 235777 305113 238717 309230 
239093 309946 235315 304446 232605 300630 216877 280346 239769 310897 239573 309925 233609 301906 238769 309016 240833 311557 239876 309869 238542 308940 238443 308707 231766 300098 237955 307506 237183 306577 239999 310750 239361 309724 238690 308914 228768 296487 238573 308295 236487 305616 238257 307961 236585 306464 238645 308151 240313 311257 236881 306550 238702 309264 239869 310588 238304 308093 239838 310006 239125 309600 212114 273794 235342 304891 238751 307725 239613 310150 240316 311280 239817 310193 238077 307388 239179 309903 237585 307525 236782 306188 237796 307407 235327 303723 238920 308934 238437 308522 240219 311227 237607 307900 237230 307391 238704 308762 237571 307456 
240832 311497 240711 311455 237820 307858 235010 303224 240787 311638 238611 308668 240910 311864 239295 309638 240619 311016 240424 311355 240689 311096 235473 304561 241117 312197 240086 310532 239560 310112 239727 310211 238122 307336 239850 310413 241853 313288 239108 309467 236769 306641 239732 310223 240215 311175 240717 311508 238168 307612 238133 307922 239570 310542 239011 309570 238066 307706 240273 311051 239028 309670 241255 311936 241293 312542 217760 281682 238844 308743 235833 305808 236133 305867 239365 309788 239380 310264 241439 312694 240837 311961 240555 311607 241978 313737 236745 306071 238705 308837 240608 311293 237005 306624 239101 309005 238746 309212 237635 307802 
242256 313749 238084 307670 238589 308335 242065 313215 239557 310157 242420 314232 240708 311553 238299 307934 241137 311720 240881 311620 240116 310761 241137 312672 240275 310707 241399 312864 241009 311955 235257 304184 240894 311481 240749 311466 235184 304959 239157 308943 238223 308192 239936 310486 238726 308139 240358 310948 241461 311781 240443 311121 240181 311296 240049 311136 240423 310553 240803 312070 239749 309746 239391 309779 241066 311963 238424 308125 238546 308123 240320 311226 241356 312356 241954 313259 241367 312474 238289 307976 241634 312868 240405 311015 240893 311986 235312 303975 242368 313685 240666 311185 241009 311860 240421 310743 240100 310494 241876 312806 
240568 311772 240369 310693 241564 312540 241717 313253 219722 284130 243014 314214 242571 313730 236696 305959 240659 311372 229964 297625 243319 315043 242527 314028 239069 309602 240584 310903 239948 310171 240900 311326 240829 311275 240439 311305 238829 308400 238285 308525 243518 315231 242387 313863 237825 306970 243930 315687 242400 314122 242254 313107 241877 312782 242911 315063 236778 305684 241900 313414 240785 311658 242758 314638 240640 310735 239504 309206 243292 315287 240554 311505 237563 307311 241694 313285 241308 312692 243206 315078 240567 311718 240260 311027 238423 308121 240654 311674 241277 311686 240822 312003 238640 309235 240563 311108 241139 311988 241651 312426 
240707 312254 242014 312559 241711 312679 239851 310223 241030 311400 239102 309858 241391 312940 239071 309078 242582 314180 243599 315460 232028 299967 241882 313129 236721 305336 243395 315051 242224 313669 243020 314774 243507 315329 242853 314561 243305 314329 239144 309261 241122 311106 241173 311289 243579 315241 240388 311200 238875 308789 243146 314558 239351 309470 238170 307784 240401 310835 241391 312289 238122 308487 242553 313711 241646 312807 240419 310517 240445 310900 219497 284037 215685 279202 241803 312340 241773 313020 242107 313029 243885 315593 241279 312162 241709 312281 242928 313972 237944 307655 240449 311622 237341 306719 244381 316760 243657 315577 241081 311943 
245350 317802 245218 317282 237617 307675 243968 315601 243637 315028 239624 309506 244641 316605 240611 310632 243523 315583 243612 315779 240894 311655 241133 311568 245486 318006 240495 311337 242919 314049 237980 308174 242977 314636 242282 313597 241533 312377 240459 311038 242395 313221 244324 316522 244267 316307 243209 314121 220648 285089 243329 314692 242716 314192 243147 314879 243841 316032 243423 315049 241797 312544 239236 309068 244186 316355 242480 313949 243070 314699 242855 313955 240815 311949 243269 314267 244241 316168 244854 316999 243287 315113 244143 315952 239090 309337 243347 314732 242554 313901 242974 314394 240101 310883 243096 314896 244313 316192 242616 313826 
244409 316139 245155 317068 238786 309608 243284 314635 240243 310818 241852 312985 245310 317875 243420 315269 244515 316100 243429 314968 243698 315451 241625 312197 245293 317747 244869 316972 242798 314582 246027 318929 236534 305947 243782 315635 242927 314600 243482 314807 244503 316080 244624 316676 244480 316178 238017 307974 241867 312850 236587 306038 241347 312376 244022 315439 244698 317294 246242 318981 244172 316188 245616 317857 244499 316373 244195 315769 245290 317696 244470 316395 241059 312130 245120 317316 245770 318542 245955 318697 239623 309708 245591 318087 243526 314953 244153 315689 242444 313684 241579 313140 233421 302198 244657 316648 242368 314002 244338 316306 
245121 317164 245877 318380 245368 317503 244415 316345 244177 316227 244386 316162 244390 316269 244699 316784 243187 314825 244846 316780 245516 317986 245737 318430 240875 311908 243535 315250 245779 318041 243092 313856 245138 316754 247322 320510 244729 316763 243881 315305 246123 318194 245985 319230 244162 315769 241076 312441 245416 317342 245509 317610 245324 317773 245575 318006 244481 316128 245381 317358 242521 313644 245261 317780 244900 316903 244049 315922 240867 311744 246720 319887 239614 310038 241326 311950 244871 316472 244757 316551 242485 313817 245000 317319 241937 313392 246473 319151 244605 315841 242912 313952 245294 317607 244315 316591 244842 316387 245772 317693 
242135 313473 245990 318288 246641 319275 245579 317018 235894 305327 236050 305097 244932 317059 247444 320381 246589 319639 244986 316821 244862 316634 248823 322541 242038 313122 247859 321605 244901 316749 243443 314569 246181 319157 245795 318407 246587 319057 245570 317738 245861 318329 243709 315257 237810 307950 246636 319522 244070 315783 244305 316153 245659 317403 241495 312923 246927 319705 234379 303005 245258 316449 245079 317017 247486 320247 246581 318973 245932 317653 244122 315477 246037 318812 246188 318332 246231 318499 246036 318530 245058 316643 222183 287486 241197 312275 240719 311959 247345 320097 245223 316671 239959 310658 245345 317133 245610 318205 247797 321101 
246909 319348 243291 314582 246580 319101 246526 318713 245001 316779 247835 320954 245378 317174 239777 310120 245986 318662 246470 318766 248296 321581 245203 317191 231716 299139 242475 313647 240191 310060 246509 318972 245351 317707 246799 319332 244353 315569 248059 321257 246969 319609 247046 319851 245028 317316 246957 319481 242686 313875 246580 319516 237530 308236 248750 321864 246691 318987 247345 320907 242959 314472 245045 316759 246671 319319 246347 318521 246208 318863 246865 319512 243584 314792 234840 304126 247788 320887 245643 317893 245594 317734 245370 317544 246941 319726 247570 320281 245432 317260 246970 319319 245617 318521 222542 288003 245524 317763 246523 319358 
246020 318188 247728 320524 244739 315954 247874 320660 246741 319069 243856 314399 246266 318974 247825 320110 243388 314669 246044 318686 247130 319628 249110 322793 245275 317801 247365 320054 248271 321265 247488 319843 245998 318356 246452 318516 241141 311701 246028 317977 236331 305774 242791 314032 245081 316731 247177 319287 246639 318986 246420 318879 246392 318008 244813 316445 246474 318751 246444 318701 249260 322859 248026 320918 246574 318470 246707 318588 248863 322771 250841 325317 248128 320685 244743 316534 244307 316511 244928 316420 245642 317943 246614 318901 248364 321784 248312 321246 247923 320817 246735 318900 234896 303393 249707 323417 247868 320621 248065 320118 
248400 320399 245146 316898 248741 321818 248766 321636 247354 319846 248765 322181 241350 312027 245629 317941 246818 319121 244163 315840 247352 320117 248227 321383 248087 321138 247203 319900 244696 316219 246809 319243 247705 320544 248444 321466 244564 315548 246704 319124 249054 322165 243990 315547 247776 320320 227274 294536 248083 321537 248366 321359 247989 321192 248136 320993 247785 320505 242566 313870 247701 320216 249867 323511 245967 317938 246999 319522 245705 317451 248361 321333 219811 283802 242168 313441 235595 304306 246675 319054 250033 324142 246449 318590 246085 318613 247321 320711 248558 321788 247018 319567 247374 319975 249024 322259 250077 323974 247148 319541 
224179 290068 250162 324104 248328 321528 248515 321823 225314 291303 246548 318681 249775 323017 248440 321830 248215 320891 249639 323575 245999 317887 249314 322103 248063 321176 244360 316246 244654 316563 245427 317285 248777 321584 247004 319447 246584 318755 245354 317601 249642 323368 248857 321968 235465 304423 249482 322330 247301 319492 237402 306884 249533 322758 247781 320551 238275 308149 249029 322198 247054 319592 246871 319252 244350 315433 246005 317878 244873 316604 250632 324407 248211 321188 248663 321756 245346 317490 250861 324726 249474 322986 248839 321727 248259 320370 250103 324038 250277 323705 248054 320659 249930 323695 248743 321834 249501 322982 246827 318901 
249264 322596 248704 321510 250299 324566 225188 290795 249652 323514 247244 319560 250834 324795 251012 324834 251427 325615 250316 323782 249285 322759 247992 320784 250948 325377 247727 321032 251144 325090 247423 320828 246177 318141 248672 321867 250866 325068 249360 322207 247096 319550 251130 325012 250329 324091 249011 321633 249245 322488 249744 323168 250390 323939 249265 322676 242407 313084 248731 321771 250183 323452 250301 323900 249666 322782 247921 320599 248622 321313 250580 324129 248949 322585 250807 324227 250931 324866 227108 294144 249105 322319 244953 316917 248697 321658 247987 320646 246637 318848 251066 325002 249483 323360 249184 322026 248578 321153 249087 322393 
251307 325078 249654 323342 252090 327134 248655 321693 245170 316949 251960 326150 251305 325627 250118 323404 248655 321018 250953 324811 251366 325488 251125 324725 250545 324052 249787 323571 244331 316198 250203 323630 251078 324592 250914 324821 247007 319051 227297 293909 251775 325837 250527 323905 251549 325971 249534 322992 248226 320372 250369 323956 250396 324559 250660 323934 252024 326473 251014 324572 250463 324082 246323 318803 248611 321736 250871 324340 253121 327621 245893 317263 246060 318021 249592 322769 251193 325324 251047 325121 250760 324057 248117 320880 250468 324025 250124 323802 250982 324470 250719 324398 250292 324462 250124 323765 250267 323893 250616 323568 
251562 325761 248358 321043 251847 326631 250160 323917 249633 322543 247792 320975 243579 315165 254005 329194 237857 307295 250605 324067 251155 325441 247132 319818 252018 325517 250047 323707 252721 327312 250825 323723 252826 327014 250725 324507 252269 326463 250319 323830 250962 324724 252086 326360 253566 328332 254667 329624 251090 325141 253161 327845 248490 321618 251760 325576 250793 324365 247598 320039 250253 323187 246362 318696 251924 325536 250391 323932 252814 327333 248942 321931 252251 326214 250124 323580 250183 323267 250163 323027 249397 322576 251813 326072 249471 323101 248775 321677 250697 323881 245224 317317 251892 325768 253423 328083 250826 323962 251238 324837 
252026 326351 227107 293509 252485 326741 253545 328300 252243 326314 250645 324407 253031 327759 247991 321430 245509 317250 252978 327000 250753 324266 252614 326827 249534 322678 251562 325108 251061 324221 252016 325699 254053 328542 250083 322902 252051 325794 248544 321202 248996 321747 251173 324775 252065 325401 252813 327038 253134 327747 251908 325999 252322 326141 253228 327650 252210 326637 251307 325211 250223 323162 249788 322590 250380 323515 252542 326459 250750 324789 249510 322574 245340 316952 243930 315286 250352 323858 250741 323730 253261 327384 253249 327882 242750 313696 249523 323012 253025 327631 251342 325696 229211 296830 252611 326630 225645 291544 251614 325044 
253736 328236 252488 326044 252845 327147 251572 325317 252667 326959 254161 329123 254578 329883 254714 329491 251215 324724 252322 326604 253293 327857 252212 326372 255383 330133 253976 328831 253647 328612 254375 329476 254583 329817 250603 324040 253585 328233 253158 327476 251314 324886 253270 328043 252739 327539 254008 328961 251266 324411 251750 325732 250587 323554 253412 327584 254776 329792 250831 324248 250649 323746 250488 323825 253726 328337 254467 329126 252645 326789 247462 320837 251389 324783 252938 326687 254308 330064 253399 327875 248083 320882 250726 324244 227965 294717 253385 328013 253498 327423 251062 325164 253277 327624 252768 327107 250060 323390 253981 329047 
255024 330116 253683 328379 249228 322259 251587 325652 253036 327435 249730 322861 253364 327765 216976 280397 253675 328628 252021 325994 253866 327659 249246 322709 248308 321264 255788 331156 252686 326507 251621 325203 253339 327807 251715 325366 252976 326880 253211 327138 254243 329538 254266 328997 252115 326256 241679 312796 248359 321059 218715 282756 251340 325120 254465 329297 251709 325339 254478 329446 248037 319942 255336 330872 247845 320805 253674 327959 254680 329162 252871 327699 254349 328895 254252 329020 253107 327345 255255 330619 255219 330151 255141 330218 253570 327976 250832 324118 252525 326074 250094 323568 255506 330528 230188 297748 254607 329393 229238 296478 
253156 327203 255589 330870 242784 313835 252497 326425 254593 329288 255881 330783 256212 331490 255779 331803 254067 328714 252408 326259 255150 329735 252980 327171 255509 330612 254864 329681 243935 315676 253271 327384 255154 330088 249118 321784 248258 320594 254599 329251 254255 329259 254285 328840 254901 329873 254924 329790 255968 331095 254862 329606 254735 329706 256744 332517 256261 331552 254281 328906 255632 331297 255938 331805 252045 326363 256135 331272 250762 324947 256289 331506 252746 326834 255151 329714 255734 331155 255955 331638 254168 328166 248777 321312 254451 329669 255453 330642 252749 326604 253794 328236 255293 330013 252597 326706 254065 328641 242085 313048 
255671 331228 254981 330386 256519 331384 256262 331539 256022 331158 255339 330188 256854 332130 254143 328656 254436 329000 253196 327660 257147 332696 250514 323562 256561 332294 256776 332476 254744 329329 252683 326522 254614 328902 254389 329386 251286 324845 255288 329892 254343 328773 255801 330923 256012 331548 255861 330956 254475 329059 255623 330855 257126 332759 254191 329056 255925 331414 255006 329632 255781 330987 255917 331152 258931 335500 255227 330326 255141 329737 258667 335911 230037 297215 243763 315366 254582 329369 249249 321763 256416 331784 255538 330387 253154 328011 254398 328978 253977 328368 252908 327250 256785 332220 256488 332205 247439 319966 253645 328083 
255477 330306 257298 333499 255199 330052 255336 329875 257461 333210 257902 334206 250804 323836 256381 331727 252298 326107 257481 333387 252415 326439 254311 329164 252011 326044 255104 330283 256173 331551 256108 331225 256476 332122 257586 333669 256991 332288 256794 332371 258501 334879 257419 333419 255856 331574 257019 332899 258576 334814 250830 324539 255794 331224 258607 335216 256991 332627 253647 328210 254681 329338 253856 328624 256857 332585 254590 328923 256031 330936 242273 313519 256317 331879 251391 324801 254543 328734 256380 331595 256948 331948 255719 331381 255717 331284 255803 330841 254292 328522 257692 333460 249763 323526 250965 324910 256464 331997 256458 332670 
257576 333331 257560 333300 256360 331351 254088 329263 255965 331004 258427 333950 258851 335145 259052 335465 257364 332454 258938 334972 257540 332840 253511 327381 257631 333507 254702 329466 258649 335755 255311 330279 255676 331111 255845 330695 254370 329134 256921 331817 257081 332619 255372 330653 247159 320021 258181 334308 256363 331198 251135 324645 255859 331163 232403 300223 252317 326202 253150 327329 257049 333143 257655 333430 257463 333234 254438 329300 256413 331454 255848 331037 256265 331422 258813 335168 256454 331856 256318 331064 251586 324973 255297 330485 256832 332417 258891 335519 254545 329717 258957 334747 245420 317298 256348 331603 256647 331751 251489 325235 
249710 322894 259722 336206 257907 333579 257617 332881 255891 330414 257732 333580 257786 333237 258690 334966 255293 329605 256150 331323 258594 334326 255506 330738 258526 334624 258346 334169 256029 330950 257480 333063 256894 332248 255113 329937 258802 335099 259418 335779 258382 333959 259266 335305 257121 333259 258602 334542 259027 334597 254180 329095 257241 332240 257967 333494 258035 333705 255956 330160 259177 335956 256688 331389 235335 304262 257862 333598 259467 336333 256860 332200 256911 332565 255380 330312 258871 335091 259357 335660 254347 329002 257657 332909 255925 330989 258116 333946 259366 336017 256489 331358 259062 335597 256480 331707 257731 333121 260280 337062 
258126 334207 260079 336692 259610 336441 258632 334649 260060 336738 258333 334494 256156 331286 250669 324068 261528 338227 259217 335552 257349 333296 258403 334382 255897 331065 256504 331674 259605 336298 259674 335954 258543 334431 258750 334778 248130 321465 259562 336198 259065 335358 258865 334800 234353 303561 252623 326748 252157 325536 258562 334694 260079 336364 258709 334935 256927 331978 259803 336587 259719 336096 260112 336452 258443 334919 258233 334289 257403 332815 257978 334441 259267 335538 259366 335183 258478 334324 258928 334732 255624 330864 257020 333070 255811 330816 258408 333836 258105 333466 258515 334380 258284 333751 259098 335251 258092 333738 251554 325121 
258398 334087 261283 337990 260219 336728 259521 335862 257722 332847 258939 335048 253347 327744 257482 332323 259337 335990 257366 332771 260652 337491 259779 336087 260897 337833 258651 334603 258749 335197 258280 333795 258696 334260 260422 336944 253435 328178 258634 334982 259107 334917 254202 329021 256817 331985 259848 336932 258948 334790 258651 334126 260638 337396 258744 334277 256920 332439 244827 316721 259555 335398 258780 335474 260640 337495 258501 334504 256028 330910 241206 312208 260191 336569 259132 334983 258304 334007 261487 338293 258890 335130 257500 332712 260150 337111 258628 334411 257168 331832 257879 333872 259766 336007 259237 335339 260931 338160 260237 336821 
260332 336654 235536 304737 260688 337448 257357 333241 260111 335732 249089 321955 260225 336395 257987 333610 261109 337480 260270 337005 260296 336913 261207 338469 261083 337977 261458 338759 260416 336732 256956 332681 260141 336655 259787 336497 260899 337170 260578 337163 260531 336799 260961 337550 261093 338646 258313 334856 256655 332010 260980 337499 261615 338522 261644 338822 258829 334744 261429 338794 260399 336891 254107 328574 259535 335333 260076 336892 259996 336241 259566 335423 260172 336773 258258 333610 259204 335259 257596 333811 262378 339518 258016 333910 256766 332209 258116 333633 259089 334773 259657 336037 260401 336567 260938 337088 260513 337236 258771 334672 
258305 334101 255890 330552 261865 339349 259332 335912 259596 335970 258966 334647 261059 337607 261072 337304 261815 339125 259882 336157 257323 333350 256442 331390 256118 331441 261217 338193 262147 339064 256922 332165 260864 337520 261628 338267 262299 339281 260513 336892 257532 332774 261075 338095 261969 339001 259970 336302 263271 341278 261554 338784 262071 338609 261127 337894 250321 324664 260679 336738 261913 339184 261834 338795 261746 338728 260146 336269 262148 339148 261073 337782 261273 338086 260835 337841 261073 337575 260592 337080 257690 333858 261306 337634 257794 332451 264038 342385 261898 339447 260570 336975 260515 336760 257211 333084 262181 339230 261136 338291 
262031 339516 260413 337629 264735 342785 259697 335991 262214 338916 260179 336633 261426 338278 262292 339903 262348 339602 262686 339848 261495 338344 262471 339886 258759 334370 262063 338897 259433 335624 258537 334168 264544 342590 262161 339617 260810 337287 259343 335843 263413 341199 262178 338878 256232 331090 260127 336627 262852 340484 261541 338489 260276 336678 264111 341911 262932 340549 260002 336035 262543 339428 260126 336524 262827 340050 260279 337088 251344 325727 257242 332662 263143 340378 261232 338141 261226 338335 237895 307990 236944 306878 249613 322699 263019 340224 264581 342601 263505 340684 261413 338351 261303 338153 263731 341075 261825 338906 263373 340920 
265918 344346 264689 342828 262273 339106 264167 341895 263801 341640 263042 340141 260253 336800 262896 339950 264092 342241 263382 341148 262925 339649 263884 341508 264403 342503 264101 341796 262365 340083 262951 340487 262859 340116 262731 339198 261676 338497 262155 339506 262153 339733 263389 340962 262264 339173 258913 334773 263517 340936 265174 343118 262560 339230 262442 339478 255310 330281 262583 340096 261468 338047 256216 331273 250377 323920 262547 339359 261047 337831 263863 341570 262617 340793 259984 335856 263531 341533 261926 338722 261834 338436 265289 343339 263779 341416 257969 334005 261786 338786 263350 340906 261739 338268 261561 338630 264193 341556 256292 331527 
266002 344684 262749 339563 262751 339731 263330 340554 260909 337312 263184 339849 263307 340652 263822 341440 263927 341523 263691 341187 261329 338084 265197 343223 258322 333945 263029 340222 259108 334769 265610 343706 261996 338801 264494 342559 265741 343598 262257 338885 262429 339273 262301 339324 262953 339921 264202 341687 263572 341326 260064 337089 260622 336355 266665 345173 260531 337483 262066 338676 264141 342478 263023 339427 262812 339566 261399 338057 264462 342528 262359 339299 264126 341806 264056 341613 264902 343573 262791 340025 261431 338075 262268 339089 250687 324195 263350 341364 260805 337988 263739 341147 264169 341731 264508 342518 263223 340340 262639 339804 
261698 338738 264789 342693 265402 343989 263454 340960 264327 341640 265848 344137 264725 343025 265058 343298 264398 342341 265746 343584 266327 344516 263914 341615 264375 341855 263531 340963 263245 341410 262808 339833 264892 342317 264206 342268 259088 335216 251695 325795 265240 343102 265662 343677 261261 338183 262721 339692 263164 339961 262641 340195 264795 341872 266521 345468 239185 309325 264824 342679 262819 339855 263477 340830 263473 340324 263627 340625 263674 341127 264884 342801 264478 342397 262226 339032 263226 339941 264136 341081 265642 344244 263421 340478 266670 345015 266134 344276 266291 344466 265582 343970 264565 341889 265455 343372 260302 335750 264339 341558 
263012 340136 266584 345133 265102 342252 266734 345701 267397 346290 261934 338374 264140 341816 266511 344939 264189 341819 263356 340789 264932 342411 265658 343342 265130 342912 265596 343119 262969 340067 266083 344281 264551 342155 265260 343319 263091 340323 263528 340854 262246 339416 264995 343568 268032 347243 265578 343415 265187 343073 266053 344421 262339 339228 262870 339797 266853 345812 264927 342599 266639 345160 264409 341565 265981 344267 262859 340161 263943 341357 264554 342300 263552 341466 264132 341246 267022 345959 259259 335012 262528 339547 263224 340270 252239 325957 265615 343753 264832 342146 264311 342542 263683 340823 267079 345899 260906 337220 263925 341404 
264510 342507 264458 341513 263866 341189 265992 344368 266922 345890 266316 344386 260542 337156 267478 346310 260297 336695 263066 340124 263720 341151 267115 346352 267410 346069 265229 343358 265651 343425 265719 343510 264995 342276 266559 345139 263225 340628 264835 342242 268092 346811 265882 343715 266604 344987 267912 346984 268264 347157 266166 344313 265885 344003 265637 343905 265444 343849 266066 344229 265171 342931 267375 346162 265850 343823 265041 342926 266705 345149 266503 344555 267022 345675 265692 343141 266424 344232 248016 320546 265238 342550 266669 345024 266812 345763 266054 343711 255765 330968 265091 342421 266057 344084 267237 346148 265708 343331 255242 330574 
264394 341883 264768 343040 266352 344494 265490 343634 266754 344901 268262 347746 266229 344929 268431 347843 264163 341252 261798 338526 266431 345251 267870 346973 266491 344548 265840 343801 264913 342667 265686 342962 266887 345447 268256 347234 267510 345956 265109 342408 265459 343510 253441 328093 267101 345325 263438 340606 268710 348197 254439 329125 264989 342792 266481 344450 263852 341231 267314 346116 266517 344639 264755 342005 265147 343039 267100 346158 267682 346642 266459 344599 267987 346911 267348 345964 262974 340131 266747 345075 269031 348498 268121 347123 261995 339289 269717 348680 265712 343366 266668 344596 266317 344425 265868 343897 265422 342892 268725 347996 
268508 348083 265372 343068 263740 341511 267169 345930 268227 346997 267030 345882 267493 345983 268792 347645 267546 345887 267537 345987 265086 342242 268246 347232 267370 345785 267284 346285 266833 345631 268532 347511 268086 347112 267185 345676 267755 346195 268973 347877 267570 346579 269135 348482 269171 348017 254853 329515 269507 348855 268558 347698 269058 347991 269117 348267 267422 346068 267614 346156 261287 337266 268013 346228 264786 343013 266709 345214 267337 345805 267042 345658 265531 343736 268281 347084 268577 347694 267355 345706 265817 343409 261331 337992 268948 348520 266240 344951 266689 344686 269501 348937 263620 340747 269672 349333 268014 346430 266792 344443 
270773 350371 266101 344090 265921 343874 268940 347811 268294 346738 267040 345764 270397 350665 268801 348218 269680 348936 269956 349223 269011 348214 264874 342758 268312 347854 266160 344971 267903 347120 242812 314125 268034 347124 268662 348053 269525 348825 268437 346853 268896 347342 266762 345132 268066 346853 269711 349207 269368 348574 265347 343770 268176 346692 266513 344263 264277 342243 267956 346400 267266 345962 268235 346858 264776 342916 268275 347116 269924 349639 267270 345952 267068 345061 269910 349617 269397 348391 269328 348430 269187 348780 268600 347166 268556 347481 266643 344623 266010 343415 267935 347381 270460 349781 267843 346766 264603 341964 269982 349961 
224254 290206 268138 347088 269902 349600 267167 345805 268476 346879 268884 347797 268446 347161 267775 346294 269184 348270 269681 349146 270668 350383 264739 342044 270037 349284 269181 348360 269384 347966 256310 331178 269339 348476 267864 346026 267533 346461 269873 349103 269038 347286 263762 341562 257264 333255 269595 347955 268683 347383 268780 347474 269183 348589 268527 346829 270125 349702 268663 347639 269013 347716 269842 349363 267795 345927 270147 349424 267545 346177 268947 347602 266252 344413 268345 347439 264307 341648 269514 348127 268680 346825 267861 345917 268243 347160 270755 350310 270850 350639 269746 349169 269594 348404 267694 345595 268957 347783 270214 348926 
268170 347027 270971 350934 270612 350279 269761 348482 269626 348872 264820 343056 270879 350087 270221 349856 269420 348794 271856 351634 271396 351545 268420 346643 270481 349267 267214 345465 268016 346674 262930 339859 269356 348886 268913 347954 269107 347685 271033 351229 271008 350133 270648 350354 270054 349700 270003 349245 269663 348512 268967 348248 271435 351211 270036 349849 265427 343775 266617 344476 266866 345460 270588 351037 267681 346344 271079 351342 243945 315264 260441 337424 267534 345832 271583 351623 270645 349730 269540 348296 262994 340349 272288 353233 266911 345115 270666 350405 268966 347438 268731 347060 267479 345418 266583 344698 270076 349036 271149 350535 
269745 348883 268567 346543 264539 342529 271566 351403 268284 347617 271724 352362 270712 350235 272338 352536 271437 351223 264528 341978 272353 352851 257927 333753 271271 350786 268952 348208 272322 352523 271373 351206 272048 351996 273578 353759 270252 349501 269135 347618 266307 344305 264134 341959 265548 343672 268822 347847 272575 352565 271063 351041 268047 346488 269280 348476 258347 334090 271884 352062 267920 346401 271094 350457 267448 346009 270903 350243 267016 344729 271444 351472 271249 351085 272990 353212 267619 346412 272467 352528 269689 348673 269809 348725 269982 349165 271934 352157 269831 349301 269992 348675 261549 337955 269013 348026 271638 351388 267467 346097 
272025 352008 271307 350995 270076 349453 272432 352669 272958 352970 273783 353926 268840 347920 271633 351533 272313 352562 273418 353923 271285 351611 272332 351945 273421 354152 270825 350620 271647 351392 264704 342764 272259 352111 271276 350871 269869 348803 271149 350495 274360 355307 271322 351343 270261 349162 269151 348327 272208 352123 271694 350838 272278 352644 272034 352177 274295 355571 271190 351027 259289 335169 270194 349971 269374 348587 272306 352127 271472 350919 271968 352268 272527 353032 270746 350897 267819 346294 242630 313496 270951 350442 269027 348010 270576 349961 270885 350182 272363 352084 270547 349843 271747 352093 270627 350062 271605 351169 272817 353063 
272145 351411 268662 347089 272315 351808 270689 349100 267028 345726 271106 350854 268840 347709 270051 349157 272963 353217 274153 354753 272265 351962 267192 345722 273048 353000 269301 348586 272915 352907 272985 352597 270715 350275 271341 350824 270636 350264 242154 312992 257025 332533 271529 351239 272070 351490 271525 351250 273402 353308 271358 351291 273176 354189 273363 353359 273206 353796 261050 337702 273968 354343 272676 352668 272501 352223 273500 354256 272568 353067 272598 352820 272447 351920 266479 344230 272877 353498 270278 349890 272262 352010 269250 348330 271307 351006 271289 350868 272490 352776 270699 350130 247648 320415 248346 321373 269556 348705 269629 349028 
273351 353390 274766 355714 271244 351479 270839 349933 272125 351231 267861 346700 272349 352413 272157 352408 271392 350531 273008 353064 274196 354995 260441 336663 273727 353892 272108 352147 273617 353825 274251 355719 275179 356042 270891 349930 274273 354862 273289 353216 271952 351353 268321 347279 268686 347468 274423 355209 274223 355206 271501 351034 275988 357087 267977 347005 273766 354276 275082 356304 267149 344976 275068 355580 265532 343038 273510 353931 275394 356846 274641 355217 274535 355371 272375 352347 271993 351328 274819 356010 271163 350900 261717 338701 271306 350688 273434 353425 267974 346437 270512 350399 272122 351346 271699 351819 274967 355924 273210 353886 
273555 353954 271922 350911 272696 352554 274372 355366 271419 350806 273905 353860 273261 353339 274412 354780 275776 356402 271956 351995 276508 358226 272676 352942 272717 353039 275732 357556 273937 354390 274636 355607 275514 356847 273621 354089 272092 351714 272112 352055 271846 351696 272688 352346 274060 354558 276188 357216 275864 356598 271847 351887 274223 354724 272798 352455 273262 353780 274945 355725 276024 357506 276074 357350 272182 352171 259758 335988 273230 353123 272494 352222 274407 354663 273501 353618 272962 353011 274393 354882 273877 353977 267770 345605 272931 352754 275318 355919 275136 355783 271193 350351 275753 357150 274127 354489 274576 354984 274746 355277 
276031 357589 269403 349021 275583 356414 274458 355191 275204 356376 269930 349675 271172 351140 274574 355220 274760 355356 275957 357231 275688 357084 276085 356805 275476 356802 275720 356848 274535 354904 276039 357399 272610 352425 276109 357430 275676 356363 272451 352199 276614 357977 276526 358076 272421 352232 275469 356733 275778 357186 273875 353838 276084 357510 273048 353366 273518 353899 274768 355504 268868 347223 270323 349646 276288 358027 276898 359099 274772 355974 276258 357464 274077 354604 274737 355147 276168 357226 272246 351885 274255 354499 274862 355474 271404 351294 274344 354774 274427 354830 275218 355592 276879 358550 273586 353894 274354 355181 275527 356144 
277932 360010 274551 354494 274811 355427 275942 356618 273837 353994 275338 355472 275775 356833 274832 355372 274773 354918 275954 356583 276341 357803 269284 348245 274462 355300 276303 357278 272648 352124 276579 358402 274704 354990 276533 358035 277962 359695 273882 353697 275955 356667 274869 355763 274658 355207 276554 358418 276144 357683 275856 356305 277407 359722 263030 340501 273644 353513 276571 358044 275884 356977 275257 355429 276588 358242 275010 355799 274269 354396 272250 352278 276530 357182 272659 352905 275313 356030 277207 358805 275519 356014 275700 356684 275687 357196 278517 360671 277204 359138 275372 356823 272797 352740 274575 354320 276942 358631 274032 354367 
276844 358180 275136 355912 274665 355638 274467 355117 276332 357650 278472 360775 273507 353817 276494 357353 276132 356971 269468 348373 276290 357336 277317 358513 277455 358927 278429 360248 276084 356755 276734 357673 273736 353988 275963 357041 274465 355034 273350 353336 249445 322711 276705 357686 271348 350996 276974 357586 278006 359986 277203 358279 273462 353956 276630 358004 265020 343084 278326 359886 275484 356505 274830 356145 276755 358014 276287 357087 276787 357601 274569 355141 277115 358667 275410 356924 274873 355836 277763 359212 275544 356201 274966 355896 269608 348597 276757 358020 276864 357869 276237 357136 278836 360946 278126 360198 277654 359576 276145 356679 
279267 361463 278806 360910 277965 359879 276011 357290 274375 355025 278392 360170 277123 358218 278584 360583 277592 359696 276795 358664 277030 358400 279554 361185 278458 360757 277641 359552 276555 357340 278209 360131 276834 357958 276611 357520 277533 359291 263738 340936 277502 359490 277828 359102 276713 357927 278763 360598 274933 354656 269924 348693 277202 359211 278639 361208 274869 355867 277794 359469 275780 356393 278417 360714 278331 360033 275108 356338 273058 353220 277685 359495 277841 359703 278014 359459 278571 360204 277635 359965 277890 359673 278658 361679 277633 359000 278202 359791 276569 357861 276873 357833 277617 359264 277798 359193 276959 358244 274997 355696 
276283 356770 278343 360309 277290 358697 277395 358972 273564 353374 280268 363095 278043 359778 278679 360127 278146 359768 276521 357715 276298 357755 278493 360230 279487 361392 277903 359580 277560 358961 280168 363121 276958 357687 272971 353239 280179 363011 280662 363604 278008 359341 277698 359669 278606 360742 277924 359106 279473 362030 279122 360538 246392 318227 274384 354415 279417 361459 276002 356691 277236 358370 277313 358125 275998 356690 277106 358189 277974 359677 277193 358812 278154 359987 277885 359563 278356 359814 277216 358320 275861 357107 279129 360877 276359 357329 277245 358192 279666 361772 276095 356753 279339 361688 279164 361254 279277 361363 277642 359415 
276115 357192 277874 359114 277303 359013 279972 362581 279524 361336 278286 360378 276938 358141 279392 361525 277043 358284 272526 352579 279541 362019 279520 361456 277685 359671 269191 347962 278672 360479 279839 361755 276180 356843 279413 361449 276301 357377 275833 356907 278788 361175 279526 361475 279867 362627 279567 361630 275526 356394 279067 361575 277182 357686 280320 363220 279574 361386 278598 360940 277037 358166 278684 361341 276907 357978 278553 360634 279323 361858 279081 360647 278684 360704 279677 362395 279269 361715 282051 365561 254299 329076 279883 362601 278893 360671 278516 359898 279524 361475 279914 362626 279734 361712 277331 359211 274054 353943 276633 358163 
281135 363443 279094 360628 280209 361744 278258 358986 279355 361204 280629 362999 282483 365309 276757 357889 279969 362286 279403 362076 282950 366555 280361 362602 279915 361829 279890 362284 279409 360963 278627 359930 272792 352610 281327 364703 278479 360819 277638 358641 278861 360996 278420 360524 278709 360698 278985 360336 278030 359838 277118 358416 278950 360948 280564 362978 252641 326477 279143 360518 277170 359258 277404 358825 280789 363458 281107 364232 280383 362586 277817 359366 276272 356709 281352 364313 279278 361301 279459 361170 280987 363452 278580 360648 273599 354076 280045 362385 280266 362178 280105 362223 280717 363397 278931 360481 278206 359579 277484 358560 
282274 365401 273366 353659 282319 365790 279270 361274 278243 360440 281655 364384 274927 355641 282443 365439 269460 348780 281213 364354 280070 362358 281232 364189 280591 362504 279909 362025 280059 361997 280997 363666 272148 351804 283244 366713 281210 364512 277018 357496 283355 366637 279626 362043 281256 364038 279789 362254 278874 360393 281269 364009 280511 362948 281234 363991 280393 362465 279581 361457 282046 365303 282681 365580 280180 362693 278418 360089 280586 362321 281318 364035 280257 362804 282342 365126 277799 359350 275987 357274 278412 360097 269817 348390 280298 362410 281449 364313 278264 359530 274608 354992 277362 358641 283754 367140 278045 360178 281143 363650 
282811 365946 280999 363301 280939 363230 280923 363247 280397 362488 281282 363876 282795 366037 268997 348228 281111 364038 278815 360709 281469 364180 279766 361581 283283 366899 281089 364120 281153 363797 283139 366066 280893 363459 252371 326213 282212 365338 280851 362896 279921 361810 282896 366135 280565 363085 274982 356014 268160 346366 281757 364366 281424 364058 281341 363870 282782 366071 281087 363969 280485 362483 280635 363314 282667 365489 281548 363967 281972 365069 281302 364260 280588 362752 278956 361187 280673 363280 281705 364023 281236 364640 278968 360440 282522 366137 280533 362208 282021 364981 282336 365366 280788 363538 281699 364273 281114 363929 281259 363789 
281941 364809 283083 366133 283630 367643 281964 364878 283627 366532 283368 366802 280104 361978 284451 367817 283230 366206 282331 365480 284069 367580 278673 360589 282858 366549 283940 366701 254549 329125 281594 363905 282271 364706 278950 360458 281920 364570 280903 363061 281677 364556 282243 365454 286154 371198 283451 366856 281366 363371 282127 365004 281958 364531 283151 366275 279511 361277 282619 365590 281555 363926 279704 361422 281521 364453 282686 365250 279263 360831 283695 367241 282934 365780 282716 365566 282124 364924 277502 358943 281834 365154 282506 365684 279817 361630 280930 363426 282336 365238 282482 365984 281877 364156 282654 366274 281978 364933 283530 367077 
282710 365146 281922 364142 275615 356830 283180 366540 283690 366845 284082 367813 285293 369170 280336 362259 279433 361597 284155 367821 285308 369277 282066 365538 283293 366854 281711 363985 265842 344024 284319 367824 278175 359610 284300 367891 282023 364309 283705 366547 285302 369304 283944 367588 277805 359685 278045 359402 282198 365281 256520 332690 282737 365553 255234 330216 283444 366615 283207 366563 284452 368094 281158 363759 280770 363318 278313 358982 282369 364800 284130 366770 282057 364940 283367 366177 283677 367232 283258 365925 283318 366305 278065 359502 283773 367239 285120 369091 281760 364428 279449 361446 285126 368708 281952 364883 282387 365169 278003 359464 
283723 367368 283198 366168 280399 362388 280396 362253 283743 366403 280427 363231 282656 365434 284890 368594 282225 364915 284267 368537 282066 364116 283408 366448 281378 364298 281760 364412 285580 370361 256514 331501 278011 360179 284586 367714 273342 353338 284347 367651 281891 364433 286303 370437 284224 367755 285118 369235 282542 364962 282638 365596 281948 364545 284430 367870 283165 366738 284849 368989 282674 366203 284246 368221 284163 368127 285942 369654 282965 366220 283360 366249 283942 367302 279717 361744 284246 367746 285018 368676 282604 365120 284229 367886 278596 359907 284944 368961 285834 369927 283971 367147 284843 368863 282771 365397 283926 366762 284659 368391 
284285 367710 285123 368935 287057 371949 284218 367452 282944 366005 282613 365202 284956 368311 286187 371059 281249 363695 284664 368229 277097 358539 283097 365919 284001 366799 278870 361381 281932 364544 284476 368551 284092 367172 272888 352823 284878 368952 284116 367896 285130 369274 285301 369179 284752 368162 285018 369059 285612 369624 283881 367150 283824 366971 288533 374208 284826 368048 284470 367613 285375 369243 256175 331088 284726 368248 282431 365214 283513 367447 283143 365901 284160 367334 286158 370679 285410 369649 285594 369171 284219 367318 257424 332130 284694 368853 285781 369866 282477 365059 285338 368870 285596 369427 280305 362887 285100 368900 285391 369712 
281422 363797 284839 367845 286446 370415 285383 369000 284993 368231 285102 368882 286964 371236 283577 366726 284464 367600 287430 372014 285417 368972 285315 369083 273798 354061 285429 369555 286983 371824 286430 370219 285654 369292 282613 365386 285125 368520 273229 353426 284927 368724 285612 369246 284734 368612 285759 369996 286872 371365 285429 368628 284740 368600 284212 367316 259976 336374 286844 370871 285156 368478 283564 366699 284502 367896 285956 369781 286477 370960 271792 351613 282716 365499 279161 360929 284055 366342 286330 369900 283759 366976 285475 368776 285344 369517 286068 370115 285335 368914 281951 364716 285371 369117 287446 372359 285523 369914 287219 371698 
288404 373499 286835 370922 285661 369161 283844 366975 288371 373937 287068 371365 287146 371436 277591 358564 257873 333213 284713 368285 282185 365169 286518 371173 287411 371953 285198 369340 289020 374189 282407 365754 285761 369885 285777 369563 286706 370895 285741 369772 285615 368957 286527 370961 285618 369291 284806 368181 286021 370174 285416 369374 286546 370579 286700 370828 282918 365432 283972 367383 284181 367085 283738 367301 286980 370978 284692 367903 283599 366620 288146 372926 285063 368505 285949 370123 287126 371524 284899 368804 285873 369621 285321 369298 286592 371471 287842 372866 285022 368420 258305 334130 283663 367176 283895 367514 282976 366006 288127 372814 
286698 371025 287342 371954 283010 365627 288563 373236 284670 368797 289373 374822 285725 369245 285704 369910 286671 371437 284327 367688 285612 369002 288081 373230 287400 372321 287979 373040 281569 364567 273642 353858 286478 370618 285234 369016 285211 368422 286024 369473 288498 373534 287244 371826 287912 372177 287693 372279 288287 373273 286480 370542 286240 369846 285190 368788 287972 372800 285706 369437 286945 371993 288121 372690 285048 368691 287817 372020 288083 372776 284799 367818 287406 371977 287283 372030 287687 371997 288023 372941 285382 369302 285962 370309 279940 361463 287586 372003 287994 373039 286450 370634 289110 374064 290274 375640 286964 371203 260282 336834 
288383 372877 286628 371027 284587 368133 280221 362991 287065 371774 287897 372528 284762 368659 261099 337905 286056 369359 287628 371928 281406 364397 287091 371072 289492 375089 287616 371406 289666 374220 288577 373361 287631 372399 287670 372274 275172 355776 286604 370629 287257 371377 289534 374994 286523 370408 289594 374983 288152 373015 286840 370681 289993 375074 287181 372334 288920 373622 286288 370067 285824 369750 288268 373057 284547 367941 288411 373299 266511 344177 287481 371936 288066 372637 284273 367212 288716 373937 289900 375392 287966 372537 288857 374038 289100 373622 286199 370091 286471 370527 287970 372880 287348 372206 287645 371993 288070 372394 288755 373865 
276371 357967 288931 373617 289245 374154 287304 371932 287996 372073 290293 375761 289563 374782 290769 376772 284890 367948 289020 373967 288545 373595 288442 373110 287898 372619 284871 367851 288874 373836 287993 372756 285583 369769 287281 371462 288092 372700 288748 373128 288531 373938 283905 366717 288127 372619 283384 366445 288151 373514 288074 372306 288532 373484 290631 376416 286866 370745 290895 376904 285648 369771 287515 372573 289348 373967 287556 371434 286783 370867 279658 361468 285862 369184 254557 328883 290147 375961 287875 372239 288459 372718 280764 362669 291099 376897 289274 373891 279993 362386 286473 370426 285746 369629 288820 373716 288719 373170 288910 373649 
291417 377136 291203 376833 288610 373169 290482 376163 287391 371095 290891 376759 290801 376359 289673 374418 275847 356479 285651 369415 289559 374340 289233 374126 290535 375970 289564 374297 288473 373332 290358 375476 289636 374727 287869 372451 287831 372052 289843 374787 290652 376705 288263 372529 289040 373432 289941 374711 287916 372250 287992 372588 289188 374266 289284 373993 290256 375701 292004 378206 287986 372551 290421 376341 290501 375184 287657 371708 288779 373790 289182 374457 288419 373845 289109 373313 289766 374194 290103 375959 285883 370019 290835 376355 290602 375986 289612 374274 289633 375322 287217 371622 288702 373391 285836 369710 290008 375572 275986 356762 
290620 375741 286683 370885 293565 379738 288563 373091 291966 377686 291760 377193 291868 378228 289140 373980 290027 375079 282471 364625 290676 375848 290659 376220 292708 378831 291216 376960 291319 376683 292462 378630 289140 374014 288874 374155 293647 380516 292916 379594 289831 375203 286631 371583 285403 369242 284900 368207 292172 377528 290048 374538 261359 338063 291088 377093 288604 372966 290356 374640 289285 373697 290648 375701 291480 377782 289808 375065 289300 373981 289667 374960 290032 374582 280105 362721 290590 375618 290368 375747 289811 375156 292214 378499 291875 377916 292321 378139 264609 342500 290524 375786 291085 376521 291068 376968 277233 358149 289962 373995 
291712 377043 290148 374749 287093 370979 290438 375594 291192 375788 289581 374654 290510 375790 291607 377474 291981 378010 288133 373435 291994 377896 281871 364583 293621 380117 291996 377777 292868 379219 292897 380116 291402 377085 292116 378139 291820 378155 289593 374269 289188 374953 291924 377762 290404 375444 292419 378632 290894 375750 292293 378453 292576 378879 292047 377797 276825 357706 291456 376923 290482 375679 289343 374555 288395 372271 292971 379001 290240 374975 291779 377678 288370 372331 291902 376964 288866 373262 292259 377590 291368 377357 289198 374073 292300 378461 289574 374697 292476 378163 290726 376257 290354 375377 291420 377117 290529 376037 288059 372390 
290564 375466 292357 378152 289611 374313 292760 378206 289182 374483 290768 376051 293214 379152 288509 373284 293734 380192 290826 376324 293532 379992 291885 377954 293080 380017 279283 361490 292382 378004 292640 378614 293139 379052 291899 377359 290466 376085 264290 341746 290958 376588 291616 377715 276104 356141 291180 376706 292723 378578 291115 376417 291064 376359 291693 376944 289618 374436 292482 378705 293005 379752 289858 374437 293054 379242 286646 370575 288915 373822 291006 376088 291650 377145 280041 362227 292984 378728 292469 378990 287305 371965 290492 375522 289507 374884 292114 378288 291965 377289 293183 379525 288791 373154 293561 379823 291801 378236 290304 375094 
293024 379643 289889 374671 290067 375265 291605 377900 291573 376794 278196 360813 294224 380994 293419 379422 294190 380589 290713 376442 292862 379270 290353 375603 291737 377617 292315 378630 294079 380832 292389 378319 292316 378700 291576 377210 285077 368332 293636 380280 293737 379860 285282 368976 290283 376099 292510 378323 291980 377504 292778 378854 293177 379075 290838 376041 291690 376628 290306 375541 294820 381395 289855 375294 294137 380454 277226 358696 278773 360733 293853 380300 287461 371270 295822 382789 292927 378497 285005 368283 294462 380790 292845 379032 292725 378563 292864 378702 293916 379813 288318 372842 292029 377735 288769 373353 293832 380316 293181 379834 
295669 383464 292725 378320 294050 380406 292902 378286 294523 380753 291551 376404 293687 380079 290731 375874 292351 378124 292750 378749 293056 378941 290083 375505 291688 377128 293085 379229 293948 380523 293492 379546 293714 379868 295677 382894 293824 379490 291890 377253 287359 371632 293461 379248 294067 381154 292262 378157 292715 379306 291744 377542 292384 378401 292542 377926 283741 367076 293234 379679 292703 378463 264141 341400 285762 369811 291786 376858 294403 380449 289566 374941 292924 378956 293234 378381 292817 378224 294402 381068 294465 380990 293163 378907 288404 372888 290446 375244 295267 381554 280968 363715 293919 380352 294877 381783 294028 380422 292687 378753 
292273 377460 294865 381437 294374 380734 296052 382898 295171 381888 294511 381322 294360 381015 290498 375704 295235 382186 294029 380587 293925 379859 294615 380985 291402 376714 296020 383327 293023 378898 293024 378817 294279 380464 295686 382418 293546 379777 295028 381853 295412 382598 294793 381008 293349 379493 294254 380779 292602 378659 293627 379538 292718 378866 294913 381728 296764 384409 292866 378881 294662 380986 294783 381805 288760 373566 290395 375627 289903 375078 294138 380541 294667 381314 293368 379289 293977 380577 296023 382484 296126 383412 295237 382222 295113 382023 292048 378063 294417 381548 296449 383377 293684 380218 291895 377248 295963 383656 293586 379615 
294765 380818 292940 378033 292519 377894 291973 377735 295830 382460 295809 382224 295660 382932 282541 365117 297650 385159 294490 380771 295661 382932 297015 384843 295047 381473 295461 382236 296738 384479 296389 383351 266869 344898 294690 380753 289203 373870 297826 385956 297433 385122 268831 347708 267710 346644 296794 383961 281233 363540 296510 383903 293424 379409 294633 381013 294679 381148 293156 379410 295227 381804 291937 377218 296857 384212 294645 381376 297106 384389 294663 381086 290243 375956 294476 380697 287986 372519 293030 378898 294078 380243 276591 357837 296674 383283 295145 381891 294299 380261 291557 376840 295300 382504 294553 381135 295665 382039 294911 381724 
295715 382678 297073 384202 294601 380661 297208 385037 298213 386144 293573 380198 297483 385052 294063 381841 292108 377635 296182 382801 297038 384276 296478 383592 298274 386332 295396 381177 298951 386718 294412 380312 294116 379717 295478 382743 294922 381353 294399 381186 265840 344160 298121 386031 296230 383817 291451 376452 295510 381759 295804 381998 295294 382526 294204 380508 280629 362484 297055 384324 289715 373823 292822 378695 292707 378375 295757 382340 296373 383397 292331 378350 298249 386178 296219 382219 281973 364678 297851 385742 297396 384876 295556 382031 296288 384071 296625 383687 296091 382986 296396 383412 281521 363663 296098 383281 295211 381683 295379 381744 
295643 382008 295017 381878 296716 383533 295064 380986 298153 386424 296439 383224 297071 384119 296369 383753 298425 385859 295937 382770 295243 382129 295980 382998 298518 386983 297651 385414 297330 384512 296422 383492 295936 382061 298160 385950 297836 385452 296567 384091 295836 382388 291266 376740 297017 384512 293620 379513 294129 380006 296694 384165 296816 384383 294330 380208 294449 380048 293620 380495 293665 380039 291660 377734 294863 381593 297676 385380 284061 367176 295181 381603 297598 385659 294902 381604 297152 384882 294235 379993 281344 364329 296301 382400 296511 383838 298232 385386 268561 347242 297406 384734 297347 384935 298640 386564 297250 384417 295624 382247 
298960 387125 297180 384148 295693 382845 295675 382814 297564 384808 298013 385258 296285 383335 297857 385970 296936 383992 295747 382526 298466 385966 296461 384094 299795 388701 296308 382707 296970 384033 299058 387251 297731 385298 298223 386464 298087 385490 298247 386199 298003 386130 297997 385422 297810 384545 297993 385265 297847 384733 296307 383269 296632 383458 295295 382282 295747 382143 299090 387411 297159 384407 297701 385021 296901 383806 295905 382562 297780 385618 285832 369260 297740 385164 284669 368028 298730 386518 297265 384421 299215 387100 297779 385013 295324 382672 296020 382967 297881 385386 298371 386486 297525 385515 292961 379382 298457 386184 299782 387477 
298620 387034 298650 386449 297876 385781 286549 370680 297953 385166 298057 385401 299303 387773 297835 385284 300214 388761 300456 389262 298296 385687 296230 383672 299757 388271 298611 386085 299833 388561 297101 383997 297516 384449 290718 376352 298774 386859 299577 387352 293755 380439 297440 384730 285994 370179 298731 386178 298830 386263 298036 385428 286560 370997 271101 350599 298941 386009 299048 387344 299269 387753 298290 385957 297890 385182 301623 391175 298836 387126 297130 383826 298016 385661 298183 385854 296150 383589 297973 385321 296596 383789 292407 378284 294220 380993 299947 388335 270509 350176 299825 388048 298818 387033 299309 387422 296161 383194 300409 388923 
298446 385433 296579 383805 301467 390720 297331 384369 294352 380918 300071 388123 300066 388508 299818 387947 299842 387465 300730 389393 300645 389403 298135 386147 298863 386389 298034 385780 300806 389469 296669 383260 298927 386904 302174 391192 297563 384417 297707 385190 299784 387993 300673 389312 295158 381563 299851 387566 297830 384984 298055 385468 300821 389194 299240 386651 300429 389295 300410 388564 294435 381610 298976 386594 302015 391439 297332 384494 300324 388608 301838 390236 296266 381965 301564 390614 297185 383537 298111 385884 300531 388321 297125 384264 299026 386453 301907 391405 297036 384666 299680 387615 299661 387926 300257 388379 298286 385149 266831 344963 
301164 389555 300431 388604 301400 389982 300079 388017 300141 388235 294993 381120 300263 388180 293860 379493 269283 347503 298395 385885 300648 389295 299276 387025 292514 377977 298714 386340 297953 385591 301061 389896 300394 388506 300091 388045 299303 387012 286453 370979 301880 391154 301790 390319 295031 381782 297774 385111 294407 380551 296299 383294 299430 386801 299411 387654 300051 387813 302725 392049 301293 389990 299801 387981 300040 387860 300572 388428 300006 387525 300385 388281 300781 389665 297408 384468 299374 387312 298427 385715 299546 387131 299801 388512 299187 387289 299871 387455 299273 386592 300191 388661 300402 388951 287193 371587 301445 389670 298356 386091 
301526 389901 301870 390393 298731 386379 296227 382583 300701 388831 299873 387699 297065 384732 303035 392442 300815 389404 301479 390069 300324 388567 300751 388635 283859 367151 297108 384576 302591 391919 301587 390004 273924 354671 302759 392055 298443 386641 300540 388383 300819 388707 301409 389535 300038 387500 293864 379643 300759 389332 302299 391159 299333 386119 299805 387410 298686 386020 300562 389113 304180 393873 296372 383479 301338 389716 300447 388962 301301 389403 301514 390071 300814 388662 300971 389099 299634 387266 299883 388259 299006 387059 301881 390330 301246 390140 302018 390766 294449 380587 297745 385016 302082 390519 300001 388570 302262 391136 302650 392176 
299462 387617 302638 391763 304095 393857 304577 394906 301519 390244 298708 386114 301118 389268 301407 389882 300827 389094 301413 390091 303125 392197 296167 383422 303568 392171 303245 392320 300295 388240 302872 391553 303382 392596 301492 389462 303082 392397 302098 390116 300664 388773 304086 393702 302230 390785 301673 390666 301581 389148 301179 389173 299723 387047 301519 389987 300607 388904 299422 386541 301666 389988 301810 390096 302914 392078 303168 392936 300250 388479 301814 390248 301688 390091 298932 386928 299491 388197 298439 385733 303925 393277 302696 391247 303329 392905 302723 391911 300955 389132 302197 390441 300807 389145 302085 391132 303529 392243 303675 393081 
302343 390355 304442 394272 299324 386700 303270 392553 301157 389027 302960 391636 297238 384378 302664 391562 301813 390516 295496 382161 300822 389003 301691 390821 290469 375936 302235 390733 298596 386267 299872 387782 301727 389752 301042 388908 300460 388321 302170 390515 301624 390054 304347 393251 305028 394898 304822 394769 289661 374204 303912 393309 303477 393130 302986 392565 301811 390046 300341 387972 303343 392063 289944 374863 303831 392662 302889 391416 301177 389313 303013 391806 303711 393293 296603 383490 301843 390149 296055 383412 304355 393472 303258 392188 301903 390268 305812 395848 303833 393312 304349 394375 301327 389667 303005 392134 303694 393077 302022 391421 
304198 393438 306070 396192 300580 389163 305877 396486 302823 391747 304949 395007 304598 393929 304885 394578 303844 393348 302579 391085 301410 389441 304291 394195 303181 392113 302798 392111 304042 393472 304728 394365 304520 394259 300255 388982 303360 392281 303012 391746 303868 392974 290478 376110 290774 376935 305351 394716 302434 390593 303035 391775 304431 393647 303022 392297 304128 393352 301530 390245 305185 395299 304128 393515 302836 391547 303280 392664 299217 386932 302058 390881 298546 385494 297013 384512 304659 394482 303663 392935 306830 397349 301723 389775 302529 391184 302974 391632 300856 389296 305987 395691 303672 393599 275879 356911 303904 393768 303126 391713 
305614 394685 305627 395631 304815 394622 299176 386475 302252 391898 304730 394436 299585 386386 304146 393254 300731 389564 304620 393745 303409 391966 305338 394716 301409 389821 305296 395126 289298 374260 303294 392320 305896 395590 297142 383546 301178 389583 303717 392784 301347 389565 303181 392030 304545 394110 304247 393815 304696 394350 304202 393209 305841 395671 303672 392683 304410 394010 298421 386184 289298 374003 302745 391684 304427 393876 302987 391947 295258 382393 304665 394151 305968 395779 305575 394992 304646 394286 304517 394165 304648 394171 300604 388324 303638 392835 307448 398039 305710 395578 306006 395191 305969 395337 297746 384998 303954 393197 304129 393948 
305155 394165 305850 395997 305338 394849 302328 390956 306286 395760 304385 393812 300574 388076 303975 392904 307748 397686 302156 390482 305843 395073 304861 393980 305195 394937 302470 390303 301768 390946 304511 394405 302964 391562 306991 396566 305889 395259 304827 394448 305318 395226 305827 395353 299664 387341 291961 378081 304734 394790 306274 396275 301888 390208 305062 394600 304817 393899 304002 393663 298107 385762 296853 384124 274643 355299 304276 393420 304544 393740 303999 393641 305105 394673 301098 389203 303319 392059 304807 394503 304800 394559 305248 394348 306671 396501 302144 391494 306969 397342 306868 397782 302392 391641 304856 394267 304012 393075 304501 393709 
306683 396742 308597 399079 300397 388437 300228 388177 304346 393621 301084 389628 306770 396963 305887 395643 306412 397078 300468 387728 305128 394517 307731 398301 276159 356786 307000 397062 306427 397025 306651 396545 304089 393705 308021 398589 303339 392297 275919 356720 304367 393102 304344 393383 305400 395251 304668 393419 297724 384807 306492 396560 306696 396706 306679 397118 306389 395604 308512 399142 307571 398445 305573 395330 306079 395739 305425 395143 305193 394634 307637 398267 306972 396848 302472 390515 302932 391745 305160 395475 303569 392745 300176 387935 305459 395516 306556 396535 305268 395061 305336 395008 305865 395848 306262 396166 306648 396482 305628 394938 
305520 395201 305139 394714 306899 396912 304672 394268 300815 388740 304295 393638 308074 398667 307769 398745 306734 396251 307055 396452 306447 396513 309151 400018 304532 393358 305606 394847 276875 358297 306657 396685 300640 388699 306249 396473 299398 387108 308820 399142 305749 395563 307532 398420 302093 390851 304097 393546 308085 398356 308230 399391 304903 394894 297988 385600 307315 397525 307915 398606 302557 392353 307036 396608 304861 394834 307947 398769 299497 387079 304990 393829 307256 397800 305874 395482 306919 396873 306390 396170 304868 394384 308978 400007 306015 395872 305544 394727 308024 398833 307513 397710 308445 399597 308536 399146 307620 398555 304487 393979 
309811 401144 304821 394529 305852 395339 307844 398228 307711 398687 301796 390529 306552 396775 300959 389711 304894 394838 308407 398872 308929 399726 307860 398283 308432 399996 309202 399522 307695 398618 305069 394613 308358 399109 309004 399527 306956 396799 305368 394300 305358 394713 307852 398724 294289 381165 305700 395457 306797 397171 307333 397303 306448 396543 307588 398156 309162 400060 306152 396160 308719 399408 308631 399121 294460 381171 308135 398054 306177 395950 308899 400197 305084 394937 309147 400603 302139 390474 308412 398670 306566 396255 279454 361802 308329 398381 307753 397986 308975 399569 309143 399770 307837 397213 308038 398896 305796 395390 306782 397029 
307696 397643 303771 393030 306216 395528 309082 399562 310229 401739 310367 401854 307444 398084 308400 398321 309610 400568 311668 403425 307971 397692 309180 399886 303985 392656 308288 399235 309082 399640 310615 401797 308539 399208 292883 378099 306909 397241 305886 395834 307909 398259 307377 397481 309409 400705 307585 397988 308350 399104 308082 398823 306920 396379 310725 402301 302215 392040 303742 392714 307226 397516 306998 397037 308911 399841 308827 398700 307513 398349 309616 400985 306793 396528 309907 400938 309564 400227 309917 400618 309723 400917 308306 398841 308226 398727 308719 399492 308174 398115 297702 384309 310714 402468 309988 400690 308849 399685 307800 397829 
303982 393794 308955 399329 308248 398804 307967 398501 310715 401844 308456 398746 310456 401723 309408 399834 307792 397357 307327 397348 308501 399409 309517 400565 299745 387240 307895 398348 310092 401110 309805 400293 310416 401446 311496 403478 309376 399268 308709 398922 308045 398185 309059 399348 310044 401516 307116 397486 311351 403420 309835 400929 309571 400932 309741 400701 309357 399734 310439 402009 305419 394784 307796 397566 309179 400060 310768 402022 311675 403860 291672 377348 309337 400285 295007 382132 309247 400326 309715 400590 310146 401271 308835 400046 310041 400902 309004 399747 308989 399285 306830 397057 311090 402421 309086 399948 310675 401725 307225 397797 
304912 394025 310032 400891 310379 401633 308214 398430 309411 400506 312371 404443 310796 402283 307819 397966 281134 363202 305116 394697 311227 403169 310803 401531 293895 379848 301893 390403 310069 400508 310335 401592 309722 399966 311905 403778 309850 400542 310363 401618 311058 402423 311414 403116 310298 401643 311389 403355 309407 399672 309850 400663 308946 399318 310992 402197 309074 399637 296600 384024 306960 396670 300764 388875 310708 401549 311172 402010 307965 398068 311100 403166 312737 405120 308994 398781 309123 399825 309814 400834 310209 400989 306568 396324 310433 401037 310747 402423 309172 399692 305784 395516 309523 400033 310139 401868 311345 403039 308768 400003 
303428 391647 278193 359553 310759 402277 308921 399669 312748 405041 311990 404073 309759 401238 309228 400197 312780 404374 312534 404551 305459 394910 311716 403036 311480 402597 307913 398745 309191 399787 311622 403212 312261 403636 310419 401634 310858 402468 313036 404876 304081 393220 312233 403932 308424 398745 311119 402972 311990 402874 308869 399259 312229 403549 310627 401678 304488 394049 311137 402536 308150 398764 310811 402473 303352 392149 311474 403341 310805 402008 281077 362935 307228 396974 310687 401614 308913 399705 305019 394221 296932 384152 305472 395417 310090 400981 311058 402824 312870 405100 307366 397914 311759 403363 310439 401539 304924 394305 307557 397702 
310549 401952 313879 406342 310418 401204 312351 403747 311154 402049 310081 400830 311345 402505 313792 405977 310575 401587 311574 403204 314324 406925 314185 407141 312307 404051 311273 402734 313034 404404 280915 362910 311422 402944 311529 403214 307303 397764 306455 396199 312615 405077 297682 385165 313554 405992 308425 398596 307973 398309 311772 402878 312768 404443 311077 402282 310312 401175 311350 402488 314991 407801 308338 398392 309608 400430 309938 400792 311578 403000 296001 382601 309859 400957 311180 402024 312415 403717 310895 402005 311714 403249 311883 403371 311402 403070 310707 400889 312239 404412 312436 404442 314289 406651 313530 405298 311046 401141 308738 398923 
314642 406913 314018 406403 311656 402801 309372 400065 312227 403612 307380 397282 310151 401490 313772 406435 311476 403597 309126 399104 310462 401400 311042 402488 311431 402903 311527 402419 312767 404501 310773 401426 312347 404359 313836 406064 314020 407090 314429 406502 312151 403984 313402 405522 313204 404815 313153 405057 312872 404726 308674 399066 311421 402301 313752 405797 313303 405680 307250 396339 313388 405374 311020 401411 310770 402195 311172 402650 312851 405021 313436 405279 314143 407155 311896 403337 312022 403600 309897 401122 314025 406277 311828 403048 311363 402063 311986 403891 311306 402667 313995 405861 313731 406406 312821 405205 308436 398538 310952 401626 
314028 406279 313034 404372 314263 406404 299732 387872 309749 400479 309488 399963 310457 401447 313826 405856 282544 365058 311481 401729 313289 405779 313253 405765 282581 365071 308489 398701 310093 400617 315429 408125 310993 402047 315260 408063 314956 407349 312283 403732 311160 402492 305746 395215 310126 400413 308111 398585 308355 399123 307303 397523 311765 402851 312956 404942 313240 405205 312797 405010 313401 405830 315798 408626 308285 399410 311077 401609 312844 404680 310797 401495 313030 404740 314013 406190 315109 408113 314668 407233 312742 404513 310893 402858 313498 404460 311525 402684 305692 395694 315009 408201 313557 405615 313461 405225 309732 401024 314573 407150 
312270 403629 314096 406213 312190 403443 313698 405303 314330 406245 313856 406241 306629 396802 315086 407678 313868 405876 317196 411108 316149 409274 314674 407574 314139 406609 314532 406274 314586 406937 313362 404548 283166 366069 312227 403316 304398 392483 315564 408488 314482 407128 312991 404715 313357 404911 313457 405899 314280 405999 315588 408696 308537 399137 285152 368792 300657 389165 313014 404686 313756 405720 310423 401403 314468 406561 315101 407435 316158 409451 315096 407394 311635 403129 308396 398809 312085 402867 315994 409246 314423 406462 316414 409162 313678 405946 310927 401591 314908 407502 314972 407537 313188 404942 313582 406171 314143 406299 312782 404652 
315737 408557 315262 407504 312592 404259 313361 404383 315072 407566 312087 403407 314361 406330 315886 407401 314450 406572 315092 407746 314768 406597 313177 405271 315369 408488 314018 406128 310568 402056 312182 403352 314595 407109 313660 405286 313457 405431 314697 407436 316162 409568 314350 406014 314445 407224 315380 407516 316025 408704 313606 405038 316143 408881 316167 408818 317228 410957 312332 403854 310476 401651 313889 406240 314919 408470 315267 407642 304432 393586 315163 407745 307593 397976 314993 407765 311838 403305 313236 404961 315495 408348 316841 410005 315523 407469 313223 404820 314660 406668 317247 411788 314137 406108 316169 409340 315346 407986 315247 408250 
311281 402293 314556 406899 310381 401647 310822 401537 316488 409317 314739 406549 316506 408833 316429 409404 315246 407582 314799 406950 316751 410338 315733 408144 316003 408635 314297 406227 315625 408604 315002 407030 314704 406753 311402 402925 314510 407123 314519 406961 315162 407618 316690 409862 316077 409162 318831 412796 315824 408977 313520 405490 315916 408028 315287 408036 314832 407175 313840 405775 315372 408493 317320 410611 316675 409497 315503 408138 316808 409217 314491 406103 311904 402911 313192 405079 318086 411830 315166 408045 313784 405296 318125 411974 309443 400270 317720 411392 309637 400559 318256 411911 311981 403987 314131 406388 317135 409617 316525 409000 
314546 406679 316010 408775 318595 412702 315534 407833 317636 411988 313209 404797 317142 410458 309597 400070 315868 408513 314418 406212 314523 406560 313782 405752 318513 412082 314685 406728 317050 410126 315858 408687 315993 408190 316522 409408 318557 412140 316308 408832 318556 411871 316569 409435 317562 410591 319144 412612 316801 409575 312204 404285 316704 409841 313897 404920 312387 403644 316981 410249 316435 409655 317638 410924 317559 410943 315528 408219 318500 412105 313334 405265 318661 412596 316311 409577 312645 403918 317857 411556 317549 411043 318152 412047 312432 403496 316793 409688 314712 407134 302663 391556 313854 405755 316668 409801 314868 407767 317459 410363 
318390 411709 316711 409814 319328 412961 317123 410842 318209 411427 317875 411576 315982 408577 317584 410739 319099 413323 316075 408725 315853 408352 315973 408805 318992 413030 318131 411608 314312 406297 316909 409917 316660 409850 314398 407150 316871 409456 316430 408377 312688 404140 317407 410596 318388 412329 318688 412050 312807 404429 318867 412757 317800 411720 315372 407971 316245 408826 317846 410603 320124 415170 319505 413712 315526 408168 316781 409716 316714 409387 311850 403732 318988 412721 314801 407064 319741 413713 316561 409459 319120 413384 316691 409943 317963 411937 313407 405318 319930 413717 311770 403410 317330 410663 317931 411949 316299 409798 313532 405357 
315986 408905 303527 392527 315897 408447 318062 411744 319497 413503 319202 412504 320105 414153 319781 413567 318582 412773 312528 404393 319774 413597 319743 413318 317963 411690 313552 405404 317105 409963 320830 415430 317796 410823 317905 411214 318745 412641 317732 410794 317402 410278 318054 411523 317741 411780 316710 409966 314902 407345 319515 414190 320983 415970 315293 407376 318308 411582 316591 408792 312612 404541 320125 414530 317487 411077 319127 412743 314596 406953 317846 411316 313132 404535 319590 413807 318120 411028 319181 412564 318789 412335 319171 412865 318072 411853 319027 412377 317147 409729 316143 408832 319774 413651 318414 412165 317819 411298 314170 405616 
318406 412267 319779 414092 280119 361957 319034 412903 320801 415390 317714 411039 316494 409327 320238 414120 319010 412453 318908 412584 319137 412856 320069 413926 316722 409333 304403 393241 319251 413024 319282 413234 320516 414313 319810 413555 322377 417260 318533 412145 312668 404576 320379 414861 317397 410206 315925 408551 320120 414542 320815 415853 318730 412311 318861 412598 320567 414698 317701 410460 318859 411858 321346 416080 320964 415591 319683 413885 318792 412689 314986 407082 321130 415770 318093 411544 318041 411564 318078 411355 321065 415198 319864 413797 318577 411942 317365 410622 321140 415840 310826 401396 319039 413256 320449 415221 319911 413493 319171 412808 
318370 411538 319501 413303 306467 396472 319862 413714 319370 412874 318122 411264 314026 406651 319421 413567 320366 414776 320837 415381 321668 415497 318229 410966 319117 412839 320000 414044 319166 412992 319497 413550 290196 375210 319776 413355 319548 412842 320195 414018 288056 371776 320806 415005 318931 411959 319548 413428 320308 414707 316559 408762 319274 412678 320647 414714 320343 414368 320759 414429 321418 416316 315331 408229 316584 409700 319293 413270 320210 414216 321631 415888 320580 414718 320599 415397 321757 416620 319444 413237 319993 413561 319225 413306 318796 412532 316043 408668 320407 414580 319305 412831 319058 412281 314993 407774 320095 413720 318311 410866 
320897 415251 319145 413240 289748 374032 318545 411290 305815 395471 321352 415627 318537 412197 321853 416404 315045 407364 320333 414413 318562 412062 304712 393812 321626 416777 315717 407787 321571 416086 318751 412504 320551 415820 318870 412819 320423 414916 320849 414192 319666 412761 320031 412868 318424 412000 321083 415321 319434 412748 321894 416712 321593 416676 319998 412792 319006 412342 321363 416498 320034 413982 322207 417177 320767 414994 314656 407194 318924 412752 291706 377488 318340 412124 319226 413318 318572 411943 314357 406482 318851 412129 318053 411337 318873 412561 322166 417322 317955 411364 316799 409237 289757 374815 322971 417966 320422 414711 321859 417056 
317796 410587 322401 417123 321459 415412 321789 416584 291826 377524 324056 419680 324202 419231 323505 419136 319305 413066 323181 418692 318192 411921 321911 417242 315587 408226 321775 415968 321944 416583 318380 411329 320923 415714 317648 410391 309891 400388 316166 409718 321524 416103 323576 418995 319243 412694 319220 413295 320762 415060 320866 414982 319289 412381 318253 410956 322761 417570 322185 416225 324093 420308 321414 415972 321593 416208 318187 411387 322680 417814 322989 417879 318795 412231 319599 414084 321865 416828 319594 413376 321270 415896 320649 414965 321555 416890 323518 418159 321307 416112 322376 416835 291434 376799 322688 417745 321557 416048 321363 416039 
321929 416470 322414 417319 322464 417196 323303 418455 292998 378973 319739 413457 323747 419527 322729 417670 320409 414216 322512 416799 321406 415628 321028 414804 320788 414363 323715 418973 304653 393669 323087 417925 319563 412053 321886 416511 320975 415858 320482 414378 322787 416618 321880 416903 318630 411668 324393 420514 323347 417698 322247 417173 316539 409515 323518 418757 325237 421571 322919 417930 321940 416320 322657 417725 323954 419038 320551 415164 322300 417133 321585 416193 319511 413231 324360 420082 319008 412520 313318 404770 318254 412196 324481 419905 322713 417760 322888 418254 318123 412037 315286 408719 322408 417386 317732 412145 318300 412373 323775 418802 
323140 417828 308091 398043 320414 413546 322404 417246 320194 414386 324219 419873 316540 409618 322897 417820 323453 418758 320340 414009 322917 417449 322944 417924 320561 414569 324909 421062 318645 412137 317216 409710 323388 418359 321658 416358 313662 405960 320798 415135 324515 420033 322707 418114 325113 420985 324155 419315 323111 417593 318207 411466 323291 418869 320384 414759 321775 416237 322301 417176 325961 422827 320006 413576 325864 422084 323137 417690 321753 415560 326531 422881 323210 417576 321486 415944 318177 411653 321310 416346 322837 417527 322028 415573 321130 414976 323426 418427 323328 418593 320382 414350 303960 393194 322938 417102 324633 420517 321735 415434 
324514 420477 315711 407886 321595 415970 326007 422155 323410 419207 318345 411545 325701 421454 323120 417767 324057 418615 317040 409994 319012 413389 323725 419299 323911 418554 319990 414037 324279 420519 321805 415901 323864 419432 311001 402612 322954 417725 323748 418809 321690 416695 322357 417095 319791 413841 321776 415471 323424 419267 325011 420390 322930 417847 326084 422275 323783 419112 322918 417895 321812 416495 321282 415142 325073 420586 325009 420977 324399 420156 320983 415397 325185 420721 325484 421150 323201 418335 324642 420049 322439 417115 324051 418430 324258 418697 322381 416742 323977 419194 325014 420124 323614 418900 323729 419314 325924 422398 324919 421348 
325480 421103 323875 419139 324791 419971 323340 417322 325489 421816 320250 414083 326589 422744 323459 418936 325543 420829 324641 419838 326870 423143 323119 417765 323136 418587 322854 417393 323135 418092 321813 416149 325350 421305 325818 422071 324014 418956 325776 421378 325081 420674 323977 419540 321330 415989 324841 419851 326009 421678 324808 420430 324358 419624 326931 422623 325010 420457 324320 418542 324098 419320 325806 421930 323283 418227 323525 418385 326070 421385 325898 421730 322088 417063 325486 421467 314623 407178 321797 416103 325605 421066 324881 420974 324409 420120 324930 420206 323581 418340 323004 417510 310845 402137 321187 414940 323999 418793 322254 417262 
322362 417047 317368 410661 326417 421942 325824 421484 324791 420267 324781 419790 325098 421551 325196 420754 325556 421336 326039 421480 324629 419485 327153 423220 327419 423963 325513 420952 328001 424516 323963 418737 326242 421976 327752 424683 323674 418498 324046 418883 326808 422783 325349 421090 324908 419725 318382 412121 327803 424530 324372 419485 326746 422325 308792 399392 324922 420139 324153 419302 325442 421450 328768 425492 320773 414842 321221 415562 323545 418940 326861 423453 326525 422666 325881 421450 325909 421494 324601 419724 326336 422005 327296 423574 325839 421430 325797 421887 323938 418906 325668 421441 324457 419248 325160 420905 326820 423189 326958 423466 
310378 401601 312984 404711 324132 418599 324554 419590 329379 426997 327259 424167 312055 404025 328906 425664 326427 422406 326696 422883 324499 419209 325972 420928 326328 422048 323422 417337 327166 423205 327270 423011 327779 423849 309146 400352 324455 420327 326882 422946 328540 425029 323544 418440 326839 423274 326628 422893 326008 421690 327497 423676 325439 421736 326507 422535 323820 419269 327191 423407 326374 422710 327168 422973 325667 421498 324982 419941 325531 421136 326826 422960 327167 423103 326177 422119 322136 416058 325730 421414 326820 422889 324884 419731 325200 420428 326057 422202 326269 422407 327781 424199 326591 422441 325964 422045 321459 415433 324579 418911 
320363 414764 327225 423778 326805 422712 328556 424688 328581 425743 326994 423229 325820 421459 326436 422569 323163 418220 325630 421114 325356 421020 328412 424914 322808 417644 326316 422021 326659 422186 326274 421850 324101 419576 325639 421086 326506 422878 328803 425358 326609 422725 329852 426490 325309 420848 327933 424560 326433 421899 312048 403774 328588 425057 329590 426709 327133 422859 327312 422743 327702 424037 327131 423166 327532 424583 328708 424781 327764 423746 324224 419095 325734 421557 322842 416850 326646 422297 326093 421715 327707 424252 326681 422672 327030 422908 328366 424430 324913 420518 326042 421871 327752 424489 327014 423411 326667 423373 325900 422349 
327722 423959 330296 427817 327949 424402 328631 425271 331052 429580 326914 422867 327881 424063 326807 422999 325371 420957 321412 415071 327661 424018 326558 422645 319050 412236 328490 425078 329424 426520 328302 424807 327806 424166 318074 411196 328665 425055 329120 425434 324454 419313 320023 413539 329394 426265 328148 424377 326518 422040 329583 426225 328857 426204 329440 426279 326537 421950 329394 425594 329195 425757 297108 384715 326483 422117 322733 417107 328082 424262 325679 421213 329785 427570 329566 426193 326809 422612 324957 420669 327652 424267 325852 421931 327721 424505 328104 423734 326418 422478 327544 423408 329179 425911 324331 420051 327402 423472 326926 422616 
330835 428502 331174 428378 330471 427891 324992 420444 326011 421333 322028 416385 330675 427570 298298 385481 315606 408435 330896 428507 328521 424764 331798 430151 327266 423548 328649 424687 329116 426274 325195 420215 332057 430001 329494 426356 329155 426178 329577 425911 329987 426802 329068 426004 329839 427295 328369 424286 331267 428106 329832 426110 329122 426183 330690 428356 328326 425233 330542 427050 327917 424317 326763 421783 328197 424766 327655 423406 322188 417195 329219 425650 329680 426733 327406 423959 327010 422982 331204 429083 328957 425290 326818 422846 330476 427669 329307 425945 325302 420651 330521 428057 328896 425603 327489 423567 331871 430129 328440 425048 
331465 428820 329946 426820 324090 419491 330616 427552 328826 425803 330285 426760 330690 427304 326731 422654 331691 429511 329703 426490 327264 423154 329886 426776 327496 423077 331299 428458 326919 422739 330593 427712 330225 427739 327648 422969 327440 423403 325356 420415 328559 425130 325114 420716 330597 428038 321459 416107 327378 422897 321108 414934 332482 430153 298407 386176 326810 423034 327115 423407 327615 423771 328562 424744 330473 427707 328286 424382 326811 421989 327294 423578 330320 426951 330993 427968 330056 427364 330656 428339 331593 428812 322824 417242 328601 424610 330759 428698 330961 428560 331574 428945 314597 407477 326162 421305 329270 424919 328183 424822 
326836 422494 329110 426407 331722 429065 331163 428388 328407 424858 324688 419893 329364 425692 328994 425776 329532 425818 330397 427290 333613 431774 327713 423657 332088 429498 328422 424488 329860 426584 329245 425621 326410 421740 331353 429136 328476 424230 331694 428703 328090 424374 331047 428333 328228 424689 329110 425141 330707 428368 325010 420852 330618 427826 328507 425081 332492 430217 332661 431553 322384 416241 324609 420412 328635 425339 329031 425374 328747 424978 329408 426226 327269 423136 329651 426312 297633 384591 333329 431347 329760 427186 329886 426706 329787 427257 331377 428979 321544 415995 328011 424461 331933 429081 329069 425220 332688 430695 330650 427115 
324170 419545 333290 431165 329654 425978 332072 429584 332647 430847 331003 427709 331610 428692 331770 428685 331494 428431 331490 429362 325255 420465 331724 429314 328945 425238 331300 428920 329161 424881 330305 427539 323125 417414 329391 426107 332587 430363 329988 426438 331153 428500 330203 427167 332813 431428 330249 426527 330736 428147 331787 429259 331296 428507 331945 429580 332582 430385 332024 429621 329365 426389 328258 424318 331902 429243 325116 419674 325333 420767 330157 427507 329228 426079 331743 429249 330715 427525 332059 429980 331562 429002 330235 426752 328323 424075 332083 429766 330584 427174 330741 427806 328659 425220 328268 424556 330083 426042 327883 424017 
332903 430095 332493 430509 330409 427883 331825 429509 331134 427881 330547 427252 327369 423647 334109 432718 332400 430175 329878 426574 331717 429654 332635 430573 334782 433148 331791 428773 333443 431243 332329 429478 330022 427278 333550 431439 332802 431493 329881 427097 333084 430254 332979 431162 324838 420276 333729 432334 331299 427811 323856 418471 333835 431430 331071 427848 333382 431156 333690 432051 331024 428082 330555 427188 328822 425048 329614 427111 331427 428972 327921 423350 332477 429786 330566 427488 330519 427809 327211 422591 331532 428627 334872 433324 322487 416530 331609 428814 329928 426187 330911 428112 329987 427047 328584 425511 330447 427887 333239 431471 
331949 429319 332909 430194 334310 433424 327161 423952 335077 433661 334204 432490 333396 431065 334411 433016 334741 433234 332721 430741 331170 427410 332038 429335 333204 431003 301756 389991 332542 430347 330551 427565 333231 431258 331711 428626 332249 430196 333827 432125 331204 428632 330506 427348 332875 430772 327261 422266 329939 426152 331848 428704 334602 433588 333869 432070 329540 426213 329051 424952 331457 428776 333591 431727 332265 429732 334616 433832 331928 429574 333615 431151 330388 427366 334244 433265 334199 432246 328719 424766 335332 434004 330743 428383 330856 428187 331821 428831 291655 377143 333249 431129 333077 431004 330184 426896 333093 430279 331499 428759 
333066 430448 334061 432025 326721 422814 333334 431345 334643 432982 328345 424987 335692 434775 334239 432961 325392 420634 334246 432591 335619 434553 333712 431673 335428 434128 331840 429397 331574 429077 333197 431010 334048 432067 332744 430096 335306 434676 333981 432589 334503 433522 333920 432101 336116 435076 334398 432593 335797 434780 333166 430584 336215 434750 337031 436455 331703 428719 331632 429477 332879 431201 334987 433524 335425 434337 335580 434209 330612 428093 327165 423471 317167 409952 334516 432949 331506 429432 332105 429688 333145 431205 329788 427069 332924 430538 334148 432305 335802 435171 331775 428909 333931 431849 335722 434824 336470 435704 332920 430356 
328821 425210 332151 429973 332223 429426 335519 434055 335273 433543 334537 433140 335069 432710 335403 434285 335057 433832 335169 434350 333880 431059 336905 436206 335046 433288 336753 435679 332936 430450 333275 431288 334470 432231 334509 432499 336065 434890 333835 431866 330774 427211 331270 427783 335252 433443 334643 433123 332973 431639 329207 426106 334803 433185 333289 430779 333693 431624 330328 426863 334414 433126 331354 427745 332025 429964 334718 432518 335096 434156 331200 428890 334789 433478 327990 424591 335916 434227 303703 392942 335470 434080 335400 433241 334025 432288 335458 434034 335626 434305 335140 433954 335886 434930 299900 387259 334799 433301 336086 434405 
332263 429643 332962 430452 330660 427468 336852 435881 335733 434511 335782 434484 335252 433345 336210 435504 332800 429358 335947 434608 336596 435555 326548 422160 334998 433351 330044 427333 335374 432847 318479 411357 336131 434368 334062 432383 336095 434456 332721 429943 337402 436634 335416 433701 334752 432951 334848 433473 336162 434839 336182 435147 319795 413957 337098 436514 336692 435748 330867 428163 334499 432896 338414 438168 335944 435325 333959 432507 332400 430648 335072 434198 333505 431355 335043 433693 337886 437925 335684 434043 334242 431986 331118 428529 338570 437848 335541 434348 334101 432078 335306 433818 333815 432540 332554 430526 331414 428418 334496 432616 
336841 435429 331528 428739 334821 433015 333968 432364 335219 433109 336894 436503 337181 435864 335978 434444 336024 434333 336756 436183 337120 435651 334167 432116 338462 438001 336106 434919 338287 437201 338621 438665 337630 437087 335146 433106 334803 433096 334046 432054 337255 436553 336973 435741 335672 434221 334578 432446 332803 430382 338043 437777 331914 429216 336192 435210 335212 433761 302553 391436 335729 434620 336178 434330 335946 433967 335343 434494 337248 436221 337901 437065 337645 436196 334388 432533 338150 438028 334714 433260 333499 431248 333192 430754 335782 434311 335340 433093 335714 433959 337320 436595 318710 412199 337160 436248 337552 436753 334722 432750 
335813 433868 335054 433680 327465 423249 330001 426582 336620 436215 337599 436248 338485 437978 337993 437358 336808 435188 337404 436241 338856 438444 337782 437576 334985 433408 334675 432587 333774 431738 320148 413677 334318 432758 334853 433013 340772 440613 336115 434220 337870 436620 328843 424969 338585 438100 337639 436554 339304 439449 325055 420079 337705 437563 333421 431292 332230 430233 334478 432155 337143 436293 339719 439859 338472 438106 336074 435051 336739 435601 335208 434113 331185 428531 336439 435009 339290 439564 331146 428209 338975 438455 337212 436610 339775 439902 332199 429380 337598 436838 335338 433622 337788 436976 337927 436842 336739 435423 339256 438659 
336514 434974 332494 429742 336255 434804 336932 435573 337681 437360 340843 441019 337758 437123 337504 436900 334493 432458 338865 438478 330599 427560 335495 433228 337343 436604 334670 432947 337823 437074 337706 436362 336651 435547 337739 436870 339175 439224 338364 438536 334506 432116 335055 432210 337876 436851 338744 438365 341001 441379 338188 437777 337778 436501 338796 438201 337390 435878 332691 429961 338106 436857 339486 439960 337924 436696 318595 412057 303656 392558 337205 436003 339598 439920 337931 437374 338778 438022 339134 439172 340849 440585 321497 415501 339726 439955 336513 435154 337428 436593 335900 434551 336329 434791 338049 437293 319358 413108 334314 432084 
339104 438193 337202 436090 338662 437857 338095 437212 335679 433890 335155 433387 337649 436509 338429 437545 338710 438637 340843 441636 332503 429840 338202 437260 338533 438029 338257 437831 339741 439769 337671 436274 331892 429404 338883 438361 338387 437297 339086 438770 336936 435256 339476 438932 337879 437087 338711 438333 338062 437398 338594 438157 338970 438449 335424 433774 338439 437531 334924 433468 335878 434539 338818 438682 335612 434323 337395 437034 337816 436874 336137 435248 340521 441313 337735 437018 336288 435365 338912 437958 339050 438324 332640 430553 335601 434051 337694 437133 340459 440334 338441 437996 339518 439112 340582 440416 332381 429930 339747 439787 
338682 438091 338597 437337 339122 438602 339320 438818 338569 438892 341398 441419 337954 437206 336195 434539 337540 436767 336261 434409 339387 438551 339739 439438 340046 439712 341189 441610 339206 438208 340698 440588 340113 440788 338329 437367 336194 434760 339030 438737 339530 439579 340462 440584 339060 439092 339646 439412 338917 438034 344048 445548 339333 439206 339318 438685 339927 439979 337028 435783 342564 442939 338923 437727 337727 436483 340791 441497 340495 440530 339246 439308 339208 438904 340380 440358 340838 440297 339740 439766 339557 439581 344520 446690 337722 437066 339139 438840 326392 422235 336997 435653 339534 439197 338767 438030 339046 438713 339841 439493 
340525 440463 340467 440782 339139 438531 340392 440567 339522 438845 338857 438377 337883 436512 338276 438004 340841 441071 339420 439279 340766 440401 339189 438585 341397 441500 339101 439305 340663 440975 334904 433681 340440 440871 338585 437556 335735 434075 336801 436051 332853 430606 337725 436478 337919 437295 342173 442906 334523 432917 340220 439940 340157 439773 338809 438225 340174 440421 339847 439339 340839 441450 339888 440717 340208 440651 341982 441987 334256 432834 342793 444228 339392 438901 341800 442143 338732 437460 306781 395911 338720 437997 340110 439775 340422 440779 338768 438848 338807 437998 309073 400172 341786 442300 342492 443187 340030 440446 340483 440917 
334479 432183 343345 444080 341151 441775 341399 441152 339632 439563 340671 440593 326254 422460 339732 439049 338667 438163 342216 442484 341279 442075 341083 440639 339830 439558 339467 439078 340064 439927 339041 438301 338464 437618 340579 440050 340253 440246 335749 434621 339350 439414 339398 438565 342171 442446 344603 446390 309964 401598 342184 442507 339576 439675 340751 440862 340253 439850 342264 443050 341583 441911 340849 440392 340932 440674 341790 442531 342032 442724 324723 420139 341001 441459 342221 442324 339839 439506 342290 442776 340665 440888 340698 441372 341776 442295 339174 438193 339257 439419 339981 439432 342594 443142 342718 443685 342552 442764 339942 439358 
340877 440832 339631 438907 341754 441760 341113 440998 343988 444677 339902 438970 341617 441520 344115 445251 339741 438654 341787 442684 342993 443184 341015 441204 337646 436950 342029 442123 340249 440411 340656 440564 343105 444110 342302 442994 342935 443502 339638 439163 343779 444767 341109 441626 339512 439113 342689 443244 328049 424336 341562 441302 340571 440038 341047 441624 304425 393972 342618 443320 333913 431883 342728 443628 336651 434871 342318 443065 341401 441571 342662 442692 341079 441764 341028 441181 344714 445888 338444 438055 342195 442515 343068 443224 343184 444022 344015 444701 339789 439783 341206 441634 342215 442527 337040 436214 340001 439276 340076 439764 
342319 443018 342651 443692 341858 442345 339633 439180 342358 442242 329112 425049 346277 448098 338554 437940 343972 445061 337774 436821 341971 441724 329051 425391 342747 443249 341296 441604 342536 443385 344086 444956 345374 447310 343434 443733 337512 437177 342249 442028 344875 446219 343328 444722 343870 444873 342946 443844 344137 445553 342671 442612 338299 437862 342785 443694 339135 438748 343564 444974 339752 439399 342835 442851 326892 422529 345091 447050 342077 442410 336217 434180 341959 442814 342198 442664 344965 446190 341235 441148 343837 444565 339191 437971 341302 441370 344596 445851 344544 445491 344103 445565 345045 447186 336517 435495 341147 440481 341809 442129 
341583 442206 344305 445061 344545 445958 336903 435822 343916 445556 340330 440212 344010 445412 344660 446263 345148 446443 344104 444963 344489 445843 344140 445331 343631 444839 340572 439767 343132 444240 345358 447172 335875 434155 344527 445931 312706 404848 340708 439993 344370 444877 341111 440726 343656 443820 342875 443940 342969 443618 337455 435534 310000 400614 343913 444879 344036 445089 342567 442948 344888 446703 342380 442535 342818 443156 341779 442364 343154 443267 344627 445475 344245 445245 342726 443563 343715 444756 338192 437623 336055 434294 344004 444765 345717 447778 342410 442689 310017 400864 344692 446303 340556 439705 334909 432742 341696 442164 339899 439634 
340340 440311 341547 441245 343252 444085 342120 442091 343463 443992 338405 438349 342067 442345 345276 446769 342596 443459 342867 443283 344117 445464 335886 434670 345459 446849 341238 440637 336223 435309 342461 442589 343940 445002 342867 443122 344123 445655 341121 441416 343480 444639 345342 446333 345936 448066 341293 441643 344220 445213 343716 444637 344005 444774 344124 445407 346579 449212 345325 447222 343315 443814 347034 450032 347458 449945 341259 441103 344298 445806 344897 446075 345190 446638 343613 444332 345197 446472 345208 446936 341864 442407 347730 450459 344178 445416 345749 447230 338620 437856 338033 437113 325927 421859 343603 444316 342891 443555 346581 448411 
346004 447626 342918 443411 344407 445557 346279 447354 343079 443505 346769 448356 343281 444460 319832 413292 344323 446423 346219 447742 311961 403748 343165 443701 344579 445688 344604 446178 344133 445059 344448 445358 346382 448630 344651 445416 346863 449054 345440 446686 345602 446957 343756 444657 346379 448583 346003 447363 345299 446316 343376 443496 341716 441203 346385 448211 343594 444240 346612 449045 345233 446967 345148 446962 345500 446986 344533 445472 344979 446561 345339 446727 341995 441811 345347 446523 345822 447149 348117 450351 345486 447569 342723 442819 335406 433918 343772 444758 345169 445764 346163 447884 346025 447238 348679 451488 345337 446989 345657 447137 
343079 443337 343601 444365 346664 448215 341414 441713 348269 451003 347977 450402 330055 426925 345544 446283 346576 447897 346361 449059 346833 448687 342359 442635 343387 443361 344282 445098 344880 446653 343400 443844 343438 443623 347188 449264 346983 448785 343563 444578 344725 445567 346776 448484 347448 449952 346560 447503 346988 448746 346921 448743 346753 447613 347298 449397 343529 444000 347288 449703 346628 449068 346083 446732 345736 447660 341543 441516 345500 447037 348715 451243 342580 442661 346773 448267 341734 441722 346845 449048 344974 445699 344861 445827 349053 452061 346302 447921 312670 404459 342391 442518 341571 441821 344548 444994 346613 448124 348305 450835 
343000 443764 338966 438315 345705 446926 346955 449054 345419 447316 347539 450206 348900 451563 345720 446449 346642 448318 345833 447563 310350 401420 345487 446993 344439 445337 344519 445827 345566 446644 348343 451143 345147 446349 337817 436946 346808 448265 338473 437715 345707 446786 346462 448438 348300 451367 347942 450305 348835 451512 346903 448308 347339 449834 346985 448869 347663 449014 346182 447909 349658 452715 347283 448952 345548 446795 343805 444192 346125 447553 338171 437309 346943 448532 337062 434958 342365 443174 346392 448632 344571 445522 345073 446414 348096 450622 346649 448555 347687 449827 349938 453110 344905 446551 345155 445763 347568 448920 347364 449645 
348180 450787 345588 447465 347747 449685 345760 446739 347506 449239 340085 440164 348780 451134 346354 447776 349680 452790 343647 444526 342911 443778 347405 449384 340382 439747 349093 451923 346256 447519 346976 448727 346625 448725 347855 449925 347573 449182 348272 450695 346186 447298 344505 445617 348614 451549 347763 450409 345304 447077 344687 445174 344483 444989 349067 451130 345228 446411 343007 443787 347983 449703 343647 444792 350504 453573 347412 449419 341693 441352 346528 448301 345546 447632 343298 443764 347037 448191 348999 450979 346650 448881 339606 439128 349401 452345 348812 450907 347342 449464 305762 395161 347721 449964 349417 452630 344614 445965 349171 452134 
349140 451134 349512 452442 349285 451587 348671 451681 337448 435902 349152 451145 347693 450300 346331 448190 349647 452060 346070 448112 313668 405163 329701 425538 348161 449754 347446 449869 349075 451276 348547 450890 351538 454957 347743 449304 349289 451211 349685 452073 348465 450632 348731 450399 349453 452286 343073 444255 345450 446713 350541 453614 348377 451695 347879 449532 349611 452075 350525 453544 350109 452351 344503 445285 350118 452723 347837 449853 346397 447458 345230 445805 350395 453775 347641 449455 315468 407976 350173 452797 344352 444597 349587 451885 345238 446221 348297 450401 348313 451057 347515 449481 349516 452312 330433 426629 349729 452306 348359 450572 
344152 444768 350818 453777 350189 453146 342025 442275 348058 449830 349182 451142 350696 453025 349142 451060 349520 452800 348626 451009 344989 446261 348650 450399 349546 452320 348562 450846 350693 453894 346817 447652 348384 451033 349815 452554 349153 451391 349180 450961 349991 452271 350023 452658 348373 451116 349873 452334 349413 452256 346709 447567 349750 452738 350022 453466 349077 451202 346286 448042 316732 409831 333801 431775 349772 453051 349868 453129 346570 448522 347340 449201 350894 454557 347406 449355 349744 452070 351540 455583 349547 452163 348650 451117 316630 409120 351547 455256 351080 454605 343184 444076 350566 453714 348022 450192 348839 451301 351468 455402 
349558 452235 347511 449778 350649 453978 348264 450053 350519 453661 330663 427541 351136 454452 347493 448749 349824 452297 349899 452239 348600 450549 349703 452140 351391 454607 351926 455563 345415 446638 350277 453563 350531 453142 352081 455558 351425 454619 348175 449987 349728 451871 350805 453467 352437 456839 345047 445552 350380 453572 348530 450446 349247 451631 353187 456709 346067 447259 348064 450142 348921 451172 351195 454449 349876 452574 349748 451651 350944 453904 349298 451589 346966 448926 346892 447974 350868 454105 345926 447163 349782 452593 347204 449186 351664 454876 349264 452052 348772 450553 352995 457368 349140 451310 349401 451743 342255 443180 349628 452620 
348624 450676 349845 453321 350346 452185 351246 454845 352049 455780 350612 453236 351251 454433 349870 452184 350027 452871 350903 453549 347553 449609 350242 452865 350451 453398 351046 454317 349726 452416 351556 454855 354265 458332 351392 454703 353538 457413 351402 454095 350817 453605 352411 455697 350399 452665 353272 457304 347977 449406 351214 454353 349615 452400 350923 453384 352224 455787 349946 452431 351439 454738 346987 447952 346197 447573 351289 454633 349830 452449 350407 453022 350893 453980 341813 441901 350534 453247 351638 455115 351686 455108 348142 450107 347510 448874 347696 449397 348436 450001 351593 454535 350667 452884 354305 458528 349484 451807 348010 449831 
351655 454934 342407 443255 352233 455905 352267 455973 353841 457734 350963 454211 352434 456814 348273 450129 352330 455419 353185 457274 350926 453588 348248 450839 348750 451106 334161 431469 351234 454181 353636 458102 351522 454500 351521 454662 353738 457733 351235 454264 354114 458228 349491 452481 352509 456676 349297 451134 351146 453522 350106 452500 350688 453530 352207 455152 352737 456335 334632 432438 350764 453696 353710 457810 351425 454499 354093 458435 346841 448038 349598 452050 350317 453165 352419 456074 350210 453144 349606 452169 352576 455696 352614 455615 349297 451160 349579 452021 353049 457070 348695 450828 352773 456384 352544 455551 352593 456173 351417 454441 
350114 452730 352197 455393 347470 449532 350556 452940 353482 457449 350547 453517 354099 458113 352490 455324 349796 452719 352018 454972 332770 430025 353808 458282 353192 457820 350280 452674 348206 450385 349193 451687 353562 457364 350580 453593 352932 457000 354144 458364 350395 453124 352709 455752 345828 447739 344215 444470 351706 453933 350925 454068 353367 456950 352731 456172 348397 450522 351574 455175 352019 455167 352398 455847 352597 456021 353800 456990 355419 460908 353497 457277 353399 456934 348995 451460 354242 458284 351814 454407 349649 452807 352047 454758 352895 456348 352067 455393 351589 454571 341623 441271 349146 451428 353949 458542 348098 449232 351808 455309 
353889 458012 354190 458179 351480 454688 354078 458656 349814 451678 353007 456665 354278 458152 355252 459659 347804 449223 353968 457899 353547 457565 353917 457671 354574 458898 355511 459585 352095 455804 340721 440356 345711 447403 351872 454752 353976 458160 354183 457899 353373 456636 352741 456240 351858 454727 355649 460114 342937 444046 356377 461099 350074 452086 352146 455305 354095 457635 348473 450553 354162 457709 351938 454811 350850 453175 353747 457149 356297 460583 352335 456168 354418 458309 350760 453460 352527 455719 355846 459772 354560 458733 350099 452731 353202 456541 352904 457107 351865 455782 354630 458677 356688 462136 352101 455234 354501 458296 353954 458231 
348603 450508 352473 455761 352567 455808 351843 454711 354663 458720 352166 455502 349478 451618 355779 460698 352935 456667 355008 458816 353927 457504 353365 457506 355145 459412 351808 454396 350533 453330 351486 453811 354745 458367 346578 448437 355726 460256 351226 454556 352907 456073 355042 459417 355153 459311 355072 460154 353920 457865 353266 457217 353090 456385 355314 459357 353845 457444 353510 457348 353808 457072 353705 457882 353973 458159 354559 458318 351885 455165 354212 458652 351710 454898 355282 459592 352288 455001 355260 459385 349211 451292 354461 458807 350761 453996 357010 462321 354920 459332 354376 458593 356447 461866 349947 452564 353102 456629 347107 448631 
354854 458621 354321 458541 356708 461725 355723 459880 354161 458048 357414 462675 352303 455871 322761 417593 355340 459830 355531 459548 354601 458155 352152 455389 353922 457312 354111 458429 346321 446959 356011 460770 338255 437790 354476 458815 353888 458306 354884 457873 354487 458552 354195 458585 356376 461110 353793 457707 353988 457353 350537 452628 357099 461615 353893 458660 354296 458713 353526 456736 354351 458116 354576 458306 350926 454346 338772 437469 349691 452363 353486 457383 355537 459801 354854 459197 354813 459018 356206 461182 356318 461377 354246 458189 357066 462267 355588 459947 356207 460904 351822 455403 353422 458117 355400 460053 355687 459789 356748 461112 
355469 459697 354596 458828 354680 458695 354667 458731 355501 460424 358788 464863 357585 462892 343104 443561 355198 460117 356755 461339 353909 457638 355739 459575 357340 462540 356662 460776 357031 461798 355127 459953 354198 458439 350870 453487 356157 461215 350768 453203 354537 458334 357850 463009 358316 463772 358357 463928 357530 462439 353936 457084 355469 459931 350407 453533 321944 415277 354240 458032 354888 458625 356526 461408 355693 459619 347998 449602 357250 462656 351693 454459 356104 460588 356782 461274 357543 462822 358530 464215 355573 460292 353377 456376 355331 460018 356233 460416 353724 457502 355614 459791 354897 458707 357428 462401 349944 452680 354726 459013 
359109 464592 355788 460108 354200 458329 357274 462072 355973 460618 357060 461477 356258 460354 357355 462650 356907 461715 356522 461241 358216 463469 357423 462657 355687 459943 355986 460438 356939 461613 348607 450719 348602 450083 352714 456722 357302 462321 353169 457023 359685 465919 355487 459713 357297 462494 356824 461387 358416 464028 354339 457903 353384 457783 351114 453681 353250 456568 359158 464697 356146 460370 355828 460560 351524 454083 358036 462836 355754 460007 352647 455125 360194 466446 356436 461945 357718 462358 355522 459442 356647 461664 355795 460541 355795 460410 349826 452002 359057 465500 339758 438440 338663 437860 357838 462774 355574 459291 357159 461898 
355298 459491 357417 462331 357132 462005 356691 461447 359271 464502 357758 462899 356815 461088 352519 455723 358679 463551 357759 463142 355907 460137 359537 464501 356435 460391 355361 459248 355473 459686 358757 464499 354716 458905 353615 457359 354655 458233 354678 458209 355921 461126 356543 461208 356919 461386 357764 462428 359032 465208 356976 461563 357832 462940 358323 463886 356456 461038 358246 463532 355722 459827 356914 461402 359849 465603 357903 462250 357413 462066 353507 456943 356108 459766 357668 462245 354894 458784 357861 463261 357620 463059 353524 457549 357068 461606 357997 463032 357678 462383 356348 461197 358025 463274 359319 465391 354806 458911 359498 465326 
359174 464270 359631 465496 360130 465791 359596 465100 356957 461780 359829 464710 354917 459018 356530 461778 357607 461932 359187 464345 358708 463948 358076 463032 360472 466104 353138 456774 359046 464572 362021 469029 359527 464838 351498 455182 355013 458595 358810 463975 358832 464280 358820 464151 356254 460514 356317 460490 359989 465703 358138 462693 356061 460553 358949 464245 356253 461022 357869 462979 356393 461376 360698 466894 359595 465421 357714 462738 359593 464804 358825 463821 357733 463625 357398 462246 357683 462604 354037 457668 354082 458774 354345 458148 357542 462639 341863 442623 359277 464722 359479 465777 357303 461983 356802 461159 358130 463158 357370 462703 
339171 438470 354824 458647 358580 464374 361337 467564 358641 463594 357358 462584 359324 464659 358000 463858 355875 460131 352688 456141 358794 464302 359093 464491 361048 467480 360501 467138 358568 464207 359656 465345 360016 465907 359822 464925 357153 461459 360718 466296 361940 468527 360035 465166 360008 466049 360821 466060 355857 460535 359696 465352 360279 465893 354975 458739 361021 466943 343033 443142 360520 466360 355918 458809 351222 452916 358219 463343 356771 461209 356022 460596 358211 463485 357496 462237 356745 461164 353573 456934 349461 451915 357114 461776 360155 466599 354964 458916 354361 458124 353154 456927 360814 467393 360381 466028 359959 466546 358909 463544 
355728 459244 358422 463998 360303 466278 358454 463570 347537 449715 353819 457778 359562 464645 354031 457687 361457 467834 360988 467587 360967 466880 359848 465209 361337 467244 360991 466821 356941 461766 359698 466104 342243 442361 357885 463190 354316 457873 358145 463135 358607 463225 357899 463024 359312 464725 360972 466286 359096 464248 360503 466278 360176 466049 360915 466061 357963 463685 359911 465394 362693 468887 359534 465036 361180 466982 359964 466194 353999 458025 357024 462157 361349 467371 353677 456840 357792 462754 358045 462800 360531 466191 358513 463198 343707 444686 359690 465374 361628 467585 358828 463974 358844 463688 361269 467247 361175 468046 358909 464685 
356259 460266 359023 464044 359957 465804 357737 462767 361770 467444 359351 464598 360714 466919 361580 467453 360574 466606 360227 465381 362083 468598 362167 468929 360292 465792 359429 464452 363113 470134 356299 460929 360907 466441 359141 464818 359341 464929 361768 467463 353985 458193 360298 465361 362245 469108 361519 467378 359593 465188 360469 466073 359521 465594 357495 462575 362382 468891 363229 470168 359265 463860 362513 469427 356009 459747 360179 466001 362200 468512 358543 463634 361850 467903 361320 467763 360990 466888 362698 469124 360819 466546 358523 463317 360871 466042 357806 462715 361715 467435 361452 467342 355645 459603 363295 470272 361172 467298 361419 467341 
353978 457969 358860 464146 362544 468762 362025 468007 361603 467483 360662 465821 360201 466005 361696 468343 361997 468454 362273 468357 360952 467217 363001 469774 359698 465533 364669 472125 360858 466708 359689 464632 362159 468168 361680 467438 360649 466846 361289 467622 362407 468922 361801 468585 360435 465516 361281 466792 358079 463115 360326 465962 361523 467746 361119 467721 358401 462875 361580 467097 361049 467094 361736 468342 361279 467413 357252 461457 361070 466503 357812 463104 361194 467290 361526 466472 360428 466435 363222 470073 362919 469341 363763 470571 361883 468303 361905 467563 363611 470741 354939 459270 356687 461266 361432 468059 363077 470751 359941 465259 
363820 470467 362421 468400 358461 463443 364194 471796 363043 469913 363060 469566 364153 471410 361946 468241 363595 470708 362481 469391 365178 473072 362309 467747 359507 464431 358593 463383 362870 469746 360247 465826 360965 466803 364587 472055 361494 467333 363957 471145 357321 462072 361813 467682 362599 468625 363128 469567 363321 469047 356821 461170 363148 470149 361569 466885 360813 466628 360698 466364 338874 438575 362058 467897 358581 463210 363935 470193 362976 469695 358997 464224 362146 468317 362796 469417 351989 454511 363087 470564 365567 474068 362753 468880 343707 444017 362756 469189 363674 470985 344536 445754 360114 465699 362179 468893 363392 469764 359894 465859 
361132 466894 362570 469388 356575 460934 361115 466952 362329 468793 362269 468281 363322 469507 361528 467854 362707 468684 364653 472432 360092 466212 364591 471694 363554 470663 366068 473865 359001 464107 362628 469549 362509 468544 363491 470359 357068 461892 356390 461361 361887 468018 338490 437861 362562 468745 358866 463485 362607 468944 363595 470614 366969 474618 364713 471623 365749 473192 357853 462820 365223 473058 365706 473926 362732 468887 359355 465344 356279 460709 363537 469764 365447 473130 365090 471686 362041 468123 360021 465587 362399 469420 360326 466227 364361 471264 363623 470911 363545 470048 346982 449186 364144 471002 361446 467484 361720 468254 364254 470971 
363885 470893 362248 468476 362344 468195 364486 471580 364103 470497 360127 465544 353244 456887 362102 468167 364624 471430 362773 469123 362607 469445 363498 469721 364404 471889 364940 472016 364054 471529 365839 473958 365700 473646 362328 467920 365773 472767 364434 471369 362824 469301 363462 470374 361227 466874 363918 470009 360255 465866 363220 470434 365329 472774 362237 468922 360688 466640 363900 471337 360832 466477 366061 474176 364182 471407 360879 466920 362768 469014 363532 470458 362951 469936 362958 469577 362669 469189 361092 466176 367087 475011 362344 468689 361162 466884 363975 470728 361067 467538 364369 471291 362692 469411 362827 468522 362631 469814 363942 470013 
367227 475314 364442 471527 365483 472367 362380 469589 364946 471658 364178 470576 365801 473068 364151 471227 363851 471338 363765 470349 364677 472028 361348 466791 360843 466345 361486 467398 365249 473423 365450 472816 359415 464356 366563 474231 364177 470456 365830 473576 363511 469835 360976 466943 362621 468753 366717 474725 365163 472500 362584 467992 356820 461132 364998 472245 366793 474831 365750 472891 359210 464462 365200 472466 363878 470432 367668 476047 363218 469328 364206 471038 354460 457869 364821 471581 362698 469714 365152 472846 363355 470031 366260 473783 364088 471268 359502 464793 361296 467320 362872 468596 364077 470681 361701 467550 363911 470602 364972 471881 
361956 467631 366412 474549 365300 472344 365332 472406 357078 461979 363377 470239 365208 472127 366985 475195 364312 471001 365177 472988 349031 451273 366839 475140 364447 470824 364602 471471 363707 469994 366504 473791 366122 473771 363607 469830 366358 474191 366648 474391 365836 472637 364505 471424 365577 472789 365170 472050 367615 476198 364550 471333 358343 463220 368047 476601 365852 473712 363651 470329 365926 473313 365891 473357 365725 473022 366474 474725 366439 474136 367628 475830 363794 470731 362023 467978 364503 471466 366149 473350 365679 473013 365297 472087 363888 471039 368511 477208 356020 460064 366492 474423 354661 458881 365365 471887 366177 474472 368219 475955 
364290 471203 358992 464359 367805 475744 364882 471734 347336 449304 367177 475365 365786 472979 365891 473094 364994 472062 365556 472172 365466 472854 364036 470881 363848 470090 358730 463858 361954 467961 362789 469484 366808 474258 365614 472847 367859 475733 356946 461507 366512 474461 365848 473314 367106 475328 356760 461259 366889 474239 368049 476781 367042 475062 368351 476705 361013 466959 366019 473448 366206 473346 361131 466801 364124 470694 331858 429702 360105 465500 366581 473837 366783 474647 369291 478085 366922 474142 366363 473573 366597 473992 368224 476297 367298 475035 365357 472340 364973 471367 365048 471343 368479 477311 368454 477132 365840 473499 369022 477420 
365561 472442 365804 473133 365376 472915 357232 461479 366358 473313 362006 467846 368055 476351 364333 470915 369807 479023 366522 473467 368788 477159 366609 473722 366986 474953 367906 475701 365905 473004 367139 475230 367980 476669 350080 453009 368232 476525 364265 471265 359820 464911 363820 471591 365117 471348 367540 474487 367453 475420 366874 474740 332349 430053 367450 475162 364840 472345 366560 474586 365101 472273 367090 475153 366749 474026 366486 474148 367453 474499 364007 471772 370229 479156 363982 470935 362551 468514 368691 476785 367824 475792 367385 475023 365017 472065 367880 475617 367444 475478 365765 472360 368603 477029 368420 476807 367885 476215 367498 475125 
368972 477141 365858 473442 367540 475596 368437 476369 333579 431950 369323 477570 365386 472372 369870 477655 370084 478667 366987 474537 366923 474928 366249 474001 370007 478785 364353 470662 368384 476442 367022 474715 365355 472018 361220 466878 369035 477613 365783 472351 368244 476959 367677 475438 365922 473158 368472 476820 364812 470648 370192 478610 369365 476996 364448 471865 351651 454125 369341 478081 332732 429952 367398 475701 333436 431252 368374 476398 369418 477863 368334 476891 367488 476040 367757 476014 365553 473367 366167 473284 366046 474180 367813 475739 366995 475224 368078 475927 368767 476918 370306 478840 369694 477998 366538 474654 352666 456216 368343 476461 
371362 480607 361029 467608 367638 475656 332368 429567 369248 477396 369296 477868 366553 473715 367924 476075 368677 476386 367016 474825 370102 479096 362131 468980 370531 479493 369150 477466 360617 465698 368582 476836 368034 476490 360762 466228 370315 479146 366327 473240 370070 478522 366920 474843 369336 477385 360075 465691 366996 474500 368306 475866 371312 480619 369891 478500 362501 468639 370120 478665 369559 477865 366262 473247 367883 475502 370548 479722 368205 475798 358411 462985 367299 474437 368143 476310 369496 477510 366876 474110 365657 472193 368768 476784 369635 477355 330400 427098 370531 478975 367575 475474 368654 476911 367315 475282 368607 476739 369727 478430 
372731 482273 371847 481958 369675 478242 368904 477555 371913 480617 371740 480977 369091 476687 371098 479747 366480 473049 369503 477265 371022 479751 370436 479111 364716 471343 366232 473725 370236 479271 368471 475927 370087 478642 369810 477780 368415 476427 370470 479487 370337 479135 371752 480934 367569 474768 369061 477255 370066 478760 371890 481094 370574 479051 372083 481103 369502 477873 370269 479414 370899 479920 371129 480104 370680 479415 371854 481412 366957 474602 368534 476839 368439 476306 368622 476269 370010 478874 369068 476257 366749 474018 366684 474472 371039 478843 364543 471234 370203 479095 368642 477248 369150 477534 370570 478669 371990 481609 370210 478834 
371133 481179 370518 479118 373887 484333 369156 477940 363136 469548 368222 475971 369659 478008 372046 481537 371286 481108 369892 479553 373867 483751 367960 475470 369898 478631 370644 479358 367700 475537 371467 480374 368014 475516 370109 477963 369368 477644 370415 479119 369166 476594 371645 480523 367321 475443 373489 483404 368852 476984 371970 481275 371806 480591 372424 481624 369280 476942 371253 480729 363608 470092 371567 480808 361651 466924 369516 478477 371462 480288 371030 479307 370831 479895 371288 480380 372333 482245 370261 479217 370842 479229 366136 473215 367080 475395 370921 480117 368542 476969 369115 478045 371805 481569 368544 476417 370827 479427 368556 476236 
367585 475543 370914 480110 372588 482074 371498 480783 372402 480729 370465 479245 370877 479701 372485 481875 372690 482104 371585 480373 369711 478209 368268 477116 370827 478749 370390 478758 372920 482241 349122 451984 372077 480811 372466 482321 373248 482824 354463 458377 365926 472609 368202 476614 363137 469436 369069 476583 372421 481273 370329 479158 354953 458723 370727 479616 372835 481594 373356 482694 371036 480004 337014 435894 370706 478812 372403 481503 369862 478293 373056 482963 368457 475983 361917 467572 368990 476787 373427 482314 371812 479825 370402 478531 336187 434952 369019 477087 371998 481285 374077 484024 371986 481155 335284 433176 370938 479753 366368 472417 
374140 484999 348347 449723 373310 483750 372919 481514 372372 481292 365578 472998 369080 477151 371719 479765 363965 471047 370820 479492 369175 477099 373504 482946 374565 484334 373742 483854 369754 477928 372210 481026 374888 485251 372403 481181 368470 477073 367316 475125 372694 482384 373587 482995 374722 485018 372499 482308 373106 482677 370166 478403 371931 482038 374577 484149 372883 482068 369835 478298 372724 481940 371623 479923 367813 475488 369658 477123 368438 476689 369808 477941 355360 458864 371192 480647 372797 482331 371783 480509 370556 479117 370420 479045 369443 477618 371517 481094 370817 479397 372465 482160 369558 477732 370387 478309 357616 462339 368680 477028 
373649 483293 371229 479581 369661 477686 373281 483132 369994 478870 370723 479356 375445 486177 373435 483325 373393 482657 371446 480315 370003 478578 374191 484526 372476 481376 371748 481159 373992 483919 372425 482311 373987 483924 369463 477799 368450 476585 373372 482541 374879 484331 364570 471757 372805 481718 374213 484057 373661 484228 369570 478347 373505 483291 371541 479767 372610 481592 374610 484230 373341 482453 374329 483555 371006 479304 375078 484977 374879 485105 375255 485302 374794 485295 366325 473599 369440 478328 372571 481862 363964 470392 371927 481181 374474 483878 374538 484214 374062 484022 373118 483112 373210 483690 369692 478558 373999 483690 371444 480227 
373699 483258 373094 482269 367031 474554 370111 478326 375286 485580 375549 485679 373533 483052 357806 462926 372150 480703 369861 478710 374015 482921 357234 461484 374725 485340 367815 475529 374870 484750 373544 483103 374862 485021 375161 485270 375203 485113 372121 480853 372427 482642 373325 482187 374043 484124 373267 482427 375439 486103 374628 484699 371939 480602 368410 476390 369776 477848 369801 478267 374898 485632 376054 487685 375146 484787 372091 480942 374340 484078 375356 485688 374564 484786 374407 483920 372963 483227 354621 457450 374286 484077 375204 485500 339439 438727 375914 486646 374491 484631 374167 484214 372431 481577 371862 480913 373841 482435 372682 481730 
370876 479933 375605 485917 373345 482382 375445 485652 376431 486933 374557 484857 373306 482238 374870 484834 368558 476827 339879 439919 369388 477392 376028 485885 376313 487055 374066 483664 375822 486079 374892 484490 376759 487455 377360 488596 371697 480548 372767 481834 357638 462713 374506 484128 374344 484182 374393 483980 375656 486053 374427 484226 375095 485136 373250 482546 374790 485040 377674 488747 372398 481297 374699 484541 376375 487212 374461 484115 339082 437929 376039 487401 378665 489770 375753 486389 372218 481184 375377 485709 376484 486818 376302 486055 369764 478371 376277 487375 374280 483627 375686 485817 372974 482412 358254 462665 359096 464633 373434 482989 
374153 483710 375193 485581 376135 486260 376325 486278 374447 483874 377611 488221 376328 487399 371602 480712 376519 487145 377835 488859 375872 485897 373413 482528 375635 486888 373339 483249 374181 483232 375806 485891 372517 482022 375226 485010 373985 483870 376174 486447 376008 485556 373161 481601 376467 487366 375883 486766 373815 483082 374099 484089 375138 485055 373656 482154 376267 486906 375743 485604 376929 487763 368315 476643 373602 483454 374858 484838 364492 470570 376270 487161 374512 484415 364790 472391 374489 484535 376055 485841 375804 485613 372159 481196 367895 475534 375927 486670 377459 488693 377280 488795 377299 488010 377616 488121 369261 478442 374469 484300 
374294 483095 376514 486663 371947 481078 376761 487194 376198 486661 370739 480217 373396 482543 373644 482842 377023 487632 372113 480610 360045 465800 376934 487848 377123 487187 373955 483680 375792 486290 375204 484550 376999 487772 376987 487134 377104 487315 375092 485010 377066 487448 375375 485072 375780 485733 371495 481027 376641 487696 378310 488743 377576 488591 376892 488088 377532 488542 376955 487898 374015 483256 376287 486440 376916 487663 377165 488130 372076 481042 336883 434847 377782 489191 369884 477832 373114 481978 377680 489030 376410 487154 376127 486221 377793 489092 373006 482575 375462 485750 365526 472337 338153 436612 378827 490533 376073 485785 377033 487505 
371258 480162 375335 485565 376266 485786 377436 488019 359774 465121 375869 486254 377824 488932 376508 486895 372922 481859 375458 485192 376911 487308 377765 488733 378011 489321 375726 485981 377876 488632 370183 478779 378702 490321 378942 489805 377347 487693 374932 484442 376701 487231 378311 489379 376272 486414 376451 486761 377756 489106 373212 482668 375285 484540 377635 488034 378163 488886 376176 486016 377047 488045 375514 485727 375370 485445 377870 488942 370256 479237 376961 487481 377456 487947 376472 487540 376000 485783 379511 490838 376167 486391 378316 488300 375504 485726 376629 486526 376460 486785 374814 484763 377064 488407 378555 489644 378380 488933 379043 490221 
375169 484534 378355 489931 378308 489326 379596 491035 379666 491194 375053 484838 379199 490740 376950 487537 376250 486272 376357 486640 376546 486920 376942 487692 375560 485485 378234 489132 368239 476033 373400 483237 377657 488830 378626 489616 378087 488876 368661 476834 378390 490191 378839 489774 379075 490606 377580 488119 376073 486530 377405 488052 377611 488116 378093 489755 379111 490936 379786 491457 378164 489681 374169 483826 372576 482758 372517 481128 367744 475292 376373 485821 376957 487447 340690 440375 375568 485815 376670 486922 344269 446018 378298 489483 378783 490293 378956 490073 363199 469307 378098 488751 377769 488808 378734 489796 367399 474921 377944 488572 
376699 487162 380892 492484 379681 491672 376335 486514 379260 490573 379818 490915 376237 485687 379970 491206 380394 491897 371788 481118 376270 486035 380355 491905 378342 489699 379889 491416 381444 493498 374851 485010 376268 486453 377182 488153 379967 491677 378168 489325 378546 489681 373079 481871 374289 483833 379110 490631 379084 490139 374636 484338 377701 488550 378623 489410 379741 491588 367202 474715 374786 483910 377249 487516 370551 477994 374512 484099 374019 484003 376108 486074 380032 491488 378395 489324 379497 490610 379792 491054 378698 489562 379505 491092 377034 487455 377047 487178 379799 491475 378145 489237 376417 486390 378317 489694 378152 488251 378042 488422 
380082 491653 378717 489173 376105 486434 377309 487340 379367 490512 375871 486344 362872 469084 378023 489108 381694 493955 376887 486730 380616 491665 378764 489305 379521 491456 381076 492855 377487 488843 375762 485784 379622 490885 380643 492549 381103 493867 375835 485345 342551 442283 379059 490098 379092 490029 378149 488511 379601 491586 376325 486708 380839 493413 374712 485009 381349 493234 379164 489684 380080 491410 378343 489336 377599 488421 378123 489484 382660 494646 376540 487361 378010 488304 377929 488901 380632 492192 371456 479518 381893 493859 372085 481062 377738 487583 371178 480088 379571 490644 362859 469623 375407 485775 378630 490036 381281 493552 371323 480553 
381439 492907 381942 494558 376062 485936 380803 492869 379392 490903 380704 491936 382309 494256 378896 490076 381289 493433 376266 485887 380291 491733 380287 492016 381883 493946 378216 488459 360954 467041 383281 495731 380361 491358 376544 487232 381048 492704 381496 493284 381228 493041 380658 491990 379517 491129 381587 493002 377148 487451 374739 484562 378628 488892 380367 492287 379888 491236 377194 487644 377165 487968 379372 489990 378046 488771 380507 491672 381640 493797 375966 486716 382204 494513 380406 491752 381308 493606 381961 494192 379207 490940 379266 490190 378890 489912 377787 488280 379265 489684 380483 491639 381542 494144 380538 491998 378156 489320 381566 493030 
342682 443078 345473 446477 382757 495611 380165 490907 380344 491054 379678 491374 382314 494988 378072 488874 380678 491951 381947 494479 374884 484612 383245 495235 381977 494046 379686 491169 377452 488709 372169 481115 378954 489325 379344 490285 380494 491581 381280 493440 377408 487992 381699 493520 375305 484112 381359 493577 382962 495707 380763 492502 381371 492572 376797 487166 380154 491301 380077 491546 376249 486248 378867 490153 380836 492449 382221 493803 382138 494523 380277 491700 380221 491886 381443 493580 377163 487954 380736 492539 379595 490725 381434 494480 380384 492203 381530 494451 378488 489039 374810 484000 381170 492550 381232 492135 380139 490927 383696 496160 
381417 492601 380093 490113 376725 486692 381778 493841 380546 491879 382039 494144 382253 494312 381474 493829 383567 496260 376097 487504 380678 492895 382667 494770 382808 495339 377749 488405 383869 496331 383511 496310 380886 492584 382336 494702 381384 492652 380705 493051 380657 491868 385242 498582 383694 496363 382800 495132 383692 496459 381769 494502 377457 488032 381554 493590 383646 496527 380959 492329 384127 497304 381633 494014 383844 495672 381309 492935 379557 490629 372508 482007 384011 496855 380205 491381 382470 495084 381523 492494 362180 468790 382652 494977 383507 495696 383135 496068 383602 496214 374085 483223 382946 495185 345435 446590 380528 492530 375676 486346 
382528 495151 382800 495096 382593 495466 377855 488573 381536 493212 382463 494967 380399 491969 382704 494613 383665 495498 383852 496043 385314 498444 382533 494366 385779 499222 382341 494023 374088 484137 382894 496371 379902 490513 383053 494754 382923 494867 381023 492820 386211 500295 385659 499575 384616 496966 383749 495902 383500 496445 379080 489608 376892 487390 382527 494525 384380 496734 381175 492537 378470 488435 383210 495398 379223 489897 383549 496570 377450 487017 381686 493872 380313 491285 348094 449852 382336 494324 382279 494820 381643 493267 383960 495731 382914 494980 378360 488782 382644 495013 382818 495034 379599 491187 379050 489835 382982 495071 380750 492006 
381220 492872 382807 494972 382044 494844 385039 498299 348127 450439 383251 495447 378893 490077 383354 495925 377570 487849 386392 500009 380185 491279 381711 493481 367927 476728 379313 490765 384922 498164 382596 494503 378285 488962 383132 495543 380742 492789 384694 497581 382441 494726 383770 496683 380949 492466 381635 492875 381211 492707 385367 498639 381915 493797 384409 496883 382993 495937 377035 487170 384578 497324 385345 497976 385919 499177 383085 496004 382769 494595 381204 493244 379332 490510 382113 494838 381763 492947 383590 495985 383223 494565 384187 497042 384199 497277 380616 491994 383367 496125 382388 494028 382944 494957 376450 486317 383458 495472 382661 494917 
386392 500404 384803 497791 382609 495085 385921 499272 383827 496571 381644 492881 386984 500863 382452 494074 386016 499814 386003 499319 383344 496057 384734 497142 383886 496603 347406 449062 384019 496660 385132 498806 385074 498258 386519 499853 384350 497477 383087 495648 385652 498930 377540 487337 384261 497562 382986 494878 384100 495529 386521 499914 381802 493468 379680 490935 383606 495868 372887 481822 382799 495829 383571 495660 386251 499834 383010 495306 385495 497954 383641 495959 384972 498214 379998 491577 386581 500576 386098 499555 384897 498132 383910 496414 379915 491342 379707 491957 383542 495690 383127 496235 377063 487919 384370 497668 385361 497811 386686 500449 
380907 493097 386612 500660 385316 498261 382260 495106 385639 498797 385689 497864 382491 494899 384404 496823 385684 499498 381550 493619 385042 497625 385923 499251 387065 500489 383659 495804 381957 494044 386135 500125 381692 493096 383657 496687 386958 500984 385805 499492 384257 497778 385292 498133 383689 495985 385514 498249 382493 494805 383421 496274 385439 498888 384437 497341 384134 497197 385894 499025 383257 495399 386654 499639 387213 501307 387638 501418 385795 499190 365398 472139 385704 498617 380975 492076 380050 491856 378171 489482 383035 494241 383812 496113 384036 496486 385674 498045 386145 499400 386030 499370 387799 501778 386377 499110 386557 499931 384653 497322 
387688 500990 383897 497114 386844 500267 381134 492219 386635 500454 381739 494183 385150 498090 387937 501614 386559 499397 384824 497400 388381 502948 385975 498933 387459 502016 386255 499919 384087 497057 383051 494866 385627 498694 384430 496951 387512 501422 386985 500751 385059 498336 385440 498168 383311 495200 386234 499564 384533 496725 383503 495583 380948 491978 386472 499382 388034 501732 384867 497913 385139 498838 386420 499953 384385 496962 387168 501330 385353 498621 385323 498460 377465 487604 379457 489924 385754 498187 384126 496712 388181 503113 387146 501063 379846 490829 385843 499067 388332 503118 385318 497907 384770 497486 383080 494923 383769 495907 382882 495129 
388900 503037 383582 495869 386509 499502 386106 499332 387209 500683 387461 500570 390971 505224 377810 488028 386965 500639 387625 501483 386197 498816 387717 501432 385725 498362 387797 501675 384642 497304 386667 500043 386138 498483 389250 504333 375324 485465 387946 501311 384923 497139 387549 500583 387286 500159 383098 495157 390543 506067 386475 499269 386133 499306 388343 503259 388204 502757 387834 501496 386761 500371 385499 498041 390032 504927 386221 499574 387815 501721 386278 498886 384138 496802 387189 500588 385444 498193 381462 493086 389370 504176 386126 499430 389677 504421 388348 502497 371389 480448 379401 490669 385893 498254 383818 496434 382693 493844 389983 504507 
388712 502549 387461 500657 386338 499184 388364 502486 390027 505254 389129 503330 386976 500456 388532 502272 389305 503183 388528 502720 387598 501014 386650 500414 387323 500701 378768 489977 387572 500917 387482 501032 391467 506206 391883 507809 385746 499032 384856 497778 387840 501333 387442 501040 383751 497601 385802 499221 385450 498099 385373 497955 388403 502173 381316 493430 348787 450241 389694 503395 384309 497286 384862 497464 384942 497383 390039 504688 387885 501876 389722 503672 386615 500092 384565 498008 386371 499764 380818 493254 387777 501561 389436 503951 384187 496497 383908 495896 387721 500549 387317 501474 387891 501177 389245 503839 387773 501510 384728 496561 
388489 502592 352339 455609 385978 498882 386514 499696 389412 504091 387821 502070 389569 504634 388218 502446 388478 502677 385964 499100 390269 505215 390844 506020 388805 503436 382910 495207 389731 504354 388355 502662 382143 493725 383293 494945 390255 504666 389677 503880 383097 494930 386169 498992 389972 504486 388760 502537 391386 506377 389546 504002 389253 503865 388887 502565 390717 506050 385227 497490 388601 502458 388080 502734 382644 495283 386638 499804 390038 504197 387380 501314 383072 495656 390729 505194 390048 504674 388110 501947 385617 499075 389355 503372 381418 493344 388487 502048 389488 503579 389805 504602 389430 504280 391482 506634 387736 501679 384880 497328 
391179 506359 393166 508381 389745 503623 390063 505525 390883 506008 387294 500578 390218 505084 390357 505467 389891 504554 389156 502804 386517 499466 389255 503737 390021 504821 388468 501827 380154 490818 389585 503071 388745 502636 389263 503119 384008 496108 382199 494376 387839 501329 388625 502287 384253 496590 390369 505059 389886 504229 387694 501233 389502 504208 382617 494819 390228 504666 389134 503187 380868 492974 369779 478609 390839 504829 387183 500625 388385 502279 389930 504232 382234 494124 391412 506018 392571 508030 381844 493395 382487 494587 389987 503774 388397 502034 386708 500461 389941 503781 386562 499666 371556 479929 390404 505182 389577 503889 386675 499984 
390630 505196 392395 508098 387971 501052 389421 503396 391042 506058 388478 501717 353205 456575 389338 502511 390086 504258 389976 504418 391878 506337 392259 507721 386526 500003 388572 503172 389980 505416 386065 499438 388855 502285 384938 497010 387934 501766 389864 504530 388773 502340 386972 500939 386738 500816 387461 501071 390345 505052 389804 503655 390299 505386 384952 497525 390520 505975 392160 507482 392340 507458 391666 507009 392848 508588 388527 501353 389788 504123 382733 494366 388793 502767 387816 500479 390964 505208 392262 507255 392722 506975 389499 503775 390624 505203 389061 503104 392417 508135 390511 504575 389615 502821 390795 505242 390315 504902 392842 508467 
383556 496477 393098 508986 393611 509309 389569 503641 388550 502274 390176 503715 390241 504924 389811 503947 393292 508940 392605 507841 391622 505898 385254 497295 390796 505028 392210 507207 390934 505346 390182 503840 390477 505898 390176 504363 392379 507331 388700 501923 391521 506532 382337 494235 385499 498261 390655 505210 389045 504484 391513 506917 391741 506397 392469 507935 391549 506674 392320 507273 390915 505876 387372 501048 389094 502450 393538 509568 385080 497019 390307 504504 394230 509901 391102 506103 385662 498865 392607 507764 391225 505926 391202 505978 374380 484259 391006 505588 385771 499602 390044 504464 390402 505247 391282 506056 390122 503924 392872 508677 
395427 511314 390741 505073 393332 508555 387222 500674 354675 458568 390351 504278 386531 499598 392458 507739 391107 505721 393238 509413 389376 502678 380350 491431 395271 510681 387055 500685 390339 504719 391043 505907 391430 506283 387831 500904 391001 505055 394162 510468 387323 500686 392811 508301 388805 502356 391056 505786 391504 506358 394463 510076 391160 505612 390407 504756 390446 505046 394165 510069 391384 505817 390850 504938 391248 506065 391834 507523 391878 507183 389309 502863 385561 498298 392370 506571 391607 506311 391822 506679 374103 483310 389625 503038 390608 505154 355017 459412 391330 506323 391461 506754 389690 503577 391568 506071 389632 503661 391519 506040 
392109 507819 391447 506476 393118 509130 392578 507064 387330 500667 390808 505479 394396 510165 393382 508482 391341 506123 391997 506875 394235 510176 390032 504871 394716 510718 391979 506906 390602 505079 391139 505254 394959 510931 391499 505971 395050 511514 391898 506632 388214 501549 391793 506595 392773 508470 392172 506699 383168 494892 393349 508197 371223 480011 392457 507264 392269 506844 393222 509050 393715 508729 394744 510985 387584 500604 394725 510076 394839 510602 393829 508498 394984 510883 384492 497179 392799 508258 393398 509553 392826 508108 389527 503548 394226 510121 390531 505098 392350 507104 394069 510347 396343 513513 356490 461372 394148 510040 393915 510045 
396008 513401 395010 511012 394430 509487 392338 506571 391856 506757 389338 503429 391348 505900 393494 508571 393703 508513 395906 512339 394487 510516 394568 510314 372508 481459 395491 510924 391709 506848 392235 507309 394450 510601 395038 511248 394814 510642 392809 507888 390497 504843 396059 512082 393211 508434 392443 507515 390534 504772 395811 512332 394402 510022 393539 508449 352291 454858 394590 510290 395675 510853 384965 497775 386642 500324 394067 510153 389203 503237 392686 507723 392126 507228 394358 510544 392511 507791 390745 504642 391889 507548 393904 509664 393677 509086 393790 509031 375700 485623 394950 510735 390590 504953 392825 507697 391385 506043 391954 506046 
395401 511563 391475 505934 394756 510359 393375 508769 395948 512872 396849 513512 393196 508787 395532 512015 394601 510600 395555 512092 391904 506042 396405 512932 392988 508338 391692 506325 392012 506482 396805 513782 394087 509405 396077 512990 395017 510872 395392 511424 396082 513051 389167 502974 397490 514568 393191 508135 395870 512243 394434 509839 394153 510621 394424 509704 395150 510777 394618 510537 395205 511835 388920 502577 356447 461431 395292 511377 394564 509637 395219 511168 395874 512244 393904 509203 393588 508537 397312 514951 394957 510916 391965 506606 393374 508196 394501 509433 396472 514491 391699 506791 395189 510679 394998 510658 392925 508040 391648 506169 
393453 508669 392426 507604 392842 507705 391101 505646 394018 509942 393835 509178 396332 512458 397343 514762 394222 510066 391907 506515 394942 510580 398338 515312 393848 509413 392442 507891 395581 511672 395962 512183 397720 516030 394731 511090 395410 510611 392102 507587 397008 514035 393897 509240 395350 511760 395062 510831 393277 508774 391717 506416 384897 498515 396041 511833 392489 507206 395460 511334 395518 512005 396150 513061 396924 513063 396320 513043 396107 512409 379872 491339 394775 510103 395257 511153 395075 511114 384714 497884 392303 506687 395649 511976 396352 512936 394764 510596 395851 512756 394243 509015 395220 511813 396935 513245 392459 507089 395681 511497 
395641 512125 395160 511171 398425 515918 350456 453190 398555 515425 398549 516344 393566 508674 396519 512528 389578 503681 396104 512200 395171 511192 396989 513916 396587 513008 396095 512417 396831 512761 358647 463414 397003 513514 394222 510229 394052 509172 398167 514856 393794 509433 397447 514720 386079 499024 394009 509481 393431 509223 396825 512822 393302 509228 395763 512346 395595 511252 395881 511417 392185 506949 390477 504657 389157 502748 394509 509962 393455 508438 392864 507945 395294 511142 394154 508660 394408 510264 398722 515721 395358 510762 395285 510943 396699 512906 393803 508805 393416 508472 393240 508958 390661 505144 392429 507370 390865 505068 391773 506532 
399516 516765 397952 514732 397238 513424 397808 515030 396905 513314 396282 512850 396219 512594 395945 512305 399169 517397 397317 513689 394922 510128 394531 509799 388240 502153 396659 512658 397289 513679 396028 512554 396659 512635 397165 513445 397466 514700 398627 515244 379935 491767 398726 516230 384175 496405 396395 513263 388013 501451 394428 509277 395903 512453 393987 509746 396955 513174 395839 511925 391678 507208 397948 515053 396721 513382 398568 515781 393583 508814 395533 510856 397232 513528 396306 512965 394339 509620 397828 514448 397265 514104 394997 510938 396885 513844 397155 513895 398263 515538 393781 508832 396516 512083 391473 506613 395768 511690 396342 513134 
397686 514040 388207 501567 399554 517745 396319 512203 392486 507468 400818 519203 399978 517362 396616 512854 399222 516775 391357 506711 393616 509179 397656 514416 399382 517252 395166 510462 393708 508941 397898 514833 356691 461409 397801 514902 396790 513454 398453 516094 391989 506602 395989 511508 397946 514675 396142 513389 394873 510983 395054 509886 396944 513811 397273 513994 391304 506918 396278 512877 396005 513219 397197 513487 394593 509687 396055 512120 388056 501995 394976 510617 394719 511056 393984 509110 393828 508820 398226 515662 395878 511705 399646 517633 393796 508930 400004 517553 399330 516209 392233 507256 396400 511574 395973 512394 399312 517163 399097 516351 
398325 514820 395898 511890 401122 519538 396511 513131 397321 514972 398308 514768 399158 516520 359029 464123 398777 515495 398263 515121 399173 516762 389081 502921 398509 516161 397643 514091 392092 506717 399661 516583 392545 507158 398867 515627 397457 514191 398459 514762 390184 504363 394658 510920 395889 511430 399870 517514 397002 514227 397091 513239 399178 516639 397532 514169 400737 518544 398392 515500 398261 514579 394097 508698 401391 519120 399108 516419 378759 490068 391134 505377 398298 515367 398743 516217 388790 502270 392947 508669 399947 518080 400618 518387 393208 509155 396899 513412 381814 493481 397779 514903 400797 519166 397962 515300 396918 513469 399722 517649 
399442 516271 397702 514650 398850 515921 396855 512772 400151 517858 402177 521036 398599 515052 398770 515288 397896 513875 399630 516839 395430 511187 395969 511930 397454 514482 399554 516561 398021 514419 398857 515539 398662 515931 398533 515270 398515 516208 400102 517139 399476 517276 399797 517188 394093 509284 397414 514385 392975 507581 397516 513459 401335 519147 398253 515587 400346 517831 399637 516914 395573 511003 399962 517329 397811 514081 398286 515161 399928 517364 395357 510612 382234 494043 398622 515986 399644 516839 395525 511291 399397 516383 401551 519148 398371 515054 389718 504686 398498 515202 400790 519120 398468 514714 399353 516192 399866 517424 396783 512651 
397858 514474 400639 518302 399447 516873 397724 513713 392278 506580 398582 516703 399241 517068 396706 512615 397354 513745 394824 509421 398331 515866 400593 518403 401232 519222 401328 519042 398889 515862 396250 511839 396647 512586 395064 510396 401101 519196 400264 517839 397479 514212 402030 519645 393642 508798 361210 467569 398240 515328 396382 513535 400782 518522 395689 511659 402871 521130 397337 513665 397908 514295 399732 517058 401784 519546 395785 512249 400109 517422 400867 518438 396646 512302 397952 514103 396878 513864 400029 517178 398060 515640 400890 519321 401077 518626 399288 516335 398560 515031 398329 514578 398085 515333 400431 517573 397757 514126 402405 520709 
396547 513071 401962 520555 399640 516884 402453 520459 403035 521948 399535 515912 400943 518151 401765 519834 400085 517711 390778 505092 399113 515828 398158 514868 403014 520629 401750 519308 392943 507967 400795 518441 399121 515077 402454 520712 400259 517810 399927 517370 401378 520277 398594 515160 382665 495074 399913 517038 396910 512753 402553 519949 395518 511070 400371 518678 400300 518071 401442 519122 396783 512808 399226 516607 400123 517427 400427 518618 402310 520101 393851 508982 402118 520786 400544 518535 404422 523493 401898 519995 404759 524258 397681 515082 401667 519158 400403 517487 401583 519458 400148 516902 394180 509718 398777 515382 399048 516352 398467 515408 
401795 518960 401859 519448 395991 512612 403211 521553 402089 520027 400066 517797 399999 517201 404080 523177 398725 514877 400611 517673 401873 519551 400136 516679 402900 521598 381093 492920 401035 518585 403634 522084 400682 517276 404277 523322 402104 520624 403013 520968 394219 509806 393131 509119 400775 519217 401806 519604 404955 523948 399231 516090 402019 519738 405626 524918 401717 519748 400847 518516 404008 522601 402135 520152 402480 521112 399520 517005 401869 519630 401328 519182 402831 521152 401206 518722 401248 518705 403186 521019 401562 519148 400567 517811 403024 521522 401534 518836 397290 513423 398322 515144 399692 517366 401319 518400 400881 517708 403118 521315 
394645 510169 400391 517653 401811 519266 396651 513048 401759 519513 401854 519508 399766 516503 382950 494769 395813 512571 403547 521738 399332 515894 404154 522745 401789 519190 398110 514895 404073 522846 401328 519339 383355 495555 405355 524694 401064 518915 401640 519390 404129 522434 401515 519130 402705 520743 395655 511417 404162 522648 393460 508983 399956 517149 403965 522047 405372 525057 399929 517818 384031 497034 403378 521990 401798 519014 398689 514698 401142 517967 404295 523439 401264 518756 390380 504406 403895 522460 402046 519779 403134 521108 394611 509376 401678 519186 404895 523751 404576 523360 401088 519054 398501 515055 400942 518889 396399 512106 403165 521481 
404524 522960 403700 521943 403255 521103 401702 518807 403903 522311 403741 522043 402497 520304 394614 509931 404060 523094 401699 518692 402139 520510 404027 522786 406019 525466 401656 518760 404884 524351 402839 521420 401187 519559 405364 524785 403889 523117 403812 522119 399785 517092 406125 525834 404297 522662 400317 517882 403337 521888 402422 519856 399474 516917 405300 524331 398599 515633 402505 520546 404262 522916 406001 525065 403884 522207 403725 522976 404192 522932 402307 519815 402178 519948 401260 518471 400180 517027 403538 521652 400878 518039 402504 520204 401806 519570 403812 522040 402921 521353 401221 519336 404446 523054 401101 518610 403343 521938 403892 522803 
385285 498239 404318 522350 403673 521909 395944 511962 394409 509135 405077 524520 405166 523829 403274 522110 394283 509581 403337 521334 404150 522681 396526 512961 407079 527245 404956 523346 405413 524361 403765 522341 402281 520546 403828 521775 396462 513014 402028 520288 404527 522538 385011 497918 404595 522783 404898 524135 404200 522131 405390 524918 405390 524295 405516 524606 408095 528403 406642 526094 403369 521452 403454 521867 402179 519946 403141 521274 401900 520627 406509 524957 406334 524737 405482 524707 403363 521159 402235 519740 402914 521812 401613 518553 405082 524144 403872 521786 405917 525261 402220 519572 405577 525178 394524 510593 403766 521565 403955 521598 
402792 521034 401400 518444 405784 525308 406012 524255 402643 520992 400057 517486 402994 521163 405765 524804 406333 525420 405054 524438 405514 524271 405857 524958 406146 525330 404475 522547 403139 521461 404750 522867 403324 520876 404312 523399 405370 524445 405175 523734 403458 521656 406270 525700 404491 523109 401752 520123 403419 522199 403946 521937 406294 525079 368726 477177 405736 524041 401028 518367 406188 525963 405965 525392 404273 523168 398976 515888 406360 526054 391538 506060 404652 523076 407388 526812 404682 523893 403913 522585 405049 524339 403421 522042 404674 522720 403579 522148 404727 522959 405815 524796 404962 523657 404294 522553 404790 523708 405389 524140 
