612 835 655 900 646 877 348 459 355 471 562 738 599 776 636 838 629 848 670 862 602 801 665 890 591 785 618 822 595 782 633 875 633 811 313 411 539 706 601 813 345 451 576 777 602 815 305 400 515 680 349 469 642 846 602 824 643 880 660 903 626 840 630 814 595 787 611 833 565 781 634 862 682 917 683 927 693 936 622 838 622 809 293 388 622 837 637 852 620 849 587 794 640 869 337 457 597 823 606 827 
1313 1718 1279 1689 1371 1788 1297 1699 1247 1637 1304 1720 1355 1780 1291 1716 1329 1758 1247 1704 1294 1693 1354 1725 1401 1872 631 834 1238 1663 1342 1814 1201 1608 1311 1751 1310 1743 1257 1665 1284 1702 1329 1768 1362 1795 1250 1627 1312 1767 711 944 702 943 724 949 1323 1769 728 958 1260 1713 1199 1617 1290 1663 1231 1619 721 940 1321 1731 1328 1791 1375 1814 1277 1696 1228 1593 1413 1892 1244 1669 1307 1736 1330 1805 1238 1615 1369 1840 1296 1749 1367 1811 1255 1659 1308 1745 
1942 2562 2068 2757 2137 2796 2156 2778 2168 2896 2028 2689 1974 2598 2134 2831 2032 2665 1880 2441 2098 2795 2199 2930 2139 2809 2127 2815 2060 2768 1930 2527 2064 2726 2203 2941 2059 2726 956 1249 2076 2743 2084 2717 2161 2781 2091 2760 2031 2749 2048 2660 1888 2479 2186 2922 2045 2648 2122 2820 2033 2720 2078 2736 2194 2932 2126 2808 2127 2827 1969 2606 2066 2748 2108 2790 2074 2684 2120 2834 2062 2779 2215 2910 2104 2805 1899 2506 2112 2771 2039 2677 2031 2673 2091 2777 1967 2601 1998 2713 
2847 3786 2820 3636 2847 3804 2913 3823 2897 3803 2835 3705 2692 3526 2823 3709 2946 3889 2811 3751 2645 3528 2742 3629 2785 3700 2917 3878 2879 3809 2645 3410 2687 3542 2750 3600 2652 3557 1419 1842 2910 3782 1524 1979 2892 3757 2751 3663 2688 3505 2868 3745 2869 3786 2839 3804 2837 3733 2682 3440 2613 3391 2785 3626 2637 3526 2801 3721 2634 3493 2954 3853 2803 3710 2786 3692 2936 3878 1505 2000 2986 3995 2892 3780 2931 3938 2816 3709 2824 3684 2981 3930 2696 3485 2814 3760 2844 3763 2498 3261 
3580 4630 3647 4792 3561 4618 3661 4735 3257 4332 3653 4871 3635 4802 3531 4691 3466 4558 3642 4800 3792 4970 3566 4697 3591 4718 3570 4651 3587 4713 3513 4686 3662 4879 3616 4788 3520 4700 3585 4715 3602 4727 3388 4460 3693 4941 3639 4797 3620 4750 3361 4517 3270 4306 3687 4885 3356 4504 3629 4800 3571 4701 3554 4649 3487 4575 3601 4745 3525 4666 3457 4558 3466 4527 3604 4784 3706 4892 3603 4803 3117 4071 3657 4746 3513 4666 3569 4676 1976 2598 3370 4384 3635 4783 3649 4792 3659 4864 3598 4782 
4253 5552 4055 5407 4140 5380 4332 5811 4355 5727 4493 5935 4279 5707 2255 2928 4591 5996 4336 5732 4460 5849 4320 5701 4283 5660 4251 5577 3942 5144 4421 5810 4272 5629 4372 5773 3972 5249 4279 5618 3992 5247 2206 2905 4360 5802 4134 5467 4053 5322 4216 5490 4329 5674 4446 5783 2269 3000 4360 5721 4323 5598 4261 5625 4247 5609 4335 5671 4248 5598 4171 5526 4219 5499 4327 5687 4325 5655 4408 5787 4350 5743 4016 5271 4437 5855 1949 2540 4422 5849 4460 5819 4195 5507 4218 5563 4509 5893 4416 5801 
5150 6723 4568 5988 5177 6750 5074 6597 4667 6027 5137 6770 5179 6818 5083 6776 5242 6908 5165 6738 5166 6787 2741 3570 4999 6569 5121 6706 4929 6390 4550 5929 5015 6530 5074 6613 4933 6389 5037 6597 4960 6571 5131 6722 4777 6323 4883 6415 4876 6472 4776 6318 5025 6529 4987 6522 4667 6115 5018 6485 5068 6709 5122 6722 5177 6777 4970 6526 2710 3536 5058 6666 5265 6907 5196 6846 4651 6154 5279 6939 5303 6943 5131 6762 5203 6868 5040 6625 5078 6633 5097 6633 5184 6778 5243 6886 5134 6770 4826 6352 
5976 7813 6046 7839 5865 7742 5942 7862 5336 6992 5705 7404 5897 7774 6028 7912 5979 7810 5608 7340 5845 7698 5872 7649 5682 7348 5889 7701 5476 7178 5785 7621 5825 7684 5930 7837 5856 7719 5897 7735 5952 7837 6018 7802 5753 7531 5703 7392 5846 7647 5928 7854 6049 7939 5931 7741 5923 7721 5922 7731 6132 8004 5776 7633 5843 7634 3183 4140 5583 7389 5929 7710 5807 7623 5841 7644 5889 7646 5812 7665 5771 7589 5870 7620 5731 7458 2609 3394 5809 7540 6017 7869 5142 6763 5919 7725 5717 7451 5831 7670 
6876 9026 5997 7831 6638 8707 6470 8556 6266 8172 6541 8481 6573 8566 6622 8578 6569 8620 6613 8626 6684 8698 6769 8815 6380 8383 6600 8692 6116 7939 6578 8512 6760 8721 6737 8827 6672 8759 3374 4444 6621 8768 6581 8655 6531 8490 6889 9014 6564 8429 6631 8679 6427 8476 6373 8362 3474 4544 6687 8820 6632 8636 5798 7583 6104 8048 6599 8609 6591 8645 6586 8676 6580 8561 6589 8578 6657 8699 6370 8325 6656 8777 3470 4536 6707 8843 6223 8193 6086 7896 6616 8664 6598 8655 6669 8785 6702 8730 6763 8821 
7329 9649 7429 9744 6959 9108 6902 9008 7374 9714 7325 9573 7320 9600 7783 10169 7280 9628 6661 8745 7388 9615 3829 5018 7222 9543 7438 9896 7547 9892 7296 9541 3920 5149 7284 9618 7551 9858 7460 9718 7407 9734 7602 9927 7041 9221 7321 9740 7391 9736 7465 9785 7490 9759 7561 9905 7367 9609 6982 9067 7434 9876 7091 9288 7276 9558 7168 9348 7433 9731 7032 9174 7041 9368 7648 10065 7328 9549 7034 9196 7204 9490 6609 8594 7332 9614 7471 9736 7264 9610 7099 9275 7370 9697 7203 9403 7118 9331 7318 9638 
8084 10483 7952 10298 8198 10614 8477 11071 8127 10555 8314 10908 8378 11019 7973 10397 7663 10087 8434 11113 7744 10085 8270 10856 8157 10685 8154 10795 8064 10525 8195 10725 8208 10817 7945 10435 7434 9758 8138 10607 8355 10969 7872 10337 8342 10997 8442 11063 4263 5632 8028 10447 8217 10862 7927 10370 8265 10860 8236 10751 8158 10687 7819 10288 8122 10590 8309 10819 4258 5606 8089 10546 8193 10734 7560 9949 8191 10605 8048 10494 8189 10771 4313 5638 8008 10476 8340 10976 4273 5548 8141 10733 8484 11086 8385 11013 8073 10502 8397 10976 
9053 11828 7870 10392 9027 11789 4630 6065 9240 12114 8124 10671 8980 11791 8880 11638 8140 10622 8419 10912 8771 11404 8831 11522 9187 12051 9100 11885 9004 11829 7806 10113 9321 12157 8092 10622 8837 11537 8895 11697 8935 11699 8691 11526 8849 11676 8964 11726 8936 11666 8526 11103 7817 10236 8964 11705 8097 10520 9149 11937 8866 11646 9036 11719 9095 11973 8575 11303 8976 11819 9136 11881 8603 11125 8374 10877 8906 11690 8513 11079 8878 11699 9046 11844 9045 11916 8961 11715 8944 11679 8806 11503 8830 11611 9166 11874 8800 11474 8692 11366 
9580 12492 9975 13067 9737 12690 9724 12648 9416 12321 9794 12669 9765 12737 9957 12985 9706 12717 5043 6606 9865 12852 9670 12683 9862 12921 9764 12901 9768 12763 9553 12382 9673 12672 9794 12806 9892 12907 9801 12821 9125 11999 9702 12646 9948 13037 5095 6645 9799 12711 9753 12724 9801 12813 9618 12526 9640 12451 9029 11767 9800 12893 9507 12366 4270 5564 9910 13041 9961 13011 9561 12434 9932 12982 9629 12580 9712 12626 9917 12884 5029 6496 9607 12625 9795 12849 9685 12662 9619 12471 9837 12854 9682 12574 9749 12768 9891 13004 9603 12496 
10534 13878 10680 13986 10563 13851 10410 13683 10502 13736 9893 12883 8991 11668 10533 13771 9136 11931 10620 13865 10426 13594 10278 13351 10847 14115 10746 13983 10469 13694 10680 13920 10486 13772 10638 13849 10707 13864 10435 13589 10790 14087 10446 13638 10621 13876 10359 13636 10705 13994 10759 14054 10517 13629 10497 13628 10450 13651 10599 13873 10475 13748 10514 13698 10599 13788 9666 12463 10344 13528 10258 13508 10414 13577 9473 12371 10586 13844 10340 13418 10552 13810 10206 13301 10500 13754 10765 13980 10030 13043 10635 13901 10843 14175 10245 13274 10516 13699 10591 13783 
11485 14902 11191 14542 11231 14643 11496 14952 11470 14966 11435 15022 11029 14401 11202 14558 11284 14682 11533 14979 11526 14921 11239 14499 10783 14107 11239 14611 11192 14556 10519 13860 11442 14978 11392 14921 11674 15135 10958 14212 10249 13392 11264 14685 11579 15099 11624 15148 10119 13124 11679 15267 11354 14751 11353 14762 11460 14840 11342 14858 11461 14875 11335 14680 10332 13426 11333 14662 11467 14958 11393 14799 11535 15016 5582 7281 11330 14782 11358 14717 10917 14285 11390 14837 11321 14987 11104 14398 11363 14876 11291 14771 11400 14913 11330 14954 11415 14797 11226 14622 
12449 16203 11875 15542 11712 15182 12074 15718 11998 15630 11144 14577 12366 16029 12034 15774 12237 16038 11979 15697 12021 15729 11325 14822 11863 15569 11968 15659 12017 15610 11912 15577 12219 15869 12136 15819 11681 15129 11810 15240 12158 15892 12071 15674 6302 8252 12019 15696 11954 15557 12274 15943 6306 8259 10634 13833 12158 15807 6377 8274 12002 15781 12360 16096 12227 16018 10749 14188 12122 15886 11802 15409 11965 15521 12094 15887 6201 8078 11969 15541 12310 16111 11977 15599 12099 15793 11660 15261 12015 15508 12535 16385 12366 16085 12062 15820 11961 15635 11737 15214 
12795 16699 12782 16767 12613 16573 13120 16990 12933 16798 12789 16727 12845 16665 13142 17244 12806 16702 12786 16848 12602 16353 12639 16385 12801 16641 12587 16349 12788 16782 12530 16264 12834 16774 12974 16899 11702 15154 13027 16875 12925 16864 13068 17062 11976 15521 12401 16029 12133 15864 12931 16843 12855 16838 13004 16959 12935 16772 12704 16444 12502 16319 12607 16427 12919 16893 12851 16744 12695 16530 12743 16669 12399 16040 12885 16787 13174 17212 6668 8740 13015 17137 12684 16502 12905 16804 12890 16912 12747 16785 12636 16420 12931 16952 12397 16129 12996 16950 12918 16845 
12506 16363 13475 17605 13371 17403 13723 17940 13376 17621 13335 17249 13569 17712 13134 17078 13410 17272 13634 17779 12626 16540 13461 17631 13350 17413 13639 17606 13967 18340 12979 16913 13113 17045 13416 17459 13897 18211 13680 17895 13654 17717 13515 17515 12688 16542 13689 18062 13348 17321 13319 17392 13368 17549 13777 17902 13708 17850 13521 17596 12236 15806 13601 17961 13382 17475 7135 9280 13533 17762 13543 17725 13778 17920 13455 17413 13904 18198 13879 18187 13988 18223 13595 17739 13627 17718 14073 18374 14090 18407 13185 17276 13715 17838 12209 15805 13674 17766 13434 17378 
14526 18906 14355 18634 14736 19197 14476 18797 14440 18909 14812 19408 14326 18638 14069 18150 14386 18791 14369 18810 14448 18726 14591 19064 14644 19091 14260 18502 14707 19148 14624 19095 14837 19415 14299 18580 14377 18883 14422 18722 14778 19195 14132 18486 14482 18897 14256 18620 14508 18938 14374 18774 12881 16807 14226 18526 7618 9970 14293 18700 14635 19155 14479 18762 13899 18132 13858 17968 13914 18122 7501 9808 14589 19160 14506 18997 14511 18949 14448 18872 14146 18408 14478 18975 13739 17890 14168 18376 14421 19021 14212 18368 14009 18350 13958 18239 14302 18661 12627 16337 
14581 19128 15407 20104 15182 19800 15125 19682 15287 20045 15248 19852 15532 20368 13670 17919 15294 19610 15099 19585 14791 19237 15137 19900 15254 19848 15139 19634 15295 19886 14848 19346 6641 8673 14690 19188 15300 19917 15223 19801 15004 19599 13778 17944 15124 19734 15546 20240 15256 19719 15494 20129 15394 20095 13005 16949 15085 19746 15365 19993 14949 19440 13931 18206 15221 19913 15239 19818 14496 19023 15350 20183 14980 19595 14947 19573 15593 20358 13261 17255 14365 18730 15019 19674 15162 19847 15104 19725 15169 19950 15338 19962 15008 19543 15244 19947 14805 19303 15059 19790 
16252 21119 15866 20764 16186 21222 15900 20825 14554 19008 15860 20802 16438 21497 15636 20304 16136 21052 15924 20832 15656 20374 14485 18991 16073 21027 16267 21097 15792 20649 16054 20940 16393 21393 15979 20904 16171 21182 15774 20437 16166 21096 15525 20176 15927 20608 16201 21272 15980 20925 16199 21221 15445 20124 15915 20779 16061 20855 15034 19693 16318 21321 15896 20791 15037 19676 15619 20406 15747 20698 16070 21191 14453 18771 16139 21059 16187 21213 15537 20323 15775 20551 15948 20720 16072 20962 16065 21070 15423 20027 15601 20596 16054 20974 15329 20155 16251 21252 16071 20990 
16154 20880 16942 22101 15222 19777 16821 21992 16863 21960 16656 21682 16461 21490 16722 21985 16803 21905 16155 21056 16834 21867 17006 22242 17037 22263 16333 21249 17141 22187 16764 22026 16754 22018 16804 21891 16767 21907 15890 20718 16779 21831 16888 22057 16791 21710 16809 22009 15113 19672 16639 21804 16664 21444 16610 21701 16810 21947 16652 21682 16760 21803 17163 22445 17016 22339 16596 21701 17035 21971 16502 21501 8883 11614 16831 22011 16759 21903 16818 21933 16466 21430 15388 20024 17089 22349 16819 22036 16973 22201 16263 21343 16851 21808 16442 21521 16233 21167 17044 22113 
17188 22595 16046 20815 17574 22841 17622 22970 9022 11750 16699 21787 9115 11855 17481 22657 18030 23506 17591 22915 17299 22522 17524 22884 16216 21102 17581 22999 17763 23128 17122 22140 17327 22628 17706 23197 17500 22922 17261 22449 16171 21008 17826 23111 9053 11765 17544 22927 16851 21849 17941 23509 17481 22848 17202 22442 16991 22142 17734 23266 17963 23434 17789 23215 17715 22910 17396 22627 17834 23299 17804 23114 16605 21646 17956 23325 16872 21995 17645 22967 17190 22196 17598 22934 16380 21294 17796 23249 17912 23415 17705 23029 17601 22941 17468 22853 16537 21544 17903 23269 
18036 23544 18391 23987 18253 23918 18175 23643 18580 24272 18157 23711 18626 24294 18953 24843 18325 23841 18665 24302 18479 24197 18182 23626 18606 24221 18573 24228 18639 24180 17901 23223 16816 21948 18066 23604 18005 23578 18861 24473 18310 23791 16168 21048 17083 22288 18052 23661 18404 23996 18194 23451 17536 22769 18312 23940 17457 22568 18714 24425 18082 23461 18676 24383 17060 22233 17046 22260 18260 23861 18110 23628 18057 23470 18688 24536 18150 23594 17909 23320 18679 24232 18127 23545 18565 24232 18343 23889 18318 23769 18421 23991 18067 23500 17818 23085 18277 23814 18172 23615 
19130 25013 17318 22670 18865 24747 19220 24987 17991 23643 19338 25167 18883 24721 19191 25096 18654 24198 19748 25636 19401 25144 19031 24784 19188 25021 19868 26077 18761 24286 19167 24962 17643 22856 19193 25188 19038 24837 18953 24819 19014 24931 19384 25322 19307 25156 18958 24733 18585 24081 19500 25224 19407 25534 18958 24690 19513 25474 19146 24970 19504 25475 19504 25298 18891 24489 19265 24963 18777 24440 19196 24950 18979 24771 18860 24536 19109 24989 17332 22511 9730 12675 19267 25215 19511 25380 19098 24773 18758 24448 19373 25370 18909 24488 18959 24714 18999 24836 19035 24775 
19648 25738 18225 23619 19720 25553 19844 25951 19671 25568 19836 25860 19898 26054 20065 26217 19724 25629 20381 26716 19931 26089 20041 25881 19955 26154 19072 25018 19775 25791 19537 25420 19427 25214 19713 25643 10332 13381 19962 26106 19598 25457 20241 26352 20021 25938 20259 26459 19614 25484 20278 26430 19689 25521 20012 25858 20586 26789 18279 23880 19882 25824 19613 25681 20124 26089 20198 26593 19615 25315 19329 25238 19478 25403 19795 25755 19908 26050 20132 26290 20442 26487 19742 25838 20529 26526 20249 26320 20074 26330 20131 26315 19524 25432 18521 24255 19498 25419 19275 25074 
20938 27475 20718 26936 19929 26045 10772 13972 20430 26723 21040 27469 21102 27358 20979 27110 20549 26880 20416 26558 21052 27471 20890 27061 20010 26097 20417 26605 20666 26870 19694 25389 20640 26825 20625 26929 20890 27254 20405 26445 19425 25063 20405 26533 19026 24792 20581 27061 20404 26613 20784 26964 18478 24050 20884 27084 20420 26611 21156 27805 19189 25142 20025 26108 20333 26409 21486 27975 20981 27528 21208 27831 21037 27548 20390 26466 18967 24735 20411 26634 21117 27385 20070 26245 20832 27179 20830 27117 20805 26996 21052 27546 20826 27186 20848 27190 20911 27195 21132 27586 
21650 28242 21828 28335 21287 27593 21151 27659 21920 28537 21454 27757 21810 28426 22021 28720 20776 27117 21490 27910 19742 25733 21878 28633 21585 28092 22070 28775 21430 27884 21317 27612 19635 25486 19963 26159 21146 27741 21476 28011 20090 26082 11129 14592 21431 27976 21249 27453 21444 27999 21805 28419 21656 28170 21104 27352 21456 28177 21484 28019 20639 26889 21297 27593 21630 28167 21505 28001 20873 27178 21869 28548 21787 28386 22261 29013 21673 28223 20930 27198 21717 28284 21426 27614 21739 28410 20185 26236 21898 28409 21725 28295 21643 28209 21589 27943 22218 29075 21528 28024 
22079 28700 22411 29315 22554 29312 22305 29047 21875 28484 22482 29351 22229 28891 22694 29543 21826 28361 21841 28299 22703 29689 21601 28273 22302 28940 22790 29836 22595 29485 21493 27971 11344 14726 22361 29161 22402 29175 22897 29827 22068 28803 21936 28585 22586 29152 21939 28446 22223 29042 22012 28684 22066 28696 20458 26673 22572 29197 22096 28980 22417 29187 22003 28649 22318 28899 22490 29501 22348 28996 22726 29717 22680 29212 22206 28985 22812 29678 22698 29499 22187 28839 22325 28933 21794 28194 22405 28982 22043 28842 22427 29169 22286 29019 22046 28701 22475 29395 22474 28999 
23585 30826 21366 27891 22637 29414 23615 30654 23010 29972 23617 30761 23445 30596 23299 30368 23336 30289 23223 30370 23362 30353 23553 30732 22576 29354 22980 30028 22951 29831 21985 28517 22644 29453 22904 29769 22964 29918 11960 15619 23101 29943 22624 29135 21889 28491 21121 27623 20712 26809 23303 30307 21775 28209 22760 29542 22975 29871 23403 30617 23642 30706 22899 29732 23398 30482 23006 30014 23162 30117 22486 29150 23487 30747 22993 29880 23447 30459 22989 29920 22836 29843 23547 30695 23303 30251 23093 29956 23370 30605 23312 30336 23560 30669 22211 28819 23189 30150 23207 30156 
22886 29899 23713 30928 24280 31569 23958 31156 24315 31481 23863 31269 23676 30791 23641 30697 22787 29907 24611 32214 24108 31343 23419 30455 23516 30753 22257 29042 23902 31064 23079 29888 24173 31371 23619 30926 24217 31494 24038 31313 24189 31459 24204 31354 23874 31205 23933 31160 23798 30895 22938 29804 23949 30964 24138 31521 24238 31765 23912 31165 23715 30974 23319 30260 24010 31128 24124 31402 23938 31165 23888 31006 24092 31478 23652 30888 23126 30190 23690 30778 24077 31341 23879 31081 21729 28290 23844 31090 23939 31237 24074 31336 12278 15993 23881 31194 22188 28881 23569 30750 
24985 32710 24318 31711 24672 32274 24573 31880 23290 30076 25186 32825 23561 30543 24713 32122 25345 32962 23378 30472 24758 32315 24515 31754 24577 31926 24591 32180 24890 32476 24762 32204 24458 31677 24331 31672 24917 32468 24704 32164 24654 31977 24463 31743 24447 31861 24610 31907 25293 32892 24533 31856 24474 31860 24438 31850 24639 32143 24642 32026 22160 28687 24449 31816 24615 31936 24676 31744 24885 32544 24939 32394 24279 31601 22903 29651 24949 32514 24962 32295 25189 32668 24292 31563 25245 32762 24428 31836 24896 32286 12732 16676 24820 32394 24756 32223 24765 32209 24107 31474 
25315 33070 24619 32032 25503 33255 25529 33060 24838 32121 25525 33114 25394 32969 25714 33461 25711 33423 23610 30448 25526 33503 25962 33764 25864 33610 25259 33083 25782 33552 22996 30009 25334 32993 13143 17127 25968 33975 25381 33126 26112 33979 23114 30171 25074 32639 24866 32404 25107 32697 24978 32472 25829 33819 25608 33382 25364 32927 25502 33215 25074 32558 25400 33019 25887 33569 25866 33668 24252 31747 25313 32989 25878 33772 25347 32908 26149 34035 25788 33656 25997 33985 25911 33639 25675 33551 25612 33385 24796 32232 25932 33589 24966 32540 25738 33416 24133 31385 26235 34227 
26299 34386 26387 34264 25519 33190 26566 34698 25079 32503 25893 33672 25974 33856 26533 34448 25871 33586 25737 33795 26427 34234 26278 34122 26376 34223 25551 33063 23796 30839 26153 33960 25946 33734 26406 34212 25923 33693 26344 34077 26723 34708 25943 33859 23479 30446 25629 33439 26562 34643 26163 34098 26721 34822 26047 34065 26318 34272 26058 33830 25017 32544 26586 34556 25846 33637 26036 33638 26278 33908 26569 34744 26465 34558 24147 31432 25703 33404 26605 34516 26667 34709 25017 32446 25641 33443 26378 34486 26387 34083 13592 17718 26883 35019 26224 34008 26245 34219 26704 34705 
26843 34775 26944 35085 25718 33475 27494 35921 26943 35084 27554 35861 26630 34794 27373 35496 24727 32135 27485 35884 27826 36498 27309 35379 27436 36006 27547 35872 26632 34889 27405 35686 27190 35359 27166 35235 27173 35354 27186 35261 26826 34831 27652 35926 27142 35163 25076 32731 27299 35508 27481 36028 26971 35239 26658 34525 26280 34154 27391 35594 26911 35055 27158 35473 27584 36017 27199 35464 27231 35250 25367 33030 26947 34986 26572 34497 27312 35567 27225 35432 26623 34737 27134 35218 27090 35235 27169 35405 24599 31991 27346 35575 24437 31783 26659 34700 26761 34744 26661 34845 
14340 18704 27654 35884 27521 35930 26510 34456 28289 36924 27880 36339 27689 35991 27958 36290 27166 35321 27813 36212 27593 35784 27625 35866 27481 35775 27180 35406 27778 35984 27844 36209 27438 35505 26466 34477 26938 35008 26836 34987 28082 36549 27998 36330 25904 33785 28104 36523 28032 36760 28470 36911 27557 35731 27851 36388 27042 34936 27867 36398 27617 35924 28135 36570 26077 34104 28127 36676 27017 35303 26845 35052 27444 35930 28379 36822 25057 32414 27768 36166 28035 36540 26939 34973 28127 36781 28313 36545 28265 36905 14283 18653 26387 34326 28532 37080 27393 35686 27781 36141 
15008 19512 28474 36930 28830 37317 28569 36915 28368 36866 28343 36723 28369 36860 28982 37681 28413 36926 28805 37589 28875 37703 28668 37562 28788 37566 25614 33255 28594 37197 29003 38006 28835 37319 28152 36564 28290 36858 29089 37736 28833 37455 28617 37219 28972 37636 28911 37626 28617 37214 28570 37186 28676 37345 28423 36948 28576 37223 28427 36931 28777 37490 28325 36833 28216 36737 28768 37440 28470 37004 28682 37285 29174 37565 28511 37297 27823 36257 29082 37927 26412 34219 28091 36663 29081 37747 27954 36244 28457 36899 28694 37358 28993 37753 27737 36022 27682 36036 27170 35229 
29733 38798 28494 37131 28603 37257 29785 38998 29533 38742 29001 37807 29739 38674 29387 38078 29984 39181 29578 38592 29690 38561 29626 38513 29425 38394 29873 38714 26724 34766 29640 38516 29041 37718 29187 37565 29076 37838 29533 38673 29280 38088 29640 38688 29571 38507 28803 37463 28179 36684 29350 38216 27072 35011 30145 39220 27166 35172 28584 37068 29388 38317 28681 37243 29401 38362 28300 36571 28814 37476 29569 38691 28969 37739 29481 38387 28434 36925 28290 36765 29963 38865 29689 38626 29097 37925 29347 37999 29270 38057 29741 38786 28360 36850 29701 38757 29603 38461 30034 39039 
30552 39652 30135 39069 27390 35662 30762 39949 30143 39174 29690 38526 29787 38658 29725 38610 30657 40082 29709 38613 30730 39827 29852 38939 29517 38601 31111 40402 29882 38959 30501 39538 30002 39103 29915 38723 30272 39559 30106 39119 30775 40121 30039 39163 29759 38677 29679 38641 30631 39967 30468 39555 29890 38671 30286 39661 27577 35648 29169 37780 29985 39042 31135 40446 30156 39073 30812 40230 30553 39748 30654 39805 29895 38909 30114 39121 30674 39866 29240 38355 30654 39715 28999 37594 30813 40068 30587 39740 30493 39675 29668 38530 28711 37484 30034 39289 30139 39231 30173 39325 
30526 39836 31250 40301 28250 36840 31146 40786 31361 40683 16105 20885 30196 39194 31289 40908 26694 34621 30736 39876 30029 38766 30754 39764 31565 41063 30954 40249 31340 40883 31320 40859 31290 40613 31203 40618 16105 21077 31418 41060 31295 40619 30924 40549 30850 40089 31714 41244 30213 39257 31337 40914 30978 40244 29740 38803 31165 40253 31211 40602 31040 40195 30273 39307 31427 40704 29631 38575 31015 40217 31403 40674 31071 40330 30454 39516 30956 40416 31240 40579 31395 40913 31155 40907 31113 40597 30992 40180 30710 39815 31012 40338 30866 40197 29885 38797 31360 40838 30900 40356 
31497 41056 31489 40803 30248 39509 30001 38931 32324 41933 16308 21179 31119 40393 32531 42276 29123 37840 31779 41419 30787 40239 32198 41867 31110 40589 30748 40141 32106 41663 31753 41143 32199 41919 32322 42146 32046 41707 31745 41453 31914 41540 32320 41992 30457 39577 32144 41799 31468 40810 32148 41701 31728 41465 32305 42066 30435 39711 31596 41223 30487 39639 31471 41079 16215 21041 31172 40531 31654 41201 32088 41777 28517 37125 31563 41306 31590 41314 29428 38382 32116 41792 31490 40955 31324 40577 32248 42036 28906 37786 28740 37444 31896 41465 31431 41056 32316 41929 28868 37549 
28773 37196 32949 43022 32442 42135 32968 42965 32460 42375 33165 43273 32237 41846 32290 42022 32787 42597 32992 42883 32523 42358 32500 42090 32704 42635 33208 43028 32782 42667 33836 44189 31545 41098 32673 42482 32588 42280 32850 42606 32774 42562 30307 39454 32821 42432 32480 42212 32846 42733 31952 41863 32341 42263 27567 35806 33292 43309 32733 42675 32605 42226 33317 43498 32191 42019 32254 41998 32690 42516 30651 39982 33317 43345 31862 41582 31684 41233 32962 42965 32946 42794 33102 43082 33026 42819 32979 43085 31712 41282 32760 42567 32610 42300 32927 42929 32612 42490 32412 42263 
33211 43297 33167 43151 33746 43789 33627 43651 30598 39788 33620 43725 31212 40638 33221 43301 33651 43944 33669 43821 33418 43514 31413 40857 33723 43755 33348 43695 29765 38736 33529 43745 33734 43789 33327 43467 33425 43634 30064 38914 33367 43611 33189 43106 33035 43016 33532 43373 33312 43531 34353 44686 33679 43832 33584 43696 33823 44074 32739 42550 33696 43799 34043 44106 34086 44445 33712 43731 33081 43016 33884 44017 32649 42310 33202 43173 30484 39624 33824 44117 33608 44040 33709 44002 34091 44462 33996 44412 33462 43737 33265 43170 30806 40171 33807 44098 33340 43393 33488 43567 
34144 44552 31295 40652 34746 44840 33754 43818 31247 40651 30456 39509 33836 43789 33819 43934 33452 43669 34114 44250 33366 43642 34209 44749 33994 44216 33306 43442 33712 44007 34309 44678 33608 43792 34733 45064 34315 44590 33886 44041 34426 44864 34250 44476 34033 44215 33440 43592 34473 44581 34513 44950 34269 44647 34609 45042 34120 44261 34581 45083 34961 45503 33632 43488 34291 44434 34009 44179 34271 44705 35148 45663 33702 43658 34023 44295 34653 45218 34772 45318 34592 45319 35031 45380 34437 44895 30796 40117 34549 44983 33333 43275 34006 44162 33698 43594 34352 44596 34077 44649 
35378 45763 18019 23444 35275 45929 35746 46626 33848 43879 34966 45428 35064 45563 34708 45250 35171 45811 34035 44117 32054 41943 34997 45508 34604 44829 34624 44977 34920 45205 34068 44346 17938 23406 35476 46270 34350 44551 34207 44504 35183 45593 34779 45336 34108 44277 34522 44963 35199 45788 34761 45143 34972 45569 35042 45641 35241 45482 35485 46387 33860 43917 34237 44364 34191 44402 35495 45961 35043 45876 35080 45696 17990 23457 34389 44640 32472 42242 34399 44642 35020 45591 35436 46119 35128 45701 33966 44157 31606 41008 32278 42126 33845 44113 34341 44606 35334 45944 35111 45432 
18583 24227 35362 46045 35650 46326 35242 45951 35821 46419 36211 47060 36220 47113 35587 46131 35207 45589 36150 47093 35869 46757 35308 45800 34965 45548 35478 46103 34687 45156 36402 47510 35737 46499 36096 46912 35439 46003 32487 42146 35715 46317 35772 46695 35350 46004 36357 47329 31492 40983 35321 45924 36339 47007 36223 47246 35590 46243 35901 46589 35545 46400 35661 46544 35884 46509 36624 47717 34525 44980 36002 46857 34473 44889 35496 45898 35371 46047 35349 46045 36733 47782 36186 47056 35712 46352 36561 47698 35384 46142 35742 46535 34161 44447 35819 46562 35597 46601 36280 47051 
36331 47101 36912 48352 35932 46512 37505 48640 36686 47686 36702 47625 36643 47685 36341 47205 36360 47443 33785 44208 36651 47790 35331 45719 36130 46928 33307 43299 35639 46328 36220 46972 36156 46817 35839 46435 36438 47643 37202 48198 36860 48033 37229 48137 36497 47262 36597 47275 35849 46649 36730 47642 36629 47719 36444 47413 37082 48275 36481 47428 36345 47424 37489 48754 36658 47669 36955 48019 37416 48780 36804 48008 36675 47472 36660 47456 36099 47020 36300 47428 36752 47754 36909 47857 37153 48224 37229 48619 35595 46371 36789 47940 35557 46278 36041 47004 37358 48528 36700 47947 
37920 49269 36930 48010 36180 47137 37625 48989 38067 49403 36380 47546 37391 48435 37785 48874 37018 48325 36024 46638 37396 48519 37305 48671 37637 48865 37410 48855 33543 43784 37717 49194 37522 48811 38059 49258 37436 48595 37205 48115 37702 49213 37570 48967 37532 48723 36805 48048 37366 48783 37117 48135 36582 47572 36634 47231 38398 49946 38184 49932 38637 50129 37865 49370 37356 48381 36681 47471 37266 48196 37702 49158 37376 48737 37224 48328 36944 48206 37557 48938 37225 48569 19239 25031 36948 47970 37505 48801 36879 47694 37698 48821 35859 46347 37710 49070 38624 50145 37436 48722 
38845 50706 38328 49834 37924 49191 38477 50166 38090 49288 38436 50005 35908 46811 38131 49441 38926 50511 38401 49730 36429 47353 38329 49866 38440 50023 19126 24866 37615 48787 38581 49986 38182 49759 38806 50416 38457 50302 37867 49298 38294 50002 38549 50176 38202 49638 38464 49964 36706 47693 37950 49290 38201 49729 38523 50089 37614 49037 38211 49557 38978 50811 38725 50423 38096 49440 38165 49662 38847 50293 38533 50291 38380 49786 38426 49862 38743 50412 38518 50183 38491 50092 38307 49842 38651 50088 38835 50513 38102 49387 38324 49825 37657 49156 38126 49676 36872 47817 38570 49996 
39773 51439 38928 50479 39002 50942 39531 51544 38686 50416 38733 50461 39291 51235 37502 48965 39507 51350 35522 46361 37939 49366 39351 51563 37263 48598 39278 51061 39295 51339 38913 50933 35240 45546 37791 49176 39244 50877 38638 50244 39099 50946 38873 50374 39013 50675 38809 50566 38717 50208 39484 51274 38131 49403 39944 52034 20086 26270 38668 50685 39634 51624 39745 51737 37886 49257 39977 52173 34882 45374 38903 50547 38991 50720 39933 51818 38918 50610 38522 49961 38727 50416 20184 26275 39834 52008 38896 50471 34326 44605 39509 51285 38868 50553 38799 50436 39412 51480 39097 50724 
40282 52496 39379 51156 39516 51469 40237 52496 39076 50615 39696 51333 39457 51294 40033 52049 39881 51879 39664 51494 39241 51076 39684 51611 40760 52967 39312 51045 39814 51777 37434 48660 38769 50449 39118 51167 40344 52530 40559 52456 38520 50131 39411 51147 39930 51704 39254 50928 39686 51417 39116 51084 38749 50294 39371 51203 39643 51637 39419 51131 39412 51086 39892 52058 39344 51202 40479 52562 39366 51348 40115 52102 39271 51093 38624 50353 39666 51580 40710 52812 40124 52234 39343 51165 39699 51702 38693 50276 40277 52482 20685 26928 39492 51132 39132 50584 39987 51857 39711 51815 
40247 52071 40455 52596 41238 53597 40998 53219 40207 52315 40546 52874 41012 53247 40724 53060 41284 53750 40923 53173 41305 53841 40781 53110 40568 52610 40324 52504 41343 53696 40906 53441 41669 54129 39950 51849 40626 52830 40050 52252 39309 51056 38620 50070 39597 51672 40964 53059 41241 53712 40555 52791 39622 51424 40106 52047 40447 52585 40114 52149 40572 52880 40419 52518 40755 53172 40173 52390 40073 52284 39991 51868 41339 53938 40361 52358 40332 52220 40860 53365 40043 52046 39283 51035 40827 53080 40752 53012 40768 53135 40897 53344 41258 53831 40286 52308 39421 51103 40584 52819 
40609 52880 41412 53792 41616 54340 40762 52986 41199 53623 39602 51296 40095 51991 41369 53806 39471 51338 41641 54017 41068 53294 41506 53964 41492 54073 37521 48623 41135 53686 41766 54207 41172 53854 41803 54480 37657 49080 21275 27633 41689 54306 41735 54342 37683 48988 38417 49724 40896 53491 41373 53739 37164 48373 40557 52905 41147 53121 40543 52490 42010 54396 40496 52617 41588 53924 41532 53800 41285 53460 41485 53984 40938 53390 41337 53799 42093 54848 41142 53729 42267 55134 40835 53011 37743 49400 41308 53715 41945 54023 40946 53336 42040 54489 41808 54480 38077 49455 41084 53155 
42142 54830 42815 55695 42236 55153 42793 55850 41674 54251 41969 54588 42447 55462 41916 54437 42313 54755 41697 54330 42441 55149 41953 54660 42235 55004 38871 50896 38922 50355 42929 55749 42337 55031 41658 54150 41983 54607 37760 49169 42101 54701 41524 53708 42505 55043 38504 50099 42147 54994 41971 54662 42320 54838 42186 55017 41951 54494 42617 55549 42189 54711 42167 54416 40508 52684 42282 55043 42482 55142 42659 55279 42537 55322 42657 55306 42337 54906 41835 54344 42325 55129 42055 54548 43136 56189 42977 55694 38577 50012 41663 54225 40783 53133 42450 55274 42859 55763 42824 55614 
43331 56464 40991 53179 43398 56577 43393 56306 42063 54630 43495 56404 38788 50387 42524 55129 42406 55369 43114 56006 42678 55543 43018 55934 42847 55698 42004 54727 42564 55483 43012 56002 42965 55892 43078 55913 41190 53551 42124 54590 38808 50275 43747 56743 42204 54753 43707 56831 43291 56076 43525 56433 43007 56119 42397 55068 42274 55328 42382 55024 43392 56279 43421 56519 42924 55763 43268 56315 43325 55913 43303 56191 43168 56100 43137 56001 43333 56177 43179 56221 41694 54145 42270 54786 41244 53397 40796 52997 42629 55313 42212 54773 43299 56211 43250 56365 42949 55911 43258 56206 
43658 56662 43670 56792 42618 55594 44596 58153 43742 56728 44025 57420 43715 56970 43676 56888 44009 57342 44566 57767 43037 55804 43775 56674 43807 56760 44164 57470 43752 56396 43244 56232 44486 57842 44090 57164 44674 58184 42845 55696 44164 57290 44424 57915 43343 56137 43421 56545 44195 57579 43250 56168 44017 57265 43925 56971 22399 29205 43142 56150 44052 57412 43213 56079 44609 57763 39558 51352 44366 57745 42430 55174 44137 57226 43680 56636 43575 56840 43672 56643 44324 57731 44551 57667 43455 56349 41647 54059 43648 56572 43804 56906 43450 56508 39536 51205 44539 57674 44252 57635 
44609 57970 44358 57158 44556 57832 44990 58539 45508 59231 44612 58163 45069 58707 44262 57747 45046 58404 44877 58395 45248 59018 44299 57795 44887 58388 45414 59158 44557 57832 45740 59511 44285 57485 44910 58405 44420 57860 45357 58841 44406 57657 44425 57841 44578 58219 44508 57678 44873 58081 40488 52598 45198 58476 44129 57416 43816 56943 44405 57797 43187 55918 45243 58771 41877 54395 44877 58197 44682 58314 44577 57799 45203 58954 44763 58217 41207 53429 44239 57617 45321 58532 44326 57684 44817 58382 45842 59270 44801 58309 44275 57642 45097 58828 40484 52851 44448 57622 41557 54242 
45337 58402 45847 59769 45315 58617 45814 59367 45342 58926 44980 58309 45273 59089 41444 53916 46064 59884 46157 60119 44737 58182 45249 58742 45245 58945 45416 59081 45768 59333 45455 58991 45452 58843 44672 57893 45439 58777 44539 57730 46575 60530 44816 58346 45847 59821 45240 58907 45824 59578 45635 59004 44870 57883 45392 59077 45698 59057 46274 59986 45939 59393 45256 58898 44352 57711 44855 58381 45657 59381 45334 58795 45457 58930 45525 59305 46520 60435 45515 59116 45641 59336 44844 57903 45166 58622 46786 60708 43046 55818 43215 55787 45818 59527 45845 59579 45750 59677 45944 59483 
46598 60750 46598 60450 45109 58567 45964 59437 46480 60484 46366 60371 46115 59897 46110 59912 46169 60240 46200 60080 45662 59495 46346 60345 45496 59364 46434 60116 46590 60523 46641 60555 45695 59324 46190 59994 46548 60588 46777 60682 46208 59807 45286 58737 44554 57924 45008 58684 46312 60295 45808 59816 46389 60371 46950 61364 45689 59368 45661 59383 47168 61168 45770 59421 46581 60641 45469 59184 46794 61119 41315 53735 46580 61000 44737 58119 45938 59650 45786 59625 46015 59867 45399 58769 45670 59417 46302 60327 23821 31022 46138 59556 46342 60020 46123 59462 47247 61487 23903 31029 
45731 59332 47379 61755 47509 61505 46203 60048 46291 60044 47409 61392 47918 62367 46453 60178 47315 61555 46229 59919 46965 60653 46966 60851 47761 62001 46818 60943 47702 61807 46326 60377 47216 61590 47110 61087 46026 59733 46648 60657 44394 57377 46593 60464 47392 61353 46601 60654 47173 61346 24282 31521 46899 61045 46468 60560 47443 61295 46565 60599 46563 60707 47132 61456 46498 60195 47135 61477 47072 61313 47336 61902 45821 59629 46809 60532 47339 61480 47610 62007 47064 61003 47034 61317 46731 60703 47428 61819 47162 61418 47210 61167 46963 60685 47472 61747 47400 61612 46147 59981 
47331 61498 47969 62277 47815 62153 47331 61350 48026 62767 48066 62424 47696 61743 48132 62431 44248 57307 47272 61395 48194 62512 47819 62203 47980 62627 48187 62546 48465 62952 47673 62095 48258 62588 47978 62161 48313 62611 47817 62401 47784 61737 47189 60869 48152 62339 47928 62182 47789 61948 48428 62766 47837 62130 45287 58875 47689 61845 48518 63060 47615 62024 48646 63163 47584 62067 46269 60106 48213 62440 47655 61788 47897 62464 43327 56121 46780 60944 47510 61773 42844 55373 47009 61167 48194 62770 43366 56543 48651 63173 47559 61255 47424 61826 48033 62141 46399 60337 47021 61225 
49396 63942 48206 62573 48846 63633 47724 61902 47174 61532 48928 63750 48814 63192 48349 62926 49424 64587 43215 55960 24954 32560 48106 62307 48723 63096 48346 62820 48173 62639 48507 63052 49191 63923 49197 63725 48783 63524 47573 61761 48108 62918 48739 63168 47543 62029 48885 63512 48590 63364 49591 64068 48625 62794 47959 62438 49317 63701 49182 63836 48949 63374 49594 64299 48806 63381 48817 63485 48806 63668 49015 63396 47279 61551 47722 61866 48524 63248 46475 60582 48180 62491 48876 63727 48645 63238 49464 64036 48325 62492 43811 57013 48063 62535 49171 64054 48159 62331 48072 62074 
48976 63930 49299 63905 49805 64586 49630 64557 50187 65314 50389 65351 49098 64045 48805 63449 49446 64052 48964 63423 50101 65172 49416 64019 48440 62401 49240 64216 49405 64352 50206 65538 48669 62953 48818 63532 49619 64337 47758 62253 49641 64481 49126 63859 25297 32728 49975 65007 49842 65030 49370 64173 49447 64000 49948 64821 45931 59682 48172 62595 48982 63540 49268 63698 43831 57153 49765 64674 44294 57255 47328 61337 49489 64436 48899 63490 49659 64485 49525 64402 49083 63672 49522 64516 50179 65129 49436 63746 48968 63541 49165 63772 50057 65143 48826 63326 48800 63253 48760 63277 
50234 65475 25986 33768 25395 32951 50186 65402 49633 64263 49538 64238 49832 64501 49469 64461 48947 63499 50148 64996 50612 65652 47838 61899 51304 66609 51122 66258 49562 64372 50099 65091 50177 65234 50471 65555 51513 66993 50479 65929 50275 65098 49713 64728 50068 64455 50380 65327 50424 65886 50058 64732 46154 60095 45072 58286 50755 65662 48201 62497 51380 66810 50528 65708 50337 65661 49848 64741 50115 65161 49045 63462 50503 65599 47920 62047 48866 63478 49869 64886 50173 64896 50457 65357 49696 64421 50105 64930 49508 64255 48197 62765 50368 65511 50321 65388 47466 61785 49825 64808 
50700 66018 50689 65714 49177 63898 51310 66537 51683 67240 50578 65662 52045 67132 51872 67286 50956 66240 51786 67201 49007 63302 51165 66526 50998 66313 50588 65967 50453 65510 51206 66681 51021 66243 50551 65576 51097 66678 45686 59405 51543 66809 49771 64620 51052 66483 51848 67432 51738 67051 49886 64974 51099 66408 49481 64153 51217 66039 50332 65640 52247 67714 50734 65591 50040 64991 51556 66851 50819 65944 51028 66482 48614 62968 51331 66528 50972 66313 51062 66188 50391 65449 51155 66040 50112 64887 51341 66622 46739 60540 51056 66074 51493 67061 50816 66009 50400 65385 50585 66049 
51578 67023 50538 65578 52495 68255 51360 66747 51912 67635 51005 66018 51454 66832 52456 68308 51231 66534 26737 34789 49567 64385 51365 67092 51863 67446 52047 67717 51562 66805 52846 68586 51852 67036 27007 35283 51790 67240 48859 63342 52482 68127 51736 67176 51904 67469 52126 67601 52224 68024 48791 63158 47404 61593 52661 68676 51681 66965 51654 67512 51711 66936 50753 65791 51954 67457 51969 67447 52067 67840 51265 66599 51360 66816 50594 65398 52505 68442 52449 68025 51955 67625 52217 67637 52157 67564 51853 67315 52726 68460 51649 67117 51061 66359 50721 65944 51510 66835 51843 67251 
52681 68225 50802 65794 53041 69182 52440 68054 52240 67899 52960 69025 53611 69492 53058 69045 51089 66330 52976 68977 52332 68177 53024 68824 52931 68679 52226 67968 52362 67997 52434 68040 53687 69429 52847 68548 52939 68785 52926 68756 53161 68893 51743 67326 52378 67982 52949 68816 52350 68228 52716 68358 53954 70116 52002 67583 51737 67251 52352 68123 52414 68087 52013 67509 52260 67936 53671 70304 52998 68581 52347 67896 48125 62266 52315 67968 52619 68554 52929 68875 53007 69036 51128 66012 51127 66414 52234 67677 51054 66470 53739 69741 47678 61701 49959 64678 53525 68991 52224 67781 
54229 70345 48040 62529 53534 69535 47667 61888 27485 35644 52742 68430 53394 69433 53188 68736 53890 70117 53336 69473 53091 68689 52562 68362 54085 70249 52590 68302 53735 69842 53350 69239 53163 69287 54033 70338 52695 68206 53911 69948 52644 68691 54150 70149 54244 70402 54560 70480 53004 68798 53590 69415 54335 70362 52491 68328 52695 68334 53183 68823 53605 69868 52841 68666 53291 69158 52234 68011 54146 70260 53872 69691 53784 70059 53275 69341 53946 69669 27076 35154 53165 69464 53617 69362 53604 69824 54265 70305 53961 70179 53234 69280 53017 69044 50801 66014 53909 70022 53235 69091 
53767 69685 52477 67824 51432 66687 54325 70609 54492 70900 54841 71441 53452 69543 49828 64823 54040 70303 53512 69419 50876 66177 54923 71426 54503 70992 53424 68916 54278 70586 54287 70575 55224 72139 54340 70028 54667 71010 54761 71253 27991 36469 52394 68325 52855 68649 54567 70999 53827 70012 53531 69324 53988 69960 54173 70538 54111 70165 52470 68536 54803 71057 54891 71017 54542 70616 55187 71479 54141 70045 46459 60489 54066 70461 53811 70151 54751 70966 51261 66319 54172 70143 54120 70263 48236 62512 54846 71103 54577 70536 54950 71083 51283 66482 54513 70799 54243 70549 54740 71015 
56102 72765 55336 71629 55533 72118 55560 71907 55173 71540 54667 70949 55256 71656 55455 72140 55000 71771 54761 70988 54757 70906 55513 72038 53698 69611 54063 70055 54710 70668 55537 72111 55387 72183 55527 72167 54520 70460 55603 72284 55159 71553 54540 70914 56160 73127 55689 72479 50596 65908 55875 72255 55498 72245 54968 71461 55171 71456 55537 71861 55393 71826 54855 71247 54791 70937 54036 70091 54734 70759 55633 72077 54972 71420 55517 71728 55872 72614 54485 70579 53198 69392 54662 70791 54963 70898 54759 71288 52176 67729 55265 71593 55670 72300 55555 72078 54705 71374 55837 72107 
56398 73003 55798 72087 55748 72075 57006 73991 55835 72534 55801 72554 56575 73820 56225 73340 55784 72322 55386 71750 56203 73113 55929 72532 55894 72865 56426 73087 56931 73801 55313 71812 54278 70319 55344 71851 55827 72410 56385 73206 56022 72790 55822 72409 54237 70245 55693 71923 53150 68888 56113 72868 55720 71923 56670 73504 53683 69864 56667 73719 56427 73396 55714 72343 55582 71982 56639 73683 56985 73801 55576 72229 54580 70610 55935 72685 56701 73665 55656 72293 54578 71031 55437 71941 54833 71445 51431 66414 55757 72655 55919 72816 56478 73582 56457 73377 55544 71981 56337 73056 
56671 73750 57045 73777 54567 71028 56575 73348 56632 73537 29098 37562 56718 73924 56269 72747 53272 69268 52040 67410 55140 72044 55930 72243 57047 74158 56346 73508 54406 70623 56476 73394 56229 72757 55810 72600 57943 75333 56740 73478 56889 73956 56498 73460 57021 74036 55723 72328 56716 74003 57374 74962 55226 71824 55526 72418 56055 72878 56183 72925 56881 73517 56980 74211 54150 70129 56233 72990 56521 73686 55811 72100 56612 73479 57201 74279 54719 71110 57032 74086 56596 73713 53995 69976 56306 72838 56841 73839 57434 74659 56357 72965 56710 73654 56563 73049 57268 74645 57117 74495 
57708 74487 57891 74915 57341 74373 55321 71830 55310 71658 58001 75195 58112 75912 57411 74595 57151 74003 55911 72562 56915 73814 57888 75161 57627 74737 57544 74853 57892 75446 57505 74616 57737 74977 56902 73835 57424 74159 29699 38553 57811 74488 57707 75196 51776 67070 57618 74868 57873 74964 57617 74695 57207 74217 56832 73912 58229 75700 55059 71651 57729 74878 57128 74273 57900 74891 51666 66833 58581 76263 57153 74094 57030 73809 57296 74602 58016 75201 57978 74852 57138 74032 55969 72566 57812 75056 56353 73289 57876 75011 56246 72825 56734 73619 57523 74792 58056 75403 56551 73353 
58183 75597 57727 74674 59094 76756 58547 76048 58669 76190 58223 75626 58156 75488 58449 76219 58850 76310 59017 76375 57947 75039 59120 76479 58651 75976 58021 74970 58796 76252 59312 76985 56702 73315 58378 75773 57031 74132 58526 75865 56769 73950 57885 74821 57363 74499 57598 74937 58515 76070 58122 75506 59603 77445 57455 74920 58916 76603 59091 76973 58076 75622 57439 74457 57991 75398 57964 75263 58719 76207 53065 69034 57978 74828 59107 76694 57769 74875 58630 76213 58396 75568 58268 75601 55300 71663 57340 74388 57985 75212 56738 73677 57567 75135 58195 75194 59321 77149 58892 76200 
58818 76579 58035 75441 59823 77310 30636 39814 58606 76154 59825 77820 59234 77022 58427 75613 56837 73744 58863 76536 58691 76524 59429 77023 60295 78030 58334 75707 59902 77759 58915 76574 59917 78183 58464 76230 58937 76482 59198 76473 59126 76573 54538 70343 57289 74635 59079 76623 59774 77530 57339 74593 60004 77869 59252 76603 59169 76782 56749 74010 59518 76764 58793 75873 59628 77203 59144 76502 58917 76519 57963 75392 59784 77422 59492 76866 59250 76825 30507 39631 59524 77364 59017 76594 58469 75981 58281 75503 60381 78275 58649 76315 58988 77060 58742 76399 58901 76165 54347 70388 
59049 76665 59718 77671 60666 78738 59803 77813 60280 78015 59374 77149 60664 78343 59776 77740 59176 76650 59712 77473 60558 78852 60264 78244 59476 77061 60800 78647 59821 77517 59525 77301 61307 79556 59269 76931 60871 78808 59016 76766 59420 77407 60859 79087 60436 78361 60399 78597 60241 78130 60282 78228 60738 78842 60393 78301 30782 40088 58552 76206 59812 77708 30972 40266 58097 75399 60576 79199 59619 77527 61041 78899 60992 79419 57312 74397 60654 78403 59166 76920 60720 78690 60056 78215 60811 78788 57166 73942 61244 79828 59580 77622 60693 78790 60361 78431 60046 77805 59370 77539 
60741 78894 60868 79256 55370 72103 61056 79154 60133 78171 61428 79838 61336 79820 59216 76616 60260 78535 59347 76855 60795 79094 56585 73596 60857 79117 60327 78236 30779 40064 60879 78525 60741 78796 61538 79860 61036 79296 60736 78706 61028 79230 61584 80127 61549 79654 58504 75711 60317 78082 60742 78875 60811 78715 60927 79087 55126 71192 61245 79566 59706 77636 61423 79723 60815 78957 60760 78941 59765 77540 62023 80376 62023 80849 59171 76743 31460 40893 60954 78992 60879 79338 61333 79864 58637 76333 60596 78603 60026 77943 61205 79511 60957 78754 57983 75106 59890 77859 58934 76595 
62692 81460 61587 80267 59689 77329 62685 81064 60485 78418 60081 78368 61967 80294 60723 79124 61949 80327 62180 80515 61300 79641 61870 80272 60442 78277 61796 80278 61357 79715 61615 79459 62553 80964 59167 76839 61133 79343 61653 80103 60966 78825 62567 81157 31395 40918 62102 80343 62168 80559 58563 76053 61073 79000 61145 79586 62254 80597 61793 80334 61084 79094 62055 80029 62418 81117 61099 79172 61043 79405 60365 78120 60782 79040 60511 78847 59495 77577 61726 80250 60160 77947 61902 80641 61216 78943 61910 80494 60407 78199 62331 81384 61729 80068 61426 79975 61182 79394 62277 80405 
61243 79417 61394 79706 62968 82019 61432 79253 62484 81111 61976 80527 60900 79140 61706 80215 63141 82023 63544 82104 61920 80409 62649 81519 61744 79814 61718 79931 62118 80571 62166 80918 62619 81316 62253 80568 62662 81194 61509 80009 54559 70662 61892 80411 59432 76953 62689 81625 61738 80174 63118 82055 62408 80984 61440 79480 63241 82146 63052 82097 63322 82284 62583 81246 59163 76570 56338 72767 61718 80223 63125 82106 61991 80558 60430 78101 56100 72992 62443 81011 31435 40922 62778 81695 61777 79760 62319 80948 62027 80338 62141 80392 62094 80588 61248 79574 62080 80568 61684 80104 
63420 82434 62688 81864 61864 80477 63337 82127 60809 78732 62397 81125 63944 82864 62057 80638 61323 79786 63514 82232 62364 81381 62997 81809 63510 82304 62753 81517 62550 81378 63372 82106 63441 82469 63274 82037 56472 73136 63573 82715 62850 81793 62920 81713 63485 82411 63768 82681 63087 81754 64242 83285 62656 81654 61654 80409 63345 82266 63478 82841 62592 81377 63789 83016 63267 82386 62437 81221 62482 81316 32367 42099 63430 82029 57443 74567 63398 82205 63613 82825 64233 83266 62885 81523 62033 80674 63415 82433 64095 83374 61899 80101 63661 82790 63656 82729 62572 81558 63230 82452 
65153 84343 64745 83995 63587 82791 63762 82661 64750 83949 64257 83658 64854 84218 64280 83691 62924 81915 63161 82322 64514 83591 64312 83308 64562 83947 64893 84107 63738 82855 64759 84204 63854 83043 62539 81124 64535 83763 63699 82727 64701 84111 63480 82305 64500 83904 63182 81649 64325 83815 62953 81903 64280 83660 62574 80977 63328 82021 63066 82395 62254 80972 64272 83203 64036 83475 64512 83986 63926 83267 63353 82493 62609 81362 64480 83924 63886 82968 63425 82151 63847 82977 62856 81760 64668 83845 64598 83887 61568 80089 63621 82521 63529 82461 63856 82864 61065 79113 61269 79597 
64594 83601 65877 85656 64872 84296 63822 82746 64448 83914 65932 85394 64147 83314 65386 84652 65544 84864 64772 84140 65223 84709 65536 85192 64379 83705 65992 85929 64054 83101 65322 85038 64760 83807 64491 83523 64329 83280 64255 83334 65251 84560 63178 82253 63711 82950 64212 83230 64677 83933 65439 84772 64332 83378 64320 83390 62966 81501 64062 83172 64285 83740 62143 80838 65280 84605 60300 78096 64863 84509 60152 77933 66184 86018 65362 84601 63497 82343 64536 84028 64224 83387 62115 80420 64937 83828 64570 83575 64839 83751 64886 84467 64676 84135 58992 76563 62530 81379 64361 83625 
65308 84884 65751 85547 64004 82997 64673 84024 65598 85586 64959 84672 65711 84751 65450 85283 64449 83757 65973 85588 66074 85710 65428 84894 65605 84761 66768 86807 65793 85456 65847 85305 65684 85601 66859 86727 67037 86646 65556 84661 66789 86376 66203 85975 62704 81320 65129 83972 56155 72706 62131 80582 66689 86218 65455 84675 65621 85349 65557 85407 65330 84782 65518 85058 59990 77788 65762 84860 65967 85849 66285 86084 66050 85513 64536 83825 66394 86220 66310 86233 64994 84355 65232 85008 65170 84595 66128 85964 64612 83769 63867 82653 65790 85543 64933 84628 65179 84361 65773 85313 
66753 86528 66341 86156 34122 44252 61464 80103 65362 84913 66157 85895 64537 83617 65953 85494 65726 85655 67711 88186 65930 85840 65084 84398 65920 85577 67326 87720 66496 86570 66230 85710 65991 85620 66145 85906 66706 86981 62002 80245 66629 86602 66170 86238 64637 83715 64712 83746 66271 85746 66986 86968 67094 87101 66183 85889 66269 86252 66878 86675 63031 81877 66576 86466 66335 85909 65831 85758 67148 87051 66287 86011 65799 85536 66285 85790 66099 86072 66048 85913 64157 83407 60095 78432 64925 84387 66641 86523 63111 82010 66657 86262 65963 85639 66891 86778 66696 86320 66209 85793 
66444 86244 64750 83969 65882 85580 67156 86972 64259 82932 65427 84905 66749 86704 67250 87087 67437 87523 34510 44873 66930 86618 64655 83732 66715 86536 64888 84029 66793 86773 61632 80190 66633 86179 66894 87033 66975 86702 68200 88113 66635 86567 65401 84831 67578 87269 67723 88157 66954 86751 67473 87559 66163 86157 67756 88312 66481 86121 61687 79965 66628 86716 67335 87904 66710 86532 64673 84364 67671 87557 66737 86459 67928 88054 67270 87764 65662 85823 66637 86595 67037 86808 67516 87954 67150 87124 64523 83942 67313 87255 66511 86620 66515 86586 64787 83829 67723 88031 66865 86435 
67431 87388 67293 87471 60370 78182 67317 87343 67926 88067 67637 88147 62850 81359 66657 86330 68022 88037 67339 87607 66431 86009 62240 80919 68871 89919 68363 88080 67593 87980 66056 85901 34558 44990 67854 88393 67147 87145 68237 88525 68506 89363 67641 88263 68937 89484 68595 89259 67936 88351 67120 87164 34855 45288 68477 88909 67892 88022 68822 89737 67335 87219 68110 88139 67272 87081 68640 88957 34619 45014 67937 88138 67928 88280 68410 88564 67545 87744 66679 86557 64061 83314 68094 88071 67652 87949 67502 87566 67914 88325 68294 88936 68054 88398 65408 84958 67337 87354 68243 88189 
69068 89592 69042 89233 68492 89364 68453 89050 68517 89172 69120 89300 68522 88885 69042 89241 68863 89033 68010 88237 66080 85909 68837 89180 67830 88349 68130 88350 65196 84338 68437 88808 65945 85845 68341 88736 68157 88695 68433 88741 67363 87464 68451 88980 68314 88695 68403 88759 69304 89985 69305 90010 68330 88916 67205 87134 69519 90313 67837 88097 68158 88788 67949 88281 61571 79854 66466 86532 69808 90256 69230 89543 69166 90046 67574 87409 68501 88647 67881 87698 67710 87710 69063 89753 68483 89001 68538 88888 67870 88007 68272 88809 68496 89104 68043 88688 67227 87170 67778 88234 
62711 81073 70157 91265 69897 90828 68377 88654 69875 90592 69805 90625 69243 89735 70463 91687 68840 89740 69510 90470 70176 90859 68868 89628 69658 90003 68778 89360 69356 89838 69971 90954 68189 88387 67998 88119 69680 90565 69253 90041 69072 89993 68169 88364 69234 89853 70334 91643 69612 90700 69534 89951 67411 87488 65535 85059 68411 88622 69589 90607 70005 90724 69785 90382 68685 89066 69245 90029 69643 90307 70329 91561 69692 90894 69583 90203 70008 90960 60055 78010 67866 88030 69458 90138 70325 91618 69306 90198 69209 89832 68673 89088 68935 89548 68258 88557 70408 91318 70523 91758 
69799 90404 69699 90334 68457 88507 69941 90902 70183 90957 70103 91117 70314 90988 69649 90274 69571 89714 70783 92129 69739 90528 70778 91855 69349 89722 70211 91032 69995 90523 71570 92733 68582 89205 66667 86525 69441 90049 69831 90675 70269 90702 69856 90598 70841 91495 70777 91591 69678 90203 65805 85107 70471 91792 69683 90794 69697 90690 70909 92009 70187 91189 69895 90852 67085 87088 60780 78825 68911 89263 66972 86842 68640 88887 71437 92420 70750 91923 70313 91664 70426 91567 67953 88250 71079 92065 36025 46899 63614 82725 69550 90521 69797 91152 70012 91019 70155 91027 67870 87950 
69785 90431 68840 89140 70121 91204 70703 91429 71096 92511 69128 89992 71917 93085 71749 93431 70761 91878 71228 92734 71210 92455 71495 93159 68375 88603 70825 91869 71988 93137 71637 92643 68733 89674 71674 93167 71881 93026 71346 92668 70560 91916 70867 91666 70744 91675 71912 93317 72445 94154 70086 91114 71860 93225 70761 91898 70706 91409 69552 90293 69813 90450 70873 92176 71446 92976 71415 92918 72465 94055 70537 91714 71924 93148 72056 93176 71494 92976 71178 92134 71810 93347 71218 92648 71721 93334 71124 92416 71833 93363 71608 92555 71806 93523 72184 93361 69939 90629 71464 93186 
72577 94357 72324 94104 72110 93797 70676 91929 72664 94300 68783 88997 71542 92914 68587 88910 70572 91524 73122 94917 71485 92604 72060 93696 71099 92351 72051 93617 72320 93930 70580 91435 72057 94082 72114 93367 71184 92337 71945 93796 71707 93095 70718 91582 72052 93378 72002 93288 70677 91436 72644 94140 71672 92988 71537 92743 68910 89570 72181 93834 70852 92207 72159 93865 73354 95097 67794 88042 70915 92078 70191 91158 71683 93485 72722 94283 72214 93596 73056 94888 72820 94225 70018 91071 71253 92536 71155 92292 72364 94188 68765 89356 71855 93284 72240 93571 71353 92698 72856 94211 
72713 94605 73039 95190 71836 93232 71215 92490 74253 96191 71854 92734 73940 96233 72475 94263 71771 93235 72889 94395 72165 93852 72218 93712 72482 94076 73722 95521 73596 95821 72203 93909 72554 94355 73792 95479 72732 94146 73187 95182 70128 90837 73931 95647 73002 94514 72589 94560 72477 94262 71128 92123 71438 92601 73662 95208 73513 95250 72017 93307 72003 93466 72390 94204 73255 94929 72495 94287 73320 94872 68348 88394 71053 92047 72844 94436 74026 96405 73215 94633 73410 95494 71441 92485 72863 94603 71701 92794 73872 96269 73341 95335 72546 94627 71797 93427 72537 94019 71508 92526 
73627 95501 73073 94598 74398 96952 73228 95013 72950 94199 72628 94054 74283 96770 72520 94146 72007 93747 73380 95081 70944 92462 72610 93995 73748 95716 75173 97901 74741 96692 72221 93716 70873 91729 73252 95121 72789 94188 64812 83967 74812 96948 73726 95941 73226 95320 73322 95154 74746 97661 73379 95497 73385 95094 74508 96608 70769 92089 73030 94773 73227 95095 73297 94717 74090 96174 74296 96735 73620 95447 73829 95645 72490 94324 74367 96202 72807 94880 72703 94646 73757 96046 73134 95015 73353 94639 72846 94302 74247 96371 73683 95656 72403 93891 72232 93856 74575 97171 73929 95882 
74948 97133 74459 96669 74916 97755 74490 96517 74171 96288 75115 97148 73899 95858 72410 94292 73524 95731 72225 93677 73495 94937 75362 97974 72176 93995 73519 95379 74293 96453 73598 95372 74284 96320 74486 96731 74571 96752 74193 96352 75037 97348 74365 96321 74828 96807 74658 97161 75580 97777 74201 96307 74481 96621 75012 97655 73930 96093 67329 87772 73890 96194 73458 95299 73720 95312 68426 88441 75406 97770 74793 96886 74118 96432 68069 88406 74949 97313 74640 96843 74551 97004 74850 97618 75134 97483 73265 95326 73848 95876 74590 96870 73764 95515 74021 95764 74115 95854 72967 94651 
72155 93695 72300 93903 71767 93201 76584 98778 75698 98672 75642 97465 75665 97915 38612 50180 73882 95787 75804 98330 75532 97885 74197 96331 75508 98075 75235 97224 76094 98595 74434 96119 73041 94826 73825 96147 73621 95677 74584 96507 75275 97602 71276 92484 75969 98565 74341 96198 75008 97373 73926 95737 75236 97452 74368 96823 75157 97524 72426 94075 76149 98839 75494 97907 66137 85718 75001 97547 75856 98291 72846 94450 75420 97908 76096 98953 75141 97455 73338 94747 73917 95842 75311 97794 74753 97173 73915 95525 74136 96324 74845 97476 73385 95120 75038 97322 74321 96225 38763 50358 
73361 95311 76252 98841 72494 93879 75337 97813 76556 99165 76863 99797 75986 98806 75421 98237 77284 100136 77583 100453 76474 99643 74476 96459 72343 94126 75290 97824 76597 99523 76966 99866 76678 99197 74961 97122 76132 98551 75904 98606 75273 97551 74247 96441 77831 101246 74399 96784 75389 97539 38776 50393 75342 97961 76580 99581 74604 96859 76673 99291 76306 98540 75868 98710 75886 98226 76800 99634 77409 100550 76323 99358 75751 98204 72215 93444 74588 96877 76055 98741 75319 97897 75254 97497 74146 96262 74335 96644 74515 96395 73344 95357 76905 99779 73453 95113 76047 98511 78275 101322 
76149 98853 77127 99735 76719 99650 77212 99750 75980 98717 77466 100577 76698 99384 76857 99663 76957 99510 76130 98638 75521 97920 77492 100661 74158 96086 75358 97571 77784 100682 39674 51725 77019 99943 75989 98377 75704 98371 76151 98378 76185 98977 74616 96898 76687 99421 77300 100343 78416 101759 74282 96541 77087 99975 69971 90669 76294 99072 75788 98284 75678 97857 76764 99443 76281 99034 74839 97115 76466 99438 77913 101024 76626 99605 77788 100839 76763 99526 76541 99165 77477 100382 76960 100167 39016 50706 74848 97199 76666 99933 77283 100244 78188 101972 76121 98998 76284 99121 77074 99821 
78925 102622 79439 103241 77529 100216 78179 101222 75223 97863 77744 100865 78651 101679 76997 99562 77764 100882 77937 101066 78777 102444 73776 95895 79208 103054 77527 100466 76417 99207 77735 100998 78062 101502 77146 100448 78381 101862 78141 101416 74064 95964 76865 100126 77480 100877 76645 99674 77650 100156 76732 99494 77644 100838 79448 103231 79363 102693 74903 97252 78916 102621 69453 90456 78766 102395 78028 101187 75840 98626 78506 101629 78466 102093 78552 101952 69854 90135 77694 100871 77430 100484 39925 51999 78194 101162 76557 99541 77536 100976 70575 91234 78217 101720 77996 100960 73440 95362 78470 101981 
78956 102495 78548 102088 78554 102256 40024 52065 77775 100992 40478 52648 78550 101822 77845 101240 79293 102788 75430 97809 78634 102469 79701 103170 78671 102128 79253 102739 79488 103216 78099 101299 79228 103336 78438 101736 78163 101383 78362 101482 79129 102460 79251 102681 79145 102862 77766 100931 77423 100345 77413 100351 77934 101534 77661 100190 78768 102318 76950 99369 77748 101130 80079 104343 78704 101603 77348 100825 77813 100768 79021 102420 75921 98387 78295 101735 77179 100233 78550 101915 79421 102979 75711 98503 76923 99702 77736 101040 78045 101440 78157 101420 77336 100485 77553 100878 77242 100175 78818 102269 
79730 103300 80234 103990 80336 104126 75513 97872 78154 101506 80015 103634 78271 101512 78107 101185 79680 103745 79091 102750 80671 104735 78865 102666 78189 101675 79224 102698 79170 102416 78855 102348 79291 103074 79317 103015 78951 102199 78591 101969 77635 100592 72282 94098 77083 100108 79935 103779 79643 103573 77982 100976 79008 102144 79836 103590 78523 101943 77849 101004 78832 102296 80424 104761 80464 104119 76897 99717 77666 100480 77341 100260 79306 102668 79524 103353 80238 103787 78845 101797 78846 102370 80593 104283 79065 103137 80421 104496 78889 102594 78279 101065 79321 103234 78347 101767 77141 99823 79052 102662 
80855 104848 80043 103824 80233 103584 78175 101723 78767 102427 80488 104498 79588 103397 76504 98994 81568 105442 79337 103013 80244 104316 76023 98692 77956 100813 78768 102532 80816 105087 78143 101467 79785 103582 79379 103384 79515 103300 79046 102295 79009 102563 79260 103086 77888 100674 79770 103471 79164 102702 79766 103289 81096 105822 80548 105007 79645 103197 73788 95554 78867 102409 77683 100848 80201 104417 80310 103902 80029 103347 80201 103790 79535 103220 79425 103050 80462 104491 80888 105248 79433 103105 80766 104606 76920 99420 80697 105389 78945 102488 81558 105791 80924 105332 79410 102982 80558 104545 78543 102114 
79797 103288 78586 102404 81595 105600 79286 103088 81897 106544 80354 104760 79946 103749 79939 103722 81518 105634 81836 106133 81212 105622 81364 106173 81923 106429 78955 102659 80094 104133 79109 102754 80823 104933 80719 104847 78131 101619 81139 105218 82142 106822 80741 104433 79401 102835 80988 105182 82015 106752 80500 103996 80827 104596 82268 106459 80778 104413 80319 104530 79715 104002 80723 105122 81284 105776 80277 104300 80632 104608 82391 107411 76920 99704 80145 103773 80637 104727 81124 105188 81160 104871 80488 104554 81992 106663 81278 105807 80826 104780 80033 104220 80857 104914 81021 105145 82722 107250 77458 100694 
79949 103773 79540 103177 81294 105110 82276 107007 81720 106036 83071 107957 82707 107335 82470 106770 80348 104622 80973 105043 81888 106402 82666 107271 81880 106468 82454 107030 81440 105754 41607 54081 79383 102861 80998 105183 82442 107008 82234 106358 80094 103870 80420 104091 80300 104531 81305 105672 80699 105147 80872 105244 82254 107022 80332 104774 82320 106757 82351 107012 82636 107506 80933 105031 82263 106560 82620 107259 82071 106629 81023 105534 82346 107180 82071 106845 80839 105082 80981 105147 80823 105249 82414 107378 81863 106266 83052 107757 75213 97505 81548 105786 80167 103359 81539 105826 80418 104310 81270 105479 
84306 109571 80556 104641 78593 101684 81836 106558 82703 106985 83274 108243 82834 107195 81949 105975 81869 106333 82960 107836 84275 109208 41558 53911 81876 106605 82654 107559 74520 97028 82627 107334 82437 107056 81962 106441 82198 107065 83448 108577 82363 106673 81483 106030 81445 105870 82486 106705 83066 107780 83729 108554 83192 108197 83076 108144 83368 107862 82659 107400 82933 107685 83555 108108 81308 105237 81683 105932 81994 106423 83635 108356 82051 106120 80490 104743 82785 107414 78970 102286 81860 106446 82942 107914 82526 106927 79077 102681 82531 107122 81096 104657 83060 107660 80946 105241 83223 107541 81658 106366 
82266 106917 82365 106905 74187 96404 83407 108232 84151 109189 83506 108152 82081 106529 83577 108622 82328 106360 84072 109302 81979 106596 81101 105334 83838 108968 82448 107343 82521 106710 83912 108748 83586 108570 84000 109267 83983 109350 84740 110003 82557 107849 82292 106834 84219 109728 82613 107298 83876 108740 83851 108334 83304 108421 84107 109253 83253 107613 83023 108125 83176 107851 83153 108029 84628 109371 82408 106908 82638 107034 81780 105925 83614 108639 83606 108861 83097 107956 82944 107441 83215 107970 83774 108762 82317 106590 84161 109350 83039 107571 82204 106870 82492 107228 83448 107834 84073 109008 82354 106614 
81998 106576 82600 107623 84134 109323 83705 108564 85526 111196 84903 110329 84353 109237 81816 105944 83838 109142 84863 109586 80773 104415 84540 110100 82830 107524 83398 108454 84296 109465 82825 107036 81182 105551 83316 108141 83681 108852 84507 110023 83056 108303 85519 110770 84160 109528 84128 109373 85064 110948 81633 105652 83186 107870 83453 108607 85332 110551 83260 108098 83115 108106 85389 110951 84270 109335 84678 109935 83496 108254 84792 110021 84029 109280 83465 108488 82972 107641 84045 108667 83856 108758 83896 109183 85203 110477 83613 108826 84150 109433 84668 109561 83414 108911 83793 108983 84776 110137 84014 109113 
84042 109230 83997 108924 84961 110308 84602 109901 85136 110600 84753 109883 85074 110921 84590 110043 85141 110918 85605 110963 86172 112191 83731 108939 83792 108825 85285 110625 81025 105423 85495 110860 81883 106442 83662 108769 86016 111470 83799 108338 84302 109384 86287 111744 84518 109298 84266 109131 85326 110374 86184 111961 84382 110008 84381 109620 84609 109271 86370 111682 85227 110323 83440 108098 85013 110080 85688 111488 85075 110338 84027 108800 85124 110805 84361 109507 86721 112774 84851 110162 84928 110462 84965 110125 84877 110429 85771 111792 83853 109293 84468 109615 85481 110693 85684 111754 84899 109858 85559 111063 
86309 111504 85474 110653 86394 112235 86277 111779 82747 107387 86426 111760 84607 110036 84026 108737 84987 110444 86111 111890 85067 110560 85884 111098 84653 110011 85091 110773 84187 109459 86422 112011 85294 110443 84035 109114 86286 112210 85687 111084 86246 111550 87211 113068 86419 111852 85134 110510 85220 110326 86711 112314 86340 111969 85776 111441 85583 111110 86810 113152 85724 111031 82872 107389 86699 112485 86801 112203 85449 110717 84785 110365 85174 110517 85253 110873 86299 112131 86384 112174 83755 108758 43840 57030 86298 111774 86151 111971 85592 111252 85225 110552 77911 100719 86553 112623 84654 109982 86725 112436 
87718 113693 86209 111878 85634 111133 84258 109231 85640 110983 44416 57712 87217 112876 87445 113530 87630 113681 87038 113055 86187 112017 86414 112269 86414 111663 86104 111866 86431 112572 86591 112753 86501 112254 85615 110808 86598 112130 85782 111090 86320 112046 82961 107394 85655 111185 87135 112396 85905 111404 87878 114083 86190 112324 86562 111894 87078 112919 86855 112847 86667 112148 86557 112375 85068 110616 86458 112299 86269 112151 87635 113142 86102 112154 87432 112699 87123 113112 86170 112057 85646 111450 86974 113317 86945 113060 85311 111115 86091 111604 83867 108982 85277 110623 86781 112485 87798 114438 85323 110711 
86061 111586 86674 112065 88445 114792 85164 110828 87861 113789 86622 112823 78863 102129 86691 112118 44563 57991 86179 111489 86694 112392 86962 112573 86695 112571 88751 115559 87871 114141 87882 113865 86447 112171 86331 112350 86588 112305 77457 100217 87074 112982 87103 113467 86737 112371 87521 113221 86156 111668 84137 109285 88746 115574 82624 107258 86776 112631 86243 112085 87548 113753 88029 114601 85654 111213 87173 112762 88237 114777 77584 100820 88227 114594 87112 113004 86176 111944 87958 113824 87222 113576 85615 111068 88514 114983 85718 111624 86364 111904 87664 113683 86454 112205 86735 112547 88598 115185 87753 114143 
87410 112832 87351 113315 89619 116123 87179 113183 45430 59122 88261 114075 87012 112782 87326 113509 84340 109245 86910 112556 87165 113372 86956 112893 87895 113921 89778 116265 44941 58521 87966 114150 89067 115680 87923 114081 88721 115520 86926 112761 89358 116249 88518 114837 78253 101522 87093 112138 88105 114439 89019 115694 89318 116251 89282 115892 86418 112143 86296 112237 88240 114343 86750 112899 87321 113136 88800 115197 88687 114900 85998 111723 86774 112855 86620 112276 88189 114544 86862 113138 87644 113712 88982 115663 88560 114544 87258 113187 88077 114283 87916 114155 86498 111934 88338 114495 89313 115810 88435 114885 
89203 115461 88419 114817 89250 115657 89219 116095 88599 115239 88534 114929 89318 115886 89717 116773 89673 116606 90207 116658 87494 113320 88628 115005 86725 112913 88280 114256 87101 112874 87795 114232 90056 117030 86868 112694 89150 115809 87899 114114 88537 114699 89752 116800 88646 115103 90093 116426 90375 117128 79629 103482 88406 114631 88753 115152 89378 115578 88553 114598 90569 117624 88929 115681 87916 113986 88932 115347 80859 104558 89482 115977 88709 115026 90018 116523 87140 113169 90356 117085 88637 114997 87981 113585 86971 112618 87645 113179 86657 112865 88082 114340 88089 114593 88056 114412 88635 114685 89574 116359 
89569 116277 89729 116246 91159 118352 87939 114374 87266 113155 85874 111524 88555 114970 89519 116082 90964 118219 90539 117609 89725 116700 87878 114048 85270 109949 90321 117146 90299 117251 45306 58907 45729 59640 85785 110818 89631 115972 90996 118302 82690 107055 89208 115928 90192 117051 90488 117058 89777 116026 89697 116972 90761 117856 88482 114580 90608 117713 82264 106704 89697 116468 89303 116158 89986 116577 89883 116788 90042 116779 88595 114881 89099 114992 89022 115607 88623 115137 89947 116954 85799 111447 89935 116702 89845 116891 88985 115556 88660 115508 91484 118637 85787 111321 89838 116763 88960 115658 90093 117225 
90016 116403 92099 119894 91360 118773 84403 109519 89771 116496 91897 119176 88215 114429 84530 109876 91686 118831 91397 118934 89018 115560 90324 117446 89871 116364 91140 118549 89771 116592 46327 60126 90561 116990 91626 118925 83004 107273 91019 117821 90928 117889 88467 114548 91538 118864 89931 116891 88880 115045 88658 115132 89761 116679 88987 115331 91482 118782 89682 116448 91687 118811 89340 115917 90558 116973 90344 116683 89261 115676 92415 120263 92150 119689 90209 116973 91092 118379 89005 115333 89994 116732 91237 118224 89959 116868 91042 117500 90932 117692 90764 117937 90766 118159 91078 118298 91794 119364 91127 118287 
92679 120298 90961 118040 91237 118466 92321 120285 89722 116788 91800 119021 91214 118455 91892 119095 91577 118781 90931 118096 92690 119969 91511 118580 92000 118914 89736 116725 92562 120661 91045 117828 91811 119637 91303 118193 91741 118989 91322 118429 91668 119014 90754 117550 91877 118915 90592 117803 92573 120365 87702 113645 91612 118625 89792 116316 90198 117084 90432 116946 91136 117751 90473 117828 91853 119012 92359 119693 91053 118132 91499 118529 89841 116746 91063 118784 91496 118468 92709 120362 91621 119122 91536 118368 91493 118596 82275 106683 92534 120257 92246 119496 91122 118195 92697 120019 91613 118824 92583 120426 
91261 118055 92034 119484 91626 118978 90594 117906 90575 117350 92917 120285 87775 114054 91793 118594 92103 119557 92001 118677 93668 121382 91807 119117 90788 117571 93638 121253 91076 117554 92829 120056 91100 117833 93330 120783 92968 120980 92531 119808 91555 119295 91707 118904 93273 121119 91101 118316 90251 116766 91588 118322 92087 118911 92534 119852 91945 119153 91200 118687 92970 120806 92291 119964 92405 119655 91800 118616 93009 120310 92313 119946 92782 120467 92833 120268 92389 119970 92899 120418 78657 102109 89623 116325 90208 117168 92029 119200 92188 119734 93704 121043 91717 118897 91671 118606 90921 118059 93414 121231 
91186 117841 92746 119975 92956 121065 93977 121884 93969 121439 92211 119388 94578 122486 92317 119910 93318 121147 93445 121194 91763 118973 92371 119721 92617 120011 93305 120905 90453 116605 93928 121635 90794 117328 93615 121440 83888 108507 91906 118870 95018 123567 91786 119360 93994 121579 93282 121276 94587 122760 91288 118123 47538 61613 93957 121862 93452 120977 93888 121900 83659 108637 92486 120305 89499 116087 93414 121593 92157 119325 93351 121318 93018 120812 92831 120369 90104 116896 92427 120212 91985 119634 92513 119797 92591 119959 47879 62394 94067 121913 93364 121176 94217 122373 89552 116316 93868 121950 92779 120483 
93103 121085 93875 121927 91231 118191 92706 120149 92058 119607 89902 116542 92868 120000 92218 119539 93590 120988 92089 119298 92255 119859 93779 121492 93160 120605 93123 121103 94673 122702 91429 118552 93861 122063 93898 122066 94883 122799 93423 121228 94505 122683 93906 122215 93154 120440 93599 120807 94564 123266 93049 120451 89014 115412 93696 121569 93937 122038 90345 116980 92860 120568 95511 123752 94152 121760 92194 119663 94084 122248 94073 121352 93752 121491 95605 123396 90667 117581 94626 122244 92350 120036 94068 122329 94030 122067 92569 120276 93371 121237 94795 122674 93671 121689 94884 122714 94010 121832 93646 121788 
94800 123222 95358 123835 93649 121647 94367 122707 95005 124040 95163 123588 95212 123665 95008 123433 94796 123535 94768 123221 93543 121384 92640 119869 94875 122809 95119 123251 94090 122095 96228 124852 95145 123754 95671 124235 93780 121654 94927 123190 93423 121117 95420 124177 94249 122063 94697 122900 94337 122335 94802 123484 92806 120437 92519 120164 95332 124217 93298 120794 89402 116082 95546 123687 95819 124242 94966 123046 94370 122727 48659 63156 93711 121361 92706 120246 90388 117448 95383 123799 94948 122569 94940 123036 95271 123454 92089 119559 95004 123562 93323 120765 94792 123118 90888 118212 92704 120322 96333 124587 
94718 122819 94392 122462 96533 125166 95740 124507 49125 63780 95778 123958 95274 123387 94607 123022 94566 123022 94929 123001 95371 123920 94754 122495 94947 122474 93365 121305 96281 125304 96542 124833 96433 125266 95515 124317 94556 122865 95608 124059 94987 123545 95629 123270 92900 120415 89992 116501 95784 123948 96243 124547 95326 123688 93645 121287 94256 122466 93465 121288 94585 122777 95419 123802 95384 123745 96078 124826 95626 124248 94572 122604 95037 123312 97289 126212 96226 124437 94846 122808 95828 124645 95856 124195 94698 123125 95821 124759 48674 63159 95593 124077 94803 122594 95609 123554 95816 123888 94668 122754 
94295 122013 94891 123134 96210 125057 96098 124966 96093 124410 95886 124721 94521 122474 94880 123494 96477 125446 96107 124716 96767 125230 93790 121697 96400 125149 96991 126087 97040 125703 96818 125511 97991 126942 96515 124649 96465 125007 94752 122457 96607 125477 95690 124049 95785 124188 95281 123042 96814 125451 96271 125075 96048 124816 94149 122426 95862 124261 96488 125072 95526 123798 94531 123013 96898 125910 94751 122645 96983 126112 85644 110947 95789 124802 97200 126287 96952 125797 96961 126181 95637 124032 94611 122403 96210 125396 95049 123654 96359 124744 95969 124760 95889 124679 95344 123707 90639 117152 98453 127274 
95929 124368 98190 127319 97806 127053 96974 125644 95950 124255 96498 125372 96033 124549 97715 126510 96391 125109 97558 126762 97083 126252 96005 124688 98043 126697 97047 125324 97937 127257 98391 127213 96821 125362 96690 125378 96479 125003 97611 126472 96878 125755 96851 125700 97487 126348 97424 126308 97966 126894 99012 128334 96166 124629 49512 64143 97306 126313 96388 125230 97788 126496 95672 124106 96856 125969 96607 125605 96659 125644 92526 120009 96563 125164 94845 122687 97031 125425 96571 125666 97335 126323 96379 124620 95754 124053 96879 126015 96390 125273 96583 124757 95059 123672 90981 118079 97475 126508 97927 127105 
95548 123071 98257 127695 97206 126222 96404 125296 97949 127116 98508 128104 98545 128250 49886 64824 95872 124571 97678 126839 98898 128225 99215 128935 95649 124247 98168 127624 89835 116150 97338 126211 98752 128083 99437 128538 94746 123037 98098 127288 95928 124720 99196 128407 98336 127568 98403 127008 96034 124704 96198 125071 98957 128510 97973 127259 98813 127907 99540 129253 97269 125800 98693 128096 98899 128592 98837 127892 96595 125370 93330 121305 98872 128486 98174 127445 99070 128554 95884 125012 97673 126403 98703 127856 96979 125517 98656 127649 95019 123062 98259 127549 92640 120511 98249 127524 97688 126688 97823 126856 
97846 126531 98941 128278 98669 127449 98758 128156 98300 127079 99324 128437 97082 125970 97730 126527 97725 126317 97630 126961 99892 129758 93018 120696 98064 126691 97647 126688 98095 127070 100001 130046 98970 128368 96399 124740 99010 128201 98296 126934 99423 128946 99458 129508 98274 127594 96978 125965 98258 127641 99686 129308 99508 129518 98868 128107 98538 127659 94131 121701 97151 126186 97070 125939 99152 128554 97694 126378 98339 127734 100342 130348 96988 125454 98807 128317 93997 121635 100114 129715 97192 125756 98551 127316 99230 128837 98228 127358 99595 129284 99692 129868 94972 123430 98738 127884 98190 127396 95964 124299 
49859 64639 97888 126915 97218 126228 99720 129458 100330 130073 97692 126190 98320 127469 100197 130479 98208 127214 98820 128066 96438 125306 100283 129741 99950 129930 100234 130278 100734 130531 98659 127519 99130 129168 101135 130942 95061 123374 100949 130715 98563 127782 99668 128865 98935 128110 100723 130229 99785 129282 99390 128520 100761 130395 101123 130752 90493 117197 99653 129573 99445 129091 98141 127611 98535 127820 98836 128083 100433 129776 85285 110533 101066 130835 100056 129454 97289 125762 100563 130045 100105 129292 99969 129663 99521 129267 98423 127818 101624 131682 99554 128479 101059 131563 99048 128212 97397 126022 98753 128041 
97977 126888 100453 130224 100532 130734 100591 130865 100782 130993 102092 132295 98562 127667 99961 130009 99382 128915 101010 131159 100221 129970 90490 117443 98416 127978 101007 130922 96553 125304 96597 125280 98851 128248 100283 130423 99947 129578 100042 129666 102269 132955 101375 131027 100313 130447 95169 123293 95756 123933 100732 131064 99041 128978 99230 128748 100512 130130 100480 130611 100228 130380 100290 129961 99413 128859 100544 130313 100226 129812 101542 131983 101084 131020 101580 132045 51475 66990 101276 131147 99913 129881 100809 130534 101134 131251 100412 129801 99921 129243 101906 131986 101898 132333 100117 129528 97388 126633 101661 132450 
100401 130302 101215 131508 100859 130628 100484 130050 101480 131628 102678 133570 100798 130797 101741 132350 99596 128952 101000 130820 102639 132905 101551 132247 100970 130877 101560 132187 97260 126485 98655 127735 100833 131225 99242 129181 101494 131354 101694 131942 100816 131064 101200 131032 99509 128793 102187 132113 101326 131783 101932 132250 100309 130369 101118 131472 100302 129892 96931 125373 102693 132978 101981 132085 101900 132370 97718 126530 101032 130469 102314 132623 102654 132951 99915 129429 98798 128424 102399 132552 100245 130164 99517 129249 101277 131791 100371 129396 101719 132231 100266 130055 100260 130634 101342 131694 99942 129746 99986 130073 
103134 133955 101492 131104 101413 131485 101038 130621 103000 133183 102674 133188 101439 131061 94033 121505 103572 133966 103026 134108 102712 133115 102830 133098 100208 129348 101164 131184 101763 132255 101792 132053 101399 131704 92830 120325 103244 133545 52455 68251 98419 127125 99508 129179 102033 132212 102516 133249 103732 134459 102533 132927 101639 131627 102295 132653 102696 132672 102038 132323 101464 130772 99879 129598 99901 129504 102058 132449 102880 133601 101465 131659 101479 131696 101738 131355 103481 134861 101924 131928 99936 129182 102593 132760 101495 131797 102815 133885 101012 130974 101647 132171 102058 132900 103264 133967 99050 128650 101553 131776 
102748 133460 101885 132400 102166 132616 102659 132905 103009 133120 98493 127771 102031 131733 102580 133092 102885 133076 103853 134624 101394 131894 102073 132352 95963 124682 104013 135147 104071 135273 103254 133179 101211 131547 104945 135961 102269 132331 103872 134430 101153 131321 103275 133865 103518 134730 103663 134281 103092 133718 103306 134546 103180 133598 101380 131263 104014 135401 103117 133142 103935 134420 103202 133906 102742 133167 101598 131908 102466 133196 102637 133306 102869 133732 101134 131334 102647 132604 102956 133626 102633 132879 102590 132989 101957 132317 99450 129306 102506 133077 103672 134701 101909 132090 104228 135367 102349 132976 103433 134461 
103440 134358 102267 132813 103316 133924 102546 133100 103291 133675 102503 132637 105880 137110 103432 133920 100481 130100 103123 133244 104524 135775 101416 131473 102654 132392 100844 131146 100965 130994 102022 132529 103729 134799 101381 131428 102207 132624 102860 133555 103971 134917 104753 136032 102774 133232 104164 135597 102660 132724 102455 132437 102392 132795 102663 132410 104430 135535 104055 134902 104339 135021 103475 134330 102986 132974 92591 119968 102271 133059 103703 134434 105287 136284 101012 130862 104220 135356 101939 132223 103064 133679 101643 131887 104194 135266 102788 133455 101189 131369 101838 132353 100811 131089 103642 134153 103798 134487 103147 134307 
103358 134142 104171 134757 104035 134857 104467 135566 104378 135403 100062 130083 104015 135097 94360 122064 102960 133159 103707 134312 103884 134966 99356 128827 106158 137532 100149 129939 104564 135784 104348 135667 104103 135096 94785 122764 105187 136195 103346 133614 105848 137475 98241 127370 104900 136373 102909 133608 103590 134054 101708 131285 105118 136432 105052 135946 105431 136150 103627 134461 105985 136929 103539 134406 103297 134060 104851 135724 105238 136638 104131 135040 103622 134071 103344 133960 101751 131571 103939 134845 104922 136466 102929 133798 104308 135155 105265 136719 102881 133209 104028 134898 100979 130659 103093 133704 104904 135728 102887 133616 
103933 134713 104926 136116 105578 136812 105060 136289 103286 133851 105407 136829 105862 137394 103383 134209 105307 137286 105907 137128 105695 137582 105707 136310 103673 134606 105093 135986 105767 137349 104563 135711 106166 137929 104701 135425 104456 135238 104775 135720 104329 135580 104217 135250 105721 137450 105524 137348 104329 135294 106481 138340 104034 135539 105740 136971 103479 134452 106073 137902 105735 137572 107101 138433 105235 136460 105899 137804 105821 137110 105223 136318 104841 134851 99113 128613 105374 136782 105929 137194 102936 133417 104001 134684 104093 134841 104519 135458 106973 138513 105236 136517 105064 136405 106777 138560 104928 136102 105997 137219 
105533 136699 106003 137553 104373 135375 105542 136524 104381 135737 106415 137519 104601 135436 106264 137910 106853 138401 105265 136091 107386 138983 103797 134597 106981 139272 104212 134822 107251 139506 105783 137016 103949 134754 102063 132442 105467 136225 104552 135806 107768 139295 105637 136945 105091 136047 105594 136868 106359 137986 106446 138140 105334 136747 106773 138353 105318 136462 102831 133066 104832 136320 105757 137145 107622 139263 103148 133710 106148 137697 105652 137147 104237 134981 104483 135424 105562 136947 105102 136208 106006 137416 106771 138431 104453 135552 105501 137382 106189 137815 106840 138348 106781 138998 105179 136311 105455 136632 106040 136943 
105591 136663 103521 134300 106720 138198 105969 137341 105863 137209 106965 138930 106698 138561 105792 137253 106872 138245 95251 123436 107738 139095 108159 140159 105626 136876 106874 138687 98482 127191 107070 138770 107245 139232 108139 140711 107489 138952 106047 137334 105969 137272 105913 136914 106738 137774 107699 139463 107317 138766 107321 139112 107867 139870 108032 139885 105687 136722 107478 139583 107162 138966 104641 135519 107142 139099 108220 140947 105715 137001 107001 138775 106814 138498 106798 138605 106517 138108 105217 136675 106949 139258 106851 137957 107205 138737 106676 138018 108061 139702 106765 138913 107451 139881 105029 136231 105907 137589 108171 140157 
106458 138063 107534 139139 106697 138576 106454 138317 108164 140663 97739 126427 107313 138400 106323 138226 106639 137769 108927 141069 106659 138335 103673 133833 107407 138900 107207 138946 109024 141585 107832 139739 103114 133368 107094 138662 105841 137108 105689 136459 106180 138044 97957 126856 108338 140558 102387 133487 108034 140263 107475 139719 108440 140598 104050 134627 108235 139858 106207 137259 107421 139575 106455 138404 107262 139177 106641 138540 107105 138557 106134 137483 106912 138964 108751 141329 107468 139735 108725 141383 109233 141059 105570 136729 105797 137510 108263 140331 106673 138618 106574 137944 108222 140689 107162 139108 105901 137190 107436 139868 
108102 140167 107617 139342 106855 138526 108188 140186 109303 141126 108159 140050 109353 141457 109203 141572 108478 140304 109373 141591 109013 141179 108744 141095 108980 141924 110309 143443 109208 141907 108027 140271 107892 139667 108296 140669 106889 138599 103823 135080 109972 142199 107753 139810 104276 134969 107755 139679 109512 142304 107505 139524 109582 142419 107164 138088 109221 142271 109080 141449 108822 140998 108090 139871 110444 142567 109602 142061 108428 140646 109707 142537 108455 140332 107591 139663 108545 140363 108650 140948 108998 141231 107839 139743 107768 139440 109728 142480 108045 139736 107618 139678 108574 141085 105728 137358 108815 141118 108277 140087 
107672 139754 108430 140860 109705 142174 109762 142313 108987 141493 106709 137866 109224 141410 109330 142151 109041 141746 111326 144200 107624 139770 111279 143644 110034 143023 107626 139856 109158 141389 111738 144194 108499 140642 106156 137894 109846 142167 108371 140823 110190 142548 108868 141647 108839 141327 108903 141093 108331 140287 108091 139559 109693 141770 107710 139349 106542 138512 108105 139733 109101 141351 108942 141690 109888 142344 107033 138624 107526 139408 109380 141751 107166 138993 108609 139938 107392 138867 109703 142087 110063 142950 108335 140933 109567 142450 108942 141708 109678 141815 110727 143603 110337 143418 109978 142119 108289 140149 108416 140844 
111349 144150 108795 141487 108836 141269 108849 141463 107088 138702 110867 143680 109380 141725 110161 143010 109078 141377 109766 142401 110083 142541 107767 139475 108978 141014 110863 143533 109560 141988 109188 142114 111112 144119 110194 142659 110289 142742 111661 144500 111691 144585 109904 142590 109442 141494 110383 143100 110543 142867 111251 144530 111065 143965 109935 142308 108181 140206 109149 141804 111022 143832 109829 142015 106736 138254 108621 140960 111012 143988 109123 141314 106152 137557 109950 142423 108738 140478 110942 143474 108688 140734 108637 141048 108218 140282 111221 144297 109774 142208 107936 140230 111259 144572 109803 142557 107930 140049 111339 143886 
110284 143019 109612 141120 109714 142148 109911 142114 111056 143999 109767 142543 110086 142727 110784 143739 109357 141526 110725 143616 111686 145130 112815 146350 111731 144434 110538 143035 110637 143366 112483 145728 109635 142265 109219 141919 109978 142484 113043 146550 105709 137252 100312 130023 108340 140591 111802 144952 111431 145110 109933 142152 109902 142486 110885 143882 110187 142898 110149 142826 109452 141218 109979 142780 111673 144435 110297 143401 110301 143309 111055 143390 109684 142647 109971 142616 110570 143055 111078 143825 109974 142212 112591 145620 111595 144433 108724 140681 110528 143443 110924 143917 109188 141873 110971 144072 110745 143831 109512 142177 
113060 146334 112576 145835 112014 145258 111364 144007 112889 146607 110196 143043 111049 144283 112097 145283 112490 146149 111330 144290 112613 146118 111920 145448 110415 142887 112458 145529 111423 144429 111727 144647 112531 145589 109198 141329 112075 145028 111804 145419 111195 144257 113090 147081 111624 144606 111169 144199 109625 141933 111546 144811 111514 144081 112024 145782 112428 145690 113504 147393 112559 145666 110534 143490 113557 147819 111109 144121 110121 142935 111589 144985 112235 145487 110839 143260 112423 145643 112147 145187 111745 144887 110779 143505 112087 145912 109505 141553 107263 139337 110474 143303 110463 143511 110157 142955 110759 143870 110288 142968 
103030 134059 112709 146515 112313 145125 108117 140313 113325 147301 109921 142138 112088 145596 114359 148235 112549 145839 111872 144892 112289 145534 111673 144212 112702 145405 114047 147921 110635 143129 112185 145213 112194 145365 112363 145127 111125 144242 111995 145524 112370 145199 114191 148495 104319 135313 102642 133135 111955 144584 114306 149097 112103 145158 113868 147423 109165 140952 111406 143832 101488 131588 113842 147384 113422 146338 114071 147948 112629 146002 113607 147554 110769 143985 108779 140871 112719 145977 109653 142089 112647 146372 113011 146768 112399 145320 108540 140218 112768 146319 112108 146008 114019 148239 101311 131769 112272 145259 113063 146573 
113950 147849 112753 145881 112509 145616 111479 144831 112705 145846 113346 146762 113161 146544 114322 148779 114505 148006 107412 139280 114354 148363 114818 148554 112360 145983 115112 149743 112755 146189 107332 139694 115247 149365 114537 147810 113553 147600 112778 146544 113477 147351 112716 146292 113051 147255 112382 145395 109632 141170 108993 141278 107636 139774 113146 147140 113935 148152 112968 146598 113916 148026 111803 144788 113947 147520 111918 144851 112678 146312 112117 145714 115006 149180 111641 145304 114190 147981 111427 144484 113859 147488 112061 145573 113189 146755 110943 144119 112010 145482 112542 145445 112351 145755 113231 146772 113738 147682 113979 148037 
110874 143822 115152 149281 115076 149207 114270 147998 113020 146697 113822 147533 116058 150679 115086 149547 113553 147186 112317 145764 114066 147855 111848 145387 102392 133252 113532 147176 115512 149753 113748 147420 112899 146127 108790 140518 112443 145662 113616 146858 110775 143465 112624 146147 116906 151269 114993 148922 114052 148388 114351 148269 113350 147232 113296 147299 112851 146410 58262 75614 56565 73514 113622 147379 114340 148515 112281 145554 114201 148420 111063 143572 114487 148023 113921 147130 113932 147029 113225 146997 115440 149883 114738 148636 102480 133114 113118 146509 113971 147820 115776 149936 114743 148515 114937 148993 112988 146289 102754 133245 
114216 147872 113148 146188 115341 149598 114442 148283 113301 146792 115773 149962 114861 148952 114862 149043 113495 147140 109323 141672 109088 141661 116352 150331 116048 150503 114545 148460 114302 148155 104221 134962 114476 149051 114052 148050 114550 149427 116329 151298 112487 146103 116525 151025 114294 148177 113746 147729 114002 147710 115160 149315 114264 148704 115853 150404 115012 149395 116703 151019 113924 147495 114340 148702 116415 151629 113579 147033 112488 145160 115753 149961 115727 150341 116247 150747 116154 150748 115250 149658 114244 148118 115678 150070 112601 146028 116589 151541 115269 149581 115410 150180 116376 150512 115353 149663 114781 148608 112253 145150 
115489 149900 110609 142934 115806 150064 59403 77057 114729 148943 117376 152036 113337 146797 117850 152599 115591 150243 116533 150742 113443 147001 116326 150810 114158 148286 115996 150153 114753 148162 115240 149723 113850 147568 116607 151411 117504 152149 113452 147022 114054 147897 117538 152066 116064 150288 116844 150938 113980 147863 114905 148778 114627 148610 116947 150881 115852 150739 117106 151908 115087 149356 116814 150873 115970 149739 117020 151974 115184 149505 114717 148635 115503 149945 115359 149282 116025 150637 117254 151623 113996 148053 115095 149218 115581 150094 115859 150873 110745 142956 116350 151316 116541 151608 115573 150115 116485 151221 115289 149807 
117445 152034 115331 149679 116078 150428 113295 147169 116275 150583 116961 151925 116238 150399 116720 150840 114905 148971 116737 151630 117291 152439 115205 149040 116738 151728 116489 150987 117685 152634 106174 137471 115818 150159 116028 150468 114891 148833 119175 154396 116697 150686 117038 151965 115739 150001 117548 152505 116120 150417 115167 149438 114449 148533 113057 146677 116034 150481 114506 148860 116685 150850 103907 134651 114800 148669 117451 151919 113721 147173 116300 150781 114284 148390 115478 149926 116497 150692 116539 151413 116635 151064 106672 138645 116425 150371 116180 150464 116105 150390 116592 151131 112818 146526 117815 152253 116270 151091 117457 152338 
114702 148947 60159 78315 118025 153357 119287 154293 118361 153722 118622 153680 119267 154736 118988 154334 116793 151674 115048 148937 118387 152930 118249 153624 118321 153214 115569 150075 116806 151480 118198 152556 117097 152679 115263 149557 117568 152495 116863 151601 115343 149811 115355 149542 116427 150957 117744 152753 116601 151003 105107 136195 117631 152434 116449 150756 117286 152308 119369 154846 116719 152012 118416 153791 117053 151590 115393 149806 115940 150313 118293 153670 115906 150597 117037 151906 114454 148177 117713 152448 116186 150734 115498 149409 114240 148195 111206 144593 115459 149861 118749 154014 116992 151468 105126 136179 117406 152473 117301 151532 
119732 155332 118930 154042 119597 155270 118493 153380 117800 152389 119990 156124 118452 153388 117345 152324 118628 153242 117965 152542 119111 153851 117983 153188 118747 154248 118527 153278 119514 154971 118711 154396 114602 148416 113514 146942 119571 155428 118926 153911 113950 147960 118593 153720 119160 154661 114734 148823 112910 146260 118259 153384 119801 155227 117995 152747 117452 152100 117478 152629 117647 152675 117445 152241 118633 153747 117312 152210 113194 146668 117285 152159 118724 154363 117974 152517 118187 152952 116429 151106 117477 152120 118595 153759 115499 149718 118460 153839 117185 151318 119457 154788 114753 148348 118171 153581 118700 153557 115767 150333 
114150 147526 118857 154328 116335 150797 120412 156605 117843 152293 118096 153154 120046 155715 118386 153168 119339 154944 117161 152082 119910 156137 119468 155004 117343 151586 118232 153328 119474 154239 118881 154066 118276 153641 117093 151397 117955 153053 120089 155860 118714 154009 118807 153766 118225 152505 119167 153951 117874 152849 119871 155001 116165 150018 119010 154049 119717 154974 117981 152776 120124 155854 119506 154519 118263 153635 118853 154175 120563 156230 113634 147435 118401 154208 119054 154249 117955 153145 117667 152702 113049 146813 120030 155123 116579 151110 119909 155428 118004 152957 118604 153280 118751 153823 112938 146804 118682 153914 119760 155069 
121295 157701 120328 156426 121181 156822 120539 155640 117602 152625 118992 154543 118236 153147 119443 155363 120029 155458 117920 152696 119189 154481 121399 157288 119813 155484 120113 155871 119372 155381 120484 156161 117523 152183 118383 153690 121947 157948 116551 151744 119713 155358 117324 151694 118969 153794 122433 158849 119768 154970 119055 154161 118487 153908 119333 154640 117685 152740 118269 153461 118675 153942 119649 154998 118839 154034 118945 153905 119703 155700 117271 152790 120641 156746 112262 145721 109687 142165 121292 156970 120052 155228 119400 154519 120113 155893 118001 152635 119306 154897 60376 78189 120541 156709 118200 152782 118449 153517 119612 155051 
119560 155574 120595 156431 118457 153721 118547 153878 121619 157676 120732 156540 120937 156977 121135 157315 119036 154597 119654 154673 120498 156019 119619 155418 119841 155111 117874 152867 121364 157662 120485 156282 120660 156317 122472 158607 119253 154798 118657 154173 121348 157091 120904 157127 121446 157379 120850 156043 121158 156948 121247 157368 120074 155520 120596 156630 119609 154557 120475 156281 116709 151165 121559 157955 122535 158216 118534 153943 118507 153388 122193 158134 122007 158329 116716 151467 120828 156357 119914 155416 118845 154332 118353 153572 122645 158659 117014 152232 119467 154716 119293 154745 118213 153397 120264 156391 121881 157326 121787 157715 
121170 157301 120918 156269 121489 157912 122985 159999 119872 155521 119832 155590 123204 160630 122330 158295 123062 159722 121729 157682 121683 158104 122781 158820 121813 157796 120333 156305 120002 155395 122346 159182 122073 158116 121935 158703 123096 159517 121831 156666 119252 154468 119736 155163 121896 157699 118062 153362 110132 142227 121574 157875 119017 154049 122097 158832 107607 139563 121165 157584 122721 158970 121821 157702 120813 156879 121323 157597 121362 157379 120492 155850 120127 155482 120798 156363 122198 158287 115586 150192 122242 158703 119482 154737 121832 157972 120952 156261 122025 158650 122275 159094 61882 80391 120154 155835 121276 157887 122430 158472 
122509 159194 121579 157781 111138 143570 121593 157913 116306 150776 122699 158689 123569 160412 122844 158855 122043 158076 110684 143167 122036 158322 120072 155670 121448 157403 124179 160613 121541 157431 123049 159754 122892 159506 122471 158730 123885 160279 121151 157129 119234 154025 123242 159116 122233 158140 123296 159733 120085 156174 122355 158725 123605 160392 121955 158312 122024 157835 123646 160068 119308 154052 120398 156343 122623 159705 123251 159508 121045 157044 120212 155460 122072 158093 122211 158309 123679 160425 123141 159063 117869 152792 121169 157099 62623 81357 121421 157502 122087 158597 121406 157819 122186 158357 118160 153082 121833 157758 121114 157133 
122622 158638 124276 161257 122177 158566 122104 157774 121459 157254 122765 158976 124288 160581 121893 157383 122594 158699 123428 159009 121410 157462 122978 159291 121839 158169 123299 160284 123762 160749 122773 159544 122318 159140 123074 158976 122644 158408 123137 159558 116645 151047 124449 161470 122699 158582 123377 160155 122325 158566 121707 157647 123653 160385 119467 154070 123116 159161 122685 158334 123961 159961 121062 156624 123633 160312 121670 157263 117487 152160 122866 159363 118917 154686 124197 160703 117240 152257 120655 156333 122852 158816 122421 157659 123428 159658 122646 159074 123584 159862 121055 157101 122698 158421 124337 160551 121095 157324 123313 159892 
122445 158696 124821 161855 111094 143926 124169 161203 122730 159313 123518 159953 123640 160795 123462 160227 124710 161480 125206 162545 121982 157737 123890 160030 122266 158538 125076 162000 124246 160946 123725 160163 124697 160728 116589 150304 122132 158048 121139 157396 124621 161722 122004 157372 124894 161894 119748 155390 123674 160713 121536 157569 123985 160456 123499 160066 125035 161607 123872 160916 122692 158960 121505 157749 123623 159796 123460 159962 124160 160993 121095 157466 121927 158009 123666 160063 117536 152680 122491 159411 124271 161456 123520 160085 123740 159824 122006 158040 123105 158846 123101 159618 121970 157751 123921 161008 125024 162130 110341 143048 
124355 161444 125471 163152 124847 161374 124160 160816 124912 162249 124536 162015 123856 160585 120364 156323 125685 162885 124349 161133 123083 159586 123639 160345 123432 159495 124947 161639 125006 162055 126154 163881 124829 162115 125124 162113 125682 163111 124069 160969 125282 162420 124636 161529 124941 162004 126122 163325 124376 161713 125152 162588 117084 151780 113581 147854 124264 161258 126916 164142 123454 159682 123770 160337 125066 161573 125724 162772 126084 163725 126458 164102 124316 161289 113900 147804 126138 163901 124442 160547 126135 163333 124508 161642 126353 163382 125232 162944 125136 161987 123737 160563 125743 163317 112273 145354 123392 159915 123990 160814 
126380 163616 125446 162621 126558 163469 126018 163392 124517 161416 123531 159970 126046 163287 124791 161273 125805 162889 127698 164786 127590 165841 124905 161707 126047 163180 123888 160913 126872 164811 124236 161245 126349 163938 123943 160753 125398 162816 124962 162815 123374 160116 124855 161765 124682 161827 124955 162088 124010 160937 124013 161311 125989 163440 125734 163585 122437 158888 126529 163736 121742 157174 126698 164626 125297 162249 126124 163445 126370 163801 126406 163230 126738 164144 124971 161729 126052 163638 125802 163047 127371 164645 125001 162245 125397 162985 127635 166068 126022 163283 125015 162029 125046 161933 127234 165304 125588 163088 126925 163886 
126744 165082 127048 164662 123224 159858 124617 161451 125406 162496 65135 84395 124844 161273 126749 163719 123952 160643 126488 163917 125452 162151 128348 166174 127848 165987 125863 163831 126733 163859 125207 161716 125269 162659 126227 163599 127371 164729 112796 146330 126398 164135 126443 163422 125400 163030 125700 163079 126199 163392 124315 161434 124446 161571 127873 165452 128141 166269 126937 164566 127192 165079 120398 156125 127049 163724 127119 164269 125455 162909 126845 164376 127207 165137 128034 165857 114946 148884 126366 163704 63381 82463 127356 165501 124103 161375 126430 163856 125440 163447 122785 159177 127019 164889 126343 163808 124697 161187 125711 163530 
125263 162629 127945 166073 126580 164609 127790 165998 122457 159074 65351 84766 126253 164130 126442 163685 129154 167064 126243 163226 128511 166215 125544 162922 126791 164476 126506 163908 128888 167667 125127 162383 127796 165475 126722 164598 126754 164385 127167 164420 127456 165300 124565 161533 126222 163854 126579 164275 126510 164253 125866 162558 128021 166039 127608 165621 126699 164519 124579 162302 128664 166639 125610 162755 126534 163827 121072 156971 125985 162786 124834 161968 126917 164760 127347 165364 124979 161455 127382 165176 128440 166696 126727 164449 128071 166324 126603 163173 126188 163289 124197 160769 127510 165542 123226 159466 127158 164399 127742 165870 
129124 167284 123060 160085 128121 165617 127218 165407 117047 151743 128010 165189 125584 162559 128067 166338 127678 165546 127986 165889 125441 161885 126875 164026 129498 167616 129433 168268 126344 164326 117313 151557 123187 159887 129974 167946 121965 158448 128140 166217 127045 164761 126299 163974 129299 167118 127206 165449 119824 155352 129009 166716 129012 167463 128415 166115 126881 164489 126188 163932 126898 164523 128894 167742 129209 167488 127017 164949 125045 161703 126436 163705 127446 164980 126217 163666 128436 166166 127149 164629 127852 165347 125931 163146 125199 162148 126089 163494 126896 164273 128060 166465 126184 163573 128955 167038 126598 163922 124701 161902 
128510 166141 128699 167157 127725 165293 128701 167572 126650 163908 129637 168069 129343 167556 128009 166264 127257 164464 125675 163014 129133 167675 128181 166393 127998 166071 128106 165997 127265 165001 130928 169195 116200 150642 130224 169473 128262 166639 130026 168273 130459 168711 128626 166635 129228 167987 129390 166923 128515 167081 127008 165019 129076 167190 128739 166556 127815 165938 127082 164847 129273 167515 130282 168922 130160 168388 127673 166035 128891 166978 127404 164488 128184 166024 128100 166081 128574 166687 129694 167853 125650 162519 127535 164928 131001 169525 128673 166933 127374 164994 128605 166965 128602 167150 128642 166744 129709 168553 126879 164224 
130367 168706 129231 167449 128483 165887 126744 164198 131073 170364 128405 166344 131318 170390 131476 170262 130393 169484 130706 169402 128505 166396 130532 170071 129456 167564 131586 170485 128903 167144 128656 166772 128744 166012 126305 163751 128852 167354 127351 164927 130430 168732 131212 170892 129267 167755 130437 168518 126341 163650 128850 167005 130220 168579 128477 166276 130603 169254 130045 168533 129969 168450 127594 165002 128006 165912 127925 166069 127378 165528 130875 169079 128447 166678 127573 165609 129074 167073 129242 167601 129844 167965 129715 168159 125644 162320 127488 165142 130704 169396 127876 166251 131264 170142 128688 167005 116090 151010 129072 167455 
130707 169069 131590 170128 132132 172177 129201 167516 131742 170855 132446 171552 130170 168943 129105 167512 130110 168572 130349 168328 131995 170537 117277 152518 128750 166886 130942 169454 128139 165671 129397 167855 131455 170751 131622 170076 126748 164301 129858 168472 129609 168034 124040 160635 127678 164985 129087 167373 125707 162769 130418 169514 128651 165943 128020 165911 132179 171168 131684 171291 130443 168939 131326 170824 131523 170388 131165 170787 129240 167796 130239 168221 128858 166893 130958 170038 127069 165237 131504 169867 128626 166917 131267 169864 130155 169070 127787 165278 131479 170282 129256 167200 130746 169332 129161 167540 129285 168150 132986 172275 
129746 168260 129945 168145 129869 168711 129924 168038 132034 171172 127411 165439 132475 171845 132336 171162 130804 169469 131086 169450 130632 169464 133079 172375 129552 168259 130900 170039 130358 169284 129953 168259 131572 170396 132537 172380 128520 166908 131276 170023 129925 168529 133319 172969 128898 166969 120646 156886 129857 168299 133412 172446 131854 170416 130324 169265 128701 167251 131789 170330 130812 169523 129501 168244 131669 170976 131855 171173 130203 168558 129878 168414 127889 165602 129963 168526 130863 169208 131946 170823 131168 170184 131716 171356 128832 166309 132996 172158 132315 171067 129461 168178 129575 168114 130962 169175 131643 171512 131491 170686 
129350 167991 131175 169587 130989 169678 127290 164849 133569 172956 133221 172520 132251 170458 131464 170703 132290 171438 131744 170482 133292 172378 128604 166570 131524 169804 131000 169303 133376 173608 133531 172820 131386 170460 132533 172203 127245 164466 132824 172127 132394 171561 126091 163500 131908 170877 133093 172903 133149 172731 131597 170182 133887 173685 132527 170964 131737 170070 130554 169091 130973 169728 132099 171547 127140 164382 131366 170194 134050 174327 131792 171519 130529 169447 131287 170397 132409 171404 131986 171091 131756 170971 132846 172077 131258 169894 129535 167568 126720 164782 132041 171498 129657 167491 133133 172950 130393 169168 132908 172739 
131411 170807 133440 172563 130268 168537 134125 174279 129397 167879 132177 171922 134469 173831 133094 172909 132690 171779 129686 167903 134340 174266 131156 170093 127909 166160 132835 172213 130717 169274 132058 170389 132701 171565 119833 155496 135139 175059 131893 171296 125056 161333 133964 173507 132862 172861 133997 173801 133071 172411 133229 172359 133658 173301 131780 170654 130132 168099 134385 174497 131414 170972 125812 162573 132862 172982 135075 174822 133066 172928 132586 171343 130609 169328 133917 173984 132660 172181 132397 171185 135005 174654 132053 170942 134433 174589 132459 171624 135156 175774 130816 169155 131140 169897 68074 88619 131836 170519 134083 174090 
134044 173855 134098 173129 131862 171330 135486 176247 133260 172495 120567 156123 132286 170945 133392 172806 133764 172951 134249 173692 135345 175576 135442 175356 133592 173427 131508 170320 134020 173168 133494 173321 135061 174680 134922 174735 133815 173390 133603 173152 133157 172198 135037 174735 133804 173407 135231 175585 132875 171916 122676 159324 133312 172034 135335 175297 133802 173575 133580 173422 134947 175128 134206 174213 133604 173200 134010 173691 131542 170509 134891 174567 134362 174024 132036 171695 132710 171987 133551 172759 134693 175304 127372 164537 131823 171219 131952 170441 132647 172063 132668 171789 133666 173165 134897 174258 134241 174029 131026 169887 
134678 174935 134069 174487 133453 172615 135251 175585 135880 176319 133338 172364 133684 172616 133151 172460 137004 177342 133089 172392 133768 173091 134450 174275 135962 176518 135899 175843 136591 177131 132431 171872 132490 171733 134711 174961 135817 175416 136141 176993 135352 175309 134321 174122 135078 175136 132904 172618 134324 174021 134956 174915 135088 175458 134813 174796 133208 172383 133827 173408 134480 174035 135583 176224 134760 174916 135115 175372 133715 173317 133401 172797 134585 174843 135555 175215 134062 173517 132796 172414 134757 175109 131807 171367 133188 172537 134437 174178 135574 175229 133799 173925 133874 173721 135785 175238 135523 175490 127572 165041 
136692 177162 134565 174986 134401 174671 130662 169194 136849 177904 69262 89727 136385 177190 133837 173725 135696 175221 134310 173987 131791 171014 134454 174697 123600 160511 134873 174121 133228 172011 137242 178295 134268 174353 133442 173515 129880 168265 136372 176967 133976 173625 134566 174495 133689 173001 136496 176996 133215 172536 134469 174127 131947 171015 136225 176795 135751 176072 131233 170458 136090 176504 134301 174249 134943 175094 132296 171627 133131 172453 134476 174553 133400 172924 135030 175092 136293 176099 137764 178436 123942 160748 134821 174717 134999 175111 132500 171632 133789 173016 137400 177893 133434 172972 135477 175525 132518 171263 136614 176788 
137309 178322 134371 174999 134164 174028 135857 176398 134757 174078 133054 172536 136984 178173 132680 171687 136842 177399 136995 178088 134278 174546 135002 175007 136906 177643 136621 177063 135995 176335 137556 178915 136909 177712 135573 175630 136143 176342 134999 175095 132993 172005 135276 175431 133476 173081 134736 174956 136384 176769 134909 174450 137134 177418 136349 176945 135964 175489 135571 175973 137302 177732 138244 178927 135838 176313 133686 173343 134937 174837 135674 175784 135988 176145 133343 172113 136258 176506 135437 175777 135722 176467 136220 176444 136474 176595 137295 177491 133170 172893 136759 177488 137803 178573 137868 178470 132836 172367 130128 169149 
138590 179299 139134 180250 133407 172768 137339 178328 137159 178210 137021 177355 137894 179009 135906 176262 138299 179391 137644 178274 135407 175610 134766 174132 137580 178968 136718 176835 133822 173576 137696 178511 137462 178455 137538 178258 136967 177117 136376 176006 136525 177031 138172 179290 134682 174742 136535 176903 136957 176991 137389 178341 136026 176783 136064 176595 136842 177709 137907 178679 139187 180721 136540 177073 136524 176341 134938 174926 137345 177389 136526 177157 137566 178784 136880 177594 137757 178952 136636 176691 134477 174524 136602 177177 136947 178171 137378 178330 135953 176195 135558 175903 131901 170678 135845 176172 134581 174144 136834 176556 
133892 173785 135418 174304 136073 176026 136631 177481 138035 178937 139986 180635 136514 176790 137778 178533 138890 179997 136367 176407 139441 180537 139398 181554 137075 178045 136805 178006 137422 177753 135805 176317 135263 175179 138239 179455 137004 177733 137920 178433 137768 178551 134843 174740 135604 175422 136520 176811 133804 173785 137446 177988 139649 181055 132953 172726 125733 163014 137208 178145 139834 180870 137166 177372 137415 178602 138206 178980 135807 175928 137721 178578 137148 177901 137355 178294 137187 178081 137625 178521 138951 180576 136620 176907 137549 178654 139097 180259 136382 176697 134626 174682 134980 175515 135992 176272 135356 175128 137324 177979 
138844 180238 139144 180135 140195 181919 137264 178326 138191 179012 140510 182422 137769 178514 137603 178412 136566 177374 138761 179782 139221 179696 138504 179407 138549 179417 136438 177023 137501 178750 138609 179249 137599 177944 139658 181115 139294 180747 138415 179190 138662 179942 138799 180612 135328 175360 137566 178278 134723 174524 139375 180624 139833 181056 139047 179969 137201 177792 136370 176775 138849 180321 140415 181695 137656 178273 134857 174956 135897 175802 137069 177209 136469 176674 137498 178483 140501 182014 137936 178928 138797 180134 138950 179925 137953 178965 138810 180170 138592 179834 138980 179573 140401 181648 139338 180161 140075 181078 137024 177775 
140285 181359 138755 179670 139510 180353 138938 180116 138594 179559 139179 181174 141507 183138 140009 180505 138199 179413 140887 182906 141282 182575 138457 179201 138342 178804 140294 181357 137583 178464 138296 179595 71366 92795 139077 179899 138814 179871 138411 179324 141066 182910 138991 180170 137272 177568 139681 180132 139259 180272 139668 181007 140007 182003 135462 175658 141245 183541 136778 178002 139044 180566 137647 178555 139695 180736 139591 180903 139337 179630 138945 180015 138823 180474 71461 92566 138849 179496 141314 183671 136943 177605 141190 182522 137837 178256 139449 180274 140328 182313 140779 182627 138481 179576 139230 179884 139516 180811 138375 179022 
137651 177890 142078 184071 140279 181379 139787 180679 139641 181423 140419 182345 130869 169171 139117 180521 140075 180921 127329 164930 139701 181720 139414 181523 140740 182321 137148 177789 138093 178946 141754 183772 141577 183582 137403 178560 138505 179918 139892 181634 139979 181879 142564 184728 139884 181736 71715 93248 141520 183680 136679 177181 142262 184530 139634 180203 140410 182124 139388 180311 141579 183168 70869 91993 140569 182405 140718 182733 139059 180361 139781 180802 140609 182505 136385 176394 140526 182240 138388 179586 139327 180496 139602 181252 142371 185583 140307 182257 134114 173141 141197 183046 141098 183491 137252 178367 139139 180408 142137 184984 
142695 185075 139801 181499 139204 180607 134209 174074 140564 182850 136554 177060 135662 175675 141638 183100 142666 184915 139828 181139 142411 184714 72363 93892 141325 183376 140599 182142 72273 93635 139372 180459 141227 183239 139689 181026 140948 182323 141354 183315 141116 182699 142386 184208 139901 181036 140453 182143 139530 180326 140876 181907 139887 181054 134068 173648 141332 183262 141645 184175 140606 181860 140097 181285 140889 182871 143568 186613 139131 180903 139602 181708 142728 184451 142428 184344 143953 186993 140492 182414 141461 184010 141626 183584 140107 181732 140492 182021 140480 182423 140642 182537 142355 184987 141562 182747 139610 181023 141776 183338 
141772 183555 141757 183615 140305 181829 139335 179825 140300 182322 139399 180466 142371 185287 140809 182370 140538 182691 140297 181609 141031 182280 141654 183070 142972 185243 136646 176691 141390 183613 136530 177234 141353 183197 142349 184115 142433 184779 142459 184238 138189 178740 128890 167502 139430 180685 142647 184736 141689 184006 140008 180722 137560 178272 143044 185273 141618 183797 143205 184768 142939 185182 71504 92726 136209 176957 142119 184583 140100 181393 141513 183580 136381 176233 142499 184024 142307 184157 143273 185139 143505 185513 143326 185744 142408 184096 138797 178901 143036 185412 139820 181124 142236 183606 141537 183566 142200 185013 139069 180366 
142046 184085 142951 184936 142589 185082 141416 183524 142376 184294 141174 182903 141843 183842 141559 183412 142124 183482 140218 182048 126949 164461 143752 186449 139423 180376 142347 184813 139688 181354 142318 185270 143616 186254 144371 187826 142856 185221 143264 185023 142753 185289 141775 183590 144542 187158 137803 178723 141613 183822 142305 184990 128324 166755 143153 185247 144286 186630 141285 182854 142486 184247 143836 186758 141555 183550 139844 181641 141836 184716 141109 183098 142445 184208 142128 184043 144417 186699 141144 183006 139899 180663 142823 184613 142589 184696 142112 183354 72912 94770 142238 183958 141328 183497 143174 186071 143315 186060 142806 184882 
142710 184673 141678 183255 144283 187338 144543 187043 143974 186788 145643 189224 144649 187185 142321 184698 142194 184689 143651 185536 142382 185064 143294 185951 73539 95411 141746 183941 143092 185423 144494 187571 145398 188344 145029 188311 145327 187995 143384 186356 145444 188330 143775 186716 73341 95181 142044 183934 143536 186380 139415 180560 143236 185698 141905 184515 143343 185755 141485 183071 141542 183196 142534 185250 141290 182783 142673 185316 142717 185005 139321 180646 142974 184824 142441 184918 141896 184253 141224 182832 141330 183579 144276 186851 144661 187261 144506 187658 141682 183670 141655 183918 145881 189329 141580 183453 141829 184242 142733 185289 
143855 186509 143147 185864 142157 184604 144093 186698 141777 183409 144075 186913 146138 189179 142557 184548 143956 186617 132189 171850 142790 184567 142343 185007 145460 189000 145925 189272 143986 185663 144492 187184 145189 188348 144331 187311 144664 187776 144257 187540 144209 186964 142796 184857 142810 185316 143020 184890 144076 186408 144056 186995 145187 188177 145177 188779 142060 184347 142548 185034 143198 185365 144025 187194 142235 184700 143951 187215 145252 188291 145773 188218 142616 184944 144261 186163 137950 179333 144428 187558 142487 185418 145737 188864 141298 182838 142781 185015 144461 187332 143071 185625 140022 181801 145829 188725 142522 184818 145324 187899 
145358 188304 143443 186180 147069 191011 145619 188243 144814 187472 144443 187311 145236 188263 144834 187369 144484 187499 145734 189290 145629 189234 136839 177191 143596 185665 143513 186370 147798 191567 143288 185438 141401 183547 145717 188538 143869 185649 143662 186953 143845 186523 144453 186927 142841 185027 143579 185828 144062 186804 144488 187659 144737 187489 145485 187935 142094 183547 144772 187596 145938 188672 144824 187194 144167 186487 143343 185726 145186 187933 143413 185995 141135 183314 146467 190108 146338 189214 143711 186364 146249 189469 144273 186504 142031 183553 145000 187173 145676 189215 147497 191339 140039 181200 141608 183858 141575 183366 144295 187405 
143815 186219 148352 192522 145580 188063 145236 188383 144963 187526 147175 190601 145861 188628 145777 189910 143261 186001 145373 188783 146701 190215 146803 189783 142164 184082 144118 187245 143489 186269 146209 189005 143883 186794 146821 190648 144348 187323 145408 188659 147408 191326 144918 187601 132635 171319 146276 189985 147308 190177 145223 187830 145156 188349 142902 185311 139753 181876 147824 191244 146619 189323 146947 190335 145377 188359 146627 189420 146406 190161 144903 188035 143572 185883 143931 186749 146309 189467 146015 189644 143874 185905 144720 188177 145808 189498 144706 187866 147538 191875 147709 191313 144801 188207 145437 188493 145335 188081 132546 171424 
149619 194273 147589 191147 148264 191424 148206 191899 145240 188474 149230 193223 146061 189228 144372 186868 146526 189774 144416 187314 146169 188466 144465 187656 146144 189106 146263 189647 144982 188249 143104 186019 145795 188947 148633 192657 145400 188394 147846 191018 144947 187788 146447 189560 146521 189689 145524 188095 147530 191794 143548 186331 145981 188765 147700 191155 146386 189147 143913 186344 138934 179276 146087 189143 148028 191466 147824 191906 147889 191084 148105 192646 148672 192533 145642 189356 147083 190539 146214 189081 147941 191446 146655 190121 147140 190351 145155 188139 147767 190858 74094 96216 146818 190972 147137 190885 147407 190714 145592 189035 
148375 192857 148080 191816 143707 186690 147816 191624 147525 191197 149765 193708 144638 187771 149279 193138 141609 183972 146596 189993 146291 189574 146404 189287 146370 189670 147987 191036 148861 193157 147762 191310 148689 192034 148777 193161 143809 186355 147574 190704 145601 188816 148876 192611 145850 189164 148935 193529 147715 190981 148577 192432 148717 192768 148363 192740 145336 187997 147004 190081 147591 191174 145975 189594 147608 190337 148326 192568 147335 190801 146670 190180 146368 188988 143584 186208 145208 188360 146083 189796 140343 181807 147658 191618 148094 191729 146694 190600 146220 189838 146720 189642 148456 192955 146014 188966 148268 192881 148045 191616 
145012 188134 148956 192937 147076 190810 146712 190211 148826 192993 144423 187380 142637 184291 146883 190115 146557 189625 149095 193221 149202 194141 145646 189283 148571 192296 141181 182419 148606 193093 148866 192088 147148 191182 143385 184670 147819 191291 147458 191248 149191 193999 147683 191579 145626 189013 148693 192777 144353 187283 146209 189402 147250 190661 150112 193993 147230 190880 147792 192192 146924 190291 146335 188962 148315 192109 145338 188111 147399 191239 149166 192729 147489 191393 147072 191042 149711 194287 146600 190032 75682 98117 145078 188070 148013 190924 150639 195567 147308 190895 149908 195186 147188 190796 146105 189494 143136 184970 148225 191544 
148828 193375 149128 193717 147132 190673 147206 191002 148026 192308 148762 192871 149847 194269 148655 192866 141044 182783 148961 193701 151290 196124 150225 194993 149870 194591 148979 192670 147812 191397 146591 189925 147685 191142 147557 190998 149455 193300 148155 192002 148313 192470 147047 191002 145530 188973 146486 189803 76617 99761 148750 192734 148594 192593 149232 192898 149459 193715 145248 188205 149082 193047 148102 191681 149725 194005 149871 194912 147765 191621 150141 194374 150166 194686 149441 193777 149449 194005 147556 192028 148197 192083 148386 192279 147116 189996 148682 193161 148704 192526 147897 191622 149318 193695 148734 193434 147748 191044 146632 189644 
149410 193322 148600 192789 150446 194564 148371 192599 149640 194465 152383 197908 150700 195655 151829 196212 148261 192508 148825 193329 135934 176665 147842 190876 150739 195558 149613 194303 150453 194384 150061 194379 149308 193769 151847 196823 150034 194708 151115 195920 149998 194582 148648 192636 149359 194279 151829 197111 144825 187303 148899 192718 151287 196388 144701 187706 148749 192654 150057 194513 143725 186395 148919 193123 147361 191060 150313 194794 151025 195730 150263 195048 149693 193983 134221 173389 147641 191327 149853 194077 150778 195090 149533 193201 150485 194540 147776 191485 152111 197493 147667 191075 147368 191117 149548 193848 150818 194914 150354 195645 
146702 190247 138107 178687 150361 195268 149452 193996 152426 197268 149672 193176 150825 195470 142506 184263 149765 194374 150314 194466 146831 190195 152374 197764 148917 193324 152458 197067 142886 185527 151782 195993 149947 194604 153777 199905 149102 193025 152661 198775 149066 192333 149419 193455 151384 196209 153236 198767 149182 193178 146322 189780 151472 196734 151926 196521 149944 194423 153251 198589 151017 195120 152902 198447 148851 192347 150819 195378 151002 195415 151914 196037 150558 194990 150906 196139 151115 195994 151838 197248 150676 195049 150377 194973 151980 197230 152230 197760 149819 194933 151331 195938 150865 195569 150353 194936 143644 186187 150219 194427 
151194 196146 153185 198960 151960 197299 151896 196726 152975 198467 149221 193018 152088 196579 147069 190680 148974 192712 153812 198613 151147 195776 77047 100111 151238 196367 152714 197089 151424 196506 151854 196000 150488 195137 150434 194496 150300 194903 152641 198465 153024 199013 142154 184015 152552 196937 150971 195961 152860 197486 147582 190772 149537 193566 153479 199466 151911 196946 150566 194794 152444 196885 151517 196501 150926 196087 150532 194193 150994 196004 152348 197035 147903 192009 146249 189888 151840 196447 151756 197205 153069 198508 150895 195954 148456 191922 149678 193981 150370 195189 149248 193437 148344 192155 149922 193686 149749 194519 150130 194775 
151701 196601 153357 198008 149404 193963 77537 100621 149986 194622 149201 192994 149935 194061 154792 199922 151093 195795 150682 195715 151369 195929 151926 196390 151432 196231 153219 199119 154563 200034 152324 197191 151935 197231 153070 198472 148081 191669 149069 193240 152469 197443 151977 196256 150581 195199 152202 197296 150189 194280 153758 199520 150107 194865 151475 196706 149127 193521 153812 198985 153830 198844 149962 194541 145035 188249 151483 196401 154370 199668 136273 175965 150630 195642 152307 197903 154213 199695 153840 199119 135709 176151 151884 197302 154269 199172 153324 198955 152507 197331 151576 196635 147867 191291 153587 198544 153201 198021 152496 196774 
151879 196705 154391 200649 153161 198220 153535 198794 153591 199433 153242 198698 150993 195590 152502 197997 154665 200622 150830 195684 150274 195009 150153 194550 154225 199598 152411 198476 153193 198919 154444 199913 153221 198072 151648 196974 151617 196835 154315 199581 153670 199503 153294 198858 151382 196431 151017 195908 152633 198090 153306 198816 154120 199862 152255 197207 151322 196476 152337 196727 153254 198787 151998 196701 152788 197849 153015 198307 151300 196031 152589 197662 145943 189620 152174 196399 137795 178569 154613 199693 153228 198887 155094 200496 152031 197701 151669 196027 152575 197554 151408 196540 152237 197796 152223 197556 154282 200171 154500 199724 
153182 198102 154454 200321 154600 200655 152572 198830 154588 199575 152110 196916 155721 202317 152330 197177 153678 199395 152499 197274 152444 197700 154117 199598 155536 202134 152349 197814 146775 189670 152614 198142 152071 197796 153378 198542 154160 199449 152423 198062 145801 188710 154641 200031 154791 200720 155244 201490 154595 200266 138143 179438 153498 198953 148840 192945 146255 188794 154155 200001 154871 201098 154448 199601 152276 197191 156099 202664 151547 196176 154226 199904 156057 202357 145909 189315 148925 192218 153493 199042 153019 197318 155305 200823 154385 199883 153997 200317 151989 197075 153394 199022 151206 195802 152267 197435 153064 198662 155118 201045 
155669 201059 154972 201082 156231 202767 153779 198927 148569 193164 154688 200866 153464 198962 154083 199276 156390 203410 150183 194569 156613 203175 151846 197064 155753 202194 154996 200539 152786 197643 153662 198983 155408 200982 154310 199970 156238 202857 149852 194248 153519 199143 153326 198927 153783 199760 153901 199600 153918 199449 154666 200492 155146 201500 155772 201878 152956 198570 156098 203139 155893 202335 154666 200402 154719 200768 151669 196216 155217 201920 153191 198889 157456 204070 154035 199750 154498 199934 153486 198919 153161 198612 153345 199290 144425 187407 156345 202510 156547 203497 155530 201063 151257 195119 152033 197199 154162 200454 152916 197560 
155733 201520 158353 205588 153480 199004 155490 200897 76811 99730 155473 201311 155180 201398 154755 200138 156095 202204 154060 200344 153769 199400 155593 201226 154065 199437 156225 203020 156828 203706 153959 200015 155434 201630 154693 200736 154774 200121 151489 196045 152457 197537 152350 197483 154721 201214 149668 193560 157111 204295 158543 205107 140534 181750 156378 203385 157597 205129 156850 202648 157899 204189 155676 202432 77364 100519 157472 203740 153140 198491 154916 200799 155233 201397 157147 203137 153320 198199 154937 201250 157854 204257 146691 190084 156214 201461 155541 202104 156565 203626 155618 201553 154687 200512 157673 204868 159122 205995 155203 201265 
156180 202382 155061 201037 157989 205091 157453 204630 142967 185373 154172 199698 155248 201221 155262 201522 157018 203235 154215 199957 149256 192538 156546 203386 157437 203808 158084 205160 155920 201985 153402 198921 154056 199447 154533 200259 157684 204857 158939 206765 157813 203896 157155 204178 154485 200295 154404 199815 156985 202793 154531 200500 154882 200335 155509 201598 154862 200446 157786 203862 155626 201746 153786 199271 155658 201539 156706 202839 155716 201507 157624 203682 156126 201772 155977 202351 156422 202151 156750 202358 152256 196724 149720 193942 154297 200195 155951 202432 154185 200017 156743 202651 157562 203920 157704 203609 156267 202264 141794 183844 
155237 201417 156297 202980 160317 208362 158833 206431 157316 203391 156681 203284 158388 204588 155737 202417 157193 204093 154081 199948 155237 200378 155542 201949 157213 203276 152293 196435 156705 203067 157349 203510 156220 202515 154003 199615 156502 202505 156686 202374 156117 202189 148414 192294 156497 202626 153861 199353 156558 202502 158728 205313 158252 204797 155743 202204 155315 201375 155799 201975 156749 202865 158934 205631 156338 202847 157027 203997 158931 206483 154654 200028 156171 202988 156892 203408 159345 206455 157456 203890 157112 203617 158360 205702 155597 202175 157909 203609 156859 203598 156630 203279 156984 203206 156087 202002 158335 205292 155797 202262 
158346 204501 155435 201634 159043 206485 158471 205760 158255 204852 158053 204878 155473 200880 155944 202643 156634 203475 156573 202234 158092 205040 157881 204574 160355 207405 160037 206937 158062 203659 159844 207455 156345 202311 157941 204845 156589 202949 153798 199454 156571 202598 151889 196846 155648 201907 159895 206725 158508 205610 158759 206127 156918 204024 158318 204643 158219 205354 157091 203839 155462 201498 155886 202053 156635 202274 157640 204283 159703 206895 158933 206636 158343 205811 155244 201578 159284 205333 157100 204128 141390 183351 158265 205251 155396 201718 156623 202903 148448 191616 155612 201849 155707 201947 154080 199954 160179 207282 158861 205635 
160540 207562 160171 207564 159859 206923 158835 205179 158487 205757 160916 207789 158284 205294 156673 203418 156813 203574 159647 206176 160586 207859 155500 201296 156878 202854 157566 204634 158980 204982 156844 203655 161081 208538 160459 208418 157977 204841 159236 206794 157558 204401 159204 205668 155700 202245 156708 203634 160541 207663 159892 207511 157599 204180 157343 204685 158619 205853 159545 206958 160240 207454 159754 206709 157560 204665 158789 205578 159866 207540 156747 202604 159197 206261 143153 184658 158616 204592 158868 206169 159965 207774 157560 204619 161861 210392 161842 210334 156570 202493 157090 203305 151567 196492 159475 206418 157365 204146 159211 206570 
157029 203699 160976 208813 158530 205347 159778 206285 159442 206527 159119 206900 161461 209913 159623 207242 159887 207123 161239 209686 158350 205126 158474 205327 160514 207921 157477 203832 159676 206551 158079 205209 160677 208151 159073 206205 161598 210270 159747 207525 156688 203030 152805 198309 156556 202758 159527 206508 157549 204323 156897 203491 159314 206736 157491 204646 163313 211280 157338 203509 157750 204976 158532 205425 159513 206737 161416 209035 161683 209086 151621 196482 161487 208627 161403 209660 160443 208104 161357 209563 141784 184219 160493 207278 156838 203514 160491 208337 154122 199291 160390 207980 159212 205489 140481 182226 160300 207307 157175 204050 
161100 208637 160982 208948 161919 210501 161463 209477 158818 206335 158479 204928 160462 207816 160768 208281 157718 204846 162592 211178 158448 205834 158901 206188 145721 188927 160337 207704 158443 205369 159425 206804 161361 209509 161748 210380 159702 207365 156249 201931 159376 206263 159385 206818 161063 208857 159507 207190 160404 208285 162596 211371 163220 211353 160002 206936 160839 209150 158991 205916 160452 207614 158755 205385 158513 205431 160732 208282 145576 188427 158173 204981 158142 205135 160262 207947 160177 207494 160649 208485 148958 193282 157449 203694 162103 210204 158808 206055 161855 209342 161427 209108 160094 207091 81754 106523 160787 208873 159842 206515 
154355 200106 159988 207553 159063 206271 159224 206109 160211 207895 158963 206079 160594 208260 159481 207409 161203 209366 162500 211316 162680 210632 161412 209712 161903 209764 158802 205698 154828 200811 160279 208122 159682 207081 150845 195824 160281 208246 157622 204353 160674 208096 162178 210722 160111 208031 163386 211145 161560 209257 163297 210992 139751 180738 159328 206814 161191 208646 160131 207549 160736 208328 158255 205198 161690 209222 163857 212282 159352 206796 160535 208983 160245 207333 162215 210448 160337 207882 161764 209180 161448 208439 162067 210024 158792 206110 159746 207866 160234 206766 161031 208923 159521 206850 160527 207920 159100 206608 160321 207940 
159643 206270 161106 209315 163707 212935 163235 212132 161608 209355 160699 208218 158567 204858 159719 207218 162436 210007 162904 210277 160776 209164 161544 209162 158048 204774 160876 208635 163386 212035 161745 208843 162998 210033 161265 209376 162626 211026 162365 210615 159250 206056 160987 208797 159965 207263 162648 211331 160458 208147 163443 211948 163556 211915 163493 212263 160674 208249 161763 209960 161486 209647 161239 209576 163832 212123 164882 212879 164524 212964 161261 209444 161557 208768 164203 213212 164292 213542 159736 207111 162642 210135 160599 207864 162464 210195 160316 208015 163453 211454 160722 208617 163044 211659 163186 210935 161397 209622 144337 187422 
165344 213645 163929 212615 163284 211857 163191 212184 161777 209386 162998 210443 165821 214813 162749 211000 161438 209001 160642 208449 159613 205379 161600 209601 163714 212029 163756 212953 161311 208719 160082 207170 161793 209571 165331 214795 163980 212874 83456 108211 158370 204977 163780 212517 161307 209487 161175 209074 147140 190666 159280 206615 163378 211655 164009 213478 164502 213317 160206 207655 160283 207813 164143 212042 162333 211057 164533 213219 162077 210459 162794 211500 163346 211386 164939 214001 160366 207399 163217 211677 164578 213750 157930 204918 165331 214310 159202 206525 163310 211567 163507 211943 160264 207580 161687 209760 164968 213460 161874 210657 
165243 213951 164425 213290 163298 211295 164244 212299 163625 211513 163187 211454 163393 211336 159231 206471 147863 191772 163209 210916 163742 212886 163497 211865 162056 210254 161442 208902 162161 210139 149385 193424 161072 209487 153618 198877 163561 211829 163399 211008 164412 212551 161751 209512 165288 214796 164211 212126 163130 211519 162902 211329 164714 213624 165412 214625 165418 213949 163556 211826 165514 213677 163055 211078 161138 209154 164511 213528 162860 211273 161451 208664 163698 212172 160900 208619 165828 215918 165546 214379 166756 215536 161255 209319 164951 214443 165332 213762 162938 211236 163823 212408 165256 214675 162614 210163 160312 207768 165651 215635 
164174 212157 162456 210458 162379 210590 163888 212164 163717 212827 166233 215063 164213 212905 161369 209680 165391 214338 165935 215178 166086 215786 165413 214945 162917 210769 164129 212757 164629 213481 165290 213563 162551 210527 165399 214664 164651 214257 162851 210965 163602 212098 163619 212041 165310 214841 163742 212054 148732 192220 166136 215792 163460 211412 166459 216011 165362 214003 166164 215267 165465 213597 162546 211432 159460 206502 162773 211151 162968 211189 163362 212009 159601 207097 166003 215390 166509 215224 163801 212172 160239 208224 162522 210508 166736 217060 162961 210997 164261 213312 165132 214675 163666 211924 162453 211292 164630 213307 164991 214115 
166745 216548 164673 213624 163921 212273 165159 214605 164654 213481 164498 212610 163823 212280 164020 212734 165380 214793 165542 215055 166469 216913 164806 214344 163371 211263 167206 216188 167542 217347 164822 213082 165032 213796 162827 210984 168401 217729 166929 215723 165439 214250 162796 211414 166349 216433 166790 216941 164301 213054 165027 213058 166538 215466 166306 215639 155524 201342 161259 208829 164130 212728 168185 218690 164955 213558 164090 212790 167417 217460 160207 207370 165854 214703 165083 214410 163706 212050 149575 193568 159057 206965 159692 206804 166086 214819 166344 215796 163015 211164 165806 214897 164524 213497 165213 213953 166891 217211 165879 215935 
164547 213203 165884 215434 165362 214005 164561 213550 166925 215796 166680 216872 167332 216773 167801 217927 162924 211110 165048 213173 162394 210497 167914 218588 164254 213272 162278 209662 166179 215215 164790 212956 164397 213370 165323 214676 165163 214226 164940 214101 167665 218139 164751 213427 167717 217163 163528 211784 162871 211262 166231 215830 169059 218802 166838 216016 166365 216147 167523 216434 165598 214350 166389 216535 165884 215520 165567 214812 164987 213416 165017 213867 168484 218151 167975 217529 163753 212390 162875 211407 166528 216300 166641 215521 167607 217126 166960 216342 162748 211034 166185 215733 164649 213362 164049 212605 167504 217805 165890 214653 
166692 216413 165444 214756 167505 217468 168114 218672 168844 219217 166095 215199 165392 213952 165014 213821 168011 217182 167386 217028 166888 216613 159487 206774 167556 216541 167525 216923 165435 214272 168319 218611 166286 214604 156548 203259 167860 217634 167701 217592 164597 213722 164724 212627 166439 215500 166018 214565 86061 111737 167283 216576 165249 214106 164717 213350 168294 217914 167675 217767 165908 215243 163195 210834 163932 212154 168512 218738 165997 215973 167744 217485 161877 210030 164592 213640 166409 215398 166552 216106 167542 216627 166451 215793 165675 214229 165418 214844 164894 213452 168065 217965 165992 215360 168231 217222 168541 218663 161197 208695 
164591 213427 169411 219306 167251 216642 166015 215433 167001 216798 167361 216761 85856 111616 163804 212782 167354 216309 168246 217812 168940 219116 166350 215337 169781 220793 168424 217904 169789 219988 166768 216237 166853 215908 167077 217305 168570 218732 167875 217581 158916 206392 165820 214710 167582 216697 165382 214816 167019 216380 168476 218256 164871 213989 169407 219832 165316 214274 166643 216145 167215 216828 168986 218643 166392 215369 167574 217799 168722 219178 164343 213367 168758 219507 166104 214886 169614 220202 163424 212598 167228 217429 167380 216796 167328 217369 164877 214470 165482 214748 167399 217785 168901 219213 167772 217476 170152 221269 168230 218568 
166081 215063 169910 220811 169891 220023 153940 199838 165334 214107 170735 220752 169545 219844 168432 218596 168506 218487 170211 220604 169609 219429 166380 214653 162347 210285 167209 217107 168555 218049 169827 219730 169627 218860 164941 213633 168893 219143 167284 217597 167356 217165 167415 216735 166028 214953 163855 213027 162082 210368 168329 218469 168595 218959 168363 217530 168943 218385 168890 219545 171006 222045 167350 217119 168939 219236 159982 207822 169811 219721 168372 218589 163477 212184 167021 215952 168983 219400 167743 217798 168104 217899 166506 216632 166141 215879 86646 112312 166210 214872 165819 215240 86783 112517 169356 219322 165862 215092 169099 219926 
168418 219045 167203 216665 168415 217743 170963 222216 168599 218482 170065 219757 166074 215254 168469 219020 167451 216846 169319 219906 168910 218935 171093 221886 169300 219615 169648 219824 169188 219894 169963 220504 168930 218453 168118 218166 169325 220064 168732 219087 160752 208368 171044 221576 168067 217788 170991 221309 167522 217081 168669 218696 171137 221292 170045 221273 170787 221909 170832 221531 169234 219048 165733 214849 167226 217285 171696 223213 168934 218834 168313 217946 167049 216358 166767 215947 168908 219041 163220 211431 170169 220829 163305 211583 169472 219522 170182 220734 169150 218979 167567 217064 171809 222276 170939 221868 164945 214155 169368 219864 
171744 222517 167400 217446 167808 217351 170533 221358 172268 222831 169704 219443 170900 221560 169567 220155 166763 216619 170721 222045 168620 218754 171571 222441 170423 220932 163134 210791 171378 222238 166950 216566 170100 220017 169851 220006 166132 215397 171360 221455 168630 217518 166993 216714 171452 222339 172173 223420 166927 215907 169050 219621 170073 219836 86555 112250 168572 218560 170696 221645 168091 218359 167891 217421 168903 218616 165468 214061 171098 221126 169712 220255 165868 214690 169365 219094 169619 219682 168686 218595 172092 222244 169955 220695 171249 221719 165994 215025 169488 220097 169530 220386 170569 221084 170908 220872 169634 219971 170587 221294 
169236 219673 171233 222993 169770 219381 171004 222039 171416 222387 165157 213694 167361 216942 169255 219342 173465 223934 169821 220369 171834 221760 172718 223523 170471 221091 168499 218759 170723 220836 171565 222434 169544 220024 170738 221388 171180 221993 172580 222819 169673 219981 171686 222039 168580 218580 172148 223571 86882 112860 168819 218750 170671 221301 170894 221331 169646 219831 170316 220143 170140 220934 170746 220824 171450 222116 162964 211216 172039 223397 170654 221127 172858 223617 168527 218458 170718 221244 171574 222029 172591 223945 171568 222209 172498 223899 172014 223464 169692 220047 170642 221432 169357 219757 170789 220793 171454 222318 168631 218943 
172541 223778 174494 226270 169326 219193 171234 221996 173560 224112 169887 220774 169361 219574 171978 223239 170275 220570 171353 221878 163477 211458 173890 225044 173400 224964 170182 220179 170502 220526 163742 212970 169862 220122 170125 220910 171026 222227 169742 220146 172165 223631 173955 226100 174731 225363 171326 222390 173083 224085 152659 197634 170131 220853 170719 221055 172043 222679 171062 221329 172146 222455 171986 222775 168219 217639 170557 221024 172958 223945 174925 226622 171822 222196 172643 224047 171679 222980 171726 222314 168712 219332 168696 218979 172403 223057 168971 218343 173219 225083 172973 224521 170161 220156 171587 222239 173533 224776 172367 222948 
172617 223224 165865 214912 170303 221035 172909 224468 175157 226637 171038 222344 173363 224272 172628 223618 155110 201450 173249 223661 169662 219591 173308 224204 171624 222374 171591 222415 169531 218826 172818 224316 173219 224650 168245 217876 167659 217189 86690 112777 173443 225136 172331 222749 174244 225339 170129 220582 172601 223347 172874 224436 168589 218837 173570 225468 170771 221260 173750 225711 171874 222557 171618 222383 173729 225587 175526 227487 167697 217501 174025 224882 173924 225457 172975 223750 172383 222730 173115 224570 171812 222009 171536 222531 170680 221544 172228 223202 174006 225937 173236 223539 173838 224399 174174 224740 173216 225143 171247 222610 
171712 222840 171123 221771 174364 225645 172807 224110 174540 226342 172830 223385 173309 224397 163426 212546 174635 225480 173023 224217 173349 224246 173362 224598 175237 226523 166797 216445 171734 222773 170621 221676 171308 222597 174924 226555 172732 224198 173408 224284 155836 201689 173098 224801 175620 227256 173711 225309 172029 223630 172957 224090 173968 225214 172537 224166 174620 226147 173607 224398 173285 225056 175332 227254 172347 223569 175319 227780 172247 223768 172259 222828 167571 216228 172479 222904 171283 222059 173751 224537 173206 223845 172322 223465 172952 223192 173309 224589 172423 223781 173639 224180 174553 225730 172341 223917 172800 224287 176222 228913 
175563 227809 174778 225981 171317 222236 172716 224202 176087 228754 175406 228248 176105 229021 173902 225465 173692 224974 170589 221066 172570 223638 173099 224441 171050 221988 170939 222008 173283 224441 165067 213873 175727 227942 176263 228133 173801 225262 166357 215591 174607 226891 175416 227190 173914 225089 170515 221152 174045 224944 177512 230784 173031 224791 172945 224847 173912 225664 176016 227463 174404 225650 171639 222380 174795 225922 174045 225570 173266 224879 173805 224759 174220 226023 174673 227048 175640 227224 174397 226234 173440 224306 174825 227216 170858 220408 176670 228835 174674 226432 170640 221565 174770 225898 173082 224491 173219 224472 172828 224310 
175477 227954 174017 225564 176933 229161 167922 217054 156828 203356 176278 227980 175215 227705 176360 227547 177129 229454 173788 225108 173017 223950 174761 226085 174987 226856 170613 221666 168004 217799 173513 224643 176817 228579 175500 227000 167122 215568 173816 225233 175454 227748 175660 227967 176897 229259 171740 223118 176276 229061 174705 226303 172924 223242 176094 228554 174267 225782 174423 226300 89956 116744 171580 222205 175430 227481 176592 228657 173776 225290 174400 226908 175925 227379 175270 227636 176523 229315 173643 225748 88536 114853 177247 230666 175420 227317 89573 116298 170759 221587 169854 220267 171987 223061 173875 225262 174114 225801 176319 228267 
178658 230795 174271 226058 172922 224709 170405 221319 176757 229727 174950 226484 171528 223086 177316 229231 176739 228205 169813 219371 176980 229192 175692 227833 175969 227978 175367 227465 176069 228776 176686 228596 173683 225417 175323 226877 176574 228131 160209 207656 175095 227080 175890 227877 175027 226421 173587 225062 174310 226047 174925 226327 175868 227836 175623 227704 174643 226034 176107 228527 177229 229193 176813 228488 174869 226608 176926 229632 173717 225207 174017 225373 177825 229850 175201 226720 175128 226584 177291 228875 172532 223673 175249 226355 176097 227433 175262 226725 177433 230566 177537 230816 174327 225708 175958 227740 177320 229624 176773 229260 
174965 227281 168752 218370 175731 227703 179336 232151 177580 230286 174249 226214 179491 232166 176455 228693 176689 229053 176615 228830 175649 227109 172061 223348 174437 225708 177001 230066 176297 228781 174359 226037 175327 226679 171348 222657 176523 228824 174536 226149 177308 229973 177065 229408 176840 228972 177280 228928 175130 227431 178080 230496 174909 227233 177352 230413 176181 228142 90747 117810 178581 231996 177571 229801 177612 230023 176789 228853 176259 228257 168952 218471 177527 229851 177605 230010 174105 225398 175715 227292 175380 226747 176649 228935 176371 229041 162652 210958 166203 215385 173719 224727 177420 229732 176007 227364 177367 229653 177960 230352 
178690 232380 176589 228129 179946 232747 178303 230880 178042 229860 174837 226454 176908 228994 178062 231017 159078 206158 176686 229100 174461 226215 179394 233294 176413 228654 170959 221685 175177 227297 177351 229785 178846 231892 178264 230214 172624 223371 179507 233458 178188 230148 175307 226046 176721 228816 176429 228240 175854 228264 177609 230758 174606 226247 179238 231833 178431 231379 178342 230198 176232 228967 176643 229214 179976 233665 178522 230842 176937 229189 177758 230524 177959 229955 174600 227010 177926 230058 177425 230210 179551 232518 176381 229457 176588 227647 176308 227895 176884 228991 168606 217601 177860 230824 176936 229184 178157 230358 172319 222860 
177245 230011 180782 234964 177433 229521 178219 230764 175572 227742 175665 227954 177975 230100 175361 227333 179748 232683 177889 229823 172765 223325 177176 229651 180764 233846 173824 225787 176504 228795 177365 229758 175456 227589 176868 229002 178964 231953 176467 228744 177769 230181 176872 229236 180103 232871 178984 230646 178520 231327 179791 233502 178737 231434 177171 230176 178797 232137 180094 232944 179264 231853 179577 233297 177871 230384 178260 230214 175146 226420 91065 118290 156408 202666 176333 228238 180285 232931 176896 229379 175223 227478 179197 232094 180659 233984 176667 229185 177604 229336 179352 232167 177783 230244 181218 234884 179900 232980 178512 231522 
175272 227320 178846 231072 181463 234804 180393 233306 179862 233738 178862 231775 177626 229936 176342 228270 180184 233999 176865 229453 178746 231730 178535 231518 179840 233841 180497 233661 176770 229237 179352 232547 180051 233435 178523 230950 178474 232203 177377 230066 181534 234409 179813 233662 177901 230762 176685 228738 180680 233759 177304 229365 180010 232734 179489 233145 178236 231246 180322 233166 179822 233699 178548 231388 180472 233574 176650 228592 177706 229724 179889 232812 179977 233651 180443 234193 175865 228054 177702 229314 179279 232244 180356 234185 178741 231799 181464 234531 163100 211396 181712 234967 177852 230401 91646 119027 179367 232525 179076 231255 
180436 234401 178716 231693 177076 229702 179579 232923 180613 234380 180409 233966 180931 234739 178996 231459 180499 233625 182693 237305 182698 236695 179561 232979 182178 236600 177150 229508 179542 232643 178896 232017 177954 230272 178540 230997 180871 234925 178598 231174 170853 221730 178517 231770 180613 233544 179838 232838 179461 232512 183169 236618 176765 229833 181788 235892 181005 234873 182269 237031 180668 233746 180552 233533 179251 232237 179544 231998 177582 230252 182230 236500 179554 233160 181085 234937 179093 231423 181672 235765 178787 232276 180760 233890 177903 229931 177427 229475 180523 234540 179166 231337 179634 232533 178216 230766 178940 231964 179109 232298 
179372 231970 171985 221993 183364 237617 181711 234907 182423 236651 183560 238185 181670 234789 180452 233585 179874 232984 178071 231010 180023 233799 164950 213252 179365 232293 179670 233149 178021 230812 182510 236141 181213 233989 180495 233542 181590 234327 178011 230410 181322 235066 182508 236828 179926 233207 181992 236140 178612 231105 177885 230671 180597 234007 181251 234170 180315 233816 182512 236164 175134 226939 178408 231355 179867 233232 177711 230661 181874 236047 182054 235501 181266 234424 180707 234619 180297 233281 181249 234211 182888 236579 181671 234727 178833 232295 180433 234030 182939 236415 178668 231062 182380 237294 179985 232939 180761 233488 183282 236864 
181819 235884 183004 237582 182810 236641 179964 233304 172696 223583 181749 235387 181544 235948 182520 237172 181285 234909 178500 231328 179900 233173 180169 233261 181861 235514 180107 232702 180587 233490 178224 230274 181310 234964 180187 233781 180496 234503 180575 234446 180172 232568 183100 237763 183295 236752 176373 228479 183772 238484 182621 236835 181870 235357 183958 237574 184279 238232 182018 235946 181768 236274 180956 234856 176581 229528 179919 233193 180903 234163 179408 232531 181763 235847 165883 215567 182240 235296 178052 230869 184175 238882 182158 236292 178701 231636 182934 236716 183756 238419 182885 237507 178224 230844 182000 235736 92529 120105 183335 237227 
176311 228295 181419 235127 184194 239654 181680 235754 182090 236639 170784 221268 181008 234899 182979 236909 181684 235356 183214 236841 181797 235705 181323 234043 179883 233366 181478 235095 181647 235447 178004 230355 181574 235185 184684 239869 180568 234019 182121 236134 181958 236165 182704 237042 179974 233031 185944 240231 182998 236763 182003 236175 181422 234590 183513 237862 179777 232974 166672 216259 183825 238324 183727 237303 184623 239638 183082 237627 180063 233560 182869 236224 180463 234270 183239 237501 177832 230679 182211 236359 182277 236378 181191 234696 181946 236032 182759 237266 181091 234519 178025 230953 184085 237700 182291 236618 180786 234381 181001 233699 
183231 237731 183897 237531 184885 239266 181635 235465 182223 235709 182054 235590 183858 237731 180792 234382 184570 239519 183445 237481 184478 239509 182049 236702 183174 237243 183540 237961 183221 238208 181277 235223 182243 236271 183548 237982 177942 231391 94134 122153 184681 239403 183899 238988 185838 240735 182085 236185 184755 239051 182404 236916 181369 235678 183398 237879 182263 236320 182243 235625 92907 120573 181635 235887 183406 237391 186593 242383 181287 235270 181838 235832 179014 231225 183718 237649 184577 238975 182110 236127 185975 240740 182927 237539 184546 239334 182278 235707 184128 238323 176949 229574 183282 236953 181396 235495 183829 238769 183204 237391 
183320 237681 183704 237904 185307 240502 168791 219380 183259 237650 183937 238321 182341 236447 182612 235772 185049 239689 184101 238735 183112 236636 183239 237549 177056 229016 185066 239224 183791 237897 185206 240185 184488 239636 182741 236960 182069 236268 186057 241490 185321 239392 182345 236310 183924 238141 185700 241466 185139 240473 184720 239678 184743 239752 185355 240229 182150 234879 185378 240827 186868 242277 184408 239506 183884 238319 185023 240001 181773 235016 186226 240767 184786 238885 184837 239167 183066 236377 181434 235468 183471 237147 181814 235578 183055 237368 182768 236600 181757 235480 181371 235197 184363 239097 185534 241112 180533 233730 184631 238913 
186815 242686 184540 239758 186780 241911 185037 239665 183196 237298 186181 240628 182975 237687 185371 239690 185179 240240 186209 240461 180278 233304 188043 243273 185121 240513 177607 229962 169731 219092 186604 242305 185473 240229 162970 210681 183666 237798 183834 238530 188007 242767 184980 239522 184626 238746 185655 240584 186174 242031 184627 239995 187154 242619 185731 239788 178888 231708 186792 242156 185889 240556 185086 239987 185831 240486 182462 236276 184886 239128 183922 237332 185566 239622 187434 242832 183640 237719 186446 240572 184539 238981 181993 235862 165803 214101 181542 235439 185652 240661 185336 240209 184284 238342 185860 240006 185405 239298 184770 239702 
187757 242644 185909 240280 186334 241257 186335 240861 187935 242752 175585 226888 188105 243314 187857 242862 185976 241396 183341 237633 186016 241488 187099 242190 182692 236755 186975 242597 165533 213747 178134 229937 186420 241491 181931 235111 179575 232205 186345 241178 187347 243305 186399 240937 186453 241174 184991 239742 183112 236627 185217 240482 183524 237404 185165 240530 187793 243795 186322 241968 182708 237241 184820 239542 185872 241010 184825 239701 184804 239731 186347 241283 185037 239399 183262 236883 183152 237311 183913 237979 183626 238263 184214 237943 185884 241397 184708 239402 180695 233359 185773 240813 183425 237565 181516 235238 185036 239487 187334 243078 
184507 238787 184760 239284 187152 242877 184837 239828 184471 239117 183334 237530 186871 242293 186152 240673 183990 238028 187317 243186 185319 240370 188030 244211 188694 245344 185328 240489 187732 243576 182548 236521 183974 238412 188316 244053 185893 240511 185136 240026 187505 242347 189022 244648 188169 243681 184025 238533 181288 235341 185664 241143 187421 242938 188390 244869 187453 243471 185413 240645 188176 244252 186913 242414 188342 243476 186251 240908 183649 238010 183721 237418 185930 240596 185701 240761 180993 234571 184418 239064 186786 242249 186827 241735 183359 237764 188086 243589 183439 237854 186285 240153 188186 243031 188984 245727 187696 243145 185333 240154 
189074 244311 187861 243390 185535 240637 187177 242877 187445 242952 187418 241914 186596 241990 185036 239766 188516 244574 170838 221403 184967 239722 188839 245367 168211 218170 188194 243741 181060 234864 184232 239087 188851 244509 176528 228495 187550 243075 187113 241732 186190 239994 184033 238698 187499 242863 189535 245027 189224 244427 185391 239736 179774 232611 188317 243255 187980 243708 185755 241005 190519 247326 186423 241511 185768 241373 187837 243367 184257 238815 188584 243490 189547 245563 185660 240818 189043 244711 188692 244523 188500 243664 167110 216877 187378 242520 187743 243341 186367 241335 170362 220411 183531 237775 189697 246470 186664 242066 184944 238853 
190301 246723 185878 241144 185863 240964 190081 246141 190249 247158 180115 232942 189444 245488 188337 243763 189036 245879 186765 242653 187202 242377 186349 241839 184100 238612 184991 239904 189027 244408 186616 242069 187848 244021 182237 236087 188573 243953 190252 247230 187358 243142 188342 243541 185389 240858 186900 242991 186001 240854 190465 246242 187829 242524 186934 242475 187258 242903 187471 242219 185761 239964 182505 236536 188622 244972 187220 242594 187566 242866 186480 241814 188368 244522 187315 242802 187882 243266 187743 242458 187548 242546 189916 246960 186124 241568 185729 240705 188000 243613 187512 242596 188222 243595 186741 241344 188410 243273 189346 245684 
190635 247526 94437 122733 186846 241017 181653 235608 190600 246542 179277 232702 190912 247212 190476 246720 186320 241050 190285 246704 190508 247205 191927 248915 188349 244368 188251 243711 189895 245504 190668 246989 180654 234318 186974 242804 191389 247445 189419 245670 186067 241114 188836 245043 189184 245249 189896 246411 188933 244737 185437 239746 187145 243123 186583 240622 187571 242188 189609 245688 186430 241628 187907 244080 189649 246024 191047 247526 190433 246322 189502 244676 189999 246164 186294 240703 188423 243832 188937 245405 183994 237419 189538 246537 189568 244748 188347 244845 182521 237313 187696 243790 191597 247607 187657 243238 187531 242576 190338 247134 
190092 246883 187793 243422 187732 243251 191118 247038 191175 247322 187471 242838 193291 249992 97312 126367 183344 237247 188284 243913 192238 248684 185471 240679 188793 244269 189670 244660 184774 239404 187866 243157 193476 250186 191765 249109 190489 246372 190742 248180 187286 242780 190764 247426 190177 246318 191990 249280 189277 245494 188184 243492 190444 245848 184656 239845 187012 242072 191249 246865 94780 122710 184421 238579 187462 243158 190242 246540 184708 239430 188898 243995 188241 244049 188653 244406 189305 244139 191979 248516 186412 241340 190949 248093 187211 242634 188006 243463 191240 246853 188591 244692 191139 247880 188872 244105 174043 225157 189466 245352 
191840 247343 191344 248257 191425 247332 189892 245596 191136 248644 190747 247592 188878 244385 190330 247095 190521 246360 189143 245744 189355 244554 186328 241354 184314 238953 190131 245499 188181 243551 189481 244832 188970 244383 186718 241814 190140 246453 185662 240751 191903 248825 189673 246422 189983 246761 193400 251140 191809 248756 192634 250096 188636 244918 190779 246890 192382 249422 190726 247499 188965 244837 192948 249803 190572 247350 190728 246879 189488 245612 193016 250628 190466 247320 192515 249612 190703 247353 192190 248681 190757 246800 192084 248300 188757 244459 191277 247716 189875 245135 189300 245102 191149 248145 191538 248529 190560 247776 189072 245584 
185702 240867 188759 244461 189405 245694 190716 246994 190442 246553 191064 246507 190723 247478 192136 248070 190618 246677 194432 252329 192731 249953 191571 248670 192750 249686 190107 245884 191135 248894 182602 236584 186505 241982 189378 245744 191162 247712 190228 246240 192716 250005 192356 249831 188444 242689 193317 250155 190321 247056 192518 249079 188581 245143 188585 244278 98106 127256 192129 248860 191292 247332 190290 246606 193756 251685 192188 249305 187703 243443 185878 240433 194731 251452 193132 251110 192064 249336 184437 238714 190360 246067 186670 241637 191748 247722 193765 250861 190143 247171 190017 245823 188111 243554 190594 246444 189469 245498 189291 245520 
194473 252525 190642 246880 193184 250823 193552 251125 190722 247096 191352 247965 193441 250191 189114 244409 192835 249494 193447 250979 190377 246977 191013 247666 193027 249358 193762 250684 191101 247508 194229 252418 191370 248065 190291 247243 190493 247062 191414 247364 192231 248427 190581 247701 193385 251180 190251 246572 190870 246652 182408 236273 190461 246807 190219 245905 190594 247060 192205 248849 188522 243265 191172 247638 189240 245004 188199 243743 189332 245531 193304 249809 190786 247715 191605 248181 192900 249596 191104 247905 192672 248532 188701 244561 192398 248940 186942 242624 190705 246700 192056 248927 191337 246945 189420 245832 193890 250941 187090 241691 
191704 248250 194561 253050 193403 250388 195191 252085 192188 249414 190338 246092 192708 250039 192046 248904 193714 249873 195191 253273 193888 251290 189504 245699 193397 250930 188252 243972 191803 248660 187275 242747 192821 250471 190770 246876 194439 252458 193412 249780 193200 249970 192545 248560 191586 248476 193176 251098 195362 253153 190334 246762 190814 247394 194245 251683 192269 249958 191287 247653 191061 248086 191315 248487 191795 248802 194205 252030 185656 240774 195342 252414 191778 248040 194651 252447 191110 248327 193355 251341 193003 249403 192721 249715 189615 245090 191394 248677 192940 249705 191519 248299 193091 250560 195731 253713 193029 250773 193490 251093 
192309 248359 194457 252026 195335 253631 193210 251039 195015 252961 195306 253564 194285 251067 193903 251249 195471 254373 194447 252851 196130 255006 193438 250228 193042 250031 195299 251890 190617 247006 192207 248920 194591 251810 194748 252212 192489 249833 191999 248807 194472 251148 192505 249618 190247 247152 194325 251643 193566 250684 193853 250824 178701 231816 194595 251672 190130 246306 189479 245645 192986 250825 195389 252413 192310 249033 190498 247042 195983 253432 195672 253881 189650 245118 192880 250069 194460 251093 195094 252406 190453 246889 192948 249317 192842 250427 195928 253207 193078 250701 191846 248988 193043 249415 194990 251956 193543 250754 192926 250781 
196153 253515 192543 249880 194622 252192 197284 256418 192036 249196 195823 252623 191869 248695 191866 248797 195014 253596 174087 225558 192724 249353 193823 251515 194906 252049 194368 251871 195470 253476 193859 250637 191799 247881 195790 253761 196961 254914 191368 247634 193564 251022 197427 255580 195480 254152 194021 251652 196848 255717 190140 246361 196165 254055 193822 251173 195153 253284 194906 252259 194025 251924 194765 253365 186727 241449 175032 226867 194065 251894 195042 252882 192227 248303 194264 251911 194030 251417 194877 252123 195164 253327 195353 252907 190343 246275 196415 254703 194315 251109 193708 250727 191960 249549 191503 248479 193296 249511 193496 250340 
195167 252745 194205 251167 195950 253828 192413 249064 192785 250166 198606 257649 195839 254189 198612 257540 196282 253849 194315 252734 197663 255741 193419 251147 196581 254259 196990 255495 198459 256783 192252 249582 192890 249969 196737 255709 195817 253515 196432 254020 196370 254673 193293 250273 193717 250465 193494 250950 193423 250305 192459 249132 196461 254268 176103 227347 194998 253176 191582 248391 195991 254430 197118 254930 194240 251773 198543 257295 190908 246682 192218 249266 192005 248056 193107 250553 195596 253364 194580 251614 193419 250409 195850 253582 189857 245611 194146 251387 189671 245826 195366 252250 192757 249955 195369 252884 194523 251508 192410 249535 
197465 255806 194948 252939 194394 252009 199118 257692 192899 250241 197771 256712 187425 243144 196824 254894 195437 253344 197756 256599 194485 252298 190764 247527 194927 252378 195411 253855 196615 254597 194838 252500 195340 252972 194631 251042 197819 256037 196706 254959 196681 255551 196677 254375 194804 252030 193830 251440 195997 253970 191309 248574 197797 256576 195637 253069 196749 254224 195968 254495 197605 256007 195176 252854 187394 241801 198321 256279 192008 248420 196857 255154 197098 255629 195870 254381 198911 258075 186408 241470 195425 253607 193983 251816 194015 252039 196087 253617 196099 253580 196417 253870 195709 253847 192988 249998 186405 241107 196447 254499 
199427 257852 196087 254300 195043 252321 187201 242983 199660 258789 187425 243128 190862 246645 195513 252691 195150 253302 197173 254545 198581 257780 196126 253743 198432 257649 197602 255216 193851 250682 197561 256350 195502 252892 197957 256301 196791 254390 195460 253335 195881 253402 195899 253737 198064 257331 196896 254590 198255 256768 197839 256220 198463 257424 195980 253227 193520 250574 198289 257667 197158 255621 193857 251571 199162 258068 197220 255453 197181 256191 195481 253309 197970 256468 195553 253308 197548 255766 197895 256754 198267 257196 199314 258891 194888 253204 199022 257007 197531 256168 193832 251320 198920 258121 197022 254798 196181 253823 192528 248854 
197976 256967 196364 254553 196162 255144 200408 259639 195138 253157 197695 255862 196394 253283 199659 259039 196406 254565 194992 253144 197037 254815 196297 254077 194967 253189 193509 250960 195703 253687 194868 251791 200014 259336 197666 256946 197264 255283 196452 254989 200189 259139 196533 254938 200320 261037 197746 255981 199284 258314 196255 254865 198582 257340 197764 255367 199376 258121 196114 254345 198967 258621 194071 251022 197327 254961 196928 254842 194522 252001 197710 255547 199995 259716 196075 253578 198420 257139 197836 255909 192330 248890 199087 258491 196282 254641 199418 257501 188762 244210 197003 255888 197710 256671 179468 233138 196986 254992 197351 256231 
198492 257318 197720 255700 201142 260656 200314 260051 191639 247711 199518 258179 196854 254864 196883 255762 197982 257578 199730 258780 196701 255079 191863 248084 198681 256531 198950 257023 198174 256764 197033 255298 189157 245217 199841 259366 201147 261161 200650 259505 200374 259032 197951 256082 198509 257440 198189 256860 197218 255734 197898 256344 201636 262201 199418 259614 200587 259050 197756 255435 197855 256084 198848 257882 194382 251338 197506 256215 196843 255015 200993 259544 193187 250817 197782 256252 196870 255527 199128 257960 197824 256618 201515 260672 196993 255445 188814 244827 196835 255567 198140 256784 196962 255115 198583 256587 200084 259899 200228 258330 
196992 255354 191380 248101 199418 258127 198115 257053 201539 261381 200214 260331 200354 259590 199072 258645 195817 253838 196448 254119 200853 260532 196977 255490 198830 257109 200619 260531 199757 258413 201945 261044 195427 253433 198292 257115 197160 255036 200469 260358 197528 256261 195768 252597 195238 253230 198856 258153 201030 260643 198182 257155 200228 259958 201028 260326 199767 259009 202018 262746 200760 259710 198170 256600 191935 247824 179043 231526 198800 258235 199289 258119 199998 259810 199931 258622 201247 260817 197561 256259 197873 256696 197799 256696 201994 261243 196288 254332 201195 260573 201782 260727 201407 260647 195912 253750 200961 260097 195993 253817 
201215 260017 198184 256960 202553 262407 199421 258774 201623 260908 200362 260382 199425 258313 203008 263135 173814 224185 201080 259553 202493 263002 199911 259898 200736 259964 191065 247518 199037 258261 201929 262022 197513 254822 198342 256298 202137 262429 202878 262829 202529 262333 201228 259712 200408 259521 199883 258698 197404 255254 198436 257245 201880 262226 198887 257737 197331 255692 200879 259632 200109 259210 201757 261199 199277 258748 199878 258508 199470 258464 198872 258037 198319 257725 197475 255286 201183 260517 201935 261666 200176 259270 202408 262381 199301 259102 201183 261153 201487 261776 190297 246197 200453 259810 199862 259237 196604 254950 198283 257237 
200199 258740 199801 258345 198766 257848 202091 262213 194682 252470 201670 261508 198033 256535 203109 264002 199439 258549 198823 257338 198091 256414 199550 258856 204419 264452 203269 263891 204091 263658 199814 258589 201782 261333 199017 257614 202039 261403 201465 261585 197631 256400 200767 260516 200797 259413 197392 255803 201694 261577 199906 259562 202717 263369 197189 255288 204055 264846 199000 258031 203898 265081 198546 256156 198184 257407 200436 259201 200256 258763 201917 261464 199963 259693 200721 259776 202275 262360 200418 259396 200542 260015 200612 260206 199147 258888 203253 262828 200783 260614 198323 256641 183960 239003 202994 262460 201918 261121 202206 261916 
202973 262396 201166 260472 202456 261803 200533 259078 201687 261559 202822 262562 202891 263260 201215 260333 198478 256607 201263 261382 199560 258837 200274 259525 204174 265359 201656 260564 193768 251362 199841 259236 199872 259321 201296 261407 203267 263048 196356 254510 201631 261452 197682 256442 203622 263823 199213 258789 201309 260103 201476 261716 197393 255881 202157 262222 200517 260569 200152 259225 202927 262514 201751 260914 203624 263731 200891 259483 200779 260176 201223 260171 201393 260345 199443 258662 202085 262378 198397 256866 201719 260918 202518 261881 203865 263786 198033 256965 178814 231422 201866 260671 202762 261427 203094 262782 202703 263196 198281 257229 
200799 260753 206035 266333 202493 262339 198956 257777 200944 260758 199841 258757 201339 260863 200085 259517 202902 263347 202553 262546 202687 261692 201330 261576 206298 266718 198372 257151 201160 261168 204880 266501 204803 265976 200200 260025 202527 262566 203356 262914 202461 262223 201733 261253 204733 265148 201371 260849 201020 260923 203849 264961 199409 258108 201897 262171 198472 257536 200611 260203 200068 258724 203038 262125 203869 264428 203124 262691 204018 264118 204259 264790 200667 260099 204458 265411 204414 264141 204137 264535 199233 258558 202878 263421 201183 260990 203837 264486 203932 265536 202797 261672 202439 262120 203867 264275 197670 256045 199920 259126 
205741 265597 198839 257442 204099 265301 204428 265314 205754 266930 203294 262530 201228 260829 205604 265709 196266 254482 201142 260487 202014 261601 200522 259814 204548 264417 204227 264310 202971 263380 203692 264383 200472 259899 202402 262177 204135 264066 205066 265452 202579 263193 204575 264880 203351 263066 202305 261740 205035 265177 204474 264378 197355 255805 204264 264806 201031 260334 205075 266233 201485 260891 201354 261529 206108 267453 204775 264894 201327 260868 202690 262788 205529 267126 200220 258470 203601 264194 196217 253808 204714 264905 206069 267461 203603 264041 201687 261352 201779 260455 204532 265474 203075 263913 201220 259955 202153 262728 203927 264746 
207393 269745 205585 266484 202786 263106 204508 265280 206479 267524 203356 263937 203882 263811 201923 261364 204950 265096 205376 265584 205314 266390 203224 262981 204720 265367 206315 267045 203137 263658 206360 267648 205755 265895 205965 266497 202039 261941 204344 264971 193772 251434 207915 268723 200591 260541 202217 262189 202933 263334 206723 268193 203334 263062 199240 258187 203950 264172 206092 267432 205645 266685 206783 268650 206379 267972 204076 264893 205221 265870 207006 268699 204621 265587 207061 267924 204085 264450 205134 265423 203236 263650 205582 266860 204326 264142 200953 259978 204307 264802 203602 264773 201820 261225 204327 264158 206069 266397 198891 257970 
204044 264335 207034 268566 204567 265019 206851 268289 105761 137223 202627 262491 207659 268794 204196 264138 205938 265946 204966 265760 208171 269032 195602 252935 208063 268907 201328 261313 198827 257231 203695 263867 206771 267650 206410 267315 204935 264204 204260 265034 205836 266838 187905 243289 206355 267584 207675 268356 204231 264325 205200 265213 206660 268373 104016 135015 208112 269427 206904 268564 207839 269508 205549 265517 205745 267115 207757 269193 203539 264284 206173 267286 201233 261120 202684 261692 207428 267851 203970 264229 206640 267218 203100 263514 204431 264934 206251 267482 205998 266195 204235 264502 206508 267652 206314 266770 204426 265013 205106 265146 
206800 267702 204102 264185 206041 267808 208302 268950 205920 266981 197602 256239 205406 266009 207758 268226 203425 263325 208817 269819 207002 268715 204444 264744 204696 265006 208010 269162 206584 267053 208370 270225 206819 267381 205831 266512 202082 261547 201315 261590 207388 269030 209067 270998 203945 263576 208795 270163 206816 266817 204250 265180 185318 239957 206359 267157 205696 266256 206722 267957 204648 265563 204322 264930 204086 264409 201477 260721 208572 269549 205961 267254 206140 266363 207667 268278 188777 245437 209913 271363 204221 264640 202698 262549 207160 268523 209399 271906 203917 263618 207026 268931 200266 259414 201440 261817 204168 264930 207647 269951 
206495 267606 203920 264319 184857 239649 209376 270913 204073 264376 209823 271059 208873 271499 206134 267224 205468 265758 208309 269681 208689 270530 207478 268590 203794 264245 208797 271341 205855 266819 205504 265639 207564 268518 200266 259725 208061 269722 208138 270180 208977 271304 208571 270590 206515 267160 205399 266163 208486 270214 207647 269290 207128 267817 197134 256058 208050 268979 209113 271335 205225 265664 205126 266340 203805 263881 204363 264043 205929 267133 209919 272340 205350 266041 205724 267140 204292 264722 205581 266018 207794 269427 203422 263428 210330 272432 211011 273808 205191 265371 206861 268577 207460 269058 209266 271406 207679 268426 203096 263417 
208402 269202 204966 265591 203965 263825 208213 270271 203641 263609 204122 264416 201020 260844 205765 266710 208335 269999 206429 266872 106483 138482 206834 267522 207729 268498 187499 241380 209220 271840 208313 270133 205120 266160 205990 267092 206707 266989 205134 265689 208209 269085 209096 271154 208686 271245 205431 266092 204788 265272 204402 264644 209113 270185 209734 271312 204344 264562 205482 266080 206689 268329 198589 257419 208440 270092 205252 266110 187577 242861 206590 267443 208528 269773 207312 268920 206506 267469 207483 269181 206091 266485 201734 261345 204113 264730 105623 137091 209393 270154 207307 268213 208361 270189 206121 267284 210031 272704 206852 267544 
206916 268294 210604 273342 207669 269389 205325 265984 208566 269745 210083 271562 207272 268475 210258 273287 208819 269956 208031 270165 209562 271717 208855 270865 201861 262231 206879 268314 208864 270684 209071 271042 212591 275238 209774 270917 208830 270572 197213 255001 209614 272312 208065 269868 207350 268815 206238 267586 205748 266839 188941 244015 210923 272743 206550 268009 210793 272341 208454 269884 210732 273827 209676 270797 208458 270405 205546 265760 202190 261511 211142 273669 207750 268921 205901 267219 207716 268424 207510 269264 210077 271482 205979 266495 206286 267967 208903 270549 209863 272150 207953 269388 207819 268662 209880 271925 210063 271093 210635 272244 
207824 269190 210593 271866 207474 268957 203920 264422 211578 274378 206998 268751 205980 266979 211569 274388 209690 271266 210146 271274 209847 272148 208953 270727 205554 266367 207451 269674 208377 269973 210698 272668 208640 271085 207688 269238 209771 271620 210173 271421 209703 271331 210505 272015 209520 271531 211075 273628 210078 272090 207700 269583 206413 268162 210796 272338 207649 269428 198119 256545 206208 267878 206314 267332 207111 268067 211218 272910 209929 271265 208123 269316 195121 252522 207452 268477 210462 272295 206989 268140 209311 271063 209652 271032 206808 268388 209209 271087 204582 265267 208077 269539 211899 274864 205933 266803 204414 264947 207856 269251 
212847 275521 211632 273889 210793 273402 211253 274115 208683 270710 209242 270842 210917 273210 210915 273817 210912 272592 209692 272293 205728 266577 201766 261227 212170 274048 209063 271121 212072 274675 208290 269740 206455 267411 191880 248170 211760 274269 209655 271933 211225 274579 209587 272100 209191 270380 208089 269002 186356 241448 212504 275123 208136 268218 208330 269377 205895 267281 212583 275002 212541 274700 210933 272515 107770 139712 209355 271290 210157 272133 210319 271803 209762 272361 198298 256832 212215 274186 213857 276942 209331 271512 210799 273715 210314 272551 207325 268890 211090 273036 213282 277256 207404 268571 205502 266652 211689 274927 211249 273586 
209250 271442 209769 272143 212033 275229 212418 275054 208725 269469 212322 275518 209700 272442 210432 272825 212133 273832 211601 273753 208030 269032 211313 272675 208787 270127 212490 275837 207023 267429 212069 273505 205704 265919 208337 269797 209663 271916 107395 139641 209593 271931 209308 270170 209328 270379 213077 276448 208484 270381 208806 270007 190534 246539 212137 274829 212338 275493 210720 273460 197947 256443 212208 274217 212961 276297 212418 275430 210563 273692 210667 272640 210749 273102 212824 276320 212013 274076 212597 275237 204482 264597 210380 272920 211864 275399 210953 273067 209003 270509 211325 273068 204534 264990 213531 277412 191060 247545 210878 273720 
212716 276052 205107 265836 213033 276341 210995 273517 213273 276519 208650 270286 215123 279272 211272 273997 210538 272731 210902 273088 211865 274132 212051 274228 212683 275981 211041 273511 211252 273893 213732 276265 210111 272482 210883 273756 210870 273544 213105 276016 211702 273898 210622 273660 213430 277399 212716 276532 214520 277046 207431 267600 214528 277264 213935 277420 211447 274468 214717 277948 212661 276386 211184 273838 213043 276810 209376 271368 206425 267293 210104 272691 209471 271559 214620 278164 214447 277668 207508 268611 191376 247626 212673 275284 212341 275574 211948 274353 212560 274724 212174 274272 209960 271801 209149 270167 210670 273699 212425 275536 
209198 270474 209062 270127 213921 277231 214646 278391 209846 271847 211552 274013 214391 278648 211739 274438 189222 245661 208765 270392 211259 273880 207708 268899 215649 278759 214076 278292 213401 275678 213938 277592 210568 273674 211604 274307 213935 275953 210850 272806 212125 274568 209062 270597 213402 276070 211621 273858 213255 275948 210874 273034 216295 279634 212494 275717 211091 273775 210947 273410 209431 270495 210758 273258 211004 273890 215377 278465 215680 279814 212324 274905 210403 272776 212301 275243 212425 275036 212978 275070 212233 273930 210247 271875 213303 276076 190992 247415 203084 262924 210435 272389 212171 275129 213184 276112 211565 273239 211821 273664 
211322 273918 213209 275118 214544 278504 214982 278653 210293 272177 210485 271569 213873 277555 216810 280203 214559 277271 210021 271947 216331 279747 213991 277861 213194 276764 213152 276084 209391 271533 215189 279303 211718 274230 210094 272656 214768 278165 213874 277147 212476 274868 215067 278305 214185 277523 204449 264203 213377 275532 214173 277589 208992 270284 212584 274430 211053 272452 209405 271543 213579 277396 215634 279388 214012 276956 209041 270824 214155 276793 214952 278884 215740 279251 212799 276556 212935 276491 215554 277822 214889 278704 109075 141741 212205 275040 215179 278306 212626 275003 212356 274811 214983 278231 212717 276164 211531 273956 215578 278418 
213701 277069 212448 275414 212451 275011 213485 276440 209695 271276 211917 274453 215705 279477 214822 278485 214216 276635 195130 253020 216401 279937 209494 271582 212237 275103 213987 276599 215538 278668 216983 280661 213320 277444 213718 277634 213247 275409 210554 272807 218056 283157 213528 277309 212842 275435 204282 264137 210005 272217 212824 275377 215627 278657 213946 277949 215149 278765 207517 268831 213298 276027 212569 275880 212467 275455 216136 278971 213535 276972 213510 277319 214240 277543 213106 275809 210469 272610 214585 278635 214277 277173 216660 279688 213034 275215 213033 275787 213568 275516 210672 273543 214971 279272 213876 276153 210486 272659 208685 269986 
218215 283168 213177 276320 216725 280503 218306 283302 207613 268399 215853 279468 211628 273406 218016 282082 211385 272736 217113 281193 207554 268336 213710 276838 207735 268823 214416 277132 217182 280658 214153 276612 210935 272947 211562 273474 212716 275812 217227 280758 206060 266684 217053 281942 213497 276344 213159 275648 212118 274914 210748 273002 215120 279367 211990 275026 216337 280839 210043 272242 211006 272960 214316 278133 214395 277877 218515 283041 215522 280259 215179 278098 216998 280728 213471 276541 217911 282106 213786 276871 212563 274685 212125 274898 213856 277142 218137 283083 200480 259756 217271 281016 214051 276865 215969 279753 216916 281373 203349 263640 
216927 281089 214714 277949 213544 277670 217264 280635 217280 282103 216544 281777 215868 280549 211054 273250 215329 279571 214807 278247 211940 273420 214603 277516 218173 282196 212576 275465 215011 278456 212682 275296 216616 281115 215505 278659 214457 278332 213912 277415 215267 279346 215136 278681 214617 278176 217304 281932 214536 277826 216617 279820 217652 281811 213437 276702 215744 280177 215409 278941 217649 282114 216749 281088 211376 274016 215374 278829 218401 282903 200987 259561 216631 280527 216160 279371 215054 279175 218590 282310 214496 277848 217655 282275 206924 267857 216133 280462 214286 277981 215055 277901 216979 280690 215553 278397 212463 275083 216378 280245 
214656 277340 218304 283553 214447 277853 193175 250342 194378 251679 215766 279047 217784 282670 216590 280466 219375 285182 214237 276842 218808 284064 217899 282402 218778 282179 217466 281683 214404 277710 219365 283810 216318 280336 193890 251594 214341 277864 213639 277086 215407 279592 218972 282998 217568 280867 215333 278697 217302 281110 204848 265002 212684 275426 213124 275869 218571 283697 198199 255901 216916 280643 213784 277189 217098 280764 215448 279274 213262 275948 218462 282939 216382 280628 215818 279675 216730 280152 217835 281038 214903 279136 216627 280945 214701 277458 215284 278736 218224 281609 218149 281771 216648 281090 216296 280953 216617 279667 214082 277521 
220266 285978 215987 279641 208939 270994 217902 282437 215125 279456 217017 281535 218152 281879 219496 285308 216203 280296 216580 281124 213629 276056 215635 279354 213511 277315 218872 284278 213283 277074 219591 283760 214987 277907 217444 281191 217523 281790 219716 284117 194943 252604 216624 281267 212766 275611 220732 286534 214391 277922 220692 286191 218742 284163 218738 283298 217233 281057 216954 281207 219615 284605 220529 285056 214928 278570 216024 280005 218710 283008 216142 279924 219737 285075 217117 280943 214622 278217 214405 277688 216657 281151 218422 283201 214723 277207 198030 256883 221049 286712 220202 285544 194555 251945 197700 255652 216400 279796 215332 279081 
217592 281726 216817 280754 216963 281633 218535 283814 194646 252860 218940 283623 218951 283932 216916 281609 217962 282722 219283 284289 215517 278890 219524 284475 215318 278395 219855 285207 219595 284881 206202 267093 219301 284273 219138 283876 218031 282161 219449 283802 219111 283194 194410 252082 220392 286035 220043 284517 217920 281368 217847 282697 218716 283234 217464 282447 220347 285274 216028 279652 220947 285425 216153 279804 217947 281951 217832 282737 199328 257004 220287 285687 216909 279835 217772 282601 219346 284247 221203 285912 216360 280212 218015 281870 219008 282991 217414 281148 215804 279719 215551 279739 217864 281322 218848 282818 210599 272660 217811 282361 
217688 281965 218463 283282 217276 281515 220837 284694 220583 285475 206618 267467 218260 282349 219910 284855 221016 285430 207605 269037 220168 285523 219174 283810 221238 285913 216337 280736 218429 281971 221311 286440 217772 282171 221336 286957 219166 283636 216576 279632 221382 286935 217564 282520 219194 284050 219152 284333 195597 253750 218993 284194 217801 282474 217010 281606 222022 287178 217640 282369 220439 285199 219795 284369 217390 281662 217266 281621 219852 284600 221584 287934 219572 284410 218869 283562 220042 284653 219355 283485 221397 285661 215403 278705 220006 285200 218953 284031 217624 282410 217021 281215 221448 287391 219717 285458 220258 284974 215336 278783 
219654 284935 219208 283308 216288 280331 218088 282335 219647 283821 215426 278848 220534 286352 219567 283078 222080 287988 218993 284220 221691 287042 218859 283252 221813 286885 219383 284183 222151 288458 221439 285881 218752 283622 219392 284714 218103 282991 219457 284476 217576 282503 212597 275257 221801 287511 220912 285631 198900 257582 221301 286791 218766 283070 218545 283544 217838 282156 216164 279773 201509 261200 217930 281642 217585 281844 222226 288037 219090 283396 221925 287586 216622 280724 221754 286997 218476 283305 216301 279653 220929 285880 221054 286305 221546 287809 216699 281260 218116 280853 222355 287501 217554 281725 217996 282890 221350 287085 222560 287779 
219573 283795 223952 289428 222879 288854 218470 283291 222781 289152 221822 287225 221265 286534 217171 281233 220386 285199 219989 285782 222960 288155 219458 284714 218563 283260 218549 282966 214640 278609 220645 286369 222505 287848 218450 282625 222262 288398 218161 281876 222258 287927 221097 285340 221557 287563 223945 290770 212366 274644 219775 284794 208942 270861 219540 283721 219182 284176 222646 288904 215831 279519 221258 287139 222826 288205 224590 290630 221489 286375 220386 285568 220466 286352 220408 286039 220883 286095 223006 289535 217790 282602 222568 287815 222736 288743 220938 286317 218881 282790 218362 282382 223511 289503 221560 287967 221772 287934 222935 288577 
220483 285405 220782 285867 222350 288254 219706 284606 219823 284895 222585 288371 212084 274842 221292 286872 219871 285200 219942 284942 221118 285627 223424 288648 220484 285948 222111 287549 222522 288358 223242 289444 113406 147392 224603 290195 219816 284739 222068 287679 223509 289496 222812 289470 224054 289973 219268 283839 219327 283821 218806 283567 220619 285609 225031 290486 223523 290005 220015 284908 221426 286834 221330 286852 222443 289131 217475 281130 219157 282732 218879 283647 221323 287038 222543 288160 219342 283723 222836 289188 219889 285123 223794 290181 224167 289893 220093 285197 222270 287870 223924 289358 221182 286435 218649 283474 220703 284993 220056 285535 
220233 285441 225431 291886 223688 288961 223070 289467 221052 286811 222120 286380 222633 288351 223006 288490 218884 282860 220837 286143 222726 287682 225347 291442 223584 289862 221953 287344 220820 286654 225359 290974 224459 291229 201091 260911 224323 289931 221395 286002 221992 286691 222967 289273 225830 293433 201403 260720 224394 291102 222444 288849 220515 285266 219069 283171 221664 287464 220633 284893 222354 288054 224293 291441 223115 288362 219242 283320 219864 284073 224050 291018 223581 289002 222053 288341 222159 288333 223119 288913 221668 286371 224403 290004 219037 282836 223247 288708 222711 288368 220538 286510 224016 289671 222485 287494 220229 285138 223475 290203 
223778 290084 220880 285667 224454 290361 226072 292330 223369 289619 113771 147889 225708 292656 219497 283485 226001 293204 114375 148628 220197 285334 224527 291577 224351 291579 221666 286955 220963 286160 220461 285989 225872 292650 222496 287729 222162 286963 217583 281392 224857 291206 220011 284907 219893 284106 225435 292768 224566 290472 220447 285835 222078 287822 220279 285229 224779 291197 224562 291125 222255 287217 223728 290497 226374 292956 225354 292469 224374 290950 223106 288145 217131 280631 221242 285873 222510 288458 222217 288974 220522 285522 223677 290062 224638 290413 225447 292961 221546 287429 223365 288200 216484 280850 223765 289266 219990 284646 225146 292649 
222147 288333 223358 289872 223516 289065 219139 283657 220822 286147 221644 287195 221831 287398 223137 289323 223059 288860 213489 276542 222974 288871 224959 290818 225571 291729 213786 277351 224524 290699 220938 286261 221822 287529 223422 289060 222744 288227 225878 292846 225755 291964 222454 287969 219585 285053 226644 292410 226420 292091 221690 287230 223092 289458 222463 288113 218785 283999 224293 289947 225742 292373 220087 284980 222343 288226 225695 292638 224856 290599 222762 288790 220620 285105 223657 289895 222551 289314 223909 289846 224682 291377 226156 293448 221887 287699 224050 289401 227403 294039 225558 293235 224414 290406 223599 290380 218929 283627 223553 288611 
228177 295424 221875 287249 221680 286012 225119 291424 226678 293713 201628 261747 224574 291006 224226 290443 224300 290777 220980 285644 224108 290222 219985 284146 225219 291692 215908 279263 220317 284006 222342 288003 224481 291219 228156 295065 223255 288823 225183 291556 218843 283783 223993 290570 224643 290751 226231 292238 225103 291921 224592 292193 224059 289225 222034 287867 228582 296898 225438 292922 223242 289471 226780 293400 225287 291634 223469 290141 226944 294835 225702 292261 221884 287326 225429 291871 225474 292053 222326 287154 224202 290944 222357 287220 224280 290853 223155 288664 223908 289746 224261 290070 223538 290140 224949 292423 220266 285163 222848 288277 
227023 293286 226849 293513 215398 278595 228121 295654 225689 291756 228459 296760 226216 293018 227520 293791 225812 291884 223462 289398 227660 295812 226059 292981 228431 295319 221250 286738 226920 294035 226358 292889 224184 290087 223217 288753 222978 288670 227297 294700 225597 291797 226152 293462 228779 296330 226657 293104 222578 288314 226754 293166 226195 292631 224603 290406 223568 289841 224543 290892 226213 292526 221567 287824 220058 284233 224299 290358 221930 287503 222549 288241 223464 289564 225758 292500 225764 292026 225413 292440 220883 285393 221092 286207 215132 278263 223303 289748 223413 289874 228116 295513 224235 289763 227866 294771 225195 291985 227036 293662 
227308 293744 227164 294545 227086 294239 224175 290430 225523 291992 228936 295715 204222 264929 227813 294040 227628 294474 228108 296283 223932 289936 222631 288127 226934 294375 228950 297089 221847 287302 224924 291728 222863 288751 220060 285272 229172 296919 224018 289864 226320 293274 216717 280739 228223 295997 228951 296998 222984 288752 226594 293699 227362 294433 223270 290039 227918 295205 230556 298342 227368 294325 224292 290859 228715 296058 223839 289489 224018 290504 220796 286234 227656 294101 227547 294448 228942 296166 225124 292038 227047 294493 226476 293183 222104 288063 224576 290550 225157 291103 224007 290287 226202 292303 226911 293386 225506 292353 218679 283509 
227645 295397 228837 296455 227973 295606 228626 296158 226136 291956 222819 288398 224015 291233 225487 292522 225420 291702 226836 293483 226456 292635 222440 287642 228598 296387 226038 293348 230223 297757 216302 280257 228621 295060 218564 282396 225764 293126 220510 286303 228915 296099 224546 290493 225405 292583 226354 293645 219654 285174 225788 292626 227458 293297 230388 299246 228721 296748 230072 297366 224302 290736 224190 290701 225429 291724 225250 292097 227699 295388 227493 295270 225641 291934 231001 299016 224246 291068 228090 295317 228304 296440 223901 290350 226604 293921 229660 297133 226451 293262 222479 288170 228723 295643 227541 294706 228941 295695 226870 293441 
226696 293170 225303 291662 227948 296012 227718 294149 228095 294715 226857 292523 219245 283585 223317 289433 228591 295156 226338 292854 228748 296792 228995 295988 217452 281631 229661 295851 227559 295161 231355 299821 230013 298721 229438 298220 228271 296084 227522 293709 225014 290857 224718 291269 227962 294425 226971 294137 229220 296753 226796 293101 225351 292226 225866 292915 228671 295846 223037 289478 228393 295402 228251 295702 228651 295808 225481 292218 226832 293699 228787 295338 227109 293698 228491 294780 226068 293035 207960 268842 226156 292732 227691 293710 229364 298006 224205 290280 226497 293497 230116 297373 228831 296748 225837 291724 221520 287287 226678 293815 
230742 298247 226002 293243 229513 296877 230381 297684 228008 294957 231478 300701 229547 297889 227599 295143 227220 294197 227383 294689 230964 298920 231217 298442 227724 295566 227836 295698 225949 292537 231021 299974 223383 289775 232486 300345 227450 294593 228846 296944 229215 297301 227687 295095 230855 298184 224693 291238 229937 298470 226723 293558 225726 291391 227519 295277 224631 290552 228305 296389 227059 293973 225751 292611 227900 294306 225639 292587 228207 295041 226634 292696 116555 151383 226009 293388 226102 292859 230406 298132 227280 294418 229039 296757 230153 298769 225601 291665 228470 294609 230486 298014 227289 294007 226266 291868 227811 294958 228510 295887 
227011 293790 228808 296036 230290 298406 230524 297894 228154 295972 228048 295376 229613 297380 230376 298787 218096 283022 229871 297199 224976 291628 227348 293816 228547 295833 230877 298732 227419 294379 215537 279351 230707 297600 229943 297697 233427 301940 229265 296701 228694 296574 230462 299324 230477 297736 231022 299010 226187 292861 228546 296210 232120 301217 231330 298882 230678 298979 229535 297988 229768 297919 230421 299107 229179 296413 226044 292618 230380 298017 227226 294317 230173 298323 224747 291722 231659 299478 230235 298108 228606 295257 229469 296507 208673 270234 226869 293957 230868 298727 230476 299098 226921 293946 230205 298388 227398 295127 227288 293283 
229737 297491 229573 297479 230537 298442 232271 300621 229811 297767 231562 300311 231019 299673 230485 297931 231983 301024 231403 300428 229251 297032 229926 297985 221030 286344 230767 298907 229846 297010 228350 296289 229104 296393 233146 302319 229614 296234 226479 293241 227288 294736 233143 301480 229487 296320 230568 297522 230715 298622 232904 301517 230701 298903 232317 301555 232810 302671 231078 300228 231055 299546 231543 299302 228873 295947 232816 302493 232945 300877 229120 295218 230926 299683 225987 292386 230540 298906 230313 296728 232109 301442 230330 297190 228897 296225 219995 285151 229935 297821 211279 274064 228963 296295 227363 295206 226725 293760 230754 299034 
232123 301413 232614 302223 233423 302984 231832 301273 209546 271437 227393 294559 229377 296591 232354 301125 232191 300602 216420 280351 224817 291700 228527 296826 230324 297451 232486 300592 229796 297471 232402 300291 233681 302886 231141 298814 231148 298922 228720 295719 233296 302847 230509 298410 231763 300679 229724 297850 230055 298221 209754 271511 226350 292850 231974 301136 229783 297046 229732 297288 227202 294782 233944 303282 230217 297618 229894 297481 230557 297720 229577 297201 232934 301150 219170 284279 230284 297474 228725 296469 233820 302656 233278 302511 231185 299985 229777 297840 210232 272148 230181 298506 229789 297914 232318 301301 230167 298051 229042 296372 
231690 299822 227957 295392 230807 298616 231659 299911 232128 300064 234498 303548 211273 272988 226034 292319 224632 290904 235787 304355 231349 299587 229241 296860 233912 302038 223766 290105 229535 297575 234428 303559 225163 292277 230729 299667 226348 292241 231497 300215 233592 302962 232152 300642 229343 296360 228257 296382 229981 297260 232491 300542 231030 298560 232697 300790 233448 302430 235754 305912 228180 295872 232994 302627 227432 294878 236125 305575 231167 298785 233740 303468 228638 296526 222330 287771 231937 300676 217427 281651 234304 304040 233220 302535 230857 299048 231869 299374 229126 295717 232912 300859 234625 304652 234824 303183 232190 300807 231730 300786 
231748 299590 233383 302768 233571 301450 227176 293105 234960 304147 232299 300643 234402 302898 232824 302261 232386 301026 231332 299770 234194 303653 228861 296551 235652 305773 230996 299805 231420 300629 236317 305467 234174 302737 230955 299382 236353 306924 225706 292032 233406 301863 232835 302131 230270 298683 232174 300730 232896 301492 229998 298380 233801 303906 233690 303158 219522 284041 236028 306162 234216 303890 233063 301158 233011 302517 235009 305157 235376 305153 230467 298288 231574 299719 227740 295493 234055 302168 233692 302648 223573 290112 233413 302279 236527 307420 234241 303489 236156 305578 234454 303988 232498 301094 233039 301275 233272 302531 221235 286216 
233814 303432 230891 299104 232769 301889 234799 303564 229393 297285 233095 300926 231983 300746 235922 305898 235020 304228 233923 302851 210171 272055 228758 296498 230286 298520 234037 302337 234533 303500 233571 303080 231857 300433 237459 307051 232221 301168 235536 304066 232106 301119 231983 300944 235902 306186 236744 307621 231427 300017 237591 308148 230221 298845 229835 296687 229282 297489 234017 303421 231337 300383 234442 303705 231686 298856 233211 300898 119781 155424 233919 302209 234499 303619 231780 300231 232788 302180 229920 298002 230335 298123 231634 300742 233878 303263 223079 289267 233801 303071 236449 307305 235231 304183 234916 303576 231785 300620 231070 300082 
229154 295837 234038 302386 231543 300415 229118 296185 231680 300334 234473 304008 234019 303103 233995 302020 225845 291983 234181 302752 232978 301217 237081 307840 231612 299890 233415 302131 238176 308307 232250 300368 231598 299502 236008 306069 235545 304237 236227 305405 234201 303519 232624 301275 234984 304682 232166 300581 236951 305575 232451 301208 234747 303133 235658 304998 231749 299739 236471 306022 234711 303050 235332 304266 236429 306742 234700 304623 233754 303764 227142 293114 235378 304325 234863 303514 229863 297315 234463 304165 234070 302950 234447 304275 231975 301296 234621 303202 232332 300745 233414 302592 232740 302064 233230 302187 234958 303858 231485 299645 
222478 288023 235128 304025 228672 295162 232284 300638 234242 303908 234662 304853 235215 305172 236549 305879 236494 306036 233442 303092 120717 157065 211681 274245 235030 303789 235718 304653 235681 305319 235866 304698 235228 304792 238066 307388 236476 306864 233953 303028 233524 301744 236215 305407 229224 296761 237685 307667 237343 306664 227019 294360 233054 302346 236926 306435 234621 303084 235809 305358 234116 303387 232341 300535 223262 288823 238341 309178 236268 305574 232306 300726 233605 302323 235164 304022 235872 306076 233204 302360 234599 304488 237910 308807 232689 301664 234161 303715 233849 302750 236338 306766 229241 297164 230857 299208 233168 302812 234879 304675 
238231 308939 233048 302122 230725 298242 235246 304929 238240 308018 227987 295263 239103 310159 232398 301278 236870 306519 236661 305822 239480 309551 236680 306398 229552 296377 237008 306782 235220 304211 235460 304807 239505 308851 232050 300189 237561 308004 236297 305877 237130 307028 239391 309586 237671 307318 240235 311278 239316 308843 234975 304896 213450 277009 238669 309529 236093 304862 231569 300636 237051 306868 236172 306215 234797 304498 231163 298822 239160 309393 237060 306945 237029 307762 232981 302171 235909 305979 238047 308720 235330 303929 234227 303947 233696 303235 229811 297615 230776 299668 234633 302899 214971 277769 234491 304547 231101 298652 235416 305507 
237633 307054 237689 307852 236858 306679 235202 304115 236470 305319 218991 284016 235003 304793 235793 305546 231906 300410 227684 294929 240061 310201 238169 309179 238461 308460 233779 301906 233761 302649 233379 302878 240031 311171 231926 299346 238024 307638 239030 309013 235587 304956 235922 305652 237967 307407 235691 304818 238457 308968 234292 303589 235021 304933 236800 306565 239809 311037 224844 291557 232605 301451 237170 307459 235302 304458 236237 305661 238806 310112 228589 295411 235718 304822 224514 291110 227025 293719 239116 310564 235535 304469 236842 305873 233667 302769 236862 307034 231304 298626 230622 298745 239062 309272 234505 304020 237318 307760 238001 308447 
239202 309181 216601 281294 235333 305210 238829 309172 236641 307022 236363 306642 238618 308825 240341 310104 235190 304196 239110 309452 236175 305627 237518 307453 238430 307994 240260 312207 236591 306231 217077 281047 238579 308273 236481 306777 237825 308185 236302 304923 237437 306849 237289 307532 238389 308805 238492 308238 238972 310020 236412 305705 231720 301153 235578 305655 235635 305096 236565 307231 237413 307676 217423 281760 238175 308862 239724 310771 235405 305129 233220 301474 224188 290826 235941 305268 232284 300598 236448 305199 237315 307905 240223 311748 237379 306887 233798 303225 238497 308087 237253 307772 239956 309976 235700 305123 239639 311136 120444 156471 
240428 311439 240056 311110 239597 309897 236251 304954 239478 311279 236275 306261 241519 311956 238997 308552 233424 301345 236641 307137 241545 313650 236012 306069 240002 310323 233938 302976 238348 308582 239144 309580 235375 304468 238450 309221 236454 305697 120112 155995 241815 313660 240325 310774 238205 308470 241912 313838 237737 308562 234364 303420 237957 307056 235627 305172 237237 307873 237683 307484 236902 306008 216526 280488 237366 307618 235563 304989 237284 306740 236283 305266 242875 314820 241318 313177 236843 306668 238378 308064 237452 307585 238608 308563 238408 307834 238023 308409 237567 306993 240780 311198 241838 313623 235588 305524 233942 302901 237581 308714 
237949 308037 236830 307224 242209 313163 218103 282357 240654 311118 239907 310550 237075 305864 237476 306593 240371 310782 240454 309873 241697 314161 239849 310406 238728 309828 236078 305273 238475 309132 240315 311129 240299 310912 234366 302497 230800 298919 242869 313770 240588 310619 242259 313121 239501 310778 241664 311619 241424 313016 235229 304521 238271 309096 240245 311231 238616 307727 238437 308829 238761 309527 219143 284143 236540 307305 240005 309277 237926 308509 239696 310227 242224 314321 238043 308295 239875 310034 237935 308149 241202 312991 239145 310084 237770 307756 240229 311564 237885 308831 239903 310795 240518 310626 238394 309086 239315 309024 238279 308295 
241640 312123 238688 309973 237387 306897 233888 302501 240269 311150 238974 308429 237742 307857 242204 314430 237629 307889 241695 312202 240310 311388 234490 304206 240074 310186 240083 310960 238164 309246 241187 311982 240381 310855 237206 307354 240579 311356 237409 307375 237954 307613 239043 309359 241395 313677 240741 311189 240719 310903 242084 313044 242028 314080 240563 311681 240321 311756 242014 312753 242696 314619 237596 307063 241160 312126 220392 286281 240141 310008 234325 302984 234948 304687 240235 311077 239385 310474 239855 311132 238949 309942 239747 310923 240331 311464 237988 307509 234375 303574 238879 309796 238984 310228 243243 315532 236267 305373 240269 311205 
243502 315148 244662 317963 238271 308782 241991 313504 241823 313632 241245 312499 238776 309625 234892 303874 241136 311306 243493 314931 239655 310148 241451 313445 242299 313806 240709 311630 240414 311040 239128 310457 239926 310242 241094 311607 241417 312911 243732 316515 242803 314175 242057 313194 242688 314148 240918 312012 240730 311241 238719 309771 241267 312611 242404 313377 239190 309055 238332 309209 241600 312557 238991 309047 241320 312585 242079 314120 240096 310373 241755 312964 228685 295951 239423 310202 240142 311076 238929 308662 242585 314149 242207 314153 239857 311215 238080 307119 240504 312535 243324 314251 241120 312088 243862 314382 242014 314115 242223 312608 
242167 314562 245535 318452 238298 308965 243960 316059 215643 278792 236305 305311 240944 312009 236863 307304 242329 314120 230015 297992 239472 310381 245201 317373 242373 314955 243394 313840 241045 311589 241948 312909 237118 306754 245273 317823 243669 315866 238052 309207 244034 316062 238258 309058 243966 314806 243855 315776 241080 312227 245201 318224 243836 315721 236088 306968 244872 317355 241485 312912 241637 312653 245120 316567 243078 314897 237374 306433 241891 313010 241121 312113 241454 313274 243244 314988 243274 314657 233058 301018 242536 314363 243535 315741 241270 312744 236663 307047 241192 312427 238243 309383 238439 309481 239427 310392 240097 311371 239531 310209 
243928 316394 241123 310923 245131 318239 244161 315715 242220 313153 245515 318311 240831 312651 242332 313886 244217 316796 245925 318093 230171 297916 243716 315952 239318 309134 242631 314584 239956 310494 241835 312706 244940 316859 241860 313444 243373 315451 242609 314029 240475 311382 243037 313485 242455 314743 243705 316304 239588 309815 244398 317317 245534 317693 227848 294198 241770 312820 241851 313408 236832 306410 244761 316488 240389 311241 242896 313345 240730 312400 215758 279156 215630 279537 245678 317044 243472 315320 245335 317521 244076 316009 242832 313907 243552 314957 242035 313182 238650 308484 240045 311245 231995 299625 244101 315940 242676 313173 243437 315322 
245630 318751 245227 318105 241149 313129 242976 314180 232184 301461 244568 315482 239293 309832 245463 316973 243411 315587 244533 317073 243207 315246 241900 313176 246695 319138 241874 312758 243882 315656 242390 313991 242383 313850 240585 311315 246538 318447 241851 313356 244364 316870 246803 319514 244370 315626 241174 312263 221315 285633 240397 311073 244385 316025 244503 316266 243731 316463 244384 316022 241741 312997 237506 307340 245285 318498 245422 318447 245082 318090 244911 316098 239867 311161 246508 318916 244145 316221 244419 316913 242439 314098 243795 315181 243696 315668 242625 313837 122853 159389 243805 315757 243051 314127 237151 307170 243519 315192 240438 311522 
244646 317467 244538 316092 245932 318328 245078 317641 239083 309143 247346 320827 245005 317459 244497 316542 246483 319857 244533 316456 243872 315071 243810 314684 242929 315335 246102 319370 244512 316876 244761 317796 237457 307805 124205 161246 245304 317417 245885 317516 243561 315435 242284 314223 243063 314184 244196 316088 245436 317826 244716 317008 243291 314882 242008 313989 245566 318203 243685 316384 244904 317270 246084 318798 241040 312763 240588 311982 246143 319390 244477 316468 246352 318478 248166 321096 243988 316846 246452 319289 240854 312027 243507 316056 243322 315869 244374 316682 246416 318282 239739 310493 240402 311060 247786 321404 246024 319707 246018 319467 
246913 319311 243257 315113 245375 317103 243215 315600 246786 320358 243973 315725 245661 317409 244540 317096 240369 310706 243791 315601 241561 313698 245958 318700 239897 310988 240407 312043 243019 315013 244819 316648 246244 318280 246423 319243 241226 313032 245218 316420 246942 319784 243257 315633 245135 317978 235880 306116 246647 318937 238324 308120 244117 317134 247784 321240 246831 319731 244274 315445 245215 316836 243519 314592 242965 315157 242352 314254 240408 311269 246123 319349 243016 314695 243067 314772 245170 316459 243815 315839 243064 315226 246496 319347 244969 317269 247443 320906 248036 319725 242071 313491 238310 309178 246263 319538 248754 321239 240596 311514 
242304 314486 245468 317925 245812 317612 247792 321442 234557 303716 240187 310879 243102 314643 249200 321866 246078 319405 246988 319480 247855 320307 246546 319682 239929 311084 248227 322295 245473 317267 241446 312697 245341 318048 245001 317507 246809 320056 243423 315052 244418 316864 243129 314924 242415 314350 247724 320108 246354 319447 243708 315439 246182 318002 245819 317619 247162 320226 236125 306064 244562 316781 249114 321755 248887 321397 245565 318363 246464 319036 246890 320352 247780 321543 244255 316611 245624 317316 246906 319567 247228 320404 219809 285056 240949 312249 245434 318465 247190 319715 243012 314428 247210 320025 248415 322160 245379 317987 245552 319300 
247576 320351 228892 296594 247015 320534 248132 321122 249020 323025 247399 321248 244011 315705 246757 319927 244550 316899 245892 317899 248669 321086 247907 320460 247497 321075 248539 322562 239938 309964 247058 319408 247250 320115 247717 320246 244974 316224 243790 316087 245712 316789 247088 320137 249885 323478 240302 311216 243194 315135 248596 321541 238217 308487 249351 323349 247100 319845 248028 322457 246778 319850 246475 318829 238564 309605 246922 320282 243959 316525 243348 315516 126186 163956 231085 298788 248235 321634 247981 321269 246901 320036 247364 319491 246107 318729 246945 319615 248440 322507 248379 321148 246304 319328 223151 288956 245023 316849 244873 317831 
249368 323481 244665 316295 245898 318274 248528 321392 248797 320673 247446 319326 245429 318308 240955 312201 245686 317673 244782 317334 245806 318379 246527 319684 245530 318855 248479 321433 249070 322223 248287 320771 243274 314329 245375 317347 251064 324095 248448 320852 234857 304059 245342 318727 243959 315949 249888 322600 245494 317965 246482 318556 247213 319255 247231 319375 246374 319005 245762 318948 251081 325562 246411 318536 248148 321692 248544 321349 246385 320228 249040 322828 249146 322693 245513 318179 246250 317982 249855 324230 246010 318015 249453 322610 249016 323145 248427 320913 246783 319440 248691 321093 234525 303621 250446 323991 247781 321128 247174 319304 
250250 324196 247163 319463 249439 323737 245904 318488 239666 311287 248363 321870 245035 316527 246933 319347 245477 318525 245474 317804 247057 320334 249569 322917 250146 323487 245541 317925 250598 325439 251279 324831 247264 319168 248240 321599 246629 319745 245151 317012 249898 323881 244876 316511 246024 318687 227479 294593 246531 319613 247587 321618 245240 317826 244857 317763 247957 320792 245611 318602 248587 321294 249601 323344 248547 321583 245991 318539 243705 315580 249293 322481 221199 285629 244835 315658 236727 305891 250098 324839 247823 321947 249790 323395 244694 317291 241252 312379 252025 327208 237488 308114 245261 318119 251114 325109 253060 327356 248498 321211 
226576 293692 251200 325587 249171 322151 249226 323572 223204 288778 251157 325819 250650 324432 248562 322813 246761 319143 249347 324262 247069 319690 252760 328068 248154 321300 251673 326247 242979 314625 245730 318489 249428 322424 247087 320384 249317 322055 247329 320579 250468 325617 249611 322432 238253 308504 248949 322213 252216 325643 246549 318825 252204 325946 247592 321584 236449 306118 246870 319708 248446 321674 244724 316811 248769 320975 245188 317529 250494 323331 249177 322063 250284 324807 248375 322055 240369 310994 249427 322666 250096 323013 251968 326919 245260 317408 252053 327794 251506 324894 248858 322173 248718 322035 250900 324644 247073 320391 247694 319865 
249468 323708 252390 326473 251518 326455 228659 296676 248758 322198 248097 321137 251713 326984 251217 325279 253851 329078 249143 322428 247913 320228 248273 320938 249868 323751 247644 319736 250144 323638 243568 315924 247701 320344 247903 320641 252780 326951 249523 322816 250415 323802 252217 326075 251551 325411 246143 319648 245696 317692 246712 319644 250495 324825 250960 325662 245770 318307 248837 322838 249497 323153 249489 323682 254414 329429 127647 165671 251243 324822 248652 322250 247587 321638 249014 321954 250543 325495 226650 294007 245883 318979 243503 315777 250929 324674 249544 323785 249412 324160 251350 325437 248457 322278 253330 328982 248728 322446 246716 319641 
251080 324058 251401 326428 251449 326459 249464 323653 250948 324156 245043 317391 244796 317599 250843 324042 253266 328589 250812 324907 248933 322771 249163 322474 251741 326450 251016 325252 249106 322679 251905 326756 248741 322281 250116 324027 253774 329335 229914 298140 252442 326740 251849 325280 253720 327926 247115 320588 251274 325389 241756 312311 248282 322038 251619 325584 250616 324633 247908 321182 250753 323716 240374 312333 246816 319493 244554 315868 249839 323791 250306 323937 249653 322082 251586 326860 252335 326937 251248 325403 249229 323171 251392 325044 248904 321998 250207 324282 252512 326678 249978 322900 243229 315309 248524 322412 248993 323082 252131 326088 
252774 326895 246891 319949 248299 323112 252257 325643 255105 329213 249110 323292 250355 324218 252753 327159 254204 328513 250716 324906 244691 317077 251387 326079 254993 329191 252204 325971 248775 321965 244805 316975 253298 328064 245451 318357 254114 328814 251566 326334 251713 325789 251157 325454 253552 329260 253600 328535 252607 326940 253008 328207 251499 326596 251489 325237 249711 323280 249957 323661 254727 328986 248324 321648 254252 329729 254991 329340 248344 322147 253850 329158 252363 326864 237314 307526 254377 329643 250473 324403 255045 329134 250428 324398 249347 323047 253252 327048 253842 328280 250250 324869 248635 321944 253938 328627 250916 325152 253079 327925 
253335 329042 223634 289051 253260 327647 254768 330912 249843 323759 254450 330287 252469 326939 247097 321340 248410 321062 251665 325869 251256 324972 253499 327984 251876 325835 252375 325864 248858 321816 251736 325837 256009 331553 248905 322983 251843 326244 250178 324252 254397 328157 255340 329619 252613 326512 253922 328958 252246 326398 254769 329971 250867 325314 255093 329752 254808 329678 252479 326279 253656 327410 250118 322543 254377 327878 256409 332346 252252 326554 252578 326165 254861 330461 246153 317992 251723 325185 254654 328856 251177 325110 252915 328112 247832 320568 249224 323251 251499 325263 251664 326225 230373 297951 251753 325872 229810 298148 251241 325235 
254759 329729 253778 329090 253764 329020 252474 326481 249703 323429 251893 326531 253720 328976 253351 327896 252011 325930 251357 325521 255660 331576 253442 328861 252544 326668 254756 329918 245957 318902 251401 325781 253380 329235 252430 326162 256038 331889 255345 330095 253138 328268 253394 327709 254912 330792 253529 329128 253066 327942 253999 329885 254666 329262 253338 327850 257823 333913 250285 323931 248861 322591 255962 330878 254802 330268 252974 327654 253871 328238 254445 329987 253188 326922 251703 325580 253955 330144 251404 325297 253369 327387 253440 327937 231114 298544 249428 323418 256847 331509 252555 328066 251893 326374 254450 330454 250905 324402 245122 316947 
252199 327007 253204 327994 253629 328973 252074 325381 254651 328954 250074 324159 252774 327180 225823 292720 253293 328147 253474 328373 258155 332997 250360 324833 246952 320383 253898 328609 255295 331271 252159 326111 252390 327093 247949 320269 258470 334437 248760 321594 255652 332475 250354 324008 251120 324700 254083 328361 254043 328957 230656 297621 253553 328651 248827 322768 252501 326934 253551 328504 256196 330428 254493 329313 252341 326051 251402 325672 249012 322171 254345 329673 257066 332820 255809 331875 254088 327681 252307 327529 255609 331214 253793 327967 254149 328986 257094 331699 255081 330551 248022 321049 254818 330439 230307 297323 255467 330972 230370 298506 
252312 327136 252305 326604 254191 328341 254225 328038 254921 329164 259122 334402 255041 330253 252912 328569 251927 326015 255134 331336 250785 324136 257630 332663 259445 335474 251620 325798 241181 312973 256479 331366 254709 329138 253464 328492 251510 324947 256555 331525 252668 326938 259258 336365 257544 333217 258399 334730 259166 335645 254692 329922 253941 328772 256384 332494 256363 331084 251654 325976 255719 331917 256696 332383 252342 326947 255583 330802 256551 332467 256112 331810 255385 330326 257832 334569 255730 331496 259303 336220 252389 327615 255066 329266 254293 329482 255534 331582 256918 333132 250020 323155 253228 327445 251939 325433 256967 332450 251534 326059 
258091 334608 254447 330111 253956 329078 257408 334583 257548 334576 258681 334462 257038 331734 253852 328657 255953 331017 257835 335226 254583 328769 252423 326230 258159 334800 256360 331681 257808 334916 254200 328912 252769 327407 249548 323071 255953 330662 255646 330077 252721 327543 259248 334800 256778 333549 256940 332998 257454 334289 255081 330654 258154 334756 258203 335038 252035 327519 252026 326250 257010 332555 259192 335779 256459 332502 255004 331007 255876 331032 258784 335331 223869 289958 244292 316693 253825 328992 250460 323187 257718 333168 251187 325001 256144 331112 250838 324477 259447 335133 255077 330434 254433 329364 256818 332559 254836 329781 243718 315931 
258076 334823 257165 333197 256506 332927 253738 328878 256163 331155 259301 335491 256588 331005 257005 332575 259357 335078 256877 333044 255630 331511 256439 331781 258747 334459 258179 334666 258625 334308 259640 335356 254638 330470 255606 331481 255536 330620 257071 332260 256464 332409 254075 329170 258197 334058 257401 333682 253136 327921 259092 335366 258394 335561 256270 332931 248177 321461 254581 330172 257905 334980 252565 327629 130861 169744 255574 330238 258781 335316 251385 325904 253577 329481 255392 331692 246391 320093 246628 319931 255881 330614 253873 329014 248861 322336 258274 333953 256319 331603 256748 332438 258588 335675 256162 332033 254175 329382 255445 331677 
260948 339102 257584 333589 253259 327476 252457 326964 256259 331463 255846 331060 257853 333814 257165 332894 258621 334456 256308 332406 255186 330739 253689 328047 256949 332923 255844 330524 256621 332944 257330 331738 258583 335831 257352 332235 252582 326057 260038 335557 254074 329566 250838 324568 251702 326268 253110 327846 257083 333297 255768 330517 253442 329059 232142 301229 250902 325612 255964 331129 256861 333237 259112 336009 260772 337030 258295 333829 257277 332401 260259 336342 258913 334760 251273 325832 259251 336743 258075 332877 251376 325900 253172 327566 255335 330323 260266 337946 258893 336134 260293 336438 244992 317302 256724 333186 257910 333406 252776 327187 
258295 334987 258542 335056 260376 336927 261046 336967 258787 333577 255962 331637 257759 333569 261726 338463 257177 331766 256491 332497 250842 324939 255714 331348 255327 330939 258423 334475 261389 339082 256476 331332 259007 334825 253069 327855 259960 336337 253759 328655 255993 331868 258299 334101 257252 333577 256772 333610 260335 337674 255510 330200 261166 337602 257251 332107 254708 328664 260368 337149 256531 332321 260886 337139 236907 305988 260856 337450 256712 332677 261299 337976 254425 329609 256286 331553 261439 338596 260065 336229 259043 336788 258763 333990 256710 332446 259324 335620 259291 336643 246904 319202 259389 335638 259553 336576 256517 331844 257705 334024 
260466 338291 261648 339052 257860 333108 255886 331737 260311 337450 257571 333628 260381 336229 255263 330468 260302 336389 258431 334685 257416 333065 253672 328459 256838 332157 258932 334635 257766 333824 259515 335054 259268 335603 257081 333103 253437 328232 259018 335801 263573 340915 254834 329895 234403 302826 257258 333630 259654 335301 258958 335220 258679 335119 260719 337885 257083 332875 249047 322944 259247 335647 256133 331451 260481 337213 255651 331256 261352 338877 257550 333934 260249 336143 259937 337044 259229 335498 260947 338888 256199 331999 260624 338113 260932 337156 255987 331550 262521 339667 259746 336259 258616 335132 259291 335261 259223 335989 257254 333356 
258792 334038 260211 336470 258871 335010 256467 331464 256690 332368 260817 337506 254469 329211 256210 331351 258186 335093 261236 339210 258444 334836 258506 335560 260654 337856 257046 333077 259906 335958 258157 334413 257074 332950 260375 337904 248848 322310 259859 336975 261311 338489 256297 332167 260974 337836 260128 336837 260502 337111 262296 338505 259647 336573 246702 318412 259526 335602 259912 335999 258701 335137 253703 329361 262677 340527 261899 338255 260148 335558 248288 321156 261812 338701 262591 340831 260124 336470 264331 341846 261537 338805 256488 332203 260111 337143 262019 338285 263244 339676 263738 342847 262250 340301 257360 332811 259538 336213 262362 339043 
256258 332059 237720 307499 258722 334927 257023 333061 264496 340800 250144 323013 262018 338630 260952 337153 261859 339170 260147 336331 261698 338986 261223 338731 259185 335416 261901 339977 259967 335473 254173 329328 262599 339655 258948 335797 262754 339728 263398 341899 261013 338214 258036 334222 261573 339038 258110 334475 257417 332939 257782 333311 263228 341615 261111 337692 263036 341229 256548 332580 262395 340503 255501 331712 258282 333584 256955 333484 260034 337216 255184 330921 261441 337479 261453 339005 261378 338450 257940 334832 259810 337492 263068 341676 257503 332393 258415 334590 262797 340867 259800 335507 261666 338492 263218 341457 263498 340875 258649 334322 
263098 340721 128746 166843 264484 343227 258823 335282 259076 335419 261785 338208 263486 341705 260996 337646 259777 337357 259903 336701 262030 339458 256059 331588 258581 335390 258923 335580 259726 336389 258533 335748 261975 338426 264396 342448 261990 338299 260136 336944 258366 335036 255928 331301 262333 339805 259530 335547 260837 338699 261967 339841 261293 338921 258257 333824 248145 321455 259735 336168 262230 339636 262857 340283 258977 335586 262422 338707 261875 339110 263933 341636 262247 339336 262707 339989 264375 341697 261583 339562 261256 337635 259903 336341 258344 333924 262014 339520 261388 337629 260238 336823 262148 339151 256048 332446 261696 339361 261440 338289 
263517 340980 259741 337427 265145 343089 260764 337317 260971 337981 265500 343258 261125 338209 264541 343179 261170 338614 264481 343715 263062 339976 258113 334554 259240 335185 260126 336875 265406 344622 259458 335725 260210 337082 263620 341043 263627 340548 260637 337920 263872 341429 260676 337592 264101 342506 258249 334882 258599 335335 251814 326902 264795 342406 266116 343695 261888 339179 263256 340163 261173 338010 261126 337505 261596 338795 265883 343423 259319 335235 255452 331228 264525 341805 264556 343237 259542 336459 236564 305051 238458 309371 260896 338037 261944 339638 262940 341113 264783 341819 261723 339089 260545 338074 261060 338027 264615 341450 265520 344134 
267688 346208 266558 344688 262929 340629 263253 340611 258465 335165 263280 339880 265784 345182 265651 344606 265770 344637 260952 338031 261484 337938 263957 341643 263572 342802 263621 341448 260666 338478 262144 339904 261832 339009 261816 338626 259795 336325 266233 344320 262610 341127 263648 341244 263937 341329 261050 337910 266579 344444 265948 343994 265540 343103 262861 340594 261327 339036 261129 338948 265581 344914 259498 335546 251493 325197 262171 339884 261534 338709 260691 337237 261644 339319 260423 337017 262274 340124 262152 338610 258894 335227 262483 340552 262713 340989 264561 343648 262821 340835 263550 341958 261873 338908 261100 338797 265763 343688 254112 329065 
265942 344371 263425 340513 262787 340300 261068 338374 261429 338808 266152 345429 263342 341077 265915 344332 262151 339632 266763 345415 262391 339365 263333 341607 260127 337294 262251 339938 264239 341013 265546 344642 266613 344614 265530 344931 266722 344602 249737 323114 261507 339239 263081 339742 266657 345874 266383 344327 265710 344159 264844 343690 261829 338286 267337 346070 266775 345821 267200 346839 265920 344932 266114 344934 264074 341065 252632 326333 261450 339289 258570 334591 264705 342782 264548 343003 262447 340820 259408 336391 262639 339153 263208 340023 267258 346987 265935 345114 260917 339066 263155 340866 264043 341749 261600 338951 262330 339283 264178 341525 
265948 344344 265897 343514 267047 346709 264376 342466 260285 336135 264918 343477 262918 341902 264315 342582 265104 343040 264337 343130 265437 344514 263875 342104 262578 340253 262164 339610 263719 342398 263610 341690 264042 341203 262563 341008 260238 336541 251669 326080 266662 346238 268293 348471 262832 339964 267408 347038 263614 340676 263006 341143 268691 346830 265542 344273 237287 307475 264722 342665 266099 343611 258513 333938 263398 340505 266425 345766 262129 338916 263046 340979 266568 345418 257954 333984 266240 344750 265338 342749 263270 340189 260600 336517 264608 342376 264549 342333 262459 340436 264017 342356 266937 344951 266461 345498 258507 333921 266004 344045 
260688 337760 264928 343423 264923 342975 266835 345750 268139 346733 267891 347647 261541 339009 266730 345608 266427 344484 266118 344039 265107 341776 266374 344290 265072 342655 262986 341223 262501 339302 267814 347549 269071 347590 263460 341030 260981 338072 261142 338392 255993 332015 263268 341336 269818 348785 265865 344008 261878 338850 265534 343699 263168 340482 265633 343270 264583 343507 265514 344204 261892 338972 262656 340354 263088 340526 262842 340904 265615 342957 268986 347684 263767 342116 266641 344767 263338 341801 262111 339555 261845 339232 268005 347524 264254 341926 263398 341511 264703 341991 264403 343369 262189 339649 261891 339021 266902 345937 267207 344992 
267789 346151 267834 347202 264072 341818 268054 347009 265622 345241 264936 343470 264429 343103 265528 344666 258000 334319 262856 339291 263870 342218 252423 327183 271689 351194 266331 344712 266138 344014 258598 334467 269824 349524 263043 341034 264193 341626 263818 341455 267741 346265 267052 345534 270072 350634 265391 344319 268810 348694 264931 343421 266590 343999 264538 342236 264624 342761 267513 345931 263807 341656 267277 345593 267872 345616 264424 342239 268482 347100 263292 341170 268704 348679 262239 339732 269195 349008 266601 345077 263877 341689 268532 346921 265154 343826 269186 349229 255455 330836 265828 344221 266020 343372 268269 347116 263003 340133 252419 327106 
263395 340922 263786 342097 268390 348270 268935 348869 268872 346849 268804 347893 264979 343685 267496 347583 263065 341186 261929 337991 266065 344475 260149 337682 267465 345721 267285 346795 269377 349826 269379 348671 263442 341897 268082 346374 267919 346818 264738 343280 262660 340931 255968 331330 266246 344685 269624 349465 266095 344673 265498 344370 261875 338680 264836 342557 263478 341436 268838 348503 265173 343661 269509 348058 261114 338590 264469 343115 265832 344281 263762 341873 267821 346929 266232 345251 264613 342313 267100 345796 270653 351533 268086 347169 263890 340946 269545 349658 264377 342608 266866 346234 269534 348999 264528 342581 265857 344408 268182 346455 
268048 347109 268366 348248 263436 340928 268368 347207 267552 346637 268291 347537 267933 346139 267536 346672 266603 344520 264581 342625 264378 340715 272089 352110 265951 343675 265258 342404 255625 331537 270679 350636 270183 349036 269991 349590 271622 350955 269791 348675 265020 344196 270604 349963 266628 345694 257667 333311 269476 348671 268452 347598 271327 350552 261032 338122 266396 344899 269418 348705 259882 336199 266121 345036 266887 345745 264069 342387 271234 351895 265798 344409 264682 341854 264194 342062 270621 350678 266814 345553 271317 350294 270197 349336 268359 347663 269757 350429 266883 344179 270253 350457 266818 346174 270173 350626 266217 344978 267891 345551 
269531 348819 269388 348073 267746 347263 270295 349192 270874 351352 267963 345892 267852 346997 268435 347788 266675 345480 269242 348908 271278 352261 265942 344082 269459 349024 271228 351350 266133 345138 240663 311347 269117 348418 269097 348313 271686 352636 271594 351627 269398 347801 269884 349133 268759 348601 271009 351833 270907 350036 265286 343515 271082 351479 272011 351213 266883 346117 271372 350703 272007 353131 270233 350031 265429 343403 271251 351258 272742 353913 266451 345222 267387 346220 268123 347176 267368 345808 266215 344287 271488 351407 271956 352481 270482 350336 272721 352233 264686 342358 266583 345899 270742 351250 265083 343755 266689 344251 268460 348664 
231172 299873 271804 351540 267542 346592 265317 343610 268901 347772 268598 347677 272199 351201 268511 347928 265431 343637 266251 345670 272529 352838 269256 347520 270270 349060 271074 350181 270523 349352 268950 347483 268879 348649 271371 350154 267055 345609 271659 352539 272775 352063 269395 348725 256236 331494 270107 348587 270878 352251 266810 346014 269856 349411 268508 346898 272508 353724 268575 347256 267168 345461 265311 343439 270606 349296 271080 350191 268420 347911 271926 353344 265359 344370 258939 335699 268477 348324 271974 351318 266534 345187 271472 352052 270044 348727 268926 348691 274367 355032 266837 344673 270490 349460 270845 351550 268726 347480 272842 351657 
266828 346182 269752 349453 270822 350809 267276 345915 267078 345783 269733 349066 270715 351338 268442 348288 270780 351166 268844 347669 272979 354110 270470 349140 268226 346660 269881 349641 263674 340614 263780 342074 268734 347502 268849 347973 267928 345640 269898 350380 267405 345404 268019 347512 273521 354606 268329 346011 267789 345407 263742 341413 271046 351948 270433 349389 267780 346493 268772 347630 269045 348067 272266 352342 274308 354434 263978 342306 241285 312325 259419 336038 272899 352775 271519 351136 263849 340913 269840 349970 267189 345474 273562 353814 262530 339609 267838 347024 271871 351157 269021 346919 274554 355899 269838 347894 273695 353953 274377 355053 
272298 352342 270077 349228 266402 344767 268430 346978 270932 351494 268523 348825 271208 350590 273929 354616 272743 353212 267769 347306 270001 349780 273315 352843 272569 352714 269283 349396 274755 356191 272879 353259 268729 348676 271890 352152 274118 353939 269861 349582 268932 349408 272543 353751 269954 349943 266044 344699 269732 348868 272891 354916 268447 348498 269135 349310 267450 345834 274144 355359 267868 347427 273475 354305 270695 351472 271287 351392 273978 353531 273462 353546 270512 350650 139141 180284 268685 347705 269568 348894 272200 351790 272255 351145 269971 349448 274426 356334 269985 348746 272377 351954 274369 356036 270612 350813 274060 356082 264873 343025 
268773 348418 271381 350914 138482 179791 271540 351490 274104 354632 270278 349780 266654 344351 270625 350367 274576 356211 274300 354461 269179 348789 271205 350354 273984 354834 268961 348432 273133 353602 270948 351516 272583 353041 268857 348260 275066 357399 271057 351154 272576 352995 272490 353171 273221 352831 267477 346803 271661 351957 270803 350193 263312 340812 271552 351226 274026 355326 269209 348408 137870 178640 274348 356702 269062 348062 274211 355707 267226 345611 267525 347133 270830 351225 274012 355264 273181 354905 247016 318904 271451 350822 272447 353144 271383 352377 275637 355879 271154 351143 269813 349292 269999 349982 268809 347911 269739 349299 272177 350797 
269351 347303 275798 355871 270503 350628 275252 356791 268407 347363 270390 349178 273499 354914 270112 349300 276035 356287 277268 358361 270649 349141 273085 352306 270403 350710 270576 350038 273040 352347 275674 355720 271592 350224 267932 347537 273425 354794 243855 316672 273755 353761 272140 351832 272663 352924 271336 351653 268958 347168 269251 349189 270435 350373 272849 353250 275803 357700 261300 338540 274698 354638 272678 353333 274536 354381 271718 351768 269443 348869 273041 353587 268430 347465 272149 352487 273418 354076 271887 352067 271145 350716 269467 349592 274125 354221 273998 354956 274735 355592 272537 352000 249515 322599 246704 319755 268762 348542 272660 353902 
273831 353826 275962 356995 269233 348532 270488 350380 272404 352492 273919 354025 269146 348346 273566 354781 270596 349321 271973 351908 274792 356926 271750 352510 270799 350453 273844 354483 276748 358223 271066 352048 271793 352536 277317 358002 271492 350666 270554 350076 271625 351619 273489 353198 271838 351077 276493 357761 274916 355953 271293 351001 276687 358112 268875 348613 270021 350434 271910 352958 266947 345423 274647 355169 272753 352657 276316 358643 272971 353900 277794 358734 277100 359851 273410 353862 271706 352174 272615 353906 274730 356411 263915 341164 274736 353951 275061 355464 271585 350808 273155 354323 274788 354688 273832 354635 272074 352890 272788 353922 
275219 356500 276137 356397 271538 351357 271370 351687 275459 355517 275364 356034 271096 350955 274848 354522 277581 359108 274792 356601 276995 358866 275002 355319 275047 356316 273696 354707 260053 337078 274346 355000 275275 357082 272797 353279 268830 347923 273582 354337 270578 350966 272233 351370 271860 351282 267818 346160 278523 360501 273907 354059 271477 352017 269211 348405 274354 355666 277359 358573 274531 355575 275963 356965 272599 352496 274063 355667 279214 362272 273129 353252 276884 358158 272826 353060 267564 346848 277511 359583 278220 359586 270730 349175 274293 354080 277583 358431 274455 354344 270494 350809 278542 360364 278713 360058 269719 348400 277604 358653 
271458 352087 277769 359310 273879 354811 277236 359635 273573 354310 270842 351512 271120 350781 275460 356538 275130 356932 276038 358082 277399 359427 274032 354658 273868 355079 278592 360847 277027 359620 278901 361845 270139 349842 272676 353780 275208 356346 276006 358434 277592 360608 269826 349131 275332 355574 278253 360024 271989 352229 276201 357595 279285 361030 273468 354062 278238 359532 276974 359041 270215 349146 263913 341577 276655 358868 277691 360900 277798 359811 275938 356965 141005 183064 272869 353774 279266 362906 275124 355476 278129 358852 271925 352316 274994 356513 274518 355293 270327 348910 273214 354069 274349 355400 274566 354882 275074 355720 275527 356602 
278053 360426 274430 355544 275509 356506 277056 358071 274753 355373 278671 359807 273733 355694 270524 349117 276233 356567 274109 354800 276837 358921 272467 352576 276466 357692 277812 360342 272731 352806 277372 359266 274069 354711 274715 356054 279567 361134 272428 352567 268038 347159 275713 357208 274494 355768 278864 361581 278742 360911 279974 361693 279560 363027 261168 338762 276179 357287 278217 360058 273582 354442 276988 356899 275651 357071 274662 355658 273760 354475 275574 357373 278180 359182 275104 356850 273266 353873 280070 363528 279781 360660 261262 338538 277226 358881 277429 360388 279069 361010 276685 358830 275240 355972 280512 361680 274720 356091 279612 361062 
274724 355901 276293 357154 276524 358880 272783 352988 274104 354926 281204 364792 278996 361928 274675 355820 273878 354495 271250 350852 278139 359634 275745 357563 277629 358321 275836 357308 276567 356691 277845 358703 276055 356448 277428 359350 273579 354141 279590 362867 252671 328114 274857 356070 278341 360194 275721 357386 277099 359829 277313 358195 274882 356386 277963 361094 263403 341310 279743 362325 280275 363245 279938 362155 273757 354672 275031 356283 279001 361823 277009 358500 278663 361631 275839 356476 277545 358746 279090 361059 276909 357787 280699 362188 279964 361821 275400 356967 279738 361156 274239 355384 279038 361657 279342 361634 277753 359333 271948 352967 
277226 357813 278609 360728 279748 362023 275873 356945 274886 355869 274567 355611 277840 360512 277247 359287 277933 360469 275179 357080 279513 362029 277609 358334 278833 360664 277942 359043 278848 361010 279219 361347 275099 355820 275672 356968 275111 356467 279541 361368 279604 362342 272329 352031 274063 354649 273262 353889 278126 359040 278584 359589 278498 361862 278516 360676 277868 359537 277137 359465 278281 359115 279847 363246 276260 357852 280517 362812 273351 352890 276653 358454 277084 358850 282311 364644 281990 366444 273205 354644 280667 364057 274614 356530 281819 364112 277316 359939 277729 359442 281142 363249 277424 359262 278350 359398 276115 358266 277880 360445 
272700 352628 281070 363478 278215 359792 275548 356456 257805 332873 277995 360458 278878 361102 275475 357134 280320 362468 280466 362381 276763 358241 273132 352503 277475 359425 278199 360087 278508 361010 274120 355710 281822 363722 279657 361495 280418 362917 282719 367063 278040 360048 276976 359192 279284 362002 276815 357066 280771 363411 278703 359827 245606 318485 276202 358349 281525 365521 276946 357784 280047 363489 277396 359488 279008 360416 280950 364077 276293 358106 276057 357285 277726 359036 276378 358396 280854 364206 274770 355868 281704 364305 276713 357547 276950 359286 275317 356830 278943 360866 279901 361799 275042 356127 276576 358698 278207 359854 274971 355682 
269895 348960 280090 361551 283502 366400 282918 366129 281148 364540 275194 356010 274573 355608 266015 343207 271007 351179 278529 359748 278090 360444 281983 364225 276803 358710 277288 357480 280493 364024 280792 363401 281990 364083 281739 364373 281392 365107 277291 358831 280931 362991 279804 361514 283356 366752 282058 365077 275152 356347 281590 365572 281769 363763 281619 364401 280234 361488 277751 359619 274462 355377 277098 359368 275864 357289 276915 358733 279533 361898 275040 355688 279107 360769 278599 360931 280565 363834 282560 367088 251257 325552 278295 360690 279186 361830 281998 365094 282606 365278 277613 359905 280565 363243 276690 357749 277272 359324 280267 362742 
282209 365137 280720 363400 277980 359033 283215 365463 281885 364199 280068 362460 284192 368399 280915 364274 283384 367173 278470 360899 282134 365724 281011 363508 282075 364415 282907 365770 278351 361105 276137 357736 282459 366289 280145 363947 276821 358482 270091 350237 281427 365858 277049 359164 279851 362284 281642 365390 279950 362154 278842 361842 282039 364822 279612 360771 250126 324467 141900 183696 275409 357645 281096 364412 281747 364703 281134 364632 277109 358600 278860 361275 282083 363973 283213 366040 283397 367535 276745 358731 282139 364493 280882 363236 273003 353694 284886 368141 280234 363277 278302 359961 281915 364445 279669 360845 276756 358078 280338 362294 
279296 361984 284148 367018 282966 366430 281600 364482 280081 361988 283137 366550 280434 363052 283159 366408 275830 356533 274822 356114 284258 369274 282765 366639 282671 365032 279455 360912 281435 363976 281257 364126 283438 366500 276061 357529 279508 362230 284170 368515 284641 369477 278942 360034 277463 359242 281332 363739 284887 367690 282369 365519 276891 359173 284115 368543 279689 361242 284584 367637 284796 368997 281195 363823 283858 368858 276579 357657 277711 359243 278575 360568 280943 364282 282087 365462 282212 364680 282636 367072 278286 360397 280165 361349 283753 366696 279933 362701 282032 364322 278736 360710 279711 361272 282344 365802 281042 363920 280296 362710 
281553 364829 281851 364203 283746 366437 284748 368515 282927 367295 281839 365293 284001 367855 281007 363802 285284 370281 283872 368659 271815 350976 281402 363391 282114 366068 283354 366524 283539 366798 280987 364415 283949 367105 254746 329122 279781 362760 282885 365267 273448 353635 282919 366967 281401 364000 275817 356989 279138 360840 281860 364505 280681 362956 284432 368616 284975 368809 284547 369141 281748 363685 280222 363798 283419 366703 285254 368365 281410 364485 282312 365319 282877 367175 280327 363126 278577 360625 283042 366332 282697 366274 280239 361448 282056 366305 283849 366812 284063 368530 278221 360241 281759 365779 283699 367237 283300 367623 284404 367586 
281005 363913 286234 369890 281152 364407 280443 362776 282600 365374 285398 369923 285899 370957 283207 366344 286464 371995 281456 364348 284949 369958 276886 359090 284345 368154 286026 370215 253991 329774 286397 370143 273129 353468 283319 365800 285509 370736 280596 363149 277242 359192 281013 364005 283310 367676 284175 367504 280501 362278 281613 364709 283853 367009 286642 370700 282121 364377 283375 367180 282340 366360 283794 368316 278114 360052 279828 361016 284780 367677 286283 371692 287151 371381 286030 369728 279225 361781 279968 362772 276278 357782 280224 363789 280329 362169 281082 363491 282967 365763 283436 366658 284096 366983 282356 366005 283396 366871 280918 363801 
284567 366882 285959 369248 281357 364607 283430 366827 282251 363855 284261 368565 284982 369005 287363 370956 280711 363191 280969 364441 283989 368513 283649 368305 285911 371635 284508 368742 264622 342478 287302 371132 275426 356829 283666 366985 285131 368349 284947 369243 285576 370541 281691 364902 282025 365432 269155 348104 286883 370866 256409 332456 280882 363549 257577 333757 282216 365600 283730 367732 283990 368171 281871 365017 285681 370368 287850 372078 281838 363572 287454 370857 283025 367036 285742 370387 284918 369368 287751 373059 286243 369568 277236 359466 287013 371239 285942 369675 284963 368845 284286 367591 285647 369017 280919 363949 278866 361283 276847 359011 
282462 365440 282121 365664 283993 366841 282864 366318 286932 372395 282071 365169 283944 367819 288142 373334 280529 361906 284580 368411 284096 366782 281627 364865 283038 366041 281300 363246 284030 368205 260691 336729 277129 359013 283050 366326 276501 359083 283121 365699 286006 369860 286792 370444 280818 364432 282083 365621 285562 368708 277547 359687 285906 370309 286408 369585 286783 372125 282356 366022 283932 367968 283673 367506 280550 363345 286205 370493 280770 364160 283717 366097 285813 369252 280575 364014 285183 368730 286469 370266 278008 359178 284093 368341 283528 366054 283788 367343 282183 365794 285483 369318 282173 365436 280857 364137 282642 364728 282059 365753 
288461 374186 285075 369010 285218 369509 287127 372573 283711 368035 281973 365311 283758 366530 284681 368150 283160 365495 285331 369238 283067 365903 284971 367604 284205 368227 284342 369103 285711 369910 280225 363474 289301 375735 282943 366752 289478 374699 286779 371584 282534 365640 287142 373077 288909 374966 287212 371292 284876 367992 288860 373007 284178 368000 286228 371394 285987 369048 287000 371731 288405 373697 254468 329076 282393 365852 284814 367648 286455 371943 281904 365465 283202 366657 287934 372800 285149 368816 288350 373867 281549 364980 258924 334236 281604 365667 283610 367158 281381 364987 287203 371232 285773 368709 286053 370333 287459 372885 285673 371172 
285054 369239 286399 369864 277570 359847 285383 367787 289836 374286 284177 366910 286681 371921 284288 367972 289603 375500 290068 376371 283793 367988 283667 367640 283085 366148 283508 367326 285912 371002 286650 369723 286928 370443 277818 359539 283991 368484 284922 368795 284380 367087 285823 369726 285273 368329 289698 374833 287455 372164 288054 372340 288635 373073 288163 373927 252762 326916 284596 368534 284938 368605 288488 372845 280645 363604 283160 367106 289094 373644 269483 349310 284300 367637 290506 376844 290961 375427 288698 373052 284115 367984 287497 371360 286310 371530 283110 366353 288353 372371 288930 374763 286870 372007 285246 369030 283489 367004 287884 372081 
289504 376111 289655 376124 284565 368551 282571 365294 280556 364451 289933 375592 288862 373434 282777 366176 256434 332365 283534 366701 282462 365896 288660 373082 290470 376092 284787 369454 288556 373456 281043 364378 288372 375001 284355 368259 289274 374679 283784 367936 286824 370036 284935 369845 284143 367675 289630 376336 283867 368442 280861 363201 283503 367318 284306 368483 287854 373226 289283 373863 283547 366977 283815 367230 287679 372516 291981 377025 284065 367136 289081 373358 286197 370164 285655 370108 289212 375741 288289 372886 283731 368116 286668 371688 282637 366720 287369 371915 287681 370859 256754 332030 284624 369236 283270 366612 285981 369945 288882 373276 
285411 369573 287162 372590 290671 375712 284505 368682 285940 370935 285160 369199 282131 364931 288563 373381 289714 376324 283642 367048 288522 374059 287156 372835 289190 375091 280765 363714 292092 378350 282745 366709 281718 364906 284373 368608 289411 374861 286149 371174 288720 373880 286192 371231 146657 190253 286344 370437 285237 369708 279529 361663 281826 364962 287946 373299 286759 371532 282894 366404 286158 370874 287265 372114 281246 364459 284539 367761 288392 372314 284102 367726 287392 371443 279083 362220 288852 373681 289301 374295 287893 373312 287356 372461 279781 362647 285860 369869 289493 374974 286381 371383 291053 376407 291232 376415 284432 368568 262811 339354 
289920 374325 283984 367805 289377 373658 279957 362904 286003 371078 276090 357299 287994 372445 262914 340099 291514 376626 291058 377599 276068 357767 290058 376378 292596 380362 282123 365031 288396 373429 289502 373653 290349 376717 287244 370535 271161 350812 287237 371828 291444 376806 286861 372200 286647 371757 286237 369791 286096 370479 287432 371375 288717 374460 291554 377986 290959 375886 291766 378888 287158 371733 284791 369277 288481 373393 290427 375349 285762 370370 280248 362955 286009 370413 287790 371429 291233 378025 290224 375396 291055 376785 289926 375008 290682 376428 289313 373446 286602 371803 290801 376295 287118 371823 286559 370644 288238 373075 290519 376072 
276076 357322 286286 370232 291951 376911 287614 372571 285622 369601 287912 372855 284082 367399 290263 375818 287031 371439 289487 375245 289940 375098 287611 372481 287813 371943 145512 188849 284551 368261 288870 374281 282315 366317 285393 369831 287856 373395 288554 373145 292199 377954 287542 372938 288752 373827 280316 363057 290834 377540 289221 373772 291057 376230 291504 378147 293123 378385 288021 374077 287024 372238 284535 368777 288838 374043 290650 375783 289556 374768 284366 368155 285746 370614 259668 335630 287844 373431 289647 375845 287518 372324 288514 372542 286821 372104 290291 376262 281001 364017 289454 374345 287574 371833 289952 375975 291393 378221 293555 379101 
293211 378931 292081 377949 289839 374359 289451 374302 286994 369953 293801 381444 293081 380551 292506 378999 278348 359994 280311 362950 288322 373077 294502 380682 290544 375586 291333 376303 292732 378487 293446 380915 286969 371837 287849 371509 288353 373529 288927 373246 289054 374361 287659 372280 288717 373344 288146 372797 287095 370443 289226 373642 291353 377859 293281 380170 291740 377772 294796 382173 283883 366957 289124 374687 291883 376573 289970 374532 290073 374786 290077 375353 283548 367262 287769 372212 289794 374337 292724 379757 292714 377958 290206 375188 292013 377927 291591 378078 289274 374997 287558 371686 289452 373720 291359 377284 289924 376133 292020 377276 
293263 378651 287050 372427 290510 376275 294308 382016 291255 377403 291776 376996 291036 377126 288679 373488 295151 382918 289912 373944 293661 380176 288537 373211 291200 376461 294915 381304 293822 381237 295386 382584 288724 374188 289196 375507 291609 378517 289742 375222 291355 377377 284272 369336 282338 366539 290983 375966 286314 371293 292770 379895 265215 344050 285546 370776 288661 373344 289936 373760 294178 379937 288125 373820 291561 377886 289713 374173 290245 374708 288752 373377 293541 379031 291237 378054 286520 371814 292581 378033 286534 371509 292135 379491 292565 379018 293892 379726 263548 341507 284610 369084 289245 375240 293915 380025 294255 379619 288683 373457 
294623 380989 292801 379735 290848 375545 289780 374118 293085 377848 290162 374337 295352 381315 293094 378741 287641 372937 284813 369092 290512 375680 280647 362121 294934 381040 287929 372788 291602 377451 289263 375964 290589 375658 290794 376561 294674 381254 293609 380179 290496 376863 286237 370362 289455 374798 295517 382200 291642 376630 293449 380013 287782 373793 293703 379854 290446 375990 296174 382637 294173 380624 274997 355793 293120 378697 289903 375550 290444 375728 289831 375254 288067 372737 290155 375595 291436 377892 291190 376500 294181 380792 293356 380920 287196 371538 295553 381419 292424 378299 291314 376495 285785 370194 288706 374217 290807 375936 292958 378913 
296370 382902 289107 374185 290856 376131 290202 375856 288021 373726 294826 380744 292715 377971 292029 379024 293534 379966 294515 382099 286893 371760 293686 380092 289289 375231 278727 361095 289456 375402 291536 377825 293948 380042 288965 374111 289080 374481 264880 342424 289483 375145 294594 382737 288122 373164 292575 377726 291623 378060 289069 374475 286987 372170 291791 377470 291622 377953 287984 373390 289387 375817 293455 380592 294541 382483 289963 374482 292071 377610 289820 374970 289938 375085 295363 381035 295338 383249 291404 378272 297379 384598 290680 376195 292166 378565 293979 381501 293216 378907 285112 369157 287831 372058 296157 382598 291776 378212 292559 377737 
293938 381073 289906 375579 297335 386189 295006 382680 295722 382246 289351 375487 294919 381665 292196 379006 293005 379065 291278 376961 290935 378095 290491 375567 291726 378100 295229 382173 295961 384529 290409 375976 294734 381492 294422 380429 295594 383073 291362 378018 289607 376136 292536 378100 287876 373134 289737 374780 291572 378046 291708 378186 292853 379108 289273 374597 295194 381479 295942 384043 295026 382465 293598 380328 295131 381970 277739 359939 283625 366793 292703 379713 290679 376088 294461 381763 289659 374368 291326 375885 295579 382802 292449 378677 291501 377862 292615 377768 294322 379840 273787 354516 292069 377096 290429 375765 289651 374741 293278 380234 
291672 378778 294334 381677 294404 380848 291844 376402 289093 373852 292066 378096 291507 377810 291896 378396 294085 380997 297085 384194 288745 373410 298091 385847 295986 383741 296577 384135 293301 378717 290963 376504 295073 381758 294635 382429 298866 386081 282806 364903 295875 383950 292536 378805 288321 373936 294844 381147 291925 378655 293358 379419 293787 380234 291860 377106 287647 372011 289759 374925 294456 380889 264676 340948 292419 377940 297024 383236 293252 379507 294358 382139 295716 382207 296982 383526 297138 383965 296551 383083 293170 379198 282982 366708 287563 372386 291539 377181 296182 383585 280850 364055 296081 383174 293514 380328 295032 382947 296199 384265 
291228 376143 297366 384215 299456 386883 150753 195429 296353 382510 289411 375576 299217 387767 281717 365181 290180 376049 296441 382608 292728 379746 293973 380525 296407 383156 297605 385263 292119 377666 293634 379817 295002 381854 298066 385620 288375 373956 295599 382279 295186 381298 293778 380045 298673 386161 293161 379094 296689 383923 291205 377181 293277 379447 282971 365683 294666 382596 284432 368527 293941 381270 293653 380243 296056 384253 293190 380421 292795 379332 296507 385185 295865 383493 294816 381751 296863 383662 296639 384936 297632 385844 297043 385346 296436 384296 289132 374805 293435 380104 293690 380559 295133 382149 295894 383906 292325 378759 293857 380963 
297623 385722 288188 371848 295821 382931 290981 377300 299997 387804 295835 382320 293004 380073 297277 383889 297385 385177 296942 385616 293833 381131 297365 385174 296245 382802 295972 383343 294794 381701 299640 387851 269249 347673 293114 379199 292881 379760 299472 388564 295639 383584 266189 344862 262301 340188 297191 386191 289312 374907 299707 387245 292215 378727 291166 376098 294057 380892 296881 384335 296992 383221 293758 379137 295042 381852 292021 378351 295647 383034 295791 382212 283119 367669 293971 380846 296880 383390 296199 382284 291399 377871 277619 359758 294491 380728 295552 382642 284650 369677 292708 379116 287754 373310 294056 379807 296742 384698 294071 380973 
297117 384049 295917 383091 294740 381222 296793 384351 291924 378618 298567 386135 295464 382708 291983 378761 297835 384717 291612 377786 292954 379490 297014 384119 299208 387769 299933 387149 299029 386564 293570 380105 294601 380711 296072 383859 297766 384655 293140 380300 266201 344637 291822 378282 293827 380980 300276 389095 296456 383701 296547 382574 298068 387187 295188 382802 298666 385196 296866 384700 291476 377861 291458 377814 295688 383495 293987 381541 299888 388918 297715 386284 293654 380544 296705 382795 285430 369467 297307 385423 294573 381623 298876 386712 297368 385994 299059 387704 300022 387676 295490 381380 292569 378934 298739 387733 297308 384878 294651 381461 
292427 378738 297130 384531 292984 378928 298217 384892 299792 388173 298443 385085 298069 385406 298766 387500 297786 384659 297001 384547 294062 380664 297185 384338 296193 383116 296930 384962 296035 382950 297870 384270 295677 382043 296973 385077 298603 386890 294830 382697 299443 386443 297279 384639 299469 387428 296915 383211 297442 385748 294214 381405 296384 384253 298016 384544 295725 381336 293510 380906 298393 385524 296218 383834 295245 381486 298900 388052 295759 383418 296716 384122 298781 388045 289950 375878 295414 382405 296432 382392 279111 362054 298279 384968 296841 383256 297841 385066 272328 353058 294385 381023 299077 387438 296692 384488 295460 382908 296652 384263 
298122 386366 294543 381244 295331 382797 298409 385800 298492 385290 296239 382975 295839 382709 301957 390515 293943 380850 296414 384617 297467 383899 299209 387620 300353 389179 297170 383424 297239 384836 296970 385367 278934 361590 296626 384691 300480 388480 299111 386331 299200 387618 294930 382294 296231 383210 295387 382977 301602 389766 285602 370328 296444 383028 293252 379792 288211 374639 297620 385711 298195 385335 298254 385283 296163 382254 294129 381115 302444 391865 301416 391193 294187 381495 297743 384188 300305 388530 293979 381132 295928 383093 151016 196050 296665 385491 291189 377407 283886 366402 300335 388942 297279 384450 298276 385956 300357 389567 300885 389815 
297705 385300 298230 385458 298608 387740 296362 382927 301143 391293 289021 374551 298879 387096 297295 385161 300377 388852 300291 389134 295788 382913 294738 380778 298951 386059 296328 382846 298484 387052 151707 196839 293787 379960 298478 386755 297193 385949 297887 386287 283931 367709 299540 387466 284234 368354 285182 368554 300531 387833 298551 385210 286980 371308 271509 351073 294188 380594 297268 385758 300484 389140 302041 390905 300061 387089 299185 387990 300590 389880 294304 381405 296628 383196 151480 196953 296036 383688 295279 382496 291119 377763 290445 376512 295993 384469 296355 384684 270874 351765 302212 392000 297543 385845 297723 385387 298365 386928 300801 390346 
297354 383880 294732 381480 299439 387715 296050 383715 303237 392048 299249 387068 303421 393979 297322 384656 301343 391115 297487 385145 302235 391193 296750 383818 303854 394375 295788 382770 297729 385340 296473 383406 299969 387615 300454 389173 301469 389539 302077 391886 297956 386137 298329 387226 290665 376404 301773 390395 297627 385299 300386 388783 303517 393126 296623 384603 298153 386420 298853 386693 300777 390423 299606 387643 303829 393324 303264 393041 301936 392376 300825 389388 302617 391793 301049 389734 296364 384038 296372 384038 303953 392880 296647 383850 297725 384806 299190 388266 302065 390462 301453 390506 292980 379714 298611 386226 302056 391356 267858 346392 
305791 395186 303569 392263 295564 382513 298798 385182 297727 386205 293354 379038 291346 377339 297983 386674 268767 348353 295383 382430 301341 390056 296290 383623 296723 384696 302757 390824 296361 384112 300474 388779 301948 390623 297817 384328 299459 387506 300686 388658 298059 387067 298971 386751 302947 391582 298199 385037 298803 385985 297350 385447 296216 382794 301210 391034 303221 391601 300784 389955 298526 386503 301316 391070 301941 391828 295885 382493 298795 386149 300095 388197 303037 392221 295197 382757 299594 388700 301923 389999 298508 387173 301208 391042 302060 392092 305442 394448 301204 389192 302226 392220 301030 389909 304271 395091 294497 380435 300333 388797 
299794 387908 302858 391099 301959 391969 296715 383941 300261 387709 304340 394709 294382 382090 304338 393865 301978 391963 303899 392735 304946 393816 303818 394362 295835 383238 303401 392893 300936 389798 299636 387610 276424 357883 304575 394343 298814 386753 300917 388737 302724 391173 303148 392572 300364 389061 303480 392405 299159 387446 302289 390542 298786 387047 304393 394490 298933 387712 292280 378840 303872 393130 296038 383098 298223 385724 303527 393887 302330 391434 303411 393556 302160 390352 299579 387981 300877 388467 304269 394882 294563 381038 303745 394147 299251 387980 303156 391658 298936 387092 299671 387953 289544 375167 297512 385061 302029 391706 301479 390807 
300519 388749 301176 390430 303003 392509 303801 394071 304331 394876 286101 370320 300820 389643 298398 386786 300353 389263 305056 394479 299426 388386 303984 394447 303995 392490 302878 392586 301886 389669 305307 394312 297155 384102 303365 391973 303577 393444 300069 388731 301718 390730 302796 392753 301215 388598 301058 390796 301979 389576 301506 388836 300925 389422 306355 395778 303913 395158 298992 386598 298448 386001 154273 200094 302493 392116 300380 390022 305297 394707 303348 391837 302172 390278 305285 394599 299532 388238 296597 383860 305055 394518 295935 381767 305005 396158 304343 395405 300068 388795 304153 392737 306710 396843 302533 392333 305534 394843 298937 387787 
300250 388901 299945 387315 301510 389913 299252 387619 299484 387806 306038 397081 306326 395468 305765 396931 301063 389449 296744 383549 302673 390688 304662 393603 303902 394697 302558 390883 301833 389889 303327 391941 303368 392511 301779 390049 299211 387394 299080 386762 302917 392015 304320 394083 300173 388708 302690 392668 305262 393510 305967 397200 298737 387164 303678 393793 298747 386430 304342 393116 306780 396755 286579 371326 302577 391469 306720 396262 303579 392205 299228 387272 299873 388024 305005 394359 304290 393382 300783 390366 305038 394970 304524 393851 305711 395500 306851 396450 306607 397770 305464 396427 304372 394666 303453 393847 303637 393028 303506 394371 
305619 395066 303129 392985 302162 392334 304555 396099 303279 391486 300827 389756 307424 398955 306851 398056 306992 398526 301072 390181 307460 397313 304724 395258 304552 393232 302237 392164 302128 391586 305093 396152 304491 394922 299581 388661 305478 394880 303655 392771 309541 400082 297904 385750 290938 377029 306278 395416 306539 397768 301536 390634 306927 397863 303631 393317 305137 395603 299720 387976 304264 394089 303509 392890 303833 394374 305625 395617 300021 388768 301266 390691 301085 390242 302185 390954 303133 392233 300404 388578 306769 398102 307412 396892 305223 394227 302509 391344 305403 395067 304474 393983 304485 394493 274854 355758 304302 395006 301906 390555 
297768 384875 303704 392574 305633 395025 306086 396911 302399 392286 305342 395803 299795 387538 301502 391223 303472 393719 306273 395464 307505 397151 299416 387457 308017 397936 308621 398679 289681 374691 293927 380351 306128 395179 303553 392553 301359 390044 306261 395778 301673 391286 302830 392623 303787 393488 302999 393239 307722 398275 306191 395111 305957 395239 301787 390640 305342 395132 297747 384431 306187 395384 309356 399558 306850 397884 306066 397429 300177 389359 297693 385809 303711 393462 303284 391452 305541 394728 306720 396370 302070 392114 305341 395757 302233 391981 308649 399911 307277 398774 308044 398798 302044 390380 305155 393738 304871 395758 307919 398401 
308804 400667 308377 400776 301863 390668 305791 395431 301189 389552 302614 392426 301431 389593 306516 396909 304798 394159 308650 398656 306887 396194 308080 397302 303539 393364 295496 381923 307086 398649 304267 393857 307250 396031 304490 393844 305339 394202 305672 396310 301371 390858 306539 397152 304311 393586 291569 377754 306667 396438 306374 396298 304440 395121 302978 392476 299468 387925 302530 391925 304911 395649 293346 380229 280316 362236 303484 392720 304805 394148 297485 385824 303888 394431 300394 388298 307777 398137 304587 394817 305700 396809 306939 396243 308887 400139 308399 400710 307784 397280 306784 397225 302294 392009 304573 395517 300634 389613 306345 395223 
307636 397403 305277 395796 307336 397393 297765 385332 308360 400020 304388 393071 311665 404116 304506 394417 304362 394082 300000 388009 296937 384937 307469 399158 279363 361334 302237 392169 308986 401408 306827 397773 304592 394358 308693 398938 305054 394364 279106 360577 307023 398188 307123 398141 305509 395766 307618 397050 301671 391474 307035 397896 308978 400683 303322 392317 305469 394864 307736 397764 306988 398147 303912 393167 303798 392768 306661 396657 306745 396817 308400 400487 309497 399497 311311 401862 307493 399184 307151 398947 310393 401443 308394 398256 308859 398981 310308 402972 304093 393512 306658 396946 306871 398583 305540 395214 299476 388383 310459 401522 
306835 396885 300052 388919 310630 403351 302602 392393 300061 389279 306768 398461 303274 392211 308131 399740 312254 402770 312571 403509 311048 401902 309075 399413 311382 402851 306911 396535 276989 359068 309489 400879 306561 397295 305479 396507 302876 390731 307048 397555 307020 397654 309705 402616 303260 393139 303916 394647 156617 203014 305338 396103 305215 396067 302390 392704 306689 397311 306707 398218 302738 392588 306148 396941 304071 393459 305873 396333 305433 395330 296477 382908 309290 400461 309816 400513 306889 397487 304466 394837 308309 398110 306479 396687 306865 396960 305494 394997 309000 399898 310677 401472 308736 400313 310033 401520 307856 399275 306706 398374 
301592 390175 304156 394035 307175 397454 302921 392521 301590 390809 308394 399924 304346 395156 307667 399045 304627 393257 311868 405135 308996 400132 307082 396970 309558 400349 307586 397097 311151 403770 306281 396748 308911 399486 307654 397137 306664 397064 302653 391782 313019 404536 311663 404326 293330 380131 308889 399236 304201 393599 309339 400445 308904 401440 309239 401430 310435 402729 309619 400900 305279 395308 308358 399084 296230 382907 311689 403586 309362 401364 309813 402008 303871 393814 302672 392087 302508 391096 304720 394851 304014 394150 277551 360292 294909 381991 310484 401590 305947 395621 309835 402078 305013 392867 308091 399014 309294 399813 310158 402572 
308815 401059 305164 394770 304962 393731 307394 398294 308872 400777 305622 395797 307692 399076 301378 390339 308145 399154 310789 402748 308044 397612 311123 402121 309709 400237 305565 394447 310663 402344 309122 399327 305278 395568 296422 383770 306172 397406 307140 397649 304874 393748 311764 402685 306999 397631 311715 402431 312803 404517 306820 396707 312330 403018 312733 405017 299327 388764 307988 397999 305511 395405 303098 392787 307079 397450 308025 397607 308175 399853 308303 400267 307857 398502 309920 402041 308503 399476 305591 396094 311057 402770 308186 398210 308004 399330 308195 398369 313247 404953 301063 389155 309968 400889 310001 400998 310983 401905 310955 401409 
301759 391080 306601 396984 311723 404611 310604 403521 309087 399844 310790 401102 309337 401226 307394 397972 307955 398516 302164 391451 310560 402292 312622 405225 299065 386046 308966 400447 308007 398148 311920 403080 313626 405636 309411 400577 302507 391162 306005 395820 307457 398175 312955 405363 311669 403323 307834 398256 310386 402293 307306 397662 307742 399066 312304 404886 313713 405073 307314 398543 303494 393677 306455 395159 310626 401317 309708 401839 313985 406997 289464 375165 305504 395560 295069 381943 309762 401530 307611 397484 302408 391170 308278 399406 310749 401431 309836 402199 306633 397068 308379 400335 311734 404393 306208 396496 310458 402656 299597 387724 
313617 406640 308075 399461 307315 398188 309796 400249 313205 405233 311686 404241 310024 401047 306875 396987 282804 366093 309962 400127 303518 393519 312391 403320 297756 385190 308142 397921 309924 400489 309901 401475 310204 399795 311537 402519 304507 394283 311836 402982 310932 401539 310760 403223 312293 404279 310781 402250 310655 401115 313549 404631 313778 407686 308346 399614 312677 405391 296594 384176 306780 396153 305293 394020 309717 400994 304667 394879 311690 402490 309177 401299 311015 403668 312848 405809 309313 400635 309429 401248 311587 404114 311912 402863 312397 405151 311402 404067 307716 398879 309644 399989 312596 405279 313560 406561 310535 401871 310587 401792 
306643 395539 284712 367998 310645 401819 306204 397314 315615 409399 310637 402188 304142 394413 311942 403568 310450 401495 308756 399870 298748 387565 310985 403087 307423 398020 306718 397103 157907 205117 312036 403431 314124 405846 310988 403332 310246 401995 310703 401873 303260 392761 312269 403603 308873 400088 310042 401265 313139 404048 303015 392636 310321 401594 310600 401814 309973 401332 309454 400546 310677 401496 310146 401522 312029 403231 309136 401197 311682 402779 282802 367172 314804 406998 311129 402230 308251 399588 314303 407112 297810 385578 304518 395211 303908 393631 305979 397410 312710 404745 301309 390271 311512 403688 313006 404307 302764 392332 313277 406799 
308946 400707 312187 404359 311945 402652 306859 396898 312182 402668 312579 405869 315792 408228 311140 402191 308981 400360 309562 400987 315724 409384 313199 406536 314102 406222 311472 403648 313588 404799 280263 363181 308207 399216 311827 403996 311604 402960 306530 396975 310345 402291 310709 402575 316082 409698 302774 391911 310246 401473 314994 406817 310947 403023 315356 407263 311462 402930 310601 401863 311967 404386 309241 400451 310362 401454 313834 406688 314260 407363 310358 400434 308706 399248 315366 407501 313982 405079 309756 400708 307728 397632 311444 403486 315035 407199 311056 401912 310849 403435 312592 404553 311848 403843 314957 407548 313391 406245 313582 404633 
311159 403288 315294 408951 314611 405550 314261 407657 313535 406399 310050 399690 311989 404414 317735 412435 310407 402605 315051 406846 314292 407732 313454 404778 311127 402014 310322 401363 309628 401389 310677 402348 315731 410196 315404 407605 311947 404675 314781 407932 159902 207338 314675 407490 311425 403162 310627 401169 313886 405685 308945 399241 311706 402356 316466 410893 312481 403992 313873 405086 314280 406656 312504 403346 312965 404971 312055 405018 313601 405803 314578 406920 312293 403783 311594 403093 310582 402544 314546 407343 313977 406285 312893 405371 311689 403170 310556 402714 313439 404828 314694 407248 315776 408457 312306 404435 311623 403188 312772 403515 
311307 403071 311874 403923 313630 405615 299925 388625 316130 409790 309961 401702 313923 405712 311576 403675 286709 370313 316799 409983 314415 407107 314351 407411 287360 372935 312291 405067 312818 404760 317975 411388 317522 412591 313713 406804 315821 409058 315195 408444 314395 405581 314157 405778 314136 405541 307328 396987 308308 398719 317810 412465 317008 409668 313805 406798 312131 403716 311299 403633 307025 397977 313196 405292 311057 402923 312423 403296 311827 403746 315939 407873 307487 397582 308424 398391 312865 404886 318144 411238 313978 407716 304323 393912 314306 404750 317114 411140 307174 397461 313582 406382 314538 408541 315749 409198 309212 400604 313387 406492 
313252 405336 315119 408423 311336 403069 311390 403915 310825 402189 316855 410243 306952 397199 316904 409524 313664 405964 316742 410457 317211 410130 317329 410974 318511 411543 317129 408850 310923 403260 317211 411467 286275 371506 311471 403073 307169 398069 315743 410179 313980 406779 309885 401683 315361 409005 315304 408685 313906 406381 314203 407525 311758 404254 288375 373696 296951 384411 311253 403352 313475 406147 313970 407345 314022 406615 314789 408257 317468 411866 316459 410263 306030 395994 316457 408932 315558 406886 312956 405033 316651 409084 315351 406920 317487 410477 316419 408008 317675 411138 317476 410284 314215 406031 317929 412375 316538 410866 314249 406047 
316287 408614 316503 410640 312454 405142 319494 412582 317119 409328 313081 405401 317273 412007 319349 411775 316411 409308 319391 412769 311863 404145 316896 410167 315641 408254 316067 409746 313238 406646 312213 403234 315361 408467 315723 407696 311628 403007 312984 405969 318620 411598 316587 408896 316370 410857 311950 404157 319608 412794 315273 407790 318697 413329 310356 401439 315787 409114 311445 404139 314621 407529 309789 401419 314159 407122 313945 406590 312852 404895 307791 398506 315997 408189 305550 395614 313467 404860 315557 408127 311983 404236 315116 408117 316376 408858 312474 403578 316224 408631 316856 411405 318844 412321 317850 412286 316612 410753 310955 402562 
316963 411705 315862 409796 312589 404690 313833 406796 304966 394176 315851 408966 319280 413581 308055 399363 313637 406307 317231 409968 313575 407009 311291 403339 314591 407133 313678 405631 315874 409425 316745 410716 313208 405083 309929 400725 317800 410780 309707 401580 316311 409627 319430 414898 318727 411323 316701 410538 316280 410334 315572 408541 320253 414416 312694 405588 320270 414053 316668 409690 313468 406097 313412 405662 319991 414153 318934 414254 317602 412198 314165 407011 314716 407756 312180 403135 318878 413209 314950 407009 311554 403628 319169 413079 314862 406811 318012 412375 313139 404706 316713 410179 311813 404491 313490 405277 311913 403314 320288 415988 
314199 406960 314995 408197 318322 412789 315383 407441 318714 414252 315410 407952 319794 413360 309963 401001 316643 409593 311951 404014 312832 405524 316229 410068 317962 412403 158967 206247 312458 405233 318473 411634 314764 407155 316087 408936 320355 415343 316336 410700 320690 414471 316272 409715 317502 411113 319381 414316 313398 406198 316019 409363 318552 414221 317569 410053 316898 409187 320643 415671 314592 407214 320152 413466 314378 407492 317669 409740 314222 405820 315261 408282 321854 417635 319130 413300 313814 406159 318522 412387 314565 407033 317576 411719 314310 406733 316869 410072 317994 411222 302477 391284 318813 413284 321406 415891 314568 407535 318177 410802 
318885 413424 318763 412032 319596 414090 318537 412295 317097 410736 313262 406130 317729 412594 319305 413276 321103 415753 315411 408149 319009 413392 317595 410479 309421 401126 318492 411963 319905 415498 319283 412292 317042 410633 316229 410093 316803 409966 314844 407409 320804 416163 161911 210053 320156 415800 318367 411175 313621 405326 315293 408366 318153 412110 314890 408064 322078 418276 315084 407113 319137 414353 316789 410521 316098 409381 314820 408467 320024 413221 318235 412323 315229 408940 312584 404846 317563 410855 308095 399797 321870 417352 313851 404853 318343 412796 320029 413642 316925 410129 319988 413293 316982 409497 319937 415570 312674 405187 312940 405304 
317432 410861 316547 410171 314139 406390 317725 410864 318561 412988 314999 407757 318020 411522 317078 410523 320742 415414 315571 407657 320480 414796 321490 414612 318520 411717 310729 402469 320348 413742 317477 411156 321066 416575 318256 410810 315870 409357 319267 413984 320647 413910 317763 411733 315346 408958 314114 407665 319270 414007 320621 415060 317793 412027 319225 412383 313962 406609 321753 417341 314441 406072 316305 410084 320177 413736 321965 416339 314380 406874 315366 409093 316963 409904 320824 416404 319442 413327 321896 416204 322099 416303 319557 412570 313744 406362 319955 413064 322552 416667 317760 410748 318356 412383 318135 412563 317298 410666 309718 401344 
318078 412477 320174 414314 286969 371594 316749 410446 319394 413538 317395 410061 316929 410520 312103 402818 321889 416333 316678 410229 318574 411797 316971 410468 315008 407910 319404 411900 321073 415271 314739 407891 319364 413010 319947 413542 320756 415585 319898 414762 320404 415248 320375 415393 322678 416680 301624 390878 322893 418281 317630 412813 318819 412323 317993 412304 320557 415041 317460 411209 324777 419174 312163 402886 320083 415176 315591 408795 321174 415329 315619 409210 317979 412393 320527 413884 318092 411131 322630 418591 318248 411710 320444 414873 321594 415595 322952 417121 321655 416238 308752 399237 311880 403767 319443 414619 319641 413208 320648 414105 
317859 411118 318246 410836 320105 413658 322347 417773 321628 415383 319775 414332 312696 405914 323395 419970 320176 414224 321282 416817 314784 406551 319823 413846 321254 415047 320761 414281 314945 408031 320484 414664 290358 375239 318502 412829 321292 415585 319753 413166 293072 380174 322578 418042 323082 418840 322955 417366 322222 417441 321500 417095 322413 418426 324843 419316 320998 415312 315723 408446 320373 414437 314091 406863 318388 412238 319495 413210 319178 413192 317667 410293 317035 410397 323679 420468 323577 420365 320821 414736 313343 405697 318332 412379 317879 411781 314041 406291 320236 415635 319513 413722 315053 408090 315911 409934 317622 410264 318767 412233 
318082 412159 320815 415344 292894 377785 321685 416850 318404 412546 316386 409025 323452 417981 324611 421558 319076 412291 322921 419170 322081 416727 324311 418749 319197 413236 324456 419068 322099 417160 317166 411067 320197 416138 318917 414025 320808 414827 323333 417729 318032 411427 320847 413917 322408 416578 319840 413162 317369 410258 322033 417847 319909 415096 324887 419594 318564 411718 317606 411550 317979 412818 322901 419220 319327 413075 323637 419763 323317 417901 289102 374060 318205 411817 316890 410805 320830 415824 321484 414906 321657 414870 317743 410925 325354 422649 320955 416254 323290 417995 317173 409647 288383 373777 324333 419457 321468 416485 320803 415224 
324478 419636 321287 415462 319217 412433 321996 416624 291504 377711 323714 419502 324665 420219 322524 417846 324244 419231 320176 414993 323865 420298 320396 415497 313726 405591 320564 415603 319749 413511 318931 411595 318303 413457 321409 416612 323745 417989 316886 409526 325752 421311 322490 417587 322892 417957 315038 408549 321147 416703 322837 416941 321914 417867 320868 415693 325597 422488 322322 416564 324186 421434 324717 419465 320186 414655 319107 413363 322014 416835 324493 419916 323156 420012 319510 414264 325209 420639 321829 417129 322665 417925 324302 419094 322229 417533 324185 418962 322761 418175 321447 415612 293875 381473 323316 419659 320534 414865 322097 417505 
322101 416085 319086 413963 324133 419051 323222 417960 291757 377880 320559 414803 322106 417302 321125 416360 320170 415006 322468 417779 327148 422361 325561 420869 319312 413900 323691 418320 306805 397286 321717 415703 318985 412693 321079 415725 321453 417472 317559 411673 329049 424831 324731 420594 324101 418679 324667 420911 319296 413350 322600 417695 325119 421641 323456 419135 322475 417695 320809 416186 326699 423759 325811 422986 322523 416463 323848 420687 322926 417913 324081 419957 324700 421020 322610 418088 321730 417779 319702 414621 321201 416670 325808 421517 326410 421918 324943 422138 324453 420004 316522 410199 322548 417944 320512 415183 324133 419624 320624 415880 
321722 416577 308831 399146 319803 414345 324850 419792 319663 413775 324139 420064 314852 408800 322755 418253 323040 418949 325239 420597 324092 419121 324565 419900 325239 421926 323507 419371 321975 415902 316557 408298 317166 411257 323225 418363 320854 416044 323118 417561 326728 423480 321922 417519 325906 422970 321806 417363 316685 409344 323450 417906 323609 419449 324680 419927 318489 412590 320056 414310 323795 420140 323963 418940 327616 424923 324245 418408 317490 411433 327810 424715 323800 419534 322338 417794 315255 408240 325279 421467 324053 419689 326562 423953 324781 419290 327182 422987 317874 412425 319865 413650 325730 421400 324510 421139 324890 421719 319072 412814 
326026 422088 317206 409704 318465 412463 325289 421249 325929 421142 318593 411857 321239 415228 321964 416371 325489 421236 324964 421319 313820 406387 325166 421816 323807 419192 312055 403706 324434 420578 325430 422262 321964 417399 311510 403185 324082 419698 327131 424298 325723 422008 326830 423759 321143 416034 322727 418055 324347 420417 325543 420190 325158 421069 324152 420024 321906 417326 320589 415401 319028 413995 329857 426109 329830 427756 326086 422373 321060 415709 317557 411827 323801 419568 325846 421967 325339 421092 320207 415298 319931 413218 322763 416570 323408 419436 324452 420319 329801 428331 328117 425398 321818 417058 321567 416568 324424 421470 326592 424332 
323848 418541 324103 420226 326135 422305 323476 418741 326983 423394 322588 417675 324995 420522 324408 418836 329506 427525 325662 422168 330124 427318 321644 415606 328101 424333 324093 419908 322681 417718 327656 425643 324514 420565 326662 422831 322847 418623 329147 425146 323969 418722 325986 423131 325246 421939 320700 414038 329234 425213 323494 418926 322918 419072 330748 428063 325630 422178 323914 418738 327878 424634 327961 425537 323320 419822 328492 424755 327614 423918 323464 418859 326102 423545 327711 423600 313692 407440 323274 417608 321608 416257 325797 421515 322192 417782 325720 421951 328463 425856 325589 420425 308449 399805 319374 413964 324730 419654 329782 426760 
331214 428628 321681 417027 322743 417282 325930 421806 328472 425882 329588 427422 325885 421679 324236 419594 327381 424491 324584 419125 326619 421259 330349 429310 325243 421055 322366 418566 327831 423825 324824 419583 323376 418988 326798 423149 322615 418420 324753 420286 323002 417631 322015 417223 326694 422524 318761 411730 328160 425673 321733 416911 326835 423666 328894 426670 324876 421048 322971 418677 328184 425629 332155 430506 318268 411624 329608 427902 323836 419131 328718 425538 319345 414137 328256 425686 329807 426632 322975 417847 325679 421876 325892 420861 326806 423536 328312 424524 322003 416266 329586 426497 330125 426195 323332 418158 328614 426286 329766 426476 
309763 400530 328751 426690 326323 421290 328976 426978 327205 424638 327192 423293 313110 405667 326418 422876 325214 420484 328015 425872 327779 422688 323962 418891 329732 425818 323934 419061 330132 427373 327973 423872 329855 427204 308803 399741 326412 424021 328115 425122 329193 425671 323603 419446 325138 421136 326020 423208 327308 423375 326543 422918 329091 426382 322323 417564 322002 417854 328356 426386 329661 426745 320043 414512 329893 427827 327637 424223 325924 421855 330140 426519 331418 428050 326026 421853 326631 423189 323899 419188 326135 422569 322876 417195 325391 421045 328380 425016 325449 421727 329592 426776 325465 420285 325371 421750 321955 417272 324401 419004 
322602 418521 323279 419822 330310 428726 331824 430554 331873 429440 327624 424306 325784 421165 310595 401747 318122 412568 325514 421473 321764 417025 311551 404385 320697 415281 327050 423834 324435 419967 331294 427831 323735 419805 325862 421482 323480 419846 329016 425524 323806 418539 331611 429983 329664 428276 326491 423497 329344 426925 312087 403839 332641 429646 329367 427340 327899 425230 328989 424657 323610 419705 332324 429387 325607 421980 324535 420074 331784 428613 324691 420987 328058 424200 323199 417975 332587 429474 325964 422020 325536 421957 325031 420811 316106 408469 330034 427748 330372 428666 330872 429769 324206 420668 326889 422787 327873 424611 326592 422530 
331723 429142 329203 427690 328902 425307 323951 418640 329593 427475 326802 423117 331493 428508 329251 426378 324198 419416 327894 423883 325493 421856 328578 425285 330488 428251 329182 425242 324005 419149 325683 421761 329253 425544 331293 430257 333688 431000 333442 430952 324807 421020 320747 414739 331714 430230 329552 426103 328788 426037 323980 419541 327706 424590 331472 429270 327945 424569 330871 426456 327261 423077 298583 385747 327549 424517 324052 419746 329386 426573 326712 423084 327755 424640 329904 427694 331134 428311 328028 425731 331787 429773 326577 422692 328395 424851 330863 428833 332637 430430 332501 429352 329599 426226 328560 425490 324786 419098 327366 422542 
330456 427938 328837 425801 329027 426080 328011 424258 326911 423989 332315 429429 329177 424778 300348 387709 313384 405797 330150 427882 329549 426621 330691 428200 330844 429547 334633 432173 330861 428080 328427 425387 327836 424770 333089 432311 326838 423204 328597 424964 329256 425290 329619 427036 331534 429015 322708 418500 331665 429097 329728 426033 332462 429833 327081 423686 326079 423263 311849 404176 329200 425995 330658 426929 330526 427718 328513 424412 318267 412524 332818 429849 332730 430255 327177 423882 331361 427854 333217 432255 319787 414721 331770 429536 335774 434815 329174 425309 331082 429992 325689 421968 325670 421935 321770 415813 333371 431494 331723 429257 
328327 425716 330698 429220 328675 425776 330263 427021 331250 428733 309688 401128 333862 431390 328654 424476 330975 428429 316696 409241 335678 433837 332492 431424 324003 419637 330908 428149 326861 423410 333645 431666 325883 421814 328126 424021 332084 428531 327244 423883 329569 425984 320167 414431 330269 426909 332082 430868 330340 428059 327695 423425 332518 430659 298852 386770 329512 427070 326548 423073 327207 424395 321546 416638 332182 430528 327541 424632 333566 430700 329177 425357 330808 428483 332949 431781 331688 430240 330474 427338 333294 431873 330356 428770 330629 427049 330483 428052 329248 426832 330505 428289 334089 432413 319865 413152 328670 424849 330346 428976 
332643 429641 325618 422201 328915 426128 333611 433007 324958 421160 323917 419389 333134 432055 330001 426748 334832 435260 329903 426442 331057 428546 329600 426710 333388 431358 327441 423680 334164 431552 332223 430954 328987 425634 327001 423962 329506 424805 326901 422622 333494 431095 331606 429830 329745 426837 323752 419592 332805 432098 321282 416519 332857 430172 333396 430512 322666 417889 332398 431596 329918 426470 326104 422200 328197 425900 328074 424411 331591 428162 331287 427975 328261 423906 333915 431000 297172 384883 333860 431483 328130 425776 331189 428083 334542 432937 329498 427821 326024 422158 331717 430168 330836 428496 325310 420961 333375 432940 329226 426564 
324664 420055 334274 433162 335382 433484 329772 427621 334937 434855 329178 425843 333396 431919 311480 403199 333502 432342 334269 432859 326478 422983 325078 420634 327743 424720 331731 430597 334587 433693 332540 430106 335376 435099 333099 432940 333443 432059 331783 428529 330443 427619 330077 426991 329922 428123 331545 429714 330563 428596 332834 430175 331488 429210 334383 432979 328775 425213 336089 436557 328900 425907 329815 426931 323388 418946 325443 420167 321850 417771 330300 429071 331166 428758 333374 431153 333987 431422 330110 428167 329895 428310 331355 427648 331881 430405 334708 433767 335651 433095 330147 427719 329480 427816 329958 427497 334077 430565 334136 433323 
328826 426244 329269 427779 332331 431049 329055 426448 331634 429293 326993 423783 329409 427018 334020 431374 329772 427615 332621 431742 335109 435132 325384 421068 336665 435433 337072 435776 332928 429992 330827 428622 332611 430631 333151 431576 326997 423549 332993 430412 330085 425546 317893 410460 330916 427598 336582 435799 331060 427448 331876 428847 335606 433451 329242 427355 334563 434229 334484 433670 331889 429283 333001 430237 328076 424153 329832 427176 336298 435760 329667 425395 336921 436635 330075 428192 332725 431082 319551 412436 325465 420750 333019 430635 326697 424130 332175 429291 328903 425539 326935 423777 329895 428363 332739 429866 335268 435332 333437 431432 
332594 429673 336263 434597 333137 431844 329279 427043 334409 432426 334081 432261 334322 432115 335478 434416 330764 428903 332556 431953 333386 431655 331152 427461 332697 430815 303413 391804 335924 434372 328728 426253 334197 433550 329860 427367 331291 429198 333640 432987 329973 427364 330862 428150 337334 438061 337283 435127 170075 220435 334382 431724 333455 432575 331697 430076 333323 432641 332583 429564 329223 426747 331965 428851 326263 423446 335177 434654 334637 433210 335306 435181 330212 427294 334956 432989 330880 429276 333170 430404 333307 431426 331132 428825 331455 429871 331190 428733 295519 382889 331555 428834 336726 435262 333403 432107 334773 432050 330894 428574 
329993 427821 335279 432781 326606 422756 334370 433376 338131 436845 337212 437029 333563 430541 337002 436552 334445 433163 322695 419149 337488 436650 337958 436625 334951 433414 333811 431968 330352 428424 333565 433086 328617 425964 336969 435038 335813 435060 336325 436999 329825 428393 332786 430807 337838 437546 170493 221480 335180 434749 337611 436358 335540 433636 336810 436887 331995 430669 335342 433512 336697 437142 334197 433076 330926 428587 334378 432664 333416 431367 331568 429300 331504 428213 332165 429879 332976 432430 333685 430908 336253 436309 332166 431062 330274 428255 333892 432721 334965 433927 335311 435197 334226 431878 327143 424227 319589 412957 336644 435967 
331730 428677 331358 428684 333543 432441 335809 433866 335561 433349 335435 434350 338708 437098 335239 434328 338808 438755 331197 429305 337582 437415 171387 222194 338510 436656 338389 437192 332300 430039 332514 430099 336471 435337 339159 438254 330086 428177 333427 432433 330170 426842 331734 428699 338269 439266 333924 432925 336052 435597 334903 433526 324266 420064 333614 432155 333018 430943 334505 432072 332627 430987 332152 430249 333348 431913 335039 432260 333107 430438 335834 434390 336067 435574 334143 431720 335730 434938 305835 396841 331436 429543 336820 434487 336180 435036 337258 436437 336442 436027 334648 433291 333530 432134 302474 390989 331522 429878 330952 429717 
331423 429301 330334 427368 337501 437741 333701 431332 336596 435543 335469 434380 337773 438475 334697 433720 320105 412517 333793 433134 337447 435766 332692 431388 335246 434536 328077 425475 339179 439449 339524 440084 339736 440910 338001 437043 335126 434784 332941 430734 338561 438382 337683 436190 330963 429368 336440 435056 338507 437320 336506 434681 319706 414451 332098 429528 339449 438960 328303 424908 337366 436674 334475 433659 338348 439975 334056 432593 333197 432280 338677 439042 337084 436034 337795 437995 336708 436383 340182 441819 335520 433251 331912 428495 337063 437067 333808 432328 331370 429595 334771 433948 337246 437280 335561 434222 331305 428864 337988 436339 
341311 442702 337466 436079 333806 432823 339767 441515 340214 441032 337897 438347 337874 435950 321393 415407 337391 437651 333959 431847 331585 428792 338791 439243 336965 436660 336074 436242 335907 434115 339544 440685 336058 436395 338215 437131 336082 434722 338406 439132 338620 438552 338383 436953 331901 430311 338214 438353 338500 439303 340994 440930 333781 432137 333532 430688 336339 435443 305378 396223 338434 437595 333488 432191 340170 440072 333136 431999 340154 441450 172596 223914 334361 433004 337217 436913 334352 432907 335724 434978 331871 429668 330165 427771 339537 438865 336010 433904 332514 429606 334721 433871 319175 412509 339092 438563 339859 440760 333485 431786 
334498 433092 335921 435788 339759 439096 332782 429866 338006 437574 341963 443033 338122 436634 340503 440312 332302 430442 325995 420609 341665 441179 337845 437690 338675 437844 336044 434319 336080 434736 334853 432944 331192 429148 337649 436742 341084 440728 333729 431286 337603 437114 327915 424351 340003 440206 338048 436794 339432 440887 333905 432709 339874 441410 337811 437471 336409 436638 337613 436432 334513 432484 339316 438968 338318 438148 334161 432563 336369 435397 331643 429689 324613 419058 328546 425195 339746 439781 332504 429148 334989 433380 337258 437037 341083 442720 318955 413706 335256 434261 333816 432866 341466 441077 337566 436213 337145 435625 337914 436469 
341952 442401 335497 434817 342595 441626 334947 433772 337017 436820 335679 434424 335061 434547 337795 437778 333944 433012 337200 436479 330354 427903 337111 435308 338399 438321 335056 434274 341322 441722 337313 436536 340464 440507 339529 440092 339369 440179 335534 435708 334501 432961 338895 437521 329374 426129 339340 439870 342900 443548 335346 434080 334162 432973 337564 436785 342883 444897 335514 434238 338732 438792 339015 438567 337905 436961 343102 443799 306492 395761 340942 439962 338579 439309 338363 437812 336386 435725 340038 441172 332832 430164 338213 436332 342141 442357 338546 437313 331677 429971 341605 443032 340300 439920 334792 434172 332833 429758 336615 436363 
338421 437016 334770 434258 345251 445984 343692 445540 340987 443004 334837 433285 338854 438308 336819 436166 341328 441934 339420 440857 334163 431537 334470 433601 336560 435792 336129 435925 339564 439985 341895 440879 339374 440246 343219 443798 343926 444515 341706 443208 339714 440607 325189 420505 339329 438724 330589 427868 341723 442344 338270 436653 340180 440789 338221 437010 335190 434149 339853 440966 338020 436091 339382 438075 332381 430537 339131 440030 341385 443195 334789 433181 342734 443598 335446 435523 337998 437065 336379 434297 335433 434757 333612 431920 335390 433209 341822 441998 338909 438458 339463 439280 343036 445702 337037 436950 341122 442409 342239 443733 
334851 434226 342277 442237 340367 440072 336876 436132 330691 428010 342539 442535 336057 434505 336640 436643 342795 445261 338785 437544 335871 435128 337682 436685 342705 444607 325881 422769 344443 444532 340658 440445 338094 438270 341524 442616 339874 439245 337732 437591 343748 444346 339746 440474 339785 440171 341994 442489 342842 442308 346201 449372 343342 444612 340686 440232 342493 443481 336699 435972 342887 442688 343202 445097 343437 445666 340830 441853 335367 434965 341815 443478 337199 436975 342128 443298 338825 438402 337738 437617 338804 438218 344907 447277 334980 434492 337510 437202 324165 419462 337188 437153 344464 444878 336199 435643 338809 438611 344077 445960 
174535 226652 343766 445805 342505 444155 344839 446332 344110 445628 340708 439985 336322 435204 317631 410883 340964 441594 341133 441657 341230 440989 337182 437499 337814 438068 338983 439153 345362 446478 333310 431800 340746 441199 344002 445420 342351 444065 338113 439216 342462 442778 341247 440731 343807 446412 342298 443453 343659 445719 341104 441470 340695 439850 343044 443545 342927 443912 338747 436847 339514 440532 339532 440086 341598 443160 344489 445735 335642 434090 341771 443152 342082 442651 344590 444513 342503 442622 302959 392057 342554 444389 339747 440125 339804 440628 333894 432642 326376 422320 309731 401449 343238 444753 339471 440748 340922 441807 342306 442556 
339250 437983 340122 440532 340974 442210 339956 439997 338590 439314 343984 445164 326950 424188 340223 440077 341101 440870 342572 444481 343235 444394 341943 442375 322597 417319 337218 437696 330490 428515 330768 428460 337737 436337 336939 435672 338355 438022 339315 439760 343204 444029 340395 440023 345589 446393 338299 438595 309806 400875 337370 437246 338305 438804 342226 442728 342175 442798 342960 443537 345548 446368 339420 439969 341420 442225 343889 445939 346236 448474 321202 416787 341821 443919 339040 439456 337739 438107 338753 439408 339794 440894 342465 443906 344780 447611 340799 439843 331756 430220 338250 438523 342529 442980 343324 444309 343151 443880 342613 442681 
341676 441621 337312 435788 342336 443435 346214 447445 341155 441885 339145 439136 340668 442196 341008 442062 334153 431768 339136 439859 343676 444189 341702 441277 345316 448413 346992 449775 342443 444382 343237 442697 340769 441730 342703 442899 338647 439137 347057 448683 344242 445129 344280 446704 339944 438992 341648 443011 340576 440809 340930 440281 341353 441651 342988 445364 312555 403593 340866 441625 339573 440232 339266 440118 343658 443737 342564 443611 338692 439192 342502 442520 338803 439327 343065 443418 345742 447446 339146 438210 342584 442476 342335 443200 345440 448254 344469 445245 338817 439255 339841 439835 345716 446784 336193 434511 340320 440777 342341 442816 
341573 443004 344082 445604 340592 441084 340766 440165 346945 447827 336550 435287 345782 448190 341915 442558 343354 444705 345569 446964 343864 444001 344025 444305 337486 436580 341166 441857 345557 448276 346134 446988 347457 450130 344486 444715 337894 437448 338303 436765 176272 228619 342456 444014 345082 446329 343126 444636 341447 441407 346342 449192 309534 401311 343365 445292 338050 437799 343032 444367 340565 441181 346307 446630 343072 443327 347541 449870 345523 448442 333334 431047 339532 439293 338268 437500 347112 448867 338331 438606 342230 443155 343466 443205 344548 446957 346112 447877 343884 445124 345952 447857 345297 447002 344565 445875 338097 437890 341514 442263 
344939 446677 341125 441644 341102 442187 338611 438623 343763 445713 341804 442984 176409 229278 342086 443172 347893 451071 348311 450863 344736 446375 342504 444413 343887 446143 343782 445742 344226 447275 345161 447078 340489 439705 341810 442731 309749 401595 342282 442593 343718 445356 341027 441852 349180 450706 344496 446357 346655 447276 347755 450726 311827 402679 341258 442189 340632 441759 341122 441762 344396 445735 343817 443672 341956 442344 343372 444606 340940 441755 341106 440644 345757 447403 342009 442909 340131 440934 337946 437441 340037 439361 342133 442518 346530 448240 340456 441365 308122 399242 341751 443431 341765 441852 347818 448648 346833 449430 339729 440598 
345798 447759 338209 438068 339889 439468 345857 446406 342573 443293 342088 441944 341581 441474 343640 444791 343937 446625 346995 448057 333299 431975 343755 446029 345765 448462 342545 441983 345723 448767 347290 448662 341618 442161 340686 441395 342671 444016 344367 447040 344724 445701 347142 448286 345257 447055 334078 431974 345016 447571 340508 440792 348586 451382 343807 445905 347461 450368 343825 446144 345514 445903 343558 446127 347433 449720 343104 443235 347983 450847 346188 448256 346325 449383 343814 444448 347176 448733 342647 443082 340527 441663 346313 447893 345239 447482 343205 444104 341359 441796 337109 435530 326311 422754 345949 449214 344029 444688 336634 436267 
350249 453092 343991 443993 347222 449728 350596 452865 347981 449694 346978 448849 349666 454418 326416 422801 342736 444223 348761 450827 311730 403028 349571 453369 349355 451415 347438 449146 344402 447014 342886 443438 344532 447023 348876 450794 344367 446112 341519 442724 348981 452416 342138 442517 348639 452726 345487 447594 345015 446627 346149 447247 340763 439161 348945 452257 341269 441771 342251 443579 345121 447542 341949 442993 347121 449855 347070 448800 346888 448717 344988 446981 344697 444968 345874 447058 347427 448981 347436 449212 346118 448364 347783 448731 342494 444016 347359 450158 345287 445122 344571 446673 348101 451803 344765 446867 342172 443220 341139 442022 
341834 442957 334366 434154 347536 449366 347429 449250 345507 447648 346614 449401 346544 447319 344327 445468 345338 447268 344779 447033 348715 450732 344011 446141 350909 454485 347145 448561 345782 447550 350086 453662 350993 454839 345092 447263 343634 444575 343208 444560 346183 448021 348904 452864 345208 447526 342327 443749 347789 449683 343901 445927 345108 446341 340419 439763 347995 449691 345999 448718 345240 448016 349158 451092 347176 450503 340265 439579 342948 442872 345043 447729 176104 228103 343438 445281 345657 446569 342833 444575 349263 450328 347404 449211 349247 453205 345700 448172 313512 405086 346421 448731 341108 441073 349047 452612 342309 443956 339016 438570 
342666 443467 340059 440989 347298 449678 350056 452994 344065 445384 349008 452739 349952 452957 350021 452475 345155 447120 346466 447899 316815 411263 344791 446655 347414 449155 346746 448269 347738 449088 350965 455264 350231 452654 346741 448826 345208 446560 340794 441225 349743 453372 345672 446700 346125 448855 351370 455596 348108 449655 348205 450574 346285 449123 347177 449785 346011 447403 347233 448850 350797 454535 348108 449978 347157 447766 349605 453269 349264 452612 350044 452063 343751 445731 344071 443806 343728 444289 349143 451726 345512 448232 345152 446250 347651 450887 348006 450790 346244 448420 352015 456885 345991 446312 347169 448497 348126 451125 344336 446295 
350160 453065 344663 446767 345148 446370 348861 450579 349930 452029 346742 448895 350226 453895 346964 450019 348069 451476 342803 442671 344909 446165 345398 447321 345050 446814 347058 450041 351367 454667 348159 450741 346169 448670 344942 446359 346850 448721 347283 449649 343368 444166 344405 446853 345673 448542 346684 449752 344946 446646 343045 443698 340659 440278 347868 449236 342315 443534 344093 444344 343490 445135 339968 441033 349039 451711 344825 447153 340315 440692 346459 448926 346961 448278 352901 457966 349440 451624 346059 447846 346041 448531 349570 453781 349195 451876 341276 440745 350154 454446 317617 412614 337295 437573 348347 451278 344268 446008 343781 446353 
346283 447559 351443 454876 350135 451731 352717 457287 352087 456705 341177 441360 346411 448876 343419 444944 351773 455497 350141 454529 317386 409908 348565 449689 354081 456898 347207 450585 345393 447792 350812 455367 350131 454004 352181 455788 342348 443545 350681 454505 349089 451565 346086 448135 351589 454975 344442 446338 340185 440710 350343 452798 346299 449414 345138 446167 352741 457209 349301 451820 348253 451145 353370 456847 349776 453291 344175 445960 350255 453005 347437 448256 352623 456455 351889 455320 316491 408739 352876 457950 353209 458031 347774 449850 346529 447500 354287 457858 346369 449021 352666 456253 351783 455287 352784 455929 349950 452026 348797 451273 
350964 453631 349293 451928 349338 451959 349170 452919 350152 453493 353315 458265 352182 456663 353512 456724 348526 450884 347230 449048 346977 448945 345720 446963 345154 447690 345305 447049 350943 454158 349536 451775 348268 451392 352995 455880 345607 447422 351992 454361 350278 454036 348972 452084 345681 448489 353368 456873 334115 431687 344958 445258 346871 449677 349203 452670 346954 449071 353718 459095 315651 409453 331404 429338 344932 447621 347085 450659 349732 453187 352266 455315 350030 453544 351802 455982 354571 457812 344715 447124 347768 449974 346471 448998 303348 393638 351210 453969 352957 458092 343863 444809 349371 452630 347798 449784 350645 453786 345566 447447 
347893 451362 350042 452552 345686 448016 348193 451017 349312 453702 334462 433523 350049 453624 345986 446527 352041 454238 351789 454950 352199 454850 347446 449546 351286 454988 351298 455062 343962 445744 347170 450191 350097 452814 346774 449200 351617 454958 347193 450267 353279 456013 348747 451131 350292 454474 348687 450447 351757 456835 353416 455901 356192 460526 355593 460887 330806 427697 178045 231284 349508 451109 351984 455321 349472 452049 347526 448737 350735 454902 352459 456764 348334 450928 350331 453758 350959 454278 354825 458006 347270 450145 346022 448984 352139 457104 353931 459432 351726 454603 351656 455457 348456 451963 346267 448226 346704 450258 350258 453835 
349972 452746 352629 457314 354337 458197 351865 454659 354711 459558 354726 460000 353813 456680 347211 449950 350355 453910 351859 454666 347039 449254 349383 451007 349231 451541 350693 454345 352162 455318 352339 455869 357069 461639 349706 453077 351309 454432 352502 455478 351254 454381 349010 451716 355955 459787 352001 455593 341681 440870 347354 450739 347543 450608 178677 231919 352125 456660 355085 458405 352290 457527 351428 455457 344683 446120 352989 456725 354386 459911 349280 452696 349969 452246 344735 446763 349841 452512 357021 461442 353012 456964 353893 457286 348668 451259 349405 451295 345158 447566 343755 445509 349283 452567 351144 455495 352815 458299 351658 454936 
352847 456261 350264 453578 350978 454164 353807 457679 357096 462503 352752 456452 352008 456098 349504 452441 348554 450623 348646 451409 349361 453429 348693 451696 352362 456770 337765 436728 354739 458444 348302 450845 332974 431651 354891 458652 349090 451308 347506 450764 352285 456319 352922 457012 354695 460106 355892 459251 350342 453322 355947 462292 351141 453526 355578 459475 349669 452964 354636 460310 349507 452176 350099 453860 352303 455682 355708 459958 339401 439080 350906 454545 353168 457335 355127 461041 348971 450667 356311 460138 355231 460505 349382 452661 353692 458431 352688 456527 349427 453362 339454 439484 353617 458434 350967 454265 355669 460170 355347 461433 
353211 456535 348494 451367 342567 444118 349052 451905 350625 453139 355778 461446 350546 454597 351516 455435 349469 454269 344153 445027 353065 456270 351714 456084 354304 460069 355665 459512 350238 453905 356128 462678 353881 457197 349642 452815 353671 458550 353894 458359 350724 453251 352375 455138 351112 455431 356923 460854 350693 453961 353104 456593 353249 457378 353058 455869 353970 456686 353357 457156 351715 456224 349034 452251 354829 459665 353122 456112 351776 456152 351840 455182 353758 457535 351306 455356 357945 463613 349421 453036 349151 452642 355798 462105 356224 461438 350615 454721 353937 459035 346330 447338 353545 457290 350602 454496 344155 445857 356339 462620 
352010 456313 355938 460256 358120 463035 352380 456578 355176 460141 358344 462869 356626 460358 356789 461520 342585 443860 350704 454467 352991 456391 351255 454274 351100 455492 351468 454631 351883 455699 353787 456143 353817 457889 358761 465006 357216 463643 352371 456063 356562 462040 352329 454973 352014 455435 356158 462256 354709 458657 357233 463107 352092 454072 355980 459339 358199 462218 341692 442383 351877 455616 352480 454860 352623 455713 354903 459019 360237 466468 346419 449183 357147 463088 358553 464718 353422 457167 355342 458670 357999 464587 354280 457461 357066 461171 353630 459103 348554 452109 351947 456670 355777 460464 357767 464245 355356 459494 357548 463892 
350382 451747 353159 457421 352644 456485 358956 465799 352621 456848 354410 458114 358236 464293 353359 458068 351033 455067 356854 460567 359535 466355 350105 453364 345349 447101 352943 456225 349142 452155 355356 458421 357200 463089 345294 446557 353618 458057 353865 459465 355743 461431 359574 466553 355709 459195 354829 460202 352283 456328 349842 453913 351450 455427 359042 462855 356206 461754 354759 458616 355757 460408 352363 457522 352821 456615 350851 454306 350794 454420 354704 459742 344101 445350 352981 456736 352289 456075 360058 464601 356916 461658 353847 457170 354434 458690 360054 466001 356297 461594 344041 445153 357001 463527 355506 459657 357060 460931 333196 429922 
356662 462383 355624 460792 351317 455953 359905 464608 356728 461106 358344 465205 354883 460019 324105 418146 355942 461111 355858 461104 353900 457422 356159 460418 356220 460354 355328 461077 358889 465537 353151 457699 340637 442531 356615 461910 353298 457776 355683 459423 356957 461254 353256 456880 351232 455517 359849 465031 356821 460448 347985 451340 358565 463552 356632 462940 354122 458197 358985 463400 358974 465555 354465 458936 350731 454049 357310 463240 346418 448319 351866 455923 350262 452162 355362 459711 355994 459551 356138 459956 357604 462465 358789 466175 359593 466843 350639 454628 352977 457194 354966 458766 355634 462079 355470 459800 357009 461064 359283 464871 
356285 462033 359228 463999 349102 451809 352871 457307 341161 443398 356421 461696 354780 459353 345486 447185 357457 463544 357548 461990 354553 458658 355138 459972 357558 463053 354933 458893 353569 457473 357559 462833 348593 451110 353044 458323 356024 460759 353431 456333 358000 463317 358138 463667 359601 464940 358164 464470 357843 462447 358861 465113 356432 462986 352692 456619 319752 412810 359746 464604 358342 464978 352493 455748 359043 466078 352005 456284 357517 463944 355066 459488 353926 457925 359788 465186 359033 464502 357258 462523 355949 461198 356861 460982 356116 461399 357297 462527 351335 454764 358611 465325 353995 458594 353369 457128 351058 455499 356404 461482 
358689 464103 358955 465102 353645 458129 354007 457811 357775 461758 358950 464519 356180 459716 358230 463510 352388 456253 360295 466719 356504 461573 359215 464440 181778 235764 357177 463370 358781 463470 356265 460787 355919 461678 352733 456800 356543 461067 352753 457829 362181 467883 354162 458770 355058 460007 356269 461194 360825 467041 351446 453848 354069 459246 356894 463040 352233 456425 360111 466190 354823 458781 355405 460990 353494 456441 352997 456399 336332 435602 362752 468384 357667 463532 358475 464295 359042 463983 354378 457377 361013 466606 353200 457202 354875 460564 353760 458714 359595 466025 355110 458260 341773 442222 358880 464327 352676 455476 356823 461924 
356671 461683 355301 459862 355550 460181 357837 464260 362135 468327 359552 465713 355423 459750 337291 436581 360618 465434 355674 460710 354426 457760 361377 467423 359948 466293 353401 458295 353883 459088 358717 464871 355673 460275 182133 236506 347117 448577 356319 459919 358958 465655 359041 466097 351902 456187 355738 460768 361134 469514 361051 468495 360991 468356 360824 466316 347602 450705 360239 465554 356022 460442 348512 450134 357743 462976 355507 459316 358085 463252 354936 459006 363940 469727 358058 463114 354765 460112 356857 462932 358788 465318 355627 461020 357954 463763 361667 467530 338023 438286 358233 463970 359526 466100 355824 461148 361574 467421 356687 462109 
354179 458838 362012 469799 359742 464935 359466 464875 359911 466625 357492 462806 352300 456796 356556 461707 356623 463199 355714 460527 355771 460181 354474 457651 358861 463910 355650 461331 358671 463618 356525 462521 353667 457533 350330 454639 355876 460255 358385 464306 360938 467272 360051 466518 355949 459622 356196 460224 358029 463513 364357 472872 355467 459338 362404 467515 352230 456771 359876 464671 360027 465109 359185 465267 360499 466392 363613 472368 362260 467736 360358 465913 352857 456867 364246 470910 362163 467505 361468 468501 353034 457110 358291 464689 354781 459068 354135 459773 360235 465729 356322 461903 357604 462116 359094 463829 361407 468106 359957 466802 
358899 463549 354461 457436 355521 460866 356025 461471 358378 463807 363982 470150 353691 458564 357208 463444 356431 461986 351077 453713 358623 464210 360296 466349 364911 471711 357740 463137 352949 455969 359034 465746 358892 464346 360672 467059 357481 462622 360822 467653 364685 471752 362634 468835 353289 458026 361283 466148 363109 468391 356272 461139 363182 470404 356651 460566 359242 465098 365321 471414 361309 468270 359140 463435 355408 458034 360187 466169 361328 466058 358531 464882 360649 465754 355468 459443 356761 462408 345330 446427 352014 456909 358303 463972 362878 470216 353971 458994 361799 467938 355821 459961 361961 469662 364412 472903 358866 465603 364409 470154 
360968 465933 360523 467469 358198 464711 359329 465126 361657 469147 356556 462053 362050 469765 357548 462759 354911 459675 361708 469367 362333 470135 359114 463777 358705 463801 365460 472403 363150 471048 361075 468411 356392 461342 352731 457195 357332 461417 361294 469189 363880 469233 360482 465977 360023 467058 364062 470482 362832 468241 364916 472992 355614 459963 363782 469810 354308 459314 357487 462444 364152 471410 363968 470346 360725 467284 356460 462495 360792 466606 357884 463296 364322 471555 359618 466619 356092 460697 359378 464248 355264 459558 182545 236809 356343 461488 358415 464781 363358 470580 359102 464830 361221 467468 364803 471099 356622 461525 361126 468244 
363788 469408 362074 469342 357035 461913 359322 466370 363642 469805 357388 462951 362366 468556 362545 467980 360898 468264 362104 469660 362024 468167 361028 468069 359177 465323 358748 464300 363688 471277 356897 463084 364466 472292 358696 464259 362313 468364 364239 471942 353522 458430 361306 467160 364254 471452 363788 469740 365115 471545 365928 472921 356264 460632 356876 460972 358569 464637 360358 467440 358567 463768 364247 471023 357775 462794 360584 466220 365088 472737 359388 465296 362750 470245 362939 469379 362553 468699 365809 473798 362297 467465 358670 462967 365730 473494 359388 464730 365341 471859 362419 469932 353836 457509 366512 474038 359787 465417 365600 474434 
353237 457709 360720 466223 363879 470166 362487 468322 360183 466113 365373 471832 361746 468963 365021 471687 358347 465080 358850 464510 358085 462343 359291 466097 355485 460519 363116 469221 361697 467702 362221 467774 367297 476249 364734 471181 363230 471351 362447 469155 363077 469426 365944 473474 357732 464056 359049 464963 361473 466933 357014 462795 365971 474980 361821 468363 361075 467682 362637 468484 363285 469708 359179 465902 363818 469986 361310 467115 364185 471351 353687 458299 342300 444174 358327 463949 362099 468037 365570 474387 361467 467475 361547 468205 364147 470889 364646 470715 366549 473924 364112 471791 355668 461017 362668 470065 364795 473199 362143 468591 
362802 469636 360768 466373 359592 465031 364876 472186 364012 471679 361441 467787 362344 469528 366960 474223 360854 466646 363065 470108 362412 470288 357798 463148 364299 470805 360531 465942 361382 468870 368062 475768 366166 472760 361705 468960 360358 467737 367547 474968 349681 453405 361962 469486 364636 472619 358432 463747 361250 467582 358371 463184 357407 463181 365802 472513 363932 470564 362486 468586 346321 447664 363249 469097 361506 466221 360114 465659 366052 474376 357260 463259 359066 465456 365490 471635 354730 458766 362845 470036 360287 467892 364687 470644 360638 466716 362436 468137 360253 466834 348723 451760 364537 471170 363862 471085 365732 472226 359983 465972 
360476 466736 360844 467436 360412 467373 363099 469303 364247 472170 366403 473393 358592 463462 358584 465198 360321 467840 368148 477213 360920 468269 365547 474435 357148 463303 361989 469165 361892 468731 363145 471428 363162 469837 348539 449643 180022 233217 353365 458375 363645 469348 358863 465170 359791 465313 366571 473750 365215 472896 362819 468410 361520 468725 367512 476498 360905 466960 365161 471945 365509 472497 361863 469749 364285 470539 355677 460815 360358 467285 360316 466774 362591 470148 363657 470693 367895 476261 360121 466338 364415 472833 360466 466864 365063 472427 359413 465381 349534 453443 348692 451761 362977 470886 363973 470353 365142 473944 361030 467661 
362772 469712 366197 475010 367841 477216 367354 474773 361264 467345 362592 469905 365091 473046 361863 467983 364836 471060 363695 470033 364317 471660 361860 468153 362812 470703 365218 472543 365157 474118 362292 470526 364886 472852 360735 465649 366541 474326 363048 470374 364894 470913 361693 468735 358541 464934 366516 475434 365452 472850 362582 469991 365673 473366 363092 470368 366939 474172 364360 472875 362336 468578 366268 474634 365805 473376 366768 476240 363774 470559 361940 469995 186064 241460 360948 466260 364601 473043 362546 468300 363415 471361 362537 469270 362752 469254 363344 469800 360098 467570 365536 472311 364802 471355 362399 467629 364466 471840 367637 476509 
366561 474626 361545 468669 368680 476447 365903 473889 363605 469008 368325 476276 366033 474548 363183 469968 361172 468388 368989 477048 361568 469174 358720 464876 361353 466037 360027 466322 361529 468850 360645 466859 363218 470686 357626 462637 367953 476632 365849 474627 360448 467093 359298 464953 369323 476662 368845 478534 362625 469818 365389 471956 357967 464396 366155 474067 367835 476542 366126 473182 354604 459588 365621 473299 367091 476064 360162 466044 360684 466138 363951 471018 368885 478681 369241 479327 369996 478242 363836 469598 366460 473295 370938 481793 367185 476080 361179 467116 355220 458987 368125 475014 365176 472992 360956 467181 367849 475674 369643 478239 
366171 472518 356492 462342 363464 470349 362952 470696 353830 458943 366685 473637 363173 470613 365384 472390 359572 465766 367750 477016 366571 473264 368563 476502 365161 473184 348941 450321 361807 469136 365148 471986 362261 468935 364976 472200 366010 473484 363257 471483 362752 469016 366316 475036 365888 472581 369310 479616 365268 474497 363250 470569 369501 478472 366151 473611 367135 475361 369920 477483 364861 472326 366319 474237 362033 469256 363125 470986 353403 457373 371746 480724 363246 470286 364313 471409 364724 472733 365386 472565 365025 472870 366594 474174 358832 465507 365390 473715 363321 470001 366656 474673 366325 475632 369058 476772 365658 474884 369514 478158 
364508 472194 369016 477918 366380 473544 365910 472176 350209 453233 368245 477318 366709 473717 365823 472966 369157 477182 366475 474342 368637 478258 366442 473600 368977 476495 358631 464124 364039 470213 364492 471764 362995 469603 362735 470375 365935 473864 368193 477505 365787 473535 371478 479612 366310 475725 363013 469025 369217 478863 370001 478836 364349 472625 368980 478544 361917 468460 365870 473413 364993 471892 352940 457716 364047 471166 332237 430347 360733 467010 364926 473084 365674 471939 367406 476862 367993 476461 370358 479082 371403 481785 367342 473869 366696 474603 366716 475939 365286 472676 361537 467729 371166 482026 370587 480024 363764 471356 369085 478891 
364571 472368 359960 466455 365325 472992 359790 465055 364969 471855 368230 475743 370074 478478 362809 469253 365179 473957 365820 471703 371477 480309 365748 473762 368379 476115 365662 472896 367949 477498 370795 481448 368089 475177 364220 472452 367083 475995 365853 473836 360809 465720 362941 470944 365976 474924 365542 472640 368794 477655 362201 468306 334297 434171 364089 471111 367378 476441 359963 466384 363801 470164 368562 477636 367824 475231 358014 462982 371517 478482 366510 475586 364567 471614 361166 466903 361252 467928 367238 475101 371127 480422 360601 467500 368174 478471 370472 480186 365606 472967 372498 481162 367188 474916 368576 477189 367838 475880 370604 478946 
362420 468655 365393 472092 368401 476832 369313 478287 335121 434990 370820 481340 364157 471062 366829 474726 371229 480122 373452 482196 364674 470679 372275 481417 372508 483454 366272 472479 367514 476168 369157 478612 368026 476956 364701 470181 372284 483465 366048 475224 366584 474711 371098 479177 362085 468285 360431 467010 374010 482478 369769 478052 366452 473056 368545 477019 369945 477184 364266 472069 336986 437265 368106 475794 331102 429422 375754 487731 367401 475940 368993 477164 187021 243137 365307 474024 368683 478291 369199 476664 370135 480256 365708 473744 369112 476960 369568 476688 370937 479507 374010 483589 373358 482614 368829 477626 353137 456898 371730 482088 
373528 484639 363830 471682 374584 484547 333591 430303 363172 470281 365761 472940 368996 478292 370420 480238 374540 483822 366955 475310 365603 472364 369900 478655 357894 462784 374589 485811 360369 465988 371162 479764 370525 479955 361746 466749 373787 484606 372718 481628 373600 484395 369005 478834 362742 469772 366118 475237 370646 479267 367017 475404 368379 477127 372053 480905 373158 483217 367598 476797 370171 479321 369995 478385 363303 470593 370840 479855 365407 473200 370543 480766 362211 468651 362318 467616 372813 481087 367429 476109 363659 470891 368218 475571 367498 475752 340389 439734 371891 482015 371909 481723 374139 485445 364082 471670 372426 481926 368266 477210 
374866 485443 374473 485577 365389 473319 370886 480654 369415 477601 374344 484708 368494 475033 371708 481662 374003 482621 371164 479284 373354 482733 370518 479833 368999 476181 365855 473269 368606 477609 366713 473627 349535 452030 371922 480147 367162 475653 369284 477996 370266 479904 372809 482044 371571 479777 366282 474769 370902 478501 369701 479291 374028 483014 371172 480345 188115 244241 368390 476955 372499 483086 370487 479377 370711 479138 365806 473891 365049 472669 370884 481764 372595 481893 373902 484423 370724 480312 371852 479473 366308 472774 364179 472283 376868 486258 359254 466181 374054 482705 369845 480126 369746 479018 372511 481530 359878 467028 370609 480059 
373479 483780 363194 470873 370337 479694 370518 479945 364750 471496 369220 477459 369976 479025 375648 486569 372651 484329 373952 485814 365933 474316 355137 460746 368403 477288 366365 474840 366039 472338 374780 485558 374288 485756 375547 486731 368631 477464 371138 478456 368765 477485 370075 478424 372267 481416 372964 482493 371101 480752 375694 484638 370549 478957 371342 479637 374011 485345 367905 475491 371048 480592 373638 484715 366455 474751 367969 476726 373978 482969 366295 474453 368755 477837 368595 477622 368857 478339 372350 481499 373993 482920 376218 486256 371436 481534 372291 482791 372492 483527 371022 481381 368746 478427 356919 460647 373773 484619 375219 484981 
363101 469908 365975 474132 368326 477159 374809 485394 372284 480443 369795 477627 372528 482258 371890 480961 368180 476723 374798 486127 366082 474150 365392 474363 374133 483074 368884 477354 371020 479953 353557 458143 366233 473954 375724 487141 376596 487633 354744 458281 364546 471849 369265 477817 363766 471320 369939 478711 372757 481093 371607 480636 365163 471155 368916 477500 371840 482240 369599 477862 376286 486217 337116 436455 371076 479808 373385 483337 368373 477385 360101 466480 368553 476322 364406 470351 372878 481369 374812 483984 367561 475904 369189 478524 337418 437020 369830 476531 372960 481953 371206 480374 366435 475076 340053 438764 370380 478355 367395 475043 
370836 480840 373339 481948 370986 480417 371572 480442 374807 484281 361529 467765 368101 476171 376937 488803 369703 479781 373348 483136 368211 476479 377130 489327 371434 480457 374389 484165 370523 478912 375353 487081 375004 485725 369742 477783 366411 473984 361941 469194 363135 471235 375216 484333 375117 486164 373872 485535 374013 483511 375653 484752 374431 486400 369889 478186 375736 487237 376601 487454 369773 478797 377210 487101 364595 472155 377818 488083 372433 481931 373644 483226 376157 487405 377939 488883 375160 484950 188918 244985 371453 479488 376236 488353 370775 480607 362482 470253 375870 485189 372547 482063 370257 478457 375309 486946 373130 482698 372538 483440 
371048 481256 377619 490370 374036 482701 370966 480611 372889 481895 368596 477124 373484 484318 377228 487006 370508 479953 374534 484880 367443 475353 370675 480537 372289 482000 369153 478414 373875 483706 373079 483736 372708 483166 370440 479018 365519 473333 369963 478817 377503 488330 370932 480996 376791 486604 372551 480945 373073 483047 373929 485758 374408 485496 377109 488893 368114 476543 373745 483532 371552 481299 377519 489818 372331 480776 372638 481616 376455 488141 376232 487239 370837 481318 369885 478278 371762 481819 376924 486922 376508 486255 370622 479994 377180 488588 380061 490542 376516 487362 372920 483263 369156 477827 371038 481222 376931 487268 370662 479794 
372301 482892 375595 485040 366395 473197 379126 491931 378349 488810 377049 486557 375711 485512 357913 462894 366092 472375 375524 487864 356939 461619 369535 477801 376921 486370 364233 470053 370511 480656 368930 478055 375137 486237 380922 493863 379108 489851 374734 483832 369205 478746 379184 489775 376831 489261 376150 487146 366541 474309 375513 485424 370815 480047 370874 479340 376400 488922 373647 484731 377337 489075 374026 485172 371380 481332 371706 481263 371531 480095 378391 491354 373443 483564 366029 472475 376971 487379 374874 483345 377125 488210 376883 487195 339723 439056 373349 483843 376337 486751 375322 485117 377152 486855 371069 481379 375097 484550 376988 486874 
370722 480096 376815 488362 369898 478332 374953 484845 376747 487695 375460 486613 378394 490613 380200 492923 376652 487198 343370 443604 374501 485457 362288 467977 377773 488596 379088 492106 369012 477746 371444 480920 376268 487176 377615 490006 374110 484791 367293 476337 361049 467263 377529 488003 372459 483093 376085 486306 379697 490943 370495 479557 374651 484865 374337 485115 373222 482718 378471 490004 372714 482688 376901 488299 377043 488218 373629 483787 340452 439584 377652 490858 372956 483460 375862 487587 373557 483458 374145 485243 374482 484391 376222 487367 370158 478963 374638 486044 377527 487898 372931 482588 370316 479708 361671 466881 357700 463700 372156 481550 
372053 481257 370477 480796 374308 484569 373266 482936 378654 491234 378907 489745 376719 487673 377824 489441 373924 484278 378807 490964 376079 487117 369113 478972 375760 486881 375560 486186 379977 492225 375809 486817 373339 482790 374652 483555 374141 483844 379613 491303 376506 486702 371465 479874 379623 490940 378671 490999 371348 481020 376570 487036 379871 490505 381031 492297 379083 491180 373669 483473 381297 493220 372836 481001 375379 485684 373681 484224 368215 475418 376779 488082 372007 481595 378177 489518 375887 486165 376408 486871 379034 491764 378714 490918 372661 483245 377515 488968 379037 491033 374985 485504 373284 483770 374390 485168 372289 483046 377670 487218 
372663 481854 372717 482737 367645 475863 376907 487179 380952 493750 366443 475186 371199 480844 372214 481235 380097 494229 376693 485773 373462 483447 374355 484502 380704 491430 373607 483920 377573 488848 373711 484527 376102 487493 372531 482239 378428 488906 375941 486763 377627 487772 376092 485176 373065 483558 375979 486868 378450 490775 371564 481038 381625 492938 374287 484250 378822 491072 379223 489544 378260 489578 380939 491972 381882 493909 376589 488052 367950 476157 343656 443338 375254 486668 378697 488905 375182 483620 377652 488166 375748 486475 373491 483156 376503 488743 371364 481273 372886 483161 364524 472382 342003 443258 375487 486612 375590 485668 191558 248675 
369607 478239 375914 486391 380014 490540 375801 487214 362959 470553 382796 494875 378112 489752 379858 491679 372122 481032 373593 484476 378234 488469 379159 491560 379412 492220 379002 490113 381595 495355 367519 475304 373919 483914 373793 482645 373933 483161 381515 494872 376169 487932 378706 491584 377355 489070 375623 484839 378002 490652 372953 482548 382376 493610 377328 489014 378661 490508 377114 488271 376002 486952 373222 483826 373644 484294 380957 493750 372176 482439 373565 484658 381139 494605 380647 493485 376596 486451 375045 485597 373476 484094 379695 490477 377362 488097 375494 486135 377243 488170 378520 491026 375893 487347 379868 492450 357494 462301 377405 488777 
374496 485295 380810 493342 381554 494810 373410 484147 379408 490739 365544 474243 379190 490547 376103 487740 371109 480293 375016 485686 191341 248527 377998 490372 373731 483880 380185 491187 381405 492289 375846 486346 377879 487784 382755 496642 378013 489044 376675 486937 378375 490365 380521 492595 376931 487840 382260 495623 372583 483167 383212 494879 382535 494246 377211 489482 382796 496873 381939 494541 375740 487672 372556 482085 379960 492019 376510 488277 377094 486781 380684 493242 375424 487309 339275 439906 375869 487331 376211 485887 346431 448777 378492 489860 376283 487955 380094 492214 380020 493352 374010 484396 376613 488099 378844 489465 376756 486849 379670 490568 
376242 486456 382614 496104 378529 490515 373941 483847 376318 487204 381404 494616 375231 485341 382999 494524 379210 490209 367108 474801 191725 248551 384345 496436 379711 491859 379178 491372 381462 494439 376575 487781 379510 491062 378993 491961 382958 495355 374599 485973 378743 490184 376320 485915 384119 496622 377308 489048 383567 495178 375980 487437 375445 486461 377746 489009 377767 489490 380671 492131 372735 482885 381313 493194 368748 477233 382281 495742 379900 492623 375527 486753 379942 492219 375369 486391 383906 495452 378328 488461 380342 491109 380791 492832 378924 489499 380661 493207 380509 491848 379693 491945 376133 486538 377267 488724 366224 474228 376153 485986 
380026 490442 380507 491248 380628 491398 377067 487909 383609 498285 377818 489216 375809 486692 377987 488263 380649 492962 367716 476495 194549 252352 370390 479216 382484 494957 382128 493838 377881 489200 382923 495117 376945 488540 377819 489448 376461 488966 374118 484537 340126 440567 379406 491446 377631 487200 377363 488145 381054 492846 375027 486516 379920 492889 382941 495553 383950 496349 380777 491725 380082 491984 376331 488450 191591 248669 379548 490899 382683 495099 377760 489541 383699 494848 376357 487567 374627 485780 371986 481262 380369 491929 376035 486525 383254 497334 382729 496001 375994 487022 352525 456668 376306 487126 380832 492494 378016 490267 381100 492846 
382264 494057 385150 498318 375782 485333 384959 498486 378774 489856 384833 499126 380216 492603 377135 488677 377770 488996 379618 491615 380053 492251 380617 493393 365383 472270 381542 492866 380138 490454 379981 492831 359858 465108 377844 488573 385636 500734 374255 484341 382635 495219 377682 489700 379881 493261 377653 488318 377988 488861 372984 482871 368503 477555 376173 487150 382243 493640 383632 496770 376771 487644 361665 467749 380907 493344 382136 495177 377886 489945 379568 491346 375529 486652 381857 495634 381317 492662 379174 491388 379246 491653 385317 497798 383083 497441 384253 496242 383342 496599 381175 493277 380865 493743 381360 493233 381186 494510 194811 252782 
347565 451619 345349 446736 384093 498273 378143 489933 382914 493690 383454 497480 382491 494021 385111 498745 378949 489999 383424 496385 379521 492114 383709 495268 377360 486962 382032 495065 382012 494478 378546 491431 383988 497771 379131 489115 379063 490607 384036 496771 384300 496418 383730 495662 383007 494327 383631 496051 382608 495816 381698 493024 381332 492285 382580 495905 371403 481899 379451 491274 375291 486361 381370 492734 384492 497988 380722 491945 380973 494436 378163 489923 377413 489257 381366 493478 378942 490827 379792 492431 379888 490865 382621 495905 379934 492467 380697 493682 377269 487214 375482 485023 381647 494224 380152 492257 380586 493473 381397 493977 
380245 492009 378961 489978 381892 492709 382969 497572 382326 493654 382818 494251 381021 493551 377102 488930 384255 497025 372228 482235 383127 497680 380409 492153 386924 500893 372570 482644 378774 490375 380199 492887 380464 491292 386049 498270 382762 494257 381051 493769 387553 500270 386685 500033 382466 494323 382164 493237 384335 497685 380208 492890 373599 484010 380319 492478 381783 494209 386313 498299 380371 493609 383773 496580 379938 490964 383499 495577 385844 498143 380905 494331 382911 494806 379146 491014 380659 493406 377679 489590 361074 468043 385661 498763 381405 493565 384639 498049 195991 254608 377260 487153 384465 497169 341006 440330 387634 502927 371641 480714 
382078 494611 388486 502601 383168 496745 383807 497437 384410 496753 384550 497070 384496 496170 380568 493153 378165 489816 379627 491746 386775 499581 388840 502724 387115 502166 379785 491093 384846 499600 385148 499145 384798 498587 381182 493998 385309 499686 383581 494940 388537 503343 385559 500586 383522 496563 380759 492785 382269 495164 377990 488624 384953 499348 382118 494410 384993 498302 385009 497443 388874 503616 382158 494059 382715 496057 380313 491963 378556 489442 385833 500713 379602 492110 351120 453309 381918 494367 383990 496101 379502 491582 385073 496921 386948 501847 386090 498998 384545 497361 381163 493503 380143 491177 385622 497265 371598 481640 386274 499565 
379377 491920 386682 501120 386896 502373 381384 494228 346472 449384 384191 497798 384235 498672 389208 504546 380501 492901 389911 503866 383339 496349 380263 492393 367077 475726 383860 497579 385366 498830 380579 492053 380217 492727 385856 500496 386000 498996 384080 497304 384454 499188 384426 496508 385522 497722 380814 491196 385412 497488 385226 497815 382730 494646 387561 502553 383169 497256 377522 486919 381833 494945 382213 494737 386559 501469 382854 497537 379221 491416 387487 502584 382338 494736 383811 496906 389510 502993 385051 498117 376225 486487 378596 491028 381298 494627 388617 501871 380892 493995 386092 501199 381618 494090 385811 499190 385978 498699 387969 503388 
387122 501350 386482 498960 380604 492812 384366 498090 381349 493562 381443 492425 386349 499870 379003 490662 381064 493930 383864 497691 378316 490758 382578 494847 383295 496469 348487 449883 380859 492494 387594 501733 385880 500423 386054 499503 381968 494762 381333 494413 385245 497829 379338 488589 382452 495974 380395 492753 385051 496157 381331 493772 381046 492789 384779 498808 382461 495084 389245 504372 383673 497174 390126 506472 389851 505729 382912 496811 385695 497544 382321 494976 385570 500620 382321 494714 388928 503455 381914 494621 387503 501820 389034 502333 380402 493359 377418 490028 381438 493614 381804 494715 379729 491169 384669 496934 387744 503321 386919 500637 
387819 502438 385033 499312 379511 491236 383794 497594 375558 486709 388776 503962 388878 503618 382031 495266 385629 499493 385881 499591 384483 497020 388492 502448 379792 490972 389993 503648 386343 499684 385534 499597 384256 496643 385798 500536 389594 505288 386766 501814 391772 508414 386790 501221 381756 494363 382345 494950 386650 499498 379766 492976 384589 498540 386224 500167 386308 499271 384291 497460 380815 492455 383132 494600 388432 504018 382021 495159 388986 505247 387223 499690 390571 506642 381864 492480 385256 498319 379827 492595 387510 499702 385404 498485 390164 503699 385194 497738 378594 489539 391375 505995 391990 506418 388891 503620 385530 497712 377598 488294 
383284 496331 387566 501942 386169 499640 389431 504926 387430 501744 382426 495615 388839 504119 385672 498701 381099 492420 391929 506603 386351 501601 390632 504666 390418 507050 197727 256403 386298 499474 382634 495311 385780 499903 391068 505978 384194 496398 389193 502157 384324 498066 389652 503100 384840 496404 387634 502265 389534 504901 382388 495695 382079 493860 383056 495111 385258 497674 382585 494724 384066 497383 388642 502327 388419 503512 383897 497319 195938 254721 390212 503511 381149 494276 384208 495999 383033 496289 384542 497436 391418 508471 389320 505293 385555 497237 388740 502603 388786 504474 385345 498617 384235 497209 387782 502636 385954 498270 385261 498842 
387642 501540 385492 498852 390329 505109 383583 497141 384801 497436 391505 507219 389691 503675 389320 505005 383974 498247 387749 500591 390996 504534 385536 499207 386148 500130 390047 506023 383201 495351 390166 504174 387178 501183 385984 501318 384306 497158 388748 502194 392099 506673 387043 501853 386962 499497 387604 500945 390030 505282 391585 505694 384777 498143 385964 501309 389077 502942 392602 507466 388273 502639 390946 507652 390362 505090 381768 494777 385918 500745 384800 498972 381461 493443 387759 502208 388662 502171 378291 489731 387741 503080 387085 499937 383228 496606 387968 502305 372116 481835 383410 495479 386061 499087 386039 498918 383080 494747 389490 503727 
387111 501616 392340 508696 386298 498793 389558 504951 390623 505726 391534 506876 388375 502837 389027 503137 389358 502573 386545 500961 384426 498033 388341 501402 388595 502520 384158 496109 391880 508162 387506 501975 390956 506278 391730 508231 384295 498635 388594 503754 388715 504207 386661 500950 391867 509369 383918 498068 381746 493571 385972 500005 386768 500242 383925 496301 347843 450258 387939 503189 383700 497716 386788 500415 384932 497890 389659 504520 383732 497069 391974 507398 389626 505371 383561 497218 391205 505194 385289 499766 383507 497161 390183 504355 386832 499017 373496 483689 378184 489562 380142 491905 382801 495339 387242 502365 385640 500082 382422 494507 
387556 501440 353095 456439 384467 499023 393268 508111 387941 502296 372676 481773 390651 507165 394390 509596 388770 503520 384355 497801 391835 506374 389143 505586 392277 509886 392513 506632 390659 505683 390895 505773 387550 502973 389434 502927 393867 509984 392677 508954 379983 491732 391658 507757 388756 502884 386321 499308 391053 506973 389227 504611 387117 501606 393156 508204 388449 504346 384254 497864 394359 509576 388702 503455 395146 511045 386259 500640 388733 501718 387471 501998 383085 496242 393489 509884 393687 509132 390314 504472 385529 499498 394331 509612 392274 509409 385653 499227 392896 507376 392683 508385 392460 507745 390569 505502 388731 502808 384363 497392 
388392 503646 389448 504464 391464 507131 389748 504673 388697 503119 385610 499359 387567 502044 387245 501825 389278 503501 392171 506179 392774 509131 381651 494106 388327 503558 389622 502684 394313 508643 391387 505290 389585 503749 394291 508994 381431 494190 384811 497591 394608 511010 384143 497041 388316 503263 386792 500538 393464 510957 390687 506168 386799 500460 381085 493139 389450 504714 395659 511454 392343 508976 374054 485168 395097 512367 391521 507599 391458 505912 391463 507619 386975 502012 393971 509399 390542 505880 387802 501971 391849 506490 385471 499189 390870 504809 390429 506346 393765 508802 384808 499303 394820 510413 392179 507354 386803 500779 387078 500305 
387274 499887 391615 507455 389772 503506 387750 502649 391586 505360 391548 505088 355841 460702 394572 511701 392118 506330 392748 507890 396544 512614 387140 501246 391860 508618 388308 503182 390161 504972 393771 508767 392809 509081 384144 497443 392790 507658 387799 501725 394499 511872 387881 503729 385052 499522 383456 497179 392415 507345 394640 512512 392104 506668 379787 491915 388498 503810 387077 501806 394189 508713 392372 508825 389368 504429 392684 506978 393850 508496 388178 503265 387725 500618 388604 503247 391413 506422 387407 501573 395643 512645 391617 506474 386591 501172 389018 503856 393800 509778 390665 504562 395927 511440 392217 507200 389670 503945 387727 502319 
389927 504893 391986 507992 391108 506064 394362 511895 389518 504641 395265 511885 388819 503499 392746 509350 394975 511662 394784 511664 395371 510708 390176 503125 389553 503499 394461 512188 392559 507940 389577 502798 389680 503759 390793 506288 394932 513456 395287 512612 396675 512969 390158 504849 389765 503556 395245 512690 384997 499083 393868 511217 393014 508237 393580 508748 394191 511383 394238 509360 386596 501694 387566 502469 395178 509888 383598 495492 383579 494652 391672 506750 391161 506609 389576 502891 387442 500453 391718 507545 390988 505411 394812 512427 375944 486515 390319 503885 397055 514996 388876 503251 389446 504636 390430 504189 388354 502738 386956 501902 
395282 510713 392811 508288 394865 512017 385058 497159 359786 465180 393631 509400 388721 503089 396092 512022 372747 483503 395121 510975 394446 509191 382219 495594 390180 505698 391398 507726 395010 512827 392886 508259 389949 505028 384950 497712 387982 500661 393843 511503 388596 503330 391046 505754 392009 507596 394727 509791 395327 513449 393749 510357 199735 259328 390190 505220 393023 507620 395358 512844 392351 507345 394996 510081 393666 509923 389679 504831 390646 505834 393190 510457 381584 493800 387382 501843 391161 507031 387926 502759 372299 481965 388621 502919 392006 506801 355001 460459 396394 512332 389081 504302 393769 508706 388507 502481 391362 505303 393143 507356 
391505 506927 394658 510654 389450 503798 397588 513556 396661 514440 389546 504384 393849 510921 398156 513564 392738 508021 391843 507352 395746 512795 387833 502887 392969 509186 394308 510557 395530 513432 396601 514544 392805 509388 390953 506716 395952 514262 390919 505705 392461 506734 396208 511615 391549 506763 394072 510591 383874 495013 397092 514964 393482 507839 396144 511264 395070 512806 393032 510201 388848 501910 392254 508104 389298 504416 394657 510586 394495 509550 394753 509916 390884 506062 391796 506574 392794 509241 394330 510771 398933 515557 390360 506279 395681 512798 393272 509650 392737 507840 391061 507354 394175 510199 356161 460375 397427 513555 396378 513469 
397499 515725 393158 507927 392919 508521 392700 506747 390669 505567 386708 501499 397784 513820 394973 510676 391375 506018 395014 511389 393471 509994 394459 511524 393772 510511 395049 511057 390928 504737 389829 505187 388455 503442 393005 509194 396198 512127 394835 510709 388254 502124 399314 515908 393275 508744 390135 505969 388756 503765 394786 511237 390195 505616 392254 507342 351986 455774 393003 508132 396699 511999 396850 513012 193459 251461 395656 513452 397260 512243 388899 504098 396256 512591 396960 515274 395925 511848 393227 508434 395896 512143 391433 507729 397677 513214 391925 507306 375597 485816 393064 507755 394429 509513 389676 504534 390253 505062 396937 512706 
393463 509932 397783 514290 392600 508523 397359 515192 393149 509998 394984 512256 389796 505071 396482 513660 391252 506313 393104 509458 388606 502890 394650 511522 398987 515310 396991 512051 388138 502967 394387 510928 394669 510865 395925 512479 388619 502972 397705 515944 395894 512669 388757 503255 386066 500322 395973 512422 394768 509837 393529 508123 393262 509392 400232 516823 399334 515249 394438 510393 387671 502333 385991 499596 355649 460172 398757 515258 394507 510787 399757 518359 385695 499300 391999 506585 392086 507215 396119 512627 396598 512837 396417 514889 394600 511320 392211 506867 391452 508469 398419 514724 393311 508891 389797 503236 392254 506740 399009 514971 
393407 509695 390710 506378 399730 517249 393049 509156 396830 514671 387516 500670 400820 517681 395464 512237 396607 513432 391142 506443 399032 518241 400039 518999 390111 505134 393491 509138 395995 512179 394359 511207 400200 519520 393481 509823 399414 518135 396902 515207 397610 515205 392524 506912 393311 509420 393125 509378 396455 512852 397090 512870 393815 510057 395354 511093 390218 505159 386443 499804 398388 515738 391580 507926 395639 511602 400111 517891 378483 491019 378871 490242 400560 519366 400473 520355 395801 513221 397140 512945 390622 505238 395274 511489 389286 504098 396281 512461 391031 506949 392581 507044 398735 515946 394715 510506 393123 508461 389073 503974 
397963 515077 398483 516522 394912 512200 352430 454322 396780 512583 399803 518787 400027 516125 397434 513335 395218 512161 395429 510670 400948 517309 402648 520480 392863 507835 397800 516146 396113 512751 355867 460576 397660 514922 392930 509667 394462 510423 402532 519874 376236 485668 399345 517126 397716 513498 387465 502235 397793 513681 393939 509258 394667 511372 393686 508784 390814 505222 398627 514805 395568 512161 393727 509360 395178 510631 387200 500573 394128 509621 397246 514006 394600 511291 403132 520250 392368 507948 400363 518572 390831 506279 395394 511002 398310 514904 395160 510755 400225 518467 392294 507474 400143 518710 389007 503914 391288 506333 394506 509325 
398418 516443 400262 517531 400737 517910 400624 520319 397351 515237 398680 515778 397634 513861 402348 519441 391816 507538 395761 512490 395086 511274 395061 510062 389270 503991 201302 261118 402501 519906 400295 518101 392603 507753 395628 512589 400106 518512 395505 512142 376442 488279 398807 516296 390352 505814 201921 262441 398898 516013 396864 512292 389797 505361 397012 514514 393029 508775 391596 506721 390267 505210 397812 513934 398761 517103 397245 515785 398842 514818 402129 519599 400512 518897 394094 510333 394870 510352 398976 515192 400414 517041 394157 510219 400178 517820 399532 517957 399654 517551 396203 511569 401356 518031 396104 511304 396708 512593 400646 518628 
401531 521386 393819 510754 399645 518020 401263 519982 391259 506396 401718 520250 399839 517582 396722 512654 393417 509299 392012 507470 394978 510067 396544 513014 393370 509887 394580 510364 395355 512230 399826 519260 359866 466038 396676 513194 392810 508576 396838 513236 393431 509833 394649 511553 399855 518148 396108 512943 395613 512753 400405 519126 401019 520586 394664 511973 387634 503171 392072 507244 394387 511525 401323 518255 395038 511709 394435 510660 396530 513062 395815 511209 393254 508966 403241 520520 396144 511423 396518 513467 403904 524031 400397 518057 399279 516082 399244 516588 403611 522673 399152 515077 395386 511967 394038 510232 400065 519381 394620 511714 
396527 513640 397634 515174 398111 516314 397521 514468 388497 502928 398336 515168 398097 514253 360021 464080 401844 518476 401227 520780 397662 515036 399754 515984 396541 513740 404246 522168 399742 517557 403346 522117 396241 511288 398269 515951 395662 512374 395842 509879 404152 524465 202225 262683 404686 522583 393091 509500 396613 514351 396661 512605 397597 515500 401014 518317 398052 515303 395447 512701 396516 513726 393871 508831 403526 522871 405370 523758 380828 494472 395675 513136 399286 516564 397680 514971 398113 515148 397734 514091 397696 515537 403877 522464 397060 514771 392966 507078 381679 494191 398760 516944 401236 519201 398709 517197 393630 509801 395317 513220 
405274 526018 398222 515451 403116 522054 393898 510356 403783 522794 396928 515058 403782 524331 378007 490129 395990 511945 402608 519710 392295 507861 405371 523827 396417 514068 403619 522844 399642 516219 387662 502429 396659 513668 397957 513901 401127 520216 394642 511022 400745 518394 401349 519212 399567 516760 404640 524122 401580 518898 400996 517163 404741 522382 401099 519384 403450 521925 397959 514339 402619 520760 397028 513955 399728 515763 401338 518655 403119 521298 402581 522313 403210 520539 399264 516974 399728 516749 393318 508916 398878 516594 402728 520921 401557 519065 388176 501999 403273 522318 395849 512647 394964 511814 401612 519915 402229 520784 400321 516442 
402113 521233 404591 523562 394260 511347 398930 515100 401146 519454 400621 519359 396110 514373 397330 512908 403532 520677 403386 520345 393909 510622 402460 521243 401500 518573 398558 516000 398038 515315 398689 516737 393354 509853 395714 510275 403184 523019 401538 519596 397271 515231 399012 516348 396711 513206 365678 472649 396207 513331 397395 513729 396726 514277 398071 514270 401530 520706 395939 512184 401542 520778 399788 516455 402047 520015 396072 513660 403813 521384 399212 516939 404453 522180 399896 516201 393893 510903 400454 518621 400124 518619 403290 523134 404913 522914 400256 517353 395980 512614 392675 508274 399430 515494 404222 522308 396704 513903 399950 517497 
402816 522884 396336 514408 403305 522709 404087 523751 400271 519038 399043 514468 395383 511688 399684 517485 403219 522810 399405 516736 396972 513239 406550 525279 407165 526654 399653 517290 393191 508477 398430 516004 388329 500709 398294 515659 399275 516599 400718 518725 400610 519826 401683 518953 382813 495248 403725 523548 401962 518742 402945 520024 392494 507836 399723 517832 397649 515534 394916 510795 400800 519864 403148 520985 401043 518140 400342 519435 391818 507643 395030 511258 399205 517305 397904 515794 403458 522080 399082 515038 403552 523388 398299 515886 402608 521042 396939 514165 401908 519931 398003 515678 394302 509698 403164 522347 406428 524824 403813 521282 
398970 516310 403869 521752 397989 515445 403935 522742 402983 521093 400598 519044 401617 521173 406746 528191 398054 515401 399653 516429 401807 520726 398289 514594 400421 518373 382715 495568 402757 520191 405445 526408 400576 518485 404461 523808 398399 516845 401891 518445 398927 517441 405124 526014 399821 516590 404946 524356 404079 522985 399646 517056 406358 524513 407474 528337 403675 521776 396579 513770 404335 522484 393374 508917 381921 493320 402709 522463 402836 522291 400985 518621 392364 508515 399819 517806 380489 493475 403573 520897 404935 523318 399988 518177 403235 522319 400325 517784 401268 517575 404672 522740 393106 509110 403741 522378 401058 518472 404586 524425 
394291 509430 402329 521673 400421 519520 397369 513680 405905 526501 401747 521027 392315 506768 383912 496467 392998 510062 407785 528458 405197 522662 404845 522588 408498 526984 402422 519761 400237 518919 407011 526503 384806 497985 401561 520482 394787 512028 402906 522427 404043 521872 403240 521157 403004 521327 392283 508376 404875 523815 396544 513000 399628 518081 402977 520811 404603 524272 395646 512429 407287 528622 404160 522798 403229 521084 401506 517918 399489 517409 400945 520288 404166 521906 408033 529522 398183 515198 400716 517296 400067 518383 400951 519676 404270 523208 403517 521370 402261 521596 403100 520773 394183 508379 398014 515287 394341 510339 404566 523689 
406021 524364 405966 526218 404974 523732 408170 527443 400422 518399 404138 523888 401237 519302 393165 507814 407819 526736 400301 518561 406037 526363 404269 524610 402127 521823 404602 522678 405791 526217 403982 522701 402419 521757 404260 523623 406071 524409 206728 267926 399373 517775 407241 528088 407772 529104 399453 516554 395349 511496 400864 519414 398813 515731 408798 530191 395709 512653 404383 521805 407703 528711 402201 519816 402862 520313 404664 523876 398278 515618 398100 515651 407688 528926 406120 526162 404654 522581 402922 521942 391313 504882 402048 520452 399323 517888 400854 518870 404176 522813 400670 519185 207372 268992 402090 519242 406324 527152 402322 520791 
386314 500171 407485 527862 408227 529808 388214 502625 407112 526160 405572 525440 406900 526141 405577 526080 404525 522510 402451 520801 406252 525393 399318 516345 406941 526226 405768 524213 409663 529208 407755 527275 400335 518425 407683 528523 395559 511040 407281 527606 403670 522619 390415 504050 400562 518911 404067 523264 409850 531800 406993 527070 407472 527273 403141 522248 408935 529828 409367 529066 398867 515445 406616 527849 400253 518023 406218 527370 408537 528857 403589 521672 410654 529681 401666 520939 405417 524061 408775 528293 398671 517397 399361 517608 402773 521628 403765 520714 407663 526429 408780 530449 401729 520647 400358 519073 400538 518857 399560 517697 
396913 514441 406984 527168 404731 524349 405338 525561 409818 529459 408985 530821 401098 519128 405846 523988 406197 525032 403464 523902 402354 520468 405126 523374 394679 510298 406107 525103 405075 525032 398901 516586 399004 516095 392880 509645 407730 528865 407243 526692 407185 526823 407214 528498 391866 507425 398653 517276 400723 519276 404446 523657 407144 525201 370527 481062 402088 520449 407694 526543 406715 526051 390658 504679 401711 520996 398320 514025 410235 530413 404691 524143 401650 519098 403992 523305 407227 526229 399224 517255 398101 516181 205069 266499 395258 512073 405029 522952 410263 531979 409077 530778 407821 526499 405597 523071 403380 523013 404796 523304 
