588 680 659 806 678 815 722 883 714 859 712 894 658 801 685 820 632 763 721 840 521 646 688 813 748 936 727 867 638 751 666 789 706 872 724 894 687 827 756 918 734 898 717 855 734 901 606 720 738 897 697 829 715 881 546 666 790 982 634 748 620 740 750 916 704 844 735 870 709 839 618 753 744 922 743 903 640 764 720 861 657 810 532 649 716 877 558 680 725 864 716 873 685 813 563 694 769 939 725 853 690 821 703 844 805 989 675 827 716 852 652 759 738 907 690 832 688 843 573 687 735 893 717 849 751 896 655 802 698 842 702 852 709 864 574 700 608 727 558 677 695 823 618 733 650 747 637 750 682 839 700 850 744 887 803 981 714 846 676 796 726 879 691 837 744 890 746 919 734 891 683 807 687 828 645 782 750 929 730 867 752 916 701 820 744 888 651 800 683 815 770 932 701 839 752 905 758 905 701 829 6
1615 1920 1569 1890 1675 2023 1609 1902 1462 1760 1555 1889 1285 1540 1519 1850 1578 1907 1610 1966 1574 1923 1529 1842 1477 1807 1573 1867 1507 1815 1628 1954 1598 1901 1464 1801 1541 1844 1500 1795 1597 1926 1492 1756 1446 1736 1629 1971 1491 1819 1461 1765 1469 1751 1236 1505 1290 1552 1445 1761 1437 1707 1544 1868 1644 1953 1169 1413 1493 1805 1250 1494 1478 1772 1456 1789 1475 1764 1583 1953 1244 1524 1598 1911 1672 1970 1686 2057 1634 1998 1641 1952 1650 2034 1261 1516 1632 1932 1563 1900 1418 1681 1328 1589 1553 1874 1553 1854 1564 1875 1600 1878 1537 1831 1426 1724 1190 1448 1618 1969 1522 1844 1398 1630 1681 1988 1549 1901 1258 1503 1516 1853 1470 1766 1518 1804 1220 1476 1514 1830 1505 1765 1440 1727 1514 1825 1545 1844 1564 1874 1402 1693 1516 1832 1631 2011 1496 1789 1677 2037 1194 1452 1511 1822 1620 1963 1665 2006 1529 1803 1173 1406 1509 1827 1626 1972 1659 2005 1608 1946 1570 1889 1493 1802 1629 1977 1531 1821 1554 1889 1577 1905 1374 1627 1439 1737 1554 1888 1244 1503 0
2396 2891 2193 2610 2341 2829 2371 2847 2460 2963 2516 3014 2532 3010 2357 2765 2335 2760 2349 2826 2451 2982 2491 3019 2321 2788 2414 2928 2365 2825 2240 2655 2333 2775 2400 2904 2290 2810 2329 2790 2372 2792 1922 2283 2438 2927 2501 3033 2372 2859 1765 2100 2301 2725 2397 2851 2403 2825 2349 2821 2393 2914 2404 2892 2328 2802 2464 2996 1908 2301 2435 2896 2220 2670 2355 2776 2272 2685 2337 2836 2236 2643 2289 2769 2074 2456 2458 2976 2303 2769 2186 2598 2321 2733 2328 2785 2428 2963 2386 2894 2541 3038 2290 2704 2209 2632 1917 2306 2426 2960 2463 2993 2487 2981 2367 2856 2318 2751 2341 2812 2362 2855 2188 2600 2531 3081 2395 2868 2434 2954 2470 2975 2290 2723 2367 2848 2453 2925 2340 2863 2311 2727 2477 2973 2480 2984 2225 2586 2449 2915 2403 2963 2371 2847 2453 2922 2309 2769 2473 2941 1891 2287 2143 2510 2357 2830 2336 2806 2435 2856 2419 2910 2433 2928 2416 2910 2332 2823 2539 3069 2317 2778 2381 2871 2369 2849 2305 2751 2261 2689 2404 2905 2304 2715 2214 2643 2471 2973 2345 2859 21
3253 3914 3352 4008 3408 4138 3204 3835 3061 3674 3136 3720 2577 3097 3191 3839 2602 3134 3205 3740 3502 4193 3290 3980 3255 3941 3124 3722 3199 3825 3373 4076 3371 4049 3112 3694 3227 3893 3246 3881 3306 3991 3356 4051 3157 3716 3281 3975 3343 4057 3179 3710 3222 3889 3255 3875 3127 3824 3342 4044 3374 4056 3350 4030 3192 3827 3190 3805 3325 3971 3211 3813 3215 3853 3283 3920 3108 3678 3267 3959 3049 3640 3258 3960 3606 4342 2416 2891 3235 3920 3298 4026 3233 3859 3207 3834 3285 3934 3296 3932 3234 3890 3364 4014 3188 3810 3037 3632 3174 3807 3132 3747 3324 4012 3209 3879 3295 4009 3161 3800 3067 3662 3117 3802 3176 3891 2650 3213 3421 4160 2999 3579 3166 3766 3388 4066 3275 3930 3329 3974 3303 4059 3154 3814 3281 3906 3206 3846 3228 3889 3122 3722 3312 4003 3275 3948 3103 3727 3276 3967 3296 3974 3079 3677 3176 3784 3226 3921 3260 3911 3343 4045 3082 3658 3238 3907 3047 3605 3177 3826 3313 3990 3221 3873 3180 3796 3350 4050 2414 2904 3397 4035 3199 3806 3191 3845 3459 4152 3292 3978 0
4081 4897 4080 4861 4258 5069 4089 4946 3966 4753 4304 5196 4216 5020 3986 4780 4053 4783 3930 4766 4073 4897 4074 4953 4042 4809 3172 3776 3233 3870 4113 4968 4176 5000 4113 4923 4268 5068 4190 4974 4247 5103 4309 5203 4154 4952 4005 4811 4098 4897 3261 3886 3806 4528 3664 4328 4081 4870 3134 3777 3962 4758 4145 4966 3232 3836 4193 5011 4054 4868 4285 5105 3910 4695 3902 4662 4087 4855 3998 4760 4165 4972 4052 4818 3960 4724 4211 5020 4121 4931 3892 4607 4019 4791 3881 4590 4046 4814 3925 4645 4006 4824 4152 4924 4174 4962 3985 4732 4085 4850 4043 4837 3740 4428 3881 4580 3841 4523 4132 4952 4060 4876 4251 5075 3095 3690 4128 4877 4177 4990 4160 4957 3179 3799 4087 4994 4025 4774 4077 4854 4068 4832 4024 4824 4145 4988 4093 4881 3095 3694 4105 4891 4178 5011 3982 4784 4006 4805 4090 4884 4051 4853 4136 4938 4222 5065 4131 4890 4235 5069 3989 4757 4128 4925 4026 4770 3995 4772 3891 4682 3968 4653 4073 4882 3992 4772 3267 3898 3842 4568 4086 4894 4061 4824 3988 4773 3963 4727 4174 5075 0
4954 5891 5079 6041 5022 6002 4400 5237 5081 6057 4964 5892 4974 5930 4814 5762 4865 5754 4768 5686 5201 6236 4922 5853 4978 5928 4827 5710 4810 5740 5096 6107 3594 4303 5118 6074 5095 6097 5077 6111 4895 5838 4812 5814 4904 5826 5130 6139 4954 5902 5176 6162 4973 5922 5020 6038 4896 5778 4780 5709 3747 4478 4780 5692 5163 6199 5074 6044 4918 5847 4741 5616 4991 5880 5122 6117 4906 5886 5261 6256 5039 6056 4891 5821 4915 5777 5148 6155 5171 6212 5086 6087 4912 5875 5043 5964 4989 5991 4705 5673 4676 5610 4762 5725 4941 5843 5127 6177 4775 5641 5037 5963 3869 4610 4897 5829 5094 6145 4580 5450 5074 6110 5124 6160 5003 6008 4803 5717 3818 4553 5061 5973 4981 5997 4799 5696 5127 6088 5034 5974 4933 5860 4993 5910 4771 5680 5131 6108 5201 6271 5179 6247 4984 5981 4859 5805 4687 5576 5070 6058 5130 6118 4958 5961 4923 5850 4809 5756 4989 5953 4713 5606 4820 5725 5122 6098 5034 6049 5069 6092 4830 5792 5054 6072 4535 5398 5299 6404 5135 6104 4889 5835 4992 5986 5078 6064 5008 6015 5125 6095 0
5729 6830 5634 6687 5893 7092 5706 6849 5941 7105 5297 6297 4554 5488 5540 6598 5734 6895 5702 6845 4289 5120 5580 6666 5805 6846 5982 7204 5708 6857 5658 6766 5832 6987 5814 6912 5789 7007 5712 6868 5927 7144 5912 7090 5879 7001 5271 6284 6004 7220 5932 7195 5993 7122 6097 7266 5295 6311 5680 6760 5451 6432 6086 7318 5697 6864 5784 6976 5708 6854 5654 6752 5816 6939 5918 7183 5917 7009 5993 7130 5809 6854 5953 7065 6038 7198 5954 7105 5588 6656 5879 7008 5754 6921 5587 6624 5932 6987 5607 6685 5926 7024 5586 6701 5826 6983 5823 6996 5419 6431 5836 7101 5723 6815 5721 6913 5671 6733 5800 6933 5894 7049 5899 6969 5817 6963 5613 6670 5775 6889 5897 7108 5912 7081 5793 6935 5879 7156 5938 7043 5811 6987 5692 6796 5804 6826 5764 6916 5916 7085 5719 6850 6092 7267 5711 6784 5652 6816 6096 7250 5991 7177 5828 6962 5782 6938 4614 5517 4504 5372 5643 6757 6001 7145 5778 6897 5758 6848 5762 6877 5342 6351 5393 6433 5681 6745 5812 6849 5892 7058 4567 5469 5859 7047 5720 6867 5670 6737 5499 6629 0
6945 8337 5306 6354 6788 8034 6611 7924 6344 7529 5231 6274 6810 8186 6379 7684 6927 8275 6655 8006 6920 8293 6711 8006 6536 7853 6543 7858 6779 8042 5308 6375 6776 8082 6829 8178 6852 8208 6646 7914 6507 7799 6657 7920 5339 6386 6445 7608 6507 7772 6952 8288 6631 7904 6521 7771 6896 8317 6925 8272 6879 8279 6986 8283 6963 8325 6661 7971 6496 7653 6538 7821 6530 7736 6562 7865 6854 8174 6813 8174 6754 7963 6815 8209 6426 7675 6382 7680 7161 8628 6561 7857 6959 8351 6593 7903 6755 8047 7016 8398 6647 7919 7095 8558 6623 7873 6728 8079 6730 8056 6722 8060 6718 8013 6428 7693 6471 7692 6785 8045 5305 6320 6590 7947 6619 8004 6525 7733 6635 7917 6518 7743 6874 8224 7011 8464 6677 7985 6669 7996 6372 7593 6777 8075 6841 8175 6454 7685 6463 7743 6953 8379 6821 8210 6791 8021 6674 7941 6745 8026 6904 8179 6897 8305 6766 8069 7032 8331 6920 8299 6452 7676 6690 8001 7082 8439 6972 8327 6923 8310 6588 7901 6531 7817 6625 8034 6691 8080 6547 7891 6707 8065 6653 7926 6752 8110 6860 8261 6604 7832 163
5865 6961 7526 8959 7650 9186 7731 9252 7501 8952 7165 8514 7661 9138 7659 9174 7627 9101 5897 7017 7508 8968 7605 9119 7768 9253 7942 9529 7721 9165 7473 8960 5832 6894 7494 8987 7357 8784 7551 9032 7400 8884 7650 9094 7342 8764 7362 8821 7613 9139 7533 8971 7482 8896 7608 9079 7555 9014 7591 9128 7752 9189 7533 9001 7639 9110 7533 8883 7760 9235 7283 8700 7612 9138 7780 9281 7541 9050 7702 9192 7737 9258 7172 8504 7808 9300 7631 9049 7399 8754 7197 8625 7824 9387 7660 9163 7596 9011 7486 9021 7270 8689 7238 8642 7571 9045 7692 9101 7104 8410 7805 9331 7639 9137 7773 9256 7328 8677 7381 8724 7411 8885 7427 8832 7490 8939 7570 9082 7737 9205 7866 9457 7358 8757 7814 9351 7404 8892 7584 9056 7568 9002 7808 9306 7648 9120 6044 7220 7846 9370 7582 9104 7529 8949 7477 8993 7663 9219 5911 7057 7620 9074 7454 8905 7287 8710 7259 8585 7724 9119 7640 9120 7491 8932 7349 8788 7702 9223 8013 9556 7268 8608 6033 7212 5874 7001 7551 9007 7407 8820 7862 9305 7413 8824 7727 9238 7625 9096 7490 8964 26
8312 9944 8457 10079 8581 10232 8768 10471 8695 10378 7856 9421 6744 8024 8321 9876 8299 9896 8389 10022 8318 9912 8307 9935 8335 9902 8502 10155 8453 10089 8298 9867 8382 9958 8400 9946 8399 10060 8632 10400 8693 10340 8878 10681 8432 10086 8994 10718 8567 10287 7989 9508 8719 10403 8333 9926 7839 9276 8307 9965 8316 9859 8537 10047 8559 10187 8683 10327 8649 10309 8422 10050 8580 10157 8217 9707 8590 10379 8514 10206 8574 10191 8591 10225 8759 10493 7925 9387 8582 10262 6629 7869 8445 10068 8512 10121 8313 9846 8068 9674 8264 9796 8397 10092 8829 10566 7992 9520 8697 10390 8552 10150 8475 10113 8654 10339 8489 10063 8684 10301 8427 9963 8659 10275 8176 9709 8329 9908 8638 10254 8451 10042 8738 10467 8624 10330 8412 10019 8669 10412 8342 9916 8323 9919 8688 10386 8657 10317 8412 10006 8596 10233 8270 9882 8325 9894 8208 9735 8215 9736 8512 10201 8632 10280 8161 9693 8212 9755 8772 10471 8213 9778 8562 10259 8385 10050 8556 10167 8328 9956 8283 9703 7989 9480 6262 7453 8666 10320 8697 10416 6421 7668 8350 9936 8370 9980 8594 10301 8238 9775 0
9410 11245 9382 11154 9930 11920 9186 10888 9193 10852 9563 11482 9419 11284 9284 11036 9335 11075 9397 11281 9398 11287 8973 10636 9437 11219 9487 11339 9522 11382 9643 11536 8768 10490 9390 11257 9585 11496 7156 8549 9214 11053 9597 11471 9419 11274 7215 8592 9579 11371 9044 10619 9605 11531 9007 10783 9298 10981 9408 11239 8802 10483 9645 11470 9536 11358 9296 11056 9500 11322 9447 11250 9416 11204 9142 10871 9123 10830 9269 11066 9426 11309 9559 11519 9309 11113 8881 10609 9365 11188 9273 11091 9381 11225 7514 8964 9373 11161 9427 11240 8956 10671 9432 11180 9179 10826 9023 10676 9635 11587 9344 11049 9698 11518 9262 10965 9626 11540 9583 11468 9015 10837 9369 11146 8902 10513 9603 11399 9100 10893 9181 10887 9503 11377 9241 10982 9537 11328 9360 11299 9372 11145 9176 10846 9683 11533 9203 11053 9255 10966 9506 11382 8982 10638 9367 11198 9379 11199 9613 11429 9317 11077 9387 11196 9458 11352 9413 11256 9327 11112 9435 11325 9405 11163 9165 10795 9278 11065 8968 10716 8981 10705 9270 11054 9582 11441 9151 10867 9427 11325 9517 11360 9633 11536 9429 11153 9320 11011 7153 8558 138
9919 11804 10491 12484 10021 11858 10481 12462 10333 12248 10406 12420 9756 11597 9856 11799 9804 11675 10369 12377 10125 12163 10329 12284 10178 12205 9702 11604 10189 12133 10450 12498 10038 11926 9941 11885 10039 11992 9956 11906 10221 12243 10283 12300 10110 12003 10358 12392 10451 12437 10452 12477 10214 12205 9919 11707 10257 12248 10144 12041 10373 12399 10253 12174 10336 12302 10050 12021 9703 11386 10157 12185 9959 11818 9618 11493 10229 12183 10349 12356 10227 12266 10252 12177 9830 11623 10070 12052 10137 12130 10117 12113 10199 12139 9964 11830 10731 12682 10141 12067 10269 12271 9869 11743 9838 11667 7969 9456 10050 11980 10483 12536 10041 11929 10292 12172 10615 12647 10209 12193 10279 12306 10446 12503 10331 12358 10179 12093 10581 12718 10353 12494 10465 12582 9727 11511 10614 12650 10528 12538 10402 12370 10056 11953 10445 12438 10002 11904 10425 12473 10146 12031 9961 11777 10330 12253 10086 12050 9494 11219 10283 12262 10501 12563 10432 12480 10359 12314 9687 11547 10126 12066 9947 11758 10314 12287 10104 12087 10309 12378 10362 12481 9971 11953 9946 11920 9999 11864 10191 12107 10230 12293 10204 12251 10320 12195 10435 12435 9928 11822 10
10511 12577 10860 12818 11253 13520 11398 13624 11484 13794 10990 13099 11069 13148 11516 13810 11163 13345 11075 13057 11261 13429 11229 13407 11009 13136 11253 13473 11062 13213 11005 13168 11297 13531 10877 13030 11318 13562 11284 13434 11011 13104 11343 13455 11245 13449 10575 12491 11170 13292 11452 13739 10955 13050 11530 13910 11370 13592 11111 13308 10766 12961 11268 13399 10462 12564 11389 13608 11063 13172 8011 9521 10405 12467 11101 13376 11422 13535 11260 13545 11059 13160 11064 13263 11307 13537 11089 13230 11067 13186 10699 12675 10861 13017 8682 10393 11168 13503 10870 12924 11270 13515 11153 13310 11058 13272 8442 10094 10762 12852 10885 13049 11109 13275 10881 12859 11011 13186 10977 13017 11305 13505 10358 12306 11468 13713 11104 13226 10890 13084 11264 13501 11213 13238 11037 13255 11296 13629 11035 13078 10831 12888 11191 13356 10561 12604 10526 12480 11036 13137 8579 10198 11145 13421 11023 13312 11282 13467 10917 13023 11138 13346 11000 13144 11079 13273 11387 13629 11393 13632 10750 12759 11058 13339 11132 13342 11165 13375 8655 10399 11057 13175 10309 12160 11463 13755 11184 13354 11464 13604 11145 13371 10902 13026 8588 10311 11520 13773 10644 12678 0
11821 14025 11218 13410 12196 14683 12167 14567 11943 14170 11743 13974 12017 14391 11922 14206 12058 14289 11827 14079 11769 14044 11763 14052 12022 14352 11688 13874 12039 14459 12105 14434 12290 14638 9135 10873 11835 14097 11938 14297 11919 14157 11968 14217 11681 13913 12033 14456 12165 14547 11718 13936 11999 14420 11862 14153 11808 14149 11817 14190 11808 14148 11308 13454 11886 14208 12204 14633 12004 14335 12336 14841 12182 14507 12143 14404 11913 14317 12095 14467 11926 14159 12486 14853 12285 14653 11977 14329 11473 13827 12129 14553 11703 13931 12419 14872 12232 14588 12013 14343 11279 13442 12058 14429 11652 13894 9327 11125 12177 14456 11996 14323 11204 13388 12200 14545 12127 14618 12330 14748 11575 13787 11218 13361 12139 14587 11711 13962 12005 14371 11724 13988 12226 14599 11712 13952 12168 14535 11937 14280 11744 13997 12204 14640 11719 14080 11685 13915 12195 14691 12183 14557 12134 14417 12001 14294 11945 14298 12261 14638 11871 14089 12127 14433 12046 14454 12079 14394 11986 14247 11845 14177 11047 13116 12176 14487 11761 14032 11741 13923 11884 14273 11779 14107 9529 11385 12039 14328 11491 13656 11607 13810 11611 13943 11817 14159 12087 14469 11608 13816 197
11978 14188 12885 15426 12785 15245 12827 15257 13043 15582 13026 15566 12996 15475 12480 14973 12310 14578 13114 15755 13053 15612 12934 15488 12946 15363 12837 15285 12690 15105 12602 14994 12740 15248 12785 15248 12822 15351 12736 15179 12672 15113 13471 16107 12688 15041 13017 15451 12792 15356 12788 15350 12831 15277 12769 15234 13048 15649 13358 15932 12535 14902 12458 14853 13015 15635 12400 14772 13045 15506 12874 15327 13076 15685 12969 15453 13348 15841 13296 15964 12966 15516 12122 14375 12797 15200 12863 15339 13010 15542 12347 14722 13265 15937 12348 14744 12439 14805 13046 15510 13188 15758 12705 15216 12926 15489 12937 15455 12756 15240 13241 15880 13035 15598 13418 15983 13210 15786 12800 15309 13159 15740 12892 15395 12595 15055 13324 15903 13011 15450 13052 15511 13171 15740 12578 15079 12828 15389 12390 14804 13005 15499 12950 15347 12595 15031 13117 15609 13074 15681 12983 15505 12816 15270 12974 15504 12414 14687 12689 15090 12259 14631 12624 15157 12708 15102 13416 16053 12972 15504 12971 15564 12760 15301 12924 15411 12673 15161 12666 15140 13067 15560 13014 15636 13003 15535 12982 15475 12754 15050 13079 15604 12860 15346 13369 16014 13002 15371 13485 16117 80
13532 16083 14188 16918 13883 16528 12883 15358 13743 16370 13955 16672 13547 16168 13611 16173 13729 16300 13455 16030 13543 16136 13904 16697 10497 12462 13723 16282 13798 16577 10708 12743 10017 11961 13594 16207 13880 16567 13719 16334 13626 16248 14178 16994 14117 16766 13684 16221 13696 16437 13935 16533 13592 16173 13345 16043 13576 16105 13556 16121 13900 16578 13597 16203 10850 12931 13651 16238 13861 16433 14130 16939 13750 16443 13773 16455 13782 16396 13471 16104 14180 16950 13874 16631 13815 16511 13900 16665 13408 16080 13967 16701 14106 16928 13828 16459 13774 16248 13611 16100 13918 16526 13670 16276 13712 16414 13917 16536 14378 17118 14084 16890 13643 16256 13479 16070 13691 16271 13561 16071 13965 16694 13777 16398 14012 16707 13682 16332 14104 16891 13014 15570 13822 16415 13786 16507 12851 15390 12981 15381 13850 16512 13875 16439 13930 16732 13802 16476 13370 15925 14320 17031 13890 16611 13867 16561 14173 16938 13702 16394 13794 16430 13544 16169 13004 15570 13526 16081 13309 15863 13852 16646 13820 16568 13187 15782 14151 16874 14470 17232 12971 15513 13919 16565 13964 16677 13936 16653 13908 16649 13466 16064 12992 15482 13803 16409 13876 16595 13660 16284 78
14875 17762 14516 17358 14878 17700 14767 17686 14833 17731 14830 17616 14482 17138 14700 17598 14817 17725 14383 17077 11526 13765 14615 17494 14886 17719 14934 17788 14146 16906 14761 17616 14250 16925 11511 13694 14612 17435 14611 17355 14823 17785 14511 17219 14809 17665 14662 17513 14776 17618 14495 17217 14704 17372 14445 17101 14050 16751 15059 18027 14349 17110 14803 17704 14815 17627 14437 17187 14661 17399 14913 17827 13732 16277 14908 17862 14226 16898 14950 17831 14424 17192 14564 17467 14350 17075 14718 17634 15008 17846 14905 17640 14988 17876 14807 17660 14643 17576 14735 17563 14254 16980 14601 17350 14659 17507 14249 16940 14595 17350 14233 16971 14716 17605 14479 17240 14353 17074 14603 17455 13957 16672 14736 17633 14769 17630 14856 17881 14944 17729 14305 17019 14885 17849 14779 17677 14354 17127 14995 17864 15066 18158 14672 17485 14857 17723 14453 17288 14590 17472 15224 18082 14947 17876 14376 17245 14037 16727 14083 16789 14645 17478 14881 17787 14905 17645 13513 16099 14455 17364 14671 17380 14936 17803 14604 17333 14362 17044 14871 17715 14583 17297 14316 17142 15071 18076 14738 17669 14454 17165 14965 17780 15064 17916 14832 17602 14535 17334 13986 16640 90
15517 18417 15434 18300 15935 19053 15920 18984 15628 18504 15420 18284 15054 17989 15405 18374 15272 18081 15759 18911 14998 17926 15217 18159 15433 18452 15393 18420 16042 19116 15391 18317 15984 19041 15492 18492 15358 18351 15758 18837 15956 19028 15743 18751 16207 19382 15221 18110 14371 17124 15947 19031 15931 18986 15937 19110 15130 18035 15623 18830 15420 18354 15733 18766 15300 18204 15743 18685 15567 18552 15401 18291 15294 18163 15075 17969 15718 18633 15352 18316 15788 18932 15481 18482 15287 18192 15563 18621 15562 18565 15257 18207 15649 18662 15701 18839 15742 18709 15518 18621 15971 19053 15618 18454 15580 18612 15848 18909 15331 18179 15658 18582 15472 18350 15544 18541 15426 18303 15537 18469 15725 18719 15979 19047 15336 18204 15087 17975 15844 18908 14944 17879 15527 18474 15471 18351 15177 18019 15197 18086 15514 18350 14991 17803 14886 17748 15290 18249 15442 18385 15601 18641 15493 18328 15942 19035 15730 18970 14752 17575 15386 18384 15708 18738 15737 18838 15938 19020 16074 19099 15608 18662 14758 17507 15681 18691 14770 17566 15478 18437 15415 18354 15917 18936 12148 14421 14769 17557 15849 18936 15491 18416 15197 18040 15418 18297 15465 18382 15692 18762 50
16966 20162 16165 19120 16836 20098 16428 19610 16569 19706 16447 19582 16446 19799 15920 18840 16632 20011 16537 19775 16670 19810 16774 20053 16549 19789 16862 20062 15998 19147 15965 18932 15750 18825 16639 19857 15980 19004 16671 19755 16909 20293 16096 19148 16439 19504 16272 19453 16331 19437 16650 19892 16829 20155 16208 19366 16553 19695 16020 19118 16168 19307 16292 19499 16123 19113 16192 19295 16585 19864 16373 19513 16568 19670 16313 19516 16450 19680 15666 18694 15493 18396 16491 19671 15560 18449 16082 19207 16574 19811 16129 19161 16309 19396 16483 19579 16658 19720 15263 18070 16344 19353 16094 19133 16339 19411 15696 18722 16419 19542 16372 19506 16660 19843 17001 20216 15932 18858 12779 15195 16105 19172 16918 20203 16481 19759 16377 19625 12333 14663 16912 20195 16441 19565 16741 19957 16683 19724 16724 19969 16446 19534 16690 19951 16758 20017 16516 19667 12664 15100 16506 19594 16514 19550 16620 19738 16402 19529 16390 19581 16113 19211 16599 19741 16375 19514 16573 19884 16590 19921 15795 18730 16292 19414 16540 19576 16647 19952 15664 18645 16423 19649 16091 19138 16120 19126 16327 19528 16615 19821 16597 19880 16689 19994 16003 19015 16363 19617 16928 20105 136
17516 20870 17500 20881 17468 20752 16174 19253 17367 20740 16816 19909 17926 21487 17446 20825 13511 16069 18062 21636 16224 19379 17077 20364 16999 20265 16966 20064 17632 21192 16935 20136 17542 20976 17725 20923 17047 20349 17348 20676 17737 21095 17219 20488 17645 21073 17042 20243 17275 20505 17540 20930 16735 19954 17362 20770 17019 20195 17164 20401 17576 21025 17159 20411 17124 20514 13371 15869 17657 21064 17584 20909 17219 20564 17206 20515 17328 20735 17363 20676 17351 20811 17119 20297 17604 21130 17054 20264 17734 21082 17424 20775 17503 20933 16716 19923 17642 21021 17890 21319 17302 20713 17215 20544 17359 20942 17389 20796 17287 20557 17081 20281 17019 20278 17408 20662 17254 20572 17393 20758 17536 20790 16941 20300 17727 21283 17573 20965 17495 20879 17468 20719 17588 20969 17129 20470 17334 20563 17211 20404 17465 20894 17866 21283 17613 21027 17353 20573 17617 21058 17943 21434 17624 21012 17684 21114 17589 20946 17937 21371 17796 21359 16925 20210 17367 20826 17649 21024 17955 21445 16761 20101 17286 20448 17447 20817 17098 20523 17212 20343 17620 21044 16252 19367 17578 20996 17451 20899 16699 19774 16906 20097 17705 21094 17762 21126 16985 20242 17887 21316 112
18640 22230 17582 20890 18089 21440 17549 20888 18008 21473 18160 21634 17916 21172 18631 22332 18351 21945 18147 21493 18411 22015 18297 21837 13218 15780 18616 22214 17640 20894 18365 21787 18629 22212 18206 21578 17536 20740 18093 21450 17467 20793 18752 22240 17625 20933 13837 16465 17948 21480 18606 22189 18756 22314 18618 22213 18375 21691 18584 22033 17729 21199 18158 21772 18561 22099 18272 21698 17993 21445 18263 21784 18065 21527 18086 21510 17701 21044 18215 21781 17900 21347 18176 21676 16817 19957 17781 21191 18250 21717 18316 21974 18496 22030 18275 21750 18457 21848 18222 21594 17912 21282 17997 21421 18336 21701 18408 22014 18422 21912 17755 21153 18613 22161 17821 21267 18448 21863 17499 20853 18329 21827 18262 21660 18564 22124 18357 21965 17620 20939 18679 22180 17735 21144 18317 21787 18779 22371 18323 21782 18243 21719 17354 20543 13225 15753 18439 21902 18419 21907 18019 21449 18431 21930 18193 21698 17790 21209 18327 21823 17740 21208 18224 21634 18283 21749 18162 21686 18382 21943 17842 21346 18548 22102 18158 21659 17728 21069 18581 22229 18455 21937 17814 21122 17508 20920 18417 21872 18410 21869 18699 22237 18657 22184 17864 21161 18879 22405 14047 16770 104
19015 22653 19218 22918 19271 22792 17874 21177 19569 23199 19589 23441 18904 22606 18802 22239 19022 22504 17892 21322 18435 21892 19094 22712 19442 23154 19289 22818 18834 22457 19081 22605 19650 23505 19404 23054 19247 23013 19050 22727 18298 21732 19012 22617 19067 22736 19324 23164 19143 22780 18479 21979 18392 21779 18946 22578 18889 22501 18986 22659 19307 22871 18822 22464 18543 22116 18679 22097 18529 22165 18999 22633 19166 22840 18722 22258 19244 23017 18530 22021 19244 22854 18977 22528 19466 23143 18890 22468 19666 23478 19482 23217 19363 23009 18884 22400 19226 22912 19188 22932 14530 17276 18990 22690 19314 23007 18962 22611 19645 23325 19058 22780 19142 22806 18610 21938 19357 23077 19071 22599 19200 23005 19706 23451 19063 22657 19056 22735 19250 22974 19169 22790 19555 23277 19420 23180 18496 21807 19848 23800 19609 23345 19387 23036 19644 23382 19693 23460 19171 22736 19328 23004 19322 22995 17891 21285 18303 21793 19438 23134 18941 22495 19006 22522 18980 22337 19241 22883 18574 21997 19278 23059 19285 22883 18497 21986 19040 22601 19636 23460 17943 21317 19316 23008 19502 23042 19313 22950 18974 22484 18895 22352 18519 21939 19124 22757 19324 23100 19332 22921 107
20686 24746 20692 24620 19896 23518 19716 23555 19971 23803 19407 23062 20091 23704 19792 23513 19869 23514 20220 23987 20251 23901 19939 23681 20185 23973 19235 22892 19189 22930 19667 23274 20226 24061 19613 23399 20332 24208 20023 23781 19734 23482 19697 23516 20178 23949 20010 23929 19894 23704 20502 24513 14587 17371 19718 23430 20116 24017 20109 23961 20459 24434 20114 23966 20032 23891 19722 23612 20111 23835 20130 23962 20272 24137 19749 23538 19951 23742 20014 23729 19683 23524 20293 24330 19412 23021 15185 18064 20317 24202 19774 23654 19608 23377 19829 23613 20430 24222 19793 23654 20043 23872 20280 24191 19563 23197 15456 18420 19026 22541 20390 24249 20033 23809 20080 23885 19484 23280 19905 23487 19662 23432 19838 23650 20020 23847 19578 23239 20270 24126 20048 23956 19593 23364 20162 24008 19531 23267 20012 23683 20026 23624 20017 23919 20173 23955 19741 23499 19957 23752 19881 23679 20068 23897 19859 23434 20334 24301 19829 23586 20143 23997 20160 24166 19400 23026 19945 23854 19917 23715 19685 23417 20542 24532 19069 22803 20001 23757 20558 24587 19182 22771 19969 23679 19594 23254 20459 24334 19773 23444 19506 23170 19671 23404 20093 24052 19853 23713 19733 23646 126
21578 25599 20607 24513 21388 25605 20578 24516 20967 25049 21211 25110 20638 24497 20553 24414 21408 25419 20177 24113 20099 23904 16014 19040 20629 24594 21156 25292 20108 23790 16134 19258 20896 24854 21114 25275 21103 25069 20945 25067 20462 24300 20549 24277 20735 24573 16095 19161 20590 24462 21004 25036 20816 24749 20885 24990 20572 24443 21416 25495 16196 19254 20785 24789 21032 24784 20946 24990 21177 25164 21092 25150 20000 23805 20560 24514 20029 23809 20767 24701 20872 24971 21302 25636 21395 25524 20917 24942 20962 25147 20832 24768 21191 25306 21453 25651 20401 24291 16083 19088 21177 25173 20876 24880 20707 24397 20816 24581 20683 24616 20966 24968 20436 24227 21242 25157 21048 25236 21343 25380 21311 25484 20757 24785 20913 24890 20656 24676 20685 24620 20398 24291 21275 25299 21037 25065 21319 25436 16191 19225 20809 24836 21025 24939 21510 25794 20429 24243 20624 24583 20878 24925 20385 24112 21033 25106 20947 25007 21319 25336 20399 24222 21002 25195 20465 24489 20803 24814 20791 24665 21056 24991 21085 25093 20947 25038 20862 24898 20247 23976 20709 24698 20459 24249 21260 25239 21307 25403 20813 24949 16061 19103 20571 24488 21212 25237 21237 25392 20906 25108 47
20994 24876 21210 25198 22241 26496 21882 26135 21692 25704 16549 19695 21741 25840 21264 25419 22027 26353 22035 26428 20964 24919 22122 26412 21441 25404 21960 26300 22499 26878 22052 26280 22079 26353 21954 26087 16716 19887 21794 26056 21754 25940 21240 25224 22123 26376 21971 26363 21381 25430 16796 20039 21375 25451 21851 26184 21888 26223 21799 26062 22063 26178 21177 25115 21791 25950 16737 19854 21754 25867 22456 26896 21853 25989 21941 26228 21420 25331 21427 25446 21737 25899 22271 26385 21775 25902 21677 25761 22020 26092 20841 24882 21757 26033 22131 26416 22107 26320 22259 26581 21596 25744 21962 26163 21684 25778 21761 25945 21004 24936 21565 25683 21618 25754 21456 25386 21740 25977 21747 25926 22168 26485 21221 25344 22022 26334 21942 26086 21955 26060 21603 25662 22090 26430 22214 26669 21090 25106 21461 25356 16783 19976 21884 26111 21954 26128 20944 24870 22229 26581 21889 26092 21964 26182 21674 25954 21757 26001 21658 25757 22308 26555 22111 26332 21497 25531 21942 26181 21785 25958 21602 25654 21726 25810 21659 25679 21746 25781 21704 25648 16937 20172 22225 26407 21897 26323 22313 26672 21848 26088 21738 25703 21779 25905 22383 26687 21713 25726 21689 25633 160
22964 27453 23359 28001 22764 26928 22178 26289 22423 26812 22359 26773 22577 26889 22294 26395 22265 26496 21893 26261 22864 27299 22932 27319 21686 25897 22644 26985 22508 26734 22780 27040 22794 27259 23269 27647 23300 27751 21769 25900 22543 26832 22604 26738 22664 27125 22648 27236 23193 27676 23203 27642 22841 27343 23071 27442 23205 27723 22416 26662 23101 27443 22246 26592 22958 27333 23142 27678 22460 26730 22287 26500 23149 27514 21511 25717 17669 21130 22841 27308 22716 26922 21115 25031 22563 26748 21401 25567 22235 26508 22818 27253 23104 27529 23386 28016 23316 27687 21477 25564 22810 27292 17474 20831 22117 26281 22664 26927 22871 27170 21989 26279 23374 27777 22788 27128 22174 26323 22573 26886 22805 27165 22785 27291 22996 27203 21921 26071 22145 26249 22628 27030 22799 27308 23344 27927 23297 27712 21540 25654 22269 26532 23118 27474 22701 27111 21750 25952 22579 26799 22508 26981 21663 25721 22591 26766 22482 26885 22697 27224 22936 27278 22592 26789 21219 25164 23316 27812 22992 27498 22785 27194 23403 27885 22423 26646 22916 27292 22817 27226 22767 27166 22144 26317 22971 27381 22572 26895 22584 26939 22881 27239 22840 27281 22643 26950 23178 27648 23180 27667 159
24252 28966 23360 27841 23831 28377 23672 28336 24041 28680 23111 27424 23561 28153 23734 28396 23740 28263 23769 28312 23863 28328 23797 28378 23868 28453 18000 21445 23731 28369 22975 27460 23852 28561 23503 27897 23538 28197 23617 28207 23561 28130 23238 27521 23753 28406 21870 26024 23545 28173 22852 27225 23485 27977 23341 27982 18305 21842 23932 28512 23556 27896 23939 28395 23642 28063 22722 27110 23842 28373 23902 28522 23646 28179 23852 28548 23376 27841 24595 29614 22901 27388 23686 28227 23895 28512 23064 27568 23402 27822 23699 28356 23549 27898 23743 28313 23823 28406 23189 27661 24093 28754 23874 28399 22994 27308 23454 27891 24102 28746 23548 28008 24256 28737 23581 27933 23542 28194 23166 27658 23949 28636 23889 28369 23814 28464 23086 27531 23413 28011 23487 28186 23646 28099 23615 27875 23288 27742 24135 28693 23534 28124 23668 28043 24241 28899 23902 28648 22586 26935 24148 28682 23429 27949 23089 27364 23789 28469 23018 27370 23415 27919 23967 28601 23735 28157 23227 27708 22419 26828 24007 28719 23776 28306 23659 28223 23715 28291 22926 27298 23568 28113 23253 27580 23767 28387 24202 28883 23712 28060 23833 28189 22556 26899 23454 27829 23339 27762 23354 27818 153
24929 29871 24295 28932 24596 29402 24805 29538 24094 28666 18852 22481 23902 28273 25104 29917 24079 28669 23991 28420 24596 29345 23996 28508 24586 29400 23917 28696 24205 28757 24409 29194 24750 29492 24448 28864 24515 29261 24871 29675 24749 29581 24694 29385 23915 28532 24099 28694 23197 27562 24690 29351 24736 29450 25121 29890 23935 28348 24236 28913 23812 28308 24582 29398 24989 29824 24709 29696 24408 29035 24738 29488 24291 28876 24109 28728 24278 28939 24413 29204 24713 29454 24766 29575 25053 29951 24109 28722 24783 29483 24038 28573 23756 28348 24743 29522 23863 28325 24687 29467 24238 28959 24257 28977 24286 28896 24545 29158 24284 28886 24001 28467 24567 29240 24041 28603 24294 28761 24799 29643 22598 26870 24381 29158 25268 30093 25107 29796 24778 29553 24305 29039 23223 27425 24255 28998 24639 29286 24667 29436 24335 29007 24184 28852 24629 29265 24346 29044 25097 29931 23872 28233 24536 29272 23777 28205 24920 29545 23981 28559 22216 26392 24191 28661 24357 28855 24803 29530 18794 22480 24702 29377 24853 29599 24784 29482 24398 29080 24055 28644 24580 29282 23435 27892 24437 28990 25121 29910 24947 29665 24353 29039 24181 28863 23974 28520 24584 29257 23690 28192 112
25295 29954 24496 29299 23989 28542 25456 30558 25314 30114 25617 30538 24930 29711 25627 30552 25283 30251 25931 30927 25223 30109 24049 28732 25042 29832 26049 31032 25435 30522 25781 30825 25592 30414 25272 30046 25750 30628 25454 30363 25447 30096 25360 30244 26169 31179 24640 29364 25367 30261 24943 29770 25956 30869 25721 30464 25863 30873 25540 30323 24784 29485 25112 29800 25154 30105 25457 30326 24981 29550 19679 23348 25209 30058 25596 30450 25378 30230 26041 31086 25360 30256 25563 30469 24827 29604 25444 30215 25567 30499 25010 29791 25581 30605 25244 29982 19909 23548 26069 31126 25174 29971 24627 29251 26069 31222 25782 30720 25339 30235 25745 30803 25295 30078 25253 30153 25017 29634 25550 30500 24747 29249 24415 29081 25631 30541 25971 30834 24928 29667 25535 30412 25846 30791 25763 30725 24981 29764 26290 31403 25592 30529 24263 28715 25269 30050 25030 29756 25457 30374 24423 28932 25725 30565 24409 29055 25729 30770 25742 30537 24848 29573 25555 30609 24785 29403 24924 29796 25598 30512 25452 30445 26203 31130 25216 30033 25602 30623 26163 31108 25132 30110 25547 30442 25650 30502 24932 29622 24622 29269 19007 22647 24566 29305 25923 30906 25081 29976 25067 29887 186
26216 31396 25761 30632 25170 30049 26354 31414 26708 31877 26611 31690 20313 24096 26012 30927 25950 30887 26531 31522 26150 31201 26108 31258 26448 31506 26281 31243 25995 30964 26478 31648 26749 32001 26327 31548 20435 24334 25569 30443 26510 31437 26344 31444 26351 31326 25157 30032 26942 32038 26326 31395 26467 31489 26468 31527 19993 23769 20035 23963 26277 31393 26406 31592 26440 31637 26668 31935 25912 30948 25891 30822 25928 30876 26336 31265 26341 31602 25822 30799 24632 29256 26549 31641 25821 30563 26168 31029 26426 31661 26118 31280 26505 31562 25618 30562 26036 31066 25499 30410 26148 31039 26388 31535 26927 31960 26455 31489 26181 31150 25725 30582 26366 31550 26338 31513 25495 30368 25133 30002 26435 31614 26133 31276 26196 31185 26477 31729 26671 31963 26006 31012 24915 29560 26796 31821 25775 30696 24111 28836 26048 31061 25635 30626 25828 30746 26270 31149 25769 30523 25760 30583 26571 31791 26041 30849 25391 30164 26358 31439 25022 29746 26728 31810 26896 32137 25568 30525 25893 30935 20083 23944 26159 31163 26320 31398 26599 31764 18951 22563 26692 31816 26520 31657 25816 30854 26151 31104 26204 31285 25514 30586 26096 31266 26637 31788 26577 31701 26167 31161 86
27241 32558 27359 32439 26747 31916 27014 32196 27009 32130 26711 31731 27528 32793 27188 32504 27148 32259 25886 30743 27593 32742 26899 31931 26896 32222 27593 33127 27789 33137 27322 32522 25888 30653 27079 32110 27363 32620 27959 33361 26358 31356 27845 33309 25996 30817 26160 31314 27526 32865 26298 31396 27277 32473 27537 32758 26840 31992 27410 32648 26608 31863 27421 32780 27466 32725 26971 32229 27682 32941 26538 31604 27560 32850 27162 32450 27199 32508 27695 32847 26970 32256 20881 24937 27366 32487 27263 32430 26137 31150 26619 31836 20658 24517 26730 32021 27201 32561 26781 31870 27328 32570 27042 32469 27306 32804 26466 31397 27516 32836 26938 32072 27326 32501 27173 32439 27956 33259 27255 32640 27129 32239 27399 32751 26865 32003 26686 31992 26422 31495 27534 32841 27802 33098 26606 31674 25768 30638 27089 32306 26959 32022 27602 32839 27251 32403 27303 32595 27398 32630 27294 32608 26491 31527 27838 33108 27337 32543 27385 32767 26591 31730 27442 32708 27460 32650 26917 32170 26967 32201 27111 32245 27592 32930 19451 23152 27618 32827 20619 24557 27700 33016 27900 33128 27311 32358 27655 32972 27593 32880 27323 32370 27545 32851 27365 32639 27309 32484 27046 32038 153
28186 33708 27762 32969 28076 33412 27929 33337 28315 33809 28019 33323 28288 33727 27897 33381 28378 33845 28178 33728 28695 34055 27925 33291 27071 32248 28301 33655 27797 33131 28208 33694 27747 33148 28167 33552 27760 33066 27023 32069 28179 33593 27812 33205 28350 33851 28779 34245 26854 31872 28123 33172 28243 33596 27271 32338 28966 34556 27577 32927 28121 33277 28147 33577 28474 34089 28460 33932 28264 33501 28778 34188 27953 33270 28267 33768 28564 33905 28250 33539 21593 25760 28571 33888 28210 33457 26077 31058 28491 34012 27464 32542 27024 32221 28075 33499 28453 33895 27715 32811 27580 32795 28053 33464 28259 33676 28615 34097 27909 33202 28220 33762 27515 32880 26832 31999 28581 33945 28093 33557 28582 34013 28342 33784 28439 33963 28592 34102 28639 34100 28199 33698 27915 33249 26772 31959 27351 32523 28330 33675 27576 32736 28546 33899 27829 33174 28454 33977 27964 33344 27987 33426 27615 32774 27986 33541 27659 32784 27500 32751 28004 33316 27571 32753 28037 33445 28002 33318 27557 32807 27953 33333 26389 31469 28570 34016 27579 32740 28205 33647 28043 33437 27012 32198 27844 33064 27199 32443 28148 33418 28265 33782 27976 33327 28534 33987 28322 33725 28676 33968 160
28890 34259 29332 34968 28940 34476 28676 34244 29113 34781 28703 34241 28710 34095 28229 33528 29346 35156 28751 34253 29363 34949 29703 35506 28964 34514 28908 34353 28787 34416 29067 34736 28679 34186 29197 34797 29985 35582 28779 34246 28848 34213 29754 35369 28903 34546 28862 34472 29801 35507 28686 34016 29440 34939 29150 34507 27719 32747 29388 34947 28972 34538 27852 33025 28860 34289 29011 34513 28639 34001 28716 34247 28555 33919 29629 35322 28499 33996 28519 33942 27981 33276 28984 34442 29337 34968 29092 34697 28762 34282 28570 34033 29099 34742 29626 35228 28949 34574 29211 34914 29353 35111 29540 35033 28144 33406 29314 34742 27857 33386 29170 34768 29868 35660 27612 32834 29572 35252 28802 34371 29369 34961 28881 34356 29055 34489 27300 32297 29167 34757 29205 35077 29796 35486 29162 34751 29428 35037 29181 34764 27676 33132 29268 34823 28566 33989 29448 35049 28621 34159 28425 33995 28924 34554 29031 34310 29559 35136 27702 32980 29059 34573 28228 33569 28417 33821 29108 34459 28593 34225 27538 32553 27693 32817 28650 34197 29320 34788 29540 35113 29103 34716 29360 34841 29534 35237 29703 35361 28774 34240 28716 34215 29088 34667 28903 34580 27850 33167 28770 34317 258
29902 35509 29865 35566 30335 36153 30133 36073 29421 35033 29200 34806 30364 36355 30111 35779 29158 34537 29982 35677 28674 34136 29873 35579 29290 34796 30293 36148 30342 36175 29363 34926 29839 35520 23096 27476 29891 35553 29746 35395 29250 34835 29712 35535 29612 35120 29992 35752 29732 35448 29897 35575 30315 35828 29361 34929 28652 34087 30206 36086 30066 35799 30512 36355 29518 35053 30129 36014 29721 35263 29216 34742 30405 36204 29672 35479 30610 36527 29207 34780 30151 35953 29030 34278 29869 35754 29515 35182 29801 35431 29972 35523 23028 27470 29757 35614 29837 35582 29612 35347 30299 36160 29531 35200 29833 35495 30152 35987 29390 34844 29964 35767 29201 34921 28273 33466 29438 35155 30136 35858 29842 35592 29538 35228 30161 35834 28459 33948 29604 35271 28484 33872 29695 35391 29972 35700 30100 35775 29304 34811 29710 35299 29107 34721 29561 35205 29628 35193 29697 35494 28089 33350 30066 35869 30339 36036 30232 35968 29795 35568 29941 35412 29495 35316 30360 36051 29708 35464 29831 35578 30072 35836 29923 35757 29569 35138 29175 34797 29821 35605 29737 35621 29914 35778 29322 34722 29007 34507 29254 34828 30332 36181 30200 36016 29604 35213 29946 35643 29915 35693 54
30144 35971 30904 36911 30886 36788 30917 36867 30627 36495 30840 36797 30567 36344 31146 37202 30897 36605 29888 35490 28940 34505 30395 36187 31040 36999 29106 34670 30649 36518 31355 37236 31484 37446 30353 35929 31075 37062 29293 34906 30583 36437 31290 36997 30259 36065 29853 35379 30389 36097 30715 36519 29730 35337 30875 36978 30134 35994 30755 36566 30662 36614 31097 37010 31364 37229 31379 37400 30135 35909 30650 36531 30467 36343 30346 36038 30627 36475 30811 36771 31197 37108 30668 36444 30838 36599 30977 36978 31376 37456 30745 36548 30125 35817 30880 36698 30696 36576 30199 35901 30770 36510 30676 36480 31138 36978 30861 36596 31270 37216 30602 36471 30963 36797 31547 37551 30973 36798 29733 35366 29622 35339 31207 37328 29979 35562 30734 36415 31162 37209 23749 28349 31294 37119 31189 37257 30600 36497 23428 27880 30722 36646 30708 36633 30518 36178 29894 35482 30824 36679 29490 35056 30275 35857 29774 35364 28788 34452 30448 36160 31258 37193 31247 37248 31131 37039 31135 37257 29962 35684 31045 36956 31238 37348 30331 35910 30252 35986 30724 36716 30894 36766 30216 35850 30979 36829 31309 37419 30360 36022 30605 36355 30981 36963 29632 35401 30712 36757 31403 37532 287
31139 37033 30834 36674 32009 38085 32434 38673 31425 37554 30719 36446 31446 37439 32237 38325 31479 37275 31804 38023 31899 37932 32012 38168 31606 37506 32275 38338 31905 37946 31645 37800 31630 37849 31449 37225 31753 37707 31032 36961 31446 37274 30960 36673 31118 37003 33018 39399 31393 37474 31358 37267 31940 38233 31229 37016 31543 37576 31541 37573 31587 37723 31802 37767 31397 37475 31900 38168 29801 35460 30958 36704 32354 38425 31924 38052 32280 38303 30361 36309 30397 35997 31884 37877 31849 37855 32226 38514 31608 37591 31174 37132 31965 38168 31896 38033 30854 36672 30973 36917 31103 37143 31611 37735 31187 37084 32367 38642 31722 37856 32065 38002 31814 38018 31431 37354 32523 38663 31457 37542 30322 36289 32108 38433 31745 37817 31608 37544 30578 36341 31487 37210 31208 37063 30003 35702 31416 37546 31452 37405 31979 38246 31429 37592 31633 37474 32088 38301 31175 37127 31971 38179 31650 37802 31723 37716 32027 38157 31817 37792 31205 37153 31933 38075 32305 38456 31852 37960 31782 37771 31720 37675 31254 37382 31558 37601 31874 38000 31719 37771 30889 36872 31474 37335 30376 36098 31607 37796 30665 36324 32572 38893 31562 37484 30955 36824 32173 38345 24317 29016 188
32577 38757 31542 37314 33153 39508 32912 38989 32440 38359 32872 39078 31693 37781 32911 39089 32929 39233 32211 38435 32323 38564 32600 38963 32896 39206 32540 38620 32842 38910 32750 39248 32926 39331 31687 37559 31963 38056 32160 38333 32157 38342 32332 38496 32493 38625 33104 39389 31597 37625 32838 39194 32155 38228 31521 37491 32809 38952 32733 38778 32385 38792 32391 38571 31575 37441 32733 38968 31282 37179 32786 38983 32028 38071 32082 38264 33135 39289 32184 38198 31495 37563 33242 39540 32480 38440 33363 39735 32520 38882 32213 38384 32546 38849 32637 38942 32136 38042 32161 38313 33097 39365 31395 37375 32543 38773 33041 39246 32053 38209 31253 36960 32321 38406 32402 38752 30799 36890 33046 39362 32487 38777 32723 39004 32395 38494 24960 29764 33143 39456 33223 39359 32161 38377 33293 39834 33243 39646 33196 39404 31917 37918 32373 38424 33481 39816 32206 38315 32641 39022 31198 36987 32640 38899 32631 38834 32000 38016 32132 38224 31223 37183 33649 40003 32158 38291 32774 39038 33093 39501 32763 38915 32439 38510 32818 39118 33030 39341 31973 38040 31894 38034 32195 38308 32692 38913 32527 38668 32455 38615 32845 38996 33171 39594 32130 38441 33509 39891 32408 38515 160
32705 38924 33647 40098 33474 39953 33650 40218 34038 40401 33897 40593 32864 39114 34371 40874 33613 40201 32369 38618 32444 38605 31799 37693 33815 40434 33481 39921 33607 40114 33071 39355 33562 39997 33899 40306 34127 40650 33596 39930 33491 40056 33390 39802 34010 40686 33048 39199 31672 37707 32956 39257 33148 39365 33859 40273 33424 39875 33053 39462 33977 40313 33829 40407 32751 38913 33613 39954 33863 40220 34292 40895 31948 38087 33524 39579 33836 40249 33810 40289 33616 39849 33529 40025 33258 39627 32636 39024 33058 39387 32347 38555 34169 40561 33540 39738 33031 39318 33460 39692 33763 40182 33683 40033 32958 39254 33991 40346 32430 38329 33724 40186 33487 39880 32874 39156 33509 40043 33114 39278 33664 39991 33526 39981 33575 39806 32386 38400 33504 39818 34186 40700 33006 39376 33348 39908 33324 39771 33019 39299 32998 39194 32322 38301 33905 40148 33457 39616 33709 40075 33225 39600 33292 39700 33221 39427 33487 39973 33377 39580 33011 39572 34228 40578 34303 40692 34295 40897 32964 39253 33074 39392 33418 39794 32916 39193 33252 39548 33839 40250 33401 39645 32742 38876 32317 38643 33178 39607 32420 38568 33659 39822 33698 39878 34389 40896 33457 39856 33481 39881 158
35245 42225 33978 40499 34289 40726 34109 40443 33931 40253 33555 39987 33775 40172 34194 40618 33914 40280 33331 39567 32487 38603 34506 41079 33564 39965 35003 41572 34802 41428 34103 40560 34611 41299 34412 40882 26632 31663 34182 40701 34723 41392 33322 39810 34747 41475 34713 41318 34722 41453 32883 39000 34848 41381 31728 37703 34672 41474 34373 40996 33986 40369 34266 40720 31772 37789 34595 41075 34144 40651 32506 38752 34718 41259 34355 41024 34604 41278 34871 41498 35206 41927 34562 41344 33456 39962 34074 40492 34031 40504 34400 41099 33307 39516 35337 42221 34847 41594 34690 41415 34022 40554 34143 40774 34228 41013 34460 40999 34531 40901 34766 41392 33463 39761 34542 41062 34855 41665 34450 40933 33411 39801 33821 40238 34177 40713 34108 40495 33887 40183 34689 41440 33673 40061 33774 40055 34180 40890 33192 39559 34022 40375 34141 40689 34495 40943 34462 41076 34354 40937 26325 31448 34707 41472 35020 41840 34358 40999 34689 41119 34942 41628 33908 40556 34013 40597 33906 40448 34579 41312 34656 41210 34577 41183 34466 41140 32009 38084 33507 39826 34804 41521 33934 40303 34656 41412 34710 41326 34299 40864 34544 41007 34198 40553 32447 38661 34233 40582 33646 40218 267
27354 32586 35398 42173 35788 42659 34546 41141 35219 41844 35840 42723 35898 42749 35660 42605 26918 32025 35247 41930 33641 40122 34991 41593 35345 42042 35753 42565 36017 42947 34300 40641 35170 41904 34377 40857 35351 41890 35492 42325 35158 41798 35584 42459 34977 41727 35776 42545 35856 42630 27074 32249 34938 41452 35688 42471 34695 41160 34711 41350 34879 41561 35267 41949 35490 42349 35135 41929 35460 42190 34555 41243 34657 41460 35852 42708 34925 41623 35595 42247 36002 42811 35372 42186 33609 40075 35519 42235 35320 41973 35255 41759 35005 41651 26960 32059 35292 42085 35779 42445 35216 41871 35230 41747 35859 42547 34992 41849 35630 42256 34657 41317 35496 42350 35246 41969 35522 42388 35854 42597 36219 43116 34765 41279 33881 40375 34866 41389 34953 41339 35187 41939 34698 41179 35357 42136 32910 39150 36053 42971 36163 43099 34933 41580 35404 42111 35188 41965 35568 42420 34686 41308 34495 40829 35632 42429 34203 40601 34441 41088 34346 40786 35102 41848 34390 40983 35792 42483 35643 42611 35024 41696 35629 42393 35567 42408 35006 41733 34206 40689 35845 42580 35175 41972 35446 42043 35804 42569 35534 42277 35385 42122 34910 41682 35377 42398 26993 32186 35856 42911 50
36296 43224 35577 42267 36594 43464 35589 42259 36696 43511 36664 43678 36606 43753 36387 43063 36272 43132 36144 43004 35902 42543 36189 43080 35785 42553 36799 43950 36963 43936 36630 43397 36018 42884 36457 43300 34707 41507 35507 42227 26102 31030 36296 43261 35357 42119 35774 42602 36208 43091 36127 42951 35784 42723 35433 42245 35651 42445 35464 42108 36566 43695 36306 43349 36188 43056 34977 41561 36695 43592 36412 43418 36658 43750 36164 43107 36008 43013 36860 43769 36705 43747 26078 31079 35786 42588 35064 41815 36039 42934 27828 33059 36459 43226 36881 43957 35985 42904 36127 42854 36016 42958 36658 43616 36388 43289 34780 41564 35767 42509 36367 43259 36410 43245 35712 42633 35559 42218 36066 42602 32896 39245 35223 42023 36144 42937 36464 43370 36690 43663 35362 42184 37215 44307 35656 42435 35999 42993 35884 42707 36176 43035 36929 43874 36351 43268 36262 43119 35260 41920 36086 42929 35008 41576 35853 42696 34674 41187 36804 43961 35863 43001 36205 43199 36349 43366 35918 42685 36568 43482 35972 42857 34619 41067 36147 43068 36585 43584 35664 42303 35976 42607 35540 42115 35628 42338 35981 42767 36074 42846 35151 41844 33721 40057 36427 43434 36848 43992 35949 42693 317
37697 44899 35129 41589 36418 43390 36857 43841 37192 44443 35552 42129 28118 33351 37340 44434 36836 43757 36171 43020 36747 43699 37446 44625 37533 44559 36017 42919 36816 43868 36292 43127 36536 43411 37150 44112 37063 43988 37498 44674 37631 44873 37348 44377 37447 44540 36550 43428 36259 43151 36460 43178 38032 45136 37520 44533 36795 43727 36800 43434 37386 44449 36647 43318 36598 43602 37124 44108 37119 44215 36194 43083 36279 43068 37652 44733 36895 43937 37052 43901 36767 43537 37314 44398 28158 33431 37125 44309 37021 44079 37801 44901 35331 41972 37182 44145 37657 44894 37159 44306 37457 44595 37024 44152 37939 45142 37603 45042 36909 43946 35223 41920 37159 44232 36917 44005 37544 44731 36541 43440 37574 44821 37060 44256 36886 43809 37335 44437 37347 44340 37212 44350 36903 43965 37859 44963 37015 43919 36648 43363 36472 43137 37174 44055 37578 44731 37102 44138 37698 44947 37064 44028 36923 43973 37051 44146 37617 44801 37090 44136 37287 44187 37796 45026 36610 43548 37460 44558 36193 43074 37344 44436 37308 44613 37444 44823 35920 42657 36668 43603 36848 44080 37387 44491 37651 44842 36955 43924 36705 43754 36400 43414 37650 44899 37550 44678 37111 44250 36689 43662 251
35293 41803 37343 44199 36648 43507 36582 43535 37905 45084 39026 46284 36355 43231 37183 44158 37465 44476 37906 45133 37565 44528 37285 44452 38784 46257 37961 45151 38349 45669 37494 44824 37820 44910 37098 44081 38083 45465 38299 45491 37342 44511 37257 44160 37989 45233 38177 45519 37793 44850 37622 44844 38200 45585 38001 45297 38127 45479 37763 45155 38534 45798 36368 43193 28309 33658 37798 44692 38194 45540 38241 45348 37554 44831 37951 44966 37353 44340 29130 34625 38195 45493 38193 45370 38079 45312 38308 45511 37891 45101 37987 45252 34869 41434 38295 45529 38300 45312 38491 45662 38543 45743 37876 45188 37673 44776 37937 45158 37514 44556 37532 44653 38061 45605 38408 45766 37910 45059 37893 44955 37527 44776 38655 46011 38189 45240 38030 45226 37531 44574 37377 44529 37775 44881 37216 44346 37728 44930 38103 45354 38188 45380 37712 44781 37724 45013 37682 44755 37961 45135 37937 45209 38142 45532 38827 46194 38158 45217 38186 45500 37867 44959 37919 45154 37766 45156 38331 45454 37768 44891 38172 45512 37973 45537 36919 43997 37503 44548 37589 44209 38307 45610 38343 45591 38178 45293 37035 44035 37480 44474 38264 45761 37563 44658 38801 46045 38493 45755 37841 45032 66
39519 46911 39012 46454 38378 45380 38664 45941 38131 45359 39262 46811 38706 46098 38250 45551 39431 46777 38315 45768 37019 44066 38835 46317 38981 46378 38989 46076 39434 46914 36911 44028 39082 46572 38585 45977 38841 46433 39607 47079 38898 46254 38660 45851 37101 43986 39013 46500 38855 46114 39543 47206 38922 46443 38353 45672 39333 46790 39420 46967 39878 47730 38752 46225 39635 47187 39164 46557 38974 46402 37271 44419 36791 43703 39427 46748 39426 47123 39213 46808 38201 45304 39292 46689 38692 46094 38907 46270 38164 45455 38390 45565 39425 46727 38250 45591 38597 45663 38536 45849 39194 46728 38351 45644 39133 46652 39170 46661 38586 46068 38247 45454 38695 46185 38863 46167 38128 45373 39676 47077 37497 44550 39503 46880 39460 47037 39455 46797 38517 45605 38060 45417 38145 45327 39374 46825 38293 45397 39066 46549 38762 46057 38708 46154 37990 45066 38644 46069 38549 45997 39033 46622 39944 47279 39274 46473 39232 46626 38522 45971 39492 46882 37797 45239 38167 45304 38388 45691 39151 46579 39156 46760 39325 46792 38332 45569 36878 43859 39143 46783 29874 35540 38323 45519 38698 45827 39325 46748 39878 47461 38435 45710 38634 46144 38648 45928 38769 46239 38887 46262 320
38115 45441 38185 45364 39228 46627 39437 46880 39251 46620 40310 48017 39369 46573 39058 46431 40383 48154 38236 45310 40255 48120 38445 45799 39674 47275 40442 48153 39449 47125 39275 46807 40105 47702 39225 46703 39822 47327 40064 47564 40544 48197 39736 47066 37136 44039 39675 47201 40099 47780 40058 47524 39996 47387 39931 47622 39567 47092 39339 46712 40470 48012 39985 47540 40026 47588 36841 43878 39396 46826 40467 48028 39748 47114 40554 48332 40514 48129 40322 47959 36834 43846 40094 47596 39861 47247 30277 36086 38781 46084 39048 46602 39740 47310 40395 47976 39320 46694 40136 47682 40084 47531 39305 46598 39080 46415 39577 46858 39980 47550 39644 47105 40279 47970 40376 48070 39975 47731 38728 45886 39502 46815 38813 46081 40139 47834 37874 44858 40420 48263 40187 47761 39269 46765 39714 47241 40520 48426 39623 47249 40125 47841 38398 45620 30812 36781 40540 47988 39599 47076 39820 47259 39876 47327 39775 47330 39794 47313 40852 48717 40316 47919 40625 48344 40277 47857 40541 48302 40338 47922 39573 46997 40171 47565 39644 47314 39275 46420 39514 46916 39786 47197 39171 46626 39788 47515 40482 48290 39715 47238 39779 46955 38828 45951 39623 46963 39862 47449 39943 47395 308
41650 49619 40658 48587 41303 49048 40054 47634 41117 48812 39803 47327 40813 48559 41126 48861 40355 47833 41011 48781 40609 48381 41262 49258 40967 48923 40209 47790 41309 49157 40588 48186 40081 47612 40725 48667 40633 48365 40246 47782 41196 49149 39775 47390 40162 47637 40783 48418 40175 47783 40539 48235 41127 49236 31163 37132 41096 48772 41353 49015 40496 48152 41043 48740 40120 47560 40980 48676 41528 49308 40989 48760 40631 48331 31263 37283 39888 47428 40053 47603 40955 48794 40380 48098 40853 48599 41244 49114 40730 48335 41214 49181 40591 48240 40545 48111 40522 48370 41068 48710 41387 49341 39065 46433 41341 49117 39420 46793 40443 48159 39661 47144 40429 48300 40600 48348 40952 48621 40701 48751 40518 48058 41110 49084 41211 49262 30979 36786 40618 48437 40819 48563 41115 48945 39995 47448 40644 48174 40158 47841 41121 48797 40701 48204 40442 47998 39498 46992 39694 47234 39040 46643 39435 46739 40511 48343 38805 46155 40616 48397 41304 49064 40081 47549 39874 47363 40559 48356 40872 48669 40430 48122 39188 46693 38199 45566 41615 49650 40144 47545 40912 48515 39929 47443 40659 48380 39952 47453 41578 49240 39929 47719 38585 45952 40513 48279 40441 48198 40674 48534 167
41815 49737 41092 48969 40830 48417 42286 50260 40515 48325 40480 48079 41422 48996 41023 48767 41903 49876 42260 50293 42022 50022 41662 49726 42510 50622 42228 50176 41727 49815 41066 49042 42282 50072 42189 50162 41356 49273 38960 46408 40300 47853 38368 45645 41089 48789 41452 49621 41783 49594 41402 49069 39880 47355 41697 49769 40917 48500 41321 49223 41573 49318 41663 49580 41185 48842 41035 49182 41866 49905 41637 49575 41243 48967 42065 50248 40967 48848 41955 49990 41935 49700 39629 47291 41430 49160 40008 47520 41138 48928 41598 49470 39897 47467 41087 48828 41182 48893 42141 50143 41123 48853 41602 49528 41066 48890 41874 50025 40780 48489 40964 48675 40766 48614 40815 48136 41802 49986 41780 49513 40367 47817 41581 49275 41102 48926 42069 50055 41383 49131 42119 50025 41887 50014 41070 48846 41469 49365 41766 49631 41582 49454 40857 48632 39283 46605 41738 49770 41980 49908 40448 48172 41475 49128 37999 45299 41403 49357 41987 49938 42851 50924 41848 49825 40777 48359 42271 50192 41942 49976 41281 48921 41474 49122 41664 49469 41625 49609 40244 47869 41295 49080 41947 49727 39620 47294 38905 46046 42432 50708 41568 49577 41438 49326 43101 50984 41219 49190 41371 49130 317
42635 50616 42030 49919 42951 50730 41833 49493 42212 50198 42239 50200 42087 50019 41205 48995 42198 50383 40608 48473 42689 50583 43008 51331 42434 50115 42669 50820 42484 50589 43211 51597 42226 50334 41566 49520 42796 51039 42920 50902 42214 50402 41477 49678 41163 48927 42394 50389 42614 50664 42459 50423 42588 50771 43017 50953 41754 49575 42718 50577 40994 48730 32358 38491 42150 50190 42557 50695 43278 51382 42280 50217 32761 39006 42492 50652 39383 46840 42624 50536 42456 50264 42925 51068 40458 48117 43245 51395 43301 51512 42731 50717 42242 50063 42530 50476 41846 49655 42336 50464 41874 49771 43101 51160 42667 50826 42814 50882 42523 50793 42999 50984 41654 49375 41557 49352 42490 50544 42131 50025 42732 50588 42206 50304 42515 50766 42265 50286 40919 48566 42808 51020 32859 39128 42410 50361 42883 50971 42897 51042 43237 51768 42390 50138 41853 49731 43039 50954 43295 51484 41572 49547 43242 51218 41931 49934 43005 51108 42024 49822 41597 49569 42078 49926 42998 51288 40447 48155 42815 51013 42243 50311 42652 50896 42219 50100 41865 49837 42554 50697 41749 49635 30196 35885 32230 38344 43033 51275 42291 50367 42628 50836 42297 50468 43118 51336 42180 50251 42879 50979 180
42657 50675 43893 52221 42998 51249 43631 51925 41972 50017 44198 52420 43118 51256 41913 49945 40609 48191 43845 52089 42812 50955 42275 50159 43314 51576 43119 51374 43640 51869 43420 51382 43189 51479 43662 52015 42399 50415 44004 52418 43047 51411 43249 51320 42987 51181 43808 52362 44100 52440 43192 51466 43341 51474 43047 51056 41303 49043 42773 50896 43253 51579 43134 51411 43396 51805 43072 51385 44009 52389 43719 51859 43453 51567 42772 50953 43323 51499 42128 49827 43559 51676 43262 51566 41431 49139 43681 51815 43725 51924 42676 50719 42508 50431 43217 51105 43707 52090 42878 51211 43228 51223 42263 50238 42180 50060 43555 51954 42735 50763 43587 51818 43283 51510 43779 51956 42682 50840 43908 52260 44718 53210 43453 51747 41895 49830 43981 52494 43605 51830 32854 39054 42754 50988 42796 50894 43192 51616 42381 50513 43413 51786 42464 50357 43324 51561 44453 53098 43562 51609 43330 51556 43702 51823 44299 52759 43937 52321 40521 48105 42852 50853 43763 52084 42973 51317 40919 48604 43970 52264 43521 51598 33438 39794 43066 51438 42988 51088 42422 50454 42741 50884 43710 51981 43837 52149 42656 50762 43769 52162 43756 52147 43000 51130 43360 51531 43704 52038 43279 51612 299
43820 52081 44504 52821 45051 53704 43851 52298 33805 40268 43274 51375 41765 49617 44125 52555 44727 52944 44580 52979 45102 53649 44443 52832 44877 53431 44134 52505 43897 52184 42101 50113 43804 52068 44006 52265 42086 49900 44779 53321 43983 52216 43630 51937 45059 53539 45185 53657 44908 53349 43996 52365 44899 53645 44750 53209 44562 52822 44989 53458 45027 53601 43867 52274 44267 52716 43369 51525 44644 53302 44154 52458 45692 54302 44382 52859 44576 53077 44600 53035 43624 51887 45348 54269 44590 53035 43367 51528 44581 52966 41280 48936 43841 52043 44814 53246 43964 52245 44318 52668 43737 51843 42952 51036 42227 50187 44246 52628 44265 52661 44652 52986 43775 51794 44214 52790 44346 52717 44477 52392 45435 54115 44199 52506 44220 52458 44227 52725 43586 51879 44516 53010 44389 53057 44166 52560 44403 52868 43511 51821 44418 53037 45169 53635 41534 49393 44499 53091 43944 52321 44078 52545 44320 52684 44666 53282 43401 51981 44103 52586 44628 52964 42031 50002 43730 52211 44056 52460 43560 51692 43433 51736 44913 53394 44816 53270 43961 52133 43930 52358 44573 52947 43752 51959 43624 51547 44076 52291 42781 50673 44421 52793 44194 52851 42979 51030 44436 53133 43974 52238 158
45197 53711 45565 54242 45236 53765 45687 54287 45603 54308 45652 54348 44457 52740 45029 53664 45079 53801 45908 54583 44581 52928 45557 54179 44751 53236 45882 54297 45489 53920 45495 53966 44573 53105 44834 53439 46104 54697 44386 52944 45048 53443 44583 53139 45919 54593 33681 40006 44724 53391 45220 53977 45526 54542 45869 54222 44432 52840 34392 40898 44086 52267 45392 54037 34697 41297 45403 54130 45548 54204 45498 54130 45684 54517 45885 54302 44459 52783 45247 53944 45789 54340 45402 54189 45470 54101 45646 54285 44701 53067 45654 54437 45224 53832 45478 54250 45496 54138 45313 53961 43889 52000 44799 53303 44777 53376 44644 53269 45546 54442 44938 53342 45556 54281 45164 53630 45184 53776 45793 54358 45040 53461 45105 53653 45093 53649 43965 52232 44676 53034 44459 52934 44691 53295 45745 54442 45276 53890 44735 53387 45248 54064 45402 53850 45080 53664 45615 54478 45089 53537 45749 54541 44767 53243 44938 53568 44061 52550 46095 54609 45399 53770 46062 54697 45522 54026 45633 54498 44502 52960 32415 38571 44473 52855 45375 54175 45681 54474 45960 54793 45722 54499 44443 52685 45169 53812 44724 53494 45879 54625 45334 53931 45307 53864 45117 53878 44380 52920 44074 52467 318
47085 55991 46622 55432 46092 54441 44596 53011 46704 55185 45655 54416 46819 55763 45922 54784 45476 54060 45605 54073 45708 54536 45882 54441 45651 54290 46140 55290 45279 54213 46929 55864 45817 54331 46165 54935 46835 55837 46205 55110 45249 54110 45518 54373 46224 55200 47157 55877 45904 54696 45973 54494 45436 53974 45452 53703 45213 54080 46181 54862 46765 55882 45441 54224 46424 55290 45413 53881 46547 55100 45426 54146 46458 55361 46472 55356 46380 55284 46265 55123 45904 54457 46705 55315 46326 55104 45866 54666 46493 55079 46367 55201 46865 55958 45174 53870 45319 53694 45635 54364 45930 54630 46180 55036 45716 54482 44561 53080 46200 55123 45941 55003 43175 51423 46758 55560 44822 53342 45386 54097 45279 54037 46780 55802 44099 52520 46353 55030 47061 56014 46727 55559 45595 53977 45565 54340 43844 52177 46342 55312 46619 55547 44392 52661 45258 53855 46104 54805 46556 55489 47202 56003 46397 55376 46081 54919 46131 55077 44716 53361 43436 51748 45431 54164 44430 52823 46166 55087 45558 54014 45983 54674 46139 54989 45679 54309 46647 55413 47371 56448 35626 42414 46379 55217 46478 55042 45441 54192 45168 53923 45771 54687 45949 54473 47330 56127 44845 53474 45903 54600 325
46563 55590 46649 55581 47620 56703 46471 55371 46698 55294 47597 56841 46986 55978 46743 55463 43529 51829 47344 56352 46156 54895 46628 55420 47337 56659 47608 56647 46574 55417 46842 55660 45345 53669 45356 54132 47441 56465 45159 53504 47682 56955 46291 55118 46916 55841 45932 54638 46477 54940 46264 55209 47088 56147 47649 56465 47029 55719 46534 55570 46513 55377 47398 56353 46627 55562 46291 55014 46473 55162 47251 56205 46145 54675 46488 55631 47299 56268 47904 57149 45912 54479 47112 56134 43925 52211 46810 55556 47257 55958 47415 56444 47692 56845 46177 54613 47016 55954 47772 56934 46592 55575 47661 56655 46838 55887 46544 55504 46708 55339 46983 55982 46591 55519 47244 56256 46462 55324 47176 56160 47680 56599 47931 57021 44638 53162 47296 56170 47597 56607 47053 56057 47306 56048 47734 56933 46502 55285 46355 54964 47033 56012 47584 56303 47307 56327 46180 54687 47268 56221 48077 57242 47317 56508 47439 56458 44587 53094 46719 55614 47530 56595 47013 55959 46918 55876 47279 56106 47592 56678 47258 56002 46345 55164 46918 55802 46016 54789 46725 55716 47260 56186 46637 55270 47435 56674 47608 56777 46276 55111 47382 56415 47325 56640 47686 56756 46286 55220 47905 56817 311
47868 57066 48416 57792 47654 56374 47750 56929 47712 56699 47582 56415 48065 57404 47756 56614 48426 57979 47354 56379 47724 56902 47520 56656 48451 57593 48835 58223 48192 57148 48346 57434 47441 56265 47875 56851 47129 56109 47966 56926 48273 57336 47291 56394 48193 57241 47808 56964 47854 56883 48177 57438 47882 57194 47261 56313 47986 57138 47717 56424 46969 55810 47818 56946 36208 43010 48064 57206 49126 58618 47964 56936 47645 56731 48687 57719 36725 43890 47277 56037 46745 55713 47135 56004 47064 55677 49098 58215 46819 55937 48367 57662 48442 57714 47152 55972 47216 56330 47729 56722 47017 55852 48546 57932 47595 56480 48299 57516 47939 57113 46598 55278 47530 56472 48005 57026 36595 43596 36870 43882 47430 56489 48087 57303 48288 57168 47610 56678 47693 56862 47176 56193 47576 56570 47251 56022 47925 57182 47714 56728 48091 57422 47418 56652 48008 57026 48323 57506 49022 58287 48167 57471 48356 57606 48404 57612 47668 56818 47241 56298 48221 57316 47923 57088 47440 56666 48101 57238 48718 58062 47526 56551 47478 56566 47322 56190 47392 56469 48211 57364 46586 55438 48396 57718 46403 55171 47152 56323 47250 56292 48248 57490 48092 57093 48465 57784 48402 57624 47436 56593 249
48340 57589 49125 58458 49156 58775 49190 58502 48650 57805 49275 58360 49217 58585 46758 55763 47573 56406 48789 58340 48688 57748 48757 58348 49333 58673 48440 57856 47746 56796 47465 56515 49219 58711 49263 58751 48573 57937 48191 57202 47908 56786 49409 58822 48363 57512 49032 58106 48060 57228 49125 58408 48920 58524 47892 56943 47163 56077 48889 58034 48803 57939 47882 57098 47632 56776 47725 57011 48915 58195 48812 57975 46730 55825 48277 57257 48388 57620 45412 53863 48720 58210 49516 58810 47553 56582 46743 55521 49440 58656 37693 44754 45766 54695 46199 54972 48126 57240 48020 57323 48704 57946 48611 57758 48464 57709 47658 56664 48324 57570 48991 58389 48834 58119 49687 59334 49213 58480 48630 57776 46810 55606 48431 57795 48375 57397 48965 58374 37528 44619 48669 57758 48582 58000 49655 59495 48045 56797 48741 58080 49147 58641 49180 58365 49729 59128 48706 58042 49198 58846 48984 58479 49239 58637 49212 58563 47834 57131 49204 58205 47896 56814 49273 58617 47586 56676 45975 54356 49414 58814 49676 58965 48512 57948 48681 58066 48561 57634 49216 58591 48903 58293 49365 58802 48301 57655 48826 58208 48453 57391 49811 59335 48039 57080 49781 59083 48955 58162 48590 57812 313
48714 57910 50142 59919 49697 59333 49834 59754 50260 59832 49158 58155 49237 58517 50702 60411 50440 60085 49935 59489 49866 59278 50174 59615 49507 58919 50399 60025 37769 44892 49890 59160 49114 58363 49087 58382 49682 59170 50354 59859 49124 58673 48902 58206 48957 57944 49621 59040 49644 59175 49130 58420 50792 60512 49146 58284 49657 59116 50754 60332 48930 58504 50818 60254 48618 57817 49469 59123 49721 59144 49667 58844 49852 59417 50027 59571 48333 57644 50316 59909 48987 58165 49808 59341 48967 58313 49157 58277 47771 56920 48709 57887 50265 59800 49410 58746 47098 55999 49676 58977 49798 59440 50016 59672 50230 59983 38321 45537 49385 58495 50188 59777 50015 59290 50031 59501 50195 59793 49749 58905 49796 59442 49457 58854 49938 59490 50432 59922 48732 58124 50167 59592 50480 59949 51044 60703 49508 58746 48890 58217 48364 57348 49942 59366 50191 59703 50480 59907 48539 58014 46507 55240 49712 59137 49152 58544 48882 58411 48995 58279 49718 59254 48827 58096 48590 57923 49572 59090 49046 58410 49412 58794 49708 59046 47601 56618 49857 59457 49651 58998 48773 57782 50839 60507 48473 57940 49244 58866 37754 44954 48744 58210 49149 58631 47927 56998 50723 60424 49129 58391 210
50879 60619 50505 60141 50870 60848 51349 61121 50597 60342 51084 60806 50545 60230 51190 61149 49977 59609 50583 60262 50635 60370 51559 61445 51465 61151 50855 60667 50762 60470 50984 60668 50660 60147 50269 59674 50447 59951 50325 60035 49854 59308 50920 60911 50297 59788 51356 61216 49178 58268 50054 59769 50275 59749 50533 60327 50969 60903 50637 60426 50367 60049 49763 59340 50813 60815 50607 60231 50586 59905 50727 60265 50287 59932 50784 60523 51016 60895 50281 59875 50285 59971 49966 59481 50523 60097 50600 60421 49595 58967 49904 59648 51017 60624 49489 58734 48986 58388 51184 61203 51048 60677 51057 61018 50679 60527 49600 58917 50771 60307 50905 60522 51024 60899 49608 58839 49988 59317 50446 60125 49631 58895 49603 59060 50564 60452 49628 59128 49985 59679 51161 60663 49581 58923 50001 59497 50979 60919 50009 59467 47572 56470 50345 59802 49620 59058 50187 59729 48689 57986 49422 58616 49752 59376 50879 60357 50391 59864 50776 60219 51281 60927 51192 61033 50246 59819 39029 46543 51615 61363 48325 57472 50224 59867 50005 59714 51157 60895 50901 60466 50695 60365 49353 58603 49957 59695 49989 59383 50168 59472 38670 46040 51353 61003 50761 60267 50008 59587 49129 58199 395
51302 61095 51513 61500 50016 59468 50962 60642 51056 60749 51872 61811 50567 60293 52557 62445 51760 61680 51320 61276 51970 61824 52008 61929 51048 60737 50895 60500 51456 61404 51456 61189 51913 61849 48671 57770 51214 60784 51685 61582 52452 62473 51734 61583 52009 61806 51801 61526 51006 60730 52446 62554 39285 46630 50628 60472 39661 47124 51694 61829 51891 61809 51457 61201 50089 59622 51392 61244 51698 61763 51379 61233 51505 61211 50820 60642 52494 62597 51797 61673 51462 61409 51738 61450 50779 60294 50928 60803 48206 57222 49483 58886 50376 59747 51552 61443 51325 61221 50670 60371 51306 61144 51369 61203 51659 61388 51318 60929 51366 61215 50787 60266 48760 58351 51781 61902 50623 60475 50385 59945 51564 61238 52177 62317 49017 58127 51016 60783 51977 62134 52002 61826 51821 61465 50783 60606 50847 60579 51399 61315 51462 61387 50710 60273 51804 61929 49814 59414 50602 60206 51134 60998 51657 61444 50519 60086 51430 61162 50874 60435 51711 61825 52829 63041 50607 60107 52541 62380 52805 62854 51741 61584 51954 61897 51563 61159 51775 61561 51638 61137 50904 60508 52092 62089 51975 61788 50517 60197 52551 62776 51911 61817 39461 47066 51437 61214 50650 60394 48980 58486 248
51662 61027 52957 63212 52509 62937 51163 60899 52076 61816 52267 62397 52132 62121 52463 62288 51756 61252 51130 60730 52308 62172 52365 62425 51461 61309 50525 60342 53089 63030 52846 62956 51699 61562 52601 62785 52187 62312 53225 63106 52158 62280 53001 63134 51596 61490 52348 62218 52125 62022 40415 48086 52581 62284 52241 62064 51908 61843 52404 62463 51183 60947 53266 63233 52117 62097 53423 63416 52387 62440 51319 61152 50739 60316 52778 62889 52626 62778 52490 62760 52273 62351 53192 63205 53317 63645 52185 62132 52054 61933 52818 62839 52604 62722 52469 62518 52447 62519 52462 62679 51754 61647 52220 61956 52929 62887 51230 61073 52709 62569 52414 62381 52418 62256 50665 60229 52345 62328 53056 63131 52167 62394 50335 60009 52038 62080 52792 62784 51684 61375 52025 62159 53032 63325 51912 61741 52175 61933 52335 62159 52910 63202 52316 62394 52808 62972 51737 61653 51611 61399 52248 61973 52620 62704 51815 61679 50245 59878 51866 61486 53386 63635 51959 62039 52451 62691 52045 62191 50446 59975 52963 63260 51621 61504 52479 62536 51912 61705 52422 62644 51557 61624 52103 61636 52220 62004 51510 61429 52446 62360 53319 63543 52647 62737 52616 62790 52284 62420 52813 62888 352
53235 63350 53652 63634 52317 62389 52761 63021 54144 64474 53086 63115 53428 63444 53818 64101 52546 62577 53823 64082 53150 63329 52605 62615 52993 63271 52007 61548 54108 64314 53728 64035 53085 63318 52873 63090 53021 63144 53481 63758 52287 62279 53371 63623 53899 64133 40713 48484 40551 48319 53262 63427 52936 62929 53109 63296 53527 63729 53126 63371 53316 63637 53310 63314 53190 63158 53433 63600 53154 63503 53209 63223 54200 64655 52469 62498 53440 63632 54604 64999 53395 63494 49201 58536 53558 64071 52552 62592 53351 63617 52752 62796 53654 63920 53229 63239 53321 63494 53226 63237 53243 63156 52805 63013 53806 64029 53571 63903 51275 61014 54160 64484 54571 64911 53885 63886 51578 61222 53966 64188 52724 62873 53170 63248 52745 62922 53522 63672 49053 58424 53400 63420 52718 62830 50460 59873 52956 62906 53555 63882 52541 62551 52140 61925 53760 64052 52989 63304 54402 64903 51488 61264 53212 63613 51947 61849 52608 62469 52747 62687 53588 63603 53764 64295 54004 64073 53381 63600 53254 63364 52717 62839 53713 63913 52706 62760 52713 62793 53450 63360 53389 63740 53399 63392 52640 62745 53666 63875 52388 62403 52478 62506 51936 61821 53026 63263 53748 63832 52953 63097 279
54587 64778 54073 64432 53855 64180 53861 64225 52333 62138 52970 62979 51624 61365 54555 64870 53215 62983 53276 63556 54015 63871 53824 63983 53173 63365 53866 64239 53735 63892 54424 64813 53327 63393 54324 64321 54066 64407 54838 65268 53936 64149 54222 64695 52747 63013 54728 65213 54324 64695 54189 64363 54006 64470 53722 63743 54559 64829 53389 63828 54233 64610 54136 64444 55213 65584 54479 64985 54173 64601 55115 65670 53449 63547 41273 49220 52922 63157 54580 65153 54780 65147 54339 64442 54718 65326 52992 63252 54209 64789 54350 64759 53335 63549 53441 63692 53814 64300 53949 64330 52550 62174 53799 63959 54788 65299 53767 64216 53886 64244 41342 49212 53640 63985 53928 64320 41375 49233 54789 65380 53850 64268 55050 65412 55284 66094 54068 64415 54991 65421 53844 64006 53445 63731 54127 64607 55223 65788 54030 64644 53782 64036 55110 65426 54698 65153 51091 60854 54074 64180 53027 63222 53062 63289 54416 64704 54520 64882 53190 63220 53494 63576 53959 64351 54336 64782 54300 64781 51888 61634 52508 62467 53634 63929 54533 65143 55023 65391 53177 63294 53321 63361 55389 65915 54669 64958 53245 63387 51557 61357 53132 63258 54284 64808 54336 65014 53962 64368 53881 64401 330
54441 64944 52182 62279 55413 66042 55768 66358 53972 64630 54660 64677 54789 65262 54895 65566 54733 64750 54987 65374 55278 65641 55579 66073 55843 66716 55256 65820 54055 64161 55071 65718 42088 50205 55286 65692 42120 50140 54837 65130 55538 66000 55733 66279 51214 60945 55076 65646 54431 64833 54864 65254 54946 65630 54912 65392 54653 65305 52432 62567 52256 62188 55447 66141 55825 66518 53262 63651 56010 66652 54690 65464 54636 64604 53805 63983 54646 65342 55259 65973 55143 65608 55061 65445 54307 64602 54667 65076 56217 67142 55499 65868 55769 66278 55803 66160 52787 62920 55851 66506 55508 65941 55435 65905 55617 66171 54820 65443 52745 62726 53771 64012 54420 64860 53916 64302 55377 65843 55331 65855 53373 63652 54897 65251 55284 66117 55216 65539 55900 66496 40868 48624 55756 66381 55394 66024 55018 65654 55295 65697 54646 64900 54671 65191 54595 64871 54580 65119 54457 64833 54975 65604 53823 63723 54532 65001 53818 63815 55529 66020 54765 65138 55046 65530 54493 64943 54878 65687 54811 65311 54383 64867 55312 65888 55285 65611 55082 65632 53640 63970 54398 64799 54741 65207 54069 64346 54217 64315 55805 66451 55710 66216 54826 65437 55264 65731 55791 66610 54348 64637 294
56408 67342 55083 65424 56436 67309 56945 67814 55595 66037 55692 66488 56006 66991 54202 64477 56576 67394 56507 67413 56366 67329 55618 66113 54956 65116 56390 67215 56648 67231 55738 66436 54337 64704 56589 67330 55109 65569 56351 66977 56291 66966 56198 66860 54705 64983 56086 67092 56634 67405 54933 65351 54875 65312 56139 66812 55545 66228 56332 66954 56013 66411 56292 67097 56162 67091 56131 66866 56205 66984 55847 66325 56841 67668 54615 64777 56693 67577 57364 68260 56592 67064 55480 66061 56198 66879 56026 66830 56958 67666 55453 65871 55046 65475 56167 66899 55693 66341 55442 65752 56527 67146 56822 67420 55468 65972 56243 66956 57031 67798 54803 65250 55390 65913 55865 66473 56168 66943 56057 66828 55996 66720 56287 67045 56394 67105 56063 66984 56465 67379 56917 67604 56098 66941 56396 67144 55547 66346 55677 66316 55486 66225 56081 66961 56063 66690 56757 67356 55303 65449 55341 65974 56766 67517 56586 67393 54882 65409 56041 66662 55479 65869 55420 65777 56671 67640 55982 66446 56371 67039 56818 67565 55333 65614 54683 65156 55702 66532 55744 66302 57018 67801 56255 67004 56108 66730 55893 66431 56192 67243 55980 66835 55029 65700 55844 66411 56522 67185 55996 66415 317
57189 68262 57019 68013 58010 68809 56149 66636 56912 68025 57415 68132 56448 67294 56925 67974 55958 66632 57703 68586 56673 67860 55909 66564 57725 68586 57183 68092 56931 67674 55897 66445 56215 66907 56464 67097 55366 66018 57527 68514 56465 67156 58166 69229 56475 67244 53340 63384 56430 67177 57377 68286 56379 67131 57638 68540 56590 67249 57304 68089 57023 67937 53226 63134 57303 68487 56830 67764 55115 65477 57573 68658 57018 67794 56517 67565 57138 68060 57457 68445 57134 67775 57119 67777 57868 68901 56157 66781 54129 64207 57235 68406 53817 64090 57329 68393 57267 68113 57445 68219 56455 67220 57311 68067 56480 67060 57742 68889 56995 67503 54171 64258 53837 64072 56570 67265 57270 68237 55745 66647 56787 67761 56341 66956 57190 68158 57485 68644 55850 66665 56274 67058 56059 66852 56977 67951 55015 65407 57430 67986 55884 66428 57030 67986 57285 68221 57128 68097 56024 66434 57207 68000 56883 67830 56765 67773 56950 67711 57442 68288 57817 68656 55888 66514 56863 68048 56689 67567 57267 68197 57432 67981 57118 67796 57389 68437 57263 68166 56692 67737 56796 67838 56752 67669 55909 66503 57872 68572 56098 66687 57085 67920 56429 66934 57926 68542 56870 67820 55969 66616 317
57822 68743 58408 69197 58784 70025 57610 68643 58847 69942 58129 69301 57533 68440 53752 63901 58100 69341 58428 69551 57648 68455 58296 69220 57041 68140 57719 68760 57444 68579 56741 67527 58451 69560 57261 68239 57164 68106 58202 69334 58866 70070 56364 67254 57074 67929 57979 69106 58659 69893 55756 66236 44568 53124 57843 68833 57683 68593 55817 66571 58544 69660 58414 69479 56891 67582 57668 68640 57694 68693 58853 70133 56955 67998 57939 69091 57885 68845 55616 66328 57959 69076 57857 68946 58546 69581 57270 68226 58620 69768 57141 68083 58108 69130 56942 67916 57802 68902 57181 68059 58692 69841 56452 67019 58187 69418 58695 69797 58567 69773 44495 52904 57901 68734 58001 69189 57387 68363 58062 69049 56916 67824 57776 68675 57239 68229 55851 66178 57372 68329 57509 68591 58296 69220 58125 69236 58779 69655 58217 69137 58742 69781 57353 68333 56674 67447 58106 69269 58466 69654 57615 68818 56831 67796 57278 68295 58630 69510 57048 67891 58231 69351 57264 68039 42937 51127 58102 69332 56800 67672 58023 68913 55963 66530 57662 68859 58033 69285 57904 68977 57009 67999 58224 69519 57601 68681 56744 67446 58640 69502 56883 67986 57419 68223 56447 67252 57840 68942 57648 68857 410
58836 70151 58449 69578 57395 68241 55974 66372 59425 70869 58761 70176 58793 70077 59579 70748 58573 69713 59573 70737 55958 66779 59229 70348 58474 69356 59139 70392 58616 70125 57243 67933 59698 70961 58877 69830 58178 69202 59564 71030 58955 70178 58848 70043 59090 70397 58149 69263 58112 69423 58393 69400 58736 70009 58988 69821 58577 69564 57752 68618 58215 69185 59107 69808 59095 70556 58868 70038 58981 70408 59605 70732 59291 70594 59430 70880 56831 67300 58400 69704 57926 68949 59353 70531 58566 69453 58831 70033 57805 68719 59083 70222 58429 69597 58477 69318 58510 69896 59248 70776 44477 53109 58020 69157 59094 70303 58394 69462 57744 68866 59233 70374 59457 70714 58836 69902 58426 69624 59157 70264 58862 70123 57961 68795 58886 70177 57313 68045 58301 69407 42094 50074 58574 69888 57882 68978 58225 69457 59191 70314 58836 69964 59132 70315 57379 68064 59561 70657 59460 70900 58884 70332 59467 70743 58788 69901 57168 67868 58926 70224 59131 70526 59265 70553 45033 53670 58113 68901 59035 70204 60076 71320 59467 70362 58436 69509 59040 70303 59239 70824 59691 71058 58904 69811 58413 69675 59536 70948 59254 70561 58828 69853 58164 69205 58983 70374 58895 70061 59600 71140 375
45246 53829 60179 71545 60048 71386 59187 70649 60992 72756 57299 67965 60330 71683 60824 72341 60813 72368 58006 68918 58527 69632 60175 71487 59566 71034 60038 71785 58770 69949 60258 71682 59563 71065 59870 71314 60126 71455 60499 72064 60186 71657 60926 72579 59658 71106 58486 69536 59586 70941 59133 70275 59675 70997 59744 71260 60252 71970 60534 71961 60269 71732 58997 70313 59483 70815 60049 71538 59433 70650 59807 71067 60375 72070 58563 69660 59418 70675 59833 71309 58681 70039 59072 69925 59648 71211 59474 70836 58546 69674 60100 71745 59223 70192 59390 70794 56759 67432 58948 70310 57546 68587 60019 71284 59476 70583 60328 71436 59405 70754 59508 71050 57499 68323 57320 68147 59124 70379 58975 70023 59407 70715 59259 70199 56829 67495 60505 71790 60225 71638 56853 67565 59893 71127 58485 69723 59228 70422 60023 71320 59026 70351 60070 71321 59023 70189 58292 69289 59127 70416 56907 67504 59543 70623 59206 70508 59722 71107 58922 69966 58480 69579 58981 70238 60731 72496 59971 71424 59012 70146 58828 70021 59569 70800 59612 70850 59566 70632 59557 70984 60368 71787 59835 71329 59292 70639 60078 71647 58562 69852 60056 71380 45351 54039 60111 71619 59576 71182 60333 71658 360
60402 71786 60676 72219 61578 72782 57202 67987 60377 71689 60674 72145 60888 72316 59224 70207 60321 71680 60093 71661 59400 70624 60636 72356 61272 72965 61163 72380 61248 72970 61921 73559 60257 71568 57778 68647 60895 72346 61102 72652 60174 71688 59610 70992 46332 55151 60084 71356 61222 72821 59357 70736 59908 71043 60796 72322 60732 72143 60062 71551 61754 73257 60641 72261 60120 71390 60937 72494 60130 71740 61543 73154 61115 72646 60121 71309 60355 72072 59606 71265 61522 73096 60938 72627 61698 73451 61762 73385 61746 73543 59968 71351 59971 71337 60233 71738 57939 68985 60333 71765 60023 71455 61575 72921 59647 70978 60414 72162 60580 72285 60831 72145 60632 72047 60647 71957 61139 72667 61176 72638 60854 72521 60753 72454 59470 70869 57884 68639 60598 72115 59713 71089 61217 72956 60742 72229 60289 71711 60323 71685 59420 70431 61442 73235 60452 71874 60746 72171 59926 71139 60354 71945 57638 68623 61565 73045 60503 72154 59701 71034 60941 72232 60095 71586 62103 73702 60234 71468 59549 70678 60843 72454 60052 71442 61388 73164 60037 71477 59459 70518 61941 73469 59976 71585 59780 70903 60385 72156 61004 72396 60967 72488 59743 71294 59397 70611 61077 72842 60100 71144 359
61909 73423 61547 73105 61706 73585 61521 73160 61507 73272 62689 74554 60410 71783 61970 73952 61880 73884 60436 71859 62735 74814 62288 73943 61121 72785 61250 73099 62480 74201 62123 73688 61012 72771 60188 71326 61322 72914 61233 72864 60620 71936 61337 72841 61729 72951 61110 72925 61125 72368 62007 73827 62809 74733 61332 73054 61967 73837 60845 72500 61060 72740 61418 72988 61147 72778 61373 73058 61348 72897 61377 73109 61965 73934 60822 72528 61034 72903 62054 73770 46830 55771 60020 71525 62796 74493 62286 74157 61760 73775 60143 71784 61684 73442 61342 72873 61905 73697 61860 73553 60572 71978 62121 73601 62118 74035 61592 73309 58607 69680 61802 73646 61435 73178 61454 73122 61799 73506 62021 73626 61004 72599 61939 73687 62052 73602 61838 73913 60778 72461 58350 69224 61763 73751 60783 72392 62425 74124 61952 73862 60602 71844 62513 74337 61290 72768 62506 74346 58287 69550 60630 72146 60698 72242 61448 73187 62191 74077 59370 70807 62248 74204 61077 72597 61225 72587 61281 73026 60407 71668 61575 73332 61472 73202 60786 72231 61270 73051 62349 74224 61667 73181 62058 73827 61006 72588 61665 73524 62374 73970 60926 72761 61654 73378 62004 73518 60854 72765 61983 73656 378
61805 73542 62606 74679 62202 73793 62427 74075 62219 74134 63859 75932 63198 75061 62055 73751 60396 71621 62256 73964 61833 73729 62160 74075 62061 73809 62914 74729 62186 74086 62975 74960 63359 75069 62674 74634 61788 73677 63308 75436 62955 74914 62190 74035 59448 70417 62818 75012 62160 73834 62464 74344 61946 73790 62421 74371 62659 74431 61849 73523 62010 74012 61108 72790 61647 73515 62150 73750 62504 74338 62679 74632 58518 69728 62417 74576 62234 73803 61099 72773 60190 71357 63057 75431 58706 69900 62659 74444 61092 72777 62908 75124 62479 74534 62062 73807 61733 73561 61663 73503 62465 74268 61420 73222 62162 74297 61434 73081 60046 71516 63595 75520 63026 75059 61675 73457 61783 73413 61358 72976 63291 75201 62423 74114 58051 68986 62740 74696 61977 74184 62560 74590 62200 74118 62703 74676 60935 72489 61921 73835 61420 73122 61935 73790 61615 73283 62647 74557 62386 74328 61797 73606 63772 75744 61954 73554 62184 74043 62807 74411 62856 74790 62626 74423 62484 74006 62449 74335 62231 73856 59598 71101 62214 74252 61592 73264 62021 73951 63167 74968 61639 73332 63341 75266 62174 73485 61607 73423 62394 74216 63340 75065 62553 74267 62785 74672 62546 74209 61659 73628 379
63616 75651 61832 73792 62351 74324 64520 76796 63204 75030 63443 75489 62655 74794 64213 76492 63628 75903 64149 76495 59977 71607 62891 74618 63056 75133 63935 75914 63780 75677 62382 74272 62135 73909 63245 75412 64010 76361 64151 76604 64508 76633 62800 74910 62669 74566 64185 76286 63185 75054 63233 75083 63516 75797 62890 74756 63936 75881 63334 75378 63794 75837 63060 74878 62866 74774 62903 74545 63964 76021 63273 75070 63439 75660 63924 76089 62826 74912 64012 76083 64716 76897 62803 74678 63768 75991 63250 75192 59647 70855 62326 74012 64690 77070 62372 74236 62759 74452 62729 74586 64154 76413 63394 75062 64619 76790 48305 57475 64045 76123 62436 74146 64103 76262 62432 74178 63254 75209 63727 75471 62424 74310 63577 75730 61469 73296 63463 75523 63677 75559 63031 74868 63249 75364 63737 75797 61192 72624 63586 75431 63539 75423 62277 74188 62278 74092 59555 70766 62466 74415 62339 74115 63877 76088 64060 76552 63414 75202 63862 75638 64430 76605 62971 75135 64287 76607 63026 75013 63583 75637 63641 75782 63975 76080 62799 74880 62804 74993 62666 74485 63165 74860 61778 73390 63477 75629 62676 74486 63139 74939 64281 76270 63439 75741 61757 73507 62283 74270 63097 75246 396
64179 76557 64472 76373 64173 76499 48850 58102 63737 76041 63860 76398 64228 76442 64264 76530 64242 76349 65534 78132 63161 75079 64375 76509 62702 74403 64943 77390 65259 77756 63255 75331 64643 76907 63466 75567 63647 75553 64991 77248 64458 76826 63961 76346 63384 75255 63080 74796 64470 76652 62673 74483 63967 76099 63908 75979 64201 76527 64984 77243 64700 76834 63901 76157 61390 72926 62974 75093 64171 76312 64487 76700 64511 77114 63628 75835 64544 76792 63941 76268 63097 74867 63517 75634 63068 75013 63217 74958 63933 76059 62827 74731 63293 74982 63212 75392 63657 75430 64191 76130 65194 77581 64157 76158 62776 74459 63444 75438 65057 77450 64836 77095 64038 76439 64289 76468 64265 76470 65037 77133 62844 74705 60796 72237 63363 75279 64290 76588 63941 75871 65574 77564 64437 76703 62959 75109 62806 74663 64141 75855 64370 76700 64309 76547 64016 76387 63275 75276 64233 76637 59941 71495 64070 76370 62266 74423 64915 77318 63814 76058 63622 75675 64542 76855 62971 74857 64390 76642 63756 75762 64203 76261 63807 75886 63156 75100 64831 77317 64651 76923 64507 76684 65196 77730 60836 72490 64828 77542 63502 75673 63243 75578 63373 75530 63443 75300 64936 77157 64494 76764 306
66134 78521 66426 79029 61635 73441 65444 77987 65228 77490 64272 76621 65389 77806 65127 77581 63100 75223 64546 76723 64880 77055 65391 77844 65168 77388 65204 77546 64702 76951 65221 77368 65250 77831 64649 77029 64176 76097 64955 77187 64277 76563 63653 75654 64928 77272 65818 78277 64000 76297 65500 77997 65999 78585 65557 78011 63955 75832 66277 78964 65686 78065 64498 76714 64804 77017 64618 76907 66124 78400 63747 76044 65489 77904 65186 77505 66366 78673 65559 78047 64565 76985 65872 78482 65364 77714 65605 78214 63138 75202 65949 78468 64459 76999 64386 76672 64665 76747 66072 78714 65583 77977 49383 58722 64129 76249 65992 78296 65466 77885 65762 78220 65531 77903 49666 59043 64932 77506 65114 77540 64954 77280 65495 77699 66154 78712 64524 76810 66077 78551 66106 78791 65392 77736 64629 76771 65228 77598 65924 78354 64537 76753 65001 77225 64162 76447 64197 76386 64054 76125 64633 76789 65293 77809 64453 76476 64199 76735 65490 78286 64959 77277 64390 76633 64634 76731 64895 77303 64471 76512 64172 76642 64840 76961 66011 78383 64851 77221 61884 73594 64327 76532 63685 75919 64501 76681 66094 78445 66228 78773 65204 77692 66167 78699 65771 78330 64961 77101 64958 77442 480
66330 78975 66683 79143 65013 77302 66190 78926 64233 76327 66624 79475 63622 75577 65887 78488 65954 78533 64463 76550 64361 76339 66174 78661 66034 78460 66183 78974 65845 78471 66422 78660 67323 79841 62932 74891 65729 78176 66831 79068 65447 77813 66090 78331 65722 78314 64524 76593 66552 79271 66259 78576 66644 79202 65513 77702 65964 78434 66507 79007 66045 78567 65151 77520 65283 77737 66063 78586 63386 75466 66415 78984 64532 76616 66119 78840 63577 75640 65618 78146 66051 78379 65532 78149 63120 74940 67020 79911 63525 75581 65690 78063 66438 79089 63492 75685 64263 76420 66016 78750 65975 78762 65307 77789 65254 77693 66163 78670 65639 78076 66869 79514 62610 74487 66363 78929 50669 60265 67056 79740 65905 78283 66537 79048 63620 75688 66030 78575 47453 56446 63707 75566 65585 77846 65767 78411 66131 78597 66565 79118 65297 77701 65730 77920 65233 77745 50576 60209 65469 77925 64672 76945 67008 79762 66101 79131 60882 72419 65405 77516 65677 78279 67083 79701 65168 77473 65356 77641 66630 78941 64661 76956 65297 77547 65252 77670 65644 78285 65400 77780 65525 77909 65653 77885 65913 78344 65814 77996 65755 78424 66995 79944 65021 77204 66972 79598 65680 78368 66146 78425 335
67225 79782 65906 78446 66753 79478 47570 56419 67501 79970 67098 79857 66541 79025 68333 81053 64475 76346 65616 77860 66224 78661 67643 80495 66291 79032 66403 79119 66141 78776 65572 77909 66300 78733 66531 79259 67682 80289 66188 78904 65812 78110 66457 78929 67672 80545 66923 79727 65992 78315 65965 78629 67227 79846 67022 79747 66759 79428 65873 78241 66281 79096 68242 81060 67052 79601 67340 80161 66956 79713 66397 79066 67539 80332 62540 74351 67252 79809 65884 78173 67330 80176 67629 80379 67213 79790 68389 81363 64452 76387 66779 79525 67305 80345 68191 81208 66849 79540 66627 79314 67904 80742 66373 79183 66020 78299 66007 78423 63310 75389 66862 79221 67506 80347 65767 78096 67255 80014 65702 78089 67667 80474 65713 78158 66857 79274 66998 79555 66692 79460 67133 80078 67195 80368 68205 80898 66357 78964 67251 79896 65701 78005 67374 80213 66696 79272 67117 79797 65687 78294 66351 79063 66459 79347 67861 80610 66424 78803 66338 79242 67055 79629 67570 80332 67297 80361 65729 78079 67056 79684 67210 79977 67332 80229 65755 77916 66830 79677 65331 77897 65727 78151 66214 78973 68468 81255 66933 79748 67154 79830 66131 78420 66588 79099 66095 78588 68011 80700 66915 79565 332
68270 81293 67809 80934 67378 80333 68079 81121 66983 79338 67837 80711 68454 81380 68524 81436 68823 82171 66947 79591 67002 79726 67256 79699 68704 81435 67991 80969 66015 78369 68392 81234 66737 79293 65494 77650 68840 82144 66868 79540 66871 79416 67028 79625 68220 81090 68833 81686 66906 79611 68448 81077 67588 80316 68337 80963 67537 80234 68855 81872 68370 81242 67833 80728 67048 79859 67680 80381 66881 79760 67513 80364 67636 80577 67800 80685 67829 80539 67191 79984 67732 80687 68779 81632 68755 81559 68921 81979 68428 81529 67384 80466 66296 78748 65699 78027 65163 77291 67533 80064 68021 80996 65952 78596 69520 82457 67335 80346 68157 81229 67837 80657 68593 81756 68341 81181 67536 80482 67557 80175 68433 81539 68647 81608 66757 79244 66932 79632 67092 79861 67668 80676 66485 78912 67850 80718 67921 80903 66816 79463 68100 80759 68926 82314 65869 78338 66125 78559 69637 82585 68293 81068 65119 77607 68881 82103 68116 81085 67384 80071 68711 81581 67428 80275 68552 81922 67572 80320 67512 80564 66957 79344 67070 79508 67191 79912 68067 80942 68402 81569 68313 81148 68826 82079 64897 77169 67005 79704 68288 81402 65555 78064 69352 82444 66588 78983 68998 82238 67052 79846 538
67872 80793 69251 82208 69194 82206 66682 79401 69943 83264 67446 80367 68540 81567 67748 80468 70023 82990 68753 81580 65353 77752 69261 82221 68679 81475 68489 81115 69215 82375 68391 81369 68007 80539 68009 80985 68537 81527 69754 82907 68459 81282 68246 81243 68958 81755 68075 81176 68986 82179 68850 82072 68806 81749 68864 81728 67247 79811 68218 81124 68976 81947 69196 82113 68009 80603 68807 81637 69135 82255 69758 82785 68787 81640 69315 82772 68589 81688 65419 78035 69610 82834 69230 82319 69618 82822 70222 83387 69600 82370 68382 81381 69042 82223 68013 81079 67572 80700 68433 81323 69434 82576 68269 81171 67789 80505 69404 82523 69358 82544 68497 81225 69822 83311 70397 83827 64255 76416 69050 81715 68625 81636 67090 79784 68010 81092 66921 79941 67962 80707 68672 81263 68182 81090 70062 83075 68857 81862 68442 81272 68609 81668 68973 82208 69299 82385 67856 80862 69609 82861 69532 82548 68821 81772 68638 81710 67270 80353 68646 81684 68459 81599 69030 82090 67106 79912 68433 81371 68261 81144 65181 77454 67955 80575 68960 81724 67703 80181 66179 78939 67068 79784 68059 80889 69287 82346 67671 80261 67290 80099 68635 81673 67362 80129 68361 81360 69293 82212 69684 82968 293
69322 82493 69236 82425 68249 80988 69206 82315 68907 82191 70966 84573 70451 83852 64670 76726 69013 82152 70072 83200 68987 81964 70180 83338 70729 84147 68001 81098 68930 82242 68573 81670 69631 82671 70184 83430 69950 83084 66823 79529 70185 83433 70295 83513 69208 82775 69772 83226 70158 83325 70205 83509 69468 82499 70418 83738 69558 82779 71729 85137 65198 77809 66894 79463 68426 81701 69359 82596 70619 84037 70333 84000 70161 83520 69500 82730 70451 83715 68606 81704 69649 82822 69462 82602 68988 82034 69942 82602 69166 82160 69643 82956 68801 81962 69099 82113 65563 77794 69439 82551 69846 83536 70327 83698 69679 83094 68878 81999 69196 82195 68965 81756 69208 82358 69394 82600 71121 84550 69798 83128 69288 82402 68196 80818 70244 83559 69840 82840 70327 83728 69010 81989 69820 83018 71033 84584 70477 83847 69827 83079 70539 83742 70071 83786 69208 82250 69976 83117 69313 82164 69265 82338 68344 81330 69271 82381 69206 82277 53261 63441 70015 83179 67325 80297 68033 80779 71663 85228 70280 83848 69812 82933 69729 83114 69991 83425 68855 81418 69533 82530 69513 82423 69564 82981 66793 79498 67034 79835 68332 81213 69860 83038 68729 81848 68124 81091 68964 81900 66752 79121 501
70232 83501 71783 85348 71149 84401 71425 84564 69696 82910 69875 83293 69426 82464 69679 82901 71045 84157 71392 84710 71614 85315 70539 83844 71481 85102 71181 84537 70235 83508 70520 83554 71109 84569 69903 83222 69805 82566 69936 83213 67014 79796 70171 83477 70832 84285 69944 83143 71324 85173 71399 84817 70743 84168 70587 83965 69691 82877 71438 85043 71091 84469 70243 83496 70029 83374 70254 83625 70835 84067 69705 82800 69745 83095 68203 81036 71014 84318 70040 82951 71214 84763 70204 83444 70157 83358 71539 85134 68538 81406 71435 84760 70850 84387 67454 80180 70763 84111 67940 80768 70608 84046 71009 84465 72255 85858 70760 84133 69795 82951 69476 82518 70640 83927 71166 84782 71522 85039 70422 83964 65599 77920 71223 84824 71047 84876 70194 83605 69310 82217 70238 83557 68771 81757 70052 83261 71183 84913 69291 82797 71170 84730 70989 84109 53823 63944 69642 83003 70969 84561 70566 83626 70219 83292 70415 83599 71255 84810 69601 83101 69570 82535 70763 84132 71040 84588 70387 83456 72069 85859 68001 81124 71780 85371 70087 83728 70526 83740 69732 82849 69772 82929 53779 63929 70281 83587 71086 84942 70910 84186 71468 84967 70907 84632 69924 83249 69751 82928 71411 84752 466
71191 84685 72253 85999 71530 85143 71180 84659 70837 84322 71866 85564 69771 82919 71394 84736 70616 83971 71468 85052 71990 85303 70524 83835 72418 85992 72595 86378 71812 85158 72290 85865 72638 86312 71854 85555 70853 84174 72639 86323 70496 83714 71410 85079 71947 85811 66150 78731 54877 65432 72169 85779 71867 85339 71072 84601 71402 84911 70161 83435 70551 84046 71433 85141 54129 64356 72429 86144 71050 84540 71519 85159 72410 85893 70654 83871 71690 85390 69566 82943 70347 83889 71560 85224 72783 86347 70901 84555 70710 83979 68857 81869 71522 84956 71622 85073 70939 84278 73189 86952 70842 84121 72546 86545 71041 84517 71191 84886 72644 86378 70653 84230 72063 85711 70253 83284 70472 83807 71112 84527 71763 85117 68161 80957 70744 84137 69384 82588 71388 84711 72192 85679 71512 85257 71215 84976 70225 83546 70491 83772 72713 86497 69800 83164 70303 83690 70607 83908 71238 84734 72084 85373 71307 85146 71647 84969 70961 84569 71626 85299 71814 85536 71766 85348 70773 83978 70181 83567 70121 83355 72336 86274 72012 85889 70158 83302 70888 84581 70573 83927 70222 83455 71637 85307 69508 82481 72004 86042 71302 84829 54167 64363 72172 85961 71098 85025 66989 79712 72276 86181 387
71747 85485 70424 83896 71639 85060 71529 85129 72003 85721 71891 85256 55378 65634 73756 87459 70967 84369 71835 85556 73157 87015 73469 87436 70346 84027 74199 88070 72246 85771 70882 84412 70595 83619 72579 86345 73139 86668 72750 86213 73428 87399 73029 86344 70927 84196 72994 86982 72648 86538 72444 86415 71589 84986 72789 86455 72290 86139 74271 88320 73625 87853 72636 86364 71949 85402 68044 80667 71867 85377 73165 87050 72782 86377 70610 83709 71575 85186 73318 87234 73908 87806 71408 84660 73055 86575 73489 87284 69307 82350 72864 86648 71446 85250 72343 85803 71418 84821 72145 85633 71811 85230 72458 86358 72144 85918 73075 86645 69503 82709 72410 85871 72750 86537 70145 83366 71848 85641 72577 86686 71835 85538 73208 87204 72408 86264 71304 84815 72046 85756 71934 85634 72502 86214 72102 85933 72274 85991 72835 86673 70330 83621 71295 84723 72657 86300 71962 85468 72642 86139 72260 85933 73120 87061 72562 86434 72765 86425 69075 82160 70748 84061 71262 84613 71726 85777 72585 86271 72275 85848 72362 86040 73300 87370 72654 86470 71713 85452 71636 85327 71212 84647 67795 80658 71903 85625 72307 85930 72588 86075 71245 84928 73025 86903 71134 84587 72413 85941 72606 86306 477
74706 88871 72022 85647 72792 86700 73669 87322 73968 87932 73660 87364 72387 85953 73735 87906 72942 86651 74477 88088 70503 84144 73636 87365 72959 87064 74229 88538 73495 87234 72506 86250 72869 86652 74463 88336 71009 84766 72177 85853 73686 87891 72416 86338 73732 87426 72635 86172 72923 86881 73321 87030 73134 86800 73746 87703 74314 88327 72460 86136 73903 87641 72784 86527 73373 87296 71968 85638 74181 88128 73603 87418 73808 87972 73120 87013 73848 87906 72727 86538 73512 87360 73363 87614 74484 88383 71762 85366 72878 86516 72140 85769 72951 86833 73599 87791 71513 84871 73737 87260 73997 87953 71431 84851 72000 85777 73736 87592 72216 86200 72411 85995 74085 87885 73533 87046 73222 87041 72904 86718 72984 86537 73269 87219 71758 85536 73219 86952 72914 86719 73185 87343 73255 87093 73075 87110 73250 87067 74223 88497 74017 88072 73663 87661 72828 86683 73169 86901 72983 86617 74056 88301 72493 86063 74713 88906 74636 88439 69848 82991 72371 85811 73746 87987 72972 86785 73009 86727 73323 87346 73320 87013 72314 86026 72295 85845 73705 87454 72995 86672 73484 87491 72929 86824 73024 86797 72473 85931 69371 82540 71344 84581 74004 88172 72618 86411 73573 87822 72695 86401 333
73366 87335 74357 88554 73762 87493 73818 87775 70723 84039 72256 85677 74540 88542 74790 88891 74097 88225 74182 88561 73781 87896 73676 87786 73614 87677 73138 87132 75309 89498 73876 87916 72948 86861 74843 89070 74350 88163 74026 88154 74115 88475 74434 88616 72568 86237 73607 87663 74822 89068 73856 87922 73949 87859 73858 87619 74086 88120 73242 87200 73338 87373 74376 88686 75534 89574 72069 85826 74909 89198 75123 89136 74986 89401 74959 89034 74788 88917 70183 83505 75048 89133 71142 84566 73185 86773 71359 84537 74778 88679 74171 88244 75526 89665 74524 88377 73379 87201 75205 89526 72931 86461 74504 88653 70267 83383 74560 88414 73482 87044 71233 84426 73656 87573 74909 88805 74257 88381 74262 88320 75217 89697 75475 89449 76008 90599 74580 88804 74047 88166 71138 84597 74473 88400 73417 87252 74243 88598 74542 88763 74215 88502 73944 88009 71055 84260 73489 87408 73922 88069 74637 88960 74559 88783 73742 87654 72477 86008 72798 86480 70930 84351 74337 88304 72571 86150 74229 88265 74399 88494 75189 89700 74866 89281 74058 88014 74496 88627 73633 87648 70519 84012 73886 88054 74350 88414 73947 88132 74676 88690 74783 89056 74713 89136 73491 87474 73083 86870 74057 88305 498
73746 87599 75624 90006 73720 87860 75545 89681 75919 90430 74780 88869 75466 89953 74057 87999 74586 88330 74869 88838 74686 88857 74221 88521 73149 86806 75197 89258 71857 84917 74895 89004 73769 87709 74798 89171 74737 88844 74836 89695 74959 88992 75463 89430 74766 88847 74735 88655 74400 88556 74572 88570 74911 89426 75482 89912 73246 87195 75057 89114 56777 67466 74779 89353 75191 89520 75479 89969 75907 89895 75534 89722 75043 89481 76321 90932 76231 90700 75810 90218 74195 88266 75794 90112 75853 90256 74813 89075 73189 86757 71472 84888 75446 89630 75363 89498 74682 88787 73722 87444 72771 86566 74418 88226 74250 88267 75214 89479 75162 89517 72964 86559 75717 89988 70687 83868 74985 88873 74886 89138 74609 88735 75661 90093 77226 91502 74119 88176 73081 87183 74826 89319 75568 89680 75092 89424 75168 89299 74527 88841 74917 89323 72840 86701 73354 87246 75136 89166 74808 89209 75841 90341 75237 89561 74304 88472 74975 89321 76558 91141 75400 89259 74541 88474 74176 87868 71951 85573 75670 90063 75173 89335 75521 89760 75271 89265 75133 89105 75446 89932 74551 88822 74457 88330 73567 87435 75644 89783 75552 89807 75666 89989 73249 87264 74502 88589 71212 84906 76435 90984 501
76327 91136 76816 91549 76290 90727 76022 90486 76977 91449 78008 92952 76404 90851 76882 91157 74988 89243 76318 90820 76488 90860 75551 89992 74520 88722 76442 91100 75252 89526 76795 91348 75002 89226 76539 91130 73303 87058 75350 89908 75549 89959 77409 92070 77409 92158 75217 89576 76833 91452 77194 91917 76160 90590 76045 90542 75600 89928 74639 88635 76076 90478 74365 88255 75524 89614 76291 90892 75246 89416 75664 89991 73204 87000 75823 90076 76903 91365 75486 89637 75487 89904 76150 90530 76085 90241 76248 90787 77326 91985 74570 88819 76155 90707 75707 90022 75465 89599 76460 90979 77081 91706 77219 91717 76161 90689 75199 89314 76384 90943 77139 91718 77025 91843 75963 90223 77039 91437 75514 90037 76789 91313 76470 90820 75292 89630 75768 90125 76881 91184 75581 89921 76939 91505 74829 88985 75719 90085 75131 89315 76052 90684 73145 87025 77187 91737 75938 90209 75392 89349 58207 69380 75648 89901 74892 88974 75407 89747 75117 89497 75396 90070 76255 90412 75625 90273 76489 90956 76138 90499 73355 87235 76512 91074 76683 91111 76334 90516 76146 90453 74620 88906 74171 88046 74686 88874 75171 89280 77253 91946 76977 91568 75547 89927 75349 89567 74403 88516 77021 91544 335
77403 92138 77169 91817 73529 87663 77014 91701 76436 91035 76336 90892 76570 91142 76600 91336 77172 92091 75276 89456 76743 91296 76022 90533 75910 90136 77531 92406 76683 91333 77389 91667 76060 90574 77172 91647 76485 90882 77230 91556 77702 92311 75526 89812 75798 90208 77629 92374 77438 91921 77165 91314 76170 90380 77691 92324 77302 91657 76523 91181 77754 92377 75719 90025 77523 92283 77669 92018 72973 86600 76599 91053 76318 91053 75872 90395 77302 92313 76580 91089 77438 91684 77196 91884 75845 90281 76765 91293 78327 93316 75452 89814 78234 92985 72577 86144 78058 93089 76484 90913 76230 90647 75918 90218 77069 91690 76647 90982 76917 91628 76528 91072 77110 91355 71385 84977 76851 91405 76771 91366 76204 91029 77452 92450 78595 93203 73945 88045 77882 92481 77664 92782 77161 91739 75100 89102 72832 86593 74382 88193 75781 90275 76528 91332 73269 87117 76835 91475 78750 93620 76481 91011 76449 90797 76961 91346 58515 69792 76230 90537 78882 93961 77208 91216 76496 91151 75218 89286 58538 69601 75394 89688 77427 92166 77767 92289 77202 92041 76973 91246 73332 87409 77738 92260 77337 91951 75743 89946 76907 91615 76593 91161 76328 90629 78849 93698 77332 92022 76117 90659 501
79606 94275 75488 90195 77825 92404 77587 92109 77334 92065 77696 92409 74706 88653 77050 91739 77676 92652 77314 91596 78584 93563 76833 91100 78635 93556 77201 91746 76411 90377 77352 92075 76517 91169 78031 92877 77864 92565 77749 92445 76766 91267 77050 92088 79003 93879 77977 92670 78563 93372 74492 88714 78248 92534 77620 92050 78936 94113 78120 92945 78207 93025 78223 93322 77354 91924 78555 93558 75116 89533 77896 92899 77606 92301 78404 93577 77108 91737 77837 92551 79184 94377 78061 92722 75095 89316 77429 92111 78259 93396 78459 93382 79784 94832 76921 91230 76752 91209 77886 92613 77447 92196 79034 94055 76476 91071 76425 90730 78370 93490 78470 93577 77047 91842 76587 90919 77046 91763 77193 91728 77357 92184 78115 92979 78024 92849 78729 93350 78413 93330 77371 91907 77219 91791 78580 93426 77533 92328 76797 91117 78337 93145 77310 92036 78678 93146 76650 91172 77344 92023 78712 93728 77556 92247 76498 90834 78825 93883 75855 90464 78005 92811 77803 92831 72722 86484 76583 91049 79256 94276 76997 91847 77512 92098 78658 93672 76478 91033 77255 91570 78593 93409 77062 91647 77055 91701 78058 92664 78308 93367 79045 93818 78716 93763 76813 91246 77369 92075 76800 91089 490
75440 89715 77730 92651 80265 95521 77584 92464 78008 92795 77900 92490 60267 71632 77746 92226 60554 71998 79052 93852 76690 90708 79331 94323 80201 95440 78874 93835 77986 92943 77478 92469 78310 93298 78712 93545 78540 93439 78228 93255 79077 94208 79411 94440 77395 91816 78211 92853 79350 94421 78188 93043 79503 94214 78351 93200 80377 95475 77005 91676 77748 92546 78637 93063 79549 94565 78598 93494 76616 91151 78868 93826 79096 93956 76181 90533 78580 93559 78013 92790 73803 87573 78621 93241 77800 92488 75656 90074 78360 93454 79346 94488 77765 92631 78421 93271 80368 95641 78895 93685 79179 94173 79087 93849 80146 95160 78456 93235 79759 94678 78397 93271 72857 86593 77899 92763 77497 92430 78295 93265 77367 92155 78291 93012 79094 94023 79856 95118 77329 91799 79358 94043 80305 95293 77917 92497 78698 93542 77417 92018 77724 92258 77493 92052 77652 92250 77513 91973 78773 93684 77802 92541 78204 92893 78550 93397 78008 92536 78156 92938 77214 91875 77306 92039 79574 94599 78283 93164 78280 93043 79313 94248 78413 92938 80393 95755 77135 91698 79588 94636 77454 91993 77520 92104 78070 92947 78150 93063 78206 92936 79814 94832 74608 88811 78352 93126 77655 92475 80061 94883 525
78742 93760 79624 94423 80698 96039 81136 96137 79819 95235 74466 88606 80043 94811 79086 93994 78650 93735 76019 90465 79013 93931 78980 93914 78253 93011 77871 92381 79027 94018 80006 95244 79755 94989 78486 93303 79141 94024 80394 95139 80523 95755 78949 93592 79696 94799 79802 94919 79588 94701 79982 94987 78477 93006 80741 95929 79872 94992 80454 95576 80447 95278 76701 91137 79664 95154 80059 95020 79245 94304 79038 94099 78957 93718 79850 94932 79601 94703 79446 94239 75326 89411 79530 94293 79928 95189 77339 91841 79816 94855 79567 94691 78910 93671 79745 94803 79761 95082 78795 93922 79908 94701 79949 95033 79624 94977 79944 95473 80336 95952 80298 95723 79509 94405 79842 94917 78270 92878 78037 92706 78910 93681 78345 92768 80660 95925 79617 94739 79215 94018 77831 92605 79774 95029 79397 94224 79053 93922 77369 91906 80669 95696 80307 95542 79531 94372 78063 92707 78468 93246 79849 95115 79911 94694 79474 94530 80383 95404 79274 94523 77936 92750 80054 94927 79695 94499 80002 95220 77597 92081 80208 95494 79067 93821 79238 94344 80499 95878 79106 94076 79829 94724 79776 95044 79030 93952 80888 96135 80366 95427 78985 93445 80488 95714 79933 94812 80297 95468 78541 93033 483
80728 96042 81347 96565 82077 97592 81139 96582 80345 95539 79636 94842 79636 94771 81106 96186 80393 95367 80642 95731 80460 95388 80606 95848 81738 96875 81055 96236 80737 95762 81674 96851 80183 95479 79588 94822 80300 95708 79941 94919 81706 96903 79737 94474 81264 96474 80750 96264 80000 95199 75753 89912 78302 93124 80624 95903 81275 96472 79561 94630 77545 92062 80135 95055 81033 96415 79925 95113 80695 96003 80778 95923 79504 94753 78072 92891 81926 97400 78156 92951 80761 96093 79971 95282 80663 95900 80491 95378 80022 95049 80500 95851 80270 95223 80728 95971 79690 94546 81139 96722 81083 96672 80396 95976 81397 96724 80846 95870 79641 94616 79555 94511 81798 97010 78994 93832 79994 95298 81219 96508 80717 96020 76668 91073 75000 88977 81168 96425 80399 95411 78351 92850 79610 94960 80769 96171 80690 96084 80972 96367 80797 96031 80060 95226 81386 96511 80248 95158 79740 94607 80263 95344 80485 95830 82426 97938 80692 95937 79895 94757 79533 94555 80840 95888 79757 95196 81718 96957 82791 98161 81509 97056 80508 95955 82333 97757 80234 95375 78813 93554 80543 96193 80106 94957 79157 93880 80274 95256 80580 95723 79588 95045 82425 97987 80896 96103 77510 92068 81228 96369 489
79200 93970 81322 96802 80436 95661 81524 96710 81191 96659 76548 91142 81353 96829 81012 96268 82360 97856 81093 96232 81449 96893 80189 94875 82709 98111 80753 96461 79760 95241 61965 73760 80894 96450 80735 96086 81322 96778 82922 98454 80916 96320 80253 95361 80771 95768 82145 97515 80863 96094 79978 94956 77159 91914 81246 96397 82414 97975 82275 97963 81107 96654 80382 95376 81270 96459 81350 96869 81526 96884 81720 97565 79277 94488 80881 96141 81046 96221 79693 94862 80079 95430 81114 96292 81226 96576 81958 97598 80840 95913 81146 96622 80821 95629 81491 96930 81614 96548 80267 95846 81949 97620 81618 97085 81972 97464 79794 94583 78075 92780 79639 94534 82137 97612 79815 94924 79554 94911 81107 96299 80251 95801 79999 95239 81105 96659 80661 96212 80987 96541 81540 97174 81303 96550 82571 98034 81416 96825 79696 94705 81557 96720 82607 98291 81326 96747 82055 97830 82342 97604 80259 95544 82037 97810 80758 96239 82284 97610 81512 97167 82117 97807 81217 96830 82397 97878 80691 96039 82342 97642 82133 97764 81483 97014 80379 95578 81205 96848 81854 96925 80728 95940 80452 95543 78775 93814 80235 95545 80459 95707 82410 98062 82272 97832 81560 96985 80757 96077 82043 97693 474
82088 97347 83285 98760 83089 98751 81571 97336 83042 98701 82478 97985 83801 99511 83226 98609 82178 97413 82824 98184 81178 96627 83279 98790 82966 98545 83476 98946 82025 97594 81968 97576 80622 95925 83172 98877 81151 96717 79104 94029 82664 98295 82210 97594 82228 98093 82296 97999 80553 95413 81879 97607 83505 99176 82681 98302 82560 98182 82363 97980 82061 97193 81367 96824 81413 96882 81736 97071 81179 96140 81974 97567 81445 96895 80862 96028 82362 98056 81405 97015 81374 96805 82357 98038 82491 98086 81002 96337 82566 98139 81708 96921 82473 97707 78248 93004 80470 95329 82925 98792 81432 96795 82628 98440 83491 99272 81146 96428 80992 96248 81561 97262 81668 97113 81567 96771 81192 96468 83852 99715 80932 96271 81819 97540 62541 74502 82186 97830 78105 92473 81845 97592 81802 97339 82341 98149 79485 94743 83143 99446 82386 97736 79299 94368 83640 99428 81954 97392 81309 96544 78441 93115 81837 97103 82332 97929 83405 99044 80680 95531 81637 96845 76841 91167 81101 96353 63277 75380 79298 94242 78506 93057 82405 97706 82073 97628 81163 96684 83471 99063 82281 98233 78769 93732 81133 96250 82590 98155 81063 96222 83706 99745 82670 98288 83024 98386 81264 96718 60047 71409 381
82867 98166 83440 99282 84143 100331 83209 98935 84826 100741 85042 101131 80752 95793 84071 99911 82731 98754 81498 96976 81012 96539 82248 97549 81518 96955 83051 98774 85806 102001 82711 98366 81396 96728 80920 96303 83132 98441 83798 99614 83223 98881 82471 98027 83464 99210 82684 98597 84018 99948 82569 98335 82168 97815 82284 97849 81469 96943 83240 98927 79620 94579 83748 99916 63332 75396 83343 99150 83560 99476 82524 98168 82623 98433 82989 98697 83990 99729 83577 99268 82745 98531 82722 98448 82588 98039 83366 99181 83849 99497 83150 98706 82777 98005 84626 100751 83342 99126 80740 96094 83946 99593 82078 97508 82374 98234 83231 99027 84111 99893 82847 98445 84234 100226 80837 96077 81961 97686 83509 99338 83389 98754 82591 98110 82399 97888 84646 100850 83104 98743 83715 99710 82050 97713 82620 98290 84018 99311 82092 97506 82970 98365 84818 100874 82753 98441 82515 98146 83787 99659 84302 100100 82644 98344 83782 99488 82168 97874 83514 99168 82667 98306 79564 94264 82353 97818 83158 98970 82256 97823 83699 99572 83782 99778 83816 99579 82997 98924 79323 94444 82221 97277 63778 75756 83964 99623 82151 97677 81775 97127 83679 99372 81860 97506 83619 99242 84249 99892 84576 100592 604
84774 100969 84510 100312 84873 100625 85664 101912 79903 95072 84554 100852 84977 101470 82372 97794 85014 101050 83251 98883 84008 99772 82725 98451 83715 99845 81670 97145 83810 99678 85085 101438 85057 101058 84855 100783 84338 100101 84041 99752 84952 101091 82630 97972 84149 100080 83020 99173 84622 100550 83976 100257 84895 101102 84270 99853 84128 99995 84635 100386 84704 100950 84467 100692 85420 101265 85542 101416 84550 100410 83238 99128 63746 75841 83329 99427 83751 99583 84443 99964 83904 100080 85367 101445 83996 99949 84252 99843 82518 98284 79114 93886 83933 99967 85985 102194 84103 100157 64426 76508 84864 100790 79943 94717 82203 97791 83856 99717 82717 98073 85649 101766 84148 99986 85057 101265 80687 95848 84956 100767 84916 101024 83539 99395 79225 94292 82059 97503 84657 100438 83585 99565 82510 98056 85037 101207 85472 101416 83788 99619 84137 99927 84986 100948 63530 75626 85904 102122 82523 98126 79266 94395 82680 98162 86118 102629 84345 100167 64219 76416 83912 99619 85280 101251 83333 98982 85303 101170 82569 98163 85405 101429 82812 98361 85113 101310 84753 100693 64313 76510 84528 100636 83244 98869 84339 100061 85251 101001 84154 100398 84681 100819 85024 100932 83599 99302 84262 99930 79126 94177 378
84864 101005 85062 101026 85817 101995 85373 101767 84901 100816 85955 102443 84751 100575 84270 100458 85481 101569 84776 100893 86179 101943 84168 99878 85386 101337 84729 100865 84431 100205 80112 94895 83795 99670 85825 102007 85028 100980 84315 100300 84331 100509 83819 99649 83853 99706 84966 101278 85793 101913 82858 98374 81071 96179 85237 101435 84673 100996 86710 102782 85113 101330 85163 101546 86070 102122 83828 99703 82928 98507 84905 101008 85473 101431 85499 101704 85501 101457 85071 100920 82639 98752 80586 95880 83743 99355 84250 100135 85964 102172 83692 99378 85019 101244 85631 102111 85920 102438 85833 101568 85995 102237 84199 100103 87073 103427 84241 99981 80750 95645 85931 102583 85443 101648 85352 101185 84679 100747 85837 102504 85048 101301 86326 102651 84980 101090 85089 101054 83620 99655 85107 101394 83435 99214 85871 102148 84953 100975 85488 101889 84273 100135 83438 99223 85558 101827 85393 101402 84405 99981 85515 101558 83763 99591 85510 101687 84412 100410 84642 100934 85614 101678 84175 100441 84569 100674 85120 100855 85301 101377 86018 102460 84421 100238 84486 100546 85742 101901 85818 102092 81930 97371 84368 100499 85567 101870 85562 101571 86020 102010 84512 100580 86571 102717 86061 102678 86976 103335 85580 101234 501
84891 100906 86167 102380 85325 101600 86245 102592 86485 103152 86410 102530 87187 103832 87018 103342 87758 104192 85118 101160 83411 99090 85861 102000 86270 102702 85550 101853 85892 102344 85612 102026 83390 99070 87568 103708 85705 101712 86104 102594 87422 104087 86254 102521 85737 102242 81624 97105 85735 102294 85463 101825 85652 101922 85473 101615 85867 102074 85579 101784 87007 103345 86356 102849 85049 101504 87410 103959 86669 102656 85936 101802 84785 101183 85084 101099 86269 102393 86750 103112 84125 100240 82934 98582 85569 101619 85918 102212 86330 102977 85632 101836 85479 101846 86261 102572 85720 101689 84018 99759 85818 102145 86428 102927 87403 103982 86717 102650 85397 101663 87212 103525 84827 100535 85092 101289 85055 101295 85285 101022 86054 102280 85550 101433 85748 101995 84418 100359 86429 102630 87106 103490 86280 102512 86730 103117 86649 102636 87243 103760 85614 101898 85175 101333 85635 102087 87195 103079 86078 102517 85306 101504 85458 101607 86876 103184 87133 103474 86695 102897 86443 103002 86489 102751 84971 100939 83595 99490 86164 102656 83476 99453 84419 100427 85892 102205 85749 101784 85050 101057 85193 101494 85048 101276 86545 102667 86011 102222 85106 101289 85262 101528 86712 102805 87674 104217 86500 102520 84663 100717 494
87906 104373 86166 102218 87014 103428 86534 102526 85797 102295 87613 103926 85788 101752 85814 102043 87417 104164 87611 104200 86021 102442 85010 100952 86580 102651 83446 99080 85267 100915 87357 103860 88584 105556 88413 104993 86930 103299 87627 104167 87895 104129 86632 102705 86808 102849 87431 103681 87867 104407 87010 103407 86596 103178 87033 103896 83878 99574 87274 103924 87891 104449 86594 103202 87000 103370 84323 100205 86454 102938 86016 102225 86648 103147 86477 102809 86089 102567 86766 103329 87780 104408 86048 102279 85747 102107 87025 103606 87579 103905 86545 102809 86613 103003 86219 102325 86310 102795 87373 103797 86771 103204 86738 102956 85563 101504 85545 101535 86981 103142 87442 103760 88014 104410 82499 97776 85329 101629 84903 100702 86916 103722 86611 103151 85863 102110 84263 100661 86189 102644 87263 103754 87254 103379 85492 101665 87134 103595 86351 102725 87510 103872 88023 104486 87953 104510 86092 102256 86835 103523 85948 102483 86896 103334 86066 102059 87836 104155 87891 104250 87195 103410 84735 100626 85814 102012 86743 103216 87528 103811 85239 101387 86221 102626 87264 104049 86259 102124 81180 96261 86698 102970 87163 103295 85847 101881 87128 103417 87599 104308 85074 101031 86164 102440 66176 78722 86829 103168 85415 101565 596
88624 105462 89219 106006 87965 104669 85039 101058 88038 104644 87591 104284 86209 102423 86306 102610 86958 103361 87206 103689 87103 103671 87216 103729 88123 104555 88851 105646 88377 105285 87327 104021 87965 104514 87304 103650 87647 104024 89357 106241 88204 104737 88327 104917 89025 105678 87070 103678 88388 104909 83707 99117 86810 103704 85648 101773 87261 103767 88640 105250 89026 106050 87886 104591 86745 102982 87036 103429 88026 104583 86583 102831 87632 104523 87252 104067 88820 105884 86322 102795 87505 104199 86849 103374 85950 102126 89129 106098 86172 102208 88065 104789 86902 103537 87540 104380 88618 105375 86007 102014 87341 103703 87906 104354 87879 104385 87310 104068 87296 103937 84554 100705 87784 103889 88007 104554 86536 103015 89339 106036 88003 104548 87084 103724 84297 100228 84871 101025 88397 105308 87258 103834 87877 104112 87088 103714 87854 104269 87028 103415 88154 104674 88496 105073 87265 104125 88653 105786 88713 105023 87331 104072 87799 104287 86785 103091 86068 102413 88485 105173 87925 104531 86779 102731 88516 105184 86172 102264 88976 105939 87220 103559 88383 105110 88056 104446 88258 104844 83031 98790 66792 79403 83248 99147 85940 102195 87478 104200 87467 104056 87667 104064 87714 104233 88247 104724 87552 104171 86739 103442 555
88694 105515 87742 104399 89604 106536 88640 105118 87523 103888 88647 105248 88928 105192 87004 103407 89280 106177 87968 104849 87379 103732 88513 105274 86376 102853 87881 104474 89060 105870 89166 106056 86631 102864 89763 106901 87481 104036 88601 105269 86863 103035 87130 103536 86231 102579 88595 105356 89168 105655 87656 104463 89767 106682 87152 103397 83695 99561 88842 105739 87628 104234 87737 104485 87304 103778 88389 105314 88223 105070 87164 103663 89382 106302 87577 104424 88342 104996 88978 105653 88445 104995 89498 105989 87501 104261 88474 105204 89391 106242 89081 105852 88527 105529 87221 103366 87720 104170 88798 105537 88648 105305 89062 106032 86028 102148 86667 102655 90182 106987 86872 103368 88727 105355 87799 104415 88093 104883 87340 103892 89270 105928 87872 104695 88052 104802 88452 104954 88746 105548 88882 105618 87635 103920 89573 106217 87901 104663 88267 105085 88779 105651 89655 106850 88197 105190 87741 103907 88184 104886 88449 105223 90007 107017 86413 102393 87307 103418 90669 107570 89457 106054 90194 107011 90031 106732 89639 106388 89758 106919 87210 103356 87747 104293 85587 101850 88810 105515 89224 105954 89517 106478 88765 105402 87835 104518 87055 103778 87252 103849 88267 105084 89886 106967 86985 103397 88414 104883 87434 103715 514
84324 100319 91053 108073 90777 107806 89082 105856 90194 107169 87401 103904 87312 104042 90391 107483 89823 106926 89407 106370 89204 106182 88742 105616 90123 107261 88462 105288 89898 106991 90110 107157 90445 107523 87786 104606 88750 105452 89750 106663 90810 107539 89837 106961 89278 106167 89436 106525 89393 106411 90254 107053 88726 105555 89382 106532 88335 104935 87457 104200 87453 104054 88943 105865 87906 104184 89903 106860 90309 107575 89112 105284 88546 105418 89306 106290 89711 106772 89248 106093 90506 107400 89451 106450 89138 105827 88510 105140 88333 104903 89822 107179 87853 104498 89052 105978 89111 106343 90538 107697 89195 105986 91373 108827 89259 106381 90797 107420 89438 106513 90368 107446 88948 106051 90262 107335 89078 106083 90722 107816 90743 107502 89596 106305 88251 105081 89270 105986 89066 105862 88051 104884 89219 106022 91674 108606 90985 108064 87712 104613 90170 106802 89982 107049 89065 106159 88363 104869 90549 107298 88710 105272 85598 101856 89194 106263 89655 106182 91385 108485 90166 107418 88685 105139 90813 108195 90745 107382 89990 106886 88984 105826 91033 107973 90196 107129 88837 105898 89407 106782 88854 105791 68260 81110 82114 97153 90843 107769 88827 105539 89832 107028 88459 105479 89788 106789 88949 105883 89533 106441 501
91216 108394 87694 104432 89461 106433 90988 108519 90679 107998 91104 108386 89592 106745 90938 108165 86055 102304 87648 104335 91238 108387 91360 109033 90666 107920 87299 103826 90071 107457 90887 108318 90043 107098 90346 107746 89460 105999 90339 107808 90156 107208 90620 107763 89828 107033 91241 108464 90343 107500 89712 106919 90947 107992 90874 107842 88201 104847 88732 105545 90255 107593 89794 106747 89398 106246 91429 108512 89251 105409 90882 108161 87202 103900 89895 106474 89801 106655 89931 106933 90574 107645 91525 108674 90814 107988 87513 103877 90207 107533 89397 106348 90116 107337 86507 102879 89243 106266 90720 108009 89881 106909 90386 107808 90100 107086 89892 107117 90529 107569 89683 106914 89438 106609 88284 104789 90311 107326 88742 105635 89322 105922 87679 104368 90426 107543 91185 108489 90149 107359 90551 107399 91454 108463 89374 106206 90643 107697 90797 108147 90862 108099 90967 108161 89455 106343 90850 108027 90526 107661 90288 107524 89189 106096 91316 108616 90658 108112 91089 108446 90659 107967 89749 106709 89932 106762 89345 106265 89936 107178 89809 106934 91328 108686 90055 107238 89727 106737 89650 106653 90294 107371 90935 107963 91582 108706 89183 106248 90179 107498 89540 106474 92235 109481 89559 106313 90155 107237 89617 106340 497
91893 109212 89947 107154 91754 109211 90635 107747 92590 109765 90295 107331 91860 108705 91336 108211 89871 106643 92049 109600 89769 106713 92321 110225 89291 106031 92683 110140 91220 108250 91548 108323 93067 110693 87603 104206 92349 109445 90497 107393 90529 107411 91101 108445 91712 109008 92620 110071 89941 107039 90290 107517 92120 109274 89898 106532 85067 101001 90388 107507 92131 109920 90188 107058 91664 109136 91790 108955 91794 109253 91165 108473 91591 108847 90874 108442 91577 109194 91135 108214 91531 109092 91171 108477 92079 109559 91072 108485 92650 110307 88588 105249 91392 108728 91018 108406 92314 109783 92432 109740 89127 105823 92498 109827 90445 107422 92323 109734 92797 109999 90461 107807 90461 107591 92450 109935 92400 109978 90067 107098 89673 106690 91245 108655 92526 109935 91609 108734 88224 104908 91401 108696 92025 109361 91654 109046 91226 108533 91568 108790 91351 108657 90769 107623 90084 106981 92068 109501 90420 107321 90540 107695 92953 110079 91790 109109 91314 108359 89893 106889 90661 107902 92653 110059 89841 106780 91572 108757 91460 108315 90295 107435 91067 108365 90944 108386 89948 107026 91521 108783 92147 109270 90503 107845 90731 107924 90988 108197 91269 108832 91710 109328 92333 109849 91668 109322 90522 107877 88557 105451 600
91278 108515 92445 109906 91066 107909 91549 108690 90180 107312 92851 110506 93396 111046 92701 110174 90478 107551 91685 109089 91866 108998 90995 108250 92515 110162 90053 107020 92772 110441 93047 110747 92700 110133 92225 109916 90629 107509 92460 109853 93034 110695 91108 108075 91750 109223 90891 108052 91881 109631 92233 109182 91842 109262 90429 107562 90894 108373 92785 110403 92100 109322 90175 107358 92459 110201 88425 105189 93236 110580 90054 107038 92695 110410 91635 109035 92493 109891 91218 108232 90694 107840 91574 109152 91436 108665 90398 107446 92977 110920 86558 102571 91617 108824 92498 110207 90521 107365 70466 83653 91603 109216 91270 108265 91578 109126 90744 108176 91937 109022 93484 111048 92476 109841 92447 109829 91868 109052 92915 110146 91871 109609 92349 109487 92321 109740 92788 110092 91445 109017 92649 109816 91712 109032 91542 108646 92761 110383 93572 111171 92378 109551 93447 111098 91512 108892 92229 109835 92709 110479 90906 108076 92262 109688 91608 109208 93788 111332 92662 110174 92780 110347 93176 111003 91713 109005 93227 110592 90311 107230 93220 110404 93446 110721 92205 109973 92256 109502 91645 108596 91520 109157 92828 110280 91605 109212 93198 110521 91997 109670 93591 111099 92505 110382 92705 110386 90945 108317 90727 107989 537
94431 111980 92097 109713 94780 112647 94671 112583 92098 109653 95342 113133 95179 113104 92576 110133 94058 111815 93293 111067 92527 110026 92599 110143 92543 110039 94482 112206 93444 111068 94884 112617 91077 108307 92246 109684 92093 109667 91044 107950 91347 108583 93482 111236 93325 110857 92484 109790 91937 109594 92581 110141 92454 110111 94573 112082 92157 109842 89685 106611 94811 112540 94446 112199 93236 110837 93156 110547 91897 108947 91035 108412 92428 109519 94550 112102 85732 102083 92986 110425 92905 110145 92607 109960 93912 111592 93369 110895 91791 109022 94187 111776 94858 112839 91200 108853 93458 111307 94404 112669 92974 110799 91085 108197 93724 111246 94567 112046 92306 110082 94219 112057 70832 84210 93902 112302 93905 111461 93561 111262 92659 110109 92649 110333 92725 110596 92359 109853 94469 112004 91950 109766 91229 108416 93822 111471 93073 110366 93488 110816 88349 105225 93751 111385 92905 110438 91760 108997 93398 111343 94648 112244 92861 110200 91224 108339 92560 109892 92677 109924 91536 109192 92618 110024 91047 108083 93283 111099 93427 110748 92883 110584 92554 110059 93354 111019 92723 109967 94000 112056 90946 108296 94599 112426 70893 84294 92334 109535 93801 111604 91798 109308 92961 110982 93319 110992 93089 110644 71385 85023 533
93587 111491 92952 110713 91904 109149 93628 111310 92528 109931 93071 110985 94713 112731 93762 111535 93103 110696 93056 110492 93061 111079 94332 112288 93727 111302 94084 111780 94390 112087 94299 111673 94166 112248 89391 105988 93754 111688 95510 113809 95107 112908 92854 110140 92934 110632 93984 111806 93836 111667 93345 110598 93860 111757 92419 109993 93690 111466 93237 110794 95174 113297 94021 112049 94820 112860 93852 111741 92979 110702 95327 113697 94148 111932 93969 111935 94931 112798 94294 111903 93692 110993 93331 110920 91623 108865 91014 108248 95905 114218 95326 113535 94190 112089 93374 110885 93277 111201 95895 113735 92611 110251 93666 111653 95008 113098 95358 113232 91447 108524 94328 111980 90179 107326 93649 111496 93600 110943 95029 113197 94718 112509 71716 85166 93918 111444 94152 112161 92925 110765 93153 110869 94060 111987 88937 105671 94596 112747 91177 108294 95201 113235 96326 114417 94626 112122 94693 112450 92455 109515 94710 112692 88389 105124 93698 111376 93867 111740 92369 109935 96503 114780 92877 110154 93812 111741 94086 111941 94121 112304 93355 110905 92981 110380 93962 111889 92099 109516 93937 111331 94274 112147 93072 110666 93426 111301 95846 113942 94073 111866 93561 111314 94574 112736 94004 111788 91870 109114 95315 113373 494
95372 113331 95076 113310 94481 112133 95953 114088 92928 110605 94655 112827 93223 110774 96282 114146 94067 112032 95725 113855 95058 113026 96209 114564 91846 109162 94415 112582 94975 113298 94989 113070 93979 111808 94977 113031 93499 110649 94082 111639 95509 113470 96712 114783 92870 110515 92622 110198 94104 112174 95315 113154 94698 112597 97084 115465 94439 112534 95304 113380 96662 114909 95706 113783 94460 112515 89282 106238 94388 112563 93372 110967 94915 113123 95920 114186 94591 112515 93431 111146 95261 112766 96709 115148 90013 106575 95565 113665 96172 114544 94834 112974 93801 111557 96619 114423 95537 113243 91407 108752 93554 111283 94580 112688 95008 113663 94756 112981 72224 85958 94498 112634 93755 111167 95838 114199 92745 110238 95079 113374 93245 110841 95091 112837 72518 86350 95492 113834 96065 114074 92977 110857 94807 112858 93636 111331 95133 113355 95751 113790 94373 112255 95298 113475 93302 111179 95044 113199 93426 111448 94965 113026 94863 112466 94668 112515 93725 111371 95764 113642 95143 112797 95690 113769 93911 111688 95661 113354 94886 112913 94404 112110 95997 114251 96381 114345 93948 111971 96043 113952 90610 107772 94003 111404 95555 113330 94273 111805 95317 113774 95509 113474 94070 112283 95139 113460 93575 110945 94894 113079 501
95572 113891 96409 114526 95220 113394 96588 114811 97824 116233 96290 114536 96047 114451 96092 114496 95891 114114 95432 113437 94372 112269 93012 110419 95943 114139 95177 113148 96472 114801 96869 114984 96293 114181 96256 114147 96643 114761 96119 113824 93882 111435 97054 115207 96813 114709 97398 116021 94539 112615 96197 114812 96835 115215 95724 113991 93626 110973 94903 112892 94471 112315 97462 115829 94936 112874 96696 114662 95206 113358 96962 115237 96412 115012 95940 114241 95109 113184 95550 113645 95245 113334 96549 114993 95926 114542 96832 114911 94548 112700 95845 113981 95666 113314 96247 114492 95027 112838 94586 111994 94612 112638 95712 113829 95574 113549 96134 114576 97542 115995 95202 113456 96140 113846 97604 115934 96174 114604 96004 114462 92975 110578 96236 114684 96002 114461 94616 112034 96070 114505 95023 113225 96254 114645 96990 115126 95844 113801 96451 114849 96872 115042 94308 112014 96585 114787 94766 112943 95500 113642 95189 113228 95271 113605 94175 112259 96846 114905 95536 113812 96454 114785 92819 110084 91005 108153 96601 115252 72575 86413 95658 114119 97639 116127 95219 113434 96148 114766 96860 115027 96104 113918 95779 113827 95231 113396 95203 113280 95349 113363 94543 112387 97577 115738 95839 113780 95928 114017 96819 115009 666
95109 113356 97137 115373 97279 115204 96895 115473 96207 114001 95570 113562 96667 115057 95378 113545 95269 112438 96712 115105 97905 116144 97780 116350 95723 113654 96483 114729 98581 117333 98290 116670 95645 113703 98061 116299 96584 114803 97017 115669 97279 115629 96969 115450 96874 115248 95507 113831 97446 115618 96509 114799 97955 116216 98589 117193 96844 114986 96716 114875 96181 114378 97106 115673 98743 117246 95390 113167 96970 115223 95849 114103 97146 115625 97025 115104 94371 112180 97092 115096 96783 114872 95231 113198 98544 117156 97223 115727 97309 115712 97004 115018 95642 113883 97883 116201 97915 116136 97604 116194 95356 113498 95640 113916 95238 113586 96879 114767 98237 116888 96509 114936 97290 115704 96461 114403 97687 115919 96330 114337 96655 115133 96958 114653 96281 114827 95600 113864 95660 113536 97479 115947 96191 114902 93184 110646 95983 113511 96391 115085 96612 114951 98215 116688 95540 113725 97585 116073 96796 115168 97004 115596 96617 114881 96847 115074 95961 113936 96681 114832 97867 116171 97346 115543 95826 113735 96815 115125 95757 114101 96695 114891 97096 115306 96454 114807 95412 113527 96414 114884 94034 111824 97191 115363 96652 115057 97297 115875 92889 110378 97075 115201 96537 114833 95068 113175 96324 114646 95475 113520 553
97247 115815 97248 115798 97683 116042 96767 114800 97948 116932 97753 116413 97820 116437 96788 115061 97808 116358 98134 116890 96938 115301 97589 116188 95906 114305 99457 117933 97084 115619 99790 118637 96607 114359 95566 113665 99465 118308 99076 117845 97393 116138 98293 116703 95666 113890 95007 113061 97461 116190 96211 114388 96794 115153 97563 116125 98701 117383 97942 116624 97329 115546 98534 117415 98349 116655 98166 116616 97804 116317 93223 110600 97284 116004 97948 116631 96656 115107 96835 114996 94509 112227 97897 116780 98113 116564 96759 115038 97209 115348 99033 118002 97069 114837 96564 114474 99078 117448 91052 108367 96595 114987 98297 116953 99416 118103 96527 114684 97545 116237 97563 116101 98381 117204 95448 113727 92269 109848 98452 117282 95867 113881 99047 117748 75297 89479 96642 114804 96985 115521 98084 116457 97811 116544 96023 114038 98707 117132 96867 114912 98645 117191 96688 115235 98261 116731 96952 115316 98978 117474 98578 117266 98176 116596 97714 116458 99205 117522 97629 115725 97918 116278 96686 114808 97086 115671 96649 115245 97143 115483 98455 116997 97530 115948 96854 114909 96315 114581 93576 111713 97286 115842 96739 115121 96830 115381 97278 115984 96744 115247 98357 117043 95868 113914 96905 114828 96692 115142 95184 113229 575
98794 117551 98422 116704 98559 117626 97343 115865 99357 118172 98038 116640 98872 117485 98250 116985 99500 118167 100372 119199 98726 117167 97609 116005 97586 116192 99034 117698 99420 118027 99294 118086 98826 117689 95881 114085 98607 117278 98627 117201 97261 115537 97097 115568 98615 117346 97060 115246 99678 118340 99116 118040 99415 118113 98496 117187 95285 112822 98916 117810 98614 117439 97854 116612 98068 116527 96310 114608 98673 116949 97511 115733 99695 118206 95376 113430 97059 115218 97735 116269 99772 118535 95565 113416 99756 118620 99864 118318 99211 117853 96621 114689 97530 115914 94671 112555 97983 116271 98119 116819 98482 117214 98705 117246 99443 118423 97711 116124 97190 115294 98249 116516 100430 119117 98528 117542 97825 116648 98318 117114 100592 119430 97938 116319 99500 118536 98025 116781 97962 116524 97488 115300 99454 118283 100211 119088 97618 116111 94974 112985 96950 115016 99479 117890 97746 116242 92424 110071 99134 117858 98800 117473 98716 117562 99548 118521 97621 115976 96781 115018 99777 118883 98413 116869 99389 118304 97669 116102 99744 118576 98593 117330 97495 116092 99860 119055 97722 116419 98625 117480 98757 117274 100079 118803 94002 111796 97470 116266 98414 117381 97435 115739 98527 117432 97566 116128 98222 116457 99008 117761 552
93929 111781 100628 119683 98063 116629 99088 117499 100305 119210 99057 117932 99714 117983 98470 117498 100297 119157 97626 115863 100044 118819 97541 116037 98731 117586 97832 116877 96985 115518 99896 118750 100179 118852 98969 117338 99896 118349 100403 119650 101584 120763 95554 113638 98860 117551 101034 119868 98482 117067 99678 118540 99891 118799 100725 119467 100660 119465 99282 117643 100001 118873 101273 120279 99930 118959 98618 117227 98497 116733 99741 118733 100751 119826 95797 114001 98183 116517 100606 119351 99823 118799 99984 119127 99065 118031 100676 119872 100543 119774 99758 118883 99594 118675 100417 119393 94869 112708 100087 118718 99245 117922 99752 118740 100146 118775 99248 118537 100179 119264 97015 115563 100335 119423 96988 115422 75874 90362 96691 115094 100993 120086 94685 112365 98806 117746 99204 118169 100594 119974 98790 117383 99868 118736 100079 118654 98593 117407 99042 117859 98402 117015 98201 117209 97896 116560 99228 118199 99910 118481 100936 119748 100062 119039 100242 119620 97584 115807 98980 117735 98747 117335 101344 120467 100697 119931 100292 119071 99571 118989 99592 118367 98970 117635 99057 118039 99089 117895 98978 117560 98751 117048 98381 117310 100006 119075 99181 118228 98679 117533 99540 118651 99596 118440 99187 118186 99236 118332 98824 117265 583
100815 120039 98676 117320 100802 119905 97151 115626 99050 117487 100366 119582 93665 111269 100318 119323 100866 119902 101704 121072 101201 120705 101524 120649 100216 119308 101243 120365 101810 120887 99141 118237 98878 117496 98476 117020 98969 117865 99987 118760 100817 120053 99427 118411 101032 119981 98992 117813 100004 118628 102703 121793 102259 121703 100725 119700 100757 119488 100350 119433 100250 119075 100763 120194 100064 118998 99634 118291 100166 119198 100240 119379 101646 121229 99029 117683 101187 120330 101669 120784 100171 119838 102602 121722 100710 119635 99864 119110 99373 118487 101642 120995 100965 120232 99674 118741 101134 120300 100389 119739 99945 118860 99821 118871 102617 121984 101684 120651 101093 120267 101437 120639 100765 119991 98180 116627 76304 90724 98568 117137 99452 118262 93217 110745 101128 120417 101176 119642 99875 118978 98823 117309 99992 119437 99098 118085 101290 120386 96609 114852 101065 120130 99810 118758 101045 120548 99293 118169 98648 117224 100862 119800 99659 118621 101574 121185 100259 119360 95057 113341 101836 120958 99449 118371 101882 120891 100240 119380 101250 120360 99237 118020 100452 119069 100455 119772 99791 118999 97845 116297 100478 119805 101193 120226 100247 119288 100606 119873 100723 119766 100312 119421 99762 118688 100517 119527 100530 119312 100187 119372 586
100709 119198 100439 119693 100625 120184 99560 118575 98506 117183 102426 121731 99379 118169 102779 122479 100484 119433 99999 119241 99157 117908 97159 115252 101755 121059 104719 124673 103438 123018 102792 121786 102920 122606 100994 120438 103051 122496 98295 117017 101224 120465 101915 121749 99660 118611 102606 122165 101559 120760 101472 120410 102914 122432 102081 121742 99468 118113 101659 120989 100899 119840 101794 120977 100721 119927 102046 120935 101406 120062 100825 120232 101769 120823 94774 112822 101154 120254 101681 120934 98163 117024 102090 121193 101119 120442 100615 119248 101010 120462 100089 119067 99645 118783 101661 121101 102084 121338 100665 119849 102122 121167 101093 120271 100722 119810 102547 121690 103081 122436 102675 121622 102308 121690 101679 121158 100088 119123 101927 121338 101020 120213 101602 120662 102389 121643 102624 122043 100016 118531 100311 119047 101519 120898 100932 120214 99568 118180 102304 121210 102533 121799 100776 119967 101949 120939 101638 121029 101323 120660 102162 121308 102060 121300 101106 120247 101133 119813 102711 122284 99604 118308 101896 121073 101933 121093 101983 121333 102525 121993 101673 121137 99571 118156 101648 120710 101753 121052 100362 119687 102815 121856 102149 121852 101845 120963 102261 121681 100089 119129 99582 118586 100850 119974 103270 122619 101318 120488 100265 118888 586
102571 121917 102979 122320 101324 120387 102520 122151 101503 120971 103412 122915 101710 120871 101174 120144 100294 119086 77815 92669 101482 120884 104386 123934 102675 122121 100549 119288 103068 122530 101026 119981 102739 122363 102052 121050 102689 121836 101636 120897 102482 121875 103423 123069 102705 121848 103223 122538 100792 119751 100747 119589 101519 120848 102502 122064 103050 122442 101940 121163 103359 122829 102127 121575 101431 120459 102984 122519 101373 121003 102470 121976 102914 122586 101975 121281 101068 120465 103686 123505 102271 121551 101721 121438 103506 122874 104104 123689 102750 122124 103461 123465 102391 122289 102927 122403 97797 116220 102166 121968 103340 123106 101332 120615 102499 121988 101326 120873 102085 121857 103524 122839 101748 121011 104151 123864 103127 122806 103057 122520 77754 92328 101121 120640 101087 120059 99264 118218 102900 122697 101915 121358 102948 122135 101646 121089 101767 121118 103799 123168 102235 121129 104095 123863 103309 122953 101829 121176 103461 123263 98089 116778 102639 122099 103099 122371 102042 121822 102250 121715 100649 119445 100061 118980 100625 119751 103260 122521 103146 122698 97706 116068 105425 125278 98826 117356 101178 120075 104033 123867 101729 121020 103366 123165 104420 124238 101858 121370 102242 121603 103021 122476 103958 123531 102196 121061 103463 122943 101999 121338 516
103392 123085 103776 123212 103568 123480 97166 115586 103554 122871 104773 124547 102579 122188 103889 123483 101746 121099 102567 121557 103591 123186 104367 123951 103992 123876 102214 121627 102681 121613 103119 122620 100906 120051 103059 122267 102558 122317 103876 123625 103732 123370 101504 120739 102234 121489 103788 123114 102132 121542 104698 124462 103587 123071 102024 121376 103475 123146 103313 122835 98489 116925 103856 123686 104020 123873 98583 117235 101125 120286 103987 123404 102742 122452 101847 121004 102373 121911 103780 123375 103845 123163 103949 123418 101696 120855 101714 121138 104479 123972 103894 123195 104100 123888 101954 121301 102559 122170 103755 123663 98101 116944 102271 121567 103563 123693 104132 123713 100091 119183 102733 122066 101198 120374 99656 118247 102656 121940 101769 121320 103519 123353 104430 124024 102034 121530 103707 123092 105824 125556 102444 121955 101301 120648 102059 121302 102711 122418 100366 119277 103309 122818 102750 122017 101330 120393 98651 117341 103917 123713 102599 122404 103771 123325 103232 122712 102404 121988 99892 118421 104196 124273 101426 120504 101163 120349 102613 121863 103890 123111 103437 123197 102140 121236 102082 121483 101234 120492 103141 123283 101067 120525 103433 123213 102341 122139 104661 124362 101984 121452 103169 122485 100528 119440 103144 122550 102774 121975 102565 122149 633
105221 125017 102869 122349 103792 123529 106020 126350 102325 121916 104630 124273 104180 124158 103542 123351 97745 115995 99461 117925 103651 123450 104199 124172 104537 124426 103254 122423 104208 124039 103631 123244 105302 124944 104345 124304 102440 122127 103801 123534 104812 124643 105092 124869 102401 121589 102071 121226 103689 123012 103261 123247 104749 124871 104690 124020 106347 126372 103822 123493 105284 124990 105410 125570 104912 124580 104714 124317 105125 124700 103705 123424 104634 124410 103169 123159 104566 124115 105163 124564 103260 122905 103941 123868 104254 124377 100310 119353 104349 124436 104299 124043 105403 125211 102973 122676 102638 121976 103194 123080 101861 121214 103465 123361 101766 120958 104460 124552 102947 122407 103829 123645 102882 121863 97251 115292 105122 124913 104168 124158 103332 122909 104015 123754 104602 124568 104160 123955 103683 123353 104959 124860 104338 123815 104210 124313 103385 122575 103869 123597 103109 122412 107094 127402 104920 124835 102082 121351 105868 125825 104657 124270 103851 123459 105081 124967 104300 124302 104660 124043 102129 121524 105641 125416 104655 124476 103982 123756 103762 123475 103538 123549 103865 123658 102331 121797 102811 122341 104419 123975 105096 125083 103209 122969 104371 124362 106056 126164 102527 122108 103656 123226 103795 123750 104529 124238 105082 125107 104079 124025 639
98364 117033 106009 125875 105645 125712 104126 124202 107185 127307 106270 126143 104704 124900 104111 124086 104573 124357 102862 122124 104232 124261 104659 124571 107075 127359 104202 123925 105771 126051 105221 125019 102046 121563 104416 124145 97253 115508 106121 125948 105525 125315 101393 120350 105483 125334 103575 123342 103929 123877 105005 125115 106002 125880 103857 123729 104359 123997 105406 125356 102974 122544 102923 122477 102607 121829 105553 125404 105749 125347 104617 124409 104154 124084 105600 125525 104688 124358 105125 125209 105053 124980 105152 125543 105569 125804 102100 121254 104418 124695 104613 124576 103576 123141 104878 125110 104702 124651 100493 119097 104817 124563 79799 94988 104562 124660 103367 122624 106603 127142 104645 124501 104050 123673 102936 122683 104303 123915 103597 123098 104653 124430 106111 126055 104804 124151 106010 126683 104917 125009 105041 124971 105366 125213 102224 121813 103058 122632 104170 123764 105519 125484 104663 124806 103393 122812 105596 125718 104187 124331 103892 124021 102068 121558 101619 121087 104499 124448 104386 123998 104246 124381 105014 124978 104174 124202 103167 122773 104404 124314 104963 124594 105718 125626 103627 123287 105465 125172 106442 126677 103346 122827 105162 125109 103571 123443 104502 124005 103865 123494 105764 125951 105722 125894 104255 123951 105431 125457 105299 125111 608
106074 126248 106587 126700 103406 123485 106157 126387 103800 123343 105472 125659 106130 126526 104316 124336 105080 125299 105494 125626 105366 125523 104236 123869 103858 123383 105026 125048 106087 126503 106113 126415 106306 126441 105026 124999 107409 127620 105990 125733 106028 125953 106096 126446 104558 124263 104250 123818 106375 126616 107024 127275 103874 123439 106658 127057 100529 119916 106067 126307 106111 125990 79442 94456 106565 126783 105737 125785 101927 121429 106228 126415 103811 123368 106554 126663 103710 123349 105507 125373 100795 119492 106995 127033 105900 126242 105838 125998 105964 126320 104810 124622 104627 124638 103722 123577 106989 127308 99337 118329 104055 124117 99396 118116 104878 124954 106844 126848 106114 125856 106676 127100 106282 126287 106406 126686 103486 122874 105475 125168 106330 126779 105932 126117 106734 126742 105621 125921 103975 123590 105377 125494 107312 127481 106445 126516 105543 125680 105455 125302 106797 126727 107245 127469 106195 126163 105299 125507 105626 125512 106772 127097 107686 127955 106083 126333 105470 125171 106084 126174 107815 128097 106984 127112 105049 124740 104026 123703 101895 121022 105303 125094 105694 125686 104448 124601 104294 124194 105004 124843 105801 125539 104672 124615 106207 126281 105179 125373 105373 125388 105704 125958 106399 127002 105340 125574 105242 125119 107092 127094 504
106418 126618 106047 126294 106844 127610 105948 126094 107123 127342 106582 127210 106844 127339 105968 125924 106001 126172 108174 128062 107542 128375 105523 125680 105366 125045 108679 129195 105188 125285 107643 127897 107459 127850 107884 128365 107819 127802 104575 124026 107365 127872 107782 127944 105040 125031 103139 122431 108045 128499 105904 126333 105987 125820 107493 128129 106452 126691 107657 127950 104585 124353 107561 128236 106393 126889 106656 126942 106090 126596 106658 127034 99458 118275 108270 128447 106454 126512 105046 124583 108518 128786 106616 126618 107614 128205 105476 125487 105989 125817 107694 128161 102051 121370 105111 125434 106621 126814 106239 126782 106844 127207 106217 126462 106029 125998 108873 129160 105268 125156 104524 124478 107542 127968 107506 127748 106353 126083 101513 120938 106668 126872 107744 127970 107135 127259 105266 125313 108323 128714 107989 128772 108168 128465 107188 127426 106059 126358 106787 127268 108115 128418 107696 128186 106460 127017 107353 127686 106824 126948 108955 129227 106992 127398 105782 126061 106681 127236 108249 128369 107598 128036 105588 125603 107185 127459 105918 126217 106173 126545 105841 125878 81822 97256 105882 125874 107771 128279 105264 125203 107076 127444 107569 127947 107022 127014 107302 127645 105276 124797 106173 126467 105244 125057 107221 128038 105194 125238 107652 127995 722
107641 127844 109425 129988 109674 130135 106385 126388 107081 127358 105945 125873 107921 128643 106252 126734 107352 127865 108111 128078 105864 125797 106986 127762 106448 126574 107136 127530 107726 128397 108388 129066 108532 129655 108500 128584 107343 127682 107442 127461 107671 128164 106215 126567 107024 127424 109530 130164 105766 125841 108087 128597 105542 125551 106271 126359 108770 129399 105529 125669 107232 127811 105827 125620 104127 124015 106953 127224 106205 126318 106528 126527 107247 127561 108866 129126 107304 127415 109028 129446 109568 130332 108197 128276 108463 129171 108558 129129 106602 127139 108484 129184 109083 129821 108381 129057 108689 129240 104681 124255 108678 129116 106750 127283 107405 127429 107735 128126 108113 128599 107743 128169 106815 127478 106335 126469 104220 124102 107392 127913 106673 127108 107360 127415 108273 128882 106083 126166 105935 125939 108665 129046 108391 129204 109000 129577 107139 127503 107013 127143 108672 129249 106163 126398 106129 126334 108816 129183 107103 127686 104277 124336 109037 129453 108950 129668 107815 128303 106665 127139 107282 127394 107732 128094 107795 128401 105718 125756 107276 127921 106147 126351 107201 127799 106087 126196 107895 128413 108003 128805 107081 127540 107397 128000 106382 126429 105588 125527 108133 128723 104564 124282 107963 128668 107008 127210 107719 128201 106394 126621 600
108130 128662 108485 129306 107305 127492 108505 128800 108538 129203 108131 128766 107915 128632 106857 127038 105783 125956 108262 128793 109431 129952 108192 128967 107843 128428 105864 125719 108519 129385 108214 128903 108090 128791 106915 127263 106683 126883 108144 128896 107886 128269 108423 129044 107940 128549 108810 129333 107545 127850 106970 127316 107891 128573 107388 127801 106570 127124 109067 129349 108191 128874 108065 128357 108440 129133 107029 127408 107702 128297 109103 130069 82524 98223 108440 128511 107031 127119 109216 129476 108067 128678 108253 129685 109403 129753 108247 128646 108398 129239 107517 127748 104319 123861 100989 120093 107937 128590 111027 131772 106384 126539 101672 121067 109324 129977 102967 122444 110263 131016 107513 127976 107881 128636 107274 127478 109455 129966 110781 131656 109961 130597 105749 125956 109703 130511 103041 122265 108651 129154 108946 129493 108811 129388 109098 129690 109076 129857 109889 130644 107438 128137 109273 129810 108337 129030 107668 128038 108994 129591 104623 124619 103695 123554 105450 125502 110029 130969 107934 128580 103366 122953 107710 128297 109050 129924 106678 126901 108849 129918 109209 130242 108217 128685 107481 127665 108189 128792 109210 130137 109108 130047 107919 128524 105729 126178 107675 128402 108278 128868 108685 129251 107826 128572 107122 127664 109469 130135 109748 130136 653
109250 130188 108472 129055 109461 130243 109059 129866 111704 132952 109084 130084 106869 127178 111672 132731 107375 127763 108973 129412 111019 131884 108860 129754 110202 131011 108777 129745 109017 129869 107396 127763 108832 129617 110131 130875 109332 129618 108425 129001 109108 130081 109562 130632 111141 132118 109206 129631 106235 126178 109435 130181 108828 129530 110186 131293 106644 126842 110397 131075 108806 129735 108359 129066 105923 125684 108975 129545 110021 130811 110047 130704 109582 130328 108975 129173 107924 128512 110507 131055 108961 129658 109913 130402 109576 130686 110364 131600 108966 129933 109415 130371 109501 130361 110322 131144 109601 130380 108414 129183 109575 130055 107591 127792 109120 129992 109223 130278 110845 131986 110402 131487 109299 129531 110080 131316 108698 129292 109467 130064 109533 130392 109057 129930 111696 132684 110120 131065 110186 130947 109382 130107 110753 131592 109117 129575 108310 128946 109979 130918 110642 131378 109475 130400 108599 129214 108921 129721 108583 129424 111449 132247 108733 129663 109515 130145 110694 132214 110571 131630 109226 130243 109730 130562 109518 130422 109677 130691 107815 128263 108505 128577 109760 130354 110414 131508 109642 130543 108669 129063 108156 128645 107391 128013 108102 128705 109046 130014 109455 130272 108739 129582 108669 129086 109922 130701 108525 129344 109756 130775 486
110700 131235 109646 130161 111950 133179 111013 132205 111085 132196 111728 133029 109761 130522 108780 129487 109338 130283 110723 131778 110421 131155 103065 123003 110485 131074 108110 128315 110297 131453 111154 132170 109739 130434 105033 125112 103349 122924 109780 130628 108159 128218 106801 127141 110705 131935 112495 134003 110093 130989 110581 131092 111171 131926 108464 129096 111949 132960 110724 131334 110649 131668 110666 131532 110389 131175 111328 132359 110123 130986 110610 131846 109176 130050 110467 131107 109121 130103 108614 129089 108022 128325 107582 127960 111156 132151 109495 130522 111380 132179 110139 131332 107046 127476 110274 131557 109838 130998 107409 127826 109287 130288 109499 130158 109899 131044 107513 128197 111593 132515 111231 132288 109257 130599 110515 131467 111172 132080 111254 132234 110827 131673 109060 129302 112079 133069 111243 132313 111359 132856 108479 129221 108473 128932 111035 132318 111094 131970 110280 131101 111260 132390 110979 131594 110687 131282 104948 124797 112154 132609 109074 129712 110631 131726 109641 130580 112269 133177 108977 129920 110672 131477 108923 129638 108981 129402 110064 131003 110579 131096 109880 130763 111446 132128 110602 131750 109605 130170 112073 133144 111559 132432 104665 124109 108171 128592 109941 130847 111303 132517 110802 131499 111788 132880 111070 132349 106125 126485 112190 133355 633
110435 131625 113685 134924 110429 131485 111075 132201 110606 131902 109616 130528 111737 132705 111413 132650 113001 134709 112384 133199 109642 130080 112659 134177 112564 133621 112960 134476 112331 133475 110814 131931 108315 128769 110718 131984 112797 134239 110839 132198 111205 132529 111779 132971 112119 133633 112721 133772 110911 132293 109345 129917 112544 133943 110771 131933 110559 131494 108632 129292 111520 132572 110704 131729 113416 134739 111272 132343 109275 130110 112623 133899 112971 134432 111574 132941 112562 133982 109084 129707 111922 132832 110310 131244 112218 133654 110603 131795 112326 133211 110001 131068 111450 132270 109895 130902 109948 131056 112859 134086 110342 131555 113683 135400 112058 133381 111268 131945 111044 131651 110671 131695 110846 131939 112498 133774 109618 130133 109595 130223 109057 129772 110343 130982 109599 130210 113259 134561 109549 130366 110213 131242 111801 133213 111590 132614 112224 133131 111280 132573 109553 130224 110358 131621 109722 130504 109778 130420 113279 135166 112481 133335 112056 133289 112589 133658 84567 100604 110946 131849 110945 132261 109039 129653 112108 133127 110788 131728 111290 132084 112224 133859 111148 132391 110630 131236 110682 131676 111800 132778 112712 134295 110141 131485 110675 131879 110336 131002 112545 133513 109901 130246 110477 131449 111967 133124 109996 130980 110225 131389 794
112401 133741 112351 133374 111720 132995 112049 133273 113343 135175 112404 133836 111442 132554 112298 133897 105275 125265 112722 134142 110663 131736 112662 134205 111181 132427 112798 134297 107270 127479 111405 132600 112518 133787 111826 133166 110868 131841 111996 133356 108079 128832 112547 133738 112060 133372 112240 133197 111425 132934 113697 135084 113139 134686 112203 133125 112309 133328 111723 132407 113496 134908 112671 133654 114548 136072 113775 135015 110567 131711 113216 134780 107112 126925 110874 132078 112158 133556 112918 133659 113190 135038 112757 134164 112210 133079 110045 130801 112376 133634 112619 133832 111094 132092 112744 134150 113300 134682 112715 134375 111366 132196 111451 132013 110264 131077 109997 131075 112897 134421 112397 133869 111023 132143 111786 132856 111871 133309 112979 134824 109941 130391 111977 133392 111483 132454 111816 133333 106683 126634 110763 131805 114541 136640 111529 132572 112960 134060 112647 133464 113746 135384 110577 131156 113311 134802 113335 135039 111507 132822 114733 136589 112996 134545 109395 130255 110314 131256 111820 133103 112670 134192 110637 131549 111061 132627 112295 133970 113041 134127 112642 133675 112406 133708 111850 133301 112269 133420 112538 134064 113280 134773 113516 135300 111608 132939 113105 134504 112815 134326 110176 131254 112172 133420 113329 134675 111599 132666 111202 132169 629
113017 134434 113501 134762 113408 134511 112566 133246 112672 134201 114746 135939 113425 135049 113807 135397 110388 131317 112532 133902 112788 134241 114628 136040 113027 134246 110498 131606 111319 132628 111657 132653 115075 136960 111859 132893 111037 132252 85279 101493 112715 134281 114464 135779 108165 128604 113371 134440 114386 135759 114640 136419 111824 132998 113913 135255 111903 133403 110866 131905 109521 130495 113733 135287 113502 135046 113177 134612 112552 133857 112673 133885 112977 133773 112913 134371 111953 132926 113477 134919 110699 131729 112548 133872 111819 133184 113422 135098 113819 135027 112973 134710 109935 130905 112418 133651 111918 133394 111666 132712 86715 103053 112848 134238 112102 133497 114787 136485 113435 135146 114242 135700 112689 134158 113129 134247 114117 135369 114098 135580 110846 131725 114299 136102 113680 135260 110133 130840 111776 133164 113451 134610 114000 135506 113010 133920 113504 134967 112166 133381 112446 133869 112973 134336 114057 135630 113648 135103 114532 136030 112917 134429 112985 134274 112352 133605 110873 132088 113564 135195 114464 136190 114408 136083 112807 133861 110985 131872 112399 133824 112079 133452 113400 134996 112267 133444 111330 132737 113848 135421 113128 134520 114266 135942 113678 134688 113967 135230 112458 134053 113378 134847 114280 135898 111702 133101 110934 132039 112400 133582 633
112053 133073 113112 134690 114303 135947 114688 136214 114152 135411 111985 133297 112970 134643 112067 133483 115259 137075 109624 130286 111794 132886 114454 136303 108962 129409 112852 133945 112100 133274 113867 135574 111350 132350 113440 134320 115280 136785 112317 133966 114554 136582 114543 135453 114363 135442 114739 136474 113355 135123 112680 134088 114768 136540 113904 135530 112459 134004 115064 136805 114014 135508 113927 135699 114551 136582 112072 133348 111503 132279 113736 135293 114891 136695 114389 136493 113861 135064 112725 134095 113744 134997 111851 133373 109119 129449 113416 135252 112871 134370 114484 136350 113440 135229 116252 138202 113877 135730 115328 137107 115495 137007 114815 135978 113377 134963 115070 136614 114526 136350 114865 136933 115434 137325 112592 133826 114969 137001 113248 134609 113700 135323 108148 128419 113549 135328 113995 135695 114030 135871 114981 136454 112898 134594 114869 136446 115034 136596 86419 102940 113508 135382 114417 136238 115583 137610 112594 134026 114519 136015 113472 134659 114773 136523 114735 136185 108136 128570 114402 135866 112807 134267 113691 135306 114537 136460 113832 135074 86357 102778 113854 135354 113028 134434 115311 137055 113559 134998 109668 130307 109120 130068 112742 134338 113871 135548 116170 137576 114833 136957 112856 134252 114624 136401 113481 135319 112028 133575 112737 133934 761
113676 135183 115809 137692 114430 135934 116190 138036 114531 136488 114513 136359 113091 134411 115493 136804 113860 135481 113171 134452 115772 137898 113668 135728 114584 136243 111201 132200 115341 137355 115557 137500 114471 136114 115533 137264 116469 138429 115201 137059 114939 136833 115546 137467 111550 131970 117474 139440 115191 137006 113340 134665 115584 137707 112791 134518 113500 135111 115157 137136 113061 134101 114637 136216 114924 136468 116469 138271 114003 136035 113200 135155 113189 134757 116547 138662 114139 135790 115078 137215 115708 137307 114849 136386 115301 137034 115244 137089 115086 136811 116138 137967 115510 137420 115179 136562 106964 126822 113116 134346 115749 137669 114872 136383 116022 138422 109983 131169 114850 136646 116015 138149 114953 136901 115899 137741 114724 136623 114245 135867 115847 138006 114207 135488 111234 131910 116065 138193 117028 138897 115700 137686 114417 136212 111502 132867 112696 133954 116108 137974 111963 133384 116274 138182 113465 134982 116328 138669 114039 135361 114684 136280 109206 129521 113827 135287 113035 134331 115148 136891 115541 137362 113113 134520 114544 136425 116060 137784 114079 135604 115219 137032 114161 135986 114154 135750 113102 134618 113405 134588 114106 135526 114365 136286 114327 136024 114870 136514 114735 136436 116508 138712 87700 104568 111574 132410 115824 137814 114492 135924 667
116333 138283 116888 138789 116283 138283 115835 137711 117090 139042 114968 136958 116070 138422 112662 133702 117439 139521 115539 137521 115456 137512 116424 138436 115412 137011 116000 137882 114644 136568 116080 138246 114088 135825 116198 138660 113565 135099 116343 138335 117612 139730 114222 135706 114523 136154 114739 136222 116750 139303 114669 136461 115898 137791 115563 137473 110286 131482 115191 137081 115281 137527 114677 136664 117194 139468 116191 138117 117502 139581 116570 138817 114848 136804 116753 139020 114878 136827 115230 137343 117589 139779 114300 135988 116061 138574 114204 135732 116465 138399 113275 134847 116703 138513 116357 138220 116166 137766 116226 137551 115424 137106 115947 137537 114054 135472 111303 132109 114917 136799 115351 137075 117533 139945 112967 134251 114738 136694 116620 139006 113016 134299 117306 139521 109539 130251 116711 138863 115104 136978 114719 136362 114999 137007 115358 137368 115963 137898 114757 136578 116641 138824 115362 137145 109533 130453 115836 137750 117064 139430 115555 137501 110988 132033 115850 137471 113841 135421 115830 137381 114975 136796 111788 133220 113882 135621 116617 138337 112882 134130 117201 138899 114653 136647 116022 138500 117389 139899 116719 139429 114936 136440 116079 138007 114346 136283 116539 138645 114366 135829 116851 138868 115531 137053 115332 137479 111321 132115 115060 137132 666
117723 139914 116016 137800 117763 139572 116325 138521 116296 138772 116973 138978 116490 138823 116630 138300 114786 136451 116882 139320 116266 138408 116247 138310 116565 138350 115313 137552 115845 137847 116238 138052 117509 139872 116300 138248 113990 135810 117509 139512 116395 138599 117323 139135 116184 138163 116575 138495 116035 137474 116004 137755 115059 136659 117256 139942 115501 137278 113578 135217 110902 132060 113894 135589 115546 137073 118440 140904 116430 138446 109709 130160 116588 138130 116923 139049 116287 137967 114212 135258 115506 137341 114590 136190 115851 138056 117247 139158 114939 136779 115734 137861 116497 138864 118044 140707 115697 137766 116537 138519 115020 136734 117373 139581 118282 140376 115330 137250 116598 138540 117396 139065 116521 138386 117360 138998 117261 139665 116851 138902 117679 140151 118705 140727 115440 137496 115915 138038 115664 137438 116783 138903 115658 137470 115157 137046 117491 139859 115255 137149 117560 140003 115033 137107 115852 138145 116932 138783 116414 138644 117173 139038 116995 139388 117038 139032 115586 137769 112807 134429 114715 136391 116514 138276 116502 138767 117492 139270 114394 135870 116229 138482 116081 138689 118711 140993 116971 139076 115707 137523 117816 140283 115622 137442 116065 138256 117368 139178 117052 139076 116041 137987 115461 137463 109964 131133 114561 136529 117199 138957 679
116382 138652 117323 139417 117475 139654 118091 140339 115761 137518 116543 138877 116125 138194 114837 136552 117307 139559 115352 136988 117833 140114 118451 140652 117645 140313 118341 140310 116789 138901 116756 139031 117027 139570 118067 140327 117530 139955 117266 139745 116195 138178 117785 140258 115981 137612 119777 142215 118335 140744 117342 139662 116025 137964 116266 138256 117860 140616 117159 139304 119622 141948 116315 138656 90175 107049 117206 139598 115125 136966 118215 140569 118342 140686 117848 140169 115072 136767 117592 140317 117195 139589 118532 140616 119310 141798 116660 138709 118323 140822 119152 141678 118841 141053 116972 139043 117931 140259 117325 139504 117565 139507 111101 132388 117178 139533 117704 140241 117044 139394 115292 137232 116381 138777 117815 140415 116570 138003 116188 138564 117453 139561 110569 131677 114041 135237 115728 137683 117193 139475 117425 139952 116749 138754 117531 139963 118612 141196 116330 138535 116653 138658 116789 139197 118753 141161 118017 140387 118977 141482 118050 140541 114513 136432 118184 140563 117662 139867 118423 140890 120206 143114 118263 140413 116184 138090 118728 141033 116130 137850 118076 140508 90341 107416 115148 137144 117870 140241 117674 140188 89359 106114 118046 140655 111870 132776 116205 138454 116699 138491 117686 140036 118436 140972 116101 137980 115672 137810 119045 141542 668
118192 140872 119480 142331 117473 140264 118482 140788 116875 139075 111012 131905 119246 141756 117142 138782 119810 142414 113439 134822 117468 140072 118546 140733 118455 140803 118139 140270 116543 138621 118205 140445 117927 140479 117265 139300 118989 141572 120438 142844 115938 137666 119299 141990 117339 139523 119654 142614 119296 141956 117394 139749 121078 143943 118127 140431 117906 140396 115147 137208 110606 131934 114926 137065 117420 139929 119511 142318 118208 140659 120267 143189 117760 140208 117289 139104 116664 138990 118168 140652 117329 139574 116379 138538 119691 142274 118319 140999 117247 139606 120105 142476 118505 140949 118025 140475 120363 142960 115748 137395 116639 139028 118599 141044 117382 139658 119801 142424 120940 143975 118138 140644 118898 141473 119588 142213 117560 140178 118925 141227 120047 142568 119133 141744 118923 141542 119155 141657 118365 140557 118501 140983 118494 140982 117264 139790 118886 141212 118515 140890 120041 142582 118835 141268 119002 141648 116348 138299 118894 141408 118903 141753 118232 141290 119131 141497 118831 141536 119076 141763 116703 139281 120236 142893 118682 141326 120548 143155 113298 134654 118855 141300 90354 107513 117876 140437 119058 141324 118225 140696 117581 139661 117831 140403 113526 134707 117617 139570 118428 140801 118255 140866 118886 140969 118479 140533 118566 141328 118601 141237 631
118980 141272 117946 140455 119989 142646 117774 139926 119662 141764 120941 144166 113123 134683 121263 143912 120391 143228 120292 142654 119787 142505 120675 143083 118867 141289 119439 141855 118903 141334 121448 144125 119275 142126 91499 108914 116925 139127 119293 142050 121026 143669 121804 144874 117998 140541 120899 143390 120292 142987 113089 135087 118341 140668 116774 139105 117578 140004 118133 140295 117911 140146 117111 139321 117096 139481 117232 139383 120725 143828 120942 143590 121052 144304 120636 143361 120928 143831 120648 143088 118684 141123 118752 141707 119151 141810 119242 141970 112204 133452 120903 143976 119673 142373 121486 144167 121911 144969 117471 139725 117927 140130 118944 141445 118943 141618 117820 140429 118621 140947 118041 140728 119946 142778 120485 142761 120395 143048 119282 141785 120755 143651 119056 141884 119172 141843 113933 135482 120345 142744 120739 143369 89257 106216 118248 140531 119837 142649 118737 141044 119388 142209 117790 139948 117600 139869 119610 141852 118901 141336 118427 140997 118204 140996 118966 141636 117814 140351 119947 142736 118896 141370 119464 142112 118659 141052 119721 142426 118922 141035 119152 141424 119217 141551 119331 141894 121315 144124 115945 137840 117739 140447 120185 143048 91466 108794 120758 143692 119085 141643 118090 140226 121416 144211 121136 143382 119086 141957 121145 143874 710
119530 142085 91202 108550 122034 145280 121428 144183 118859 141627 121027 144094 119619 142268 118297 140615 121184 143927 120499 143256 119102 141527 120042 142570 119570 142419 120380 143562 121923 144836 112593 134125 117936 140221 119095 141801 119242 142023 119985 142603 118762 141930 116049 138193 120417 143153 121245 144300 120540 143409 120043 142657 118101 140502 119851 142721 119262 141838 119785 142601 119381 142078 120649 143387 120716 143447 121174 144288 120869 143736 115498 137128 121261 143810 119854 142572 122082 144983 114142 135603 121438 144436 120920 143759 121933 144827 122400 145129 121870 144723 120085 142784 121216 144323 118854 141168 119289 141980 120155 143100 119570 142106 121037 143779 115355 137383 119601 141797 121126 143911 120701 143617 119917 142631 122472 145341 120911 143515 119142 141825 119065 141938 119608 141952 121169 144276 122001 145367 120367 143012 121652 144708 122025 144964 119610 142395 113451 134465 119323 142018 120502 143238 120249 142742 121839 144778 120417 143635 119666 142478 119999 142686 119572 142425 120818 143505 119598 142337 120174 143060 121565 144436 122130 145221 119821 142878 119306 142260 121440 144819 120706 143794 120169 142799 120766 144210 120523 143694 118287 140812 122377 145515 119940 142252 121531 144624 119181 141693 120920 143930 123017 146416 117778 140195 120235 142540 120075 142877 120449 142990 605
119552 142122 121934 144900 119393 141936 121459 144274 118334 140706 120870 143926 120704 143322 120492 143321 120591 143238 121062 144491 118462 140790 120992 143798 120773 143868 121884 144906 121741 144423 121086 144083 119833 142497 122517 145356 122562 146112 120258 142639 119447 142367 122859 145941 121285 143854 122595 145496 121170 144147 119462 142171 119916 142751 120787 143444 121268 143812 120166 142454 117122 138887 121247 143886 121762 145185 121397 145067 120378 143002 121081 143952 121332 144044 121343 144619 117229 139518 121920 145082 121578 144707 119501 142036 121401 144293 119230 141805 116901 139119 122883 145944 120512 143300 119950 142758 122634 145757 123133 145922 122619 146004 120855 143711 120797 143423 120739 143590 118263 140311 120852 143320 120638 143674 121543 144536 122659 145662 92759 110025 118119 140307 121184 143975 123047 145987 119449 142487 123604 146889 121854 145176 122196 145169 121214 144462 119235 141749 121279 144514 113012 134548 122957 146176 122478 145186 121257 144409 120395 143457 120206 143344 120593 143252 121875 144998 121550 144663 119996 143096 124126 147365 122486 145671 120501 143425 120848 144034 120382 143519 120952 143970 120907 144060 122795 146370 122189 145206 122696 145596 121844 144924 121807 145060 120557 143456 121243 144198 119790 142471 120991 143955 121044 144213 120643 143139 120669 143672 120133 142676 774
122247 145552 118995 141610 122591 145977 123104 146295 121819 145118 123575 146815 123010 145625 121104 144086 120254 142613 121519 144943 121460 144483 119542 141985 122833 145780 121438 144396 121275 143955 121790 144727 123356 146491 121886 144985 123284 146756 121377 144406 123057 146191 123575 146599 121333 144614 121260 144254 121259 144208 121073 143894 123064 146217 122163 145342 120631 143292 113117 134330 119613 142427 119877 142423 120300 143151 124057 147529 121098 143797 122437 145821 121151 144270 115835 137856 122568 145542 123479 147371 122721 145930 121938 144949 122459 145437 121071 143833 123124 146474 121866 144923 122463 145958 93198 110914 122057 144849 122533 145967 120161 143112 122489 145287 123752 147231 121851 145170 122061 145296 120887 143941 123114 146577 119660 142550 123432 146723 122253 145695 116909 139065 124034 147753 122486 145803 119982 142360 116194 138224 122667 145773 122841 146128 119497 142280 122341 145030 121363 144303 122446 145751 122463 144956 122321 145452 123186 146235 121967 145258 120450 143178 123813 146969 121170 144286 122001 145412 122457 145305 121716 144567 122646 145768 121947 145138 121749 145055 123312 146736 122317 145660 122875 146332 120262 142930 92193 109579 122372 145562 122773 146193 123122 146524 121487 144645 120973 143607 122862 145990 121755 144959 119723 142183 123874 147001 121701 144871 119433 141777 633
122266 145914 123735 146906 124667 147311 116277 138047 125035 148764 121473 144908 123945 147285 120937 143791 122646 145915 122409 145808 123721 146726 122422 145802 123737 147466 117833 140585 121347 144636 123988 147373 124244 147458 122101 145003 121969 145566 123828 147241 124253 147501 121524 144649 121237 143777 124137 147636 121680 144686 122769 145962 122276 145583 122228 145775 121363 144235 123593 146601 123474 147137 120619 143614 121678 144582 122015 145420 123370 146787 123496 147064 122707 146008 121846 145001 120423 143187 124213 147346 122730 146306 123116 146656 121497 144216 123628 146996 122512 145961 121618 144950 122877 146298 119811 142467 121397 144458 121586 144928 121831 144954 121394 144457 117599 139858 121442 144880 122620 146058 120320 143302 122902 146156 123310 147039 122893 146355 114588 136317 122640 146243 122882 146172 123472 146929 121478 144826 123232 146522 123182 146412 124137 147827 122280 145398 121796 145200 125075 148496 124291 147784 124657 147976 123221 146747 122214 145546 121260 144650 122455 145662 124572 148161 125762 149550 124422 148092 115792 137755 122579 145876 125409 148907 122531 145850 123750 147351 122016 145011 121155 144211 123523 146867 122663 145988 122682 146425 120884 143837 121090 143936 122637 146121 124308 147689 122337 145567 123078 146497 124234 147294 124306 147693 122343 145553 123398 147040 123302 146588 710
124586 147923 119229 141744 123090 146602 123249 146791 119399 141905 122838 145894 123025 146551 125405 148951 123077 146583 123620 147147 125102 148813 124550 148447 126542 150558 120559 142957 125394 149345 123165 146645 123851 147133 123124 146262 124091 147681 123447 147096 126023 149797 124424 148196 124468 147959 126459 150196 124420 148281 124005 147806 124587 148059 126074 149856 119360 142036 124918 148314 123829 147019 123280 146179 124411 148010 124731 148232 122720 146487 121748 144677 123187 146659 124364 148211 125047 148754 125139 148217 122282 145624 122871 146073 123731 147273 125221 149109 122777 146184 124901 148566 122531 145935 122167 145357 124180 147745 123650 147384 123258 146669 123887 146941 122412 145515 124678 148329 122931 146286 123347 146768 123322 146987 123354 146747 123792 147179 121600 144658 122015 145226 124817 148445 124946 148632 122475 145145 126040 149762 94228 112021 123278 146637 124985 148825 124422 147878 122912 146526 125512 148913 123153 146800 123888 147417 124537 148257 122920 146175 123027 146427 125332 148851 124923 148344 124697 148271 123772 147207 124372 148260 123439 147006 123706 147393 123014 146331 123829 147389 122929 146403 122108 145003 118243 140418 123241 146555 124563 148454 114955 136591 123548 146397 121759 144872 125440 149674 121095 144093 123694 147385 125821 149188 124281 147615 123047 146174 122204 145588 792
126870 150790 126075 149730 125852 149873 126564 150485 125284 148713 121905 144649 125104 148672 125025 148948 125231 148541 125113 148437 125611 149449 126262 149939 127017 150971 126282 149869 123960 147490 122553 145922 125313 149054 121681 144725 124240 148073 126509 150169 124869 148383 124445 148361 125585 149604 123989 146962 123623 146965 124852 148459 125351 149292 124043 147418 127233 151073 124280 147819 95136 113097 125357 149407 119611 141720 125101 149038 124531 148207 125876 149824 126872 150711 124393 147668 94678 112662 124399 147944 126518 150698 122320 145550 123986 147425 124634 148203 125153 148746 126226 150293 123819 147585 125316 148605 122942 146264 119798 142205 122495 145750 124349 148011 124725 148502 125783 149449 124705 148622 124211 147796 123445 147140 125480 149337 125474 149450 125097 148670 126087 150065 123429 147192 123867 147248 126097 150020 126819 150791 123949 147547 117980 140254 124184 147488 122758 145234 123872 147343 124516 148437 121078 144171 125494 149097 126049 149908 126139 149833 123212 146474 125737 149986 124486 148431 124590 148148 124044 147107 124035 147668 123870 147045 125376 149287 123772 147132 126317 149865 122817 146137 122019 145235 122876 146324 95256 113054 126746 150654 117240 140018 125512 149198 123515 146890 125887 149715 124779 148621 124513 148080 125515 149305 122595 145762 126078 150149 125441 149339 638
125752 149991 126466 150303 126793 150770 127422 151107 125792 149848 126480 150007 127561 151735 95135 113080 126737 150712 123926 147275 123979 147326 126395 149840 127056 151084 125331 148739 126241 149640 124207 147698 127081 151180 126551 150439 125931 149831 125342 149026 126343 149808 119208 141531 123803 147662 123653 147255 126178 149918 126572 150601 125650 149628 127750 151639 127690 151712 123779 147535 127229 150908 123582 146698 125886 149593 123567 146600 126835 150635 128237 152474 95908 113995 124251 147872 125058 148551 126744 150821 127040 150939 126224 150263 126109 150173 125933 149783 126196 149991 124067 147703 119938 143006 126225 150151 125573 149288 125173 148946 124136 147864 125568 149211 125441 149262 124847 148286 125603 149391 127154 151420 126162 149403 124322 147859 125132 149073 124795 147592 124958 148761 127188 151241 119944 142050 125566 149451 125436 149601 124991 148232 123540 146636 123975 147378 126337 150100 124536 147914 127475 151646 122490 144968 125394 149209 126935 150974 126784 151160 124909 148420 126369 150368 121932 144956 124442 148057 126949 151051 120329 143220 126869 150729 126566 150110 124415 147863 125828 149769 125265 149249 123984 147323 125565 149468 126460 150374 125496 149434 123780 147180 127087 151234 126599 150064 124710 148529 126569 150361 123820 147543 125247 148700 123961 147346 124923 148414 124338 148272 789
126705 150660 127962 152523 127975 152340 128639 152665 128005 152089 126068 149417 126231 149856 128150 152313 127238 151467 124949 148733 126606 150755 128918 153551 126138 149902 126989 151040 128222 152192 127223 151410 123751 147264 123884 147477 127979 152065 127184 151338 127865 151795 123947 147610 124771 148402 127287 151167 127051 151258 125523 149297 126351 150116 126365 150748 126079 149685 124795 148412 127070 150988 125111 149129 127820 151567 126217 150092 127805 151801 127755 152063 124704 148344 124877 148466 127372 151651 127507 151516 124224 147956 126406 150080 127555 151632 126153 150147 127897 151864 127502 151812 124869 148876 126699 150967 125919 149944 126647 150937 128117 152160 127826 151379 126937 151068 128012 152526 126207 150160 126792 150946 126165 150295 127437 151449 128352 152868 129114 153521 127401 151419 126447 150422 126527 150482 127093 151242 128660 152591 127840 152050 127117 150900 126915 151471 127218 151369 127201 151557 126327 150139 122497 145430 126317 149914 96150 114399 125629 149414 128721 152935 126819 150879 127399 151478 128608 153026 128221 152368 128089 151908 119047 141587 119305 141830 126924 150522 125830 149361 125950 150038 126750 150390 126066 149486 125829 149499 126625 150430 126167 149882 124699 148471 126583 150384 127346 151117 125584 149388 124918 148704 124961 148812 126141 150024 123044 146605 128048 152262 797
128779 153033 126199 150193 128045 152386 129630 153594 127993 152288 128776 153097 125071 148671 127315 151507 127612 151635 122386 145964 126736 150795 127887 151668 122551 145428 127076 150607 128682 153181 127588 151563 128569 152779 126584 150619 127934 152378 127465 151562 127590 151429 125422 149012 128787 153051 126675 151226 126476 150440 127167 151279 128069 152250 129196 153666 128475 153018 126896 150601 126413 149921 126263 150167 126081 149515 126599 150806 128183 152501 128551 152976 128407 152769 125592 148792 127834 152241 129084 153065 127879 152022 127821 152151 128322 152590 127499 151475 128274 152532 128044 151879 128100 152279 128920 153136 128852 153813 127338 151684 127302 151007 123601 146722 127355 151644 128125 152360 126385 150483 127091 150874 126414 150650 127733 152253 129735 154339 125143 149049 126894 150372 125993 150375 128658 152807 130013 154907 126524 150560 129514 153983 128783 153058 125390 149288 126327 150280 127803 151964 127619 151531 127068 151519 97261 115698 129294 153319 128458 152699 126807 151016 127236 150816 126967 151301 126930 150947 129014 153113 128714 152996 127931 152019 125574 149304 123138 146402 125613 149690 127555 151668 128901 152754 129405 154012 127313 151643 127653 151223 128261 152357 127166 151281 127953 152635 125620 149274 126646 150692 129640 154038 129739 153997 96793 115168 126957 150807 130283 154648 643
128864 152532 129204 153734 126846 150777 128544 152964 126034 149958 126196 150323 126858 150434 128893 153214 131854 156561 126469 150032 127597 152005 128550 153472 130748 154943 128920 153308 128288 152666 97968 116416 130715 155529 127756 151773 127597 151071 128823 153062 124084 147794 128845 152700 128186 152853 127272 151228 127732 151906 127654 151780 127698 151755 129470 153965 127286 151165 129022 153537 129162 153856 129370 153974 127044 151124 126978 151118 128682 153379 128695 152575 127727 152352 129539 153861 128809 153122 129958 154741 128608 152735 130120 154749 130247 154670 130327 154208 123504 146792 129607 153903 128716 153010 129128 153497 129714 154060 129016 153669 129037 153053 128763 152737 129683 154427 128952 153541 125670 148923 128393 152975 129995 154354 128862 153251 122806 146039 132195 156978 126727 150832 128389 152840 129966 154757 130201 154979 125249 149051 127324 151552 128229 152557 128068 152203 129746 154357 129278 153668 126956 151689 128444 152760 129687 154412 128849 153006 127474 151845 123506 147192 128619 153187 126561 150699 130057 154668 128286 152931 128714 153123 129022 153495 124139 147552 129268 153819 129020 153371 127124 151314 127441 151633 128837 153396 129293 154390 123362 146838 129109 153676 127985 151990 127990 152506 127983 152383 128872 153321 128129 151945 127896 152458 129635 154349 126773 150761 124976 148434 791
129186 153182 128963 153784 130653 155402 128560 152866 129611 154238 127738 152067 128944 153507 129041 153849 130720 154876 128517 153318 129629 154100 129043 153387 127642 151714 126711 150746 130929 155553 129323 154409 131765 156273 130673 155344 131215 155773 129461 154256 129305 154061 127759 151905 129166 153383 130744 155056 130825 155836 127326 151437 132415 157151 130764 154773 130931 155443 127678 152059 129578 154340 127012 151141 128403 152862 128671 153252 130345 154959 125164 148857 130499 155258 129564 153890 130556 155373 130265 155212 129737 154428 127829 152083 128672 153118 130702 155438 131229 156309 128533 152399 129904 154745 130678 155424 129412 153962 127863 151911 128574 152877 128949 153550 129933 154516 129746 154021 127914 151914 126947 151120 129818 154392 125947 149480 130060 154179 129732 154158 128869 153138 129041 153510 128901 153103 127725 152186 130005 154274 128986 153727 127656 151868 130604 154868 130263 154718 98295 117002 128458 153093 129548 153572 128710 153356 123407 146588 128155 152152 128810 152946 129731 154208 130195 154757 127370 151723 129556 153680 128761 153278 130086 154621 128240 153030 125747 149352 129616 154244 128948 153542 126739 150711 129892 154555 128395 152458 129899 154513 128878 153051 128722 153148 131355 155941 130496 155384 128666 153054 130632 155115 128516 152413 127981 152424 129969 154536 129302 153675 713
131686 156543 124693 148190 131817 156704 128138 152381 125354 148659 131372 155816 131379 156095 129395 153529 130382 154848 128714 153151 129722 154475 130687 155552 132048 157065 131070 155911 129487 154160 128423 152822 129347 153991 129467 154147 128114 152627 125743 149187 123874 147396 130736 155523 131992 157086 128700 152565 131146 155962 131052 156004 130276 154640 126961 150909 129910 154586 130933 155956 128305 152055 129830 154053 131460 156023 132037 157289 128384 152926 130472 155003 129922 154115 125337 148647 129194 153801 131643 156287 129585 154119 131927 156585 131928 156364 129450 153838 129580 154127 130999 155435 125759 149060 129007 153495 130594 155570 128814 153460 131144 155659 130655 155684 129358 153976 130398 154554 130361 155069 129482 154253 131772 157184 130115 155063 131115 156245 124123 147546 130931 155599 131975 156774 129529 153914 128964 153605 128134 152430 131241 155885 129795 154180 129909 154030 130345 154481 129267 153437 129915 154545 127118 151092 129826 154417 123040 146234 123671 146649 132038 156509 126201 150040 127763 152109 129371 153561 131372 156165 130649 155043 132314 157334 128851 153218 124447 148099 130273 154837 132330 157253 130370 155276 128253 152394 130024 154889 99387 118438 124128 147675 130100 154925 129860 154142 129270 153751 128884 153155 129875 153934 129274 153899 131792 156508 129261 153857 129333 153904 867
119445 141894 131719 156358 128882 153465 131076 155967 131508 156203 132451 157198 130214 154976 132664 157779 128641 152984 128762 153325 132000 157005 124416 148097 130735 155647 131465 156283 132261 156819 131747 156844 128937 153102 128708 153040 100191 119163 130229 154952 132185 156987 132113 157007 131843 156968 129305 153722 129662 154420 132631 157913 130000 154749 131461 156461 131074 156580 131594 156538 131065 156012 129980 154273 130693 155308 131684 156247 131469 155941 133544 158440 132972 158172 131883 157053 130124 154789 130444 155116 132658 157975 129927 154504 128358 152538 128584 153026 131185 156426 129891 154816 126352 150243 130727 155714 132218 157300 133021 157984 126332 150250 133268 158242 129205 153525 128905 153354 132504 157335 132020 156499 130193 154568 129452 154128 129832 154523 132929 157909 129066 153450 132209 157253 130075 154450 132022 157066 130162 155047 131054 155646 130774 155298 131815 156802 131697 156390 131105 155970 129383 153788 129127 153823 131779 156862 132291 157020 128816 153439 131384 156105 130392 154971 131678 156686 130135 154597 132785 157470 132281 157443 133861 158841 131150 156264 132190 157085 127929 152452 130772 155772 130848 155787 132681 158106 131157 155811 132063 156825 93522 111125 130020 155080 129086 153475 130330 155216 130918 156117 131068 155832 129791 154415 131125 156328 129677 154031 131938 157132 719
131978 156655 129087 153030 130741 155886 130914 155549 134160 159219 131393 155956 130758 155206 131392 156661 133439 158648 132072 157143 132690 157463 125760 149283 129505 153797 130095 154369 133524 158578 131995 156901 131936 157077 133645 158921 130512 155250 131479 156467 131362 155879 128427 152766 134616 160028 132712 157730 134780 159901 131418 156346 132803 157947 100604 119687 132301 157586 132154 157557 130815 155782 132549 157910 132176 157054 132071 157113 130708 155862 131919 156859 133109 158346 99694 118634 132094 157244 131569 156365 132422 157544 132608 157265 130791 155822 132643 157604 132556 157802 133846 158837 130512 155393 132425 157408 132065 156858 132888 158054 133816 159148 133099 158242 129715 154268 133592 158695 131262 156228 132230 157638 133940 159033 131266 156121 127622 151844 126350 149994 130501 155435 130460 155163 131040 155657 133451 158552 134600 159742 132291 157435 132208 156897 132838 157765 130092 154587 132671 157749 131870 156720 130514 155313 132889 157972 133073 157925 132943 158242 132503 157502 130438 155332 131189 156050 132451 157456 134197 159190 134834 160475 132316 157601 132148 156898 132257 156668 130638 155403 131499 156647 133514 158665 133246 158531 132050 157114 132490 157315 133864 158911 131843 156667 130515 154832 131638 156755 132455 157504 132214 157144 130437 155014 132305 156964 132434 157307 130574 155186 633
131500 156336 134558 160024 134313 159613 130399 155127 134720 159956 135176 160280 132747 158118 131425 156402 134390 159799 131772 156297 134339 160006 127431 151109 131573 156358 132740 157567 132499 157508 132194 157354 132098 157312 132167 157468 134008 159330 131699 156668 132132 157455 131899 157203 131949 157341 133540 158703 125692 149709 134565 159813 134039 159025 133835 158334 131307 155883 133395 158890 134846 160514 132159 156959 132451 157477 133058 158424 133439 158644 132442 157701 135004 160220 133624 158984 134432 159472 132642 158016 133754 158596 132805 157569 134116 159496 132472 157787 131586 156684 133270 158145 132824 157208 132272 157746 134142 159066 132436 157525 129558 154340 132803 157649 132600 158037 133477 158545 132743 157273 134115 159533 132825 157573 133773 159140 132758 157925 135298 160684 131525 156334 134608 160277 132962 158298 133282 158225 131667 156608 130379 154875 133459 158620 131659 156404 132448 157830 130007 154598 132049 156819 134089 159313 132825 158081 130975 155541 132228 157260 132475 157846 132516 157634 135740 161320 132383 157583 132672 157898 132463 157738 132373 157705 133269 158449 134035 159159 131208 155895 132380 157469 131347 156198 134466 160033 131348 156367 131984 157213 132737 157905 132894 157738 133573 158463 133754 159062 131978 157189 132507 157610 133203 158721 129282 153818 134677 160145 134203 159756 904
135513 160896 135406 160885 133748 159149 136034 161853 133835 158491 132985 158100 134243 159503 127207 151491 134011 159385 132706 157959 135790 161467 135002 160811 133993 158919 133791 159065 134276 159765 135796 161537 134057 159254 131332 156233 131244 156044 134715 160637 132929 158162 134789 160561 132835 158178 133884 159453 133161 158115 127790 151804 134649 159542 132944 158193 133285 158550 133413 158496 134921 160530 131645 156645 133592 158685 134569 160156 127351 151523 133328 158726 134730 159711 133943 159289 134460 159649 134011 159504 132105 156914 134919 160433 132167 157655 134020 159500 133380 158668 132994 158085 135810 160922 133850 158764 102303 121530 132413 157794 135791 161448 133635 159252 135551 160816 133666 158968 132516 157716 135161 160445 132113 156857 126559 150670 132440 157644 133350 158588 133871 159357 134272 159587 133642 158685 132375 157264 134342 159805 134516 160035 135066 160662 133308 158782 132017 157187 133423 158652 132222 157253 134487 159961 136130 161531 132307 157698 130988 155942 133281 158878 132630 157691 131896 156907 134117 159576 130281 155073 133969 159692 136044 161595 132412 157793 132027 156770 134229 159556 134072 159673 132005 156683 133327 158405 133791 158917 134987 160224 133425 158243 132030 156947 135812 161396 133514 158479 135489 160954 133503 159075 134492 159912 135154 160791 133442 158071 130870 155854 687
135748 160814 132204 157411 135962 160957 135691 161460 135905 161505 132623 157889 135417 160805 133216 158423 135740 161515 134662 159932 102567 121973 136153 161749 135952 161553 135762 161381 135363 161051 135350 160661 131594 156174 127684 151336 134397 160020 134121 159674 134065 159055 133614 158893 136637 162451 134804 160506 134566 159604 134326 160126 134530 159831 135238 160666 133941 158917 135899 161389 132649 157762 135229 160535 135667 160932 103371 122963 136843 162661 132820 158273 134984 160626 134011 159287 134961 160638 135488 161082 132880 157699 132751 157752 135456 161260 136342 162370 136263 161606 135529 160908 133220 158304 130097 154244 133559 158788 130144 154770 134937 160121 134842 160335 135737 160905 133976 159609 135387 161347 135708 161702 133111 158260 133210 158386 136296 162354 135665 161646 135480 161126 134643 159885 136663 162149 133641 158693 135199 161369 133084 158355 133602 159038 133685 158764 133135 158586 134953 160756 134787 160750 132906 158044 133276 158604 135743 161451 134908 160559 134516 159914 135535 161040 135329 160686 136577 161776 136003 161688 132848 158432 135105 160774 136156 161683 132831 157759 134571 160234 134936 160348 135484 160531 134257 159807 134694 160084 135976 161635 132648 157765 134028 159692 129876 154206 130519 155483 134160 159609 134475 160238 136357 161600 135059 159961 134056 159220 134752 159995 798
134212 159443 135279 161006 137755 164090 134497 160087 136181 161969 133823 159172 133181 158537 134895 160078 137768 163391 136066 162024 103210 122674 137016 162815 132656 157849 136123 161935 135869 161544 135598 161077 133403 158500 135139 160653 136123 162119 136471 162031 135038 160722 133918 158741 136075 161394 136910 162696 138044 164210 128901 153326 134622 159801 137182 163249 136415 162159 136583 162193 135533 161274 135051 160802 133517 158568 135932 161825 136070 161887 133961 159277 135309 160860 137102 162714 136285 161733 136463 162314 134796 160017 134032 159506 136657 162493 135544 160530 137719 163540 134340 160025 133124 158059 135106 160672 136320 162061 134369 159713 134303 159843 137438 162973 136383 161917 137748 163339 137980 163519 136912 162559 136442 162462 135946 161407 133723 159034 136259 161679 136446 162249 131009 155564 135740 161208 135846 161724 133785 159378 135559 161434 136800 162316 134239 160050 135034 160860 135846 161706 135016 160996 135070 160832 135790 160782 136816 162777 133199 157861 135203 161021 138042 164197 137944 163778 135483 161116 137967 163454 135720 161085 134399 159680 135958 161758 136570 161818 136085 161417 136031 161838 133280 158686 136630 162316 136087 161831 135109 160466 134160 159588 135788 161275 133362 158535 135741 160993 134043 158773 135429 161811 128888 153329 95693 113802 134540 159831 136307 161620 723
134673 159927 136371 162491 136903 162585 137995 163955 134162 159605 136514 162279 138585 164953 137461 162809 138159 164437 138501 164120 135011 160571 136035 161810 135701 161667 137492 163672 137303 162718 138484 164710 134743 160370 134998 160817 135796 161606 133839 159245 136930 162881 138998 165241 138866 164629 137137 163033 137405 163619 136713 162427 134971 160602 135625 161457 135810 161549 137765 163898 137955 164078 136910 163066 135837 161404 138858 164888 136590 161863 137088 163215 136390 161887 135727 161376 138614 164665 137618 163604 136748 162826 136833 162871 137234 163451 136287 162071 131213 156243 136019 162259 136558 162247 130755 155030 138502 164309 134685 160634 137608 163228 104438 124117 136206 161800 127025 151016 134601 160071 136980 163540 137091 162857 135164 160862 136273 162418 134924 160315 137235 163203 137289 162752 137098 163069 137729 163641 135142 160136 134513 159447 136486 162030 137362 163371 137275 163340 135699 160998 137385 163771 137439 163135 136240 162350 137222 163374 134601 159836 136884 162649 136371 162360 137628 163369 137051 163416 136375 162396 137698 163304 137561 163700 135020 160561 135856 161610 136787 162729 137018 163297 136545 162348 136395 162159 138024 163828 134794 160197 134457 160315 136410 162021 135465 161563 135508 160985 135283 160363 136003 161619 135820 161566 136780 162781 137312 163262 135605 161097 793
138136 164324 138591 164221 139224 165101 139152 165056 136591 162959 135325 160901 136578 162286 135463 161203 138158 164073 135247 160298 136767 162835 137353 162729 139059 165176 139086 165089 136755 162542 136639 162510 136917 162886 134876 159933 137697 163678 135622 161438 139028 165288 137966 163908 138613 164923 137998 164066 139565 165419 136010 161785 137201 162996 138325 164246 138043 164042 132282 157040 137966 164009 139676 165874 137314 163104 131849 156615 136460 162510 137754 164121 138545 164501 136515 162671 138420 164333 138870 165112 104769 124686 137796 163762 134754 160327 136471 162645 139291 165404 138770 165504 138381 164032 137468 163291 137728 163907 140117 166236 137996 163874 135168 160351 138861 164850 136029 161922 135934 161803 136404 161892 138536 164334 139971 166367 138044 163964 136908 162777 136447 162089 138397 164305 136410 162022 137860 163740 134435 159608 136980 162764 136081 161700 135060 160455 137593 163824 139480 165631 138410 164396 140030 166565 137161 163318 136080 161678 139466 166313 138618 164808 136416 162361 137781 163784 135512 161678 136748 163067 136893 163066 138512 164780 136087 162229 139223 164842 136407 162290 137164 163322 136735 162936 104010 123772 137689 163917 135939 161846 136404 162231 136669 163033 139051 165662 136774 162516 136394 161992 138355 164941 135907 161794 138973 164985 137613 163835 135136 160414 916
137346 163158 138958 165448 138324 164515 138494 164621 138879 164498 139880 165856 136746 162824 139337 165816 137635 164051 138215 164696 139932 166310 136859 162898 135997 161497 138870 164996 136866 162516 139112 165826 136103 162191 140567 166956 137429 163316 138808 165249 137619 163503 136679 162598 138159 164268 137299 163317 137516 163521 105839 125696 138560 164680 139702 166439 139300 165759 138892 165203 138838 165041 138089 164171 138519 164335 139275 165473 136775 162812 138676 165054 138002 164316 138426 165034 136853 162716 140548 167004 140151 166503 139508 165664 104861 124277 139054 164759 138693 165096 137687 163612 139102 165566 138494 164856 136857 162853 132957 157918 140458 166552 139105 165468 139883 165769 138124 164344 138696 165093 137063 163273 139706 165736 139032 165266 141892 168408 139728 166094 137760 163754 139828 166151 138231 164336 137479 163286 139244 165279 138938 165361 137415 163399 140748 167293 140103 166131 132757 157404 139074 164964 139029 165735 139669 165565 135711 161416 140857 167572 138030 163834 137678 163924 138621 164965 136561 162387 138785 165154 133828 159456 140276 166642 138529 164606 139438 165872 140251 166353 139108 164869 138333 164635 137615 163544 138581 164412 137756 163913 135892 161705 138298 164200 139294 166037 137769 163682 139659 166185 137249 163366 136668 162599 136667 162714 138646 165026 140293 166448 672
139422 165787 140924 167048 141414 167820 140299 166564 138750 165224 137643 164064 139616 166243 137503 163691 137434 163398 139405 165937 138308 164556 139943 166217 139697 166315 141063 167031 138113 164261 140268 166379 141593 168631 137258 163071 138582 164459 139031 164960 140221 167209 140624 167138 138737 165063 140179 166566 136048 161559 135558 161059 137497 163528 138558 164462 140258 166456 137802 163980 138471 164912 139288 166169 140685 166791 141728 168536 139919 166233 140321 166819 138238 164116 138611 164939 138641 164905 139914 166299 138567 164954 139455 165258 138252 164652 140200 166074 139239 165585 140020 166685 139034 165484 139372 165919 140310 166234 138528 165066 138495 164818 140332 167054 139032 165092 139099 165421 138565 164760 141465 168168 136537 162257 138855 165155 137003 162689 139472 165582 138813 165257 139978 165964 139633 166041 139534 166124 139005 165439 140255 166770 138106 164272 137467 163288 137664 163821 138132 164137 138358 164164 141278 167730 137438 163262 139998 166239 139505 165930 138261 164445 130690 155505 137619 163865 140555 166975 136884 162541 136461 162361 139571 165834 140222 166414 137950 164141 139455 165786 137595 163582 138058 164246 138672 164263 139319 165965 141476 167887 139567 166136 138740 164964 136923 162797 140014 166352 139725 166698 141002 167364 139509 165652 140679 167161 140795 168024 139262 165731 775
141567 168249 139782 166285 139367 165968 141034 167883 141599 168078 140842 167682 139325 165183 140863 167765 141008 167749 140313 166759 141123 167661 141873 168801 140511 167402 138745 164902 140443 166806 142010 168645 140560 167148 140896 167697 133767 159182 139251 165788 138578 164977 138153 164008 132622 157682 140835 167029 130338 155014 139914 166823 132244 157191 139006 164974 140424 166476 141195 167685 138011 164281 139874 166353 141608 167988 141313 167791 138889 165206 138624 164707 141558 168033 139777 166101 139281 165781 140922 167545 140342 167349 139406 165314 138674 164915 140536 167416 142397 168807 141528 168568 139045 165444 140590 167241 140831 167165 139164 165272 141240 167913 139538 165914 139178 165536 139437 165941 137627 163507 138984 165219 137866 164163 137641 163644 140593 167537 141668 168413 139590 166028 138649 164969 139126 165503 140512 166659 140515 166996 131181 156023 140539 167772 140634 167128 139199 165324 141015 167608 141073 167814 139525 165790 140488 167142 139198 165663 137320 163704 140970 167421 138899 165221 141966 169068 141290 167547 138625 165033 139186 165557 141170 167839 136629 162642 139043 165581 140148 166815 138908 165264 142205 168789 143122 169791 141798 168647 140447 167057 139002 165421 138663 164898 139163 165465 140788 167382 139206 165409 139224 165655 139572 166018 141361 168257 138887 165177 140172 166704 950
142533 169565 141343 168315 142937 169476 142126 169014 139785 166268 138799 164953 135579 161305 139222 165681 140306 166864 142808 169745 143403 170649 142319 168773 142135 169110 138839 165018 141557 168809 140269 166818 140326 166956 144003 171068 142214 168999 142043 168543 144789 171689 140937 167834 138474 164401 141624 168438 140664 166618 140503 166860 141580 168645 140993 167629 142744 169768 140773 167103 141596 168243 142600 169759 141708 168078 137911 164383 140953 167510 141008 167272 141196 167650 142615 169354 141820 168586 139220 165881 142384 169157 140802 167469 140790 167254 140564 166962 142563 169873 141157 168049 140497 166940 140693 167166 141877 168625 141510 168608 140474 167399 133638 158815 141494 167959 142778 169215 143117 170753 139933 166272 142313 168995 132664 157783 140839 167379 141607 168629 140087 166875 141442 167895 141693 168117 139128 165333 140769 167567 141384 167805 142091 168745 139141 165559 141052 168022 141013 167541 143306 170398 139364 165747 143088 169567 140992 167560 141695 168561 142071 169303 138469 164652 141878 168718 140098 166231 137563 163290 142566 170043 140880 167491 140827 167295 141788 168847 142933 170050 140953 167740 140729 167819 140622 167417 141987 168476 142967 169770 132545 157737 139439 165949 140441 166538 141971 168948 140108 166391 140200 166468 141723 168015 140395 166745 141196 167403 140997 167591 837
143053 169584 142487 168720 142195 168873 141688 168817 140263 167152 141641 168805 139531 166057 140714 167358 142191 168272 142995 169962 140412 166562 143511 170164 140931 167117 141903 168855 144351 171672 140305 167003 141764 168325 139707 166303 143066 170312 142744 169995 141820 168811 145001 171894 142731 169877 140367 167411 143028 169745 142987 169994 142214 168911 142214 169659 141060 168170 140322 166754 141551 168385 141960 168595 143595 170894 141845 168701 139171 165295 142468 169403 136056 161797 140760 167156 141599 168424 141789 168501 142115 168588 141706 168573 141716 168474 140011 166526 140514 167375 142016 168550 137592 163414 144502 171367 140215 166676 143333 169895 142727 169694 140648 167309 142025 168820 143260 170227 141020 168013 140099 166436 141693 168231 142699 169636 142272 168868 141627 168218 142057 168900 142457 169391 142485 169308 143070 170194 139632 166086 143258 170314 143146 170235 142569 169488 141672 168054 142278 169262 141275 167852 139348 165702 142689 169672 143946 170856 140747 167066 140673 167431 144380 171571 142852 169414 142862 169727 142368 169236 143265 170009 140871 167577 142827 169841 141451 168040 140779 167507 140758 167166 135241 160846 140754 167723 108045 128474 142055 168616 142724 169304 141541 168201 141070 167857 141755 168659 140449 167591 141697 168516 135975 161770 142437 169240 139677 165729 141921 168565 831
142893 169719 142664 169577 141424 168051 141251 167513 140851 167705 142889 170317 141647 168566 141744 168833 143600 171138 142749 170048 142110 168851 144291 171575 142887 169823 141270 167914 140598 167331 140320 166820 142455 169332 139020 165137 144477 171621 145037 172229 144742 172045 143846 171267 140945 167373 141884 168483 142144 169284 142019 169385 141845 168925 143660 170596 145421 172586 144765 172024 140143 166532 143014 170050 140783 167333 143592 170935 141639 168585 144163 171638 142479 169380 143629 170190 143833 170960 142960 169982 141013 167619 142507 169438 142258 169377 143844 171100 141479 168012 144031 170861 139847 166016 141681 168428 142417 169618 143613 170805 143737 170933 141813 168967 143141 170485 143847 170740 142747 168952 143879 170839 142322 169305 142530 169559 142396 169368 143113 169980 142352 168638 141953 168835 141715 168630 143238 170345 146378 173748 144110 171622 145746 172818 142818 170109 142180 169376 142965 170091 143088 170175 142919 169543 142947 169766 144724 172138 138406 164594 141886 168660 140059 166409 144232 171282 143299 170580 139052 165347 144432 171587 143149 170272 140729 166604 145215 172118 144586 172490 141218 167880 143316 170817 143639 170784 143654 170783 144178 171198 142092 169086 142992 169787 138524 165174 137506 163253 142633 169701 140735 167075 143501 170484 141773 168334 142591 169501 145658 172988 697
144900 172259 143158 170438 137352 163347 145108 172083 143502 170154 142421 168979 143460 170669 146364 173981 144155 171474 142770 169929 143979 171159 145373 172453 141323 167968 144831 171794 144123 170804 144575 171951 142275 169482 143538 170363 144696 172144 144481 171638 142145 168497 140694 167498 142565 169597 143957 170803 145326 172796 142437 169555 146320 173489 145821 173245 144399 171910 144643 171619 142891 169729 142253 169320 142677 169828 144621 171837 142309 169062 143526 170659 143612 170881 142330 169272 145375 173077 143412 170086 143062 169486 135615 161388 144335 170851 144980 172279 144876 172379 144227 171852 141084 167717 146135 173666 143787 170929 145632 172916 141183 167380 141471 168188 145581 172415 146326 173616 143816 170818 145480 172697 142346 169440 108843 129705 144073 171415 145551 173288 143585 170798 146279 173832 144758 171989 142961 169887 141328 168344 145325 172855 146296 173471 143239 170289 146253 173439 144525 171409 143517 170653 143267 170187 143562 170692 145379 173232 142630 169831 141977 168764 143322 170415 145104 172462 143320 170497 143527 170923 145562 173062 143862 170775 144777 171854 142674 170077 143938 171211 142297 169636 144800 172194 144890 171962 144366 171783 142777 169697 143218 170634 142430 169261 145600 173261 142435 169048 144590 171990 141603 168387 144801 172536 144357 171427 141582 168200 143213 170500 948
145268 172961 143444 170904 145858 173536 147023 174550 145718 173057 141087 168492 145329 172633 146755 174378 142678 169969 142783 170335 144559 172114 142341 168687 144123 171605 144711 171762 142756 169902 144609 172224 145166 172636 146519 173834 143547 170620 143620 170509 145682 172825 139538 165604 144603 172267 144410 171551 146445 173882 144894 172219 144885 172592 143209 170128 145857 173072 146082 174162 146249 173979 141261 168051 145191 172782 145221 172588 146295 173813 146034 173588 140111 166943 145915 173471 144438 172017 146052 173656 145113 172671 145398 172724 144946 171727 145252 172637 147472 174885 144753 172242 147353 174730 138323 164520 144545 171884 142724 169650 145226 172685 146426 173788 145401 172947 146502 173981 146491 173927 146290 174188 143900 171355 143491 170891 136897 163007 144495 171837 145634 173598 148414 176077 145209 172436 144869 172408 144873 172070 145232 172804 147187 175051 145107 172335 143123 170374 145399 172563 144669 171917 144866 172132 144800 172589 146815 174105 145995 173705 146097 173450 144712 172002 142630 169593 142436 169403 145275 173208 141205 168068 146680 174148 141230 167484 144876 172201 146195 174438 144064 171492 144217 171115 147401 175370 144606 172108 145551 173042 144302 171458 145142 172146 143289 169921 147745 175571 142778 169655 144678 171901 146548 174658 144000 171500 143283 170605 110821 131793 734
145891 173659 145677 173135 134208 159560 143507 170210 145679 173193 145262 172670 146750 174194 146190 174162 148424 176498 139817 166300 147177 174733 147274 174704 143936 171068 147031 174565 144965 172039 147216 174803 142512 169335 146198 173211 145806 173237 143511 170832 144942 172463 147663 175072 146541 173572 146384 174088 141025 168065 147230 175366 146522 173934 145564 173548 143644 171067 146686 174346 144966 172131 147231 175128 146871 174310 147059 174967 144296 171421 145256 172871 145009 172544 146570 174438 144317 171465 144953 172641 146656 174274 144924 172196 146172 174067 144940 172036 146412 174178 146974 174750 146564 174317 147474 175045 146508 174233 142841 169631 142453 169306 145998 173949 140867 167689 146297 174134 146842 174181 145227 172981 145233 172754 143961 171313 143547 170613 147354 175483 145617 172847 144487 171881 139157 165309 142729 169539 144648 172109 111482 132457 138648 164904 143902 171115 144330 171285 143267 170312 145746 173343 144161 171535 145887 173613 145496 172485 144600 172191 143540 170743 146778 174130 143431 170656 144387 171442 144190 171587 147855 175943 145213 172584 145276 172513 146388 173947 146472 174292 147788 175660 146441 174133 143980 170877 145186 172106 146287 174021 142293 169281 145431 172635 143436 170515 144269 171287 147073 174899 144953 172271 143772 171001 144572 172273 147332 174772 145194 172641 959
147864 175497 146795 174713 146253 173945 148368 176175 147500 174835 146817 174287 144930 172468 148380 176687 144667 172326 145842 173484 145215 172767 149400 177645 147040 175052 148476 176116 149201 177373 147138 174310 147262 175091 146799 173882 147134 174932 146186 174268 145513 172930 146451 174620 148633 176507 148207 176375 145837 173665 147144 174631 145386 172756 147424 175479 145936 173271 148616 176894 146910 174908 145699 173190 146716 174188 144315 171408 145431 173055 146407 173854 147775 175687 147269 174969 146597 174313 138039 164172 148832 176850 145013 172340 145412 173035 147844 175813 144524 171945 145111 172588 145536 173001 145659 173329 147922 176053 145302 172724 139143 165490 145558 173355 146587 174347 149320 177462 141569 167982 146374 173958 145959 174113 145298 173080 144528 171978 144980 172137 146119 173641 146629 173992 147093 175306 147502 175019 145425 173098 146531 173419 147562 175198 144370 171499 146890 174854 144972 172796 144699 172348 142048 169161 145896 173242 148975 176781 145802 173411 147719 175785 145181 172855 145349 172759 147547 175740 146654 174254 144580 171947 146211 174066 147800 175903 138488 164601 148434 176035 147864 175639 146217 174082 148046 175440 145003 172781 146600 174307 140434 166576 146998 174828 145803 173492 144575 171984 147571 175512 149261 177034 145459 172985 142254 169044 146816 174885 146979 175044 872
145850 173381 147055 174707 145697 173329 144984 171997 145388 172900 147416 175126 147901 176129 147810 175734 147342 175204 147451 175577 147826 175688 146169 173630 148214 176364 149386 177687 147033 175078 144771 172057 148469 176799 146003 173436 150032 178094 147368 175043 148599 176937 146837 174286 145479 173205 147133 174867 148202 176224 141690 168801 147206 175364 145451 172599 146921 174625 149199 176788 147304 175384 150454 178262 148089 175865 146965 174535 148222 176424 141148 167729 148481 175955 149012 176666 148793 176753 146513 174184 146665 174474 147649 175882 147136 175050 147632 175523 148437 176698 149904 178023 146349 173562 147916 175661 142414 169196 146996 174883 150588 179271 147998 176309 147981 176282 147133 175134 144847 171980 147625 175744 148448 176757 148851 176636 149621 177438 145579 173201 148527 176626 141647 168679 146559 173615 146527 174146 146087 173360 111530 132697 148603 176767 146343 173798 145687 172999 144027 171651 148237 176149 149416 177063 142731 169699 149584 177304 149569 177274 148821 177141 147555 175223 144289 171539 148823 176802 145560 173382 147895 176029 146067 173878 145628 173539 144945 172579 138795 165108 149451 177428 146364 174182 149132 177173 148472 176426 146902 174442 146737 173993 147245 175052 148094 176443 149377 177459 146151 173907 148019 175723 148540 176338 146587 174366 145967 173317 148195 175989 834
149343 178035 148290 176638 148715 176981 146785 174211 148399 176455 148581 177031 147029 174814 150021 177897 149489 177401 145589 173534 146333 173785 145818 173180 149735 178233 147570 175606 150250 178531 145932 173260 149444 177608 146977 174775 147505 175715 148149 176140 149351 177021 147780 175301 148556 176825 148808 176619 149045 177530 146094 173848 148300 176340 148536 176469 151389 179363 148058 175309 145896 173177 149922 177905 142219 169098 148011 176147 150474 178441 147154 174653 147087 175083 148657 176375 149708 177590 147668 175487 149983 178035 146072 173734 148708 176996 147245 175095 147988 175843 146586 174353 149369 177914 149711 178086 146360 173858 148166 176145 150557 179144 149204 177271 148611 176688 148284 176156 145487 172527 150383 178792 146965 174792 146718 174522 142128 168148 149644 177593 149022 177280 147364 175010 147425 175198 144831 172226 147834 175832 148261 176041 146924 174710 146672 174640 147047 175070 147173 174860 148053 176015 147317 175322 141103 167839 147791 175853 146819 174356 146550 174022 149308 177114 150247 178566 147932 175163 140737 166983 146436 174048 149150 177661 147780 176070 148467 176685 149191 177474 149849 177844 149362 177299 149304 177248 148733 176925 148483 176528 148659 176381 149194 177362 149966 178119 148544 176900 147152 175208 148194 175802 148876 176972 148255 176475 151026 179283 145339 172949 856
149139 177809 149360 177309 150227 178351 150045 178050 148277 176481 150432 178871 149396 177470 148305 176150 148398 176573 148230 176101 149263 176312 152294 180751 149207 177101 149439 177848 149345 177467 149918 177954 150088 178179 148620 177081 148913 176873 145718 172639 145719 172700 150180 178911 145546 172700 150688 179443 148854 177332 148588 176541 147616 175334 149507 177441 143881 170784 148930 177266 149101 177446 147835 175669 149298 177310 150683 179275 151294 179787 148717 176779 150590 179105 149141 177186 147129 174591 150154 178450 148211 176281 149919 178354 149293 177584 152169 180863 146961 174862 150026 178320 149318 177658 148573 176662 143369 169973 142439 169574 149069 177640 149162 177095 150903 179196 151177 179351 151045 179303 148747 176413 150782 178831 151344 180088 146925 174343 151449 180066 110434 131369 149110 177345 149427 177758 150753 178890 142456 169278 151281 179638 150101 178962 150040 178487 150204 178911 148870 177411 148851 177358 148575 176750 151172 179560 150704 179019 148671 176690 150264 178312 150562 178912 114058 135622 150728 178786 148420 176685 147116 174609 147404 175175 141845 168739 150048 178481 150654 179161 149841 178707 150821 178882 147229 175127 145166 172426 146556 174407 147796 175718 150112 177626 148855 176696 150420 179110 150693 178912 146801 174546 149475 177681 148703 176708 114162 135855 149729 177581 864
151619 179865 151420 179396 149277 177565 150812 179394 148517 176481 148832 176924 148359 176361 148856 177257 149680 177977 149144 177443 148665 176885 151043 179733 147768 175510 149253 177229 149894 178105 150084 178036 150557 179216 152478 180997 151855 180617 151229 179668 150614 179527 151134 179899 147090 175457 151897 180773 147471 175192 149836 177751 151027 179238 151716 180344 149948 178297 150741 179277 146596 174370 148705 176917 148350 176289 152775 181579 149182 177861 149939 178903 149093 177125 150883 179410 149428 178156 150358 178503 148026 176231 151262 179917 147700 175725 149671 177956 151728 180455 150400 178376 149551 178008 142247 169641 150563 178765 151690 179849 147811 175337 150947 179420 149362 178029 151658 180071 150807 179064 150800 179153 152125 180294 148121 176322 149418 177792 148680 177018 150945 179748 148767 176790 150780 178955 151863 180157 149568 177547 151937 180251 149481 178006 151418 180075 148838 176968 149774 177615 149298 177077 150463 178453 150041 178488 151597 179885 151834 180542 149566 177953 150129 178088 150154 178727 147885 176304 149189 177459 150961 179212 149644 178114 146944 174563 148249 176170 148553 176977 151382 180110 148811 176721 147000 174783 150776 178717 150815 179426 152506 181274 147385 174894 148374 176556 148651 176709 147495 175421 149936 178492 152151 180483 147613 175646 151390 179803 144768 171678 889
150835 179447 151233 179825 153057 181524 150842 179150 151640 180311 153356 182227 151638 180354 144030 171105 150076 178379 150175 178819 146563 174220 151190 180018 149513 177283 150179 178523 145021 172630 151778 180727 152245 181327 149577 178117 149801 178299 146511 174026 149922 178264 143067 169999 149962 177786 151406 180282 148876 177008 155157 183874 151978 180210 150064 177997 149120 177685 152792 181395 150543 178865 150525 179076 150782 179493 152909 181475 154034 182778 148802 176800 148132 176200 151527 180042 150318 179126 150891 179320 151336 180249 150603 179346 149518 177859 150848 179612 142841 170094 150413 178404 148606 177062 152820 181604 150373 179039 153639 182430 150179 178607 153216 181903 150376 178493 152357 180971 140687 167309 152979 181668 152211 181241 152845 181955 153483 182171 151744 180607 150086 178146 152392 180762 152263 181144 148608 176235 150959 179349 151511 180140 150869 179634 152317 181096 150808 179397 144350 171152 150414 179281 148699 176844 150150 178385 153427 182683 151415 180005 149274 177427 152412 180996 152907 181566 150361 179255 151141 179710 150472 178899 151083 179770 153157 181644 151241 179484 148605 176629 150110 178508 152939 181112 149484 178486 153816 182489 150361 178254 152610 181656 152132 180168 144822 172210 152299 181333 151493 180555 150645 179404 151091 179708 150952 179234 147279 175390 151722 180317 905
149638 177935 152700 180803 152156 181191 152299 180644 151961 180650 150559 178831 153693 182474 152281 180831 153781 182701 152647 181674 151537 180395 150965 179968 151793 180251 152863 181531 152735 181484 152867 181885 152440 180997 150912 179242 149551 177375 153257 182164 150655 179462 146554 173966 151661 180698 153066 181987 152202 179757 153038 181393 149679 178217 153340 182502 153236 182074 152716 181568 151867 180454 152227 181099 151443 179818 151910 180660 150387 179006 116160 137973 153664 182785 153045 181989 151711 180509 150160 178670 116551 138815 153903 182936 147546 175351 151588 180157 151355 179751 149161 177220 150903 179078 154497 183527 153728 182380 154336 183470 152062 180630 152012 180891 147156 174926 153423 182467 153787 182836 152108 180905 152966 181631 151264 180248 153556 182393 154473 183448 146552 174394 151883 180625 153215 181549 151488 180275 149988 178629 150441 178520 153012 181979 148149 175983 153632 182591 150005 178326 152726 181527 149663 178180 149765 178290 151453 179958 154549 183036 150987 179630 150148 178387 151107 179537 153172 182222 153172 182414 150952 179534 139027 165205 151889 180475 149702 177927 152958 181911 154320 183094 150969 178975 152045 180449 152074 181102 152536 181437 152261 180943 146343 174074 148808 176650 151120 180038 152605 181957 150699 179329 152331 180771 151595 180468 152475 181124 151213 180041 874
151135 179443 152765 181795 152845 181882 154493 183781 153216 181776 151014 179210 150411 179046 152359 180655 151035 179882 152186 181299 151054 179701 150975 179486 151165 179529 154599 183225 153446 182590 155075 184172 154658 183653 146293 173700 155120 184555 152632 181724 151582 180299 151284 180158 153733 182401 154399 183484 149145 177361 154764 184007 153656 182224 151106 179750 154108 183291 153622 182628 153331 182571 144941 172638 116659 138842 152824 181738 152166 181104 155503 184456 153128 182247 149955 178210 153164 182135 148614 176690 151679 180513 153911 183208 153239 182097 150219 178495 154569 183518 153866 182676 153563 182686 155671 185049 153142 181819 151929 180495 152058 180929 154072 182943 153166 182080 152805 181433 152162 181034 150145 178680 153174 181809 153050 182291 153958 182768 154010 183029 151175 179361 154037 182363 148920 177502 154501 183500 151643 180693 153060 182213 152435 180806 152305 180911 154267 182352 153497 181981 154156 183111 154763 183617 152800 181645 152280 181067 144049 171383 152311 181489 154407 183303 153615 182510 152248 181078 152919 181719 153584 182148 153906 182794 154093 183009 153645 182968 154190 183399 156282 185365 154220 183669 153600 182287 152893 182180 151269 179555 152780 181634 153843 182701 153406 182491 151979 180925 155725 184934 153646 182279 153881 182603 151617 180508 152326 181163 151661 180398 778
154135 183211 154518 183666 149216 177280 155090 183479 152438 181311 152773 181525 152100 180197 153205 182469 153388 182539 147464 175168 154967 183884 152512 181192 152540 181578 154405 183426 155573 184565 156329 186224 155661 184894 154854 184074 152249 180998 152766 181395 154170 183260 152330 181147 155161 183941 152959 181750 154812 184115 154315 183295 155038 184245 153553 182615 153429 182628 152779 181808 154460 183723 152209 180744 153460 182560 155320 183929 151697 179890 154851 183507 154865 184138 117399 139705 152663 181727 151642 180330 152579 181630 154635 183932 154203 183538 147470 174454 151314 179748 153616 182781 154873 184225 154644 183596 155607 184908 155878 184663 110068 130925 153521 182309 155109 184795 155729 184728 152593 181607 155942 185170 152121 181500 155399 184566 150317 178739 152026 180835 153691 182884 155528 184587 154076 183104 153698 183198 152638 181871 153907 183004 154987 184411 155249 183871 152678 181607 148323 176447 154621 183423 155692 184468 153795 182997 152748 181808 154400 183997 156271 185706 156317 185425 155998 185035 154230 182848 145612 173037 155423 184306 153579 182432 154453 183865 152600 181260 151680 180516 154995 184440 153578 182842 145518 173086 155771 184990 153154 181915 151940 181042 152890 181694 151959 180685 155406 184746 153838 183023 153693 182765 154490 183335 156457 185875 151392 179881 152374 181022 1022
157281 186431 153648 182544 156199 185264 154396 183493 153980 182474 155513 185141 154278 183468 153475 182089 154155 183400 157056 186494 154058 183243 154093 183325 155605 185362 153269 182262 154451 183867 154509 183898 152370 181305 154811 183993 155924 185300 157472 186984 155997 185578 150645 179089 155649 184647 156012 185099 157884 187445 157976 187790 155644 185022 154004 182726 153679 181904 156067 185200 154760 183996 153326 182468 155223 184378 156565 186250 155199 184668 154415 184439 155029 184115 155647 184783 154812 184333 155881 185079 144652 172240 154167 183440 154253 183523 153685 182802 153183 182332 155527 185195 155360 184650 152941 181878 156125 185685 146022 173842 154480 183848 152979 181779 156124 185699 142865 169482 154706 183367 155127 184039 155474 185054 156049 185932 153751 182747 151572 180307 153907 183204 154373 183906 151297 180118 155140 184500 151172 179869 157243 186549 154814 183917 156404 185421 154768 184198 155399 185075 151817 180110 150615 179429 155732 184881 153081 181901 156174 185491 154833 184329 153442 182161 151011 178977 155639 185241 154206 183576 153655 182962 155510 184685 152653 181897 152394 180989 156057 185581 156710 186321 153206 182400 156456 186106 151026 179134 154007 182768 155438 184631 154526 183807 156398 185655 154485 183742 153473 182449 152056 180735 154966 184898 155669 184994 153601 182690 152111 180833 817
150965 179628 156091 185707 153353 181979 152151 180305 154552 183660 155329 185022 154687 184010 156029 185203 155418 185033 156200 185915 158827 188605 156513 185902 155595 185199 156605 186186 155935 184897 157084 186610 153012 182119 154245 183350 157308 186545 156761 186308 156615 185909 157629 186935 153270 181908 156538 186105 156832 186153 158238 188098 152616 181335 156521 186170 154852 184427 154327 183325 156380 186233 153158 181986 156012 185181 153244 182115 118368 140600 155628 184992 155349 184896 154536 183551 156074 185205 156750 186263 156474 185403 153472 182233 155765 185242 158351 188157 153187 182231 153762 182774 155428 184546 147292 175221 154290 183161 155735 185174 156010 185566 157090 186807 155072 183981 153475 182804 156176 185790 153124 181984 156540 186781 153500 181958 153715 182878 154397 183845 153711 183309 156365 185558 154867 183934 153835 182963 153188 182085 156840 186526 155534 184961 157239 187117 154330 183193 154483 183822 155591 185545 155400 184862 154231 183474 156102 185588 152692 181315 158993 188665 155609 184785 153829 182939 154469 183963 155057 184549 157834 187641 119135 141661 158375 187895 157703 187513 156848 185833 156258 185625 157831 187170 155203 184582 153832 182619 158637 188118 146613 174320 154626 184307 149769 178036 156872 185925 153878 183297 151607 180508 155340 184839 158455 188022 156738 186126 156235 185928 1014
157117 186646 157323 187017 147524 175673 155548 184702 157706 187136 155922 185677 158290 188092 155445 184708 153195 181846 154635 183983 156843 186753 156251 186202 154883 184395 157845 187862 156846 186308 156529 186043 158466 188601 153812 183167 158855 188710 155881 185300 118928 141427 157372 187489 155159 184233 158523 187889 155884 185316 156872 186356 151536 180495 158362 187908 158161 187954 158123 187943 157326 187725 155685 184678 156599 186126 158649 188782 155274 184533 156982 186797 158449 188674 156704 186475 157586 187154 157615 187802 155808 185546 156107 185945 156222 185551 157292 186548 157179 187229 155620 184514 155079 184442 154671 184020 157240 187212 158166 188110 153810 183413 156876 186893 148426 176187 157069 186839 154894 184314 156727 186362 156130 185904 156182 185766 155040 184463 158756 188656 150544 178850 157965 187505 158160 187871 155481 184800 155927 185286 155352 185171 156916 186763 158416 187695 158580 188201 156160 185493 157933 187841 157603 187431 155981 185715 156325 185527 156577 186035 155905 185459 158518 187689 155810 185116 156094 184936 158690 187989 155298 184899 156933 186577 157957 187330 156833 186982 156756 186310 156815 186288 156626 185316 156825 186378 146321 174067 156584 185846 156303 185865 153551 182609 157738 187078 155953 185118 157748 186847 156770 186445 156263 186138 119137 141781 156773 185959 157408 187124 898
155922 185169 158644 188785 155827 184762 155414 185189 155615 184817 158846 188787 149951 178461 157364 187496 157093 187236 156993 186237 155576 184885 158626 188240 159140 188705 159225 189362 157975 187493 158075 188455 158956 188071 158496 188530 156255 185894 157784 187526 158733 188463 158702 188926 148486 176412 158096 187456 155767 185021 155464 184880 156377 185918 157902 187829 160870 190793 156400 185832 155987 185493 156577 185473 158492 188414 156040 185004 157242 186797 156111 185665 158766 188471 158846 188706 153354 182507 157422 187157 157244 187003 158668 188553 156461 185720 157329 186940 158816 188384 157747 187478 159484 189528 158226 187942 156877 186669 152167 180931 156754 186188 157425 187269 154668 184152 156436 186031 158161 188027 156332 186168 158671 188992 158032 188206 156533 186370 158426 188243 156354 185648 155841 185703 156604 186473 154714 183825 159580 189255 157235 187236 155612 184961 157203 187015 156217 185919 154957 184435 158745 188296 157396 186977 158862 188972 159688 189535 160017 190011 157895 187517 154052 183209 153955 183068 156816 185651 158726 188371 158163 187852 156531 186292 158570 187877 156423 185676 155460 184658 158165 187693 158557 188108 156574 186571 158155 187951 159171 188532 157991 188173 159706 189713 157946 187608 160413 190346 155048 184333 155445 185045 157464 187096 155643 185125 158165 188233 158528 188620 944
157829 187919 151155 179113 157254 187396 157039 186765 156011 185565 157204 187085 157777 187079 159445 189492 158365 187931 157457 187273 160742 191099 156368 185986 159163 189274 160055 190146 153481 182467 152923 182218 154583 183647 159506 189485 160152 190589 158324 187875 157616 187263 158579 188943 159188 189432 157642 187574 156458 186528 156104 185135 157018 186589 159332 189299 155038 184342 159663 189238 157152 186710 157533 187312 150348 178825 158443 188383 155269 184680 159555 189726 157755 187781 156216 185637 159601 189720 156917 186915 158745 188822 158774 188732 148205 176222 156023 185313 156205 185271 160156 190290 158537 188471 159082 189288 158235 188141 158856 188423 161139 190848 158244 187967 159733 189781 160348 190293 154426 183156 160465 190628 157177 187304 155762 185007 159719 189767 155826 185317 158014 187936 160979 191224 158761 189033 155737 185290 160321 190643 158117 188405 159827 190579 155635 184872 158487 188633 157479 187359 158205 188081 159220 189516 156003 185410 159798 189482 155941 185493 156705 186702 157245 186663 150622 178855 157891 187307 159055 189326 155093 184241 160454 190577 160151 190287 158838 188829 158786 188547 160353 190190 156327 185835 159510 189741 156748 186100 158973 188871 158347 188627 159969 189591 157106 186395 159219 189269 157588 187493 159427 190115 152000 180245 158779 188801 158706 188410 158120 188479 790
159504 190103 156562 186480 158338 188294 157032 186728 159059 189136 159489 189991 162163 192373 159993 190108 159407 189642 156259 185654 161434 191702 157826 187991 159056 188516 153963 182865 160768 191602 159251 189169 156220 185563 159542 189791 158322 188251 158752 188884 158853 189436 157869 187625 159626 189906 160067 190555 158321 188030 159214 189136 158647 188289 157790 187863 158640 188452 160705 190294 161694 192265 160816 190816 159654 189804 161417 191518 159613 189793 160359 190676 159204 189321 160253 190475 156337 185738 121481 144680 160179 190057 159470 189495 156239 185623 158573 188354 160187 191084 158220 188289 156698 186608 159928 189669 160190 190309 159516 189574 160944 190674 151776 180538 159756 189550 160333 190934 159855 190004 157192 186899 156315 185242 158415 188569 159147 189318 158360 188642 159796 189745 159930 190422 159279 189291 160040 189920 160168 190383 160466 190570 161825 192315 160296 190641 159247 189606 158562 188730 159123 189284 160669 190642 158243 188110 157764 187821 160068 190846 159738 189862 160392 190074 160105 190672 158172 187503 159025 189123 160038 190135 157741 187512 160273 190833 160217 190652 157533 187439 157672 187910 160246 190731 157550 187475 159086 189310 157003 186913 156950 186516 159543 189981 160435 190463 160442 190414 158418 188404 158479 188546 161041 191144 161957 192315 158008 188017 160975 191295 1037
160218 190759 158412 188398 160962 191457 162518 192561 158461 188208 160960 191705 160777 191424 150595 179095 161684 192387 157996 188143 158401 188251 157379 187020 159043 189090 159442 189922 160040 190387 163215 193804 159508 189876 160071 189975 160140 189858 160317 190800 161413 191609 159864 190231 161053 190697 161188 191596 157630 187650 161645 192393 156454 185927 161438 192055 159472 189714 153058 181821 162351 192945 157714 187605 160431 190904 161276 191777 163321 193856 158747 188969 160353 190832 160649 190255 156628 186395 161960 192307 161830 192762 159778 189711 161504 192183 160318 190693 159164 189174 121908 144891 160596 190721 160733 191571 160400 190712 159542 189816 158417 187909 157936 187501 158419 188732 161404 192217 161416 191657 160852 191149 161555 191540 155405 184211 158192 188456 160606 191359 161775 191932 161586 191703 156261 185570 160440 190724 158783 188853 159806 190103 157207 186898 161701 191930 158011 187827 160292 190369 158937 189179 161251 191925 158275 187606 160186 189940 158858 189004 159566 189741 158973 188806 160399 190405 158679 188216 161753 191721 163001 193286 159951 190039 158444 188747 161373 192115 161556 192245 163617 194182 159219 189196 160150 190367 161889 192652 161123 191710 160272 190485 159952 189987 158713 189065 160391 190820 161772 191672 157912 187758 154787 183798 161907 192276 160204 190672 161094 191474 938
161721 192283 159748 189955 159915 190362 153916 182692 160051 190171 162923 193889 162634 193032 163394 193881 162477 193350 162444 192811 159371 189529 160204 190710 159969 190289 161757 192281 158228 188177 159084 189007 160290 190559 161824 192867 161529 191951 160092 189997 162322 192599 162002 192651 159302 189494 162799 193411 162903 193468 161911 192667 162651 193608 161792 192524 160631 191259 157548 187440 157575 187573 162932 193197 162750 193671 162912 193902 161749 192353 160901 191124 160650 191380 162718 192817 159764 190305 162240 192767 163299 193832 160971 191316 161100 191419 161473 191535 162785 193241 162458 193359 162700 193606 160704 191401 160984 191992 162582 192839 161370 191641 162657 193467 160186 190219 160765 191284 161060 191206 162706 193190 161200 191874 162185 193005 161212 191712 162696 192988 161019 191649 157000 186572 152226 180870 160943 191408 159367 189265 162059 192391 159853 190119 158482 188839 160638 191000 161888 192270 160575 190874 159870 190192 161806 192426 159853 190326 158221 188192 160386 190976 163457 194537 161636 192083 162264 192257 161988 192698 162927 193108 161929 192769 161189 192231 161330 192087 157099 186920 159225 188948 158913 188744 159404 189474 161730 192336 152109 180698 162220 193261 162051 192395 159847 190423 162917 193211 162458 193208 161735 192515 161040 191221 160457 191163 159829 189876 159976 189656 809
162663 193429 160370 190583 162589 193332 154772 183729 160201 190832 161348 191440 163661 194209 163409 193909 163132 194079 160592 191060 161966 192730 161573 192355 161316 192142 162290 192476 162607 193779 160654 190282 161955 192437 163982 194387 161505 191655 161641 192216 161586 192402 162387 192525 161456 191498 161743 192427 162304 192793 160007 190068 161099 191725 162823 193889 161600 192196 162920 192855 162537 193651 163768 194621 163656 194357 162330 193297 164046 195222 163987 194419 163812 194695 163912 194935 163712 194622 162302 192302 162588 193430 161219 191295 161446 191959 160570 191110 162935 193735 160906 191331 163346 194166 162104 192519 163467 194180 162065 192959 159826 189535 159894 190379 161328 191916 162245 192729 162307 192928 161300 191371 160228 190359 161023 191304 160744 191472 163872 194274 163675 194282 161885 192351 163890 194460 161411 192051 161224 191246 162662 192816 161953 192395 163127 193783 161752 191755 165132 195620 161113 191546 161108 191383 162329 192971 163358 194525 162460 193214 153974 183196 160222 190034 163755 194824 162121 193234 161695 192629 163186 193885 160140 190356 163653 193951 163694 193654 164399 195264 161403 192549 165986 196921 157200 186616 161433 191822 161768 192480 162375 193320 161380 191855 160091 190640 158942 189073 158442 188563 162127 192797 161424 192164 162698 192856 153170 182330 163501 194530 963
162024 192629 164047 194795 164286 195278 165364 196592 164971 195903 164073 194717 161183 192039 157765 187828 165119 195922 155923 185814 162625 193468 163613 194620 162372 192964 163661 194430 159560 189607 162395 193223 161466 191946 165881 197031 162206 192890 164136 194653 164530 195406 160109 189807 165239 196054 163213 193852 161275 191789 164620 195567 162241 193045 162081 192705 162193 192617 163812 194571 162823 193948 161137 191547 162752 193203 163013 193947 160036 190107 163379 194191 162085 192456 163231 194375 162437 193226 164072 194934 163456 194146 164179 194529 162280 192711 159919 190147 163296 194373 160791 191035 162539 193839 162593 193864 164003 194757 162241 192771 162028 193195 163468 194268 165205 196452 163482 193977 162848 193598 164073 195479 162359 192677 157738 187736 162618 193769 164533 195386 164384 195207 163509 193922 162958 193312 162696 193318 162017 192589 160798 191472 160107 190174 163541 194279 162606 193542 164530 194996 164346 195045 164722 195329 163182 193957 158149 187924 161737 192418 162976 193812 161136 191514 162217 192655 163327 194114 163300 193895 162868 194007 164766 195821 165021 195541 161725 192505 162006 192470 163807 194653 160387 190846 165805 196648 161560 191836 163440 194253 164980 196220 156633 186499 163486 194555 161200 191340 162005 192769 152867 181759 165090 196231 163174 193540 163450 194180 161531 191848 962
164951 196406 165697 197092 152473 181326 165243 196790 160655 191239 165306 196317 164862 195896 164352 195282 164777 195355 163924 195188 164967 195988 165111 196623 162329 193353 161622 192183 161612 192242 165852 197111 166539 198128 165985 197096 164819 196082 154272 182843 157485 187421 164414 195665 162632 193421 162437 192884 165845 197230 164204 195085 165048 196275 164512 195638 163619 194785 164069 194561 161915 192980 164898 196164 160909 191488 164444 195672 165583 197201 165491 196647 162439 192710 163520 194642 164702 195697 164000 195133 163787 193851 163618 194853 165773 197060 165282 196513 164036 194572 164158 195145 162005 193087 164648 194913 161720 191795 163688 194315 165242 196426 163050 193481 162351 193246 164736 195369 161752 192071 163087 194146 161595 192073 165628 196888 162598 193539 161776 192208 157550 187579 161916 192681 162397 193325 162804 193459 162618 193702 162907 193906 164682 195558 161637 192503 164222 194852 163726 194961 163531 194679 162150 193005 161914 192451 164895 196448 165782 197045 165476 196318 162485 193344 165244 195995 163442 193597 156257 185506 165283 196212 163080 194091 162666 193772 166211 196853 165572 196845 164003 195467 164378 195228 163571 194583 162965 193488 164752 195179 165978 196918 161790 192336 164078 194793 161597 192365 162298 192732 164343 195569 163090 194059 162910 193840 165264 196116 162531 193181 955
164735 195904 160166 190215 166325 197703 168421 200163 125150 148772 163601 194668 165892 197448 165015 196238 161529 192201 162674 192918 156885 186199 163674 194764 163833 194869 167148 198452 167240 198421 163304 193395 164177 194933 167420 199059 166570 197907 162898 193615 166457 197389 166059 197304 166994 198471 165179 196822 164348 194862 166886 198218 163520 194365 165362 196154 166171 197096 165509 197397 164485 195320 166302 197932 166189 197348 162261 192901 165393 196264 165671 196635 166414 197458 163384 194424 162351 193591 166458 197442 160455 190654 163928 194988 162405 193023 164660 196389 165506 196113 125097 148674 165454 196661 160952 191469 164953 195863 164020 194998 165651 196235 165821 196615 164948 195929 162551 193388 166675 197973 165659 197161 166927 198259 163031 193828 164222 195084 165061 196191 164294 195617 162627 192915 164938 195715 163702 194795 165276 196426 165410 196042 166298 197585 165426 196482 165854 196885 163136 193938 163417 194583 164351 195666 163673 195050 166177 197098 163098 194167 166272 197659 166795 198806 165899 197165 163584 194783 167093 198089 165321 196444 158856 188973 166021 197498 165478 196502 161599 191790 166151 197067 165224 196453 165058 196837 167341 198611 164257 195845 165016 195505 165868 197178 164345 195714 163870 194322 164219 195412 155596 184668 165140 195900 164997 196076 163663 194575 166270 197638 989
166261 197702 168433 199940 164838 196222 162815 193259 163787 194699 161197 191286 166355 197248 163379 193840 166438 197822 163909 195267 165621 197419 164557 195811 165605 196660 163461 194243 164822 196352 162818 193759 165587 196964 165104 196386 166004 197303 165494 196955 165881 197326 166680 198792 166760 198542 166495 197550 166785 198358 167547 198747 166034 197202 166265 197938 165917 197411 168264 199864 167151 199098 163585 195104 167768 199188 167094 198499 166467 197549 167366 198755 166063 197301 163703 194632 167078 198434 164292 194812 164971 195630 156443 185833 168851 200240 164024 195069 164682 195707 164810 196002 163078 193835 162833 193450 163492 194971 165881 197689 167791 199530 162328 192589 163882 195291 166221 197722 163282 194167 168259 199771 164868 195540 165394 196625 165525 196759 162637 193396 162545 193615 165271 197054 167551 198856 166985 198334 167037 199016 166199 197362 164201 195086 168301 199703 167094 198151 163292 194204 167353 198939 165816 196584 159295 189002 164225 194798 168554 199704 165098 196544 166344 197644 167763 199049 162429 193377 167707 199029 166057 197356 166461 198325 165429 196578 165357 196532 164911 195926 168621 199813 163406 194250 167151 198312 163722 194778 164508 195355 164233 194483 165045 196356 165186 196278 161218 191594 163396 194518 165087 196699 166666 197814 166331 197753 164598 195494 165956 197495 965
158744 189094 163755 194773 168784 200096 166225 197196 168573 200127 167554 198845 167437 199076 167695 199429 167394 198365 166965 198494 167297 199094 167280 198747 165614 196919 166862 198474 165012 195853 168437 199676 167616 199271 166485 198193 165547 196404 167021 198557 167354 198711 165332 196676 164400 195155 165890 197260 165424 196904 168029 199492 168749 199894 166808 198469 168113 199888 167027 198330 165727 196694 166684 198368 169337 200860 167678 199205 168337 200142 169751 201318 165110 196280 158342 187833 167853 199538 165392 196339 166004 197411 168990 200814 165285 196422 167158 197905 168325 199956 168204 199758 167320 198636 167891 199333 165233 195916 167103 199053 168720 200646 166737 198230 167804 198721 166618 198086 165565 197605 166898 198783 167123 198980 165632 196872 168163 199687 164998 196032 163124 193986 168007 199984 165274 196622 164976 196398 166405 197400 161550 191213 166127 197264 164729 195901 165000 196050 168082 199346 164988 196205 164906 196144 166789 198302 166889 198778 165407 196148 167985 199674 168415 199661 164997 195772 166192 197596 167371 199031 170511 202037 170061 201975 166234 198017 166791 198224 164980 196432 166985 198605 169813 201316 167003 198587 165965 196953 167734 198912 168241 200152 165690 196964 167970 199602 164228 195276 166848 198187 166058 197044 165994 197302 166263 196753 168388 199697 164591 195722 934
167389 198694 167652 199004 166448 197827 166282 197991 168644 200602 164706 196397 167531 198788 165974 197556 166530 197775 167301 198668 165355 196657 164379 195253 165787 196944 160741 190999 167180 198444 167718 199228 170017 201836 167459 199500 167259 199325 168175 200346 169367 200503 169022 200921 168282 200145 164729 196112 166329 197992 168656 200292 168636 200161 167909 199542 167120 198794 168599 199669 165997 197230 164911 195380 166390 197888 164977 196160 167504 199568 166616 198199 164905 196043 167982 199470 166676 198069 164730 195850 170684 203080 171830 203841 165010 196225 165647 197030 169375 200922 168495 199881 167438 198794 166887 198846 166933 198532 166342 197115 163509 194358 167002 198483 165641 197257 170479 202549 167129 198602 166128 197411 167867 199679 165609 196498 169322 200936 167863 199010 169113 200227 168279 200178 167689 199040 167943 199978 170612 202267 165821 197199 168912 200775 162572 193621 167999 199550 165872 197305 168451 200386 164873 195944 166450 197368 169049 201070 167480 198897 169452 201329 168448 200356 163697 194923 168924 200728 169282 200938 168495 199730 166703 197920 168235 199877 166362 197893 168887 201033 168054 199726 164298 195150 170987 202859 169171 200823 164605 196213 169928 202312 167388 198778 166135 197438 167181 198903 167878 199685 165620 196574 165639 197153 168767 200590 170302 201739 168046 200080 989
168849 201257 167744 199372 169395 201715 167571 199384 169374 201206 169405 201416 170273 202679 170428 202264 166601 197963 169455 201482 167015 198854 166661 198166 170755 202817 167656 198572 167372 199262 169314 201602 169163 201240 170638 202171 165855 197293 167286 198891 170192 202726 167545 199244 168862 200357 164355 195138 169574 201115 168706 200456 169030 201034 165740 196638 167949 199462 168675 200269 165794 196806 166691 198527 167859 199717 169490 201293 169185 201020 170442 202248 168584 199971 171785 204059 168566 200582 166918 198293 169160 201271 171576 204096 166235 198052 165726 197056 167062 198596 167328 198960 165648 197014 163827 194596 169554 201674 168237 199320 161481 191587 169469 201188 163594 194714 164656 195530 169481 201735 168315 200438 168876 200600 169706 201685 169835 201640 171420 203682 167945 199779 170215 201955 169153 201120 167728 199433 163548 194614 167415 198937 164321 195741 169889 201823 168614 200137 163739 195364 170264 202089 169684 201663 169759 202172 168656 199970 167011 198618 168748 199895 166566 198218 168169 199519 168568 200235 168862 200972 166925 198449 171004 202776 169017 201107 168380 200186 160581 191008 167996 198870 169891 201760 170250 202309 157827 187942 167680 199414 168554 200439 128297 152602 169442 201321 167485 199316 167566 199449 167800 199051 165077 196281 164991 195311 168945 200636 166382 197746 961
170471 203053 168198 199941 169036 200846 168462 200270 170540 202525 169363 201364 168573 200302 166737 198114 166607 198338 168765 200977 169211 200874 166586 197717 168769 200299 170150 202481 169405 200895 168658 200257 169224 201117 167906 199313 168490 200598 169177 201254 168133 199237 170359 202468 171729 204130 164285 195551 170075 201550 167426 199401 166766 198054 170950 203089 168352 200045 168186 200112 172617 204876 167711 199565 168834 201353 167248 199091 168406 200290 169909 202062 168022 199978 129341 153751 167173 198641 157640 187395 166340 197932 168306 200542 165821 197380 167436 198745 169513 201474 169510 201451 170387 202594 166163 197841 168764 200376 168031 200010 171405 203466 167161 198746 162331 192635 170172 201873 170504 203184 165948 197074 168009 200058 170209 202171 168254 200079 166544 198153 168237 200261 171746 203935 170914 202787 166641 197962 171570 203614 171682 203590 171414 203782 169722 202037 168794 200625 167980 199449 169446 201816 170324 202534 170843 202879 167971 199625 170477 202744 169053 200992 169971 201600 167453 198574 169962 201992 168821 200441 161376 191905 170834 202869 168580 200239 167130 198301 168983 200755 169918 201990 168487 200274 168946 201012 170177 202228 171078 203514 170564 202668 171012 202575 168843 200837 165739 197033 166705 198190 170095 202037 172878 205656 167509 199559 171050 203701 171523 203555 993
171894 204269 170879 203000 171014 203183 167356 198542 170592 202641 172426 205267 170425 202532 169476 201578 169560 201558 168520 200411 172536 205180 171904 204290 169669 201775 169396 201573 167298 198847 168080 199750 167127 198567 170162 202601 170326 202706 168458 199778 170147 202048 172012 204503 171139 203423 170106 202677 166408 198083 168791 201032 171244 202956 170040 201985 171561 204221 170180 202540 171550 204150 172113 204507 170385 202526 171066 202944 171087 203121 168155 200093 169676 201581 168971 200577 130130 154676 168143 199459 170896 202621 172415 204680 170515 202238 170596 202179 167652 199497 173538 206602 167604 199729 167435 199185 171432 203944 163870 194791 170211 202249 171784 204571 168758 200713 170048 202309 171801 204624 164994 196428 168674 200508 170271 201738 170515 202004 169628 201719 171288 203282 173753 205748 171451 203071 170765 202998 170326 202749 130456 155088 171268 203336 169007 201270 169421 201348 168709 200865 170753 202505 172815 205020 169080 201435 169966 202090 157752 187561 169040 200786 172518 204638 166226 197245 168841 200704 168939 201581 170878 203640 168228 200012 129991 154632 171060 203398 170274 201835 170178 201976 168469 200067 173566 206192 170516 202469 171710 203396 171851 203972 171146 203529 168529 200426 170760 202125 171685 203827 167695 199878 170847 202639 169282 201407 172755 205408 172876 205535 952
171309 203216 170306 202650 161392 191408 172334 204407 173439 206119 170698 202890 168714 200453 173323 205642 171582 203907 170808 202801 171099 203332 173673 206374 171671 203988 170939 202886 171389 203587 170903 203338 172055 203948 170659 202432 170135 202638 169810 201997 170848 202861 171036 202914 171830 204650 172448 205118 171269 203759 169322 201142 171320 203677 165807 197185 171723 203953 170162 202080 171578 203732 171732 203525 171582 203708 171398 204152 171561 203727 171015 203264 171212 203752 171376 203597 169971 202290 170786 202787 169708 201830 172004 204833 173254 205721 170096 201390 172126 204484 172941 205864 166917 198560 171260 203881 172576 204552 169856 202669 173111 205441 166015 197159 168850 200541 170065 202332 168310 199356 169179 201164 171379 203803 171500 204409 173227 205617 172162 204376 172798 205464 170944 202936 167143 198582 174121 206562 170899 203043 170910 203221 169740 201929 170767 203081 172023 204756 169438 201240 169424 201367 170793 203064 172285 204578 168953 201070 172200 204608 173355 205809 169548 201706 172174 204392 161957 192094 173545 205695 169694 201645 171643 204089 170340 202469 173055 205518 169917 202070 173455 205684 171855 204134 168990 201139 172445 204595 171754 204238 167204 198434 172291 204256 170851 203066 170412 202835 130319 154869 172617 205326 170186 202117 169391 201619 170156 201762 172847 205403 1018
174361 206928 170353 202608 174666 207022 170084 201909 173615 206411 171089 203808 174538 206993 170649 202898 163501 193945 171945 204314 171101 203179 172187 204790 170084 202072 171818 204630 174106 206753 172692 205539 171810 204164 169250 201103 168792 199928 173317 205699 174496 207390 173659 206085 171655 203536 172522 205444 169703 201683 169870 201962 173569 205913 173517 206348 170303 202588 170105 202176 172366 204614 173048 205856 172298 205132 172914 205532 171407 203447 173500 205858 171474 203787 171930 204624 171562 204284 172918 205821 171524 203752 171535 204175 175109 207955 173778 206045 172554 205265 172850 205240 174382 207142 173476 206208 173737 206736 170035 201600 172513 205012 170818 202795 171573 203573 172470 205317 173757 206181 173152 205652 170288 202652 165975 197508 172046 204104 174158 207112 168460 200395 170661 202981 172780 205253 173598 206630 169154 200762 173088 205578 170681 203019 172409 205260 173072 205147 169773 202081 174566 207154 175313 208444 172001 204227 161658 192467 168684 200535 172974 205137 170652 203595 175643 208716 172393 204984 170262 202398 173262 205323 171253 203509 171016 203220 173745 205974 172410 204622 173172 205879 172073 204821 170106 202177 173156 206242 174472 206999 170589 202994 173255 205733 173127 205167 171809 204489 171784 204553 173794 206398 170896 203113 169901 202194 168865 200944 173443 206264 879
172137 204561 172755 205353 170708 202800 173732 206735 174394 207366 171177 204106 174687 207641 172936 205527 171600 203995 131449 156192 171037 203330 173202 206212 173520 206397 170806 203084 172858 205220 171882 204312 174755 207259 173594 206016 171462 204473 172844 205110 175288 208430 172165 204116 174105 207100 174004 207221 171651 204163 172832 205398 174415 207325 173258 205639 171872 204132 173455 205943 171986 204829 172716 205537 172088 204788 172932 205698 171866 204556 172691 205681 172911 205264 172800 205388 174335 207554 173005 205608 170169 202466 173007 205994 171587 203997 175460 208088 175351 208424 169730 201857 171626 204047 172066 204495 172071 204641 172373 204910 173508 206209 174417 207592 172017 204880 173097 205299 173746 205965 173461 206294 131889 156873 172351 205039 172068 204147 164602 195404 170876 202731 169863 202136 175198 207403 171725 204547 172544 204577 174658 207108 173481 205891 172960 205431 171065 203295 173764 206183 164203 195149 171530 203930 171943 204586 175876 208675 173988 206986 173082 205772 171877 204462 173678 206379 171521 203396 173753 206154 171984 204284 173641 206431 173276 205661 171872 204694 170074 201714 174949 207501 173178 205867 170682 202741 172892 205797 173560 206218 172284 204551 174609 207663 169864 202208 170671 202795 170758 202948 172311 204845 170793 202797 171691 204424 173333 205960 172459 204916 1147
174252 207773 173751 206503 173619 206358 176525 209521 173661 207162 171532 203998 163102 193543 174031 206360 173314 205471 177030 209862 175903 209596 174588 207464 174597 207391 175514 208188 173064 205828 172031 204724 172761 205597 175373 208947 174767 207514 172554 205499 172755 205837 174137 206777 173505 205944 132646 157556 174932 207978 171864 204434 174766 207885 174779 207527 174793 207815 171748 204282 171995 204346 175014 208100 174383 207387 171133 202984 173921 206799 172512 205083 174195 207459 175053 208416 175725 209209 172142 204612 173122 205771 173428 206312 175237 208261 173851 206777 174160 206773 171579 203638 173979 206359 175293 208471 175788 208823 174772 208156 174701 207253 174050 206528 174221 207208 173889 206902 168146 199962 175869 208845 171335 203571 171388 203855 174875 207310 172644 204727 172379 205118 172674 205399 174899 207525 170063 202334 169152 200781 173954 207082 174981 207639 175287 208719 175768 208792 171268 203373 175364 208570 173984 207128 175215 207697 170403 202685 175086 207801 174787 207910 172097 203731 172601 205471 174842 207287 131501 156407 173775 206373 176102 209666 172874 205042 173273 205848 175190 208662 174633 207448 174322 207089 172044 204224 173652 206695 176096 208775 173583 206274 174680 207619 177368 210617 174472 206969 174204 207109 170519 202272 172997 205882 176029 209222 173113 205495 174588 207169 1007
172549 204795 171740 204134 175061 208197 173589 206330 174043 207060 174898 207819 175318 208680 173146 206132 171237 203580 174692 207744 169722 201587 175699 208864 173016 205664 172690 205055 173828 206681 174874 207732 174573 207619 176960 210015 175459 208297 175928 208930 172809 204776 171379 203646 173722 206500 177003 210415 174301 207569 173753 206351 174551 207664 174762 207475 173097 205684 174834 208124 176096 208944 176516 209201 174236 207486 177081 210817 173754 206186 172978 205696 174268 207258 172681 205437 175746 208956 176085 208707 174169 206793 173523 206424 174207 207553 175949 208643 176036 208864 174904 208174 171732 204540 171689 203971 175215 208163 172674 205656 173134 206190 174761 207750 174122 207252 174828 207942 165862 197415 176223 208760 173366 205160 177309 210588 173497 206266 174627 207696 173107 205986 173877 206321 174131 206484 175544 208665 173246 205987 174091 207208 174659 207857 175654 208858 177427 210626 174710 208003 174906 207960 173942 206503 174298 206933 172829 205821 176145 209426 175792 208868 175936 208338 174182 207434 176413 209096 173767 205956 174801 207531 172742 205418 133609 158916 175530 208445 174278 207192 173934 206910 175224 208617 173303 205723 174127 207227 175947 208996 176426 209891 171103 203254 174601 207785 174744 207711 177423 210626 175277 208562 162787 193581 175298 208327 172507 205250 172660 204928 974
177583 211048 174916 208145 176307 209343 173894 206655 171237 203724 172368 204652 178242 211599 174854 207421 175183 208322 174934 208322 174143 206527 174095 207037 174984 207869 175728 208898 176305 209555 163798 195075 175490 208553 175737 208791 173024 205579 177164 210490 176789 210043 176591 209631 133418 158456 175946 209271 177746 210945 175481 208339 176745 209642 175821 209467 170401 202126 177353 210248 173314 205872 175606 209101 173963 206371 179106 212650 174553 207416 175012 207814 174497 207615 173807 206942 175611 208773 174296 207695 174373 207848 177531 210814 175962 209239 176873 210512 174848 207963 175156 208478 174958 208177 175533 208865 174622 208284 176424 209833 178843 212294 178622 212124 174972 208360 176701 209333 176597 209986 174472 207293 176376 209599 177361 210870 175096 208154 174906 207990 174185 207548 174769 207955 178577 212073 174997 208065 169130 201190 176561 210088 175681 209363 174741 208113 174287 206772 175141 208717 177098 210717 174909 207606 177923 211071 173458 206541 177670 210909 173309 205667 176355 209366 174704 208142 174441 207550 173146 205532 176948 210218 176736 210440 175985 209369 177857 211623 173622 206225 176270 209637 177762 210903 176084 209532 169191 200553 176988 210825 174494 207460 174162 207127 175792 209008 173695 206917 175258 207966 177585 210619 133249 158489 175827 208521 176113 208837 175073 208431 945
174767 208039 175646 209032 178359 212168 177648 210938 177393 211148 176868 209810 177740 211632 176092 209809 174947 207871 177083 210194 176788 210308 177035 209754 177293 210657 176234 209438 177853 211540 176170 209739 176163 209651 176481 209739 178151 211791 175373 208694 175605 208738 179255 212852 174416 207631 174254 207022 174330 207741 179472 213308 174731 207831 178331 212292 175441 208895 176033 209193 176134 209599 172821 205398 175208 208525 177610 210822 175321 208339 174085 206942 177822 211267 173208 205608 177817 211431 175868 209086 178932 212321 179529 212700 178749 211955 177042 210357 166583 198248 177659 211185 175244 208074 175025 208006 178014 211301 173604 206134 174834 207858 177530 210987 176329 209991 175848 208856 179014 212444 177393 211148 177488 211053 170592 202866 175339 208183 176930 209743 178492 212288 177759 211288 178385 211539 178316 211909 178433 211690 177803 210796 165660 197163 178199 211471 175672 208714 178701 212056 178357 211693 178383 212322 165013 196089 176833 210109 176142 209909 177983 211876 175385 208497 179277 212688 176556 210286 177546 210995 173769 207065 176143 209470 175627 208926 175817 208760 174123 207045 177008 210491 176398 209095 175636 208927 179743 213243 178008 211257 175208 208379 178445 212113 174769 207506 175735 208653 176179 209645 177211 210772 176332 209714 178451 211969 171950 204278 174335 207111 1111
177883 211105 179142 212799 175390 208849 174943 208073 174714 208086 178707 212280 179431 212674 176128 209264 177683 211350 177950 211557 176184 209569 180088 213478 176534 209693 177234 210580 174115 207154 176290 209575 178795 212263 176729 210085 175239 208374 176029 208958 177836 211595 179054 212659 179195 212595 175599 209024 179906 212980 178246 211611 179029 212430 176188 209737 175589 208521 179418 212755 176071 209497 176251 209769 178160 211772 178634 212357 178340 211132 174305 207227 168351 200623 179665 213408 176820 210583 177772 211379 179037 212883 176024 209674 171800 204454 177885 211251 175994 209934 178838 212839 178486 211499 177634 211409 179520 212749 177407 211078 175835 208724 177898 210826 178583 212191 172963 205838 178644 211877 176792 210331 177552 211115 176905 210851 180565 213773 176963 210396 177076 209850 173497 206153 178832 212711 176018 209627 175287 208434 179806 213201 177968 211149 176853 210321 178925 212569 178690 212144 175895 209213 177544 211267 179102 212298 171428 203367 176817 209888 178969 212457 178214 211793 178392 212165 177327 211577 179259 212972 133526 158742 174051 206765 175730 209067 175237 208411 177521 211205 177276 210876 179625 212760 178671 212136 175624 208267 176845 210244 180388 214372 179859 213702 177479 210497 174715 207689 178121 211157 175984 209165 176849 210381 177294 210788 178314 211905 175154 208185 1016
175855 208972 178781 212147 180977 214522 180341 214186 178823 212953 175902 208959 176615 209977 179500 213510 175700 208918 178223 211766 178882 211974 174895 207800 175391 208507 179572 213476 175484 209037 178643 212592 178372 211993 179009 212776 180776 214587 174543 207248 179536 213292 178529 212134 178826 212739 177741 211690 177381 211354 178229 212176 178631 212105 178067 211238 181424 215351 178021 212006 180609 214912 179976 213849 179850 213463 136016 161565 176748 209610 178816 212124 182710 216869 175769 208842 179989 214471 176445 209746 178286 211887 178070 211946 178298 212671 178554 212003 180332 214151 178919 212446 175927 208988 180951 214979 176463 209800 178759 212573 177555 211270 178723 212380 177859 211707 180986 214674 178379 212034 177497 211279 176572 210107 179277 213088 177080 210618 179222 213272 176729 209856 180323 214361 176337 209665 176218 209195 180716 215260 179735 213138 178912 212865 178961 212517 178597 211732 177532 210859 179026 213205 166534 198194 179127 212909 178655 212332 175735 208914 177551 211034 177442 211251 179443 213072 178877 212231 177701 211401 179823 213932 179479 213201 178354 211466 177281 211269 179633 213016 175534 208670 178820 212772 179727 213791 178904 212774 177081 209985 179801 213980 179926 213771 178255 212292 178512 212302 173585 206618 135447 160924 178496 211841 175208 208433 179061 212904 179477 213155 965
178691 212605 180691 215550 179260 213214 178232 212006 179709 213921 180994 214563 173623 206699 181631 215601 179737 213310 179493 212985 179515 213630 178092 212004 176049 209319 180625 214690 178914 213189 179179 213133 178476 212079 178008 211743 179506 213536 179570 213895 178249 211453 179519 213386 179509 212994 181318 215646 181391 215222 179498 213052 173857 206709 181088 214692 178151 211585 177333 210786 180439 213568 180643 214650 180661 214010 176925 210459 179910 213778 179217 213159 176955 210367 179607 213150 179753 213962 181274 215365 177564 210949 179350 213377 179650 213725 181922 216109 181052 215354 180431 214320 180173 214127 180254 213817 178843 212553 176858 210475 177013 210583 180562 214102 182180 216780 180597 214270 180987 214390 177497 210837 179590 213387 176607 210000 179489 213629 181640 215568 180950 214669 179379 213234 179813 214150 183578 217913 178604 212334 182588 217251 178470 212332 174916 207795 181374 215279 181598 216086 180400 214407 181286 215320 180357 214659 170985 203275 179300 213239 179466 212930 177785 211232 180621 214715 182864 217256 179737 213606 176422 209765 181173 215439 179991 213758 177554 211066 180805 214766 182030 216066 180730 214093 181236 215198 178453 212142 136072 161840 181256 216011 177950 211139 177974 210980 181680 215607 179163 212706 180112 214148 174740 207583 178781 212901 178755 212603 179000 212746 946
176288 209691 177358 210439 180739 215058 180881 214728 180380 214171 180790 214760 181351 215263 181378 215855 178270 211785 178386 211790 180231 214241 180706 214887 179420 213174 179953 213655 170165 202754 179266 212917 180055 213921 179871 213875 180295 214367 178414 212491 167828 199732 180507 214516 179091 212771 180818 214938 178834 212206 182881 217023 180915 215018 181022 214481 178660 212462 179418 213303 182063 215704 178376 211904 178649 212348 178453 212245 171354 203774 179623 213929 181273 214911 178674 212805 180907 214199 177652 211277 179854 214057 181603 215245 178975 212717 179197 213090 181905 215807 173661 206598 180923 214865 182226 216202 178930 213056 182692 216681 178977 212708 180219 214326 180128 213982 177999 211872 180838 214716 178259 212416 182640 217258 180211 213950 168711 200012 180840 214918 179095 212871 180560 214414 178012 211419 181553 215321 179699 213897 181091 215426 178426 212233 182191 215898 176052 209488 170678 202735 182003 216466 180080 214089 182247 216781 182397 216946 180325 214541 181525 215282 180651 214739 182289 216051 181909 216324 179762 213182 181074 215748 179438 213718 183715 218077 181731 216169 176764 210033 181683 216373 179718 213826 182494 216193 181318 215763 179152 212495 178299 211489 178152 211656 181162 215241 180255 214598 182987 217277 176299 209407 180093 214072 178753 212564 181751 216363 179284 213138 1275
178728 212497 184095 218401 179264 213253 182349 216311 181518 215537 180111 213765 182977 217361 177502 210983 181849 215756 178799 212550 182834 217336 180568 213822 180564 214888 181391 215625 177978 211478 180723 214668 181584 215074 180514 214688 180703 214717 182009 216488 137926 163789 177902 211902 181319 215443 182149 215980 183268 217016 180572 214742 180680 214588 182239 216762 183390 218695 182779 217469 182431 216852 182662 217690 180822 215339 181994 215947 182314 216268 182753 217553 176809 210503 183331 217772 179476 214016 181670 215853 181066 214565 182382 215671 183228 217719 180670 214987 182099 216177 181886 216068 178030 211907 182829 217147 184943 219755 181511 215487 176241 209585 180282 214498 180969 214914 179325 213092 182931 217640 182140 216862 178251 211590 180953 214518 181086 215183 181869 215525 183126 217888 181455 215200 180277 214641 180520 214890 180970 215503 183760 218442 133690 158899 180042 213687 179532 213336 181623 216012 178651 212401 181448 215981 181613 215854 182307 216725 181567 215669 181711 215485 181707 215727 182967 217262 178360 212295 182099 216555 181610 215232 177456 211519 181888 215914 180689 214761 180006 214342 179551 213471 182457 216510 180610 215100 182105 216618 183055 217049 182052 216390 182005 216672 181763 215219 179566 213071 180669 215002 181770 215246 183607 217744 180475 214073 181052 215171 182750 216898 1058
183458 217894 183147 217698 184717 219157 182039 216583 184168 218610 183443 217960 181342 215417 181941 216282 180188 213623 180824 214885 181910 216595 181481 215459 180533 214516 182621 216388 180166 213993 183121 216940 183262 217548 181447 215788 181221 215240 183086 217619 183671 218046 180350 214954 182368 217135 183175 218846 183342 217647 179408 213504 137191 162856 181124 215345 179652 213842 185058 219597 173805 206017 183448 217942 179517 213396 182144 215951 172607 205319 179654 213465 185165 219797 179817 214028 180700 214468 183286 217952 180565 214749 179769 213649 182351 216972 181924 216363 183386 218010 184076 218649 179674 213589 182379 216831 182953 217682 182313 216655 179706 213638 181492 215413 181772 216186 179771 213675 181102 215663 179219 213185 181857 216735 184881 219419 178566 212411 184748 219208 175191 207906 184136 218731 180908 214981 183125 217742 180922 215550 182821 217574 180997 215313 181084 215482 180085 214014 180475 214790 181103 215202 182253 216723 177760 210818 182704 216757 184483 219408 181619 216293 182668 216602 183024 217321 181139 215429 181275 215422 182119 216134 183867 218565 180517 214468 181851 215812 183532 217868 181109 215256 181551 215941 182685 216581 178735 212385 179452 213547 183946 218645 181951 215816 180653 215123 183363 217361 180925 215216 181051 215255 182805 217831 181928 217190 170154 202355 182068 216459 1045
176588 210053 181786 215579 184986 219735 185446 220378 182442 216879 182879 217490 182378 216322 182589 217256 184256 218779 183668 217806 180813 214832 184320 218802 182357 216892 184233 219091 181519 215981 184709 219313 182971 217090 176061 209140 183646 217996 182789 217226 181166 215672 184881 219299 178701 212198 180589 215119 184907 219860 182817 217501 183445 218007 182960 217170 184797 220022 182873 217124 186568 221799 181257 214955 181235 215249 180352 214359 185466 220650 185021 219829 183415 217769 185498 220752 183390 217928 179548 213538 181459 215795 185227 219716 183870 218242 182829 217245 179065 212837 181176 215472 182017 216428 184016 218651 185523 220774 185472 220137 186079 220567 181566 216088 183143 217798 183165 217873 182840 217446 177927 212156 182726 216584 183236 217597 184782 218738 181137 215009 182114 216630 182593 217077 183515 218127 182975 217696 181481 215987 182604 216385 180807 214925 182386 216902 185339 220135 182119 216605 179740 213480 182662 217194 182562 217431 184382 218688 185022 219497 182458 217089 184456 219338 184617 219077 182507 216750 182029 216459 179546 213201 184324 218678 182911 217812 180258 213983 175115 208292 180610 214524 182151 216830 182538 217175 181170 215386 183050 217556 180359 214326 185385 220151 184992 219476 184031 218830 183192 217733 182557 216674 173258 206347 186202 221274 184430 218865 182104 215876 996
181919 216388 182805 217334 185455 221097 181447 215775 186162 221755 174802 208116 174050 206357 182863 216811 180616 214362 182400 216982 186373 221472 175502 208721 182987 217712 183902 218333 185284 219295 185880 220829 185472 219835 185065 220739 185334 219774 186423 221596 183885 218256 184536 219344 181379 216144 183583 218611 180067 213840 186661 222162 181091 215163 183458 217891 183267 217797 184815 219319 181590 215802 182127 216570 183611 218078 183979 218977 183355 217375 180638 214968 183632 217857 182091 216268 179987 213517 181587 216170 181738 216070 182801 217846 181301 215050 183897 219320 179099 212313 186288 220719 182375 217195 184995 220221 184580 219055 184749 219263 183865 219097 182631 217289 180993 214926 183235 217960 185693 220475 185949 220957 183992 218486 182952 217615 185991 221303 172314 204769 185075 219697 182868 217786 181607 215791 183722 218663 138428 164577 183421 217888 178211 212091 185357 220420 186865 222160 186434 221040 184449 219087 173067 205812 184429 219479 180878 215409 184020 218776 184352 219404 184858 219385 183970 218275 184326 219290 184416 219721 182981 217635 180583 214689 183588 218406 177543 210833 184810 219849 182146 216816 184247 219059 185096 220006 182263 216889 182310 216188 180955 214734 182069 216525 180834 214387 184127 219305 172915 205491 182643 217507 185881 220838 182644 216624 180999 214897 178396 212535 1113
183527 218267 186681 221473 184338 219011 174990 208504 185784 220744 183955 218954 186921 221464 183829 218994 187796 222955 187023 222267 181084 215743 184446 219739 181725 215892 183748 218027 185571 220937 184855 219811 184917 219708 181410 216246 183647 218314 186174 221113 182448 216603 182396 217059 185996 221042 187310 222467 184666 219936 182674 217835 183426 218413 181035 215163 182934 216995 177798 211084 186259 221218 182719 217115 187014 221610 185487 220639 186354 222269 188444 223457 183642 218824 185122 219584 184103 218716 181882 215709 179827 213847 141448 168014 187454 222348 183714 218694 181947 216044 184727 220020 184566 219336 183937 218911 182074 216322 182554 216758 184124 219378 179459 212779 184954 220074 184151 218532 185897 220724 182641 217094 185109 220156 184663 218691 187672 222904 185268 220213 141155 167789 184608 219564 185386 220545 187137 222058 186689 221336 182938 217460 181964 216570 183999 218240 184198 218618 185436 220433 186770 222347 185913 221012 184573 219692 184831 219771 184069 218632 174708 207836 183055 217314 185590 220190 186938 222369 187451 222395 182410 216430 185872 220148 184694 219823 184012 219110 182994 217328 185970 220967 184425 219673 181479 216104 183893 218763 184744 219042 186103 221264 183633 217627 182980 217465 183507 218273 180154 213735 185892 220229 185648 219786 182355 217067 183539 218573 184950 219413 954
183098 217742 187878 223082 184853 219908 176797 210100 185903 221460 187283 222642 185023 219949 184024 218813 186058 221541 183576 218781 181095 215402 186785 222154 184978 219430 183849 219031 187118 221982 186330 222079 184154 217995 188141 223323 186251 221732 180686 214731 187049 222231 187411 222076 184734 219841 188889 224421 183830 218671 186670 222048 187460 222708 185113 220281 187512 222524 182911 217553 183486 218442 187087 222103 186267 221232 184532 219038 183016 217738 184884 219387 184985 220031 184157 218941 183167 218265 183105 217901 185825 221212 180624 214107 187855 222848 184060 218338 184648 219975 175015 207600 187178 221890 184637 219473 182621 217168 183601 218323 182770 217137 185049 219904 185383 220550 185636 220547 189273 224597 183854 218520 189441 224424 186007 221662 141033 167341 185320 220021 182454 216902 185313 220655 186820 221984 187643 223402 188023 223652 184043 218457 184237 219161 185027 219634 184412 219347 185432 219934 186880 222230 176580 209717 184632 219610 184875 219956 184375 218926 182176 216950 184546 219887 174333 207599 184035 218636 185498 220309 187428 222752 184592 219410 185725 221017 179372 212813 186463 220923 183941 218767 184750 219365 186058 221439 185527 220420 185045 220040 184625 218973 183891 218778 185961 220983 187994 223530 186739 222351 184211 219273 183485 217383 186981 222161 181393 215718 186058 221003 1107
184547 220037 185597 220485 185702 220330 186120 220944 183250 217503 185495 220978 186794 222175 185218 220514 184823 219831 187725 223015 188887 224589 187273 222722 185656 221342 188955 224949 188955 224703 187376 222732 188585 223706 187629 223166 188885 225431 187132 222002 184648 219521 186378 221715 186174 220324 184059 218765 185633 220633 188864 224681 186847 221624 185453 220332 187990 223468 183434 217763 186057 221327 184449 219415 186081 221025 189755 225419 188854 224932 185915 221074 184537 219117 188637 223815 188249 223828 187148 222486 187940 223320 187156 222521 185654 221002 187389 222584 187873 223576 189444 224464 186281 221754 187621 223199 183771 218464 185456 220489 186995 222279 187393 222312 187579 223410 183978 218490 186342 221632 183887 219104 187039 222477 186760 222163 185319 220797 185679 220984 187141 222564 182720 217212 189402 225463 186359 220903 181561 215529 187158 222849 180634 214372 185650 221017 180922 215378 189195 224349 187978 223923 185449 220468 184235 219147 185349 219999 185582 220715 185227 219862 184872 220008 186632 221642 188307 223650 187155 222115 177280 210106 183022 217914 187329 222337 141818 168430 183991 218664 189543 224678 187671 223725 188020 223325 186648 222214 188840 223869 183169 217683 186288 221725 185422 220233 187160 222909 188926 224671 184501 219210 185566 220212 189428 224662 177679 210348 185248 220592 1111
187021 222326 187164 222293 186185 221450 186746 222197 186955 221734 188313 223698 186062 221444 190032 225659 187492 223215 176776 209943 188084 223787 189272 225181 188809 223970 189871 226022 188884 224251 186947 221796 185522 220797 187277 222004 187852 223373 188661 224491 187411 222220 188687 223927 186753 222159 187465 222344 189055 224506 189020 224585 187784 223342 185856 220577 187364 222733 174244 206894 191043 226853 186354 222106 186318 221858 187097 222625 187121 222957 185856 221463 187485 222791 188459 223737 187254 221993 187810 223199 188072 223600 188266 223926 184886 219847 187392 223140 189497 225395 189004 224866 186147 221518 187465 223153 185335 220447 185116 220356 180344 214630 188986 224181 188405 223718 185574 220460 188330 222982 185419 220285 184251 219387 187601 223325 187398 222985 188019 223511 185662 220868 188530 224106 179431 213390 188829 224737 187004 222617 187751 223243 188841 224580 185953 221364 185402 219796 188871 224088 188521 223918 187747 223246 183211 217758 187098 222515 187921 223405 190311 225839 185428 220447 186885 221933 188527 224364 186887 222291 187166 222895 186553 221945 186485 221589 185805 221116 143051 170084 184007 218782 189905 225609 189883 225658 188006 223332 188358 223383 187110 222306 186256 221499 189129 224035 183883 218655 188393 223962 186456 221657 189798 225143 190164 225410 188887 223871 187008 222334 1024
190759 226443 185164 220650 188769 224278 188102 223882 189763 225770 190751 227156 186278 221761 189102 224407 188711 224899 188623 223923 187437 222616 175511 208143 187400 222908 178607 212259 188555 224089 189637 224847 191214 226852 190182 225499 186477 221596 188572 224235 186270 221682 175825 209493 189207 224847 174327 207184 187348 222655 185457 220545 189028 224625 189839 224953 190302 226163 189129 224873 191807 227177 188529 223994 185583 220871 190076 226059 186096 221122 189139 224430 187489 222345 190176 226346 191496 227050 190432 226069 185855 221012 186579 221486 189545 225413 187909 223449 187042 222201 189570 225952 187847 223535 189489 225118 187917 223552 187847 223235 186230 221125 188331 224027 189305 225277 188128 224021 187122 222794 190112 226275 188700 224268 188962 224628 186918 222616 184032 219608 188171 223502 186086 220887 187341 222924 189701 225449 189404 225535 190515 225824 189748 224622 188319 223390 187605 223074 186307 221139 189998 225592 192388 228479 187561 222904 186790 222169 187927 223472 190774 226283 186814 221504 190239 226005 190453 226492 186790 221980 190219 226199 188878 224609 191716 227359 189654 225448 185970 221363 190066 225786 186349 221892 189148 224781 189856 225800 189132 224543 188274 223974 186781 222215 142238 169023 184226 218832 188581 224360 190201 225844 187022 222546 186170 221289 186314 221303 189409 225290 1174
190945 227211 190520 225763 188697 224476 190617 226863 189268 225309 188937 224509 189813 225758 186834 222405 191362 226750 182555 217033 191087 226765 187761 223304 189576 225385 189137 224074 183694 218797 186872 221980 189410 225351 189784 225694 191989 228053 190603 226068 184659 219716 192833 228905 185741 220697 189924 225799 189976 225827 186024 220706 187389 222196 187219 222271 179724 213472 190574 226721 192289 228453 188958 225293 186710 221722 190149 226281 190476 226637 188119 223212 191853 228018 191979 228109 189311 225254 188157 223951 182897 217543 187988 223986 188412 223984 189333 225053 187983 223225 190563 226474 187302 223350 188135 223569 187275 222779 188702 224429 193490 229904 189968 226030 186489 221923 188826 224476 186112 221812 190216 226157 188850 224717 188381 224533 189882 226103 185732 220869 187893 222782 185937 220917 190002 225471 189774 224996 186294 221802 190822 226706 190545 225752 189730 225757 188723 224224 188670 224298 189025 224519 188707 224377 189853 226013 190167 226340 189234 224992 188428 223891 188604 224046 188929 224516 190384 226358 178278 212195 189343 225427 187698 222805 188055 223774 191215 226944 186738 221846 190870 226833 188802 224465 188573 224210 186611 222089 189001 224872 192562 228371 181906 216508 190193 225753 189764 225635 189370 225080 193473 229839 190385 226143 190640 226627 189367 225376 187107 222578 1037
190959 227147 188985 224703 190605 226518 187730 223010 187426 223050 188394 224199 190856 227232 184241 218808 187398 222957 192619 228774 189906 225064 192652 228796 190064 225799 189547 225348 190543 225898 191777 227793 192369 228889 191993 227681 188281 224019 189213 225046 183451 217783 190045 226273 188859 225119 191542 227721 189325 225555 191361 226702 187548 223095 191229 226622 190331 226079 191818 228465 188915 224713 192833 229249 188366 224001 190609 226763 192759 228961 192456 228306 189770 225563 184234 219647 188215 223725 178958 213173 190415 226543 192017 228817 187900 222965 189168 224837 188025 224073 188865 224485 188164 223618 186248 221715 192608 228562 190306 226341 188275 224007 187730 222925 191758 227118 191872 227744 191618 227348 190312 226295 185335 220299 187238 222470 189059 225020 190553 226597 192811 229173 191548 226997 190730 227476 192016 228557 189106 224914 188668 223935 192328 228739 188474 223883 191291 227187 190124 226349 185038 220089 189486 225099 193228 229286 189703 225653 190124 226304 188337 224494 192022 228209 193760 230309 189466 225316 192329 229087 189657 226010 192551 228725 191674 227790 187627 223049 191186 227208 190314 227007 190854 226894 192221 227925 188037 223349 191400 227243 192425 228082 189725 225468 191441 227442 189842 225109 192354 228564 191530 227637 189078 225167 188242 223542 189855 226131 190847 226966 1120
191348 227102 190407 226524 193166 229696 189869 226321 190338 225856 192949 229416 192339 228474 191264 227338 189723 225875 193034 229122 190518 227046 190830 226740 193092 229443 191494 227821 192988 228900 192228 228393 179694 213711 193013 229603 190205 226232 193770 230302 189621 225396 188246 224070 189190 225370 192331 228832 190989 227178 192777 229148 179365 213438 189191 224937 194743 231095 188064 223561 191640 227221 192846 229200 190788 226662 193790 230054 192232 227741 190687 226364 189416 225107 194013 230647 190685 226837 192754 229594 192121 228394 191972 227487 188621 223948 184893 219637 191219 226765 193345 229464 191559 228011 191697 227391 190175 226283 190124 225991 190173 225747 191189 227684 192548 229185 191676 227796 192657 228737 191982 227706 190824 226867 194017 229945 189299 225038 190306 226281 191679 227859 192048 228054 192850 229110 190363 226469 190233 225680 189635 225523 188301 223909 189726 225934 189020 225252 189319 225269 187041 222204 189402 225162 193474 229629 190691 226471 191727 228163 191921 228488 189273 224775 189179 225079 191420 226880 192335 228799 189604 225366 191215 227254 193708 230102 192006 228531 188892 224664 191698 228200 191411 227900 193121 229523 192609 229293 180674 215060 187147 222703 187792 223299 188563 223683 190651 227220 192135 228538 190286 226599 193110 229172 188059 223799 189799 225872 192261 228826 1034
192166 228526 192602 228700 190332 226156 189314 225335 189828 225950 195413 231905 188461 224016 191794 228126 191269 227295 190768 226104 190215 226137 193698 230036 191430 227758 191242 227402 186567 221597 188058 223058 193714 229693 194221 231164 182272 216739 190417 226849 193850 230337 195269 231898 189123 225047 190667 226495 146566 174046 192114 228338 191640 227027 188183 223200 191909 227633 190525 225620 192231 228463 188393 223909 192064 228170 192816 229361 191775 227798 191584 228388 193385 229445 192831 229301 191284 227709 190604 226615 192502 228724 191179 226876 189834 225876 193538 230068 189289 225249 190005 225801 190022 225809 192918 229236 190973 226868 193764 229949 190108 225832 188702 224442 191905 228368 193131 229873 192261 228612 192020 227688 190030 225688 193319 229756 191082 227352 190227 226037 191995 228736 191773 228470 192258 228573 188695 223962 192438 229044 191995 227737 193405 229851 188442 223427 189139 224735 193048 229555 194682 231335 189096 224923 192009 228270 179560 213686 189741 225855 190615 226692 193476 230380 191345 227679 193353 229843 192398 228785 191859 228075 190801 226589 191510 227310 189406 225299 194435 231082 192430 228750 193564 229758 188208 223643 192472 228581 191790 228001 192758 228826 194416 231188 192824 229140 194460 230842 193327 229682 189201 225167 192185 228043 190312 226466 183089 217755 191162 227373 1130
186517 222439 191174 226852 194273 230444 192937 229527 196439 233026 193564 230332 193722 230030 191750 228859 191083 227365 192089 229057 180044 214182 191717 228317 191565 227586 194111 229869 191470 227469 191301 227478 192087 227570 191262 227238 146735 174343 191222 227359 194438 231184 193435 229923 191329 227677 194918 231986 189752 225915 192721 229371 194758 231808 190418 225989 193683 230422 193584 231080 192651 228888 193376 230071 190850 226878 195266 232022 192235 228557 193888 230255 192606 229003 193259 229546 192554 228854 189624 225276 193218 229589 193512 229890 196069 232353 193820 230254 194207 231488 191247 227100 192133 228871 194002 230546 192157 228461 189237 224765 192366 228782 181634 215995 188704 224002 194391 230876 190217 226043 191285 227446 192727 229090 193270 229783 193116 230052 191649 228114 193281 229553 194247 230962 190336 226263 192811 229320 193511 230172 194567 231374 191912 228360 189856 225555 196105 232918 192606 229053 194477 230407 188866 224274 189103 224838 192981 229635 192855 229213 192129 228060 191559 227160 192206 228644 193772 230609 194214 231059 195124 232225 190687 227024 192510 228487 192787 229199 192693 229014 191887 227902 195327 231528 194095 230283 194255 230429 194135 230899 191117 227743 195156 231399 192629 228859 190750 227120 192103 227516 193066 229704 194647 231639 189505 225743 192428 229268 191328 227613 1102
192316 228839 196808 233489 195295 231364 193546 229992 194612 231381 194379 230989 190969 227287 191079 227272 195631 232322 195590 232723 196352 233290 195835 232925 194335 230978 190503 226457 192877 229831 196398 232870 195003 231802 195077 231920 194915 231742 194520 230401 190550 226314 193868 230862 193993 230675 192076 228602 194426 230815 197320 234407 194709 230832 192924 229188 192511 229249 193968 230348 189203 224952 195126 231631 195778 232720 193610 230253 190418 226357 191060 227000 192563 228964 196266 232917 195614 231876 193344 230073 193839 230688 196076 232846 193152 229330 194347 230869 193121 229828 193101 229477 193502 230599 192458 228674 193061 229748 196262 232787 193174 229479 192300 228309 194192 231090 196009 233016 194581 231267 191547 227610 193572 230147 193759 230264 194859 231009 192891 229778 193806 230557 194505 231070 195764 232406 194504 231204 193237 230118 196179 233256 194256 230385 196785 233809 193391 230059 190611 226668 192457 228876 194602 231499 193529 230041 194948 231747 193204 230077 195806 232764 193321 230220 193785 230320 195373 232607 191410 227603 194141 230601 191342 227434 194401 230489 195762 233185 193624 230637 194445 231733 193124 229707 196546 232958 194332 230674 191866 227698 191591 227799 193478 230244 195920 232557 196100 232860 190675 226681 193590 229857 196137 232910 193324 229656 195068 231933 190866 227520 1119
195278 232282 191351 227714 195425 231683 194011 230676 196720 234219 193655 229971 196964 234063 192970 229014 195527 231659 195552 231928 194918 232071 191117 226876 188864 224632 193295 229323 195986 232513 196662 233915 195609 232220 193090 229752 197371 234320 195182 232081 196238 233373 193548 229760 194658 231079 194053 230612 189848 226187 196777 233672 197163 233658 189439 224924 191869 228492 193961 230589 195697 233104 196871 233671 197067 234323 196886 233590 192700 229432 196572 233175 191700 227981 192463 229031 195255 232466 185412 220892 192580 229116 184137 218936 195648 232657 194273 231068 195881 232922 194083 231020 195299 232424 193838 230023 196021 232526 194716 231966 195463 232316 188155 224124 192999 229442 194800 231842 193612 230250 194499 231054 196728 233893 192705 228886 191123 226987 190218 225988 193799 230382 194968 232026 188729 224857 196090 233002 193448 230203 193305 229090 193062 229773 189656 225958 194854 231588 194473 231022 195459 232876 189415 225607 196985 234001 196731 233566 196898 233811 195521 232429 149630 177712 197146 233995 192697 229345 192618 229066 195693 232910 192440 229116 196232 233479 192949 229702 192817 228804 194475 231474 194243 231019 195243 232048 194893 232222 191285 227085 194917 231653 193314 230472 192918 229455 193633 230226 197676 234576 197623 234267 191361 227716 194753 231398 194023 230458 195709 232719 1209
198654 236200 197033 234348 196805 233306 194033 231031 193951 230013 197958 234812 192006 227540 195892 232877 196277 232972 197911 235082 195285 232123 196559 233877 196368 233099 194999 231693 197155 234381 193450 230026 193750 230349 196936 234115 193859 230417 197054 233954 186668 222121 198086 235282 197773 234891 198857 236416 193828 230494 196700 234012 197655 234966 197643 234116 194094 231080 197117 234202 195716 232809 198205 235431 198389 235143 194944 231744 199409 236826 194370 231273 197691 235053 194675 231459 196436 233926 195980 233225 197802 234491 197201 234340 195377 232350 192208 228620 196229 233263 197360 234507 194554 231623 192277 228628 197148 234573 197411 234840 194165 231233 195735 232806 193483 229794 192681 229069 195701 232868 193165 229753 193974 230754 192378 228628 198305 235489 188900 224153 196832 234139 193237 229595 149397 177706 193579 229929 197524 234964 195317 232330 195542 232771 192405 228672 195517 231909 197477 234167 198051 235105 195408 232463 197798 234703 191158 227649 194489 231419 196301 233556 194490 231512 194465 230885 196816 233398 196837 233914 196813 233184 198004 234971 195106 231698 194130 230897 196897 234173 199963 237400 195001 231984 148873 176780 196103 232975 195663 233296 194463 231646 194689 231541 191820 228553 196200 232958 197562 234886 197582 235235 196764 233851 194273 231078 190136 226251 196682 233820 1096
199226 236086 194660 230500 198593 236374 194820 231585 199379 236829 197370 234798 198833 236509 199469 237259 187805 223421 196442 233521 195765 232734 195998 233205 196403 233563 194328 230958 195608 232079 198305 235406 196823 234018 196413 234070 196785 234198 194797 231413 196105 233526 198608 236565 196322 233483 197351 234547 195456 232201 197302 234504 194021 231079 196493 233947 198343 236035 197718 234386 194709 231240 195654 232302 195447 232272 193168 229718 197118 234723 195467 232474 195062 232013 194514 231566 195029 231720 193876 230605 195588 232918 196627 233898 198171 235058 196440 232698 195678 232552 194926 231686 198431 235612 198044 234885 196652 233344 198704 235727 195056 232331 193492 230149 196143 233153 196901 233538 195530 232133 188040 223361 197975 235374 197420 235079 195214 232323 197054 234229 197171 234201 199165 235913 199451 236841 195592 232916 197039 233993 198388 235868 198319 235211 197284 234529 194204 230858 196647 233031 198042 235143 197089 234034 196637 234040 197352 234110 194440 230969 197954 234969 199012 236420 196763 233460 184896 220387 197455 234330 198216 235420 197272 235041 197697 234692 195384 231959 196388 233387 192416 228853 194630 230976 200659 238092 196196 232473 195860 233072 196920 234305 195436 231982 200089 237407 197773 235293 194698 231764 198225 235381 194240 230998 192633 229061 197823 235390 197470 235305 1109
196589 233542 188986 224684 193959 230086 196734 233981 192236 228610 192680 229232 197030 234820 199196 236449 196604 233858 198529 236256 196442 233124 198282 236162 200398 237937 197111 234653 198464 236245 199471 237272 200410 238189 195802 232851 197066 234593 199402 237339 194898 232015 193054 229550 192429 229060 199186 236951 199164 236270 198930 236045 198507 236174 198799 236178 198029 235456 193772 230609 199301 237251 200629 238666 196093 232169 199925 237538 200226 237785 199561 236788 196597 233775 196555 234254 197574 234574 198144 235179 197268 234908 197108 234375 198130 235147 195436 232641 196964 234225 192809 229347 196692 234157 200982 238085 195104 231948 194635 231756 196863 234255 196433 233272 198712 236123 194995 231892 200844 239089 196527 233006 197540 234758 194690 231919 189607 225721 198119 235369 200124 237292 196306 233529 197737 235471 197535 235209 148552 176719 196194 233157 193568 230036 196767 233164 196563 233814 198061 234906 200558 238999 199902 237260 197724 235275 199240 237061 196264 233546 199968 237539 195993 232507 194495 231013 196914 233953 197178 234561 187766 223619 186667 221727 198237 235460 198407 235585 198424 236121 197253 234707 195807 233397 197123 234345 197579 234728 189095 224685 199021 236878 193240 229957 198687 236362 195583 232821 197075 234172 198054 234613 199809 236933 195611 233129 194634 231149 200463 237844 1111
199516 237511 197053 233927 196581 234079 200963 238715 196411 233366 193451 229621 197213 234692 196451 234012 200311 237919 199985 238105 199818 237180 198594 236581 198290 235512 196857 233927 200376 237884 195528 232479 195161 232016 200846 238622 195159 231987 200787 238356 197935 235214 196673 233758 198912 236660 199378 237105 199592 237515 196136 233091 199003 236604 196301 233620 199440 237336 199641 237231 199114 237060 198986 235974 199983 237667 196308 233711 199641 236767 195942 233126 197318 234729 201327 238952 198366 235811 201505 239074 199707 237493 189704 225838 200351 237950 199870 237337 199612 236953 200162 238182 199907 237435 199256 237432 199779 237619 195092 232370 198750 235843 196071 233451 198733 236517 195730 232936 197324 234882 196459 233524 196665 234002 196891 234220 197861 235393 200124 237184 201316 239455 195814 233109 197159 233978 198258 236111 199675 236563 201357 238941 200236 238263 197605 235219 198659 236486 198359 235886 199728 237047 197093 234380 199032 237089 199632 237296 195480 232401 198540 235793 197923 234844 199289 236618 199654 237519 196657 233530 200275 237868 196878 234575 198249 235367 198782 236509 199175 237181 202629 240536 195448 232801 196966 234492 200709 238602 198432 235886 198655 236559 199613 237150 198580 236133 198651 236530 195183 232266 201668 239326 198592 236216 195638 232192 199881 237463 197078 234409 1111
196464 233989 202186 241256 197574 234384 202174 239941 201138 238911 200530 238333 194582 231474 197588 234911 199987 237481 197629 235240 192876 229249 199546 236836 192147 227628 199853 236825 199387 237811 196681 233931 197754 234909 198490 236001 199950 238273 198825 236383 195049 231768 200705 238450 197450 235341 201100 238790 197007 234336 197151 234564 196432 233132 199012 236947 197712 235264 198815 236505 197774 235335 197812 235113 198623 236278 198307 235943 197410 234858 201490 238930 199791 237009 198536 236316 200325 237977 194108 230693 195942 233419 202230 240747 197177 234232 202497 240693 200410 238030 197852 234979 198413 236039 201049 238799 199355 236995 198290 236214 198971 236960 200532 237952 202259 240145 199249 236709 192521 229074 198577 236734 198829 236357 200277 238015 199136 236668 198997 236269 199520 237467 202254 240091 199096 236829 200260 237776 199444 237159 202087 239694 201370 239399 200133 238154 199151 236692 200399 238271 197826 235281 198449 236147 199842 237778 196701 233522 197608 235000 200078 237473 200257 238045 199034 236487 196470 234058 200739 238352 198157 236058 200710 238680 201930 239851 197353 234851 198814 236658 196963 234218 200111 237305 197472 234907 200125 237840 199369 237405 199774 237882 199918 237340 199223 236536 199538 237893 198200 235911 203252 241343 200903 239222 151648 180300 200443 238312 199346 236876 1266
198877 236576 200941 238977 202697 240060 198600 236194 198487 235852 202968 241040 201469 239642 197419 234638 198754 236346 201931 239859 200371 238420 200201 237876 199720 237720 199592 237007 202118 240350 199445 237269 198737 236605 197884 235103 151669 180238 200607 238857 202480 240859 197039 233612 198143 235271 195749 232526 200092 237383 199954 237929 200378 238065 198630 236170 200895 239251 201152 239334 196945 234449 201685 239498 200131 237613 198203 235857 198813 236409 197235 234319 200031 238006 203303 241096 199908 237755 201467 239030 198036 235581 202833 240244 198640 235676 196793 234295 200466 238884 203061 241223 196910 234199 200095 237737 201335 239021 199685 237153 195846 232788 200479 238623 200666 238575 197199 234566 197106 234719 198487 236216 201664 239432 193909 230901 200564 238766 198184 235823 202668 240119 200729 238132 199457 237076 199172 237110 196845 234366 200089 238483 200597 238023 204296 242138 203768 242082 193107 229348 199524 237028 199737 237784 198917 236684 199429 237307 201497 239190 196054 233037 201084 239094 199523 237495 202388 240130 198433 236323 197597 235325 200252 237165 202097 239736 201186 239098 199389 236931 201805 239692 200882 238940 200616 237887 199723 237097 202728 240289 201384 239252 192465 228426 199013 236799 199340 237297 200243 237782 199987 237611 200626 238897 198702 236116 197780 235025 200901 238844 1053
202872 241337 202866 241187 198137 235846 203111 241497 199166 236898 200784 238737 200704 238306 201155 238877 201934 240305 197336 234261 199970 237965 203184 241852 200184 238229 201967 239910 198002 235584 198918 236498 199154 236520 199065 236481 199071 237022 203647 241575 201988 240110 200053 237512 202179 240487 203404 241783 203895 242173 200099 237711 202754 240733 200744 238695 203655 241892 200700 238197 200286 238539 204601 242731 203520 241430 193020 229292 198685 236186 191308 227126 204279 242182 201407 239113 201731 239940 201110 239120 203345 241674 203515 241952 201492 239461 192175 228357 202677 240603 203984 242263 201381 238277 198626 236283 200825 238817 200220 238144 201418 239835 200344 238053 201395 238712 201255 238487 201277 239298 201433 239694 199705 237460 199888 237829 202837 241238 200188 238001 199534 237447 200088 238031 197446 234500 203212 242264 198339 235677 203621 241524 202190 240301 200602 238708 200676 238879 201985 240280 203304 241723 203254 241705 203123 241403 203606 241693 203392 241324 203796 242142 202883 241602 200750 239365 201759 240065 200902 238659 200122 238145 203142 241043 194486 231583 200457 238648 198616 236542 201876 239957 201648 240284 203287 241600 200716 238359 201214 239506 201944 239968 203268 241496 201576 239453 202502 240475 202393 240936 203979 242115 199511 237285 198470 236239 153729 182556 195392 232312 1265
203848 241789 200865 238398 204910 242956 202832 241382 201893 240303 201564 239697 200396 238209 202183 240529 204917 243479 203961 242487 204015 242298 204028 241968 200835 238645 201681 240335 203709 242450 199501 236750 201866 239712 207153 245737 202915 240828 196347 233123 205248 243715 203136 241104 203878 242344 199596 237222 199818 237887 201263 239068 199806 237774 200132 238387 202142 240818 195702 232350 199877 237276 200493 238737 203472 242067 200801 238817 201531 238802 202975 241415 200943 239291 202810 241474 201300 239380 200289 238356 203584 242230 205158 243464 201983 240249 206418 244819 203392 241613 199951 237564 202911 241258 201757 240173 204475 242779 197034 234076 203568 241519 201810 240506 201472 239052 200267 238116 202966 241680 203539 242019 199106 237308 198593 236325 201044 239303 194079 230741 203316 241453 202581 240703 199445 237046 202515 240959 200096 238280 200047 237854 200143 237601 200235 238549 203263 241744 203778 241854 201701 239392 202366 240791 192070 227586 198040 235524 204777 243076 203885 242363 205578 244466 203462 241988 205978 244488 190538 226475 204173 242404 204143 241956 203263 241781 204157 242226 204717 242782 201021 239092 202632 240537 198595 236120 202873 241050 201876 240402 201805 239898 199983 238182 197195 234524 202319 240557 199649 236867 200931 239168 202339 240869 200498 238515 203317 241337 200520 238308 1109
203134 241912 206125 244563 202325 240621 202341 240579 201642 240060 201615 239645 202658 240714 200789 238642 202973 241435 201267 239449 194785 231224 205605 243808 202104 240203 202637 241237 193893 229815 200285 237873 201204 239615 202155 240439 205869 244602 203517 242308 200320 238136 203820 241806 204358 243198 202920 241970 205022 243751 205363 244200 204295 242346 201024 238648 205044 243630 206027 244513 200711 238552 202174 239899 204969 243329 198995 236387 204048 242271 202476 240199 202305 240271 204032 241977 206010 244451 203360 241518 203581 242023 200582 238458 199473 237094 202505 240958 200213 238275 203242 241284 203590 242046 206190 245480 201768 239457 203141 241748 201942 240130 205311 243871 200710 238108 203494 241839 204378 242527 201357 238901 202329 240673 202608 241181 204301 242555 200253 238218 204087 242918 201359 239788 202554 240838 206018 244803 201674 240075 203020 241263 201932 239923 201304 239346 204701 242932 194410 231168 203106 241262 207169 246043 202215 240617 201449 239530 201710 239577 198436 235675 201376 240132 201862 240247 200217 237661 204594 243323 201893 240172 204086 242587 204569 242896 202947 241751 201951 240249 204394 242661 204077 242540 202733 240945 203652 241995 205345 243621 204610 243023 203714 241942 200839 238972 202530 241345 203543 242266 203340 241953 201474 239610 199278 237142 202469 241053 196738 233608 1210
202549 240835 200076 237933 206711 244999 201734 239904 203445 241656 203018 241302 205868 244479 204482 243305 203986 242042 199475 237077 201712 240216 206187 244937 206338 245114 201569 239320 203814 242701 202155 239979 205162 243944 201697 239844 205638 244682 202734 240628 201544 240257 202803 241558 203149 241266 200553 238544 203885 242101 205979 244131 205081 243565 205974 244395 205544 244079 204574 243247 203347 241625 201287 239800 205422 244006 202080 240646 202439 240346 203283 241168 203092 241926 203533 242454 202378 240665 205669 244532 202172 240473 201656 239802 201049 239294 200574 238844 206826 245714 206094 244440 204622 243193 199306 237015 206271 244883 201950 240316 204245 242807 199001 235888 204288 243009 202856 241319 200911 238721 204126 242335 206590 245291 202969 241156 194679 231700 206837 245272 204279 242600 204747 242977 201514 239658 204882 243741 202661 241186 201120 239400 201543 239495 198292 235398 206725 245889 204315 243614 202311 240729 203229 242079 205585 244445 204205 242783 202385 240799 202882 240864 201941 239860 204302 243085 204076 242447 205849 244182 207428 246173 203799 242027 202259 240032 202219 240480 201795 240441 204953 243880 205199 244051 202945 241546 200997 238551 205129 243313 200568 238273 202202 240927 204776 243046 203980 242308 202275 241109 201869 239749 202020 240111 199963 237884 203721 242166 204340 243115 1198
203324 241874 202247 240354 200876 239150 203763 242075 207119 245780 205970 245037 206004 245362 204283 242136 207131 246070 202544 240732 206880 245356 202831 241472 206688 245821 207188 246307 205542 243405 205247 244003 204440 242906 202692 240534 204370 243203 203834 242722 203496 242190 205590 244835 206692 245403 204275 243155 205010 243744 203347 242120 204870 243828 198727 236255 205369 244422 203685 242569 209900 249368 204967 243978 207389 246482 206175 245275 207865 246700 207390 245932 203018 241778 206525 244764 202678 240954 204160 242835 204657 243238 207632 246235 204769 243551 201458 239691 200842 238993 200478 238112 204557 243118 205854 244690 207962 246766 203281 241981 202075 240086 206024 245211 199505 237141 202404 240384 202259 240444 205257 244112 204100 242455 203057 241739 206147 245348 199994 237572 206348 245599 202049 240320 205825 244501 206923 245764 203414 242075 201890 240080 200362 238060 201998 239647 205777 244335 205420 244604 203000 241538 203903 242455 204673 243416 195769 232540 203338 241348 205662 244407 207176 246007 204062 243361 198998 237188 202495 241127 203749 241685 202702 240658 204955 242780 207121 246450 203225 241342 208502 247518 204058 242636 207165 246117 206502 245157 204525 243582 204376 243186 202846 241406 202479 240957 206480 245358 196774 233991 201050 239240 203241 241328 205793 244774 206888 245002 205221 244087 1171
207623 246211 202901 241071 206518 245629 203687 242515 205476 243395 207222 246009 207596 246016 205823 245249 205339 244094 207120 245971 205441 244262 204674 243757 201733 239974 207733 246073 208244 247081 207418 246375 202800 241419 204272 243216 205149 243885 204335 243167 205479 244662 205630 244405 203931 242713 203485 241863 202600 241315 203115 241883 206954 245414 195898 232166 196006 232358 203699 242682 203723 242502 200439 238624 202736 241237 203486 242226 204681 243180 207722 246883 208283 247663 206335 245123 206312 244686 206871 246061 208115 247196 208852 247859 209260 248312 206594 245728 204245 242892 203478 242530 200586 238363 204466 243246 206718 245371 207003 245521 204448 243233 204097 242273 207723 246609 202788 241204 208933 248375 208568 247672 205731 243998 204855 243789 204081 242947 203590 242187 207710 246892 206092 245377 207842 247699 203028 241460 205102 244095 205878 244885 208508 247103 207371 246333 204130 243114 204159 242243 208299 247787 207055 246111 206022 245358 203507 241579 204658 243489 207668 247353 205952 245268 207082 246097 202235 240486 205031 243947 205975 245388 205030 243814 205079 244353 203302 241633 200976 238541 207253 246417 210591 250186 208715 247530 201983 240305 204514 243202 202081 240521 208209 247461 203759 242281 208781 247986 204903 243674 206997 245879 209193 248266 205959 245412 207704 246999 209924 249300 1225
205264 243664 205574 244777 206884 246234 204624 243468 208026 246995 208096 247117 205620 244665 203567 242032 208258 247682 205957 245179 203351 242094 206809 245723 205132 244052 208427 247162 208909 247379 207985 247293 208421 247608 205102 244249 201179 239395 208069 247537 209851 249168 209328 248364 205620 244816 206400 245470 206744 245794 205968 244639 208294 247287 197287 234599 208832 247729 204688 243283 208486 247561 209054 248496 209399 248678 208307 246953 210143 249680 203988 242341 206471 245681 208869 248014 204895 243329 207831 247244 206596 245964 207635 247411 198499 235138 204150 242313 208898 248261 205230 243406 204913 243809 205701 245184 206163 245731 208747 248137 206642 245694 195055 232181 204034 243126 204219 243166 205113 244127 203947 242279 209557 249549 209224 248903 205701 244518 157013 186442 207679 246305 207419 246198 205311 243536 205323 244384 205376 244698 206809 245526 204844 243753 207267 246194 206588 245816 205237 244007 208223 247284 206156 244436 204570 243107 204944 243455 206925 245968 208052 247397 207162 246224 206553 245823 206781 245908 208082 247146 206295 245738 205570 244937 205951 245223 205267 244779 206621 245953 207442 246685 209275 248811 208878 247885 209589 248910 210432 250409 208025 246733 202866 241352 205622 244090 207774 246875 204492 243407 208159 247533 205545 244861 205114 243791 207020 245798 207574 246732 1227
207267 246838 209827 249417 210090 249674 205633 244265 206463 245782 196124 232608 205602 244695 204936 243981 207106 246200 207464 246162 205002 243911 157713 187550 201307 239345 209096 248460 206988 245630 206566 245585 209204 249092 207982 246986 206497 245656 207998 247527 207937 246905 208422 247085 206266 245594 207216 246713 209138 248471 208209 247977 204889 243441 207476 246870 207300 246304 210652 249947 207677 247104 206418 245828 208454 248147 195792 232452 207376 245878 207833 246720 209454 248702 208954 248580 207158 246165 205808 245210 204449 243160 191927 228338 209426 249349 206343 244724 208274 246992 204469 243160 208551 247742 207758 246968 192536 228546 206390 245742 208441 247807 207695 247209 209129 248635 204927 243504 208886 247756 204868 244075 208036 247526 158419 188418 206095 245029 209437 248967 203273 241626 208311 247885 207458 246549 209263 248819 209549 248759 208415 248333 207459 246597 208697 247658 207924 247468 207241 245880 207611 247035 209998 249974 196559 233198 208665 248240 206187 244569 206484 245217 208430 248208 204527 243089 205405 243829 207528 246167 209568 249172 208429 247694 211183 250312 207949 247301 207578 246992 205786 244158 203324 241802 207246 246230 209537 248841 209110 249090 204365 243262 205354 244726 205103 243683 203328 241863 209185 248907 207150 246846 208773 247938 209485 249316 206934 245690 207902 247314 1066
204634 243413 208034 247792 209635 249133 208103 247225 210904 250599 210872 250455 209113 249243 210738 250083 206991 246464 206486 245474 207551 246769 207168 246499 207904 247068 206137 245649 205959 244441 212727 252553 207787 247094 209063 248604 209350 248390 209819 249338 207249 246157 209281 249441 204098 242584 207290 246523 204214 243018 209593 248511 208250 247664 207666 247024 211097 250630 209163 248168 209192 248706 208848 248812 202907 241308 208277 248252 209805 248672 205552 243982 211104 250918 212984 252097 210535 250222 207196 246832 210425 249334 206149 245080 209105 248013 207478 246955 207775 247132 208691 247199 209587 249208 206734 245899 208930 248714 208369 248067 211167 251207 207495 246020 207076 245743 209188 249017 209016 248249 207932 247835 208166 247570 206532 245526 211444 251231 208715 248103 205545 244366 210062 249622 207844 247420 206510 245447 205963 245191 211013 250870 204590 243443 207492 247003 206256 245573 209499 249280 209224 248962 208489 248095 207809 247042 210904 250232 211783 251938 206014 244969 210938 250255 210143 250348 204015 242516 206059 244923 209796 249839 208783 248494 210848 250534 206890 246523 207826 247269 204273 243081 208599 248346 209545 248728 209955 249808 206865 245828 206898 246120 209346 249260 209081 248734 210371 250365 209142 248872 207786 247040 207340 246753 207571 247090 208825 248550 209223 248463 1184
208838 248241 210555 250692 210874 251614 206707 245392 207130 246674 209415 248998 207195 246465 210677 250507 200864 238308 209221 249130 208290 248149 202045 240192 206876 245861 210667 250952 211531 251073 209453 249390 208211 248165 208093 247705 207853 247424 208418 247852 207292 246794 211323 251648 209880 249554 211711 251799 206256 245621 208780 248414 209319 248904 210863 250981 210502 250267 210875 250625 206738 246127 206802 246268 209324 248964 208487 247813 209782 248540 209680 248919 209066 248928 206698 245847 211521 252051 210905 250958 211416 251380 203922 242237 206906 246171 210534 250566 207687 247378 210408 250125 207678 247150 211768 251731 205784 245307 207206 246190 211300 251630 212186 251810 208147 247110 206443 245472 209893 249668 209592 249100 209294 248291 207331 246456 211519 250964 211165 251194 210267 249287 200633 238620 208361 248415 208467 247946 209399 248851 208518 247595 207714 247338 210187 249800 205679 244383 209034 249465 209976 249806 209859 249911 206848 246057 207596 246965 210932 250719 210352 250015 209705 249571 210148 249066 159032 189076 209349 249050 207940 246729 207100 246506 207471 247189 209102 249045 210366 250181 209008 248903 210350 249381 209615 249153 210024 250103 204306 242374 207757 247014 210817 250595 208352 247514 212533 252789 207586 247335 212512 252369 208093 247606 209301 248719 209551 248771 206314 245230 1188
210712 250520 210578 250556 211167 251411 208359 247838 212170 252093 198315 236303 208460 247836 210743 251023 211167 251057 210095 249987 209922 249578 206403 244941 212076 251799 207496 246755 214327 254888 208705 248193 211114 250988 209806 248985 210569 249613 211585 250920 209702 248895 210157 250182 210672 250649 204784 242920 207872 247496 205632 244445 212762 252983 211183 251043 209846 248845 208357 248076 205093 243727 207741 246874 209233 248881 209943 250103 209267 249106 205958 245217 209673 249477 208300 248075 212415 252678 208977 248728 210762 250260 212442 252973 210290 249614 211477 251601 205739 245078 212188 251923 208457 247817 207540 246813 208014 247356 206822 246347 212927 252181 205621 244479 208512 248182 208676 248006 208828 248385 211882 252428 209877 249968 210378 249854 205941 245157 207412 246489 212814 252187 208343 247893 209670 249342 212477 252299 208620 248392 209826 249607 211018 250342 211849 251941 210947 250496 208701 248520 211093 250349 210536 249301 213054 252966 197260 234871 198878 236260 209621 248918 212157 252222 209934 249566 212374 252174 210717 250700 209388 249252 213170 253302 208374 247808 210300 250352 208012 247407 209549 248859 208408 248252 205315 243551 213664 253753 208713 248640 210310 250656 210977 251217 210725 250325 210408 249890 212347 251649 209003 248030 208572 248310 210706 251226 209166 248245 210587 250949 1261
212830 253069 210907 250607 209947 250054 211839 251774 193540 229754 205174 244421 211551 251091 211024 250347 211672 251558 212606 252753 212140 252628 208832 248647 211749 252248 208392 247466 212519 252984 209411 248893 208482 247360 206592 245414 208932 248556 212062 251949 212880 253168 211102 250799 209982 249710 212937 252747 209928 249777 210304 250074 211056 250498 210741 251030 208983 249051 209836 249435 210485 250581 209001 248900 209809 249769 210445 249985 209141 248793 210074 249266 213361 253629 206610 245688 199425 237770 210748 249965 210799 250304 209185 248754 213019 253173 209319 248704 209580 249392 211344 251118 213732 254474 210892 251109 210723 250514 212338 251822 211575 251443 212922 253645 211729 252259 212000 251368 207133 246777 209478 248812 213672 253525 207790 247050 211549 251386 209723 249767 209345 249152 210944 250436 213417 253192 213761 254070 210374 249836 210263 250108 209895 249840 210095 249783 211286 251171 209736 249744 210242 250246 210511 250197 212187 252449 208023 247332 210540 249598 213095 253336 213329 252693 211066 251413 213865 254006 208749 248091 212284 252360 210356 249968 214343 254397 209247 248946 214348 254424 213493 253573 208677 247998 208280 246825 213030 253115 208701 248378 212371 252753 210488 250370 160997 191442 210708 250073 213194 252498 206539 245624 212839 253415 209433 249565 198548 235992 213091 252667 1222
213792 254036 213209 253432 212874 252867 211355 251229 209777 249951 212000 252268 210929 251471 209486 249357 212962 252597 214127 254944 209948 249748 209651 249564 213867 253673 209934 249433 210184 249293 209621 249843 209520 249313 212531 252694 214585 255748 212274 252344 210228 250065 210660 250161 212316 252620 210396 250484 212405 252364 212987 253048 214764 255217 213925 253869 210893 250995 214201 254505 212268 252226 209613 249422 213162 252949 209722 249415 209704 249165 213084 252404 212755 253491 214057 254247 211918 251997 214552 255177 211468 251631 214389 254596 213385 253739 211826 252220 206125 245075 209645 249699 209831 249861 209756 249983 211521 251621 212008 252173 161560 192248 214227 254700 160886 191359 213525 254139 198642 236742 213504 253030 209706 249075 162211 192861 212048 252404 211871 251390 213520 254532 210139 249906 212851 253427 210930 251357 213091 254058 212572 252463 205997 245290 209018 248098 213573 253825 212234 252088 212821 253072 213820 253985 214494 255077 212763 253025 211338 250890 209639 249193 210877 250457 210653 251262 213614 254124 214597 254723 210373 250419 207753 247063 212393 251801 212336 252376 212134 252276 212141 252862 212365 251493 213751 253712 212247 252304 212061 251809 212357 252540 210786 250767 209865 249348 211257 251527 210708 251088 202326 239937 213616 253870 212490 253176 210279 250104 210575 250120 1188
209730 249110 212044 252235 213010 253026 206733 246037 211828 252393 215156 255349 215131 255602 210630 250856 217001 258164 214737 255529 211735 252557 209818 250042 213122 253334 215627 255815 212960 253566 200952 239119 215007 255724 207341 246839 214600 255013 208990 248213 215272 255728 215650 255845 214662 254859 215071 256150 210300 249472 214434 254939 215472 256034 209792 250201 210799 250993 212949 253613 211376 251483 211154 251485 213495 253985 214903 255349 212582 252832 212293 253091 211993 252596 211866 252426 214741 255261 212531 252683 213519 253580 216079 256472 212826 252799 213810 254271 211385 251349 212771 252649 215561 255796 211302 251045 214091 253977 210362 250785 214366 254359 207461 247154 200346 238472 215926 256584 212803 253087 208995 248869 211496 250507 211640 250953 206839 245813 210883 250914 214815 254774 212255 252455 211510 250591 214455 254860 211612 251306 213722 254326 215388 256181 213060 253238 209843 249575 214957 255366 210690 250213 214254 254728 215365 256160 212178 252334 213965 254456 213815 254583 212224 252618 213076 253762 214043 254873 213867 253867 211833 251314 214220 254631 213014 253797 213630 254152 161189 191699 211168 251161 213413 253502 213268 253783 212231 251610 207872 247323 215360 256054 209232 249348 213760 253958 212204 252473 213582 253957 214414 254939 212403 252747 216329 257000 211794 252327 214364 254878 1274
214565 255501 215345 255782 216055 256509 216263 256599 215312 255962 216051 256144 217465 258736 211181 251719 216677 257962 214766 255557 211616 251449 213756 254105 213964 254379 214682 255647 211638 251591 211614 251405 213129 253601 215801 256317 210772 250871 211408 251295 215280 256009 211985 252486 213301 254256 212706 253330 213707 253928 217422 257921 212176 252781 212903 253174 215806 256179 217804 258889 208902 248371 215587 256611 211137 251243 212914 253383 215461 256323 203881 241923 212666 253519 215416 255917 213782 254055 211585 251367 216112 256897 206123 244620 211463 251654 215748 256076 216980 258067 214281 255330 213142 253151 213833 254353 214651 254788 211083 251157 215206 255688 216747 257956 210921 250418 212432 253179 211543 251366 202398 240809 212108 252448 210934 251020 217047 258237 209533 249345 214053 254524 211902 252071 213016 253492 217225 258056 216876 258037 209470 248696 214114 254203 214081 254136 213056 253217 211471 251479 214563 255273 213852 254102 212155 252422 213728 253905 210211 250089 215090 256027 211776 252219 214400 255025 216141 257065 217672 258354 216639 256753 215320 255870 211159 250968 211881 252006 210941 251247 213523 253839 216587 256359 212467 252934 200807 239107 211822 252301 215863 256117 213302 253255 214238 254356 215308 255930 213768 254443 210328 249765 213360 253659 214007 254088 213153 253814 213391 253175 1272
214357 254640 212399 252784 214773 255106 213407 253544 213069 253269 206367 244879 212748 253212 212424 252890 212346 251738 216746 257518 214359 255007 215898 257012 217371 258826 213971 254093 215835 256201 216300 256640 215525 255813 215202 256072 212674 252577 216892 257671 215530 256836 212020 252070 214297 254415 215354 256138 215846 256574 214075 254534 217123 258270 213872 254486 216877 258632 215402 256152 215096 255777 216050 256734 204691 242886 213612 254689 214949 255273 210579 250285 217897 259431 214524 255533 214192 254860 215321 256507 213021 253343 208738 248164 214062 255357 214444 254755 217024 258126 216366 257517 216616 257296 218013 258786 215179 255888 212418 252421 211410 250724 215925 256918 216765 257993 215917 256790 213413 253876 214313 254698 215278 256258 216597 258016 211920 251922 214330 255165 216283 257135 216452 257458 215038 256037 215331 256457 215881 256383 213334 253993 210270 250014 214038 254554 213131 253424 213638 254369 212302 252926 215606 256212 211992 252327 216171 255954 212589 252986 216631 257102 213890 254216 217874 259015 214461 254506 213549 254384 212551 252470 213445 253626 215824 256675 214337 254701 215360 256439 213474 254030 213723 254455 218133 258985 217828 258200 212386 253141 209474 248956 217626 258481 216017 257509 209601 249284 207553 246981 210429 250315 216544 257658 215862 257325 215436 255530 218601 259716 1097
216514 257654 213807 254715 217266 258048 213593 253272 215728 256848 214524 255444 213855 254515 215188 255807 214575 255824 214998 255790 207295 246782 212380 252337 217703 258658 218480 259859 216163 257223 217159 257755 215323 255674 215978 257481 215911 256792 218159 259431 214666 255127 217928 259345 218953 259992 214146 254733 217780 258390 202824 241126 217421 257477 214705 255169 213610 254134 216476 257671 215204 255910 218018 258852 213450 254239 215060 255838 217511 258281 211926 252150 214085 254540 213886 254664 211338 251567 218461 259591 214539 255476 213421 254053 215391 256402 216495 257485 212270 252545 211560 251604 215825 256906 213076 253007 217899 258570 215316 256230 214851 255665 215463 256500 217054 258413 217307 257872 216053 256579 216920 257020 218164 258689 218709 259925 214792 255337 218318 259010 215345 255932 211077 251207 163114 194027 214135 254988 217733 258620 215817 256522 213823 254346 208097 247848 218271 259683 218910 259899 215049 255438 216644 257055 213358 253746 213606 254485 218236 259131 215017 255823 217661 258575 212853 252930 213797 254424 216937 257895 215085 255788 198938 236638 214299 255398 216984 257667 215856 257013 216171 257172 214200 254985 210957 250906 215507 256372 215079 255515 214817 255678 210584 249637 217830 258227 217787 258573 215444 256135 215631 256348 214625 255561 217828 258912 214940 255583 217705 258458 1469
217252 258553 215743 256720 212517 252743 216180 257128 214469 255175 217490 258711 214516 255053 217453 258183 214518 255147 214419 255106 217882 259635 216904 257433 214165 254873 214855 255729 216246 257180 218813 260075 216695 257636 211168 250811 207470 247131 217862 259033 216174 257109 213193 253675 215348 256397 212000 252507 217437 258157 216753 258253 212396 252624 217257 258353 216711 257237 216416 257192 216931 257951 213934 254462 214905 256072 214582 255267 215805 256702 216093 256606 215843 257044 218803 260516 218527 259640 215501 256760 218879 259495 214076 254806 214165 254509 217225 258328 215477 256648 211598 251855 216728 257493 219369 259837 218162 258898 220123 261681 217091 258266 217675 258864 214562 255575 217884 259149 215515 256911 214818 255722 215380 255598 220356 261547 217131 257577 220513 261837 214437 254566 217913 258877 219958 261136 218599 260552 216921 257954 216901 257448 214429 254736 214390 255161 216930 258300 217277 258276 217475 258937 216726 257665 215965 257098 218961 260490 218403 259615 217678 258870 215940 256811 219718 261758 218461 259913 215301 255684 216498 257552 216702 257796 214722 255632 216232 257565 217492 258771 215837 256845 217444 258187 216412 257369 215045 256324 216574 257747 218326 259891 215645 256161 218804 259789 217401 258825 220230 261771 221111 262489 215152 256029 212918 253603 217640 258920 218269 259464 1170
214643 255357 221574 263348 215246 256345 219668 261311 165409 196660 210713 250606 216513 257806 218916 260317 219167 260352 217214 258200 216155 257037 218200 259586 218582 259188 218118 258827 217812 258547 216144 257526 211432 251480 214459 254577 219240 260106 216355 256912 165542 196718 216866 257566 220331 262111 216143 256765 217032 258307 215608 256889 216280 257613 217045 257638 217700 259205 218175 259523 212065 252360 218496 259617 219132 260082 221874 263079 218265 259324 220561 262281 216355 257758 217235 257996 219259 261175 215509 255713 212977 252954 219085 260907 214135 254898 218490 259657 211654 251696 208078 247439 215089 256344 219624 260930 215548 255636 219166 260294 218503 259291 218015 259483 217142 258319 218694 260020 218578 259896 215820 257144 217677 258509 218015 259184 218613 259723 215235 256327 216186 257502 214424 255087 212673 252828 215926 256922 218403 259466 217830 258281 216474 257516 214839 255357 216898 257942 216886 258235 214642 255484 218919 259698 214522 255032 217748 258964 215699 257221 217610 258656 214305 254718 216397 257543 216251 257117 165252 196377 216742 257950 220125 262115 217993 259512 219051 259498 216394 257053 220577 262096 213738 253922 218244 259445 212216 251899 218332 259838 217628 258787 217020 258354 216965 258345 214876 255580 217858 259229 219999 260270 213855 254061 215508 255597 217861 259007 219829 260945 1283
221716 264298 220542 261962 215906 256620 217935 259411 220143 261072 219439 260337 215838 256531 222382 263952 217268 258838 213964 254948 216383 257840 219498 261476 218925 260580 219865 260987 218569 259953 215460 256228 215576 256500 217961 258762 218447 260107 219451 260647 217998 259077 221920 263130 216691 257832 216494 257624 216502 257142 219355 260619 213791 253545 220071 261118 215426 256337 216515 257576 218041 259534 218057 259390 220508 261969 219341 260134 215629 255808 216721 258094 217093 258443 217404 257928 216773 257792 217737 258716 219146 260940 218894 260343 209933 249555 217878 258604 219723 260465 217862 259231 214922 256090 219185 260294 220338 261132 218977 260060 217601 258971 216237 257419 218929 260017 217972 259574 217735 258569 219711 261178 218445 259349 219644 260828 219152 260640 214679 255086 220630 262413 220510 261966 219710 260643 222991 264804 216819 258089 218676 260073 218383 259345 217965 259504 213552 253921 219106 260698 217548 258154 219548 261361 217792 258918 219644 261826 218823 260288 215589 256213 215955 257078 215477 255956 220653 262782 216481 257205 213958 254109 219102 261140 216574 256734 212109 252697 218199 259873 220114 261140 220216 261253 218232 259498 219748 261268 219919 260825 218190 259192 215254 256088 216926 258132 219267 260441 210831 250588 217967 258327 217644 259226 221051 262824 218395 259781 222789 264787 1268
222756 264150 219508 261165 219898 261464 218605 259753 218460 259554 220885 262457 217800 258871 218695 260674 217329 258635 217804 259325 217835 259584 217352 258946 209482 249020 213918 254517 223538 265635 206928 246156 221054 263136 218657 259759 220424 262306 220477 262331 220712 262392 220418 261325 221183 262689 223245 265603 220981 262128 222832 264658 218062 259715 219177 260769 219628 261512 220151 261658 222086 264253 217826 259337 218624 260696 218199 259945 218797 260418 221822 263551 217273 258466 217798 259756 214205 254764 219319 260555 222308 263755 221193 263199 221321 263007 215401 256072 218005 259770 222031 263525 214424 255421 217126 258421 220709 262573 217761 258612 219804 261895 218667 259249 219195 260053 220604 262870 217791 259036 217795 259044 220731 261802 220310 262140 218187 259395 222328 264384 215871 256485 219881 261442 222630 264792 217078 258307 218131 259022 217502 258614 216199 257103 219963 262538 219192 260170 217974 259016 217494 258357 219325 260598 221012 262565 218313 259534 222221 263979 219244 260560 220169 262303 215809 256623 216869 258299 220769 262240 217954 259305 220850 262405 216920 257838 218330 259387 221499 262904 219000 260754 217918 259512 220729 262066 218467 259744 215067 255881 218096 259341 221199 262907 219465 261134 218936 260385 222004 263727 220684 262679 216463 257765 213698 254339 219542 261193 219461 260601 1228
218432 259799 223414 265723 217870 258843 219553 261341 222609 264721 218855 260329 219744 261453 223355 264999 217920 258680 219904 261182 219639 261135 221643 263074 217952 259118 219758 261335 212661 253423 215201 255909 221307 263967 207046 245767 217757 257868 220135 261344 220220 262098 218022 259267 219704 261465 217336 258283 219551 261370 221907 263391 219261 260893 218653 260633 221261 262575 219539 260713 219447 261328 220150 261667 220022 261469 221618 262736 212266 252279 219995 261869 219465 261119 218837 260967 216636 257921 220228 261733 217609 258546 219330 260923 222355 264147 219934 260956 218824 259659 216603 257894 220595 262207 221017 262527 220742 262240 223716 265887 219122 260624 218893 260408 216161 256660 219983 260920 220991 262596 218404 260368 222495 264541 219174 260736 216674 257181 218992 260242 221591 262906 223310 264980 221302 263204 221767 263664 220176 261442 221488 263119 219819 261455 207046 246321 223900 265772 219141 260478 218236 259840 219423 260961 223503 265687 222352 264310 218297 259917 220421 262029 217258 258179 217877 258576 218195 258736 218394 260095 216142 256842 217944 258766 222985 264904 219233 261135 217328 259096 216677 257914 218477 259804 220939 263136 222425 264353 219149 261404 222856 265163 219219 260944 220529 262210 220474 261636 221454 263475 222722 265055 221740 262955 222973 264963 162885 193529 221623 262601 1233
222960 264586 224905 266939 209262 248638 218579 259855 220191 261720 220551 263035 210988 250842 220883 262326 223734 266248 222113 264477 217013 258275 215797 256486 221520 263691 218388 259832 222512 264606 217813 259406 216380 257842 220217 261988 222982 265065 219689 261484 221260 263206 223447 265297 223329 265063 220437 262876 221476 263149 215088 256063 219770 261450 221606 263949 220750 262182 218610 259702 223192 265994 219229 260816 223367 265354 219024 260272 219431 260752 222407 264445 220608 262587 220497 261581 221364 263445 217581 258992 222332 264644 219893 261946 221425 263112 220296 262205 219091 260311 168771 200698 224363 266865 224093 266276 223281 265622 210427 250002 218818 259823 222140 264221 225213 267114 224300 265935 219374 260917 218919 260241 221296 263025 222299 264407 220713 262535 218155 259085 214833 255487 219534 261310 221806 263734 218825 260490 222060 264206 218312 259876 220585 262325 222828 264407 225644 268232 221734 263702 218807 260519 218566 259971 221944 263424 221760 263734 225593 268000 217709 258841 219191 260545 219773 261526 221050 262371 222412 264520 211968 252427 221911 263880 219862 261828 218549 259905 221120 262939 223012 265239 223890 265821 219017 261043 221865 264336 220134 261810 218894 260026 218033 259497 220138 261438 212493 252841 219074 260347 218501 259976 220351 261580 223238 265234 221325 263520 221271 263659 1272
221219 263236 223507 265822 219920 262004 221368 263214 220498 262107 222418 263627 222064 263701 222607 264847 224156 267030 220195 261918 226272 269029 222039 263582 221496 263528 221346 263729 221469 263749 214349 254334 221491 263450 224495 266811 223801 266231 223819 266009 222566 264430 222290 264542 220704 262558 219437 260789 222512 264146 225793 268049 220440 262029 220693 262763 221974 263783 221935 263502 220632 262447 223500 265323 221075 263172 221020 262985 224082 266291 223498 265500 216474 256713 218005 258842 220810 263084 218084 259648 221495 263380 222592 264903 223615 265246 219554 261072 223514 265363 221560 263749 221884 264625 220844 262538 221154 262782 221304 262807 219834 261025 221063 262397 221135 262708 223073 265562 220500 262509 225275 267422 218565 259729 222748 264638 221330 263535 223129 265634 221040 263095 216933 257804 220176 262179 218952 260669 218864 260334 224423 266205 225107 267409 219045 260645 222282 264234 220022 261721 219957 261730 223542 265043 218656 260038 221011 262915 219865 261522 219921 261846 218796 260086 220911 262989 220103 262154 221983 264014 220899 262795 220887 262962 225034 267694 217873 258939 223797 265813 220060 261613 222654 264453 219287 260617 223346 264892 224597 266581 222130 264063 219501 260707 220650 262814 220624 262420 221102 263104 218170 259322 219265 261035 223047 265538 220962 262637 222093 263985 1228
220326 261695 226101 268365 223042 265255 222833 265708 219874 261608 220905 262001 223636 266176 218745 260446 220526 262440 222511 264486 223181 265510 221647 264153 225939 268140 220537 262289 222518 265094 224560 267072 223594 265928 223075 264905 222563 265206 223681 265862 222840 264942 221551 263601 221819 264222 220865 262793 222301 264382 224309 266142 220901 262803 220618 262657 215156 255699 224954 266825 219546 260605 223122 265423 222663 265303 223306 265800 221469 263398 223684 266024 219685 261254 223122 265858 223452 266564 222594 264526 224185 265943 223379 266261 222324 264523 221614 263400 223730 266111 223131 265348 224948 267410 223594 265378 224900 267476 220787 262867 222828 265106 224049 266962 222908 264914 226395 268808 221700 263840 223316 265944 222703 265310 224930 267437 221640 263561 223498 265866 226392 268913 224710 267545 225384 267726 223090 265692 221927 264597 223935 265590 211369 251564 224989 267389 221125 262505 223097 265050 222084 263601 222925 265312 221812 264295 221583 263868 222125 263993 222830 265454 221614 262926 225725 267754 220326 261905 224118 266557 223264 265898 218982 260025 218196 259508 223480 265853 224830 266620 223080 265065 214806 255503 224029 266966 221785 263548 222452 263888 219706 261126 224378 266887 220886 262621 223949 265419 223381 265925 220249 261911 221484 263337 223294 264913 220925 262571 219957 262029 1267
220790 262858 221779 263698 222998 265617 223845 265957 224144 266578 224939 267731 220333 261874 226456 269387 223905 266172 222224 264496 220089 261948 214643 255055 218610 260040 223489 266410 223107 265498 219784 261532 223053 265051 226083 268990 226983 268899 226771 269357 226726 269291 222508 265165 222275 264874 222840 265107 226415 269270 219007 260456 221030 262862 223469 265478 223668 266054 226164 268961 212119 252143 225148 267385 223648 266537 223471 265823 221304 263381 227481 270721 225527 268035 212388 252503 221496 264132 221062 262555 219631 260907 224211 266197 223713 266138 220591 262499 224474 266905 226139 268790 223442 265877 224819 267314 223997 266881 221075 262160 221716 264231 224055 266670 228198 271315 221258 263363 222161 264490 222075 263876 225520 267987 226677 269235 222864 265129 222924 265046 221778 264352 222448 265003 223170 265557 225838 268507 225788 268512 224301 266611 225818 267863 224529 266775 226067 268957 218549 259805 223982 266177 209287 249208 225600 268213 225814 268066 223898 266700 212259 253193 226005 268786 223609 265782 211386 251401 226888 269259 225435 268708 223879 266335 221016 262808 227162 269800 224650 266680 220590 262474 169521 201422 225469 268527 221230 263406 221984 263998 224041 266402 224499 267097 223532 266320 226449 268996 225028 268154 223676 265436 226509 268511 222862 265319 221128 262779 222452 264420 1404
225055 266725 223681 265702 227770 269971 217976 258656 226232 268906 222663 264689 227841 270556 224255 267148 215028 255435 226752 269215 224338 266829 222214 264561 221904 264243 226311 269271 221672 263293 226471 269182 225090 267325 221744 263615 228829 271982 225308 267495 225210 268074 224338 266796 225098 267674 222054 263619 223149 265603 168978 200805 222500 264774 171257 203729 224572 266861 227448 270380 223112 265153 224318 266890 222083 264358 225367 267954 227862 270558 221086 263025 226946 269896 222820 265350 226120 268075 223132 265317 221528 263686 224884 267513 223363 266121 224652 267555 226336 269586 229441 272526 225131 266967 225894 268353 226529 269799 224362 267322 224495 267004 223810 266261 226934 269779 219358 260698 226493 269070 226411 269229 225216 267832 225675 268536 216242 256530 224113 266857 224891 267064 223914 266415 224396 266965 226930 269755 223546 266253 224675 267178 221957 264349 223031 265555 222506 265118 222873 265393 223578 266599 222162 264494 225235 267646 222490 264880 224717 267650 223725 265651 210799 250680 225387 267889 213090 253763 223341 265048 222611 264612 224270 265873 224666 266475 223037 265325 223201 265737 222485 264355 225098 267905 223281 265599 225872 267877 225782 268368 225781 267715 224250 266628 226471 269218 224095 266597 224143 266200 221901 264364 224673 267272 224145 266531 224889 267502 225979 268832 1290
227159 269516 225097 267743 225768 268584 224434 267143 221598 263249 227776 271158 223153 265211 224488 267257 227091 269824 227929 270936 228505 270789 227871 271069 222865 264848 224934 267469 225225 267926 225236 267660 227023 269029 222850 265398 225100 266752 228003 270187 223600 266060 226065 269245 225333 268419 228926 272125 219726 261355 226842 269883 224625 267379 226206 269155 228425 271644 224674 267178 225932 267988 226757 269587 225232 267966 225710 267861 222241 264446 223646 265572 226417 268783 224252 266630 227042 269720 224859 266709 225624 268514 227980 270141 225104 267465 226460 268721 227208 270075 229083 272164 224746 267537 230251 273287 222391 264646 220332 262654 226500 269882 225518 268264 225580 267811 223727 265697 213757 254377 222450 264815 223683 266021 225120 267792 213846 254999 226141 268131 225081 267535 227515 270918 228912 272249 224795 267355 224093 266351 224282 266152 225502 268279 212754 252827 223665 265826 227698 270697 226399 268985 226231 269023 225644 268521 225797 268592 226100 268702 224345 266830 228669 272323 225397 268203 225175 267669 228874 271146 227934 270316 224188 266784 225109 266751 222865 264946 226306 268883 228412 271977 226558 269428 223156 265833 215004 255227 225083 267391 227322 269861 224030 266655 224973 267331 224123 266908 225081 267256 221141 263249 226218 269296 229030 272511 229948 273178 223623 266274 1303
227339 270186 224153 266801 230286 273054 224708 267279 224737 267495 223905 266526 227732 269935 228278 271312 226662 268952 227401 269981 227243 270356 229561 272669 228502 272149 227075 269060 228525 270694 223499 265453 228088 271417 225901 268781 229621 272873 225947 268379 226202 269289 227044 269875 225319 268215 227329 271032 224477 267631 229444 272701 229654 272902 224623 267486 226985 269432 228184 271001 228481 271754 227747 270409 230791 274633 225405 268302 226934 269461 225635 268621 228174 271866 228908 272565 225734 268358 222263 264728 225381 267733 223896 266461 228509 271327 225668 267922 223922 266489 228476 271519 228125 271317 227740 270162 224333 266768 213306 253795 227255 269800 228942 271724 220813 262457 228885 272492 230458 273720 224254 266173 225209 268096 226976 269860 228194 271224 227374 270598 228710 271174 227764 270217 228140 271171 230799 274361 225681 268314 229473 272679 229732 272829 224410 266929 225763 268663 228888 271541 226315 269497 225651 269111 228137 271376 225731 268216 213904 254590 229989 273792 228859 271889 227615 269820 225540 268020 224395 266985 224073 266719 227605 270798 226796 268909 217720 258373 225260 267642 218166 259324 229315 272317 228681 271188 229216 271882 227214 270078 229740 273104 227542 270812 228719 271700 228709 272095 225768 268801 226710 269074 173220 206085 228553 271901 229605 273158 225437 268538 1172
225994 268295 227816 271096 228841 271940 229652 272720 228836 271986 229609 272779 229962 273072 230721 273695 227313 270451 231534 274825 227771 271254 228134 270396 226501 269304 227857 271308 228369 271249 226343 269343 225676 268583 228482 271516 226247 268568 228910 271411 226744 269548 229225 273042 224082 265757 227351 269523 225616 268825 227581 270741 229651 273382 224758 267315 225466 268512 227023 269724 230296 273360 226037 268786 227849 271123 229017 272585 228910 272162 229308 272501 228376 271186 226743 269602 227481 270580 229873 273680 227049 270185 230206 273308 225493 268199 228504 272121 227212 270601 227203 269861 228989 272426 228623 271243 227326 270182 233401 276395 226875 270031 224980 267414 226643 269691 228199 271444 225188 267341 226267 269293 229808 272148 228232 271534 227560 270305 229535 272582 225551 268557 231641 275410 220003 261661 229954 272723 225673 268613 226215 269273 228363 271071 227663 270522 230335 273631 224660 266945 229921 273771 227554 271115 225388 267875 228401 271765 229085 271718 228737 272322 219859 261385 224925 268072 173381 206025 229726 273100 226155 268336 227422 270448 225761 268874 227817 270914 225018 267669 226605 268990 229004 271888 229277 272773 227584 270620 226399 268926 227619 270295 225701 268341 227882 271232 229710 273802 228840 272014 225085 267877 227622 270716 227708 270945 226981 269905 227342 270655 1409
227614 269898 226835 270420 223644 265619 227599 270479 228165 271091 227367 270806 228814 271639 227002 270028 228716 271984 227247 270258 227610 271393 226473 269720 227074 270636 229077 272616 225159 267906 227716 270822 230396 273482 227075 270027 230636 274044 227951 271296 225637 267996 227553 270758 224532 267503 227307 270765 228548 270950 226656 268718 227723 271353 219555 261081 227106 269946 230361 273426 227681 270494 228728 271110 226289 269221 226232 268592 230831 274552 230233 273676 227438 270446 225020 267453 226782 269904 225948 269017 231041 274944 230656 274256 229471 272306 228896 272318 229427 273070 224992 267270 229885 273065 230029 274375 229706 272884 225142 267519 230370 273485 232058 275448 228706 271784 229197 271961 229975 273521 232272 275377 231903 275490 228600 271632 230262 273030 229580 272290 226536 269872 226857 269394 226628 269584 225439 267544 226145 269136 228289 271118 228892 272097 228816 271849 226808 269634 227402 270424 228921 272605 229381 272714 231871 275633 226353 269679 229046 272156 225975 268727 224671 267138 227110 270274 225289 267883 227651 270794 229231 272644 226695 269632 223204 265735 226387 268963 227847 271105 230460 273485 228234 271700 227645 270875 226755 269971 228282 271820 229765 273539 226831 269848 228484 271752 226347 269187 229992 273838 225115 267604 228984 271939 227680 270321 226372 268651 225118 267780 1397
226843 269254 233438 277158 229959 273603 231574 275437 231807 275044 222634 264995 226271 268691 228627 271832 229244 273207 225226 267656 227456 270832 226541 269676 231634 274700 225624 268124 231592 275311 226925 269750 174689 207754 227250 269713 212594 252978 229990 273845 226846 269340 230858 273999 228473 271671 229364 272985 230008 273114 228897 272428 219389 260745 233336 277065 226303 269361 227338 270457 227024 270299 228918 272306 232138 275441 229990 273350 227272 270209 232488 276592 227270 270315 225664 268530 227412 270922 230986 274248 229676 273126 228932 271907 228255 271309 229163 272801 225992 268324 228763 272171 226567 269322 228264 272002 229250 272788 229722 272940 228927 271557 227948 271442 225873 269138 229244 272859 230527 274181 227050 269916 232570 276163 228135 271264 229023 272718 233592 277035 228759 272276 230273 273906 232433 275352 226555 269091 232033 275772 230716 273697 228567 271620 228199 271239 226839 270034 232638 276112 227816 270587 227811 271007 228522 272189 229546 273137 226092 269046 234018 277760 227475 271307 225897 268481 229880 273303 230299 273953 229247 272923 226677 269844 228058 271192 174745 207642 231835 275706 228006 271144 227707 270862 227593 270793 229059 272501 227813 271369 227201 269960 228120 271056 231564 274743 231124 274520 228484 272203 231630 275040 228676 272525 227355 270536 231467 275261 229871 273013 1164
234944 279273 231368 274828 232864 276829 232398 276567 228161 271571 232647 276414 229437 273054 230188 273790 233025 276800 231007 275400 229685 272921 231134 274792 232194 276166 228793 272271 227038 269731 230275 273929 228108 271473 229400 272976 234465 278443 229148 271923 229967 273058 229492 273059 231061 274095 234450 278643 229315 272416 232520 276211 231804 275726 227764 270751 228958 272390 226343 269174 229700 273015 229234 272172 231858 275189 229619 273152 232288 276214 228927 272827 235229 279262 227550 270314 229701 273163 225705 268627 229210 272778 229850 272790 230030 273180 227769 270593 230267 273769 227332 270588 234256 278075 231477 274702 229096 272233 232909 276548 232458 276579 228691 272198 232366 275800 231274 275216 232874 276348 227674 270551 229710 273322 231131 275152 230384 274165 230597 273657 227242 270153 231850 275724 230938 274555 229517 272829 231917 275553 227108 270144 225553 268442 231655 275453 229047 272508 228597 272006 229762 272995 230286 273351 225515 268562 231069 274562 175100 208060 231452 275503 230550 273606 229838 273213 226358 269307 228389 271600 228141 271578 225892 268904 228425 272142 227965 271326 227131 270292 228892 272130 231965 275968 231970 275478 230950 274563 215082 255651 229444 273100 231552 275295 229937 273363 227849 271027 230387 273780 227487 271022 230062 273294 232354 276280 231088 274898 230929 274732 1414
231515 275431 227777 271074 231069 274643 228691 272082 233287 276666 233321 277277 229999 273688 234720 278765 231397 275390 228787 271910 229815 273655 233306 276942 230403 274045 232347 276293 233529 277763 232610 276101 230623 274246 230890 275100 229712 272893 231593 275875 229058 272649 231603 275488 228129 271047 230148 273690 232514 275914 230108 273806 234501 278445 231024 275197 227596 270842 226960 269911 231424 275519 234372 278655 230997 274660 224982 267507 231569 274621 233351 277122 230044 273628 231245 274781 232462 276213 234232 277880 230504 274072 233999 277488 232437 276325 233450 277239 228277 271428 227654 270384 232276 276000 231607 275741 232960 276435 231608 275832 229977 273672 231493 275080 228880 271952 227772 271092 232716 276432 234666 278857 229229 272919 230730 274413 232367 275613 229119 273037 229429 272264 176195 209353 230378 273883 233890 278324 226252 269376 220887 262636 232388 275503 229369 273011 233543 277257 229541 272392 229441 273020 230797 274592 227642 271381 233750 277988 233737 277730 232994 277027 230185 273664 232227 276499 233969 277801 225845 268669 232702 276374 226865 269660 231814 275705 230883 274776 228413 271857 229405 272434 232807 276238 230141 273659 234251 278199 229743 273382 232787 276402 231893 275534 232312 276126 233399 277597 223027 265260 233664 277823 231044 274565 232063 275808 231956 275697 231289 275331 1371
229115 272261 229197 272718 231588 275783 230212 273642 231085 275232 233307 277626 230648 274156 232493 276687 229122 272942 229890 273226 232671 275730 228137 271803 234869 278711 234031 278181 234130 278205 233137 277362 228881 272323 231182 275523 227826 271252 232713 276383 233895 278332 227815 270655 229499 272925 228647 272336 231138 274569 229823 273073 227861 271039 230647 274054 232061 275303 230799 274120 231344 275996 232737 276833 228364 271527 232503 276663 230161 273716 230296 274059 236843 281774 230265 273395 234894 279147 235077 278843 221249 262596 227570 270374 230910 274089 228369 271983 231741 275683 232144 275910 232334 276329 231618 275604 235474 279214 232178 275378 234273 278380 231800 275833 229165 272445 229570 273131 233913 277790 233652 277854 235152 279259 231964 276043 234680 278667 234101 277971 232996 276318 232546 276591 233470 277556 232021 276238 230467 274542 228989 272374 231664 275770 234057 277984 235147 279836 230516 274718 221517 262491 229080 272730 225946 268773 230042 274193 229239 272720 234474 277445 229294 272899 230977 273639 231259 274689 231585 275563 231317 275183 232850 277398 231804 275677 234973 278998 230195 274059 234490 278893 233157 276779 233742 277216 229120 272340 228610 272465 232721 276363 233971 278161 232096 275803 231061 274195 234624 278336 232293 276469 233187 276930 230070 273903 232132 276023 229941 273479 1326
230740 274097 235764 280021 237024 281169 233088 277490 230459 273717 235658 280017 231597 275456 234255 278056 233131 277231 234962 279094 230286 273629 234230 278430 228799 272104 231956 276337 233058 277750 234725 278528 232150 276229 234122 278560 229821 272859 235903 279868 236464 280225 234473 278174 218163 259709 236446 280481 235740 280202 233227 277566 233302 278094 237055 281406 234751 279632 236567 281518 231189 275235 229597 272748 228258 271307 231753 275199 229881 272811 233209 277071 236218 280655 233749 277494 231225 275418 230846 274921 231961 276274 229786 273390 233958 278823 229847 273267 224692 266845 237245 281942 231958 276227 234707 278875 232439 275849 235970 280357 233773 278458 229117 272333 233964 278395 232309 276157 230428 274462 230663 274462 230353 273830 222396 264777 232674 276815 232479 276536 228410 271128 232735 277250 234313 278090 232276 276121 230915 274425 233019 277094 232331 276445 229138 272075 235600 279782 226721 269632 231555 275745 230272 274171 228598 271773 233553 277893 230547 274318 231440 274680 230188 273577 226928 269858 233229 277270 236208 280887 234883 279252 227835 271129 232232 276227 231469 275036 229698 273459 234594 278386 232330 276914 230905 274977 230872 275387 230549 273463 233329 277343 234449 278958 231377 274754 226088 269119 234148 278661 231786 275687 235373 280166 230234 273877 234389 278836 235355 279335 1341
233737 277996 233912 278090 236087 281189 236334 280644 234107 278770 235247 279961 233299 277719 222249 264437 234457 279319 232260 275229 233876 278272 234253 277975 234262 278819 229745 273210 230262 273859 231908 275637 222325 264568 232944 277292 231713 275647 230731 274403 232087 276157 231881 275887 233452 277152 234346 278591 236302 280364 235492 280238 236917 281300 238785 283327 233788 277851 235436 279589 234756 279041 232571 276153 232817 276283 227852 270634 233794 278292 235052 279490 233221 277552 178732 212475 236490 280743 233890 278189 231194 274534 231502 274861 232395 276234 230750 274506 235332 279197 235119 279804 235134 279712 233952 278485 232082 275837 230398 274211 233237 277390 221139 262751 232690 276826 235521 279458 235943 280941 233842 277886 232864 277253 233336 277490 216693 257887 232140 276084 224941 267250 228130 270993 232738 277461 236529 281754 235625 279845 235378 280127 235154 279666 236281 280592 231457 274719 224970 267400 232217 276249 232673 277126 233543 278160 231093 274859 232476 276519 235658 280089 234011 276979 231331 275088 229778 272938 234348 278531 235008 279467 234561 279033 232325 276484 236512 280397 233439 278069 228507 271443 231343 274758 233769 277617 234261 278894 234843 278769 233389 276658 236293 281342 232471 276989 232834 276591 235656 279482 233119 277638 233022 276593 234242 278699 236181 280207 235432 279544 1302
233765 278355 231395 275838 237947 282297 232605 276608 235399 279889 233589 277211 235701 280412 233365 277356 234046 278618 230228 273975 233455 277191 234390 279111 232995 277411 233343 277005 236571 280699 234559 279186 238053 282664 234891 279148 231980 275890 234191 278665 233246 277336 231227 275400 233813 278298 231425 275105 233334 277774 237888 283027 230993 274850 235382 279398 232520 276218 235388 280247 237390 281716 235109 278884 235926 280986 236400 280632 233739 278009 234638 279307 236262 280803 233106 277392 236457 281241 237118 281691 231428 274893 234346 278797 235046 279629 236381 281227 232706 277223 233676 278034 238867 283802 234000 278296 234883 279104 236084 280582 235815 281166 231701 275119 235585 280523 235523 280549 233991 277622 235650 280283 236251 280411 231820 275138 237806 282374 234601 278627 237063 282062 237626 282131 236660 281362 232040 275993 234764 278863 237095 281671 236095 281124 234367 279078 238472 283274 233950 278458 236973 281341 231201 275218 224639 266962 232407 276227 236833 281764 237821 282214 234259 278489 234689 279038 231971 275887 235084 279746 178619 212156 237039 282232 236419 280968 232174 276770 232901 276906 236940 281725 233658 277719 238052 282805 232593 276192 233654 277659 234709 279465 232752 276724 235274 280248 237845 282894 233475 277905 232791 276569 237017 281330 235444 279797 233862 277721 233564 277675 1378
233681 277823 237453 282670 233907 278335 236118 280462 235774 280651 233392 277508 234137 278582 232429 277039 237076 281877 234284 278721 235387 279987 238433 283031 233047 277189 234730 278715 237038 281600 238833 283752 235751 280154 235891 280086 237841 282521 237667 282064 235430 279219 237680 281854 235939 280323 237569 281999 234728 279394 237167 282472 234732 279169 235772 280771 234225 278519 237047 281504 234749 278331 236041 280516 234521 279240 237312 281510 237618 281826 233646 278187 240384 285436 237594 281978 233095 277508 239270 284439 238345 282582 233470 277649 235022 279796 234390 278850 237706 282095 236547 280987 237607 282598 236602 280179 238873 284117 232754 276736 238712 283001 237884 282669 235903 280594 235844 279630 234663 279217 235491 280525 235876 280942 237863 282242 236892 281502 237124 281575 237396 281946 236710 280582 232347 275938 235681 280145 234008 278047 234650 279444 236638 281474 236553 281567 236137 280383 236605 281743 232369 276584 236236 281150 235350 279575 238384 283377 234175 278823 235286 280316 237032 281925 238110 283180 238588 283623 240049 285402 236660 281247 232976 277278 237844 282423 238235 282495 235928 280494 232121 276394 239600 284755 237262 281520 237012 281101 234107 277833 236379 280987 234769 278428 238561 283402 238322 282527 233439 277081 236257 280662 234551 278944 222915 265144 238662 283593 237928 283102 1289
238682 283662 237644 283482 234089 278530 230310 273593 221530 263456 235130 280394 235632 280645 234876 279208 236649 281215 236619 281134 235019 279842 234882 278983 237545 281889 237732 282669 235846 280471 235308 280059 236655 281183 231631 275772 234277 278605 237430 281837 234699 279285 230903 274503 237408 282122 235910 280705 232697 276592 236817 281463 238139 283348 239115 283931 235949 280636 235217 279904 235862 280737 237852 282110 240488 285562 238311 283545 233234 276989 237793 282112 235134 280239 232750 276463 234797 279444 236022 280634 234932 279721 239795 285444 239890 284700 237828 282614 232700 276835 233662 277672 238643 283707 236209 280601 234312 278095 240831 285913 240091 284874 233798 278312 237976 282533 237398 282333 236964 282025 240778 285482 237768 282557 237616 282158 237820 282637 234854 279398 236455 281609 239317 284735 236073 280205 235650 280137 241786 286900 240125 284724 235672 280454 236392 281090 236326 281489 235190 279732 238864 283786 236898 280948 240150 284663 236300 281157 235357 280034 234590 279380 233693 277453 234323 278842 237365 282128 224880 267646 233330 277772 239131 284306 238287 282846 236762 281619 238937 284092 231767 275184 233588 277519 235274 279702 237931 282925 238757 284026 234329 278310 227180 269702 230449 274615 235731 279992 235389 279125 236611 280819 237138 281922 234176 278232 233183 277498 238146 283580 1428
241317 286764 238001 282515 237749 282703 234963 279968 237108 282067 238940 284813 236512 281392 236356 281049 180819 215268 238089 283033 226410 269275 237910 282807 234336 278760 238439 283678 233743 277958 235848 280333 238447 283782 240384 285515 222644 264683 241001 286376 238388 283806 237154 281164 238108 282657 239322 284332 240645 286047 236378 281134 240277 285066 233314 277795 238211 283288 235841 280418 237719 283145 232925 277102 235961 280986 239264 284535 234107 278708 236177 281035 242247 287909 234396 278719 239687 284713 238163 283107 236853 281992 238096 282960 236524 281537 238838 284162 237380 282041 240534 285506 239723 284822 239220 283590 238112 282676 238465 283202 238365 282753 234825 279671 239869 285106 235154 280054 235869 280912 237489 282764 239453 284945 235150 280052 234042 278501 237494 282598 237214 282128 240249 285489 238352 283910 237123 281712 239351 284617 242968 288487 234816 279481 229713 273227 237476 282648 234995 279852 237085 282196 241153 285993 239248 284860 238829 284381 237106 282146 237678 282868 236330 281144 233684 277795 238882 284120 236382 280971 234363 278709 234375 278993 235196 280136 237312 282333 234278 278603 238848 284233 234563 279129 236768 281715 236119 280810 237573 282540 237625 282515 233380 277790 234205 278424 236813 281866 232790 276274 236546 282037 239714 284719 235808 280881 238300 283779 238767 284094 1401
240795 286532 238790 284162 236741 281196 236855 281997 238865 283742 240810 285905 235667 280849 237179 281694 236381 281488 236384 281713 237663 282706 233630 277615 235079 279478 235541 279943 240094 285250 236684 281670 236576 281487 239784 285484 238743 283706 239242 284712 234045 278692 239807 285297 240406 286075 235943 280888 237627 282927 237322 282234 235858 280922 237877 282952 238581 283181 243811 289521 234842 279443 238242 283342 236139 280986 238517 283256 239385 284735 240961 285866 239194 284465 239839 284726 237334 283115 239846 284615 237919 282783 236143 280929 239946 285248 238937 284111 241470 286992 240642 285659 237066 282391 240432 285822 240331 285795 237851 283124 242028 287320 237434 282501 236632 280450 236549 281980 237191 282085 238413 283996 238046 283212 235141 279244 236950 281735 241781 286942 240342 285866 235987 280428 238956 284507 240985 286004 236623 280920 238023 282737 238950 283348 237240 281992 238667 284100 239096 283847 239118 284385 239235 284420 239723 284712 236037 280710 231121 274625 240340 285603 239542 284884 236263 280744 237583 282727 222229 264073 242045 287421 235030 279134 233830 277174 238730 283467 235927 280404 236469 281581 237104 282240 242782 288292 236150 280760 238798 284270 236956 281870 243384 289043 239050 284250 237660 283008 240976 286041 236155 281108 238252 283528 236307 281450 240433 285934 241488 287232 1380
238178 283371 240801 286085 238639 283666 238512 283619 237839 283181 241615 286767 239986 285682 237331 282337 235222 279281 238807 284106 240863 285430 240266 285571 240698 285961 239299 284564 235410 279773 242398 288262 238641 283940 240247 286305 240079 285496 236469 280923 240142 285029 234135 278997 241648 287601 239835 284321 237349 281861 239927 284748 238686 283752 236569 280409 239328 284899 237487 281947 239952 285523 243483 289371 238605 284214 241125 286966 236963 282381 240661 286244 238626 283074 238507 284264 238073 283669 236007 280930 236519 281163 239918 285177 237751 282182 239097 284415 237698 282323 237748 282792 241567 287214 241894 287291 240476 286330 237966 283138 240314 285760 238186 283468 237057 282195 240782 286554 236380 280627 240733 286745 240473 285337 240428 285448 234848 278930 241056 286835 240553 285312 238262 282263 239051 283748 241435 286608 237109 281224 238911 284330 235222 279961 239878 284795 240933 286644 242703 288473 237723 282970 240867 285522 235163 279647 238489 283835 239934 285084 241025 286752 236555 281469 240724 285704 235530 280320 237374 283082 239462 284820 236960 281607 237997 283290 238744 284095 239487 284685 240904 286181 240921 285694 238304 283839 237115 282221 236085 281236 243336 288895 242594 287919 241327 286955 239901 284669 240718 286700 240606 286507 238947 283932 239481 283972 231570 274932 242854 288587 1266
239996 285319 235935 280452 240369 285459 244141 289927 239905 285159 242164 287781 239228 284714 231596 275499 236342 280987 234664 278949 240767 286163 241266 285983 241789 287234 243029 288615 242609 287805 237522 282312 237597 282349 239620 285372 242088 288020 238669 283982 242645 288220 242433 288502 238261 283537 237876 283315 240376 285571 238796 284511 241993 287571 241114 287133 236507 281210 242661 289002 228841 272086 241644 287401 235404 280004 237707 282840 238742 283896 237773 282389 240237 286006 239139 284534 238202 283171 238250 283415 244600 290365 240105 285554 241768 287469 237247 282009 236884 281374 241088 286476 238846 283848 236786 281814 239388 284536 243751 288935 242195 287755 237953 282953 242994 288392 241376 286229 240249 285271 241212 286790 239871 285471 235676 281134 241612 287440 239896 285440 239025 284457 238966 284099 170828 202922 240419 286090 238516 284062 239341 284447 229938 273975 243365 288787 239790 285023 237945 283668 238958 283954 238386 283476 242680 287795 241363 286709 241138 285893 238570 283409 239870 285532 236825 281580 239892 284960 238617 283830 235317 280206 240145 284882 239483 285276 238740 283938 240662 286170 242354 287473 240473 286172 241715 286413 241268 286779 242204 287865 240271 285471 238693 284411 240859 286850 243277 289489 243021 287891 242136 287393 239318 284765 238469 283816 242628 288941 243623 290199 1425
239236 284257 242870 288133 242697 289833 242185 288175 243079 288458 241132 285696 244374 290586 244953 290794 238065 282711 238144 283294 242717 288097 243092 289038 239792 284867 242586 287939 243659 290069 242999 289248 239133 284029 235355 280395 240815 286618 241524 286699 245028 290625 239483 284703 240199 285837 241340 286869 240922 286696 242962 289167 242091 288175 241498 287480 235670 279910 241490 286891 242441 287718 244225 290349 243420 289789 239333 285199 242434 288290 239300 284363 244635 290428 243352 289657 240540 286185 240961 286656 229305 272913 240669 285864 239949 284491 235593 279570 241565 286792 244285 290384 240981 286262 245846 291949 243329 289585 238226 283241 241990 287540 242288 287747 237807 283015 242042 287928 240579 286151 238790 284341 244023 290208 238451 282918 239633 285058 238330 283406 240482 286082 240145 285781 239690 284533 241583 287235 241252 287452 242220 287765 238020 283124 242126 287783 238411 283753 238926 283682 242322 287537 243853 289777 236654 281482 242691 288712 239488 285120 237659 282238 244667 290423 239789 284997 239408 284818 236000 280774 240343 286340 240289 285808 240738 286345 243293 288427 242448 288437 227775 270928 242444 288334 243260 289011 241484 287207 243596 288864 243874 289395 240778 286454 241903 286993 241013 286536 244070 290083 243078 288863 240220 285952 242198 287442 241674 287648 240725 286615 1499
242947 289282 244052 289583 240701 286351 239830 284867 243072 288495 239353 284969 240008 285631 246179 292114 242881 288502 243972 289812 241813 287031 245236 291677 242765 288613 244438 290904 246017 292203 233515 277789 243549 289448 238918 283859 242226 288227 238847 284225 242148 287871 243544 289811 240885 286494 241794 287675 242978 288278 243621 289267 243166 289228 243527 289310 242659 287917 239496 285061 243321 288944 241327 287374 241278 286888 240311 285783 239901 285447 238583 283640 242314 287976 241922 287494 239372 284523 244503 289595 243182 288559 242885 288543 238963 284703 239475 284947 244016 289505 237584 282687 241201 286296 244742 291436 240384 285819 241163 286908 241490 287098 244006 290604 245803 291746 244947 290744 239958 284958 242924 288171 242932 289242 243675 289217 242209 288358 242597 288480 241095 287060 238485 283745 240807 286540 246286 292098 241288 287359 241388 286850 243399 289158 242107 288404 243419 289247 240547 286291 238459 283602 241748 287988 239483 285309 245599 291643 236822 281949 243009 289361 244566 290012 241491 286802 240361 286226 242697 287975 237454 282794 236846 281438 238328 283561 241749 287441 243547 289091 241234 286234 244574 290538 244410 290214 244463 290031 242233 287512 242305 287957 240974 286674 245056 291905 242794 288305 241666 287203 245038 290303 241368 287349 240092 285764 241665 287744 241821 287857 1293
235462 280147 243599 289578 244467 290996 235559 280604 244260 290057 242970 289159 239459 284837 240539 285842 243912 289762 245487 291866 243080 289558 245079 290984 242708 288042 242329 288071 241356 287194 240857 286325 247612 293976 239420 284534 243050 288912 240187 285084 241270 286533 245187 291077 242223 288651 241278 286707 242947 289120 246521 292130 242156 287895 232407 276156 244835 291134 241028 286514 244760 290435 242758 287810 245039 291477 241113 286863 242493 287700 244207 290528 244152 290729 241301 287112 241837 287599 245108 290735 242078 287147 246437 292449 242579 288694 247261 293653 244427 290543 240430 285727 240095 285401 240685 287045 244008 290463 238385 283445 231369 274784 239881 284941 244726 291247 246252 292508 242896 288950 243110 289319 243944 290263 244763 290726 240241 285217 239914 285062 246380 292824 245558 292190 245299 292080 241786 287697 235587 280644 244791 290997 242161 288137 244986 290876 242926 288270 245306 291565 244061 289839 244407 290741 244960 290762 179804 213891 240738 286331 245747 291871 240344 286227 243936 289450 242867 289146 241124 287090 241044 286203 239495 284631 243056 288476 240898 286293 240677 286720 243373 289756 241907 287347 243950 289866 241389 287808 244125 290595 242746 288839 248011 294301 238149 282385 240150 286246 240202 285894 239950 285336 242076 287593 242618 287626 240461 286437 241865 287409 1434
244286 290603 242097 287710 246011 292058 244249 290364 239832 284452 241167 287199 242379 288256 243387 290549 245029 291622 245248 291423 245750 292425 241500 287573 245861 292276 245402 291060 241843 287283 238949 284246 244549 291024 238755 283644 245284 291669 243009 289159 245783 292040 242037 288160 242103 288489 244191 290408 243061 289573 240953 286804 240988 286247 244219 289743 244873 290595 242858 288300 241137 286589 242023 287622 246139 292607 245100 291152 240993 286578 243075 289619 240822 285817 241263 286651 243845 290111 247422 293736 244750 291157 240727 286534 245432 291860 244446 290615 240149 286174 242208 288412 240449 286048 239822 285190 246772 292975 245232 291739 223101 265308 242855 288728 246703 292555 241050 286930 247196 293955 244997 290743 244700 290165 246837 293182 243719 289711 242824 288305 242608 288327 248681 294872 241207 287071 245099 291018 244589 290301 246241 292084 242952 288703 243911 290193 243225 289656 243277 289944 242151 288068 244829 290693 241817 287639 240096 285169 243473 289697 241896 287496 245309 292091 244192 290438 242285 288333 239799 284959 242078 287403 245053 291398 242083 287397 242634 288364 244240 290085 239525 285008 246151 292786 246067 292313 240401 286154 244352 290738 248271 294848 244863 291672 248007 294132 241172 286954 242687 288385 242949 288933 248586 294774 241746 287752 244070 290236 239606 284877 1425
247304 294581 243759 290070 246953 293481 246698 293541 243247 289114 245589 291070 245325 291755 242582 288570 245828 292802 246408 292918 243656 289624 242770 289600 248831 295016 244760 291470 244801 291598 245056 290934 245434 291908 244128 291155 243475 289583 244161 290800 246947 292934 249877 296421 248634 296123 244895 291174 248166 294965 244173 290812 242980 289263 246453 292938 245123 291806 244553 291581 244302 291103 246894 293051 246176 292191 243879 290653 246291 292653 243205 289624 244860 291744 244521 291329 242456 288712 243596 289775 246013 292704 242178 288236 245760 292522 246699 293330 244023 290447 245539 291900 245321 292436 242582 288896 245585 291588 243212 289643 246357 292640 242444 287929 234207 278252 240970 286553 245002 290691 241268 287141 245973 292756 248225 295096 244342 290234 245755 292821 241922 287407 245047 291401 243096 289397 244865 290610 245055 291561 245708 292237 241492 286022 244998 291150 245170 291722 241553 287145 240996 286439 242796 288266 245880 292588 246874 293059 246172 292452 244320 290623 246737 293333 247854 294654 243565 290025 244679 290956 244381 290479 245357 291745 246356 292502 248000 294826 245125 291220 241756 287473 244868 290322 246145 292940 242264 287649 246764 293005 247782 294453 246762 293076 241477 287314 243791 290036 245739 292079 245251 292249 247110 294199 241910 287571 246373 292707 247423 293526 1471
243450 289803 243104 289600 245793 291892 246979 293564 246807 293444 239086 284635 246240 292895 245524 291605 244834 292003 245388 291591 242678 288553 248350 294826 243505 289599 244932 291263 235129 279192 243673 289343 243571 289983 243071 289423 234369 277929 237376 281657 245325 291108 243012 289094 241207 286713 228324 271227 246571 292318 244208 290396 246082 292424 245314 291009 247424 293657 246203 292887 248920 295488 244750 290900 186762 222243 246750 293201 245690 292264 249606 296427 248243 294870 247866 295113 244802 291962 245192 291360 243775 289374 247931 294513 246505 292993 246293 292554 247066 293566 238630 283808 247712 295017 244388 290665 246946 293067 244221 291022 249321 295450 249028 295903 249538 296001 247784 294265 249594 295632 237576 282478 242728 288846 242552 288582 244055 290584 234000 278878 243728 289953 247241 294180 248112 294180 242668 288139 248140 294801 243042 288984 241838 286822 245337 292220 243781 289744 246223 293036 246388 293255 243186 289581 247395 293395 244031 289362 245418 291964 246685 292771 248267 294712 245881 292202 245307 291987 245099 291374 245199 291564 247628 294393 248802 295399 246162 292881 246555 292970 249746 296982 247391 293434 245526 291893 245283 292138 244633 291054 247326 294027 243547 290225 231740 274836 243604 289152 244842 291842 247129 293272 245764 292295 247905 294901 247060 293084 248862 295170 1308
231974 275716 242114 288314 245167 291794 244947 290693 249312 296475 245418 292054 248373 295467 245215 291482 244515 291107 248119 294266 245654 292383 246587 292360 246161 292097 249275 295981 251162 297931 246828 293503 247761 294665 247692 294564 243844 290274 246272 292594 249093 295575 249267 296548 245363 291666 249111 295699 247845 294912 247219 294384 250456 297539 243553 290028 248047 295538 246883 293292 247059 293972 248770 295626 245627 292162 245743 292228 248893 295785 244744 291408 246769 293583 244212 290608 187586 223192 246128 292128 246612 293408 247019 294187 246676 293369 246409 292526 243013 289101 246460 293258 249006 296420 250277 297228 249999 296907 246786 293497 249605 296650 246047 291953 249645 296430 243312 289247 247018 293393 242825 288794 234447 278847 247513 293943 248841 295337 247509 294508 246678 293364 246295 293142 245166 290782 243197 289387 250286 296940 244468 291228 248221 294273 245079 291880 250195 297348 244823 291345 244569 291677 247070 294038 248924 295504 248949 295771 243881 290473 247050 293313 247006 292978 247592 295004 244666 291290 243951 289948 247424 294218 187082 222507 244603 290986 243889 290391 244582 290737 248899 296484 244329 290243 247268 293595 243853 290351 244030 290364 245228 292044 248798 294823 250417 297512 243727 289550 248880 295659 246326 292895 245654 291730 244625 291336 247467 294149 243303 289881 1586
251203 298352 250772 297595 246996 294059 248013 294048 247351 294464 244302 290515 243884 290025 246893 293871 250218 296978 247388 294534 244604 291350 247831 294317 245318 292362 247053 294140 247706 295151 244041 289846 246455 293367 243038 288950 250677 298084 248009 295219 248292 295607 243604 290134 247411 294302 248069 294821 245529 291286 247601 294545 249103 295704 249073 295759 247204 293877 247805 294458 243666 290230 248247 295383 250478 297687 248246 295462 246576 293342 249269 295819 251327 298315 251245 298735 249742 296375 247335 294294 245538 291826 243692 290098 247216 292803 242850 288869 245988 293028 248087 294928 187207 222481 248676 295195 233469 277313 248938 295881 249469 295934 246598 293304 245056 290963 247344 294111 248214 294988 247894 295266 231929 275980 240504 286675 250950 298442 247391 294638 246079 292791 243098 288627 249544 296991 251722 299056 251782 298947 247503 293881 244740 290877 249853 297177 249686 295731 246244 292883 244955 290720 250667 297972 243491 289946 244968 291420 250414 297391 249589 297184 246489 293730 247265 294721 248023 294217 246736 293124 248238 295240 233982 278140 248064 294578 250123 296603 247555 294217 244551 290629 244217 290694 243973 290339 244665 291031 249057 296210 246452 292868 245179 291931 244134 290252 245705 292666 244158 290858 249333 296669 250737 297791 250431 296981 247115 293907 247598 294556 1428
248205 295537 246766 292823 247517 294249 188504 224354 245572 291902 244294 289753 246452 293123 249237 295881 252292 300119 247896 294987 252049 299410 249164 295864 252138 299129 246129 292918 248410 295142 250276 297637 246123 292930 248612 295208 243048 288914 250810 297660 247143 293500 246764 293686 248435 295092 246901 293784 246995 293431 239570 285509 244434 291095 250210 297140 245106 291301 248178 294839 250807 298333 232609 276657 246696 293835 249142 295802 247261 294635 251701 299428 250053 297206 249503 296676 247921 295381 244462 290737 253197 301026 248446 295906 247013 293853 248019 295255 245466 291721 250456 297580 249405 296004 248051 294940 241637 287512 248514 295512 244099 290282 246370 292405 251147 298153 246102 292314 247165 293957 248000 294738 247103 293593 251443 298608 250178 297446 248177 293991 250382 296914 249656 296873 248845 296226 241204 287310 246359 293216 249481 296103 250541 297884 248144 295770 248753 295996 249407 296427 245078 291440 250148 297450 247750 293963 247929 294617 246885 293841 247302 294294 248967 295988 251097 298775 247838 294678 245706 291797 250471 297477 243082 289172 246071 292658 249387 296574 249880 296582 245334 291453 246576 292926 248749 295884 248182 294495 246702 293920 246693 293850 246614 292756 246500 293397 247047 293956 253141 300741 249631 295869 252190 299290 251431 298971 247701 294405 249042 296425 1490
248394 295443 251940 299830 246089 292465 248080 295083 249302 296116 243812 289940 250512 298129 247822 295018 248338 295412 249898 296595 247094 294177 251592 299636 246989 293602 250213 298481 250640 298041 250846 298536 248571 296093 247371 294810 251936 298670 251394 299210 248311 295494 250448 297216 247028 293822 252347 299572 249885 296976 247742 294525 246894 293573 251235 298521 250808 298463 249634 296784 246855 293983 248064 295626 245151 291616 250664 298259 252233 300162 252100 299953 249309 296289 251594 299000 247956 294788 248659 295732 244370 290662 251249 298184 250730 298425 245485 291341 246244 293365 250470 297203 250207 297521 251648 298820 248007 295556 236680 281286 249370 296247 245637 292264 251255 298302 249791 296295 248003 294776 246026 292874 246472 293493 248276 294954 251699 298844 249482 296047 248658 295665 248725 296068 249424 297057 245917 292554 246561 293069 246490 292638 246829 293254 248515 295492 247137 294206 250666 298647 234008 278660 250019 297263 252951 300944 247406 294040 249144 295464 252094 299097 252210 300152 252329 299310 246990 293506 250817 298448 247573 293953 246218 293187 252951 300484 246951 294190 245289 291477 247344 293880 250997 297925 251624 299534 249587 296636 249010 296391 248197 295135 252689 299362 248111 295251 246833 293948 245070 291625 247298 294068 250401 297929 248414 295423 247373 293315 249300 296533 1427
251230 298499 252273 300146 251006 297997 249128 296471 251579 298542 248861 296363 249870 297182 248782 295585 252237 299496 247971 295168 252043 298872 253013 300935 249813 297651 250659 298175 250226 296863 251084 298594 252057 299364 252106 299523 250297 296842 250295 297139 250267 297504 248513 295936 251507 298603 251284 298858 247147 293872 189959 226012 250771 298273 249521 296134 251995 299530 244348 290726 252748 300374 249411 296649 247170 293211 246652 293880 248227 295205 252353 299697 253196 301294 250339 297613 249159 296084 252798 299564 247422 293987 249157 296030 250126 297673 251367 299019 245513 292239 250556 298028 253648 301264 247309 294028 251708 299239 248122 295035 250773 297601 248101 294651 252220 299942 250813 297858 252194 299048 253827 301018 248523 295526 250074 296559 248705 295943 250881 298434 248894 296426 251405 298477 247938 294541 247520 294302 251572 298787 248968 296771 251300 298607 251061 298359 251806 299609 252712 300510 247068 293695 253261 300737 247732 294621 249246 296630 253025 300416 252446 299351 250016 297276 250925 298205 191424 227532 248677 295560 248729 295818 253482 300938 249163 296535 246361 293064 253377 300751 247832 294352 253687 301549 246945 293438 253270 301455 248238 295627 251628 299458 251838 299079 248040 295046 250920 297703 248479 295720 248722 295957 252759 300670 248135 295425 251926 299735 248114 294769 1269
250896 298144 250975 298492 251597 299408 249995 297432 252599 300190 248046 294235 254795 302422 253790 301389 251905 299881 246012 292543 250568 297651 250662 297997 253390 301127 250669 297230 251572 299302 251051 297680 252832 300285 253446 301130 252277 299925 251150 298680 252265 299342 251943 298653 249096 296153 248355 295531 252525 300292 252614 300318 251943 299388 252011 299691 253994 301628 253492 301485 249601 297272 245837 291344 252012 299015 251126 298608 251798 299414 252360 300654 250399 297955 243689 289682 254379 301832 252355 299471 248582 295637 249701 297157 252878 300066 253725 300616 251366 298228 248628 295557 249796 297014 250927 298719 249860 296674 250693 298171 252543 299766 253338 301070 249777 297386 250556 298037 253868 301083 248862 295429 248524 295541 255680 303108 253372 300728 250075 297528 253771 301608 251847 300060 250990 298024 250679 299051 253100 300814 250680 298079 248627 294730 253356 301180 250461 297910 252666 300195 252226 299850 252360 300233 250138 297484 249389 295746 252074 300328 248291 294957 255238 303358 252269 300201 250027 297010 251469 298303 249554 296439 249724 297178 250441 297951 248711 295805 250306 297905 248762 296073 252429 299845 248265 295620 252275 299145 249202 296308 248873 296348 252949 300913 251477 298911 251786 299599 247947 294822 252047 300207 255172 302838 247998 295018 248654 295284 250297 297851 1585
253477 301683 254915 302558 255013 302426 252001 299666 247766 294542 255565 303657 249621 296918 191924 228232 250885 298291 253041 300889 252110 299757 252324 299954 250877 298383 248693 296302 252894 301154 238416 283301 250004 297156 248980 296369 252414 300298 246982 293917 250482 296985 256531 304737 252871 300555 253696 302254 241121 286879 255025 303646 254832 302036 250239 297331 248958 296322 252657 300120 251816 299417 252255 300753 249147 296341 251831 299526 246698 292539 249154 296036 251568 298029 249643 296689 248378 295171 246992 294202 252838 301338 253578 301487 250707 298294 250804 297811 253561 301467 239741 284744 251223 299061 250494 297859 252950 300873 245805 292445 250351 298168 255204 303203 250861 298765 251638 299095 251441 298246 247100 293552 253831 300700 253685 301510 254863 302214 253161 301093 252619 299903 250294 298180 251969 299785 248133 295489 249416 296084 248799 296468 252973 300039 253811 302037 251233 299041 250791 299121 249363 296565 251958 299126 251129 298621 242629 288563 252947 300799 248975 296045 255857 303728 253701 302127 252410 299554 247576 294459 252855 301015 249938 296895 253122 300810 252252 300418 251213 299866 251086 298648 256177 304110 252665 300046 252431 300036 250633 298237 253490 301440 249637 296793 242913 288604 253703 300812 256247 304540 236077 279791 252460 300378 250728 298362 252285 300230 253610 301705 1455
255279 303172 238708 284263 255750 302866 251928 299955 249054 296297 253346 301699 246739 293124 256088 303854 255212 303452 249240 296668 251351 298627 252191 300355 251831 299426 252669 300316 253475 301745 256265 303767 254949 302200 255033 303195 252777 300153 250484 297964 248565 294900 250926 298226 256332 304181 252725 300416 254134 302136 245236 290995 248933 296268 253532 301671 256396 304319 251393 299035 238675 284003 250438 296977 251713 299481 253510 301756 252372 299340 253778 301568 253646 301713 253991 301193 254252 302209 254633 302998 251507 298507 252215 299610 255158 303501 252630 300529 242034 287144 251322 298788 256197 304007 250743 298306 253274 301328 253782 301545 254014 301833 256409 304511 252519 300588 244969 290855 252605 300548 251104 298418 248477 295057 256804 304807 253127 300988 256039 304228 258121 306297 252424 300090 253546 300758 250543 297806 252247 299954 252387 300622 250837 298650 254293 301565 252977 300109 252042 299721 255826 303758 251749 299500 249822 296903 256889 305203 252398 300074 254277 302025 251020 298093 236208 281142 252599 300516 253895 301939 250941 298847 254387 302647 251620 299075 255279 303209 255346 303243 251113 298510 254376 302012 254582 302452 251957 299601 251239 298649 256601 304439 252732 300772 253334 301196 253947 301950 248551 295611 256190 304155 252306 300008 250629 298222 255641 303610 254418 302618 1657
250032 297630 255292 303519 255201 302400 251911 299107 251116 298158 254555 302275 252012 299820 251761 299754 252826 300446 253296 300700 255418 303891 251754 298822 242818 289145 252104 299962 252816 300104 255685 303637 252728 300987 257063 305259 254560 301454 256843 304697 253530 302206 257643 306294 252334 300153 254948 302910 248169 294915 249950 297512 254383 301874 255394 303764 247863 294494 244257 290353 250788 298491 251636 299348 251483 299327 253642 301156 253290 301567 250574 297953 250988 297935 254690 302838 251799 299090 256771 304862 251876 299087 250303 297778 252500 300557 252604 300431 255103 303035 254223 301970 253411 301527 250845 298512 256580 304144 252770 301272 250865 298437 256042 303779 254362 302490 256459 304451 252659 300502 254891 302835 250570 297927 252958 300908 254353 302169 251464 299242 252264 300050 252437 300950 251765 299837 253645 302022 253174 301190 254509 302469 255484 303827 252960 301130 252645 300257 254585 302317 250072 297351 253598 301845 253787 301374 257717 306362 256448 305174 252809 300777 254734 303083 249803 296763 256083 304346 253999 302201 254267 301559 257363 305766 253339 301272 252673 300148 255595 303348 255434 303841 255611 304040 255591 304126 237927 283372 255360 303122 253855 301819 254439 302066 253628 301122 253704 301630 254525 302359 252448 300600 255258 303046 253390 301291 255622 303713 252798 300273 1590
252917 300764 252235 300258 257324 306114 253264 300524 256642 305319 257142 305527 257273 305438 240115 285374 254622 302374 254863 303221 259043 307714 254310 301780 252923 301181 256842 305269 255685 304229 247415 293951 254202 302496 253392 301591 253144 301380 251640 299701 257831 306762 255542 303545 253336 301721 251884 299859 251820 299835 253141 300378 253684 301792 252568 299725 257192 305399 254024 302204 256211 304567 255071 303010 251341 299469 256719 305585 255470 303577 256095 303874 253424 301469 256584 304433 253938 301840 254983 303319 256824 304779 256853 305297 258667 307001 254410 302516 258211 306737 257569 305609 257124 304597 238616 283504 252283 299863 253597 301657 193990 230651 255965 304474 253014 301483 251708 299669 256996 304961 254637 302828 255705 304207 248459 295659 252984 301037 256274 304752 251142 299038 257863 306200 253276 301321 256835 305612 252656 300593 256598 304899 253782 301960 257129 305061 254006 302350 253844 301940 256228 305080 254393 303058 254073 301625 249914 296820 253576 301438 252724 300781 252393 300259 255242 303478 252723 300191 249463 296524 251865 299412 257817 305730 253804 302489 250326 297611 254709 302993 252307 299450 253416 301146 256826 304476 253038 300790 253949 301742 253048 301762 251571 299107 256675 305209 253951 301817 253089 300657 256963 305204 256942 305399 255933 303723 254689 302746 251757 298689 1368
254780 303325 252777 300109 256282 304485 258562 307982 255460 303470 259101 307447 248436 295275 255079 303193 257276 306159 255212 303461 254080 302239 256322 305074 253456 301051 258682 307006 257245 305544 255684 303873 257700 306492 256642 305007 255264 304188 258797 307646 253779 301913 256576 304936 255516 304094 244783 291517 258436 306948 257939 306300 251054 297828 255202 303650 253317 300059 257359 305941 256588 305250 254724 303610 258518 306996 254241 302696 257765 306069 258503 307357 254312 302732 254280 302348 256107 305136 258868 307394 255607 303665 255442 303747 250583 297343 254630 302979 257690 306972 254332 302629 257342 305980 257190 305134 260053 308937 253177 300235 253228 301195 255506 304120 256030 304384 258730 307359 258891 307849 254861 302830 250580 297743 244359 290542 255758 304347 257486 305848 258250 306983 254956 303447 254827 303538 252361 300057 256968 305050 257616 306081 252483 300475 257295 306382 256034 303776 253600 301328 257361 305645 256006 303719 255876 304505 254913 302743 257244 305984 254736 302431 251699 298894 258101 306359 255200 303829 256068 303962 249064 296194 258104 306839 195329 231981 251487 299180 255557 303511 255814 304377 245728 291647 257652 306351 239940 284808 255022 303425 259716 308154 254412 302604 256215 304008 255004 303299 257967 306519 259089 307763 258413 306546 254305 302739 253463 301170 256053 304425 1424
257901 306341 258498 307467 258722 307716 257385 304967 253567 301088 256046 304561 194060 230438 255677 304029 256645 305230 255071 303647 259819 308777 254971 302974 253422 301761 252772 299585 258152 306889 259271 308646 254957 303460 258252 306647 257429 305655 254922 303609 259192 308075 260321 309262 256551 305295 260137 308790 254065 302316 258361 306925 259124 307632 256265 304265 252856 300785 258787 308017 256016 304127 256101 304070 254392 302832 258039 306905 259438 309025 255002 302676 260367 308872 254573 302993 256700 305166 260131 308303 253692 301939 248142 294851 254968 303575 255926 304833 250614 298047 258097 306738 259115 307835 257671 305890 255825 304103 259282 308539 258820 307627 257731 306382 254523 302666 256225 304430 258833 307166 255417 304077 258778 306784 257661 306282 256276 304233 252630 300399 257556 306004 252979 300960 248689 295718 255474 303792 255867 304422 255840 303539 258351 307910 257958 306560 258799 307198 258287 306969 258291 306670 249838 297788 255519 304299 260155 309300 258853 307063 259426 308487 254926 303354 251002 298514 256702 305267 257618 305734 256268 304552 259242 307883 254019 302235 258510 307336 256778 305434 254951 302636 256165 304675 259002 307154 255335 304003 258583 307354 259301 307829 254320 302082 258352 306116 251836 299365 260274 309370 257636 306347 256026 304586 254367 302531 254527 302805 257481 305323 1593
255443 302828 259751 307879 260544 309658 252485 300264 255459 304020 259874 308695 259016 308055 260391 309380 256049 304572 257635 306843 256837 304779 258246 307658 255840 304347 257211 305885 259260 307700 255647 304102 258438 307690 256007 304145 256730 304796 258765 307408 256159 304606 257499 305870 258691 307959 262868 311551 260495 309133 254432 303086 258592 307501 255667 304056 246371 293075 258337 306046 256188 303819 257357 305758 258196 306724 255488 302946 260616 309440 260490 310381 257261 306309 258614 308292 256489 304177 257110 306448 257847 307280 258084 306897 262281 311558 260182 309477 241832 287678 259846 308291 259325 308206 253313 300587 257672 306315 255040 303381 259466 308697 254157 302538 256569 305218 256176 304997 257187 306041 257733 306312 257287 306160 257327 306562 255499 303958 258854 307979 259688 308665 256828 305850 258813 307708 254428 302357 258994 307605 257899 306934 258964 307637 259970 309009 255814 304738 258828 307343 253577 301072 255098 302984 256016 304831 255695 303916 258559 307957 249856 297562 256417 304012 253714 301334 260735 309187 256763 305544 261752 310898 257811 306119 259447 308026 260062 309132 261254 309990 253060 301294 257703 306461 256671 305716 256992 305034 257739 306108 261215 309208 259066 307327 256828 304732 242898 288986 258060 307087 256792 305531 259247 307999 258390 306316 257498 306299 256169 304815 1474
258612 308036 262864 311647 258561 306386 259365 308411 262110 310713 260887 309357 257168 305761 259407 307853 256804 304786 259969 308178 256111 303990 257213 306235 260100 308884 263038 312722 254800 302779 259167 307826 259397 307960 256192 304675 254649 303249 255294 303755 260860 310328 257013 305338 260893 310162 261319 310545 258070 306987 260491 308979 260814 309868 259909 308802 258303 307278 249477 297145 256605 305127 260740 309573 256918 305627 254960 302915 258702 307238 255864 304606 256507 305190 259575 308316 260075 309697 258618 307700 260632 309733 258525 307945 257991 306981 255203 303642 258706 307371 258295 307371 258206 306504 257228 306750 261044 310556 259389 308155 256296 305237 256766 305530 255878 304051 255823 304421 259229 308280 260569 308954 256300 305035 260218 308797 255632 303898 257451 306623 258242 306925 257263 305730 259226 308481 257311 305470 263092 312427 259086 308139 254968 303284 258154 306861 256296 304570 252445 299807 259744 308423 255892 304516 257161 305928 260897 309256 254829 302931 258112 306990 255761 303836 258121 306940 255184 303300 262322 311638 254475 302464 254414 302537 255651 303777 256288 305254 256391 305301 256260 304855 258110 307158 252583 300285 260595 309332 256924 304982 260611 309224 259170 307991 259798 308724 262631 312023 260667 309704 258212 307138 254023 301680 256471 305378 256148 304973 256180 304934 1525
260958 310041 258331 307388 259497 308617 262854 312365 260588 309958 261828 311844 196983 234187 244509 290645 260251 308939 255926 304455 263003 312003 260986 310073 259188 307527 260329 308966 260142 309528 260108 309606 255036 303376 256985 305286 261676 310974 258814 307952 259138 308419 258453 307406 256222 305283 257660 306406 262305 312030 251854 298249 257617 305870 257639 305384 257622 306868 257391 306783 260869 309823 252155 299895 260862 309705 259905 308900 260497 309124 254583 302949 259049 308387 254887 303805 260952 310250 257518 306456 261223 310219 260062 309276 257148 306264 254090 302125 258315 306765 259078 307043 257157 305666 196667 233986 257780 306691 261574 310509 261028 309815 256076 304429 259643 308566 259117 308530 260028 308797 262040 311771 255123 303336 260874 309805 261121 310354 263776 313670 257443 306020 257193 306111 257750 306889 260878 310046 261749 310701 260510 310026 261005 310448 262405 311454 262044 310402 257787 306881 255864 303735 258965 308073 255571 303524 257671 306877 256776 305368 258419 307198 262085 310717 260824 310511 265248 315084 252341 299796 257249 305693 254593 302349 260133 309374 258417 307011 243135 289036 259877 308989 261166 310101 255678 304202 259416 308509 262801 312018 262162 311485 258438 306933 259820 309112 257317 306021 257584 305578 258115 306158 260080 309031 263855 313164 256597 305185 263886 313372 1526
257878 306554 259853 308765 258623 307886 261319 311014 260645 309322 262427 311297 260782 310190 261337 310559 256805 305516 261673 311063 261573 311090 258425 307397 260272 309419 253417 301277 262901 312639 260814 310493 259443 307776 263813 312724 257911 306510 260834 309389 261162 310698 257432 306022 261902 310685 259421 308877 261367 311181 262838 312278 261439 311192 262602 312080 261547 311428 262716 312251 263188 312140 258385 306895 258617 306986 254753 302838 262371 312156 258985 307895 257857 306834 262140 311279 254013 301852 261577 310272 258354 307453 260470 309920 258322 307846 264376 313718 261663 311470 262975 311738 260423 309728 261048 310419 257521 306134 259661 308904 258942 307603 265522 316130 260189 309385 260788 309912 259004 308092 258156 307230 261746 311067 260398 310228 261344 310661 254428 301785 257088 305480 261705 311271 257919 306579 259630 308541 258100 307060 262855 312758 262070 311986 260198 309618 262826 312258 257921 306852 260421 308442 257096 305218 262562 312040 257308 305915 260264 309468 262334 312050 259164 307995 259539 309084 256934 305790 263807 313323 257029 305224 260594 309971 257398 305447 258300 306618 257096 305445 257203 305825 260853 309367 261026 310454 257523 306223 258916 308355 259854 309883 262569 311883 258588 307219 257515 306142 254783 303307 256629 304646 258521 307388 259405 308631 262199 311453 256186 303994 1454
263012 312317 258877 308150 262188 312215 266609 316815 261804 311416 265486 314894 258543 307577 260338 309352 261315 310749 259476 308243 242491 287944 260241 309597 259613 309002 264632 314230 262431 311368 259436 307516 261311 310267 258601 307981 265115 314234 261077 310513 260003 308770 258680 307776 261474 310986 262728 312687 258445 307155 259002 307917 261762 311348 265960 316118 256187 304417 259567 308650 260485 309701 261147 309581 258495 307061 257855 306636 259589 308688 262054 311361 258007 306873 257148 305444 261351 310845 264493 314403 260204 309329 264171 313563 260810 309632 255869 304104 260446 309801 261142 310595 257922 306785 258643 307308 260143 309153 260419 309610 259722 308031 261605 310927 256388 304740 260215 309686 198768 236670 263077 312377 258471 307439 254752 303190 258151 306800 257366 306042 259895 309082 265159 314965 261800 310877 262113 310681 260640 309959 256183 305037 264181 313270 263265 313216 261963 311351 262051 310976 263159 312725 256677 305172 258710 307529 262346 311904 264609 314381 262878 312371 260735 308866 261061 310474 261054 310479 261228 309722 258010 306533 263002 312473 260359 310055 260181 308918 197316 234471 262305 311602 199552 237174 260840 309795 261475 311314 261859 311564 253368 301367 264799 313632 261407 310831 259666 308703 263868 314088 257706 305800 263799 313179 247077 293823 261121 309951 262430 312384 1625
259979 308920 262459 311802 258756 307754 265403 315021 259374 308841 260014 309142 260535 309704 259565 308838 259838 309158 265036 314302 258852 307545 261489 310935 263018 312181 261431 311367 266290 316740 266516 316686 259313 308462 262206 311916 264332 313945 262700 311736 261826 311608 256910 305320 260391 309580 257382 305861 263894 313319 260435 309540 265975 315532 262764 311335 259254 308123 261826 311983 258474 307251 259285 307975 262692 313122 263541 312515 263211 313490 262393 311085 264615 313683 262188 311862 259724 309114 262590 312061 265924 315779 260296 309132 261092 310393 256533 304220 264699 314436 257779 305485 262646 312598 263584 313481 258638 307633 264382 314452 264224 313627 257928 306785 259276 308473 261549 311074 261776 311605 263650 312846 259199 308534 262863 312193 255786 304198 259538 309051 261215 310786 258680 307465 261660 311191 259157 308232 259981 309711 265713 315947 260299 308911 261507 310615 268045 317770 261888 311408 265628 315892 263737 313265 263288 313143 259725 309005 262904 312996 259076 307593 267847 318015 251891 299081 266209 316296 263357 312040 258982 307907 260911 309773 265282 314818 258760 307803 262608 311982 260352 309499 258775 308210 258051 306834 266001 315597 262531 312083 258740 307757 264113 313720 260594 310396 260153 309587 255459 303329 263088 312958 258602 307337 244883 291546 259802 308952 261739 311226 1455
263958 314008 264517 314676 261602 311216 265163 315354 262904 312971 260521 309495 263393 313482 263329 313569 265810 316333 265182 315432 262888 312296 255447 303060 264466 314162 264226 314420 267124 316420 266325 316483 266735 316707 260990 310551 260712 309172 265345 315759 266793 316644 260159 309196 256978 305711 261592 310895 264876 314840 266005 315666 257774 306307 259315 308446 261223 310830 263453 312819 267646 317386 260076 309527 264046 313934 260635 309737 260396 309849 262070 311606 261089 309768 263287 313347 263607 313641 264180 314368 265024 314657 267277 317227 265182 315469 267274 317660 265960 316714 255784 305006 260286 309905 259814 308720 265251 314969 261887 312344 264972 314303 260963 310813 260306 310042 260540 310156 261726 311618 266257 315789 266891 316320 261797 311713 263454 313119 260919 309826 261130 310825 263111 312369 262622 312674 266283 315763 264175 313523 261768 311492 262640 312810 257437 305678 264349 314682 263845 313805 263552 313254 265590 315153 266569 316812 265861 315619 264101 313590 263665 313440 265824 315688 259244 308897 260923 309557 259044 308085 262163 312180 261840 311405 261314 311031 255577 303815 260725 310318 263794 313472 261044 310756 258349 306849 263824 313188 263096 312623 261214 311203 257835 306834 255643 304300 261334 310985 264930 314535 262798 312536 260681 310351 264763 314300 261245 311003 263590 313326 1593
263519 312616 263031 312352 261999 311617 264573 315093 263705 313627 262147 311858 261069 310798 262851 312130 263825 313972 265637 315875 267664 317769 266833 317449 266737 317013 265067 315556 265621 315779 263172 312898 266100 316546 262605 312751 262572 312501 200285 238331 262367 312245 258510 307545 261911 311403 267025 316951 267935 318089 259719 308774 264520 314345 260863 310046 263142 312958 270267 320946 262030 311801 264223 314136 264689 314431 266510 316430 262500 312186 264266 313960 264912 315047 263747 312948 259538 309041 263799 313830 265629 315569 267896 317546 266755 317819 259747 308659 263994 313781 265000 314913 263464 313306 262888 312831 263239 312772 263975 313709 262925 312703 264396 314048 266727 316497 266793 316782 263427 312686 264901 315221 264213 314379 263334 313196 265020 315427 266532 317020 265367 315242 263117 313062 264829 315128 266678 316883 262778 312912 262321 311711 267276 317030 259482 309016 263084 312575 265286 315403 263841 313704 261184 310050 263306 313439 263331 312951 263128 313358 268043 318265 262379 311367 267860 317941 265608 315707 260912 310310 262886 313146 261517 311275 265607 314973 265139 315066 260773 310527 263466 313336 266264 316457 265669 315751 263035 311735 265807 316716 265871 316411 264090 313559 267044 317435 266611 316035 261438 311106 265309 315627 266523 316115 263796 314253 264701 314666 266522 316619 1452
265055 315313 265476 316170 265088 314884 268167 318014 265201 314695 264169 314568 262120 311568 264605 314133 263766 313584 265445 315007 268354 318666 264470 314375 267099 316785 265909 314996 247887 294722 263866 314214 267040 317067 259061 307689 266111 316260 264252 313760 262868 311422 262709 312251 263167 313722 269384 319705 265946 316067 264457 313470 267756 318653 263040 312949 262715 311548 264115 313991 265272 315593 266139 315337 264048 314055 266928 317019 260917 310165 266812 316396 264725 314658 265538 315295 263652 313417 262698 312609 266305 317107 266556 315983 265674 315860 263477 313377 257620 305517 264673 315035 267419 317067 266074 316177 265791 315798 263764 313128 262791 312743 266817 316511 262552 311970 262497 311674 267199 317552 264960 315146 265986 315690 265485 314714 263861 313740 258804 307819 260234 309667 262506 311221 262845 312718 266147 315822 246233 292252 267376 317843 258437 306895 262527 311709 264300 313826 264776 314777 264438 314326 264834 315074 264413 314538 267658 317240 267840 318152 264107 314477 263444 313469 265895 315802 268603 319141 264695 314535 262330 312100 266259 316325 257466 306292 268159 318825 263956 313786 263485 313868 263896 312815 267900 317875 264013 313813 266726 316676 265777 315729 266276 316955 269363 319611 262315 311961 268838 318990 263519 313005 263863 313675 257480 306018 265364 315325 262116 311537 1644
267376 317702 264175 314036 263683 313581 264674 314458 264407 314546 264778 314876 266535 317095 269127 319229 270202 320777 262789 312425 265194 314992 264802 314571 203064 241330 263274 312984 266120 316309 266761 316794 265891 316055 268695 320015 264121 314256 262662 312382 267965 318523 264820 315370 266653 316897 264437 314042 265126 315329 260636 310503 267274 316980 262446 312187 266750 316677 268304 318276 268282 318132 266081 315624 264409 314881 268195 318862 266527 316296 268292 318955 264895 314948 262461 312110 265498 315424 263737 313981 267815 317968 269590 320522 267950 318084 260432 309012 262175 311879 266965 317297 268072 318505 268042 318091 267673 318191 264805 314695 259772 309000 263282 313093 264622 314329 263381 313505 263422 313649 265703 316141 267336 316371 263876 313452 268912 319542 262812 312557 263313 313023 264367 314155 263169 312918 264248 314293 201167 239070 262410 311962 265655 316416 268431 318885 262972 312626 263427 313677 266580 316504 269256 319489 263971 313473 263709 314041 262398 311618 269502 319164 263465 313432 268877 318971 269514 319649 261455 311139 266935 317656 268561 318569 267430 317874 268772 318971 271786 323215 267589 317883 264118 313500 263041 312324 267367 317905 270134 320569 266411 316468 269750 320327 261852 311972 202583 240953 266745 316880 267904 318017 260432 310007 262012 311648 263551 313329 265794 315747 1523
264846 315011 263616 314034 254910 302661 267378 317984 262705 312434 270975 321574 267842 318405 265967 316906 269921 320402 266595 316854 266718 316953 264999 315459 266809 317252 264217 314361 268262 318868 265347 316047 266886 317448 265556 315740 263150 312839 266899 316546 266575 317413 261412 311375 265194 315175 271832 322941 269596 319987 267782 318587 265088 315608 266081 316738 267385 318351 266538 317174 265282 315538 267754 318311 264110 313446 263775 313866 266290 316624 265676 316253 265353 315636 260908 309747 264443 314339 263257 313020 266333 316371 267990 317969 262103 311279 269934 321222 267128 316963 268013 318694 264094 314079 267682 318713 263375 312833 270505 320797 268062 318191 265892 316160 267832 318388 266444 317073 267236 318039 264413 314480 264194 314476 266371 316485 270062 320256 265298 315435 264306 314509 264144 314574 266799 317233 265936 315833 267083 317178 269556 319459 263136 313210 269260 319679 263798 313698 268280 318220 260210 309795 264162 314136 267414 317539 264235 314235 264814 315243 265801 315959 265582 316030 264212 314282 271096 321618 267291 317378 269309 319582 266723 317228 262572 312344 262919 312546 266608 317038 264093 314018 262165 311764 266416 317873 262667 312306 267468 318155 264743 315171 266571 317163 267861 318276 270551 321656 266912 316710 268582 319627 268785 319169 251082 298734 196772 233633 266087 316111 1607
262451 312336 272910 324313 265419 316152 266850 317293 271716 322826 266817 316820 268489 319203 269299 319953 268320 318679 268353 318216 267587 318129 266802 317682 265658 315731 270383 321838 270157 320982 267143 317417 266975 317872 265600 315922 265887 316691 268803 318977 269292 319395 267184 317242 264370 314463 267733 318957 271889 322086 266444 316792 267421 318089 266453 317206 267892 318784 267848 317626 271153 322029 271756 323061 266166 316943 271760 322591 265069 315167 265269 315598 270256 321099 265849 315888 265104 315537 264095 314253 268831 319008 263690 313234 267680 317873 267524 318417 266756 317457 269350 320596 267419 317739 263941 313952 270702 321799 264510 314612 270206 321436 267434 317625 270806 321205 267082 317735 269170 319684 267888 318447 269739 320404 270377 321205 267248 317982 265574 316062 264669 315046 269555 320548 269283 320264 271364 323204 268062 318011 259540 308563 272766 323850 264958 314455 268275 319083 261837 311369 265017 315481 266876 316865 267754 319015 265293 315612 266449 316924 271099 322279 267783 317577 265682 315794 266393 316507 269581 320303 268137 318309 263895 313797 266433 317022 265835 316616 260240 309517 266671 317461 267567 317416 268551 319355 271010 322321 263134 312572 271381 321592 269674 320288 263944 313190 265313 315122 268741 318427 270041 321294 266102 317370 262110 311928 266715 316935 270602 320913 1577
269286 320575 272058 323520 255327 303169 271090 321429 269554 320799 267066 316784 266746 317982 265151 315198 266762 317051 203829 242352 267766 317768 267161 317296 268097 318687 268244 319182 270890 321135 267602 318203 259499 309208 268238 318199 267205 317741 267298 318289 268707 319108 270306 321455 265234 315680 270547 320776 265852 316680 265574 315553 268289 319211 268611 319989 270527 321095 261876 311134 265773 316139 268434 319003 272159 323111 267835 318766 268043 319158 266478 317119 262852 311972 267790 318069 268999 319300 269336 319784 266384 316610 270632 321708 269289 319972 257198 305890 270327 320437 265301 315054 267969 318628 271216 322099 265532 316242 270555 320615 270262 321426 269019 319328 268230 318668 270906 322224 264510 314395 269936 320446 265127 315348 269738 320946 267964 318465 268028 318787 257488 306460 263750 313300 270610 321764 271069 321671 265200 314877 266387 316507 270013 320659 265720 316102 268353 318910 265132 315216 268114 318826 268279 318746 268403 318369 270420 320906 268602 319166 265390 315243 271001 322898 269874 320934 265046 315303 265464 315951 267160 318478 189953 225741 265357 315539 269029 320284 268501 319034 262998 312482 270277 321407 268383 319730 265331 315585 264898 314925 262233 311972 263462 312906 267923 318765 273130 323739 272263 323192 269391 320802 268304 318750 269771 320005 270424 321141 268002 319073 1562
271638 322613 268308 319111 272494 322988 268072 318978 267495 317744 271975 323609 270512 321206 272344 322494 262215 311678 273380 324459 274001 325556 272673 323606 268451 318916 267968 318380 270155 321308 272896 323618 269008 318858 266562 316982 267417 318333 266937 317429 271684 322868 271147 322600 270797 321947 271507 321704 267424 318594 272727 323971 266410 316692 266598 316862 273148 324447 205095 243898 270976 321935 268793 319733 271467 322206 272269 323582 270392 321788 267510 318521 272284 322523 268549 319412 271600 323040 270360 321106 269029 320437 273410 324598 273741 325148 269812 320821 271873 323382 267830 318932 268134 318384 271380 322529 268855 319861 269278 320610 267990 318091 269396 320278 269561 320741 267503 317950 274516 326091 266438 317435 271419 321986 271699 322482 267712 318510 271955 323510 267252 318282 269588 320926 272455 323019 268931 319920 271239 321887 271373 322710 270730 321317 270356 320902 269063 320789 268259 318919 270442 320712 268653 319411 270102 322206 267654 318549 256376 304931 260219 309299 269341 320489 271231 322766 265136 315341 265809 315840 271397 322538 272061 322736 267803 318535 265722 315869 270500 321378 268922 320143 271520 322542 272874 324999 273315 324824 267721 318690 266831 317755 270887 321395 271882 322940 266526 316794 268774 319446 267080 317883 256784 305593 269984 320757 258653 307878 264919 315193 1575
270113 321563 268205 319493 270942 322610 270306 320480 264867 315198 267309 318118 268859 320006 271727 321872 269710 321308 270032 321297 271732 322447 272423 323506 272307 322988 273261 323664 267343 318264 272676 324292 273154 323939 269761 319872 269742 320943 270481 321683 268420 319274 269485 320613 271113 322101 267272 318382 273033 324471 263271 313189 267242 318064 266601 317182 271728 323167 267759 318129 269441 320190 268744 320015 205747 244477 269081 320196 271543 322269 269363 320915 271006 321961 270922 322484 272695 323555 269199 320373 264159 313865 269936 320763 269215 319367 272131 323016 270805 321648 270950 321812 272033 323427 271240 322343 274476 325581 267351 318016 252489 300103 267670 318918 269619 320240 273452 324537 271498 322582 274657 326510 270127 321414 266994 317080 269933 320915 268985 319697 266582 317586 270669 321916 265041 315237 268775 319150 270788 321782 268300 319037 266592 317546 268362 319145 271176 322214 266776 316856 268017 318509 271384 322125 253416 301553 264687 314765 268861 320198 269280 320046 269324 320501 271833 322353 267024 317198 272108 323315 272146 323043 271579 321911 268921 319893 270375 320994 271625 323004 266953 317295 264170 313954 271540 322313 271605 322437 271991 322779 269639 320567 272883 324141 267112 318191 270199 321332 265353 315558 266564 316858 274044 325518 267292 317583 274296 325109 272899 324010 1566
206658 245834 269529 320020 274040 325989 271518 322124 272621 324555 266831 316819 270497 321800 268078 319142 268628 319192 268662 319388 269142 319610 260023 309449 270212 321910 269337 319630 268411 319424 266907 317405 271904 322324 270145 321203 271466 322801 275109 326917 267363 317868 267953 318677 272234 323790 268086 319172 266877 317335 275089 326060 272902 323765 274187 325712 273692 325004 266047 316312 265730 315579 271200 322058 268792 320327 273485 325312 274463 325527 253318 300833 272464 324378 272246 323751 257587 305876 271833 323721 270143 321316 268037 318681 270470 321209 269818 321039 271255 321914 271322 322311 271030 322466 262627 311694 274643 325189 270053 321090 267821 318490 270370 321569 272471 322849 273065 323691 275730 327416 268792 319638 270737 321732 269873 321058 263998 314336 268708 318894 273537 324673 268067 318437 270073 321346 272959 324499 269579 320213 266975 317181 272795 324054 271147 322322 267917 318799 271677 323257 270835 321977 273228 324174 275768 326919 274737 326555 268998 319548 267289 317852 273666 325294 270218 321520 271834 323606 272840 324218 267816 318576 271435 322254 271310 322894 272562 324440 273908 325326 272097 323405 273338 324994 205084 243989 271422 323066 274401 325776 267605 317697 274098 325026 273564 325156 273530 325180 267573 317817 270037 320163 269637 320521 274064 325010 268968 319913 273898 324721 1608
271355 322071 273138 324624 271683 323420 274424 325632 268925 319875 270114 321496 275506 326360 273078 324306 272731 324649 274456 325786 269193 320500 272020 323489 268773 319666 269110 320370 272271 323685 272694 323598 276810 328271 272866 325000 270173 321448 271999 322517 273181 324975 275122 326076 271311 323295 273470 325501 271102 322248 275056 326109 274312 326049 206737 245590 269073 320116 275549 327515 273052 323627 274890 326764 269821 321019 270788 321626 271002 321907 273892 325061 272290 323500 271256 322815 269250 319835 273765 325883 274038 324857 272348 323995 272397 323585 270996 321286 273637 324975 272841 324556 265872 315947 273698 324352 273276 324993 271477 322711 273207 324347 271949 322855 269994 321429 275594 327350 268589 319210 255625 304345 271591 323257 271284 322195 277049 329152 271195 322899 274824 327556 269926 320928 272603 323608 269531 320365 272049 323258 270328 321076 273446 324366 270696 321428 274231 325375 266391 317223 274239 325107 271608 323368 273938 325936 270739 321843 270814 321256 268906 320113 272001 323332 271101 321712 272649 324428 267354 317747 271725 322948 275726 327912 274549 325771 270027 321068 271354 322767 271507 323134 270270 321555 273198 325251 273461 325328 268302 319291 272945 324143 270214 321690 274287 326235 273938 325357 274856 326117 275882 327791 273021 324103 267820 318241 272086 322932 276977 328712 1583
274324 326163 273515 324347 275235 327187 275456 327347 274365 325249 273738 325119 270087 320417 273769 325614 268440 319298 274647 326072 274648 326105 273908 325920 269188 319746 277632 329225 275590 327036 274830 326155 262001 310791 270981 322653 270506 321648 270902 322262 269293 320069 270811 322240 274450 326241 272710 324233 272301 323669 270312 321067 273473 325274 264639 314650 274235 325478 277095 329476 274650 325305 276273 327572 274457 325933 273214 324454 273918 326030 270075 321484 275187 327012 275154 326585 273419 324711 275054 326728 275704 327701 270084 321032 272537 324162 271450 322567 275718 327103 262680 312578 271099 322735 270743 322299 271184 323038 273373 325101 275303 326158 273153 325023 274049 325363 276837 328356 272093 323780 273008 324251 264809 314338 269913 320965 272965 323833 274124 325254 271405 322341 273668 325429 274759 326526 273895 325073 275973 327160 274134 325123 271547 323222 267594 318035 272508 323972 269252 320174 272238 323691 275906 327647 273384 325243 274694 326550 271855 323130 276698 328258 272767 324113 274147 325781 272538 324319 269841 321119 276381 328849 274081 325896 272074 323282 258403 307169 271517 322637 267604 318540 271212 322184 275720 327663 273809 325121 271919 323177 274527 326617 275266 326993 273394 324618 272370 324177 267735 318110 273088 324615 271739 323316 272871 324347 276575 329238 273490 324801 1633
275728 327068 275603 326950 272950 325345 277758 329553 272038 323809 269924 321017 273709 325866 276203 328498 271065 322174 278191 330259 274742 326254 273811 325703 269556 320920 277922 330696 273227 324987 272414 323383 271468 322868 275374 327469 275888 326736 276899 328678 274170 325851 267970 317814 271911 322988 260313 309594 271324 322153 276978 329026 275609 328124 271478 322363 277291 329253 271979 323271 277339 329613 267711 318762 272554 323660 272685 324280 271076 322367 274751 327330 273927 326328 273637 326057 274780 325759 276877 329047 270763 321924 272776 324318 272380 323858 275127 326351 271042 322383 272271 323353 273949 325936 274180 326080 274761 327132 271976 323430 273535 324584 274598 326167 272971 325191 276908 328782 276314 327889 274353 326101 271918 323383 274667 326763 275828 326909 272608 324429 271730 322738 272602 324357 277162 328697 272804 323991 274129 325764 273521 324688 270538 321954 276800 328721 276561 328380 273255 325202 276502 328223 275130 327528 269043 319484 270120 321527 276088 328348 269973 321033 274611 326764 276865 328412 270646 321599 275349 327123 276517 328275 277400 329444 273875 325553 261860 311020 277550 329298 274091 326042 273924 325724 277292 329024 270460 321631 275025 327250 274372 326182 279000 331397 270832 322059 272205 324055 269261 320170 275794 327611 266757 316369 271814 323191 269794 321058 276950 328808 1691
273857 325742 274122 325885 272682 323853 273766 325989 279279 331459 272388 323957 274217 325558 273811 325051 279614 332223 274429 326280 276136 328579 278299 330082 278735 330826 276235 327596 280302 332535 271593 322739 269995 320676 272828 323955 276185 327949 273348 325340 274866 326931 276820 329446 277626 329448 276125 328535 260305 309000 273562 325094 273749 325022 277070 329070 278186 330287 273075 325038 275768 328319 277174 329549 275983 327831 274328 326885 273999 325422 276165 328272 275145 327349 274505 326005 275754 328001 276102 328014 275900 327288 275524 327655 274552 326550 277430 329048 274665 326317 274294 326724 274986 326743 277469 329470 275909 328422 270235 320917 274162 325413 272971 324609 275762 327736 273639 325462 273844 325810 273808 325029 275020 327425 276448 328480 274691 327218 276239 327925 277016 329089 279210 331333 273930 325619 273863 325404 276073 328006 275464 328019 269871 321136 274148 325721 273137 325383 274373 326394 277003 329372 271833 322858 274723 326328 273937 325958 275495 327763 271247 322670 272999 324566 274713 326456 273107 324860 275191 327239 276151 327975 274073 325840 270965 321871 276575 328399 272296 323501 272610 323362 274235 326220 279759 332067 277611 330290 267193 317981 276020 328017 279019 331044 277870 330105 269304 320317 273695 325895 275177 327537 279327 331846 271582 322860 279062 331096 273326 325101 1717
276096 327850 277022 329633 276499 328711 272301 323015 270562 321724 260878 310327 274885 326371 274227 326434 277254 329512 275464 327100 277532 330041 271155 321985 278868 331836 275701 327420 275716 328186 276073 328001 274429 326570 276465 328630 272971 324344 274512 326691 273309 324983 276582 328459 277334 329540 276262 328420 271169 321844 273169 324624 275963 327169 274268 326284 276871 329087 275851 328103 274375 326123 278630 330634 277304 329270 278076 330072 273688 325120 264266 313258 278243 330514 277521 329660 276300 328455 274957 326710 271101 322279 277194 329635 274320 326146 272957 324442 277516 329398 271456 322784 273059 324137 276264 328227 277746 330260 277474 329878 276052 328471 274595 326044 274506 326625 266702 316910 277517 330253 276709 329226 276482 329366 273499 325579 276190 328921 273055 325009 277512 329592 278700 331521 272696 323556 276584 328964 272998 324736 278254 330716 273375 325051 276474 328456 272948 324776 272181 322753 274331 325797 275082 327267 276167 328943 276130 328165 273640 326091 273892 325717 275791 327861 276727 329213 276804 329211 276042 328317 276824 328839 278544 331041 277211 328577 272805 324616 275058 327273 275963 328166 274835 327113 269318 319718 277723 329888 279304 331555 274793 326426 277992 330325 273929 326131 263113 312846 273331 325276 279750 332514 273071 325342 266406 317019 273311 324662 276558 328188 1578
272507 324560 278714 331486 276213 328392 274904 327588 274660 326779 273159 324764 276225 328391 282048 334737 266051 315434 278715 331059 275946 328231 273730 325086 274475 326006 276368 328101 277620 330335 279544 331932 277066 329585 275277 327289 276083 327885 279449 332391 277715 329870 274884 326803 273650 325142 278740 331196 281077 333535 277675 329430 274787 326392 274237 326195 278358 331089 278245 330471 278786 331928 276346 328456 269125 319671 275568 327684 274817 326805 279410 331739 278746 331510 278589 331511 274828 326582 274092 326002 275724 328132 263948 313468 270927 322467 270712 321137 275548 328034 279356 331767 264569 314544 274793 326600 278351 329845 276717 329427 275692 328336 274209 325921 277282 329614 274738 326454 274483 326821 277971 330519 275777 328304 271710 323331 272262 324121 274761 326185 273917 325697 272120 323237 276131 328564 274930 327155 278647 331364 277344 329380 276569 328455 279101 331623 275887 328601 275212 327244 277780 330060 280269 332635 278252 330729 278094 329776 279444 331906 281137 333421 280420 332993 279157 331502 273941 324873 280016 332602 280574 333414 269951 320918 274497 326657 279883 332745 275089 327082 278902 330971 277497 329636 276025 327884 275642 327496 275386 327713 277957 329620 278908 332068 274963 327158 275534 328134 276424 328573 277146 329875 278843 331704 277175 329447 273403 324802 279457 331783 1666
279528 331737 278756 330835 281587 333796 280395 333980 280071 332619 279180 330897 277408 329676 279433 332564 278225 330263 280071 332613 280050 332814 275968 328043 279990 332717 274559 326422 275455 327790 274743 326792 277118 330062 275418 327825 274208 326228 275909 327932 278994 331886 264641 315117 278550 329920 278325 330764 279849 332118 272816 324106 277095 329257 280787 333958 275703 327821 273923 325615 277850 330256 274413 325657 277042 328708 276234 328216 280326 333225 279750 332471 277888 330672 276900 329360 277562 329834 280015 333013 277331 330140 276969 329581 281783 334018 273284 324822 277981 330742 272237 323914 277461 330243 281761 334436 279104 331780 262628 312438 278649 330591 277677 329507 277319 330502 273153 325049 278171 331190 276609 329013 274556 326505 278530 330810 272880 324389 275731 327995 277744 330305 271526 323239 277693 330507 278024 329971 280053 332581 278705 330996 277547 329904 281561 334242 274470 326156 280969 334013 276899 329055 274970 326854 276052 328030 278539 331002 279776 331547 273958 325665 278024 331054 283233 336871 277141 329770 279383 332683 278998 330785 276965 329410 278036 330535 274351 326794 274276 326149 275251 327109 275249 327732 278935 331392 277228 329755 276226 327551 276576 328599 282658 335464 270658 322128 280564 333390 278803 331140 277189 329333 279812 332422 277023 329708 269811 321004 276944 329084 1606
273640 325303 281601 333468 279861 332409 275737 327293 275930 327785 276194 328657 276928 328520 277599 330050 279294 331737 276142 328236 281859 334620 275501 327784 283496 336905 281450 334220 279734 331780 278791 331012 282044 334478 276408 328381 280817 332911 283108 335964 280087 332521 279189 331344 280342 333109 267947 317782 212253 252259 276719 329329 279373 332220 282277 334630 278679 330986 274811 326982 275709 327709 275140 327390 280684 333569 281417 334293 281692 334317 268274 318994 278590 330739 274112 326632 279534 332633 276643 328796 277894 330408 276408 328658 282609 335631 280899 333061 276773 328724 280504 332701 275689 327386 280850 333784 281152 334482 283081 335781 273628 325794 274605 326243 276287 328394 276083 327979 278789 331915 276026 328782 276162 328519 277490 330604 275075 327035 212955 253580 276534 328699 279684 332785 280467 333580 278446 330057 277889 330599 278144 331087 278243 331116 277613 330173 279940 332460 279696 332664 283832 337208 269508 320640 281706 334787 280943 334105 280391 333333 276616 329018 280709 333909 278924 331619 277939 330083 279037 331966 277685 330045 278937 331667 277815 329799 277602 330923 278645 331247 277912 330526 270620 322122 277805 329792 275288 327855 274786 326680 277119 329368 277317 329986 280458 332912 279379 332443 277469 329936 276814 328658 279769 332714 279272 331949 282234 334849 280673 333817 1648
277099 328740 278295 330656 274060 326003 277397 329373 277084 328760 269639 320398 277607 329574 276733 328433 282618 335416 275675 327064 276994 329365 274043 326111 279557 331476 272716 324154 283047 336067 281046 334284 281628 333920 282013 334576 280213 333762 274779 326631 280832 333617 277194 329727 282871 336187 280456 333057 276597 328762 282726 334838 277145 330021 279338 331948 279438 332204 277511 329460 281039 334725 281352 334153 283835 336431 277303 329840 213166 253450 281808 334295 281051 333312 282200 335041 281098 333730 281912 335087 279785 332695 280833 333948 277413 330064 279860 331905 283203 336164 281624 335021 276805 329297 278816 331656 274379 325304 283383 337114 278923 331710 276061 328866 277622 330500 275697 327448 284154 337229 278043 330132 277367 329982 279470 332587 280538 333153 281738 334031 275262 327303 279423 332552 274466 327262 277233 329491 278934 331533 278350 330457 275491 327222 277094 329429 276824 329185 281155 334254 277131 329208 281509 334170 280716 333400 274245 325535 284543 337879 280252 332582 279753 331935 281326 334204 279031 331737 280218 332932 276881 329105 276655 329311 279787 332583 278432 330460 272199 323297 212261 252347 276317 328640 282040 335654 281880 334220 281339 333561 265194 315439 278186 331149 284049 337194 278851 331362 280474 333376 274380 326346 280849 332726 276892 329673 277491 329783 279746 332786 1607
284131 337099 279799 332723 279981 332357 278855 331784 282302 335310 282906 335961 273271 324875 280396 333417 280037 332857 281632 333835 275572 327392 279971 332376 284373 337789 284727 338836 281391 334690 279977 332095 278838 331891 281612 334474 276933 329109 279486 332782 279792 333216 279170 331913 264515 314987 280733 334048 279945 333149 280626 333181 279658 332858 279894 332479 281354 333886 279833 332538 278541 331253 283300 337197 279118 331863 278232 330620 278076 331157 275485 327923 276441 328701 282531 335152 278843 332192 277573 329584 279000 331831 280416 332703 278984 331449 281068 333601 264579 314453 276217 328620 276362 328229 278492 331281 285108 338401 276707 328863 279534 332351 283238 336943 282462 335146 284503 337889 282141 335448 283262 336492 280938 333923 282224 335384 278771 331326 280800 332907 279212 332244 276818 328919 277361 329681 278518 330911 285424 338338 281950 334245 274757 326928 281502 334079 277678 330951 277357 330048 280929 333918 278499 331347 280135 333131 281980 335087 285841 339961 280675 334073 279105 331889 268589 319736 280231 333674 280890 333536 283729 337599 274191 325621 266906 317259 281260 334974 281205 334204 275906 328369 282227 335835 276490 329520 277462 329342 279334 332423 276322 328299 279173 332240 276902 329347 277355 330257 274370 326151 275587 326887 281267 334458 284312 337213 276304 327623 273223 324844 1637
280233 333626 282913 336545 281449 334961 213674 254019 283404 336412 280638 333288 281661 335298 280108 332702 282972 335688 282139 335887 275422 327763 279787 332811 280100 332749 277241 329738 283862 337266 281378 334844 280678 333369 281256 334138 281968 334636 279986 333058 283364 336683 281684 335150 283180 337128 280266 333323 279616 332005 283256 336517 278401 331613 281271 334063 276974 329037 284796 338333 279475 332563 278730 331476 278666 330334 276689 328835 283005 336265 283303 336086 279047 331410 274542 326309 282604 335964 283398 336469 284256 337190 282393 335146 282018 335789 281164 334670 280229 332820 278700 331154 282529 335659 283032 335408 278543 331142 281693 335043 284178 336925 281455 334428 282468 335771 282161 335401 281308 333951 279724 332994 281701 334723 281228 334111 276851 329631 280328 333343 278576 331349 213229 253329 283198 336842 279740 332607 281923 334823 282319 335463 271545 322830 278039 331104 286372 340427 280082 333835 280226 333295 282278 335189 281864 334945 268667 318889 283555 336528 282987 336412 276980 329668 278636 331579 278812 331642 280015 333193 278862 331413 277162 329451 281298 334694 284638 337595 284138 336631 281779 334929 283473 337143 281632 335273 285170 339416 281534 334615 283235 336465 282681 334743 283717 336413 279445 331809 283530 336120 282478 335308 279074 331670 282579 336049 279998 332063 282770 335966 1670
283132 335469 282272 335830 281789 335411 276971 329148 280790 333851 284310 337440 284675 338567 280152 333367 283707 336433 280905 333175 277606 329727 276893 329096 279286 331785 282918 336788 283054 336809 280325 332485 280264 333598 260005 308856 279278 332253 282328 335796 279193 331857 284938 338384 278897 332338 283730 336511 283229 336400 282170 335544 283204 336295 284831 338174 283640 336967 279997 332947 280186 333320 283069 336495 277317 330119 278705 331683 280275 333047 286303 339892 281885 333683 279620 332889 280555 333266 283287 336258 280131 333190 279252 331888 282418 336069 284715 338719 281478 334011 280748 333689 280573 333792 281242 334367 286637 340148 286114 339710 282293 335054 283315 336501 281878 334599 281540 334598 277003 329670 280277 332606 282802 336598 282974 336488 279218 331973 282326 335964 283065 336409 282722 336150 281472 334634 284490 337869 277980 330579 280888 335000 278425 331048 283547 337383 279978 331991 284671 338394 274549 325967 275786 327709 279929 332935 282008 335009 281386 334827 283110 336601 283014 336397 280112 332720 276315 328773 282916 335282 282842 336592 282171 334928 279321 332048 282006 335516 284340 337837 281894 335194 281288 333974 284071 337892 286208 339844 270454 320870 278453 331413 283739 337340 275960 328384 284927 338729 284451 338011 284788 337949 279885 332192 280984 334075 266092 316274 279283 332476 1634
285361 339215 283248 337331 283132 336366 273049 324447 286120 340598 283746 337225 282066 335254 282047 334966 281435 334957 282857 336775 285759 339134 285789 339809 282282 335845 280865 333888 284716 336987 281790 334470 284463 337215 277799 330439 281376 334227 279500 332451 280735 333530 281792 335195 280207 333320 282385 336197 283666 337267 281329 335221 282783 336388 282046 335791 282850 336457 278942 331976 287607 341267 281032 334435 276714 328971 283175 336441 284496 337349 286894 341033 284309 337794 285341 338461 282552 335906 279450 332426 275006 326888 282775 336070 278286 331727 282315 335750 279525 332481 281493 334898 282191 335669 284621 338468 281093 333117 284981 338496 282573 335520 287208 340811 284917 339295 279724 332862 265465 315779 285850 339326 277611 329431 278537 331373 279230 331859 278276 330720 285163 338088 284555 338072 284021 338081 278008 330191 286128 340270 285096 338403 278639 331095 284952 338441 280654 334077 284954 339660 283460 336984 287774 341646 283095 336311 280857 333431 275115 326994 281621 335140 280277 333651 280947 334217 287608 341598 282409 336281 287034 340521 282636 336211 281559 334109 284258 337687 282847 334746 282887 335878 282363 335167 280349 333847 277826 329895 282654 336075 281500 335308 277061 329507 284762 339106 285701 339849 283735 336901 283534 337093 284585 337952 280655 333905 284056 337728 284399 338129 1667
281513 335207 281508 334935 280161 333307 284178 337976 278707 331444 287260 341419 277763 330422 284715 339293 284210 338299 285880 338553 282857 336586 285042 338220 283652 337021 286576 340319 283369 336866 284990 338847 281810 335587 282379 335878 268133 319019 280403 333192 280240 333335 287722 341394 279964 333041 285487 339562 287540 341676 286121 340457 282880 336037 288824 342041 281143 334037 283463 337139 282027 335584 282392 335324 277987 330122 285180 339076 284840 338418 281777 335320 284430 338008 285386 338746 286105 340091 285203 339030 280929 333975 282027 335463 286647 340728 282268 335762 277225 329464 282660 335669 283575 337432 288878 343059 282638 335736 281239 333848 287239 341293 280428 333547 286220 339785 288099 342202 288839 342860 285073 339138 281653 334408 287672 341738 283115 337616 280671 333524 283434 337363 286396 340068 280501 333859 284193 337125 286553 340094 282160 335816 281368 334801 282012 334606 216753 257716 286119 340025 282680 335961 287726 341349 282994 335722 286498 340610 284606 338804 283789 337397 283051 336839 284665 338595 283430 338124 282810 336129 287149 340205 287147 340911 286270 340603 287340 340440 282969 336237 287095 340839 283751 337211 283760 337384 281381 334165 282359 335948 286225 339761 283534 336820 280551 333785 284350 338123 284121 337623 286740 340721 282136 335826 283475 337541 283077 336242 283435 337201 1738
285595 339710 287846 341212 283393 337460 280925 333904 282560 335803 287661 342129 285688 339764 281355 334484 281453 334123 286288 340443 284494 338012 283123 336732 283817 336868 281395 334433 283496 336559 286145 339817 283778 337506 281471 335053 283096 336853 284185 337885 284000 337877 282825 336093 284240 337928 279650 332625 288438 342681 275560 327366 285519 339225 286057 340505 283669 336930 285602 339484 285830 339757 287692 341298 287428 341532 282707 336249 283037 337006 281928 335247 286567 340241 283787 337235 285831 339832 288243 342153 283635 337447 282637 336751 284510 338115 283888 337643 286811 340274 287149 341343 282752 336121 276370 328360 285032 339243 216511 257395 284069 337256 285453 339394 285919 340723 269650 320968 288041 342101 281499 335102 288175 341687 284102 337744 287172 340287 282593 336261 286759 339980 289064 342925 268280 319320 289112 343749 278490 331470 282798 336759 269549 320338 289718 343760 288605 342483 282664 336002 287810 342512 281639 334805 285322 338981 289364 343677 286346 340213 288958 343735 287192 341645 286721 340698 281693 335290 286583 339953 280391 333541 283017 336562 288703 342651 282512 336713 283937 336932 285822 339827 283437 336412 283331 336190 284575 338518 287335 341060 283077 336493 272266 322532 282579 336356 286394 339727 285486 339247 281484 335164 280905 333426 275246 327169 285224 339605 284213 338201 1696
287099 340890 283288 337021 287725 341443 286424 339952 286561 340630 286958 340409 289409 343741 289055 343317 288394 341781 282657 336298 284133 337937 285786 340184 287152 340703 286553 340363 285463 339215 290258 344733 285973 339858 278921 332028 286376 340477 288193 343244 288359 342925 285473 338452 285040 338807 216835 257771 289655 344494 286306 340541 281982 335639 282967 336397 287588 341920 284142 337883 280696 332779 287438 341933 285857 339849 285602 339848 285932 339173 288586 343099 283252 336007 285298 339003 285580 339761 285684 339637 285290 339280 282589 336001 285935 339753 283050 336013 287592 341726 288799 342697 287514 341994 286684 341170 285278 338246 286514 340873 287555 341256 283478 337036 284157 337623 286062 340213 284592 338537 287983 342282 284422 338157 282254 335478 284688 338251 285227 339527 283045 335969 287303 341593 282994 336783 286932 340642 284028 338014 284801 339045 217824 259123 285052 338851 282380 335758 283064 336753 285421 339250 286493 339517 286799 340613 283471 336465 283393 336455 287917 341389 285616 339450 283005 335943 286629 340626 288028 341888 286520 341135 283532 336782 285250 339188 289903 343415 282981 336452 288824 343076 289621 343486 283438 337362 285679 339653 280853 334163 289876 344193 289743 343808 280584 333230 287080 341572 285999 340048 283027 336530 286308 340293 283658 337666 285019 338863 287515 341924 1599
279136 331436 289524 343008 287996 342763 287004 341718 283576 337334 280213 332924 283274 336947 288381 343252 288861 343200 288141 342505 285878 339955 282136 335898 286578 341155 286246 340253 283339 336985 291819 347356 289339 343869 288117 342841 286593 341053 286170 339826 286204 340392 288081 342546 286591 339594 287895 342477 287323 340860 285132 339566 285580 339164 288988 343073 286278 340657 276979 329431 282380 335541 289011 343053 291610 346274 280558 333411 285871 339522 287898 342405 272772 325037 289874 344976 276891 329201 290209 344313 287990 341951 288162 342531 283252 337229 290551 345844 286963 340946 286998 340526 285212 339203 284147 337498 285679 339903 284662 338232 282801 335982 288054 342279 288971 342786 289066 343365 287416 341791 285468 339008 285548 339382 283570 337338 284854 338811 289867 344104 284306 337718 290485 344401 285739 339910 288550 343019 284831 337876 282070 335324 284250 337747 287205 341786 277245 329918 286456 341086 286631 340053 284168 338126 284725 339133 285489 338797 287863 341200 285285 339156 284602 338466 288393 342603 285876 339677 273385 325115 285457 339428 288090 342005 286500 341164 288029 342139 284561 337988 286045 339503 288268 342623 285840 340529 287703 342476 288769 342595 291321 345664 285065 338745 286583 339641 283911 338250 286166 340390 285875 339954 284999 339558 284515 338386 289041 343312 286829 341410 1663
285261 339082 286335 341070 287944 340857 273276 325053 290527 345695 291068 346151 286915 340509 286316 340145 286335 339490 289577 343933 284041 337958 284801 339035 287699 342283 285557 339640 290248 345006 290606 345529 283515 337442 289479 344166 281838 334940 291691 346740 289038 343548 288487 342380 289925 344189 284730 338880 291988 346196 284160 337605 282615 335944 290583 345104 290870 344559 282793 335714 289416 344249 284407 338015 288602 343130 286193 340515 290690 344263 289757 344485 283120 336986 279290 331026 288369 342938 285628 339768 291226 346270 285998 340591 287616 341806 290626 344488 290428 344722 287695 342322 289215 343375 285060 338917 288344 341734 284688 338140 290063 345148 286754 341695 285499 339762 289569 344050 288060 342193 291869 346509 287484 341751 290966 344915 289306 343492 289598 344292 284277 337872 288835 343528 289929 344218 268071 318765 289145 344197 289418 344224 288897 343831 287996 341439 290160 345112 290088 344811 288834 343272 281897 335241 284955 339183 286208 340047 286817 340909 286244 340721 287281 341354 285948 340492 285520 339204 285363 339257 284922 338816 283473 336713 284363 338137 285780 339986 286777 341744 286317 340207 289584 344337 285071 338476 268726 319845 288016 342786 287326 341679 289102 343457 288472 342306 287821 341313 286389 340843 286211 340475 287453 341950 284919 338155 289714 344358 288527 342770 1863
286426 340790 287325 341371 290803 345031 291703 346148 291545 345938 218634 259924 288583 343041 284971 338907 279881 332584 289441 344213 287864 342142 286884 341490 286284 340699 288514 342898 286448 341214 291762 346271 284626 337777 285995 339992 288479 342354 288561 342741 286074 340236 288060 341634 287530 341346 292313 347086 291138 344647 272418 324178 290708 345094 288044 342379 288899 343453 289962 344347 287672 342044 286736 340265 290159 345153 286666 340774 289664 344664 287669 342220 284702 339094 284829 338660 288329 342967 290519 345054 287428 341655 286308 340461 291603 345868 293223 347282 287806 342184 288223 342873 286674 340560 285716 339900 288643 341920 289698 344125 292281 347080 286965 341379 293826 348947 283381 337242 287569 341194 283156 336923 286570 340969 291941 346667 287674 342202 289036 343615 286380 340510 289845 344582 291270 346837 288220 341298 288837 343224 291421 345826 287008 341754 290177 344399 286450 340456 290197 345156 276063 328226 275270 327825 289579 342929 293544 348615 291928 346322 276707 328805 293709 348731 286732 340817 286878 340473 286585 340851 288662 342730 292042 347454 290521 344573 287289 341713 285873 339814 288766 343051 292697 347580 288129 342676 287087 341237 286681 341379 291575 345657 288965 343530 291497 345953 287492 341669 293066 347787 289493 343803 286470 340073 284493 338552 288636 343282 291532 347029 1803
290720 345094 289335 343624 291157 345584 290968 345660 295128 350146 286636 340774 286274 340452 287161 341848 290053 344150 282911 336507 287992 342490 289870 344484 284351 338420 288112 342872 290003 345357 289908 344307 287757 341760 288137 342873 290249 344236 286306 340312 289127 344005 292740 347979 293600 348423 289987 344898 291645 345836 288748 343031 286863 341126 286597 340809 289686 344388 289709 343503 290786 346126 286910 341255 292691 347542 293001 348323 288371 342467 287526 341601 286342 340323 292804 347988 282735 335543 288029 342439 287815 342264 289781 344587 286564 341129 291285 345329 290303 344576 291688 346898 286957 341352 287390 341857 291330 345837 284606 338541 285986 340019 286011 340031 292199 347354 289797 344347 219396 260953 288737 343347 291258 346236 289279 344593 286477 340752 292218 347077 292966 347491 288901 343292 287718 342265 293152 347912 286713 341373 294382 350596 289278 343620 291358 345869 289623 344277 290862 344573 291967 347385 289887 344254 291921 347072 286358 340890 290787 345707 290570 345166 289016 343113 290224 345195 292527 347263 289013 343569 288070 342905 281273 334512 290328 344510 290126 343818 290666 345446 287310 341887 277096 329338 287486 341532 286671 340918 289179 344039 286616 339688 291407 345687 286331 340833 288894 342908 287549 342277 288221 342494 289111 343320 286192 339815 289255 343747 291426 345925 1782
288675 342899 291651 347016 289956 345000 292615 347021 291724 347601 293875 348852 293737 349605 291861 346708 290928 346831 290883 345907 289807 343884 291967 346171 290023 343769 286865 341016 293349 348063 288944 343649 219537 260996 291713 347024 286097 340342 290584 344949 289783 343702 290198 344529 288343 342505 288195 342722 288125 342706 287404 342180 291561 345665 292023 347647 289624 344710 289649 344009 291378 345102 287136 341759 294841 350207 292964 347933 289401 344006 286751 340782 293548 348402 293515 349185 291020 345835 289745 343729 293500 348336 290209 345519 292505 347590 289240 343716 290520 345736 287397 341872 288541 343459 290827 345643 291718 346734 288451 343000 287043 340695 288845 344116 293880 349238 291498 346571 287549 342409 286654 340974 287179 341146 291918 347047 293830 348781 287952 342157 289252 343994 289399 343999 292581 347201 285523 339093 289877 344194 287422 341687 289511 344476 294506 349441 292282 348191 289944 344589 288757 343337 288180 342674 282937 336952 291106 346101 290342 345057 290438 345149 288038 342544 292553 347705 294009 348363 286992 340456 290173 345540 280202 332824 289345 343292 294073 349402 288399 343889 285471 339189 288352 343015 293303 348318 290008 344476 293537 348133 293855 349835 286784 341401 290226 344642 292472 346935 289895 344725 290927 346057 287221 342114 291801 346514 290319 345375 287899 341889 1715
294283 349092 288738 343247 290569 346364 295198 350841 288106 342661 295412 350543 289024 344468 280022 332226 285396 338619 289590 344416 288932 343667 293294 348743 288766 343202 288021 343144 293441 347326 291612 347287 290765 345860 289978 344865 278672 331141 293239 348587 291327 346336 289006 344159 288711 343367 291332 346823 290200 344957 289312 344045 290967 345869 290076 344700 292673 346731 292206 346318 290341 345825 293198 348444 291887 346178 292131 346959 289969 344849 287997 342603 292009 346788 295625 350948 288000 341966 294189 348636 289941 345306 293498 348606 288507 342633 293299 348770 288931 343132 292525 347654 286649 341076 288973 344065 290679 345481 293670 348919 289181 343697 293465 348474 292873 347578 289679 344953 290698 345662 290471 345238 286527 341452 288726 343254 290966 346654 292601 347758 289155 344006 288933 344063 289443 343878 291375 346885 284147 337810 294847 349549 294181 348768 288078 342937 289942 344940 294298 349331 293084 348240 294285 349837 288432 342259 293985 350048 290429 345314 289209 344022 292242 346814 292281 347708 289178 343263 291659 346551 292735 348175 285552 338507 289577 344408 291047 346627 279673 331678 288507 343169 290931 345127 291643 346675 275897 327139 289263 343563 291188 346014 294454 349885 286279 341000 291624 346604 288007 342578 290396 345140 289609 344501 293918 349576 290931 345811 291409 346214 1696
295373 351180 289673 344148 291955 347463 291632 347237 294487 349685 291895 346984 288755 343588 292291 347884 293106 348727 296933 352302 291316 346341 292115 347455 291617 346816 294854 350558 296347 352487 296174 352072 292598 348160 293009 348421 294619 349625 297297 353309 213522 253876 290885 346116 295827 351538 293112 347705 294881 350101 296047 352128 296323 351842 221737 263406 291093 346636 294165 349061 291745 346387 290743 344843 295947 351613 293370 348332 292233 347337 289203 344112 291550 346541 292429 348292 290035 345075 275439 327181 291071 346151 289444 343997 294464 349744 284380 338173 295149 350308 291625 346400 296156 351739 292928 348454 295621 351523 291210 346599 291200 346564 287907 342798 289605 344052 289717 344468 291586 347002 283431 337118 289631 344318 293631 348245 292029 346727 289991 345122 295160 350605 294198 349264 290084 345363 278400 331019 290507 345319 288343 342602 289456 344166 292733 348251 290461 345176 295214 350756 293398 348415 288475 342795 294021 349325 290138 345036 291851 347054 290826 345421 290454 345537 294187 349888 296183 351464 292601 347691 289183 344155 291031 345173 286488 340361 290842 345822 288033 342559 290707 345164 285508 340015 289312 344203 289590 344095 289072 344583 290180 345024 292241 347031 292285 347590 293852 348340 296645 351879 290253 344860 286956 341854 292495 347112 289383 343232 293439 349165 1681
295769 350922 290893 345967 294834 350514 294435 349632 295421 350555 294738 349420 290519 345514 292975 348368 291478 346032 294268 350199 291223 346360 298021 354037 295874 351881 293306 348761 291530 346729 291003 344836 291647 346637 292160 347328 296266 352293 292045 347547 295573 350982 290322 344977 294451 350022 294710 350550 292834 347388 293186 348531 293756 348596 292459 347651 292399 347522 293290 348010 292466 347922 290957 345926 295604 351006 292741 348028 297908 353218 289736 344162 287299 341915 288313 342384 293165 348388 294530 350369 293425 348692 283191 336692 286643 339929 295699 351579 297538 353310 291428 346666 293738 347950 293552 349344 290146 345113 295895 352088 290635 345188 291770 346707 294350 349044 288202 342438 291298 347265 297448 353865 296978 352641 290128 344760 297854 353722 294426 350272 297032 352561 292315 347324 292372 348188 292211 347924 294350 350307 294822 350630 293777 349568 296096 351647 297979 354170 290732 346017 274108 326236 290627 345778 289349 344532 290363 345186 296270 351817 290909 346399 296818 352477 293003 347980 293086 348332 289069 343804 294029 349339 291610 346193 295695 351111 290394 344841 292397 347366 281842 335248 290091 345086 291350 346666 293015 347816 294059 349938 289839 344716 278856 331395 294547 350473 295707 351567 293693 349214 293585 348307 289742 344664 294048 349513 290260 345346 274338 326035 1859
295237 351430 279813 332663 293615 348456 296433 352744 292869 348114 292735 348347 299615 355928 293931 349245 295739 351615 294653 350762 293901 348999 295169 350324 297922 353583 294340 349588 292234 346848 295108 350748 292139 347492 292845 348228 298141 353831 295247 351304 291634 346983 297246 353439 292223 347855 298117 354930 292140 347772 293783 349583 293151 348691 293710 349274 294830 349581 296902 352862 288710 343881 294561 349994 278001 330279 295360 351016 289759 344353 297858 353694 288230 343082 295813 351753 293592 349027 292003 347313 294690 350970 280712 333811 290569 345625 294680 350261 292812 348207 297002 352426 291768 346321 292844 348520 297556 353422 297045 352576 291654 346934 293670 348791 294061 349358 290555 345830 295473 351492 295449 350836 295107 349970 222521 264596 287558 341827 290173 344568 289779 345034 293736 349271 296048 351825 296160 351862 299133 354853 294489 349750 294470 349688 297589 352772 292907 347577 291824 347240 294895 350564 285300 339178 296759 351804 294950 350583 296736 352111 294015 350208 287467 341787 292359 346992 291739 346861 295182 350149 298461 354682 280129 332751 290601 345479 294472 349430 294869 350019 298625 354873 294970 350582 295613 351796 293526 349127 289744 344533 295698 351393 295332 351140 277532 330170 290903 346208 290600 345680 294401 349721 292953 348410 295603 351327 295914 351912 293215 348014 1771
298140 354453 295243 350706 295102 350810 292749 347877 295395 350864 296725 352755 295870 350955 292703 347550 293998 349586 287954 342765 291940 347468 295333 350927 294103 349635 294144 349429 292370 347768 294471 350250 295065 350361 295814 351881 296581 352275 295201 350282 289709 344104 292829 348190 224493 266686 289139 343546 295191 350848 297168 352795 285966 339326 296858 352509 293811 349289 295810 351282 297311 353373 295172 350354 296202 352428 293041 348852 291157 346277 291159 346123 295414 351729 298395 353934 297681 353421 293582 348617 294443 349602 294943 350135 296966 352964 299578 355755 295072 351020 292953 348588 295471 349818 295505 351024 299455 355444 294834 350349 294764 350969 295286 350916 294368 350656 296822 352561 298416 353846 295811 351170 294032 348700 297402 353219 292704 347750 293945 349388 294296 350212 292747 347978 295211 350598 297384 353611 298548 354462 296544 351374 295725 351687 295589 350441 292515 347879 294413 350358 294623 350766 295529 352022 298101 354056 288121 341814 295142 351327 296896 351904 298377 354597 293067 347840 293883 349702 291883 346148 292615 348419 295313 351035 288940 343267 296555 352830 299353 355119 278546 331423 295478 351018 297270 353352 277697 330162 294441 350017 298117 353795 296579 352960 291626 346774 294998 349724 292030 347362 288950 343851 278901 331147 297379 353628 294455 350265 294770 350363 1656
300300 355844 296095 352152 297141 353623 295212 350254 298292 353589 292776 348225 293364 348824 300008 356915 225875 268830 293548 349052 297237 351899 297988 353811 297932 353499 296272 352051 298741 354512 296461 353421 295354 351458 283007 336256 291682 346446 298026 354094 224798 267279 292996 348539 224661 266927 292175 347777 298515 353842 296957 353012 298444 354554 293055 347852 296289 351883 292983 348107 296236 351621 294931 350441 293029 348601 287488 342208 296413 352743 296108 352058 294074 349070 289173 343748 296321 351663 297586 353570 297985 353132 297366 352320 294264 349705 291511 346904 298058 353648 295124 350771 294914 349755 299012 355249 295232 351159 296299 352240 297071 353305 296059 352375 297174 353172 296402 352137 292002 346725 295811 351538 299007 354489 298712 355247 296637 352636 297695 354410 297847 353441 292718 348159 291014 345852 295518 350780 286295 340510 293950 349673 299749 355388 292333 347632 296784 352447 299759 356180 298180 354537 296779 353043 293872 349369 298891 355148 297680 353528 297472 353501 292610 348557 279604 332505 295019 350423 298402 354131 293645 349430 297661 354429 295915 351770 297187 353258 299128 354551 293511 349113 295908 351863 296953 353861 299971 355787 294565 349926 296527 352632 292217 347744 295855 352011 296850 353664 298676 355008 298570 354864 224913 267946 297396 352835 295253 350533 295348 351141 1833
296318 352420 297673 353468 301264 357571 300740 356752 298468 354304 297636 354018 295974 351796 299250 354275 296215 351920 300107 356648 293751 349430 297520 353204 293577 349122 300085 355423 297362 353688 295641 350905 294572 349895 293705 349004 299894 356189 299994 356215 299948 355613 298189 353955 295020 351061 293441 349567 297728 354807 300202 357376 290716 345870 295442 351107 295547 352045 296367 352415 296001 351926 299161 354621 288201 343188 279439 331893 299700 355156 293116 348297 298250 354400 295997 351331 296577 352344 291750 347058 298839 355008 293803 349108 296354 351981 297530 353780 289973 345099 297610 353024 300718 356945 295898 351336 296814 352827 296274 351793 297493 353790 290996 345761 293771 349324 291683 347101 294247 350015 298794 354269 294362 348994 299036 355999 298517 355283 226625 269387 295119 351128 296044 352085 300256 356532 297188 353158 290882 346206 279280 332061 298376 353638 292914 348365 299074 355222 295848 351714 296223 352665 293860 349544 300939 357594 295183 350540 295311 351041 299577 355519 296124 351211 301454 358101 224149 266548 300404 356989 296159 352261 293053 348445 296737 353113 292885 348263 296290 351999 294142 349181 296501 352565 297620 353630 300212 356161 299231 355849 296169 352092 295085 351019 297626 354342 300499 357461 300147 356521 298001 353786 294777 350557 296836 352889 295339 351115 294861 350437 1676
298576 355016 298448 354247 297382 353500 297520 353623 296259 352708 297787 353950 298801 354491 300945 357416 299812 356741 294981 349935 294943 351250 296472 352674 284668 338110 299071 355302 301517 357501 296745 352094 293862 348857 300778 357228 298733 354656 295579 351102 293775 349337 295937 352192 295158 350601 298989 355344 292649 347983 297330 353365 301539 357896 297796 354359 297091 353767 297204 353657 296750 352502 298921 354490 298567 354247 295059 351173 295134 350742 285211 339430 301737 358721 297900 354435 302634 358953 299305 355121 297922 354375 300467 356499 295203 350968 294957 349956 297457 354094 294247 349645 298671 354826 292887 348328 293672 348894 294638 349808 297421 353765 298013 353554 296064 352308 298466 354961 297649 353964 303476 360121 299440 355828 297770 354558 295235 351130 295350 350869 295631 351590 298784 354909 300624 356611 301795 358162 299781 355318 296382 352786 298733 355069 296655 353064 296103 350944 300253 356057 298365 354100 301728 358535 298830 355534 298848 355156 295913 350998 295402 350837 298434 354837 298773 354509 300053 356217 299538 355121 295390 351460 301654 358120 280856 334321 296420 352817 297904 353999 301088 357220 296060 352395 297453 353451 293902 349903 297217 352679 297671 353349 299386 354589 300556 357102 299532 355878 295997 351882 294928 350224 296789 352898 295992 352058 297261 352426 290454 345442 1879
299586 356408 295077 350379 292253 347425 294599 350723 300766 357805 297805 354513 296650 351874 299088 355279 296836 353311 294232 349818 300071 356889 295538 351450 302332 359185 300413 357568 299658 355699 297316 354215 303219 359590 300476 356509 299647 356387 297688 353376 296612 352320 297708 354290 297445 354031 297746 353917 296970 353585 293954 349541 301242 358110 292075 346933 301210 357209 303003 360410 303450 361031 282591 335991 303138 359254 297059 352753 302353 358583 295797 351791 298831 354653 299233 356032 295002 350737 300075 356796 300583 357432 298183 354545 303654 359968 298297 353798 301382 357168 299329 355356 298271 355135 299930 356670 298548 355049 298118 353934 292776 347641 301038 358548 300570 357562 295215 351399 294852 350917 299693 355717 301132 357718 293673 349356 297569 354333 298526 354409 298859 355225 300868 356578 301413 358096 295884 351488 298446 355346 297915 354619 298786 354721 298444 354749 302270 358552 299005 355129 301105 357318 297951 352974 295053 350527 293702 349486 298625 355096 301898 358205 299658 355862 295502 351312 296870 353411 298221 353319 303315 359738 298945 355354 295390 350676 301486 358137 294588 349922 298143 354571 296044 352075 298944 355596 299054 355669 300898 358153 293948 348668 295476 351047 299468 355918 294569 349895 302100 358225 297466 353067 295081 350587 302104 358450 303340 359859 300469 356789 1811
298982 355359 303084 359849 298900 355793 296174 352093 294104 349139 299741 356030 299789 356058 301364 358422 297685 354163 300213 357089 296883 353462 299588 356171 295387 351347 299255 355258 293942 349511 302432 359283 301607 358215 295014 351079 299041 354923 297433 353785 299397 356104 299489 356129 302798 359657 300522 356759 295262 351402 300397 356659 299393 356055 299744 356731 296777 353151 299640 356706 302782 359786 300810 357774 303443 359607 293437 348909 297205 353172 293787 348971 302148 359241 296945 352755 298334 355076 295901 352450 301532 357991 298453 354212 304212 360794 297270 353643 300266 355825 305551 362659 295152 350665 293712 348984 303644 360096 300624 357837 301210 358108 302606 359099 296166 351557 297978 353534 302015 359005 296151 352175 300993 357462 298059 354568 298219 353637 301097 357297 298442 354741 295662 351752 296173 352008 300259 356667 294969 349768 301286 358045 294754 350044 296775 352789 297840 354441 300847 357448 298205 355157 299554 356250 297522 354079 297037 353181 303352 360828 302450 359065 300515 356531 296581 353301 300247 356358 299409 356034 295137 350434 301309 358280 302822 359233 299715 355747 294675 350308 298214 353519 298682 355337 301453 357959 296878 353001 299714 356188 299862 356041 300283 356306 301690 358423 297035 353178 299265 355434 299534 355354 298316 354939 299001 354664 298774 355866 294356 350150 1635
298096 354088 296218 352397 304809 361553 301801 358875 303446 360068 302370 359809 299829 356634 299588 356134 294525 350502 298709 355009 298498 354716 300649 357030 297826 353597 301797 358399 302966 359925 296926 353268 295773 350717 299588 354981 298750 355004 299181 355971 301318 358016 300229 356877 302818 359878 298640 355524 297613 354023 296969 352815 297824 354317 300659 357251 302862 359679 228404 271541 276174 328326 296672 352294 303270 360521 302168 359626 299339 355996 283983 337364 301029 358157 298767 354605 304126 360959 296899 353197 300911 357116 299770 355625 296618 352715 296694 353052 299553 356060 303263 359874 298164 354503 293151 348896 296708 353056 299975 356850 297248 353167 299285 355714 303134 359612 301828 358736 302668 359938 299393 355476 294898 350262 303216 359643 302838 359990 297449 353854 300948 357457 297147 353180 299116 356543 295209 351035 298233 353964 302192 359262 302209 359218 286649 340679 301631 358822 300991 357829 295607 350475 300019 357078 300377 356856 300891 357192 302659 359845 298735 355089 300146 356876 299967 356700 299934 356791 301656 358292 298045 354030 300924 357618 302076 358398 304356 360840 304276 360698 301276 357712 302864 359531 299614 356278 300755 357499 295340 351593 302772 360138 303549 360289 303050 360681 299759 356511 302864 359169 299527 354979 303850 360267 302857 359868 298194 354203 296696 352987 1828
303369 360990 301603 358413 296527 352450 302468 359355 299473 355953 299371 356662 302922 359893 304817 361651 303635 360266 302565 359866 303123 360299 300483 357055 298738 355564 301584 358156 297517 354035 299076 356129 297580 353715 305781 363061 298574 355646 303268 359674 300717 357457 296256 352795 286277 340059 302067 359065 305483 363054 303948 361430 300188 356213 299518 356790 292159 347162 301786 358311 301798 358261 297853 354544 298846 354705 300520 357315 303252 359826 303150 360370 300743 357302 303267 359921 302230 358988 298727 354943 299779 356541 299270 355358 300098 356971 304319 361053 300320 357354 301631 358796 302279 358726 295695 352070 300294 357550 295202 351062 302932 360649 301389 358388 301102 358111 302321 358891 301392 358169 296162 352289 296226 352544 302041 359031 302804 359954 304832 362343 298237 354015 301527 358227 303115 360220 304111 362138 303684 359682 301259 357785 300745 357754 299406 355523 299534 356113 298742 355537 298534 355133 297510 353311 303624 360546 301742 358066 299448 356029 299332 356035 298178 354410 303648 361364 302865 359890 300893 357779 300361 356890 301206 358310 304922 362004 301092 358273 301579 359199 295908 351167 300092 357352 302895 359680 299127 355863 298940 355327 301729 358964 305856 362552 298315 355112 301982 358830 303098 359709 301505 358094 298090 354083 299342 356267 305775 363560 299790 356524 1842
304259 361924 306166 363064 305166 362470 300421 356496 303767 361097 303984 361495 300147 357064 301831 359210 304359 361995 302385 359631 305047 362635 302251 359817 301943 358871 303323 359861 298746 355255 298996 355710 301248 357924 307200 364380 301736 359238 304960 362614 298162 354086 300491 357370 301059 358416 302977 360180 300329 356705 305079 361076 301878 358320 306651 363866 301746 358195 301150 358052 302586 360435 297740 354220 304249 361663 301334 358578 298872 355530 307617 365251 298846 354585 299586 356312 305448 363535 303854 361263 298137 354361 298820 355492 303851 361179 303241 361018 300976 357608 300014 356116 301851 358631 304100 361618 301555 358203 302724 359671 306433 363405 302638 359489 307392 364723 301889 359172 301423 358106 301571 357862 299774 357065 301693 358404 301811 358554 303418 360922 299450 356295 305766 363718 297900 354219 307470 364869 299756 356933 305018 362384 302989 359918 305324 362423 300717 357701 300746 357342 306081 363605 301919 358917 298144 354458 304138 361173 303124 360102 302866 359441 301750 358338 299584 356465 290194 344721 299225 356089 298016 354195 302531 360005 297539 353685 299818 356684 305862 364001 305444 362538 298412 354354 303291 360851 305183 362174 301036 357704 300680 357742 299426 355852 295649 351683 304661 361905 301877 358600 295835 350981 301559 357909 303320 360333 306578 363314 300032 356269 1834
300834 357855 302663 359918 295062 350616 302160 359898 301123 358187 301767 358947 301040 357968 300751 358039 306870 364565 295283 351476 303792 360707 299415 355415 300105 356330 305151 361745 305577 363185 305950 363519 304134 361281 304648 361887 303381 360356 301641 358517 306877 364566 302484 359460 303374 360700 292799 348483 304024 362172 303880 360276 306842 363691 300477 357009 305323 363048 300030 357025 303961 361077 301930 358793 306304 363490 301600 358622 303910 361012 295008 350135 299161 355487 304271 361912 302470 359937 229966 273235 305201 362309 301472 358433 301373 357632 302395 359392 305703 362815 303015 360098 305491 363144 296576 352742 304272 360445 294177 350043 303782 360994 294117 349686 301019 358038 303801 360831 303324 360526 303315 360746 298555 355393 305861 363273 308343 365540 299465 355920 303846 361050 303971 361069 302785 360161 303465 360819 306332 363928 300398 357012 300499 357756 305625 363030 304241 361256 303987 361010 298724 355431 299027 356255 306910 364508 305309 363162 303427 360599 299493 355896 304728 361885 301902 359489 299376 355408 300119 356848 302038 359498 306192 363183 303814 361036 300639 357960 305548 362774 288679 343954 296006 351835 303738 361041 303185 360197 302056 359611 278715 331162 299881 356645 305664 363454 302505 358928 300855 357844 307207 365525 305175 361481 303044 360628 297529 353280 304873 362636 1660
295615 350735 303849 361427 303140 360412 304742 362552 303114 360012 302608 359996 296851 352917 304406 360723 305617 363482 303016 359460 300771 357189 302373 359413 306812 363911 302654 360300 301250 358102 304247 360447 300892 357575 305023 362616 304754 361858 231787 275506 302060 358602 305845 363666 303458 360268 301707 358588 303985 361209 289711 344128 306234 363135 306618 363361 301390 358750 301540 358536 301521 358953 308777 366407 306459 363927 300247 357030 299330 356142 303659 360590 307828 365977 302539 359585 303361 361391 307555 364345 307575 364776 301338 358565 306943 364822 302881 359022 304840 362294 301986 358274 300788 358386 298546 354659 305573 362379 301937 359072 303332 360105 303813 361936 304671 362507 306874 364019 303279 359811 306557 364712 307350 364879 300819 357949 306958 364543 301421 358594 302801 359789 303528 361886 304059 361933 300254 356180 299921 356894 303426 361284 304228 361890 306015 363627 300352 356422 302700 358926 306626 363590 307544 364676 303141 360361 304972 362386 304670 362457 295068 351317 301669 358976 298525 355256 306970 364444 300652 357338 288870 343450 301652 359223 303394 360285 303016 360570 300475 356967 302550 360327 305849 363463 302539 359024 305635 363156 303769 361126 304991 362377 307274 364604 307767 365375 298154 353861 305714 362760 300287 357262 306877 365178 307387 364631 306915 363667 308764 366151 1829
307248 365552 303488 361543 302457 360124 300859 358079 305445 363346 300433 357509 303511 360723 300430 357370 301191 357362 307135 364923 306602 364168 304965 361619 305644 362724 304242 361502 302588 360031 305224 362780 304813 362287 300906 357548 305342 363457 304437 362420 303485 361056 304675 361910 307047 364187 304107 361840 307856 365826 306427 364265 307987 365721 304285 360710 309292 367478 301747 359053 304901 362326 306067 363202 298686 354891 301783 358822 307115 365178 304023 360379 303367 360648 304190 361771 306315 363729 306219 363377 305253 362864 288893 343215 302841 359407 306795 364859 308944 366633 304685 362554 231352 275196 306903 364396 303694 361257 308760 366163 307017 364689 303272 360620 305024 362539 307398 365179 303822 361646 303568 360863 308228 366564 286000 339911 307680 365936 303655 360020 304864 362102 308918 366726 307140 364554 305424 363309 305136 362039 301834 358988 303671 360946 302622 360022 305094 361556 307205 364296 305624 363290 302849 359378 308738 366756 297656 354134 302367 359232 304505 362281 304188 361835 307924 365564 305323 362223 300563 357278 308650 366273 307389 366054 305004 363035 301659 358791 302962 360645 308877 366302 305003 362616 304215 361327 306498 363913 305293 362606 306733 364810 301993 359366 303105 360515 306043 363306 309496 367420 303769 360753 304694 362820 304517 362568 305933 363418 301758 358848 1833
288204 342257 304711 362648 304193 361458 306693 364804 303333 360957 308007 365799 306190 364785 307358 365483 304993 362672 306879 363838 306045 363546 304203 360651 305788 363156 306882 364701 305612 363466 303231 360792 300051 356940 308372 366425 304373 361654 303647 361359 309911 367935 306096 363772 311877 370195 306251 364328 310057 367390 304693 362289 307220 365206 307830 365741 303936 361274 304327 361850 303690 360759 299520 356705 308063 365909 303943 361353 304046 361625 305298 362775 308602 366213 303328 360546 303430 361560 305520 362498 305195 362790 310103 368888 307932 365968 308843 366287 304272 361055 308241 366663 301466 359217 307096 364863 306243 363177 311264 369603 305948 363766 302191 359484 309295 366111 232342 276151 302199 359739 302653 359617 307073 364759 303195 360489 304687 362055 308361 366780 304854 362477 306677 364818 304533 362665 302959 358947 309715 367190 306604 364709 310700 368884 303810 361604 307532 364959 306408 365048 307992 365157 304227 362062 302747 360359 304687 362560 307724 365130 308407 365548 305098 362497 301607 358272 304663 362442 309090 367087 305957 364125 305391 363638 304819 362723 303830 361289 305120 362638 304205 361936 304166 360716 307102 364542 306341 364708 309170 366987 302338 359073 305676 363494 303704 361088 305595 363215 306361 364032 300184 356828 303833 360474 309180 367267 307246 364865 305760 363622 1711
304441 362006 308562 366326 306514 364059 308663 365519 308067 365551 311035 368827 306652 364542 305796 363379 304439 361983 305546 363510 307861 365863 304414 361911 311429 369364 302322 359668 306986 364634 308913 367353 305956 364301 305947 364113 307702 365674 302776 359566 309557 367529 304966 362722 305695 363730 304361 361662 309676 367366 307315 365710 306578 364161 306044 363471 307868 365395 303447 360663 308008 365830 307355 365142 310558 369265 302405 359532 305235 362782 311161 369187 309163 367086 307824 365066 302666 359907 303114 360720 303342 360481 296255 352434 310971 369480 232335 276504 305927 363670 303690 360954 304819 361901 310426 368777 303460 361187 308479 366115 297711 353427 307907 366278 306706 364885 305190 362001 309581 367116 303413 360751 310814 369253 305826 362850 309430 367620 309281 367047 306341 363539 302266 359353 304017 361605 303744 361165 305913 363879 304240 361560 303978 360863 310329 368210 305556 363825 310602 368556 309998 367870 299948 355851 304400 361763 309143 367017 303623 361194 309330 367097 308366 366084 311610 369386 310858 369961 306350 363687 309434 367652 308033 365504 300812 357615 303411 361161 296034 352114 307090 364470 303072 360946 308499 366401 290339 345419 307303 365810 308441 366452 305189 362374 303539 361312 302353 359990 307603 365682 307508 365380 303693 361164 305739 363773 310896 369644 304327 361695 1788
309273 366990 307487 365498 311787 370530 310039 368475 309680 367018 308065 366106 308456 365719 309340 367594 304115 361117 306553 364289 309385 367333 307455 364326 306493 364171 311634 370493 309551 368359 306228 364589 309232 367425 307942 365952 307041 364807 308108 366880 309053 367045 310591 368193 308271 366137 311135 369006 309407 367725 305818 363547 309256 366751 305089 362612 308637 366380 307154 365865 307160 364479 307081 365501 307130 365591 304168 361536 307916 365953 306876 365150 302456 358398 303247 360152 304876 362691 307403 365110 309526 366964 306028 363253 309408 367575 310258 368424 307600 365293 311133 369727 313269 371490 304378 361905 304752 362546 301967 358781 311408 370031 301151 358363 304443 362115 305256 362703 292953 347994 304173 361621 300235 356475 304194 361316 305086 362837 308481 366844 306345 364606 307650 365001 304305 361794 307041 364801 315179 374364 305291 362201 308136 365977 306628 363952 306858 364724 307301 365342 307273 365062 306597 364437 311871 370266 309641 367662 309810 368746 303141 360720 314710 373204 307429 365223 312135 370621 311532 369643 307826 365882 307037 364985 308723 366517 304177 361392 308183 366529 309164 366955 308071 366444 309099 367308 301011 358112 307541 364975 309420 367937 307153 365198 308232 365893 306076 364373 303578 360798 309448 367622 310578 368480 305661 362740 308903 367479 233977 277946 1864
304643 362176 306679 364489 312396 370439 310939 368562 305723 364083 306691 364371 306980 364507 312431 371491 308581 366754 311728 369542 309968 367565 311022 369326 305236 362257 307167 365742 309743 368436 310045 368474 308779 366711 313539 371979 297661 354077 303288 359676 310938 368529 305715 363700 310450 368543 305447 363096 304743 362569 312627 371218 304965 362783 311660 369882 308792 367306 313314 372348 311845 370036 305018 362545 306357 364335 311544 369811 307398 366069 310538 368374 311863 369896 308401 365814 306645 364140 309608 367807 310940 370111 309649 368000 305792 364465 310673 368383 310419 369337 307860 365704 309524 366961 309390 367651 310600 369686 307405 365914 307629 365150 309079 366446 308381 366150 311746 370184 311273 368867 307056 365443 299565 356653 304886 362785 305975 363677 313282 371925 309941 367961 313450 371865 308794 366892 305075 363077 308188 366015 312306 371677 309751 367599 309610 368062 312151 370439 304492 362089 310819 369056 312757 371286 308407 366439 308222 366143 305688 362428 309927 367530 306998 364924 313924 371817 304443 361615 308846 367582 307248 364758 312548 370352 310920 369277 305734 363536 304829 362865 312536 370564 309362 367624 306890 364785 312634 371986 309657 367839 310019 367362 306307 363878 306527 364755 309750 367247 309286 367416 309665 367106 313599 372099 308761 367059 309402 367868 311260 369463 1792
232992 276715 311127 368795 311684 370430 304387 361834 308783 367446 302824 359811 308320 366966 308717 367589 304267 361898 310148 368762 308857 367324 310553 368471 310716 368145 309913 368241 236168 280452 311429 369272 234520 278709 312137 370349 309235 366849 311209 369910 308951 366872 312654 371457 306773 364668 310553 369311 307234 364859 308610 367214 296304 352234 311184 368879 307213 364131 308901 367054 312702 371818 311092 369172 312575 371001 308597 366322 306555 364190 305827 362808 308623 367099 309139 367258 307953 365480 302124 359573 308035 366013 310917 370205 312038 370823 308696 366807 311911 369872 310008 368861 307624 365594 306702 364181 311122 370151 311125 368542 314920 373762 303675 361396 309107 367311 308424 367081 291461 346956 305857 364105 314759 373741 315206 373662 308273 365708 312726 371437 311373 369581 311513 369604 303612 360760 305570 363210 305645 362981 309078 368107 308001 366737 306247 364089 310434 367952 309593 368233 311262 369860 313841 372324 307548 365837 307281 366013 310244 367635 308716 366676 305517 363057 314553 373334 313940 372388 307954 365626 311868 370791 309964 368438 310365 368716 306551 364045 312792 370987 308346 366876 307553 365242 308353 365925 299938 356133 308553 367063 313586 372069 311650 370109 310554 367801 306450 364103 311720 370716 308343 366535 298573 354181 312339 371826 311795 370653 303748 360868 1844
313752 372226 314183 372910 310014 368722 303773 360701 309572 367792 312908 372137 306166 364051 310600 368549 313813 372016 310336 369543 312664 371408 309140 367243 311027 370378 292331 347591 314509 373260 311824 370390 315277 374100 312221 370804 310389 369013 309794 368766 310528 369141 306256 363664 309105 367277 310966 368988 309601 368105 313673 372676 308837 367435 307715 366416 311076 369010 310634 369184 314063 372434 314563 372737 308384 366434 313685 372565 307138 365332 313423 372323 313173 372986 312244 370578 311812 370453 306986 365067 308485 366507 310263 368700 311789 370665 312988 371569 309237 367763 313211 372167 310803 369911 313550 372129 309965 368567 309411 367896 313051 372180 309941 367749 312369 371358 311833 370816 311769 370541 312923 371817 309373 367677 308222 366368 306801 364344 309727 367513 308931 367257 309556 368216 310164 367839 307637 366317 310266 368752 309484 368016 311005 369463 311919 370217 310630 369198 313663 371853 305207 363353 307392 365477 310546 368973 317232 376800 308207 366995 315805 374870 311608 371329 309315 367156 311559 368785 314922 373281 313140 371756 307711 365724 314392 372801 311844 370042 312229 371140 312745 371069 309492 368266 312509 371553 308318 365684 304984 362420 308263 366403 308650 367144 310623 368841 310680 369100 309952 368519 311803 370595 310009 367196 308431 366676 315214 374349 308653 367255 1862
310206 367413 305000 362324 314650 373229 311955 370729 310265 369346 291177 345725 312381 371559 313504 372637 304251 361511 316059 375048 311978 369894 314356 372480 307894 365841 310507 369518 316590 376098 310155 368606 308865 367229 310636 369756 307606 365925 308870 367486 309576 367975 312383 371385 307964 366305 315186 374358 310229 368879 308694 367171 311258 370374 309176 368336 310314 369069 312901 371459 312001 370950 309934 368226 312252 370225 309725 368624 307264 365641 312378 370997 306750 364655 312925 372222 313117 371705 313357 372793 309338 367456 312132 371076 307982 365953 299284 355830 310717 369263 312294 370542 308975 366978 313926 372482 311211 370299 306713 364931 310658 367583 314282 372820 314667 373860 309831 368591 308125 366308 315264 374762 313092 370932 312974 371130 309767 368382 309541 368287 309802 368126 308263 366676 312577 371943 295619 351207 311707 369292 310706 369426 309401 368319 302441 360434 236273 280936 313537 372025 310845 369823 306433 364435 310584 369018 314151 373607 309061 367597 312824 371829 313562 372071 310807 369592 310457 369436 310416 369751 304037 361274 314942 373912 313330 371432 312437 370631 310172 368359 309519 367480 297433 352396 301038 357672 315997 375186 312516 371770 311720 370710 309149 368497 309441 367721 309863 368707 312486 371743 308229 366383 308761 367380 313263 372029 308214 366826 313182 371952 1809
313294 372941 310132 368292 310442 369476 313330 373171 311959 370295 315649 374943 310480 368297 311293 369878 318195 377926 313722 372605 315461 375156 309309 368045 309967 369127 308756 367170 311954 370973 312661 371378 314521 373650 311077 369976 310654 368857 311512 370195 316327 375287 309175 367594 308199 366200 309149 366630 310511 369803 309883 368321 312142 370906 311350 370666 312197 371248 306342 364955 312295 371215 315130 374449 308080 365132 314804 373455 312831 370506 312612 370951 309202 367582 310458 369474 309742 368167 307974 366157 312552 371810 309666 368255 308582 367356 315000 374207 314064 372310 310282 369640 313089 372191 312321 370655 313017 371196 311229 369665 312863 371886 311739 369628 315067 373956 312667 371694 308131 366262 302410 359426 312508 370867 309542 367848 309298 368135 311712 370854 301688 358631 308675 366999 313275 372768 314327 373572 314349 373413 313201 371022 309781 368529 317544 377044 311229 369912 315666 374969 314308 373633 308784 366913 313152 371783 311041 369769 307584 364605 296193 351870 311617 370306 315324 374765 309081 367952 310109 368638 310329 369641 311667 370007 312035 370151 314768 373481 312724 370472 293350 348764 316363 375945 300006 356892 315255 373428 312215 370506 314988 373613 315410 373775 306703 364410 315589 374423 309255 367792 314027 373699 314661 373526 313536 372153 312340 371211 311510 370114 1865
314306 373116 312809 371633 313831 373413 309653 367964 314963 374465 310816 369783 308801 367724 308287 366014 315361 373773 308404 366919 312776 372778 311018 370100 310162 368122 316509 375207 313529 372284 311420 370057 311558 369765 305194 362689 314077 373039 311378 370121 314649 374306 317575 377166 316034 375974 318907 378415 312147 370933 310634 368495 311074 370294 314919 374767 316573 375622 311664 370742 307164 365406 307260 364468 308528 367212 308856 367424 312087 370741 318789 378412 316857 375372 310202 369121 316593 375802 318418 377941 311496 369766 310626 369577 310551 368939 309796 368497 311312 370307 308704 367173 313251 372115 314488 373533 317065 376787 313380 372127 316079 374878 311723 370055 307708 365856 307519 365915 316589 376140 307118 365384 315295 374665 311308 369898 311776 370875 308775 366966 314601 373626 312352 372220 317318 376511 314978 373735 316279 375022 311537 370348 315622 374837 308214 366307 311875 370251 307544 365595 307716 366160 311939 371106 317185 376960 316558 375779 310797 369482 315239 375033 311458 370119 315039 373953 308285 366967 313259 371001 310274 368669 236871 281580 311646 370813 311558 370292 317436 376525 314118 372886 311747 370697 313599 372988 313679 372895 312906 372130 318598 378636 309282 367799 316044 375153 316786 376600 311950 370451 314016 372620 311181 369963 313182 372460 316347 375915 306240 363297 1804
313798 372492 297753 354082 312426 371152 312551 371502 312656 371924 311152 370409 315796 374444 312305 370769 313194 371356 314316 374214 315828 374934 309401 367925 315309 373816 317903 377956 316769 376772 311225 370303 297480 353964 316041 375752 312573 371354 312287 371858 315519 374800 311769 370348 313129 371558 297813 353520 316804 375764 316779 375855 310312 368911 310692 369502 311437 370341 313332 372549 312210 370722 310023 368889 309801 368612 315541 374924 308100 366423 321127 381391 311252 369945 313486 372524 314032 372904 318976 378943 313718 373368 312334 371656 311747 370460 319250 378813 316214 375141 310797 369411 314340 372760 317522 376851 318046 378506 313433 372034 314570 374407 315136 374769 315017 374763 312977 372441 318591 378337 318784 377983 312453 371724 317471 376533 310785 368812 312358 371168 312913 372249 311923 370540 310015 368973 308287 366148 315778 375371 313469 372976 312121 370806 317178 377679 316675 375602 313623 372036 313928 373595 315902 375346 314382 374249 312305 371352 311838 370485 294032 349303 313038 372612 315471 374838 311937 370908 314119 373802 315484 375003 312658 372112 314111 373140 304514 362438 311854 370475 312046 370847 315508 374328 312517 371709 313826 372703 313325 371895 310796 369352 314279 373383 319222 378964 313001 371922 311839 370673 311920 371336 317119 376458 313801 373626 312559 371941 317312 377502 1998
319058 379120 313495 372591 316336 376068 310265 368819 319179 378128 317977 377869 312562 371075 314531 373804 315363 374399 306316 364769 311518 370667 314227 373123 314563 373856 317261 376523 315230 374892 307889 365961 318565 377504 310641 369748 314793 373666 316396 376774 315284 374592 312239 370524 308399 366806 316392 375727 318234 378348 319134 378006 313179 372774 314422 373821 315707 375392 320213 380045 315290 375294 315947 376130 314502 374665 315242 375268 312842 371645 314984 374046 317114 377256 313508 371937 315418 374881 320315 380252 316504 375537 313480 372799 319421 378846 320687 380556 317040 375851 239498 284810 318562 379097 314046 372532 316943 377445 316956 376679 314937 374746 312857 371715 318237 377561 311529 370356 314014 373307 310071 368865 310614 369411 317361 376038 317439 377831 315960 375672 316184 375854 321387 381046 313105 372293 315785 374375 316825 376828 311749 370082 316932 377590 238248 283385 314916 374540 316572 376168 317212 377395 311381 370374 316141 374935 309703 368570 312795 372119 317085 376759 316469 376451 312502 371702 316445 376099 311879 370399 313177 372559 315223 374039 313760 373073 316094 375785 312851 371604 312228 371549 311713 370937 314393 373843 311973 371233 312685 371805 316370 375451 295935 351642 317709 377259 312348 371496 315291 374429 310312 369566 317088 375931 317757 376698 315337 374371 316364 376055 1832
319322 378790 310409 369621 312797 371850 315471 375370 311636 370295 312403 371635 315573 375213 315916 375238 314540 373069 313123 372466 315982 375521 318725 377910 315749 375628 316506 375388 312955 372558 313328 371198 313185 372307 316534 375740 317264 377351 315775 375825 317964 377469 319544 380173 312525 371292 297801 354483 311607 371053 315068 374712 241850 287421 314803 374251 320223 380583 310534 368813 311177 370036 315398 374744 318040 378447 318450 378671 316412 375722 321661 382080 317780 377097 310701 368749 310103 368412 318458 378347 314740 374253 311870 370811 313008 371523 313260 372124 231907 275679 317796 376850 316718 376771 313838 372524 314099 373614 313656 372895 316324 375730 312473 371484 314890 374472 318083 377158 315115 374790 319747 379427 312004 371218 317729 378105 318762 377771 314461 373755 314838 374151 318283 378492 318821 379308 319526 379348 317807 377823 312300 370634 309550 367722 314541 373679 311480 369526 314539 373853 316871 376929 311609 370228 314547 373444 319387 379289 318109 377863 317970 378525 317760 376855 321813 381641 313284 372077 316947 376917 312298 371924 316559 376140 319233 379172 316808 376094 315636 375227 314241 373394 312034 371055 313664 373018 316925 376843 313295 372289 318096 377962 314985 374544 318374 378177 320739 380429 318296 377848 313232 372451 316974 376769 311885 370941 312415 371883 321062 381407 1898
313174 371923 311457 370755 321381 381533 316411 376462 313995 373202 321398 382228 315976 374991 311579 370357 315357 375118 314881 374241 316347 376164 307203 365288 315494 375599 311918 370590 313790 373355 320366 380322 315370 374866 318812 378338 314990 374966 318054 378346 313384 372302 314419 373981 316305 376669 317818 378238 319013 379504 317539 376983 317737 377778 318687 378444 312132 369792 317296 377042 318324 378242 319247 379484 317817 378299 312455 371163 320932 380914 307878 365987 316421 376440 297855 353985 318576 378150 316338 375854 316235 375771 320117 380415 316822 376845 320687 380453 313376 373001 317878 377732 318890 379085 318132 378637 319325 379812 314063 374148 314891 374218 313858 373740 317008 377230 313453 372206 310471 368611 318314 378396 314984 374783 320620 380364 320696 381377 318309 378173 319702 380069 320154 380431 320128 380699 321008 381277 307714 365890 318505 377255 316919 376587 319395 378906 302779 359740 317541 377912 314699 374521 311616 370245 303665 361196 317168 376755 318901 378660 315528 375826 317522 377367 322574 382619 312778 372040 318473 378390 309422 368127 320129 380217 315329 375612 312224 371015 308455 366786 319795 380045 314103 373620 319956 378772 314715 374264 312842 372395 318557 379145 313401 372657 314931 373295 314333 373556 320828 380655 316902 376172 322297 382532 313362 373391 318188 377878 316117 375741 1767
316790 376156 316557 376788 313920 373153 321537 382426 323779 384174 320960 381823 318462 378930 316028 375040 300955 357563 319583 379629 318506 378646 317453 377810 309632 367531 319645 380261 320684 380749 315981 375633 297906 354182 318532 377677 316135 375806 314179 372830 308851 366664 316315 375367 318333 379088 314664 374656 314453 373976 310087 368749 321803 382059 314768 374404 312934 371735 318684 377703 315031 375044 316362 376011 319513 379408 316387 376130 322233 382348 321715 381736 320531 381206 302032 358354 317378 377058 314035 373815 323472 384376 316800 375547 315591 375193 314770 374592 318824 379000 313445 373292 312007 370750 317120 376387 316520 377207 316359 376005 314924 374088 317173 377139 314942 374724 317846 377336 319626 380217 317928 377476 321574 381958 315239 375108 316880 376086 321179 380856 318135 378371 315784 375294 315228 374690 321310 380918 316607 375223 315735 375193 315592 374947 321787 382289 321778 381714 319241 379535 315697 375832 321315 381915 241154 286669 315119 375091 316956 377017 315748 374904 314776 374315 316208 375311 317088 375106 319323 378972 311644 370903 320014 380402 318705 377865 316980 377115 320806 381510 314708 374565 313528 373114 317632 377479 321094 381961 315950 375575 306358 363941 317964 378411 316121 376300 315434 375292 317895 378327 322563 382973 313526 372629 319436 379398 314026 372935 315776 374837 1992
320948 382028 318528 379225 318337 378419 319441 378639 315864 375286 321837 382243 323412 383743 318278 378430 316274 376344 316892 376992 303138 360453 310856 368322 314365 373380 318128 378203 317073 377140 317189 376703 315183 375043 317937 378468 318976 378691 319014 378263 320822 380183 243075 288739 319945 380558 320788 380851 319701 380176 317629 377525 315853 375801 317369 376999 320754 380531 317456 377217 324454 385152 311212 370212 321475 380903 318948 378937 321340 381598 320210 380861 321541 381198 315671 375896 318506 378227 314341 373185 319364 379474 320179 380614 317410 377259 314926 373793 316341 375866 321046 380550 322257 382607 317808 378364 316652 376566 318384 378283 301542 358428 320725 381663 317516 377771 316402 376720 318969 379997 319645 379368 318602 379175 314812 374475 316125 375946 320264 380573 322280 382632 313681 373223 321357 381674 314937 374370 320917 381243 322865 382643 318365 377992 315734 375379 318815 378860 321299 381280 314305 373668 317401 377252 315887 376234 319321 379401 323410 383865 319481 380058 318596 378710 311525 370820 315492 375596 318788 379371 322359 382098 320132 380853 320650 382058 315689 375052 315280 375525 311237 369999 317886 377789 316586 376193 316256 375948 320888 381515 320415 379788 311964 370594 314742 373979 323667 385004 321401 381994 317362 376975 318845 379535 318453 378978 315803 375366 317407 377411 1839
314078 373505 319884 379020 320321 380864 321682 381522 315799 375514 320117 380326 320638 381180 313485 372793 319792 380747 320631 380904 321770 382493 316735 377359 312218 371126 317066 377206 315131 374087 320674 381316 321425 381872 305865 363126 316200 375802 320738 381114 319627 379238 321415 381882 318142 378144 315612 375510 319950 380140 317457 377759 314731 373953 316163 375573 322804 382837 322128 382572 320844 381329 322561 383595 317792 378496 318852 378162 317128 377278 321358 381550 317187 377749 319045 379368 315445 375281 321442 381869 298034 354450 319189 379249 315539 375172 316093 375885 319645 380647 320058 380583 319946 380104 319338 378756 322468 383854 321204 381883 317237 377626 323136 382769 316297 375864 319801 380252 314189 373729 319882 380425 321283 381791 321624 381965 325681 386441 321240 380766 320993 381050 312947 372967 315323 374715 320139 380036 318337 379258 324995 385826 317151 377359 324004 384898 318379 379022 316571 376418 319115 379643 322714 383042 319455 378571 319195 378887 318476 377927 320150 380384 317199 377078 323481 384010 317409 377776 318236 378833 317834 378131 321853 382746 322752 383784 310831 369136 320128 379952 319481 379918 319141 378189 316972 377273 321701 381556 317790 378324 319414 379521 313892 373285 318821 378457 312963 371920 321458 381543 324879 385296 319165 379482 323976 384474 315091 374778 319661 380536 1837
323737 384312 304658 361691 319649 380401 322633 382768 319097 379431 313617 373357 316055 374522 319867 379320 321855 382496 316973 376246 321918 382755 316919 376582 304998 362456 322701 383354 315903 374690 316262 376435 319898 380408 319764 379818 316279 376551 321448 381822 317747 377779 320622 379944 323786 384623 317683 377828 318615 378421 319783 380017 302902 360634 320994 381490 319121 379441 323692 384722 324605 385532 321110 381799 315318 375102 322201 381327 317857 378022 314944 375106 320086 379427 319357 379119 318951 379567 316812 376728 308975 367469 317983 378039 319862 380833 321592 382306 319999 380444 312034 371282 318597 379379 323222 384542 323780 384032 322644 383470 317551 378132 322888 383097 320632 381010 320582 381305 320441 380939 319800 380424 323617 384174 317714 377827 321945 382733 325633 386086 317534 377013 319562 379819 313538 372096 318470 379136 321508 382598 319068 379493 317734 377965 322202 382861 320750 381557 317838 378896 321094 381216 321944 382390 321406 382400 316890 375748 317789 377964 318582 378986 321920 381457 319989 380580 318162 378406 322331 382183 321410 382542 319731 379883 322946 383493 323070 383123 318544 378544 317570 377820 323512 384571 317191 377019 319224 379726 322365 383028 319391 379742 321965 382809 303923 360056 323146 384032 324164 384585 320464 380450 324148 384503 313870 373380 318132 378718 315797 374839 1834
319956 380724 323647 385441 320205 380575 323648 384973 321208 381983 318874 379134 312569 371954 317385 377862 321195 382397 319425 379554 322752 383506 325078 385911 325402 387352 320381 380630 324626 385597 317238 376947 321976 383062 320874 381922 314612 374035 321283 382335 320848 382120 319337 379548 318711 378658 319651 380299 318331 378657 320843 381160 320108 380151 322466 382443 316367 376249 321599 382362 317657 377692 322299 382690 317439 377161 243303 289424 322663 382631 322576 383257 320085 380425 317287 377176 320554 381377 317170 377045 312098 370841 318839 378802 323528 384137 319771 380616 315579 375897 317807 378024 317056 376447 316839 376397 318736 379102 322571 383514 323273 383677 318222 377552 323411 384781 323708 385141 319078 379645 326143 387175 316940 377087 319353 379447 320858 381941 316254 375257 318652 378574 323296 383894 318164 379207 321471 382301 315341 375040 320664 381296 315109 374454 322095 383100 322325 382940 320517 381083 318304 378405 324554 386147 319992 380460 319577 380115 323317 383884 319956 380593 322852 383484 323171 384292 319611 379334 315878 374838 325451 386736 320190 379927 325774 386401 319929 380837 317252 377458 322127 382479 308501 366018 322264 382608 324335 385521 317311 377409 328437 389577 316542 376001 319269 380023 326377 387221 321722 382317 323875 385190 327933 388832 321927 382935 318793 379042 305015 362826 1993
322278 383075 323649 384497 322780 383705 328121 389356 322278 383310 325583 386431 326521 388084 320564 381664 325032 386021 317683 377901 322046 382822 327258 388223 316815 376421 319862 380666 320564 380696 302055 359617 319414 379599 322106 382621 321843 382573 317917 378085 325125 386051 323161 383072 321719 382407 325905 386440 321392 382767 320345 381164 321706 382526 321933 382822 317775 377481 328770 390424 323233 384176 317824 377764 323155 383819 320174 379887 324802 384895 322043 381836 324046 383777 317045 377123 325030 386756 322254 383164 319490 380315 324256 385526 321367 382201 324960 386414 321815 382656 315011 374882 321745 382249 319685 380257 318762 378694 322171 382995 317727 377902 320991 381636 321632 382517 319761 380120 321266 383170 325438 386334 320025 380398 320748 381087 323258 384406 318766 379033 322303 382747 325519 386044 315767 375179 321709 383148 307488 365103 322317 383408 318684 378483 320195 381224 323869 385034 322892 383612 321589 382158 324857 386116 322091 382736 323065 383881 319168 379710 322388 383410 320424 381360 318689 378574 323372 384388 320426 381104 322178 383110 244366 290860 323052 384503 325219 386274 324944 385743 326510 387414 322385 382372 323625 385010 326934 387789 323184 384590 320952 381578 322502 383368 326097 387238 320403 381495 318348 377699 321343 381832 323752 384701 324878 384922 328347 389751 327043 387883 1830
325212 386953 328397 389432 324329 385609 326585 388422 325239 387371 322441 383183 319509 379932 320353 381116 324580 385279 321765 382506 323294 383742 325868 386758 324261 386278 321041 381752 323048 383613 321966 382125 326413 388122 320988 381952 324469 385796 304864 362665 321913 382303 327487 388748 320222 381086 326467 386927 293738 349519 321641 382686 322576 383381 325042 386199 322117 382969 323100 383566 325077 386950 322825 383746 311468 370444 322329 383331 320486 381349 322134 383049 324047 384631 326438 387591 323490 383684 324087 384700 318976 378368 322539 383628 321110 381316 322108 381843 320285 379999 321550 381650 322817 384130 321702 382473 323154 383751 323172 384634 323937 384950 324248 385569 323255 384287 324018 385655 323213 383775 321077 382460 321478 381839 319870 380266 324162 384832 322182 382189 315996 375519 327902 389104 326135 387581 324954 386401 327967 388326 319522 379291 320590 381850 322655 383958 317885 378068 320322 381037 324394 385521 321807 383408 308634 366408 321972 383488 327124 387722 321699 383109 324018 385810 324885 385721 323446 384830 325686 387308 324973 385954 321781 382784 324760 385916 322172 382808 323397 384509 326271 388098 319848 380200 325380 386376 321901 382997 319861 380766 325820 387495 319399 379844 317814 378431 321734 382901 323940 384704 325398 386559 324497 386039 323845 385105 323969 385771 319153 379802 2002
322057 382887 326506 386981 326399 387270 327320 388524 324110 385643 325327 386366 321879 383161 324766 386200 325196 385994 247504 293994 324074 385332 326244 387241 323247 384429 324165 384788 318979 379127 327240 388278 309651 368028 326098 386704 323882 385180 323611 384059 327461 388954 324640 384753 325478 386901 323336 383756 319105 379483 320748 381753 325228 386574 325525 386863 323436 384698 323441 384703 324615 385223 324203 385303 323959 384574 322672 383860 325707 385596 327238 388330 318966 378876 319973 380514 322286 382401 321348 381351 321872 382364 327947 390216 320469 381461 325574 386901 324539 385287 324952 386694 321272 382074 324971 385806 322696 383763 324295 384500 321506 382271 323834 385152 322765 383717 324073 385581 319961 380392 324353 385317 326806 387450 327411 388166 325739 386994 321385 381828 322437 383361 322507 383027 320970 381776 327541 389312 323380 383538 329531 390875 325560 386882 315814 375056 322323 381960 322719 384252 322637 383057 320890 381848 323511 384074 327473 388132 321002 381750 325566 387190 322232 383619 323848 385028 320071 380203 325842 386902 323223 383414 327913 389652 321364 381994 323421 384491 323610 384559 319442 379685 306173 363747 322525 384110 324878 385918 330469 391684 326476 387367 319123 379574 322834 384087 321687 382665 322617 383646 324393 385463 321579 382372 323529 385132 324330 385495 323387 382866 1839
320491 380710 321172 381932 327027 388977 323572 384941 325117 385627 327690 388703 322459 382786 328096 388853 329273 391155 329721 391267 321979 383585 328930 390214 325576 387174 327925 388714 320093 380290 326958 387920 319202 378937 327451 389316 322909 383446 326070 386884 330702 392933 325044 386657 326092 387543 328797 390722 319136 379142 323932 383766 326813 388381 328384 390132 324934 386450 324820 386113 322350 382665 320639 380932 326804 388121 324921 386071 323443 384001 323121 384061 323789 385278 325462 387223 319273 379767 325449 386087 327180 389396 245425 291437 326366 387643 329379 391592 328791 390336 324051 385150 328719 390618 320157 381384 322424 382642 324071 383751 326171 387699 320923 381592 327643 389275 321595 381899 327318 388529 326397 387613 320283 381007 316902 377213 326003 387450 329243 390850 331577 394007 321439 382938 326262 387584 328298 389072 327195 388831 325229 385788 325219 387294 323161 384165 326826 388361 321207 382006 324431 385360 326542 387283 323255 384786 325893 386761 320721 381728 304284 361669 323996 385073 325772 386870 325445 387106 329032 391169 326690 387772 328701 389338 328052 389548 324096 385414 325135 386481 319802 380664 323251 384375 322528 382503 324035 384712 322576 383454 325845 386538 320969 380750 323487 385150 312269 370717 325793 386929 319220 379036 323727 385478 318062 378136 325962 387736 321127 382403 1829
324711 386263 325495 386369 323877 384902 329620 391797 321427 382687 327720 388990 325486 386793 324797 386340 311590 370225 325574 386780 328224 390252 325485 387109 319989 380226 325236 385410 322089 381919 326827 387457 322703 383198 321244 381578 322714 383824 327473 388262 329567 391387 321053 381491 320883 380848 325668 387333 324417 386177 327973 389775 328397 390568 324624 385625 323515 384589 325855 387219 328422 390865 327394 389119 324388 385439 324343 385327 319255 379587 321161 381976 327918 389789 327318 388927 322936 383763 328160 389270 327212 389490 311312 369506 327983 389135 318557 378514 315817 375484 325654 386444 329388 391697 329584 391200 309716 368013 321890 382255 329455 390851 323683 385236 320788 381453 325069 386508 329810 391716 323254 384660 322968 383889 326584 388659 324226 385562 329601 390921 310676 368928 321427 382004 328853 390665 325880 387442 328996 391071 323957 385599 326240 388375 322286 383420 320986 381987 326134 387485 330391 392820 329432 390726 325175 386746 324894 386333 327129 388416 320505 380132 328528 390112 325290 386571 321094 381445 320071 380276 327374 389301 322827 383542 322812 384327 323582 384624 328932 390500 323817 384376 246242 293114 327735 388995 329745 391699 324703 386562 331109 392965 305781 363075 324018 385478 325574 386560 327344 389215 326745 387605 306768 365280 327253 389249 328677 390574 328963 391044 1995
328514 390876 323079 384477 329550 391048 326503 388666 322533 383827 326740 388521 325316 386821 321679 382108 331680 393896 326542 388185 325392 386217 325192 386360 327557 389040 323106 384206 327633 389143 331536 393751 327234 389047 329199 390540 326282 387683 325906 387558 324341 385707 330421 391622 324461 385809 326345 388120 326125 387673 327412 389248 329217 390067 328411 389825 323141 384640 325243 386940 324374 385661 324558 385249 330512 392585 330051 392935 324785 386381 323616 384794 324906 386904 329430 391936 321081 381326 323283 384470 324642 386264 324506 385630 323993 384880 325181 386805 326184 387650 327486 389078 327466 389268 322680 383898 327290 389054 312404 371620 329714 391597 323769 384754 328976 390458 326349 387926 325506 387061 327341 389072 328910 390859 327857 389726 331613 393788 326521 387210 325493 387311 331926 393698 324496 386096 326520 388417 326846 389267 321500 382364 325480 387324 326816 388503 327346 389312 329756 391848 328786 390616 324892 386137 329274 390501 332314 394005 328007 389732 325227 387090 322511 383475 328396 390038 308525 367019 326907 388498 330079 392426 326954 389252 323795 384607 328769 390043 322287 382388 329674 391309 322998 383901 318691 378288 327957 390466 329690 391187 329165 390602 328371 389895 248799 295771 322403 383391 326997 388217 330389 392899 329203 391307 323107 384591 328160 389932 330734 392591 2037
330746 392416 329982 391781 326606 388763 330543 392775 331395 393723 328848 390336 330923 393340 323493 384091 325779 387940 326222 388290 327313 388914 329257 391684 330520 392066 327956 389481 328761 390428 333608 395916 330260 392259 324394 385690 332113 394476 322440 382899 329125 391220 331602 393859 331204 393550 328677 390907 328736 390725 327716 389132 324434 385871 324257 385666 325242 387088 328367 390596 324101 385699 324115 385603 324280 385348 333257 395143 318771 379637 323346 384965 324122 385245 249776 296548 326975 388746 332057 394143 326352 387334 324809 385660 330018 391933 323390 384519 312755 371591 328565 390696 327789 389694 326250 387951 328952 390096 321099 381845 330562 391825 319390 379570 326797 388284 329561 391620 324898 386922 330490 392848 328150 389842 324155 385505 327755 389232 327092 388570 330403 392499 329458 391445 329267 391152 324176 385763 325133 387131 330741 392218 330714 391693 326720 388515 325103 386791 331220 393130 327737 389989 330420 391596 329952 392496 325610 387034 322003 382630 324659 386029 324120 385296 330964 392149 326663 388487 326870 388383 323259 383657 328689 390969 326175 387527 327165 388400 326039 388577 330449 393249 310507 369441 324354 385814 325873 387562 325259 386619 321503 382576 330633 392289 328692 390647 320885 381483 326196 387860 326827 388387 327774 389819 325598 387392 324433 385742 328014 389930 1977
326660 388609 333234 395477 322094 383393 331190 393237 325629 387654 324779 386339 327223 389570 326792 387709 331269 393961 331222 393440 327098 388290 323449 384649 326130 387701 329842 392078 328873 391156 328355 390384 330589 393167 327953 389756 326747 388692 328894 390515 308183 366557 327763 388648 330523 392650 326444 387316 331264 393099 328715 390729 250031 296731 327790 390530 328348 390685 332613 394693 327529 389832 329193 391189 324819 386580 323067 383919 325138 387456 328839 390937 325210 386082 327065 389174 334982 397602 332925 395047 327921 390419 329898 392107 327387 389401 328204 389632 333205 395429 324350 386563 323200 384843 327512 388850 326998 388495 326431 387700 324220 385727 329296 391784 331943 393864 329640 391997 328173 389799 330664 393151 320957 381743 325861 386775 325424 387508 325177 387213 328402 390569 324412 386016 327226 388783 333679 396581 329468 391831 326468 388544 326436 388005 326314 387355 326211 388153 332734 394517 324399 386140 327097 389369 323717 385003 332095 394463 326878 387929 331889 394341 324594 385830 325724 387526 323324 384740 320558 381278 331165 393476 329496 391287 326872 389070 332679 394395 331708 394134 332344 395099 326379 388152 324745 386517 327244 388668 329564 391349 328072 389916 325583 387028 332237 394383 328344 390080 329962 392202 328960 390323 320816 381748 327705 389927 327117 388665 329341 391683 1838
329956 391894 331453 393460 331886 394322 327873 389551 330314 392491 330845 393417 329349 390888 328491 390312 317862 378369 329032 390949 325744 387412 329087 390799 331595 393965 323211 384284 324368 386086 332247 394376 330337 392502 331074 393684 331151 393508 326516 388830 324396 384839 331290 393891 330533 392736 332349 394712 330756 393627 330847 392891 327956 389927 331419 394567 331746 394107 330832 392659 325231 387034 329341 390301 334462 396813 329479 391059 324723 385953 329498 391233 327818 390076 327238 389522 327468 389388 310753 369456 332981 395369 330922 392376 333622 395963 332432 394171 326809 388749 329462 392045 332319 394322 333232 395986 313549 372844 331705 394227 331233 393795 330242 391850 333357 395500 327452 388546 323518 384545 326794 388985 328467 390123 325571 387696 329228 390707 326097 387955 329083 391510 326122 387191 309834 368590 326031 387795 328296 390415 328675 391202 329846 392801 328307 390437 331322 392583 326251 387748 331186 393875 331000 393048 328273 390075 330379 392706 327834 389562 316533 375760 329410 391339 332348 394446 327922 389765 328595 390924 329648 390414 329979 392434 332494 394586 327819 390660 330788 393024 332437 394847 331172 393599 324556 385838 325146 387108 328242 389899 327286 389459 330646 392564 326386 388813 331525 393221 330184 391973 330773 393345 330576 393441 333182 395527 329392 391831 330380 392475 1905
327751 389971 329542 391321 332932 396223 326163 387336 328012 389755 336440 399344 328825 391125 324009 385389 333323 394935 308145 366757 328297 390234 330861 393901 331299 393582 328593 390269 327757 389361 326355 388200 329160 391382 333567 395729 332576 394873 329453 392653 333163 395423 331271 392603 326697 389021 333097 396031 330045 392449 335386 398094 328802 390970 332627 395214 324228 385550 325277 386705 328674 390991 334726 397902 312292 371256 330551 392881 328448 389907 334654 397175 328974 391436 331222 394114 332069 394135 330233 392500 333956 397148 333086 394971 329543 390805 326539 387613 332335 394734 331056 393766 335545 397662 333272 396072 330699 392372 330226 391840 332361 395206 328819 390658 329440 391376 331313 393801 329731 391767 312879 372780 333105 394707 330508 393053 330002 392068 332222 394523 327615 390144 330239 392619 333135 396751 326237 387965 333106 396351 328838 390937 331033 393505 312956 372152 328775 390323 331189 392548 325438 387032 332790 395656 330863 393892 331376 394100 331474 393334 332175 394977 321768 382539 329791 392573 336001 398888 332853 394790 330711 392956 325931 387870 327136 389238 327447 389668 326456 387961 325939 387514 317180 376691 333667 395748 330984 393271 333275 396351 328461 389846 327635 389154 334462 396085 332656 395062 331348 393646 334570 396549 332593 394834 328174 390020 329306 392174 329641 391707 2034
329996 392146 329533 391653 327622 389273 325070 386694 332834 395975 334219 397313 330730 393570 328231 389704 330157 392345 332930 395116 329026 390953 332462 395970 331095 392889 331004 393829 327938 390023 327950 390499 329243 391070 333968 396625 336016 398513 329297 391091 330076 392292 333172 396312 331829 394305 330966 392888 335301 397612 328028 390460 335814 398641 332748 395253 329900 391343 328655 390185 331372 394176 330514 392685 330299 392952 329538 391714 327736 390128 329820 392270 329222 391732 336417 399501 324836 386270 328867 389832 326689 388287 334909 397938 335744 398118 330643 393249 329048 390951 330121 392093 329600 392039 332501 395243 328156 390334 332460 394818 329617 392345 332208 394809 330109 392186 328259 390433 329905 392502 336310 398833 332946 394614 329383 391488 327711 389880 330055 392320 328119 390328 324945 386192 330611 392869 326289 388053 334403 397515 333493 395969 325144 386528 330283 392122 335995 399294 332403 394764 334449 397443 330617 393216 329901 392499 333396 396313 332426 394984 329413 390657 331744 395067 327716 389987 330332 392503 326327 387863 329023 391105 331162 393569 329061 389934 330346 392782 331120 393315 327018 388722 333097 395905 328138 390210 333811 396826 333547 396113 328629 390835 330896 394050 333453 396084 334106 396976 330319 392731 333431 396380 332430 394801 334496 397781 334176 396381 331796 394032 1745
328126 390023 333760 396507 335256 397635 332172 394780 332408 394797 330099 392203 330951 393559 332427 395648 334375 397615 330209 391661 332445 394812 329927 392525 334740 396975 333634 395371 329295 390921 334223 397339 333221 395881 333470 397178 335396 397636 331031 393630 336628 399263 335634 398993 331033 393864 327407 389720 333987 397022 331198 393154 330715 392954 329854 391769 333364 396073 333866 397459 323601 384783 336187 399707 334227 396763 331028 393422 329011 391165 331388 393456 317682 377423 329171 391733 331106 393637 328524 390781 329973 392520 329442 391932 330006 392596 329213 391444 326677 387930 330719 392804 331123 393715 333962 396881 326282 388539 334450 396720 332536 394186 329889 391259 328838 391247 334125 396894 252746 300133 330078 392461 330451 392975 331207 393983 333658 397113 334487 398412 329850 392528 331502 394384 330043 391665 329431 392468 333818 396994 329776 392501 328855 390847 323997 385565 330075 392514 333651 396412 328145 389687 333045 396359 335280 397455 335249 398229 332965 395033 331382 393818 332195 395194 333659 397132 334111 396471 251629 299278 334969 397583 332942 396650 335543 398218 335106 398311 333208 395959 331998 393809 328268 390626 334109 397554 331456 394388 333613 397253 312355 371433 332602 395518 334577 396475 336111 398988 331851 394153 335965 398050 337641 400773 327656 388997 312806 371099 330273 392479 2050
251624 299032 330405 392562 333086 396610 335973 399531 329971 392379 330008 392840 334222 397044 337506 400490 328497 389966 338198 400698 316916 375821 333294 395982 333361 395376 253168 301224 332186 393946 332836 395965 331905 394566 333502 395800 331064 394206 334107 397067 332865 395008 331523 394406 333276 396343 330452 392672 330212 393130 335908 398551 338403 402833 336968 399673 332393 394857 338044 401838 330424 393657 330748 393273 333132 396561 331606 394556 334363 397091 335208 398842 333837 396154 333340 396307 336360 398665 335814 398965 332588 395735 330688 393008 336409 399939 310371 367255 335766 398420 330083 392070 334469 397506 330496 392940 336909 400305 333866 397243 330895 393613 333621 396897 333942 396813 333241 395593 328886 391359 335656 398735 338117 401467 334486 396932 330598 392642 337844 400411 328980 391018 330019 392314 330774 393673 334777 397943 333805 396882 333920 396936 333065 396338 333471 395802 331121 393746 328459 390389 326929 388825 329016 391221 334630 397566 338227 401319 332505 394904 334254 396896 332056 394803 334308 397927 333322 396471 336922 400159 330492 393155 331728 394600 329288 392066 333986 397151 332000 394446 334621 397649 330543 392807 330902 394069 334322 396705 331814 394606 329181 391756 330546 393185 330804 393812 331145 393634 327513 389378 333679 396432 332096 393457 330348 392801 326461 388005 331843 394702 1915
339535 402621 334734 396875 333277 396603 332577 395228 336304 400154 336245 399060 328726 391611 335041 397672 333580 396929 329686 392325 337217 399815 333722 396778 331591 393854 336221 399314 334764 396916 332859 395772 331208 393862 336199 399356 333327 396369 335943 399387 335639 398155 332508 396096 339707 403172 336640 400308 335138 398333 329213 391436 337754 400558 332304 395021 337291 400725 331902 395130 336944 400845 335347 398863 334332 397086 334978 397947 332663 396047 335623 398665 336212 399175 335421 398494 330524 393473 332943 396072 331719 394149 331039 393282 330467 393088 330927 393756 330587 392914 332730 395957 334374 396982 335732 398997 333811 396711 333058 396525 331984 394493 333514 395878 338021 400673 335554 397496 330770 391871 331529 394122 335462 399364 332046 394611 337076 400564 333522 396218 335765 399218 333544 396549 337829 400687 328571 390936 338014 401414 315797 375381 328679 391005 331393 394208 329947 392285 336045 399361 332818 395317 336225 398901 330252 392211 335094 398537 327444 388146 331699 394487 335392 398315 334042 396619 335578 399175 254581 302741 336542 399952 335073 398645 334425 397759 332394 394632 331248 393713 335005 398153 331679 394702 339600 403450 335513 398651 331970 394985 335797 398637 333782 396871 320833 381837 331086 392950 338858 402063 333935 396455 331931 394279 330311 392911 334995 398215 330785 392922 2116
333350 396641 337973 401209 334361 397215 338367 402091 336738 400247 339168 402492 330984 393520 331516 393860 332008 394868 336632 400831 334376 396142 331931 395206 339546 402979 337638 401098 337103 400037 334867 397774 335113 398614 337304 400681 334291 396703 328888 391284 332094 394913 339585 403009 333408 396401 322384 382584 334789 398454 336788 399190 333557 396386 335342 397582 321086 381727 336005 399943 316510 376022 336839 400679 332785 395786 334907 398076 337391 400408 336575 399525 331633 394064 336773 400286 327160 388504 331120 394374 333930 396750 335760 398223 333440 395515 332586 395872 339690 403309 335317 399274 337820 401174 330698 392374 338636 401969 331088 393753 328831 391241 333793 397401 325798 386931 329216 390562 332837 396202 332819 395469 336784 399637 336934 399635 340042 405241 332952 395336 336200 399838 332836 395523 330630 392804 331872 395394 337000 400617 339998 403551 341321 405291 336915 400536 254142 302344 340144 404133 337932 400954 334250 397077 332025 394464 336364 400063 339761 403226 330688 393358 337126 399908 331862 394929 334163 397615 336383 400021 331905 394754 338361 402098 333147 395670 336908 399593 336660 400162 335289 398466 334599 396829 333947 397240 339210 402940 336572 399479 333058 395565 337861 401809 338973 401852 338392 401505 336800 400219 333709 397178 333323 396102 337243 399941 332909 396456 336441 399964 2028
335837 398814 328922 390391 320466 381277 331291 393580 337153 400653 333791 396967 339672 403139 334761 398140 337041 400708 335514 398663 339991 404620 335392 398811 339685 402896 339690 403021 335233 398502 337866 401825 340101 404336 337438 401261 336177 398758 333743 396511 337810 401939 338723 402321 332560 395693 335494 398582 331340 393885 339170 403351 331973 395264 333530 396367 338966 402890 335934 399750 337012 400402 334583 397415 335829 399464 335373 398935 335965 398597 337674 400929 337466 401211 335436 399247 331865 394973 340406 403836 330115 392603 337567 401275 333095 396250 335736 399968 338654 402332 335521 398959 336517 399493 332391 395590 327958 389309 330338 392948 334995 397509 332358 396035 336268 399657 331598 394344 335196 397997 337893 401025 333766 396807 337326 400978 255436 303672 333591 397233 335890 399060 339766 403067 334475 397717 334643 396634 332607 396036 336383 400005 334467 397099 340616 403467 326273 387623 335362 398150 330832 393277 337969 401569 341281 405699 330706 393733 332141 395106 335905 399831 339368 403288 336679 399267 336007 399453 331279 393866 335963 399518 339913 404053 334769 396679 338016 401663 335401 398018 338170 401889 335644 398611 332226 395541 337769 401015 335518 398842 254196 302007 333820 396848 338862 401957 334572 397926 340579 404404 319259 379664 336215 399100 333511 396868 333677 396718 324081 385246 1872
334945 397774 333285 396081 329109 391554 331194 393664 337377 401269 335320 398746 332771 395463 332305 395478 334352 396349 334763 398473 333087 395919 339185 402842 341327 404990 335142 397857 336818 400534 335583 398758 333456 397016 334457 397502 338808 402752 334431 397881 333850 397093 337061 400620 338767 402102 339774 403687 333408 396596 338249 400819 335717 399461 340457 403585 337901 400721 342914 407100 334185 397223 339745 403395 340239 403194 338170 400872 324686 386214 339313 403907 340789 404878 336258 399842 333462 396605 338012 401027 256407 304429 333019 395583 333144 395868 334028 397656 337652 400257 333932 397260 339762 402362 340316 405144 336648 399758 340983 404158 338773 402760 339092 403106 338425 402359 339859 403512 329151 391899 336968 400439 318786 378805 330295 392666 341907 404884 333083 395457 334590 397916 338739 402729 335503 398868 337816 401257 339864 403919 317911 376933 322819 383834 338906 403183 333520 396551 334151 397907 340150 404399 335047 398135 330422 392931 335574 398761 337183 400430 336596 400579 340609 404075 341606 405444 335475 398990 333473 396371 334711 397622 338945 403058 337745 401568 333150 396149 336645 400656 328106 390361 337608 400191 323597 384625 341951 406264 333613 396701 330922 393101 335747 398092 337680 401862 334972 398361 335159 398634 338999 402345 335732 399313 338711 402434 334527 397778 334981 398724 2148
337931 401761 339746 403266 336492 399904 336091 399476 333457 396488 342015 405587 335448 398837 337778 401845 335140 397925 339808 403695 335781 399232 337002 399836 336951 400526 334995 398786 331938 394740 334590 397842 256662 305139 337155 401272 333701 397434 341370 405402 334860 398001 331694 393968 332648 395994 323159 383685 337591 400947 343305 407562 339734 402995 337814 401866 337366 400929 338773 402671 335267 399117 335168 399182 341853 405043 336470 399918 332633 395336 333928 397331 335783 398327 337363 400899 339685 403079 337745 401799 339419 402829 333928 397225 333819 396838 340120 404273 339152 403139 335270 398982 339010 401510 337898 401239 335429 398992 339234 402938 336632 399937 334880 397946 340281 404693 338152 401536 338184 402039 331410 394287 340732 405595 334495 397608 334744 397961 339095 402570 339246 401760 340083 403894 336308 399828 336442 400357 338077 401844 328776 391069 341936 405863 338646 402704 334631 397926 338056 401158 333030 395126 335057 398186 332742 395675 341861 405263 336594 399494 340071 403193 335434 398345 338572 402413 334069 396327 254862 302976 340439 404222 334782 396828 337622 401559 334421 396603 333966 397381 338576 402860 338638 402020 335120 398512 337147 399297 333608 396378 338956 401731 338870 403017 332838 395570 338139 402105 339812 403988 336236 399145 255865 304254 338967 403004 335909 399667 335105 398368 1981
343501 407200 337484 400149 341714 405828 341682 405827 334577 397757 339324 402721 344230 407824 341212 404735 337146 400626 336244 399931 339402 403911 334799 398439 337112 400560 339763 403867 322778 383269 338832 402311 343953 408597 337723 401629 339067 402368 338705 401541 337796 401514 339859 404034 342064 406790 339438 403683 340056 404139 333400 396363 336937 400530 344806 408476 335900 400141 335426 399031 336725 400364 342336 406007 333135 395805 340339 404399 336944 400008 336837 400622 340025 404051 339423 402903 335727 398885 341227 405548 342978 407762 329982 392571 336815 400605 335220 398275 336326 399603 337332 401230 335910 399154 336964 400946 338313 402754 341384 405771 336311 399777 256953 305237 337082 400527 337167 400590 336588 400705 337109 401000 342283 406418 338462 402785 341369 405382 338202 401907 340466 404336 335717 398525 340493 403829 336107 399508 326162 387770 342422 407311 338753 401824 340967 404769 343850 407204 343122 407813 337028 400820 338652 402931 337166 401049 341915 406699 340070 404441 334726 397533 339662 403381 339377 402792 339403 403530 333891 395725 339783 404164 342562 406430 329594 391749 340419 404922 335222 398878 344122 408436 341764 405385 339143 403172 338849 401944 258234 306967 336414 399789 342628 406744 334241 397437 336218 400244 342961 407321 342605 406792 341990 406270 336736 399666 334637 397773 343134 407521 2004
343653 408490 342623 407303 334364 397207 336687 399774 336434 399729 259367 308142 338874 403241 339968 403809 338149 402057 345045 409367 345052 408981 337998 401084 344511 408709 341681 405839 343250 407809 338637 402698 341443 405697 345731 410587 343483 408036 338740 402819 338309 401967 340073 404473 342118 407128 338011 401152 257729 306298 336501 400121 335647 398625 335682 399298 339714 402813 342998 408624 337392 401714 337185 401382 340076 404347 256583 305086 337398 401466 341017 404804 343797 409089 338317 402344 320004 380639 338970 403368 340292 403913 343468 407476 341522 406300 337251 401268 336173 400033 341418 405731 339729 402742 257845 306327 332167 394623 343763 407756 337862 400842 337370 401065 258237 307078 339802 403563 340430 404133 341843 406776 339767 404357 335494 398378 336692 400383 344169 408988 337125 400997 337461 400575 337820 401684 345395 410092 337409 401793 342222 406358 338637 403353 331062 393435 336823 400531 337214 400506 323747 384785 340978 405590 342209 406633 334898 398091 343709 408604 343166 407271 340106 404631 329505 391410 341046 405757 327614 389535 341153 406160 343267 408209 337146 401317 332304 394717 339253 401965 325569 386719 342535 407112 338797 402680 339275 402968 337430 400194 336170 400324 338288 402175 336367 399773 335368 398680 334728 397897 341013 405215 336891 399851 341425 405802 340737 405005 342610 406642 1845
341542 406014 340570 403722 341420 405978 341614 406013 342651 406780 337614 401793 342262 406943 337817 402035 336510 399901 340923 405002 345748 409807 340017 404962 342406 407126 337847 401466 339706 403350 344482 408317 343542 407603 338683 402660 338754 402592 341095 405604 340413 405037 343104 407373 337076 400615 341102 404700 341724 406424 342318 406349 345244 408995 340893 404152 258818 307792 346081 409833 336889 400727 343185 407723 335935 399159 338678 402186 341651 406515 337824 401966 342923 407434 340007 405107 323715 384750 341919 406706 338800 403206 341925 406387 337132 400758 338483 402236 341321 405509 341215 405586 337624 401109 337950 402194 338503 402111 344976 409313 341810 406297 341539 406033 338127 401977 341018 405560 339267 403427 344127 407893 343151 407491 338126 402438 338176 401720 330151 392985 335702 398829 339061 402891 340021 403594 339736 403775 338607 402963 339089 401938 335635 398796 338841 402594 339597 403303 341007 405132 336263 399934 339940 404557 340662 404932 340394 404794 340484 405101 343832 408261 333998 397084 343439 407176 339382 403360 339514 403583 341899 406412 333660 396755 334906 397965 343794 408725 336137 398254 339371 403617 343338 407062 337067 400401 340155 403920 337120 401125 342311 406496 335539 399175 343930 408452 337539 401542 340767 404799 346003 410607 335176 398188 341153 405618 320182 380409 346305 410814 2040
340751 405238 330369 392095 345891 410314 343165 407410 343324 408099 341665 405806 343269 407889 337339 400691 337140 400848 340811 404444 340438 404951 342610 407428 339754 403405 336275 399249 338428 402707 346048 410879 340827 404879 343827 408812 340775 403946 344811 409059 343570 408213 342169 406922 342911 407917 340193 404319 337346 400887 336596 400661 337173 400891 340987 406100 340944 405111 343019 407423 326039 387479 345939 411197 336952 400840 336766 400476 344470 409029 346134 410782 343279 408161 341563 406142 343058 406822 339945 404535 341750 405930 340135 405499 344036 408869 342246 405823 337799 402109 342676 408117 340613 405236 342961 407669 344066 408884 343120 407664 342665 407241 337571 400840 343091 407657 339586 404117 341777 406839 338580 403020 341024 405196 343398 408310 342743 407109 339273 403456 343968 408881 342710 406899 341398 404698 343615 407844 337828 402022 346880 411887 343667 407487 338792 402746 344610 410171 340789 404692 335951 399241 340367 405035 342402 407421 345726 410288 340850 403406 324580 385675 343567 407952 340620 405130 339716 404356 340085 404153 340704 405121 339126 403508 338467 402728 346238 410534 344054 408030 341194 405357 340780 404507 340864 405551 327542 388082 339859 404712 346908 411223 339230 403780 338115 401968 341368 405832 342196 406069 340990 405441 339834 402797 344575 409421 344743 408868 344046 409061 1957
335341 398602 345029 410310 344500 409087 331404 394153 338721 402159 341348 406042 340460 405385 338882 402443 341709 407061 339760 403859 343833 408368 345118 409857 341466 405837 337599 400718 340590 404846 343647 409075 326990 388718 339362 403542 343878 408853 344276 409724 341294 405327 341227 405823 345473 410479 344629 408962 344659 409757 339885 403380 344384 408775 342883 407524 338236 402238 343621 408274 343993 408702 340000 404232 339289 403785 339573 403038 345041 409823 339702 403638 345770 411048 341371 404940 341277 405948 342445 406597 341303 405475 344211 409159 340341 404798 337987 401747 336281 399317 340453 404548 341303 405549 347791 412325 340781 405260 346145 411384 333215 396702 342064 405709 341075 405728 341202 406013 346335 411690 334067 397490 344792 409222 339898 402756 344521 408406 337429 401047 341405 406325 342937 407376 339391 402747 346451 411238 339511 402699 340712 405160 342764 407811 342425 407299 344542 409417 344581 409841 343818 408720 343596 408518 345545 411091 338275 402048 344618 409137 340812 404378 337976 401678 340648 405312 340464 405012 345478 410079 346784 411947 339402 403714 346762 411614 336417 399905 344379 409235 344288 409418 336693 399910 341854 405896 345679 410578 346032 410521 344492 408843 342075 406855 342466 406266 339522 403258 343690 409073 343610 408658 339495 404646 343103 408677 337318 401330 340817 405197 2099
347523 412505 332388 395156 339176 403406 337041 400980 335471 398913 345565 410027 345210 409327 339888 404081 345000 409419 344070 409405 340894 405043 325955 387077 345213 410187 340000 404163 346936 411367 339115 403172 339182 403230 344141 408446 343610 408728 342387 407116 333399 396605 340762 405546 342265 405896 345876 409935 345730 411048 339163 403434 341420 405763 327967 390549 345292 410318 346466 412394 345763 410463 344206 409038 341607 405609 341476 405961 349257 414529 340195 404521 343596 408581 346169 411026 338500 402719 336010 399844 339671 403729 320608 380241 339558 403552 342744 407121 346031 411087 341976 407083 346150 410640 344599 408456 342346 406725 326026 387414 341580 404857 337638 401112 346125 410187 338162 402002 343170 407647 347654 413265 340522 403357 344684 409837 344875 409697 340218 403949 338995 403261 344643 409422 345139 409785 343407 407989 349148 414314 347625 413423 346937 411635 338802 402762 339025 403420 345842 410189 339197 403198 340140 404273 345047 410326 342297 407245 340117 404625 339572 403472 340455 404699 342251 406966 344578 409806 345402 410152 326813 387752 341784 405767 343128 407799 341050 404565 343479 408622 346068 411549 341626 406084 345561 410829 343669 408511 340748 405606 344194 408598 341285 405782 348732 414267 342425 406110 337858 401716 341296 405939 340475 404074 349162 413553 345472 411069 344152 408210 1897
350045 415611 340121 404826 344200 409424 346302 410222 342489 406880 349268 414936 342949 407143 346348 410770 346931 412823 347414 411787 346953 411798 345425 411345 337190 400933 341396 406392 342655 407017 344693 409105 342466 407500 346807 411597 339851 404114 345595 410472 348258 412799 338129 401201 340119 403970 339399 402322 345295 410447 339832 403617 338414 402534 344182 408804 343102 406949 345545 410277 343085 407651 343295 406817 340523 404645 346177 411542 340667 405677 344958 409965 345836 410076 346330 411778 345219 410486 340017 403334 340934 405575 345193 410502 348650 414218 340827 405694 345862 410240 347677 413369 345230 409589 347731 413546 345728 410988 342352 407551 342775 407213 335615 398907 341629 406425 345227 410512 342669 406879 342533 407263 339459 403656 339474 403691 345201 409944 339804 404410 340294 404628 346800 411816 348661 413888 340968 405548 347030 411870 349492 414734 343341 408373 345462 409950 340473 405345 330619 393293 343359 408288 341436 406007 341052 405618 343851 409394 339655 403695 344500 409571 347686 412783 334771 398333 344413 409711 343662 408279 342862 407366 346131 411325 340528 405062 340521 404253 342801 408197 345303 410339 341992 406258 342826 407440 340230 404201 345987 412012 339930 404119 342846 407645 340423 404640 337565 401215 348269 414280 346708 412274 340764 405582 346613 411664 342788 407591 345436 409707 2103
347465 412801 347202 413051 341647 406085 341128 405685 346654 412417 350306 416507 345775 411047 349161 414098 348128 414027 350019 415146 344004 409011 346828 412494 341469 406017 344394 409430 343748 408469 348887 414105 339775 404076 341564 406268 341231 406004 347953 412446 340104 404911 347989 412629 350554 416432 346139 410916 345718 411183 345762 410975 340701 404886 347746 412618 343098 408303 341327 405377 348746 413545 339680 403713 345073 411012 339504 403678 345522 410202 337620 400818 342407 407880 348227 413493 342533 407320 339929 404128 333595 396857 348038 412973 347717 413590 349014 413663 346429 412148 346316 410931 344330 409159 345344 410449 347326 411794 344274 407740 340164 404123 345317 410644 340987 404971 341797 406679 345976 411113 343086 407377 343480 408076 345911 411581 340364 404474 344906 409751 347580 413732 346693 411606 349055 414274 348074 412912 348613 413875 348340 413568 346327 411500 343626 408826 346510 411782 343787 409117 343627 408612 342204 407129 348057 413513 350517 415934 344638 409606 343935 408165 346496 411560 344614 409822 343653 408652 343255 408161 340710 404763 339983 404013 344702 410201 348823 414850 347068 412105 347276 413173 339913 403754 343853 408782 342009 406286 348211 412840 344094 408826 343361 408669 348351 414642 346614 411551 342837 408047 340782 405445 346751 412495 344302 409292 343779 408699 348025 413592 1896
346485 411306 343751 409084 344656 409916 350537 416052 341968 406669 347614 412847 352803 418524 347690 413419 344238 410085 342543 407292 344413 410233 349887 414917 346052 410976 341583 405484 350109 414957 342007 406412 343546 408565 350471 416195 348680 413692 350320 416341 346572 412319 337001 400293 347610 413082 342680 407752 331094 392714 345994 410255 350806 415638 348840 414582 344116 409368 350442 416016 344156 408396 342030 405681 349458 413937 341670 406789 346258 411493 346857 412032 347325 413079 347892 413393 349708 415704 343815 408916 263237 312659 347863 412663 341753 406404 350172 415756 344739 409758 340360 404282 343966 409637 341819 406746 346365 411867 345464 411086 345729 411265 347786 412688 348485 414198 347077 411858 351008 416624 345334 410875 343957 408471 346861 412407 348608 414367 346793 411159 346727 411497 347186 411930 346369 412110 341268 405804 349510 415258 347896 413088 350881 416115 346663 411931 347657 412348 342196 406844 349566 415792 346407 410719 349394 415398 341346 406467 345669 411160 346462 411461 262903 312341 341097 405948 347977 413855 342546 407482 345510 410515 340616 404881 348309 412872 348556 413682 343393 408869 346618 412729 342059 406779 343052 407723 345159 409333 348152 413931 347008 411787 344476 409382 341441 406052 344185 409707 343057 407960 346416 411507 343819 408879 348913 414556 350460 416189 334958 397700 2173
348146 413898 349379 415165 346838 412754 353500 419686 344483 409984 348895 414443 349831 415164 347507 413091 347062 411569 347123 412316 349522 414438 346969 411727 350558 416396 348011 413947 344829 409912 348684 414332 343926 408887 339948 404147 349337 414417 345283 410173 349376 414354 344570 409687 347975 412704 343910 409263 349600 415798 343190 407529 344666 409676 352690 418066 351021 416467 346057 411800 349126 413961 346548 412315 343462 408026 343662 408406 346768 412608 352022 417792 350413 416076 342694 407452 340694 404143 343361 407591 347408 412952 345097 409616 343385 408248 345499 409742 343712 408560 349256 413994 349677 415425 345309 410277 345841 411460 347109 412978 344841 410242 346178 410831 347690 413232 346150 411352 340828 404913 345867 410378 347449 413347 352049 417238 345208 410835 343756 409150 347139 412666 349278 414802 344906 410187 346223 411916 350430 415701 347020 411598 344004 408608 343470 408024 345335 410803 344068 409753 350959 416713 345208 410501 343278 408264 347966 412795 348964 414475 349708 416361 335199 398808 342621 407747 343460 408508 343191 408139 345267 410296 343546 408647 345718 411005 349199 415013 347072 412394 346056 411150 348115 412565 349565 415210 345367 410854 345284 409960 352823 418418 344711 410022 328362 389582 349077 414266 349544 415374 347446 413258 349103 415265 343242 408326 346830 412660 346579 410923 2001
350837 415844 345446 410849 350101 416492 344929 410331 344325 409443 342132 406883 341616 405819 348923 415175 264671 314548 344348 409644 351501 417391 342798 408076 349751 415547 330679 393459 349520 414272 348804 415094 349900 414615 351538 417616 347423 412823 347639 413143 347822 413573 343994 408518 352305 418423 350053 415676 350534 417007 351621 417311 345178 410680 347849 413480 345647 411121 347829 412526 348948 413866 349785 415256 348086 413895 339971 404138 350227 416300 349390 415138 348809 414356 347773 413571 351036 416993 349732 415722 343797 408693 344974 410132 351914 417052 351285 416973 349767 415680 351034 416655 345536 411043 347863 412862 345961 411261 349318 416077 345129 410543 350590 416787 347654 413482 348682 414101 348919 413625 345777 411474 346540 411870 342963 407708 347939 413656 345452 410941 352438 417887 346988 412713 348376 414076 351286 418016 344813 410786 344004 408887 352670 418332 350577 416223 342141 407056 345395 411318 346664 412765 345613 410903 351451 417234 349086 414885 351681 417482 342654 406495 340681 405515 346567 412075 351761 418095 346031 411466 346278 411829 346742 412113 349466 415660 349787 415624 348523 414199 350661 417039 352475 418097 344796 409324 344514 410183 342230 406168 351853 417634 330487 393110 351597 417447 346877 412794 342960 408141 346392 411759 344559 409462 347079 412311 347151 412473 353728 419369 1990
348443 413935 353145 418885 346231 411649 348534 414251 346046 411340 348785 414406 346853 412736 352219 417504 348932 415443 346543 411459 346698 412160 343626 408755 350652 416978 343272 408199 345804 411233 347516 412431 346566 411879 350753 416406 345085 410286 350213 415801 347154 412490 349115 414567 353120 419350 342440 406333 347122 412203 349841 415834 337411 400770 331694 393942 352220 417925 346442 411659 352615 417750 348527 413930 347420 413418 354401 420016 350123 415981 343978 408992 344931 409527 345166 410071 346924 411972 347730 413557 352472 418917 347397 412384 347484 413270 328661 390067 346048 411806 346385 412623 345950 411102 351657 418050 345669 410933 349717 415547 344590 409885 343918 409640 353355 419727 348311 414182 348718 414209 351303 417760 350550 416891 342820 407462 346823 411272 349193 414906 350079 415521 347216 412824 349836 415888 353763 419568 346365 412392 347110 412658 348378 414220 354319 420220 346747 412519 348572 414426 342904 407931 344784 410207 349981 416232 342779 407094 345460 410718 343694 408520 352142 418044 265291 315264 346321 411891 348106 413785 347455 412559 345615 410739 354746 420908 351759 417122 349817 416147 343947 409528 351353 416730 346218 411174 343820 408669 345577 411201 348204 413578 348043 414343 350174 416327 348684 413833 350653 417250 348048 413575 346187 412145 349965 416296 346563 412179 352779 418532 2004
353406 419324 343888 408901 350791 416306 350828 416266 347395 413801 352769 418635 354236 420887 350191 416184 344867 410345 353601 419315 351037 416343 351776 418255 350350 416807 345294 410251 350578 416322 347776 413360 348748 415047 351183 416336 349265 415810 352511 418382 351659 416769 349477 415627 349076 414959 350770 416712 345880 411494 349135 414792 352475 418796 350413 416886 342675 407339 350686 416685 352781 418395 344336 409511 347907 414096 345186 410694 347252 412869 346480 412160 347296 412983 344391 410212 349621 415894 353438 419517 348102 414351 350210 415950 355400 421559 348508 413693 345068 409818 351258 417014 352041 418594 343668 408204 345278 410456 346241 410963 347438 413968 346979 412051 354467 421177 349648 415856 347804 413405 347320 412662 334186 396048 348276 414368 347276 412541 348652 414367 351797 418632 352290 419367 350747 415617 350666 417270 342890 407940 352646 418069 343305 407674 348147 414125 351816 417560 351861 418192 353094 418403 347065 412155 352378 418578 351352 418264 346116 411195 353349 419414 351408 416945 353919 419474 349149 415583 350530 416100 346330 410913 352237 418026 345547 410953 264669 314780 352053 418006 266667 317162 351587 417583 348694 415490 345807 411662 350804 417665 354674 420919 352858 418847 346461 412145 352148 418144 352480 418133 349728 415624 351201 417368 353415 419323 346037 411454 346964 413037 2000
346399 411495 354153 420859 353740 419178 354721 420757 349797 415235 350766 416733 351900 417786 329530 391437 350749 417209 347952 413787 355962 422807 349938 415154 347643 412818 354481 420438 351840 418596 353568 419771 345095 410837 348175 413491 347308 412314 351116 417243 346455 412138 353138 419084 349642 415742 349453 415347 348479 414416 351092 417124 348521 414589 354107 420860 352764 418945 353801 420573 347651 413309 352815 418925 356260 422449 349214 414055 353202 418998 351522 417532 347878 412474 350467 417289 352682 419607 326533 388234 355642 422317 352157 418196 354969 421157 352152 418321 346342 411569 349284 415148 347619 413280 348460 413778 349476 416022 353464 419890 346551 412141 353073 419658 344063 409425 344191 408617 351067 416244 347362 413276 346704 410916 267360 317279 349265 415040 349215 414809 356994 423969 350530 416447 352511 417839 350004 415720 350900 415868 353132 419850 352430 419009 350453 417036 351493 418111 347798 413611 348606 414258 350826 417030 350580 417452 351147 416812 352438 418927 353774 419246 352468 418509 348485 414834 266746 316956 346301 411721 345425 410955 353814 420203 348542 414344 351681 417554 350529 416479 345825 411101 352883 419664 350409 417149 350614 415727 351283 417334 353229 419470 338106 401811 351965 417591 348356 414221 355028 421334 351985 418502 354477 420494 347125 412556 345446 410312 349637 416622 2000
353439 420618 351428 417897 351800 418010 346748 412616 352900 419592 349869 415681 353435 419641 351692 417158 353577 419826 349609 415826 351030 417607 356024 422444 348912 415127 347362 412839 351125 417624 348044 413742 351550 417810 357209 424123 352481 417927 350015 415065 351963 419022 353058 418892 355161 421033 353633 419962 356100 422197 335704 399234 353234 419217 351350 417239 348756 415225 353421 419031 353828 420374 350896 415590 346987 412874 354283 420905 352457 418020 354527 421928 356348 422573 350233 416827 355718 422505 352170 418056 351196 417564 352682 418362 348874 414348 351282 418110 350343 416601 347651 413255 351204 416785 346695 412586 349993 415715 355142 422414 353081 419100 351942 418018 351393 418396 352160 416768 347342 412402 351365 417559 356997 423623 351147 417411 354649 421327 354742 421826 347026 412594 349890 416095 354080 419818 343256 406451 349644 415709 342860 407418 352765 420010 351110 417154 349875 416329 351138 417440 353176 418289 352419 418546 350747 416692 351322 417679 347019 412600 346030 410697 348181 414011 354259 420272 356225 422085 348524 414708 348151 414026 347874 413747 358759 425444 353793 419945 356069 422242 347533 413016 346724 412065 350585 416264 352159 417742 349892 415355 350495 416561 355915 421827 349629 414969 348897 414853 354153 420207 351262 417488 350479 416211 351002 417148 351034 417387 348000 413887 2164
348570 413473 348159 413925 346822 412395 349396 415599 334979 398131 357016 423114 347295 413427 349258 414938 348613 415706 353547 420339 352131 417982 352916 419579 348852 415791 354784 421554 348779 414564 349647 416023 352969 418203 350423 416935 333236 396414 355535 422184 352438 418484 349525 415840 357170 423455 355039 421711 268824 319546 350162 416078 355064 420793 351766 417875 356472 422953 358807 425457 356248 423775 348451 414518 352413 418144 353256 420374 351193 417464 356802 423178 352506 418997 355077 421155 357629 424408 355033 421752 349308 414874 350652 415879 267176 317725 351171 417524 351108 416916 353082 419527 355930 422073 353610 419761 354297 421047 352622 418676 347469 413211 354271 421047 353037 419933 350212 416725 356256 423805 352538 419243 350280 416665 357732 423702 349761 415935 350867 416666 350393 416729 351978 418088 348964 414460 352327 419343 351470 417740 341231 405284 350217 415916 347578 413344 350898 417562 351449 417055 349253 415735 348232 413719 351113 416997 354874 422292 354663 422052 347106 412880 355003 421832 351595 417810 352841 420061 348905 414510 348947 414792 356422 422802 354588 420875 354203 421009 356626 423126 344821 408798 350571 416751 348484 413918 352343 419178 349544 415908 353765 420690 348411 414275 352292 418395 355410 422535 345514 410638 330753 393625 352297 419042 350243 415610 349509 414770 341225 405451 2020
353770 419836 354873 421998 353650 420333 355387 421973 351754 417869 356082 423604 356743 423414 353009 420045 351001 416728 351611 418048 350952 417124 350662 416903 348727 415280 355242 422408 358887 425503 354245 420264 351819 418733 348252 414038 355080 422165 353835 420403 267728 318233 350871 416182 350412 416977 360162 426992 353767 419451 353601 420789 349536 416027 347195 413635 354166 420065 353272 420487 349469 415037 350094 415884 350245 416918 353976 419736 358061 424873 352721 419929 357595 424407 354283 420268 353637 420439 355855 422915 354732 421253 349001 415424 352719 419035 358481 424994 349895 414874 348863 414998 351673 418298 347268 412785 267646 318288 355084 421756 358924 426087 354971 422273 348778 414086 355317 422582 348564 414722 356634 423121 352803 418604 351399 416956 350315 416498 350684 416764 351198 416838 353235 419909 349358 414536 355176 422617 351864 418542 346949 412327 354252 421050 351901 418561 352282 417777 353119 420088 354730 422170 356933 424406 355589 422907 353169 419912 352894 418870 342519 406204 348791 414840 351938 418869 355730 422805 357833 425144 350505 417151 354424 421158 351045 417797 331469 394337 352190 419106 349890 416238 355570 422814 347999 413724 352735 419244 354244 420822 354802 421635 351676 416996 355423 421567 351763 417968 348294 414632 353311 420207 352626 419519 357511 425183 352512 419170 351351 418072 1985
355945 421886 354985 421356 358240 426431 353802 420664 349277 414936 355740 422294 351050 416680 351820 418554 356609 423177 355040 421481 351474 417489 357353 424878 355949 422424 353097 419740 350720 417436 357992 425145 352935 420295 359173 427195 352440 418659 333772 397158 351989 418689 356292 423919 359104 426422 350979 417570 357325 424560 350644 416811 355900 422706 354202 421191 356956 424464 349853 415404 357296 425164 353395 419949 353138 419115 358793 425867 357159 423463 355392 422493 355069 422403 351836 418086 348260 413917 354208 421111 352899 419564 350372 416808 358590 425516 353552 420527 358025 425116 355347 422729 340206 404856 354885 421211 351490 418480 348597 414633 353622 420405 358416 425853 354090 419900 359402 426393 356123 422314 351444 417735 353476 420038 353103 419087 350377 416062 349163 414165 354660 421427 355153 421937 337448 401353 358555 424809 338120 401064 350351 416747 352706 419692 347797 412993 358661 425469 353552 420006 352715 419491 353491 419004 356478 422282 355543 421251 348141 414232 351889 418403 358839 425887 351627 418213 353787 419740 339088 402863 355954 423303 354708 421881 349709 416278 353187 420299 357228 424599 352063 417950 355752 422642 349566 415438 357414 424477 353708 421108 355847 423064 353572 419869 354842 421779 348180 413432 351441 417795 355047 422156 347483 412964 353025 418631 354877 421659 352399 419753 2189
356851 423674 354725 420734 356425 423771 356932 424212 359427 427140 350865 416730 353520 419981 333897 396181 349660 415416 355660 421554 359493 426520 355720 423761 359464 427026 350577 417094 345593 410528 352806 419983 354197 421234 360694 428512 358387 425481 355349 422534 353626 420868 354782 421833 354960 422389 354338 421041 354610 421393 356440 424495 359875 426235 356099 423136 354795 422053 352474 419759 357160 423713 359743 426635 360351 427745 346002 410818 353624 420248 345596 410938 358129 425482 358409 425730 329720 391677 354914 421256 355816 423028 353150 420124 359403 425638 352586 419342 349062 415179 360768 428666 350835 416805 356326 423905 355508 422726 353599 420229 347281 412897 356155 422584 351836 419199 360819 428499 348952 414932 358839 425290 359751 426547 354196 421200 355958 422109 335596 399195 355994 423084 354180 421177 356314 422720 355089 421861 356404 423394 353396 419927 351572 417927 356163 423293 355585 422956 360093 428209 354841 421858 353335 420086 360965 428237 355808 422741 356224 422885 358528 425633 359823 427288 357453 424258 360877 427918 352203 417856 355807 422760 358980 425771 356651 424897 355642 421546 349549 415227 358363 425408 357274 424426 359074 426504 352666 418702 354249 421327 341539 405155 348865 414838 343175 407797 352626 419410 355712 423094 349775 415640 354140 421282 357287 424211 355430 422197 355865 422335 2141
361235 428426 358857 426757 357960 424385 269951 321262 358190 424944 353634 420098 352639 418899 352497 418672 359304 426925 360198 428393 354679 421352 359448 425955 354748 420633 357061 423759 347524 412891 354198 421150 355862 423343 354898 421463 354074 421747 353381 420904 360653 427523 350020 416209 354865 421956 357431 425136 354869 421618 358453 424741 358497 426093 356178 423076 355340 422931 350815 417342 353547 419826 349351 414625 353515 420075 360371 428007 353576 419321 353554 420124 357940 425110 357866 425327 359192 427003 359417 427048 355117 422790 353796 421192 353478 420176 349583 415642 356737 424206 358451 425573 360675 428630 359194 426102 357471 424637 354939 421560 358006 425060 361788 429943 353215 420291 356162 422757 352531 419067 357174 424291 348950 414692 336129 399682 357564 424504 334297 395768 354718 422041 350343 416500 359157 426173 355691 422728 353505 419419 357805 425365 353211 420704 355480 422937 357658 425726 354765 421875 350262 415946 353348 420051 359200 426777 357262 423485 359356 426797 353818 420606 352857 419484 357112 424810 357145 424286 353940 420981 352155 418638 360891 427919 338678 402221 352379 419181 354184 421722 358360 425012 350587 416648 355603 422018 353188 420051 356987 424533 351750 417712 354412 421404 355764 422768 354961 422311 349323 415933 356822 423653 353821 420355 354969 422621 355850 422528 352127 418836 2159
357093 424429 356520 424416 360128 426647 358357 426349 359884 427276 360034 427181 357923 425395 356455 423188 356053 423303 361154 428895 358254 425374 356969 423890 335036 398070 356998 423875 358133 424395 339917 403195 360508 427860 348611 414251 355793 422965 347497 412519 361801 429803 355598 422438 362331 429579 354784 422593 362003 428725 353632 420795 350832 417359 355264 421987 350955 417196 353327 419588 359130 426715 357203 424372 350117 416471 355197 421107 354207 421513 354706 421892 359689 427334 359216 426382 361933 429166 351758 418332 355898 423339 361898 429489 358200 424826 357603 424377 359007 425930 350074 416132 353323 419669 355888 423476 353377 419504 352651 418945 353056 420008 361514 428929 356804 423635 359947 426960 359071 427058 352160 418879 353927 420853 351997 418257 354112 421396 353868 420634 363602 431881 354741 422037 352580 419030 351397 417397 351514 417705 357286 424959 356699 423458 357809 424374 357794 424988 353888 420632 356119 423721 355968 423210 352375 418783 356390 424008 354529 422010 358953 426319 354742 421612 359284 426933 358751 425688 360369 427295 354305 421013 352875 419647 356909 424590 356216 423930 352929 419905 361815 429284 353652 420179 356157 422604 362368 430020 355303 422489 357268 424487 361632 429259 361931 430209 361166 428651 350604 417202 356995 424315 360887 429180 354469 421686 362062 429795 349969 416086 2003
358026 425510 356010 423258 358929 426412 357665 424613 359588 427325 360478 428015 357705 425477 361053 429201 360144 427075 360864 428258 358700 426404 361973 429986 354529 421622 352088 418285 353580 420691 361916 428847 353705 420664 352932 419906 361277 428519 355528 422412 354739 421479 358948 426636 361490 428891 357830 424926 358201 426132 356808 423583 359819 427143 356903 423802 355739 423183 355224 422494 362564 430093 361348 428308 354908 421448 361362 428466 360434 427978 358294 424673 355769 422443 352933 418899 360972 428839 353676 420860 350472 416397 359925 427562 352149 418817 351832 417881 354153 420624 356031 423795 356242 423837 354495 421671 356244 423001 353632 420509 361163 428495 360219 427948 357581 425047 355473 422607 358404 426022 360814 428217 356178 423079 355305 422324 358398 425774 360992 428273 360694 428874 354821 422161 364343 431872 358099 425585 356179 423242 356492 424097 353265 419511 357642 425313 356265 423256 356397 423771 356264 422476 356838 423772 354116 420556 359910 427119 356814 424240 360460 427638 361487 429310 355099 422253 358585 426177 353496 420731 357986 425183 360661 428388 353759 420732 357948 425641 340392 404328 353911 420418 353200 419556 358279 425832 352442 418424 273155 324564 360439 428080 356621 423027 351984 418444 356502 424225 361441 428765 355094 422701 356952 423759 359954 427065 356724 423852 353609 420426 2201
362925 431057 360560 427861 358249 426283 354612 420855 354625 421734 361043 428890 359415 427256 359200 426171 356533 423059 360692 429280 363118 430719 361835 429632 359576 427107 346929 412785 355634 422723 360703 428386 354871 422166 359005 426647 356663 424676 359780 427751 351803 417887 354395 421019 350768 415744 361050 428445 361434 428673 361130 429129 358628 426724 273543 325099 361166 428374 357409 424135 361497 429049 355362 422381 365064 433071 361134 429036 352671 419172 357186 424434 363626 432166 355838 422992 360690 427652 357772 425300 362041 430458 358963 426045 361960 429945 357743 425385 355528 422765 345365 410293 359763 428346 356468 423714 362068 429707 361461 429211 355540 422063 358486 425803 355848 422916 358622 425933 357763 425529 353149 419864 355303 421659 361520 429418 358812 426585 356943 424556 356431 423673 359870 427693 357428 425110 363617 431432 360625 428189 356328 423074 360239 427741 360958 429674 359732 427437 358243 426034 360024 428335 357316 425154 345717 411316 358164 425731 360360 428215 358515 426457 362367 430887 356949 424660 360827 428167 354049 419958 360689 428206 350655 417113 358302 426051 356773 423216 357596 423429 360919 428996 357747 425723 350615 417222 350751 416712 356968 423941 356154 423247 360494 427834 359044 427348 357939 424623 358822 426215 364175 431267 356907 424689 363022 430900 359998 427252 353797 420729 2128
358881 425835 363706 431689 353276 419871 356153 422229 362932 430936 357488 424988 364710 432605 356713 424001 357044 423622 356997 423907 357224 424539 365249 433353 361367 429801 355138 422047 362815 431152 359683 427493 361144 428128 356457 423832 361136 429099 355446 422941 356710 424366 353702 419872 359334 427370 364498 432352 358368 425965 356255 423301 361029 429607 362391 430211 356268 423501 364420 432321 361308 429285 356564 424570 364811 433408 358022 426237 357746 424883 360660 427416 362042 429917 359379 428126 360956 429048 361734 429651 360614 427750 361518 428690 360969 428053 361827 430339 356274 423318 360350 428092 359012 426665 364056 431407 348772 414453 357844 425091 360462 428051 358154 425593 360572 427945 360388 428065 357520 425275 362068 430567 362343 430485 356672 423811 362526 430904 356872 424146 357540 425272 356757 423547 359659 426582 353763 419996 362354 431158 351390 418078 359624 427242 361998 430245 360583 427890 364052 432793 358310 425622 356344 423808 354755 421473 355559 422787 356849 423862 357902 425604 360162 427781 359831 426996 352891 419015 366362 434785 355781 422283 364063 431902 356537 423823 361623 428615 356437 423696 356616 423006 358574 425471 361387 429380 362005 429389 354963 421931 353047 419754 273100 324686 356548 423943 357538 425121 362103 430180 365582 433554 356446 424121 357177 424296 357057 424926 363829 431368 2211
364668 433134 362123 430204 360838 428529 357493 425340 355678 422479 345979 411473 359528 427546 361939 430371 358741 426536 360517 427277 358764 426789 364644 433848 361537 428766 362018 431013 361224 428479 355214 422201 359235 426987 359101 426748 363308 431295 361344 429380 358252 425774 358527 427091 363561 430886 357750 425542 360405 428459 359038 426517 352404 418856 355194 422373 362872 431136 355177 422173 360122 427130 358044 425789 361659 429652 360899 429058 353569 419699 357799 425582 357259 423800 358654 426503 362567 431014 353799 419536 362822 430392 361682 430293 355489 422334 358300 426258 360636 427936 358258 425678 362513 430345 358729 426229 363600 432337 363859 431825 361284 428160 363724 432017 363416 431262 358350 424966 364074 433185 365221 433533 360859 429265 357327 425218 357468 425159 357317 425113 362200 429571 357761 425546 361128 429308 363102 431555 354513 420542 362508 430509 360988 429199 357463 424418 361731 428623 363727 431058 359325 427675 363916 433014 358671 426312 358835 427137 348070 414329 356752 423882 364471 432350 357134 424691 355397 422061 361903 431143 357881 425357 350929 417073 368424 436976 364977 433729 356700 424296 345571 410168 364364 432197 355154 422317 362101 430275 357865 424979 353469 420045 356119 423539 362053 429764 359162 427230 359924 426998 359679 428090 364674 432323 359417 427375 362283 430853 364467 433401 2121
363664 432132 347856 413146 357770 425155 356172 423520 360937 428825 351744 417973 363014 431607 360482 428567 358655 427040 357720 423961 362323 431199 360112 427009 355288 422371 353253 419834 361814 429717 361962 430662 366014 434567 359568 427019 357476 424701 366176 434581 361408 429352 362511 431051 361018 429677 361678 429689 365070 432477 364375 433245 363727 432431 360394 428208 363508 432821 363577 431590 360714 428981 358818 426720 359874 427249 361693 430093 357329 425124 355389 421982 358252 425488 362705 430545 363058 431019 365723 433700 359313 427053 362378 430573 366173 434405 361983 430051 365513 433789 358776 426765 360374 427399 361460 429542 351805 418504 356238 422886 358845 427158 360044 427797 356069 423479 359640 427807 360330 428680 363057 431355 362900 431269 360714 429033 353310 419974 361710 430428 363107 431770 362942 431196 358302 425968 359758 427263 360186 428147 363796 432075 359359 426688 363011 431430 358856 426781 356738 424376 362750 430912 358667 426732 363533 431800 361343 430058 363394 431707 361146 429471 362456 430900 359125 427754 356739 423568 362335 430733 360310 428053 358768 426824 359325 427821 360234 428717 357262 424058 365675 434856 360869 428688 358696 426018 364370 432114 361141 429395 346015 410257 361613 429319 360648 429225 346957 412104 364232 432524 361275 428661 364430 432564 358399 426420 360502 428957 359646 426895 2046
361316 429157 359205 426254 360815 428576 363487 431773 360389 428958 365200 434577 366422 435833 364107 432939 365235 432878 359493 426912 357348 424735 366137 434795 360337 428443 358941 427325 363569 431440 361758 429151 361517 430034 360374 427766 362173 430193 360649 427149 365607 434997 361125 429229 364227 432199 367610 435864 361686 430302 362934 430440 357792 425259 360791 428528 365099 433361 367930 436107 361461 430162 359954 428424 361955 430263 341493 406358 363769 433377 360827 428803 365055 433124 358821 426432 368086 437003 363495 432042 358007 425634 360761 428277 364422 432674 361385 429859 364624 433044 363656 432420 361552 430371 359314 427596 358708 426618 359946 427624 347572 412239 364963 432178 357893 425184 362933 430970 364394 432952 360577 428062 362690 431324 363787 432203 362419 429428 363692 432477 360509 428156 355900 422026 361588 429937 357524 424939 367080 435653 362729 430633 351903 418495 361209 429580 361627 429101 357426 424859 366983 435123 358882 426232 366052 434435 362963 430793 366812 435709 361672 429134 350509 416174 367588 435696 360045 427427 357262 424751 357950 425154 364540 433691 359701 427863 364639 433271 362036 430562 360820 428718 363650 431879 360604 429117 365435 433814 355678 422723 362295 430671 361890 430086 359484 427401 358255 425632 362035 429506 361524 429889 360602 427645 364754 432484 362944 431476 357996 426117 2125
363579 432316 361458 429350 361805 429637 360162 428272 365335 434586 365850 434244 367244 436115 359079 426589 366726 435060 364528 432613 361431 429739 366342 434662 368813 437841 358154 424323 365676 434365 360220 428352 359100 426789 365635 435086 363659 432346 361211 429957 364222 432806 364206 432835 360194 428036 365960 434698 356556 423673 365976 433882 362909 431115 362331 429975 366181 434536 359805 428199 359603 427102 360155 428098 362374 431002 366662 435979 368000 436716 360271 427582 361246 429394 362645 429907 356293 424000 359105 426401 362100 430042 366736 435036 362677 430528 361731 430178 361071 429479 360023 428004 366318 435009 366830 435413 363732 432264 360233 428285 359825 427155 359770 427651 363010 430755 360362 428308 365721 434589 360325 428115 345373 410633 364246 433172 364925 434011 364021 433299 364207 433262 365179 433870 365401 434625 361054 429450 362180 430583 361276 430014 342326 407900 362595 431143 364646 433922 366293 435140 360142 428491 362504 430396 359261 426648 365904 434018 355820 422395 360682 429139 362820 431012 356167 423591 363192 431916 364061 432150 366273 434542 366902 435919 361193 429801 366435 434799 357251 423417 362248 430042 363149 430775 365023 432044 355776 423143 366529 436254 367231 435660 365151 433820 359339 426686 359850 428025 362890 431615 361759 429229 360719 429253 365102 433541 360813 427844 363964 433230 2303
367250 436565 359789 428164 362718 429891 360530 428340 361075 430157 361552 429847 363022 431043 369884 438889 360024 427802 362751 430545 359128 426225 367292 436338 360781 428594 364547 433562 365170 434186 360049 428100 364368 433062 365554 434615 365348 434138 361203 429546 361872 430722 362631 430543 361006 428951 361210 429872 359247 427032 363470 432203 362281 430888 365754 434013 367502 435409 361356 429035 354245 421029 369754 439245 364580 433067 363853 432189 366577 435221 361744 430526 363408 432085 362330 431017 369439 438059 355124 422372 360596 429090 368370 437185 363041 430935 365237 433471 366671 435707 363046 431219 364793 433854 368543 437593 367913 437838 367008 436051 368959 437284 359257 427124 364981 433903 360119 427757 365946 433954 361317 429172 362018 430196 364878 433801 368613 437274 368540 437767 366080 435177 360802 428082 359118 426893 366114 433560 368789 437716 362657 431383 362484 431677 365142 434246 366085 434081 353903 420502 358501 426473 368705 437116 365150 433612 362236 430112 359394 426823 367848 436198 365473 434773 367081 436674 364727 432919 362487 431027 365435 434126 360825 429127 368955 437159 364633 432981 360684 428287 359823 426984 361323 430393 363220 431695 361932 430097 359278 427447 359812 427696 367370 435700 362221 431218 366333 434724 359340 427590 366182 434245 361683 430302 366211 435162 360618 428836 361008 429298 2030
368768 438239 364342 433431 367586 436633 366414 435523 359358 427277 365489 434170 363488 432231 363044 431172 362579 430838 366764 435306 362821 431228 369534 438917 363140 431869 363064 431424 370423 439827 365158 434332 365852 435108 360998 428111 370338 439335 366863 435016 363621 431755 362037 430074 361806 430349 366260 435437 365609 434122 365437 434057 363181 431437 370358 439317 370511 439423 363009 431111 362572 431302 363321 431797 366349 435383 362910 431222 363277 431321 371151 440330 363005 431725 368643 437416 366927 436601 362975 431087 364523 433488 365071 433817 361355 429272 369879 439179 370233 439336 361741 430324 365564 433906 367664 436680 362080 430150 368420 437371 370357 439427 368973 436652 364135 432596 367220 436557 365317 434002 366833 435087 361654 430245 367422 437375 362358 430772 363443 431783 369484 438649 366256 435085 368403 437948 363232 431511 368184 436996 362527 430578 370680 440357 368702 437279 364473 433440 362926 431181 367181 435870 366639 435872 361837 428744 365587 434220 364050 433154 363726 432459 350559 415807 365714 433176 364573 433455 362197 430962 363814 432552 363295 432012 369689 438753 364516 433383 362148 429977 370154 439348 368168 436903 369380 438968 368223 436143 368227 435914 368160 437284 363176 431069 360912 428778 364810 432936 363437 431973 364493 432700 362320 430793 366239 434500 361443 429194 364853 433683 2180
364674 433347 364108 432984 362221 430312 370290 438951 364417 433534 368346 437870 361797 430277 368989 437917 364416 433454 368723 437553 360553 428948 357223 423756 370216 439922 368155 437722 364075 432476 368492 438019 367435 436764 361345 429708 367623 436950 358816 425503 361523 428442 366915 436513 361569 429488 361559 429209 367196 436703 364744 432885 371390 440457 361584 429799 351151 417827 367406 437266 367159 436376 363392 431626 356935 424047 367450 436585 368435 437301 364980 433843 363411 431743 353322 419619 359893 428145 360525 428604 365913 433954 366795 435760 363107 430910 365306 433688 361615 430005 366566 435749 365153 433741 365248 432959 354170 421872 363845 432730 361034 428036 279006 331407 362224 430755 366793 436325 369456 439110 366007 435271 367389 436827 368321 437334 363267 432643 367199 436319 371048 440361 368734 437639 364572 433681 370653 440908 361050 428915 365086 433862 369297 437857 367376 436444 367126 435672 368665 438271 364403 432697 367564 436310 368808 438827 350151 416030 368463 436849 370141 439592 366473 435508 365498 435271 368995 437766 371723 441354 363045 431848 359677 427557 365973 434648 361953 429425 366588 435790 366265 436118 365146 433269 366890 435519 360463 427756 366127 435547 370752 440378 368221 438135 364473 432681 367868 437038 358718 426507 362960 431155 364384 432335 366232 436207 368297 437873 363066 432057 2155
364486 433513 367538 436495 369136 438299 364139 431895 361929 430205 363410 431822 363088 432200 370324 438942 367134 437038 366197 434626 361528 429260 361570 429802 371810 441337 364807 434072 362232 430504 363532 431622 365157 433564 369451 438807 366846 434757 368903 438066 347078 411918 367428 436182 367299 436271 369620 439302 366514 435938 355346 422631 366718 435477 369354 439362 365051 434286 371188 441358 362377 430698 368610 438885 362766 430606 369490 439041 372276 441234 365551 434288 369462 439231 362619 431474 368069 436889 362555 429893 364419 433259 364821 433307 365918 435550 364471 432533 362545 430932 367543 435611 368261 436313 370971 440182 363897 432665 363110 431789 363543 432694 368144 436313 370954 439954 363663 432525 363187 431572 360029 427830 366801 435784 366611 435688 370045 439242 364283 433904 370077 439656 361419 428892 367106 436781 347988 413723 368445 437643 363525 431910 372763 442267 365749 435343 363177 432103 364556 433892 364619 432976 374423 444548 367007 436608 370473 439404 364412 433842 366642 435682 369680 439654 367657 437274 364971 434160 365798 434635 364077 432824 370863 440530 373319 442609 370328 439088 371160 440630 363562 432237 344568 409546 364923 432886 372258 441665 365876 434978 365674 434835 369464 438552 367391 436561 363230 431637 369751 439661 362610 431092 365513 434557 368258 436571 365073 433952 365173 433669 2343
369209 438124 372458 442475 373025 442618 369470 439304 370771 440400 367888 436847 368089 437511 369058 438718 366794 435685 365777 435435 373869 443368 365204 433597 361325 429533 371818 440905 370709 439186 367541 436376 370186 439689 374284 444046 367305 436698 373658 443644 371601 441829 370101 439963 371910 441458 364554 433409 368426 437809 369269 437485 370939 440840 368623 438113 364541 433221 357693 425667 363634 432711 367703 437067 370013 439546 368615 437526 362365 429999 368944 438527 363505 431999 367351 436653 365881 434888 367480 436485 373443 443665 364829 433739 280095 332649 365880 435011 370784 440604 369992 439866 347428 412406 364874 433576 374765 444253 372057 441583 369441 438922 365915 434878 365329 434463 360193 427467 362918 431378 367231 436712 364307 432482 367732 437300 364740 432934 372452 441171 370702 440535 366437 434844 371463 441152 365496 434215 371153 441184 365962 434642 369566 439848 371154 440527 367280 437094 367202 436520 368174 437724 364959 434674 370252 439736 370793 440941 365557 434580 357575 425354 362459 431275 363758 432525 370868 440366 364205 433101 362348 429515 369430 439131 362755 431114 368814 438590 369748 438827 359570 426958 364127 433325 355528 422136 371766 442288 371556 440581 365533 434637 367204 436507 369947 440166 369898 439377 368436 438617 366495 436121 368480 436657 369449 438752 365156 434429 369944 440084 2163
368903 438303 368154 437260 369519 437583 366562 436174 372884 442039 369005 438276 368210 437234 365344 433964 365951 435246 370462 440105 365317 433520 368506 438461 368403 438326 364893 432878 368123 437072 372743 442316 372019 442281 368498 437472 371203 440442 371392 441479 363487 432672 372474 442836 367642 437319 369004 438348 370177 439545 370401 439702 371177 440704 370083 439546 370668 439772 367667 437372 373703 443513 367724 436405 372704 442519 372429 442591 368031 436752 366553 436013 369395 439342 364832 433445 374204 443198 367656 438030 372304 442040 370868 440855 368609 436789 369379 439040 367703 435858 371193 440944 368160 437663 369358 438622 368559 438102 371790 441909 366885 436734 370258 440282 372290 441338 370963 441239 367122 436956 365598 434567 368126 437105 364499 433935 374501 445366 373280 443313 366806 436284 369562 439181 368903 438589 367980 437653 368994 438341 371801 441730 371559 441267 369228 437761 365174 433848 369800 439936 371978 441860 367460 437470 369723 439572 369465 439005 368069 437295 368039 437803 370250 440463 371653 442164 369249 438919 365597 433782 370218 440862 370533 440118 365591 434159 369671 440215 367536 437301 373417 443303 370929 441394 373339 443864 367026 435497 370629 439381 371112 440735 367574 437037 363025 431465 367623 436880 372847 442759 367625 437246 367685 436352 370718 440444 373658 443212 369724 438677 2177
373049 442408 370281 439731 371411 442204 365204 433962 368042 437584 370677 440401 367432 436057 365943 435145 374948 445356 369252 438594 367980 437039 375913 446047 370635 440457 373459 443592 372085 441492 371745 442012 372766 442852 373033 442730 366372 435223 370128 439560 364319 433004 368175 437409 367809 437763 369488 438911 368425 437576 376057 446516 371249 440251 373314 443826 369583 439149 365161 434253 366252 435595 366953 436967 372075 441692 364949 434234 367286 436894 370161 439457 368806 439033 369052 439143 371515 441580 365358 434423 366343 436118 370544 440180 372535 442291 372843 442230 371523 440893 366078 435823 365560 434878 373314 443509 366470 436109 370442 440409 368433 438198 369242 439841 360766 429289 368030 437159 365802 434667 372079 443033 370014 439780 369945 440270 366954 436176 367300 436792 366619 435557 366360 435699 367865 437613 366757 435877 369438 440227 372535 442594 366903 435854 368747 438397 370047 438415 373313 443491 367396 435944 368633 437050 369368 439067 371359 441484 367358 436100 369432 439395 368659 437281 376241 446700 368579 438286 365418 434321 373364 443208 365848 435029 359816 428068 373392 443122 366633 435137 369410 439156 372558 441657 367422 436612 368431 437813 371878 442067 366397 435467 363988 433044 371366 441192 370353 441107 282087 335293 373847 443454 373429 443213 373714 443823 370138 439873 373697 443633 2350
370918 440526 363082 432157 373862 444418 370435 440131 366541 435337 370732 440130 282219 334985 368773 438148 375298 445591 373434 443834 362445 431231 371616 442475 369919 439717 372614 442488 365065 434665 370966 441103 375806 446041 365442 434220 374292 444113 374584 444284 363947 432865 365300 434317 369096 438849 363963 432560 376401 446722 374256 444789 370112 439074 369360 438067 370287 440069 373986 444325 371862 442145 370951 440760 364722 432909 370459 440444 370735 441284 370308 439999 370884 439788 366518 436364 374827 444121 368590 438525 366703 436108 375228 444815 368166 437838 369417 438290 368965 438755 368199 438540 373496 442699 372773 443311 366998 436719 367544 437081 367684 437198 372071 442891 356341 422916 374039 443434 374211 445014 373458 444290 364789 434023 373740 443037 370707 441206 281081 333752 368662 437875 368224 437663 371920 441284 373089 443485 372319 442573 368657 437617 373416 442907 371126 440474 370348 439786 374799 444832 367266 436545 280474 333440 371595 440445 370302 440298 369051 438448 363588 431517 372563 443238 365008 434004 363473 431572 370656 440789 368396 437644 375475 446924 368551 437905 364388 433972 372003 442195 361824 429812 372032 442831 378095 448442 370254 439710 375264 444879 368439 438036 375129 445272 355402 420838 374749 444741 370787 439691 372158 442347 373237 442655 369901 438083 367891 437619 368904 438967 2122
373221 443353 368170 437711 368655 438749 370837 441600 370543 440447 368808 439492 370453 439677 372230 441860 367191 436428 372186 442166 367258 436415 369472 439220 377302 447349 366189 435621 367675 435744 364709 433158 371487 441592 369339 438428 373526 443437 368991 438933 366696 436089 372085 442363 374698 445477 372683 442002 374668 445001 365887 434552 372146 442382 367889 437797 375526 446108 372287 442379 370552 440147 370224 440665 368901 438523 376346 446867 368684 438141 375999 446223 366524 435493 367716 436346 368358 437538 373134 444254 370337 440171 372292 442216 373076 443757 372862 443053 368867 437538 369330 439366 369222 439280 373152 442802 369490 439504 369894 439434 374527 445659 374896 445702 373601 444187 371099 441174 373923 443403 374312 444704 370713 440116 370436 439782 372321 442113 282329 335598 371256 441636 373900 444340 369023 439246 374588 444844 376431 446811 366605 435771 370958 441517 372512 442641 372561 442593 372645 442482 367885 437456 375931 445971 373066 442717 283671 337271 372106 441661 376177 446895 352402 417762 370311 440564 372591 442712 359009 426850 371939 441003 371454 441286 368326 438085 372223 442632 374359 443710 371628 441500 354921 421610 373821 444384 369963 440038 374608 443689 369572 439503 370279 439093 370280 439903 369986 439951 370330 440545 366424 434419 373820 443941 369605 439755 374453 444081 370988 441061 2166
372980 442839 372183 442468 369552 439968 375164 444991 368456 437778 379069 449886 374187 444710 367035 435949 378658 449194 371475 441511 379378 449651 377451 448076 370961 440483 372326 441974 367924 438156 374071 444111 372141 442834 371563 442298 374337 444095 371690 442417 373358 443686 377852 447908 371305 440522 369313 438302 373799 444585 373255 443674 366082 434941 371651 442018 368492 438051 376109 447017 375100 445210 374567 445198 367827 437934 375178 445859 373933 443773 378626 449725 369582 439363 370540 441200 372390 442332 366394 435282 373999 445005 371728 441983 373791 443400 368920 439827 375914 445102 364786 433014 373018 443536 370418 440645 282523 335529 373128 443616 369323 439546 378161 448667 370177 440897 367502 436554 373969 443778 375061 445349 369578 439451 369502 439751 376057 447631 374022 444014 370554 440654 372405 442804 367384 435828 371443 441768 373694 444060 369503 439494 374495 444472 373736 444080 368701 438734 369210 438911 369616 439318 355676 422147 374322 444889 374356 444542 282271 335537 373358 443942 368207 437266 376592 447841 370822 440080 371289 441329 371972 442293 369053 439289 368549 438458 371055 441548 372317 442193 370928 440965 367357 436965 367991 437907 365759 434815 365478 435682 377558 448050 369744 440229 372435 441994 375793 445958 369959 440248 373369 443570 377380 447702 371067 441094 373865 445018 368552 437965 2195
374718 445426 374969 444624 371453 441471 366171 434737 376304 447191 373325 443185 368529 438311 377422 447333 373320 443879 376298 447264 374761 445398 368812 438988 365192 434059 373239 443306 370217 439691 367296 436429 370877 440700 375784 446304 370024 440285 373153 443716 364525 433760 372535 443103 369870 440345 370371 440129 373475 443902 370566 440166 375547 446602 370430 439621 373626 444254 373702 444834 375883 445931 373346 444056 366679 435522 370583 439139 375743 446242 372100 441680 372253 442514 373293 444238 370306 440912 376702 447456 374918 445107 377999 448577 372477 442293 371753 441816 373105 443539 374474 444706 372550 442954 375796 447199 374169 443525 373500 442684 375512 445981 370471 438893 377839 448690 376087 446461 374597 445542 366346 436133 372601 443435 377946 447525 368893 438588 357454 425148 371594 442075 376484 446863 375545 445956 377560 448894 371371 439905 368219 437401 375239 446310 372569 442403 381476 452254 372427 443197 366896 435554 374402 445487 373417 443607 376069 446476 373282 442999 373227 444376 371971 442401 367782 436752 371142 440179 371565 441768 376248 447229 372638 442312 370006 440162 374739 445220 356168 423441 372144 442721 370972 440739 373897 444851 355499 421214 371665 442213 371095 441046 375317 446625 371852 442677 366216 435571 380008 451316 370568 440452 372291 442690 375364 446436 373917 444403 370520 440722 2304
375066 446142 374871 444328 375663 446519 372491 442968 372686 443146 375857 446245 378725 449208 369453 438950 376055 447773 379243 448954 370935 441174 369081 438763 377577 448422 375351 445872 374144 444890 370942 440689 366056 435371 373535 443817 367477 436820 368860 439066 376336 445979 371217 441200 369543 439786 378841 450638 378394 449314 366874 435713 372774 443054 377328 448693 371411 441802 363456 432112 378917 450008 377039 447587 375807 446464 361178 429393 380099 451263 370961 440213 380596 451461 375738 446828 377131 448365 380607 451152 374758 445237 368361 437816 372459 442106 377224 448470 373957 444514 374799 445349 373179 443642 372904 442061 373071 443582 373202 443364 372683 442778 377380 447179 377284 447922 375709 446790 379752 450320 374723 444883 369771 439958 372775 442906 373454 443475 371924 442121 370451 439804 374063 444103 376588 447274 375224 446286 374912 445727 371234 441591 369616 439606 373674 443136 372753 443687 378066 449036 375396 446354 378601 449359 374476 445578 369938 439505 367534 437345 377762 448112 373600 443664 370570 440493 359387 426885 378073 448483 379649 450472 372856 443762 378149 449482 372838 441541 371513 440896 378210 449142 373967 444303 370543 440976 373809 444359 379313 449974 380743 451676 374073 444554 377277 447931 379493 450227 375688 446555 379019 449674 374626 445721 372391 443027 359568 427864 371933 442501 2233
373069 443933 376751 447446 375344 445560 372819 443341 375736 446825 377195 447134 380967 452689 371593 441965 368636 438530 372578 442481 376401 446662 376380 446917 375691 446579 376196 446415 375056 446184 375918 446839 374109 444109 373932 443975 377374 448525 366090 433412 377834 448623 372566 442816 379511 450429 380697 451151 367257 436373 372954 443314 370392 440113 379981 450694 367671 436626 373444 444031 376255 447701 380794 451680 364025 433186 376341 446482 372224 443101 367625 437121 371775 442256 382599 454608 373285 443009 373588 444405 378843 449544 371213 440545 373190 444806 375107 445433 284703 338166 377380 447516 375571 446318 377923 449345 380000 451118 371779 441925 379279 449815 373685 444547 376753 447441 377451 448526 365885 435417 380656 451480 378371 449935 373088 443208 377817 449258 372175 442231 370809 441306 377066 446844 376772 447128 377681 448540 371623 442191 372081 442843 373856 444417 371763 442150 373554 443671 380981 452880 372872 443716 371477 441381 372955 442821 373473 444134 376216 446889 370349 440411 379365 450567 376623 447230 376906 448221 372746 443875 375480 447032 375048 445129 377403 448609 372559 443375 376366 447106 373093 444094 372628 443389 373005 443723 374793 446323 365565 434518 371922 442838 370556 440638 374353 445026 371883 442366 371947 442368 373660 442847 372069 441782 376132 446925 370342 440368 379686 450701 2327
372976 443030 377593 448346 373920 444078 375863 446341 378628 450709 373785 444652 374234 445370 377255 448403 376548 447337 379678 450979 369808 439741 371255 441242 374794 445683 379138 450937 378704 448559 375336 445974 371164 440984 373744 444159 357632 425553 381114 452507 373227 443082 373034 444092 376725 447193 370397 440202 374402 444927 376853 447525 372858 443406 377058 447078 374594 445303 373951 444001 374577 444924 371136 441311 374635 446113 374015 444530 369513 438709 381761 453310 376843 448308 375396 446582 380422 451454 378018 449314 373853 444472 374609 445929 373862 444454 372623 443098 376649 446713 373331 444462 376209 446070 372242 443179 379291 450353 378303 449912 286972 340666 375106 445886 380181 452582 373500 444316 381048 452396 377999 449796 377728 449083 376883 447548 378587 449275 285377 338730 376148 446669 380286 450961 374959 445785 376432 447000 376737 448604 376016 446974 379315 451137 368993 438934 372701 443634 374693 444952 376956 448080 372840 443457 375126 445154 372393 443105 373951 444329 376083 446728 370762 441046 374062 444459 372994 444026 375018 445697 380371 451615 376498 447721 376349 447750 371346 442114 372776 442900 377286 447742 372033 441976 373438 444192 378750 449822 353136 420146 375293 445031 369722 439364 382025 453626 379241 449861 379656 450418 379603 450572 372002 442036 373030 443641 379121 449822 372277 443071 2115
374509 445739 376392 446679 381520 452397 366632 434793 379605 449876 376176 447077 379815 451664 359140 426806 378614 448742 378727 450346 377988 449670 374790 445325 369848 440124 381288 452566 376095 447275 373936 444616 377397 448003 379419 450910 377964 449545 377032 448029 375321 446054 377240 448476 377583 449120 381555 453588 366666 435969 375900 447128 377878 448381 382819 454059 380331 451399 376527 447398 381469 453178 377330 448540 371441 441166 375516 446248 376457 447065 373854 444256 379527 450213 377775 449066 375599 446598 379446 450328 376512 447743 375228 446113 381808 453218 370973 440960 372967 443878 375201 446531 377258 449598 372751 442925 374137 444314 377217 447744 380955 452200 372835 443516 376524 447646 373203 443090 377803 449558 378924 449236 371559 441125 373437 443961 380262 451247 373583 444775 371912 441326 379105 450860 371182 441961 376374 446790 379338 449732 366204 435134 366093 434876 380004 452078 375126 445859 380751 452140 382566 453436 381750 453436 374767 445884 377588 448730 378494 449877 381314 452355 379819 450240 377985 449568 374072 444932 374095 444858 375827 447265 379070 450355 372004 441866 373511 444083 377413 448756 377324 448679 376433 447000 376223 447343 377246 447889 377287 448393 367442 437148 377303 449182 376295 446987 382146 453230 379596 450462 374728 445866 379601 450885 384385 455633 373746 443029 379693 451531 2302
378865 450435 380648 451713 381302 452378 382581 453601 376578 448111 381463 452896 375437 446637 378539 449343 375224 446183 374002 444935 373270 444276 376141 446775 373502 444407 377106 448406 378889 449588 376545 447509 372664 442680 374071 444882 377778 448890 375992 446730 376317 447722 379487 451037 375640 446064 376777 447542 375986 446778 377540 448945 381647 453050 370157 440197 376770 448150 373106 443665 376359 447798 383878 455066 374121 444678 369559 439222 380444 451721 377456 448580 383479 454870 381960 453006 382362 454128 373923 444678 379828 451088 373557 444268 375775 446730 355683 423361 355734 423067 380683 451464 379187 450454 377796 448618 381116 452711 375334 445605 378517 450299 374957 445897 384747 456177 381984 453159 376066 446600 382345 453938 382753 453378 374101 444703 377300 447991 379244 449758 378543 450079 378964 449578 382715 455076 380706 451823 375101 445287 379874 451081 375624 446952 379042 450182 382163 453686 380611 452999 375855 446892 374936 446025 381925 453396 382890 455456 371193 441055 379492 450431 375203 446478 375608 446370 383356 455234 374544 445094 381191 452764 374844 445817 382530 453507 381449 452410 379833 451317 375211 446877 375341 446426 374490 444976 371139 441716 378416 449532 367982 437328 374276 444828 380816 451911 374045 443671 378736 450562 378530 449079 377472 448044 381861 454131 376946 447701 365426 434821 2237
381889 453091 371392 441552 380635 451090 381139 453212 383721 456423 378346 449389 368469 438759 374125 444150 383153 454319 384701 456372 378450 449339 381832 453095 383473 455134 384102 455547 379809 450664 380587 451663 378621 449876 381313 452881 376869 448458 379511 451006 378960 449887 384797 456326 374834 445245 379281 450600 381232 453691 378294 450186 377748 449154 380492 452040 375740 447076 378864 449349 380932 452452 377675 449859 381289 453616 375262 445856 374988 446075 380329 450758 379870 451226 381574 453369 380294 451759 374359 445225 379465 450477 372494 442585 379094 450953 382132 454373 377299 448257 378813 449498 372336 442849 379645 451299 375526 447658 373101 444007 384990 456909 378666 450370 378985 449381 379777 450570 379391 450840 375961 447335 383624 455110 382129 453980 379696 450580 372886 443519 380006 451434 379506 451029 382552 454463 384361 456319 376145 447144 377157 448476 375781 446975 375019 445353 381285 453596 356602 424846 380672 452250 382914 454215 380803 452813 381112 452655 381371 453212 373964 444373 379946 451266 381624 452702 381764 453321 375715 446767 381216 452266 375292 445824 376786 447688 384747 456731 373460 443922 381249 453770 363014 430976 377184 448150 380323 452237 371851 440653 379043 449875 378562 449964 377355 448791 375146 446119 377582 448305 378929 450550 375368 445780 380368 451893 379183 450882 377211 448641 2283
381664 453779 374365 444979 380647 451797 381602 452845 383016 455140 382363 454109 374082 444625 379989 451400 382756 454274 361939 428769 380062 450587 382090 453933 369057 438728 381739 454026 381365 452484 383781 456099 383309 454496 380188 452773 378753 449541 381940 454166 385724 457957 375747 447809 382415 454408 382221 453577 383664 456291 384314 456274 382925 454788 381019 451853 383044 455104 381787 453018 383012 454612 382647 454050 381489 452574 378650 450038 379686 451069 375871 447294 380178 451741 379466 451352 377648 447986 388149 460619 377733 448204 383943 456408 383239 455044 378599 449609 373468 443830 382114 453760 382342 454160 379415 451307 379167 450691 385202 457257 374185 443950 383178 454979 382839 455068 382376 454547 373858 444606 379240 451197 384619 455967 377569 449137 376470 446946 381120 452907 376210 447163 382931 454616 374834 445831 375441 446580 378990 451338 374206 444902 378017 449307 383105 454427 378934 449919 378071 448955 378091 449553 380838 452195 385728 457501 386592 459258 379642 451403 370356 439944 374292 444964 379156 450290 383224 454403 383116 455415 381961 454382 384678 456399 374850 444767 378219 449248 375517 445973 385498 458144 382249 454072 376931 447101 382352 454178 380818 452162 383155 455000 376120 447430 378287 450535 376362 447205 377343 449305 376163 447150 382133 452969 383691 454771 377459 448161 381965 453450 2294
379610 450743 373331 443417 378747 449876 378589 450422 378890 450452 382355 453416 376997 447273 383821 455984 379868 451622 377188 447193 386003 457904 380015 451727 378928 450742 382378 454633 383889 455864 375573 446601 381735 453742 372402 442607 379687 451322 384304 456080 386806 458800 371875 442478 291319 346265 382799 453552 374772 445501 379818 450993 383573 454732 376686 446461 379341 451296 382495 454746 367661 437972 388550 461789 380027 452338 382974 454898 382755 455466 377234 447787 382833 455110 381303 452400 380575 451802 384822 455859 375693 446405 386566 458518 378476 450304 382038 453331 384282 456364 377119 448566 378670 450911 380719 452915 382120 454104 386275 458503 378967 451163 381965 452535 381474 453333 383050 454542 381992 453866 375022 445399 378459 450206 382161 453796 379185 450681 383572 456113 375708 446586 385336 458060 380699 453098 382270 454130 379756 450994 383107 455102 381414 453938 376072 447524 380348 452011 383166 454398 381339 453080 378042 450025 381942 453618 379477 449979 379807 451340 376941 448180 382935 455348 373054 442880 384295 456382 377763 449513 383321 454751 383238 454368 357291 424857 378367 450085 380906 453094 368970 439394 376577 447751 378189 449774 383826 455616 381400 453239 382299 453875 375808 446812 381022 453134 382127 454204 378282 449279 378714 450108 376065 447394 381153 453220 377214 448185 384125 456567 2205
380062 451841 380427 451762 377832 449815 380605 453411 288929 343252 381387 453643 381605 453529 381315 453397 377365 449240 386135 458780 381117 453250 378801 449717 385794 457838 377046 448024 385492 456979 378694 450192 383582 456482 379996 450298 379239 451366 367712 437980 386659 459068 382015 454568 380130 450742 385059 456673 377566 448217 380257 452533 370646 440603 383126 455556 379288 451070 386225 458675 378549 450610 374788 445331 387722 460166 379334 450861 386522 459640 377696 449265 383473 455544 381111 453772 384273 457042 378839 450564 378400 450163 377918 448945 381873 453982 374083 445214 379640 451560 381752 453143 380214 451809 384223 457140 382022 453819 382100 453356 384734 456735 377788 449395 363479 431287 386007 457867 374336 445211 387088 459788 383993 456422 357523 425364 379385 451255 384283 456528 385533 457441 378244 449328 377752 449076 382215 454022 384258 456345 384104 454895 385774 457679 382448 454656 383142 455266 378945 450849 377374 448947 380466 450855 380587 451977 379253 451015 386502 458327 383859 456087 382432 453510 380631 451606 386912 459988 377130 448761 385477 458227 380369 452513 381564 453801 381971 454047 382997 454744 384870 456488 377849 449388 383348 454594 383068 455270 378283 449593 368804 438713 385245 457101 385140 458197 376718 447250 384727 456257 377361 448870 380149 451722 379893 451971 378386 449499 379882 451502 2197
382214 454108 385036 457557 375814 447216 384512 456231 384717 457711 384924 457450 387613 460294 385529 457259 382375 454068 376263 447633 384089 456364 379987 452094 378932 450253 385292 458206 376394 445983 381525 453418 384556 456266 385451 457475 381577 453133 377545 449005 383238 456431 382293 455122 385694 457160 385626 456947 388704 461449 379253 450580 377374 448766 378603 450186 388153 460447 380166 452329 383857 456270 384407 456110 380523 452509 377712 448540 381151 452317 383681 456373 364298 433400 381139 452745 385780 458324 382490 454648 381147 452457 382175 454117 384972 457681 377909 449020 379676 451554 378597 450066 377874 449623 379760 451577 380007 451544 386770 459332 381779 452684 386654 458594 380927 453485 381477 452277 384851 457441 379774 451620 379797 451604 383039 454915 383888 456440 384164 455626 381649 454025 378522 450719 383012 454191 377803 449032 382281 454425 377616 448664 386580 458447 383103 455640 379345 451331 380325 452084 379787 451406 384857 456518 384045 455869 379764 451513 378025 448936 385852 457521 383064 455225 379931 451761 382044 454608 381321 454316 381284 453080 379982 452132 381805 453778 382928 454599 381914 453627 387443 460548 381110 452293 360240 428565 386854 459085 379181 450637 381839 454640 384446 455884 377479 448746 381446 453328 382268 454470 383265 455494 378526 450591 377301 448487 361355 429028 383647 455714 2208
377591 449461 377420 448895 384765 457098 383752 456280 386145 458918 381103 453479 374005 445334 384104 456059 387268 459574 383239 455403 385099 456825 385147 457154 384669 457242 385512 458356 385308 457710 382327 454240 382529 453937 388545 460512 385715 457661 381858 454025 377059 447977 379994 451485 387668 460196 387780 460003 363841 432316 384484 456060 385944 458911 382652 454096 387173 458993 380100 451944 377532 449361 384296 457086 381860 453957 383098 455374 388935 461055 378636 450689 377527 448570 389394 461772 384140 456824 387854 461373 377214 448167 385919 458811 383657 456180 379646 451489 387132 458482 383217 454937 382685 454785 380520 452513 361362 429920 384302 456357 382815 454371 380787 453263 380164 452118 385601 458293 377502 448778 384176 456458 379570 451281 379972 450856 383505 454326 384547 457538 383005 454711 382595 455213 384338 456945 383409 455255 384610 456554 382924 454064 382361 454652 384454 457293 383735 455906 381482 454312 383536 456522 380899 452575 377089 448196 381493 453796 383127 455636 368444 437257 381320 454214 380735 451827 386993 460809 381508 452952 380319 452479 383857 455922 385367 457617 383194 456078 387135 458893 384490 456565 381163 453674 390005 462216 385695 458185 379545 451284 382095 454229 381266 453580 383483 456513 374829 445149 379841 451861 378192 449739 383560 456160 380376 451984 386699 458835 388034 460568 2094
387914 460018 387414 460096 382729 454727 381094 453299 376055 447287 386290 458399 381654 454111 386224 458977 387404 460275 385280 457688 381484 453534 389601 462347 382128 454348 381114 452812 383034 455522 384140 456044 388588 461325 380209 452635 386272 458961 383328 455226 387048 460019 381618 453733 382818 455028 377469 447714 380703 452561 385449 457472 383467 455749 384299 456615 389560 462458 385173 457313 380690 452936 382706 455048 384534 456951 385165 458095 385320 458476 373993 444177 382205 454488 385928 459506 382692 456011 377694 449136 381358 453252 386281 457876 386669 459015 388344 461122 385677 458048 383321 454402 382413 454708 384766 457368 385758 458791 382524 454948 384409 456792 381624 453873 383611 456285 386862 459351 382151 454504 384975 457330 386953 459469 383054 455069 388634 461606 384617 457163 385525 457972 380983 451875 370396 440723 384533 456909 387202 459782 380312 451966 389178 461865 380080 451651 383280 455791 373284 443864 386181 457860 380911 452958 383703 455178 382240 454014 379584 451209 380198 451552 385437 457597 389403 462226 362044 429821 384300 457221 384352 456670 383039 454432 380310 451585 381333 454123 388926 461635 382539 454924 379355 451160 381054 452713 386955 459983 383116 455299 382757 455293 379021 450390 387526 459560 383782 456848 385882 458531 381439 454025 383226 455258 382920 456056 389272 461840 380659 452084 2333
380934 452196 386840 459559 385489 457954 373688 443857 385033 456918 388137 461568 383960 457081 387877 460512 388051 460506 385589 458504 383095 455646 388950 461881 381884 453986 382029 454064 391908 465423 383948 456425 384311 456701 382661 454729 385735 458756 388497 460539 387211 460187 378614 449985 389765 463112 380999 453279 382811 455861 379707 451843 387408 460619 385990 457560 386975 459229 389534 462024 386321 458530 380018 451435 387395 460409 385518 457916 381935 454036 387947 460955 381677 454016 385157 457334 376389 447340 383415 455542 388867 461856 386364 458631 385269 457665 384897 457678 385111 458315 386162 458064 388707 462508 386103 458818 384234 456735 386849 458907 385952 458716 382522 455715 388025 460583 362219 430439 381885 453414 380495 452307 382312 454893 387530 460737 366573 436022 380973 452980 381014 452799 379577 449974 381646 453240 387275 460798 382214 454829 385691 458180 385957 458092 387420 460302 387045 459896 390100 462787 365220 433745 389303 461985 382876 455757 387967 460337 382031 454024 378555 450314 383477 455632 384149 455169 381437 452898 386943 459512 389572 462956 385452 457087 387693 460243 383657 455771 382057 453783 383616 456263 385915 458381 382329 455125 390533 463755 389415 462370 380062 452105 387484 459048 384431 456756 384415 457212 384241 456880 383463 456243 384261 456303 389495 462931 390788 463828 385377 457935 2174
377169 448214 383193 456176 387465 459991 388532 461161 383662 456479 389427 462934 377652 449491 385903 458862 389106 461734 384719 457248 379177 450459 385286 458492 388080 461217 391840 465161 387251 460445 387299 460405 391386 464462 385890 458742 383260 455793 381388 452803 386566 459191 389586 462317 386295 459427 380044 452409 387040 458971 391624 464250 372081 442890 383110 455869 387066 460103 385596 458100 382421 454099 388249 460654 374029 444888 383308 456074 382145 453102 388526 462409 384433 456420 382783 455544 388132 460382 386173 458622 369514 439787 369448 439294 384957 456654 389531 462976 387546 460878 386941 459810 385057 457837 382805 454746 384445 456652 385619 459111 383032 455423 383362 456417 385310 457885 389928 463006 387500 460200 387454 460619 366028 435447 391549 464785 383096 455213 385755 457942 387685 460256 367574 436548 384285 456848 392837 466620 384975 456392 388784 462193 381401 453568 377227 448724 381628 453263 383330 456162 381883 454596 386104 458922 381883 453758 390843 464346 380301 451938 388988 462534 388232 461054 380211 451638 392326 465188 383964 456347 388075 461803 384397 456513 385440 457793 381384 453790 378507 450347 385174 456595 386844 460099 382871 455013 388430 460541 387282 460630 381643 452789 390614 463068 389426 463648 383260 455956 386932 459744 387218 460261 385127 457501 383021 455704 380807 452697 389514 463226 2325
391033 463869 382946 454879 389443 462418 387493 460182 390455 463205 390573 462984 384532 457608 386359 458937 384578 456693 383556 455729 383331 456395 390009 462097 388926 462226 387500 460661 384901 457041 378871 450289 383671 454857 385430 457139 390441 463488 393793 466806 388788 460656 381536 453704 384909 457176 389259 462517 389185 462583 383620 455991 382378 453900 386658 459435 382162 453967 383605 456604 383650 456573 387952 460352 383219 454283 392484 466044 389860 463800 386854 459713 387417 460384 384931 457884 383235 455828 389891 463235 389440 462768 383406 456260 387281 459298 383646 456062 382773 454682 384109 457053 386536 460567 391298 463890 386639 459334 384102 456505 386271 458026 384034 457060 389968 463545 387715 461270 391931 464990 386672 458250 390943 464584 384116 457171 392464 465691 391341 464580 383580 456744 364467 433403 382418 454701 384678 457378 388649 461866 384995 456304 384047 456946 384734 456748 386120 459460 390979 464661 382876 455632 383557 456227 382703 455259 381480 452675 386973 458979 379079 451089 385838 458899 387114 459842 386694 460005 392712 466219 383694 456599 392621 465343 389162 462464 387573 460436 387443 460580 389732 462991 387776 460873 385962 459330 385466 458650 383736 457123 366047 434635 388470 460898 384412 456936 389177 462217 392851 466319 389960 462864 392407 465266 384361 456537 386786 459819 381923 454544 2167
386009 458381 393006 466880 389329 462537 391011 464606 382953 455419 391633 465579 385190 457701 382933 455263 386209 459576 369525 438931 387355 460596 389979 463233 384426 456847 391249 463895 386994 458870 387961 461376 389866 463244 387428 460444 386914 460338 385920 457643 387303 460852 386998 460002 389227 462476 389928 463256 393970 467832 388552 461778 383508 456252 384473 457428 388948 461658 381849 453881 385536 458900 388084 460770 385573 458492 383932 456360 388937 460923 385333 458105 384069 456898 385202 457359 391566 465139 393007 465916 389048 462106 385855 458142 388945 462028 385407 458451 393165 466400 389506 463404 390072 463558 392497 465967 390756 464430 377873 449370 388238 461222 386679 459653 391879 466531 390599 463728 381269 453359 383115 455477 387386 460873 386797 459461 392518 467082 385153 458177 390378 462998 386345 459052 388744 460664 383383 456643 385404 458571 384902 457955 386199 458976 389332 462596 386930 460034 384734 456131 382106 454213 389690 463170 392470 466387 386797 459669 385176 457961 391182 463504 386108 459110 392476 465475 391129 464692 386904 459649 385067 458361 387021 460536 392306 465312 391455 465076 384193 456795 385331 457832 391488 464987 388917 460564 391779 465633 390038 462522 386545 459479 386304 459260 387205 460045 389952 463927 387466 459717 382100 453937 384011 456578 386776 458905 382975 455040 385462 458187 2363
390715 463965 394484 467752 390088 463170 392604 465458 390965 463872 374722 445656 391751 464346 374067 444922 387787 460840 390254 464327 387049 460538 386094 458892 392648 466150 387073 460804 389944 464087 392669 465452 395110 468918 390121 463253 388463 461231 385941 458940 390190 463476 393693 467386 386014 459556 384495 456749 389596 462853 385453 458691 396560 469998 391778 465421 382883 455450 385274 458835 388865 462800 388945 462537 386335 458852 389176 461164 388955 462916 387280 461222 385293 458586 389076 461350 390184 463403 382268 454278 394628 468730 393041 466910 389813 462395 385285 458331 383856 455785 389941 462927 386032 459116 384308 457055 389130 463157 387192 460706 389178 462315 385990 459029 382337 454675 389156 462226 390731 464605 389462 461894 389084 461085 368562 437711 392408 465670 389570 462342 383514 455393 392853 466077 386992 459710 388570 461465 385796 458561 388268 462299 385284 458948 387473 461133 385201 457505 386716 460245 388377 461992 384877 457645 385128 457310 386117 459733 390862 464116 392788 467034 391657 465399 390372 463056 385288 457611 395580 469638 386106 458359 363801 432776 388531 462144 390175 462775 364452 433930 389739 462998 385047 458415 389358 463149 389907 462771 386975 460288 387481 459725 385343 458448 382007 453101 389370 462404 384708 457108 385184 458200 382877 454478 381229 453213 394317 467803 389375 462426 2356
395248 469089 392618 466538 391790 464988 388119 461035 392786 465869 376872 447835 387858 460313 390103 464033 389602 463441 387432 460847 392536 465696 387491 459905 390552 464276 390231 464429 383411 455874 388388 461396 388519 460916 392752 466781 385907 458432 385430 457655 390330 463476 387843 461050 390793 464746 386296 459033 386877 459794 393098 466215 382863 455344 392612 466133 387825 460930 387625 461382 385637 458496 383345 456235 386248 458794 389244 463522 395007 468878 391193 465219 393838 467095 393671 468623 387200 460015 367893 436412 392050 465632 385273 457875 381960 452765 393027 466696 385278 458752 293523 348870 387975 460972 391304 465194 296007 351823 393047 466218 385268 457757 385143 458290 390036 463730 389283 461530 392108 465916 388298 461278 395533 469528 392282 466728 389396 462552 391157 464836 393025 466551 386034 458659 389614 462602 389377 462755 387464 460044 368151 438019 388437 461792 391499 464828 384234 456340 388021 461258 390380 464648 383242 455245 385643 458774 392703 466269 389241 462777 385827 458703 386421 459572 383745 456467 390504 463473 388405 462314 388511 461840 391110 465099 390601 464108 394386 468502 388023 460825 387520 460959 388364 461428 392070 465312 383810 456109 395521 469726 394974 468596 386842 459929 387796 461327 390027 463809 379899 451641 394335 468302 389296 461854 296972 352725 386435 459559 390882 465011 2282
393279 467714 387709 461017 387833 461563 396155 470070 393309 467309 395956 469906 388086 461711 389549 463164 390580 463776 389763 463357 392290 465382 384282 455183 392237 467127 385678 457920 391999 465965 389770 464043 390984 464957 371217 440835 388040 460966 391752 466012 364906 433682 393925 468142 390112 463472 367929 437842 387491 459680 393643 467390 385806 458021 388616 461014 389794 463358 397021 471463 391128 464781 392853 466800 390038 463234 391544 464543 392084 466151 392525 466243 392167 466573 390639 464557 397793 472035 389287 463435 391617 464833 387304 460271 390322 462795 388192 461708 390492 464028 394352 468376 387480 460603 394995 469626 386009 459433 388978 462672 388991 463511 394559 468137 384822 458169 385808 458458 390936 464881 389795 463196 389742 463169 391596 466124 392361 466610 387735 460542 384381 457263 393234 467288 387575 460703 393150 466582 390580 464626 395567 469038 384728 457241 393793 467783 385729 458917 396330 470650 388435 460754 389851 462832 391084 463687 393660 467886 386703 459843 388267 461464 392088 466346 392959 466823 391719 465326 393944 467763 391831 465881 391389 465442 395187 469271 392328 466237 390260 463674 396779 470753 386063 459201 388298 461655 390817 464019 386287 459577 394146 466975 372398 442675 391216 465074 389446 462954 389704 463000 396878 471472 387357 460757 387271 460081 387516 461225 372324 442291 2285
396848 470621 387821 460906 393722 467723 389573 464124 395253 469927 392218 465613 390243 464023 388687 462270 390660 464555 390689 464640 393825 468114 391795 464637 394271 467361 392304 466438 296129 351908 392483 466758 397041 471240 385792 458474 389707 463296 390026 463410 388349 461436 393270 466555 395160 469030 398109 472121 387000 459757 395367 469607 390890 464644 391183 464911 389003 462420 390196 462797 395038 468962 391839 465179 386713 458931 385417 457485 391334 464379 389567 463003 389614 463191 390561 463802 392995 467256 372612 443053 395088 468416 389377 463202 383777 456598 393842 468257 388034 461325 367595 436901 393595 467039 393742 466715 370639 440806 395002 468835 386330 460193 393702 467388 388585 462371 386158 458282 391851 465761 395263 469452 392598 465441 390804 464624 392154 465571 385037 457982 387401 460718 393170 466993 395673 470523 391270 465054 390968 464783 393611 467989 388057 461630 396037 470075 371022 441183 388764 462184 397858 472314 397335 471377 390067 463721 395078 468218 388639 462043 391303 464989 384712 457502 391297 463992 394737 468931 391463 465239 387244 461134 389787 463829 391337 464861 387346 460374 390554 464669 394129 468463 387913 461091 397788 472522 386554 459677 390059 463732 393836 467216 392503 466437 386499 459494 391661 465711 395456 468718 390592 463097 388739 462536 391691 464966 380319 452141 388450 461469 2272
395594 470522 389035 461718 395223 469520 394276 468911 397230 471607 390594 464458 385476 457982 392753 467113 394250 468421 391014 464140 394071 468166 393558 467033 392989 467196 394967 469549 395812 469317 396842 471227 388587 462091 392261 466685 395248 469505 395751 469789 390047 463713 393052 466397 387359 460502 388250 461744 391980 466409 389314 462450 393442 467734 391291 464939 391813 466171 397431 471239 398416 473109 395138 469094 396583 471500 393793 468082 394667 468884 395544 469186 393122 466630 385521 458147 370550 439941 387181 460202 392481 466121 393059 465326 394687 469235 390174 463489 397177 470773 393953 468253 394284 468697 386473 459382 390721 464236 397468 471660 396655 471022 397236 471292 382380 454654 393680 467908 390819 465338 394243 467303 393960 468645 396332 470840 394042 468647 399238 473666 398046 472017 389448 462546 390928 465727 388199 461442 390045 463310 390995 465383 400401 474989 394828 469887 389875 463687 390795 464080 387910 460181 392367 465815 391070 465496 395404 468813 391626 465447 395120 469216 394543 467900 389508 462723 397904 472381 397241 471337 396186 470086 387894 460212 390269 463825 372813 441612 389308 463018 394696 468817 386103 457885 379899 450743 393358 466934 391649 466048 389306 462147 387625 461448 396042 469285 391644 465290 395286 469479 395502 468993 388084 461778 300513 356880 394273 467423 392543 466200 2272
392724 466616 391894 465755 386624 460012 390824 464270 389863 464161 392841 467521 393841 467590 394936 469171 390862 464201 398884 473101 388976 462412 396891 471181 391603 465049 391518 466043 395946 470649 394603 468945 387663 460402 400735 475835 396883 471309 390800 464370 398118 472095 389807 464136 392236 466698 391949 465373 390716 464000 392925 466952 397637 472320 370970 441425 389343 461640 397932 472868 390854 465455 389692 463014 392433 466498 389924 463985 392421 465526 399258 474168 391829 465167 395916 470345 390813 464647 393867 468233 389764 463946 391146 465589 393250 467371 401413 476497 392878 467312 389745 463754 397211 471468 387856 461366 391630 465819 393328 467996 393625 468439 391751 465707 388837 462702 385947 458361 395019 467583 399306 473491 390848 464594 392032 466423 389878 462766 394914 469059 367822 437263 376631 447008 392048 465801 394222 468746 395196 468940 397704 471900 389155 462492 398111 473017 392815 466759 394169 467517 394744 468487 393071 467574 394376 469089 398470 472753 396180 470176 389798 463920 394060 467872 390203 464112 391208 465141 399015 473707 387839 460277 398931 472777 387630 461212 394565 467938 395916 470746 392005 465741 392233 466937 394237 468528 396089 470531 395463 470098 391736 465724 393946 468841 395170 469559 393140 467631 394264 467833 390772 465141 390064 463622 399031 473889 391841 465480 393538 468921 2332
392960 467205 403176 478585 392328 466924 393456 467894 393858 468502 398847 473420 399103 474344 395039 470153 393123 467710 385617 459217 398581 474065 397988 472623 395959 470806 395941 470333 390884 464480 393590 467763 389322 462544 397885 471498 392955 467211 395538 470178 394365 467749 394143 468395 394942 468477 385975 458563 389562 462806 399388 474167 393010 467598 396810 471734 392314 466726 396395 471153 390022 464428 399149 473762 388809 461513 396525 471189 398894 472843 395298 470072 399539 473769 396678 469708 388973 462551 395532 470202 393784 468506 393541 467904 391280 465762 386103 459721 393771 468266 391099 465402 394222 467914 393775 468295 394397 468396 394114 468286 392325 466545 395483 469799 398966 472463 390183 464414 401505 476765 393831 467868 388341 462255 389220 462471 395515 469896 394135 468766 395539 470315 390038 463959 395936 471320 390668 464102 394966 468426 396675 472046 395954 470101 390316 464224 391338 465278 391794 465148 389956 463793 391170 464267 396391 469814 398395 472105 392785 467146 389427 463077 392313 465295 393262 467795 393433 467540 395447 470008 396480 471520 392903 467180 392950 466363 394756 469294 392648 466046 393905 467965 397345 472405 389816 463474 299712 356100 397258 470655 384375 456777 396633 470742 392779 466453 394127 469145 396697 470623 396992 471534 391548 465375 395350 469354 389460 463376 392784 467663 2332
391603 465122 370840 440400 391393 465452 393230 467429 397916 472601 395259 469857 392511 466903 394854 469208 395981 470498 400829 475570 394372 469644 388473 461908 370599 439984 398459 473183 394992 469857 392520 466554 395933 470126 390302 463969 399964 475027 394793 469462 393113 467900 392843 466809 397700 472649 392230 466371 393652 468240 393241 468144 398509 473583 391574 465489 391638 464536 399613 474223 396806 471736 400137 475052 389227 463314 392688 466643 390458 464702 397075 471445 394693 468844 393108 467162 396495 471209 384654 457425 394792 469641 395209 470504 395058 468747 389070 462571 392818 467453 393193 467321 391941 465905 395878 470394 391406 465945 399974 474275 393262 467824 397772 472315 399545 474840 391122 465403 392074 466378 393207 466999 398396 473033 389676 463512 396355 471372 397259 471607 397817 473621 394420 469253 395972 470079 387016 459184 397856 474115 392225 466521 398332 474261 393150 467315 393618 468138 393338 467738 399487 474860 396980 471934 394615 469377 393385 467884 369630 439350 393773 468233 398179 472455 394547 468731 392972 467477 389095 462846 388191 461568 401416 476280 401782 476970 395054 469415 382730 454322 381832 454272 395915 470955 370853 440962 390879 465011 390975 465515 396291 470613 390452 464112 397821 472440 393860 467586 392402 466903 391527 465391 394090 469105 396736 471109 394758 469229 394357 468091 2291
397360 472893 392680 467016 399931 474301 396065 470672 395570 470215 394165 467193 397957 473152 397599 472298 391344 464744 399264 474300 395509 470110 400543 476602 396875 472003 388902 462927 398130 473408 393724 468507 392429 467251 400291 475132 394049 468814 399066 473664 393957 468280 399027 473239 395369 469779 390673 464499 403048 477541 392775 467143 397681 471777 394965 469891 400264 474631 394742 468947 400544 474835 395826 470755 394479 469076 395759 469901 398837 473804 395213 469007 396304 471129 401223 475535 397362 471758 396886 471122 398185 472805 397863 472895 393867 468135 401528 476988 391495 464581 394916 469888 399704 474503 397558 472004 400594 474762 394529 469460 394651 468922 399484 474713 395077 470071 395393 470252 398719 473287 393826 468813 395411 471003 393062 467041 400384 475293 392578 466997 393885 468266 400524 475892 397023 472102 391729 465621 398073 471915 399271 473120 395401 470039 395695 471029 394238 468907 393280 468126 397936 472420 392896 467245 400896 475481 396098 471354 399772 474254 397679 471876 401315 476012 397801 472550 391853 465931 401200 475918 388414 461653 396980 471943 392033 466185 397164 472002 401881 476316 396322 471030 396260 470859 400995 475762 390095 462845 396787 471912 397508 471584 395690 470277 396102 471465 393074 467208 398203 473393 396930 471433 397728 473120 395968 471414 392767 467374 395153 468553 2311
395412 470366 397259 472192 397206 471950 398435 473286 395650 470320 399750 474707 391501 464668 398639 473540 394019 468829 398827 473218 396231 471545 393630 468226 400321 476693 371069 441342 400904 476369 402096 477138 393126 467091 394171 468064 399562 475409 399906 474818 394154 468970 399651 474277 397112 471267 394265 469218 394509 468573 400988 475460 392795 466802 402632 478366 393910 468678 374935 446597 383951 456650 398749 474046 398770 473607 394168 468955 396368 471375 400438 475113 397490 472918 399868 475044 392676 466871 384086 456736 397457 472164 394222 468466 393869 467685 394358 469541 394985 469362 392062 466781 401422 475998 398047 473332 393561 468360 396103 471121 392546 466179 396833 472029 398815 473867 393734 468366 401453 475945 397168 471783 395191 469981 397645 473026 396190 471040 395925 470716 399904 474802 399497 474666 403727 479376 401222 476626 398503 473542 393848 468097 397879 472072 398478 473489 398311 472382 398932 472262 391853 466155 396407 471438 398534 471933 393459 468035 394050 467895 392975 467464 394925 469551 396106 471410 399018 473137 393654 467927 398656 473569 397368 472668 393959 468958 392260 466818 385819 458512 301665 358701 399903 474884 397900 473693 394507 468037 299427 355830 396078 469846 396190 470059 392007 465635 392656 465927 396923 471685 391011 465282 398657 473001 393620 467774 393800 468254 402392 477456 2363
394391 468140 397481 472447 400072 476344 390536 464022 396551 471348 401180 476418 394025 468181 399384 473922 397754 471993 393408 468040 393258 467224 393611 468250 394049 468875 399834 476035 394620 468939 400746 476159 394585 469737 401457 476864 392482 466526 396205 470034 392781 467019 394738 469741 402498 477518 390844 464184 402070 476763 398752 473793 395079 469363 400388 476352 397337 471192 396045 470633 400963 474975 398936 474105 397159 471955 395542 470732 396369 471682 403386 479225 397402 472274 378397 449659 403487 478644 401298 476313 399736 474435 384301 457610 400415 476503 392769 467006 403237 478759 404579 480610 398016 473043 397821 472136 393083 467806 400142 475584 395842 470352 400053 475116 396285 470888 397695 473621 398188 472848 394336 468931 400892 475563 396045 470458 403678 479271 402843 477553 399839 475617 398325 473143 393676 468355 397054 471917 388736 461691 399713 474989 400917 476168 402877 477772 397352 472421 396597 472071 395314 469926 395365 469987 392323 466327 400069 474721 395221 470745 395149 470794 401132 476986 396317 471183 396580 471054 394505 468972 402419 477372 404627 480066 394163 468314 400515 474862 399334 475284 388013 461419 394015 468031 401491 476181 391284 465093 395664 470599 399924 474986 395778 470893 395284 470059 394034 468428 402380 477338 375701 446931 398527 472566 401313 476585 394509 469192 399191 474632 2375
397962 472512 393645 467573 397714 472765 379976 450603 397312 472212 400349 475272 398879 473145 399636 475121 398775 474259 396944 472528 394433 468925 366666 435735 400048 475046 400905 476426 401126 476381 399451 474130 394352 468278 397602 471780 403926 479245 399442 473497 397590 472268 394622 469402 392678 466909 393213 468261 403897 479218 398032 473087 401258 477057 400117 475756 397867 473211 401774 477290 398828 473832 397173 472731 402814 477831 399810 475934 397769 473556 398887 474023 403595 479224 398553 474381 393174 466654 401374 476137 398634 473877 399082 475013 399626 474686 397665 472000 403329 478961 387431 460427 404440 479274 398347 473481 397667 472230 394856 469451 396934 472152 401519 477268 393697 468497 395158 470146 397651 473648 402000 477258 405448 482060 400250 476320 400901 476295 401919 477740 401013 476226 397231 472430 399751 475341 396469 470685 396361 471828 402648 476994 399288 474722 394570 469410 401983 478203 403599 478600 399232 474043 401633 477317 402243 478273 383231 454975 401054 477076 398021 472274 400613 476007 396547 471719 403093 478720 400470 475234 401506 476439 403342 478305 397336 472693 401021 476386 404314 479685 401645 476888 398634 474284 402394 478082 400645 475774 396534 471995 404882 480146 395429 468729 395879 470726 400568 476082 399634 475603 399322 473804 393379 467164 401926 477002 399772 474733 396314 470425 2352
401120 476469 404427 479804 392441 465804 400385 475904 397933 473052 404883 480421 405196 480593 400780 476721 396906 472260 398008 472420 404178 479544 404393 479492 400548 476156 395432 469883 404245 479734 400642 475967 396709 471195 404403 479863 395823 470909 400455 476742 395110 469557 397582 472631 393852 466906 400045 474642 400574 475804 396602 471360 398988 474194 396371 471605 399454 475278 407145 482835 402370 477705 401245 476705 402203 477219 391689 466187 405179 480551 397923 472678 402550 476682 398848 474043 378209 448827 396920 471426 394951 469743 398255 473196 398908 474516 393833 468708 402519 477633 392628 466383 399878 476050 399459 474612 402056 476527 397039 471910 402105 477626 400526 476017 378935 450059 303010 360391 399151 474608 400136 476007 403368 478672 404406 480489 401872 476646 401867 477990 403415 479472 402711 478510 402921 479247 399547 474863 404460 480235 396624 471008 394505 468658 399632 475061 403646 480400 400441 475706 395296 470239 404178 479566 395444 469654 397489 471651 401430 475793 398781 474307 402480 478370 403394 479272 407252 483890 400357 475540 401457 476636 401460 475786 392906 467342 395653 471021 401615 477309 392321 467306 404253 478770 404016 480124 403459 479011 398578 473915 393496 468147 400411 475825 402975 477928 395361 469645 393037 466668 405081 481089 393260 466562 400978 476885 406093 482208 396763 471563 2449
401512 476928 403938 479816 406420 482504 396078 470808 399859 474828 386033 458749 401733 477024 400539 475848 397280 472466 395846 470710 398383 473838 385174 457815 403444 479391 400022 475779 400060 474797 401284 477545 397693 472741 396330 470371 397250 472363 397436 473082 406433 482457 403028 479101 403676 478850 405741 481137 404239 480574 397250 472710 395756 470749 398501 473887 403755 479423 406273 481413 380573 451814 397782 472916 395674 471142 401773 477434 392337 466220 398997 475013 400942 475729 399346 474733 384578 456010 399508 475014 406177 481201 406944 482377 403243 479023 392941 467093 404068 480254 405104 480516 400109 475681 399373 474259 386812 459937 402755 478567 406754 483163 399749 474521 400732 476496 399340 475028 406331 481872 396682 471360 406660 482862 403206 479103 392108 465062 395308 469446 398467 473766 398786 473865 398044 473815 393642 467558 400717 476767 376035 446900 404467 479942 402551 477813 398638 473352 392546 466534 397065 472649 405135 480437 398777 474220 396866 473086 394816 469303 405985 481066 401000 476820 399052 474464 400183 475802 398669 473556 406419 482615 401745 477533 404992 480333 404452 479421 403889 479703 396660 471844 400949 476903 400114 475812 404634 480715 402829 478978 398326 473443 403516 479704 399364 475161 399388 473647 397583 471687 405631 482008 393774 468783 402583 478385 404844 481257 398116 473484 2376
403742 479267 396479 471069 401370 478100 400646 476795 399012 474829 403240 479711 406457 481954 395462 470121 400602 476967 406174 481538 402233 478308 398883 475258 393809 468212 405939 481467 404343 479525 403789 478790 402327 478061 399820 475494 407479 483403 397195 472770 403074 478824 401998 477730 404070 480750 401022 477118 390992 464470 398310 473408 392901 467508 398773 474492 400664 476247 402334 477949 401617 476690 403573 479434 401693 477685 405023 480737 400754 475566 404180 480894 400795 476410 398181 473470 402927 478358 398470 474705 402843 477482 400537 476795 401805 477236 393873 467779 400223 476385 402697 478129 400290 475716 405059 481256 404103 480192 399783 475571 404358 481078 403954 480118 402700 477972 405031 481601 396202 471206 398012 472951 397523 472648 402123 478270 398138 473147 403783 480362 403659 479764 398155 472614 403930 479746 399853 475920 398309 474271 403259 479522 398338 472789 402947 477923 406150 482479 403656 478904 388536 460607 398657 473614 399025 474832 400386 476201 405023 481244 398408 473669 402187 476963 401599 477559 403391 479856 383153 455711 399364 475147 398267 474481 399523 474620 395960 471291 403251 480106 405554 481843 402408 479243 400106 475716 401532 476988 403883 479877 404764 480862 400932 477509 402651 478595 399340 474622 406005 481490 408086 484108 399026 473805 404003 479625 397845 472586 396907 472016 2383
400331 476594 401862 478556 403414 479908 380480 452059 399570 475695 406787 482765 398800 474341 385615 458308 404120 479602 403671 479500 402907 479496 405705 481797 402313 478265 403743 480702 403435 479290 399291 474271 400230 476050 397872 472880 408969 484312 400419 476916 396890 470739 398385 473757 398857 474412 404578 480323 399518 475192 398605 474407 377895 448573 398654 473781 404282 480740 396152 470710 406421 482472 400533 475905 407772 483490 384951 457046 405857 482099 405491 480779 404342 479952 408772 486083 406519 482121 405124 481699 396056 471331 401493 477089 396546 471506 396893 472369 406996 482911 400057 475297 397087 472186 404048 480650 404312 481246 399524 474718 402271 478559 395797 470186 401020 476931 404646 480531 404155 479243 400002 475764 397970 472631 399201 474549 404784 481469 402260 477599 404938 481480 399371 473508 400002 475807 405760 480611 402882 478825 398750 474541 402135 477958 399523 475404 400478 476180 400878 475452 401883 478159 403763 479761 399199 474537 397806 473032 404103 479668 400000 474792 400877 477098 400311 475226 402947 479049 403624 480246 405244 481415 398549 474080 397221 471870 407144 482881 401171 476807 402403 478099 403230 478368 403349 478809 403883 479731 404199 481162 400802 476682 403030 478954 405017 481401 375552 446389 405759 482755 403382 479229 406033 482158 401689 476757 407318 483073 407032 483472 2263
398501 473318 401378 476422 402415 478487 401463 477512 403185 479552 403959 480570 409940 485544 405191 480793 402928 479085 400604 477365 402006 477682 408786 484769 402209 478496 375833 446308 401667 477067 397847 472955 404194 480166 408403 484780 404890 481362 403282 479425 400914 476746 405702 482052 407740 484254 397877 472182 400766 476456 407435 484683 403301 479116 404309 480079 403910 479796 403063 478281 403713 480433 402700 477860 407772 482816 405003 481410 404125 480469 405681 482378 405072 481903 385110 457045 404230 480209 402473 478599 399363 475072 405041 481060 308510 366436 402271 478180 387960 460053 404018 478807 409107 485684 402222 478549 406130 483303 399607 475145 405333 480835 399704 475425 402716 479041 401329 477139 403250 479268 382668 455428 399815 475712 306040 363971 407936 483999 406117 482234 406210 482972 402206 477553 410749 487802 399574 474597 398996 474452 402563 477413 402966 478058 399471 474544 400098 475107 408889 484971 406288 483343 402995 479192 400910 476581 401225 477269 404114 479519 402843 478548 407038 481768 399495 473945 407364 483499 400913 477474 401261 477013 404237 480637 405103 481565 408517 485019 402069 478346 409183 484408 404550 481161 396708 471461 408789 484980 397545 472313 402806 478957 402686 478711 405005 481439 402964 479004 406839 482257 407296 483028 404800 481410 400738 476295 401608 477468 399814 475582 2405
410699 487328 404768 480918 392542 467133 406035 482223 406971 482081 403195 478982 409403 486140 408209 485067 411049 487854 402132 477903 410974 487851 407672 484645 402214 478510 401624 476890 408466 484970 403890 480177 408040 484603 404111 479165 399943 476182 400858 475972 405961 482884 400154 475887 385407 458218 402665 478311 403791 479689 399428 474267 400536 476474 403706 479444 408253 483897 408810 485624 380135 452181 399675 475367 402416 478216 408765 484856 404034 479547 402963 479219 406373 482826 398693 473616 401569 477824 406735 481921 403690 479749 399000 474120 404211 480539 381103 452985 404346 481155 399209 474651 408113 483866 402767 479309 406403 482645 404858 480661 399555 475710 399190 474577 401975 478223 401597 477546 391866 466456 401657 477652 401237 477094 402245 477911 403565 479711 405624 481829 399127 474425 403037 479585 399416 474606 404432 480873 402047 478855 407995 484442 405876 482092 406077 482357 406246 482490 403402 479798 408057 484666 400251 475596 402441 478654 411649 488695 403407 478993 402341 478929 411908 487966 397937 473043 408146 484642 408724 485068 381298 453656 394881 469632 401960 476949 403300 479812 403941 480340 402592 478799 405526 482708 401262 476178 407472 484041 402751 479050 403560 479581 404291 479720 403857 480987 405293 481568 398711 474232 397021 472805 409399 485673 403833 480232 408942 485321 399630 475348 2366
402920 480290 409690 486261 404824 480509 406887 483968 404023 480273 409762 486787 402443 478258 401755 477247 402240 478433 408357 485490 400387 475913 407799 484302 410176 487276 402907 479870 402846 479733 386068 458416 399869 475267 401657 478151 407628 483544 411050 487503 409890 486401 404460 481451 403995 479339 405437 482080 402663 478727 402770 479320 405392 481853 410133 487912 397460 472718 408043 483324 406412 482950 402961 478777 410933 487110 404246 480543 383040 454964 403482 478848 387146 459427 407672 483898 407446 484207 408770 484264 401263 476028 401071 477495 408516 484576 412539 489831 405730 482083 402981 479165 406693 483883 410257 486440 402475 479239 412151 489490 405466 481862 406020 482508 405244 481567 392053 464659 405467 482230 407763 485175 404642 480540 411779 488387 400181 475730 405626 482683 401593 476886 404573 480716 397705 473402 400269 476708 404691 480324 402013 477761 406836 482869 403446 479863 401550 477210 383488 455413 401189 477283 395753 470178 412020 488673 401419 477103 405480 482204 407351 483508 407437 484603 404679 480495 407037 484281 401664 477845 407292 484188 408639 484776 402024 478046 401631 477127 400952 477141 404881 481184 405247 481943 399545 475506 404246 480277 406077 482954 399724 474131 405883 482419 403893 478639 403047 479052 402823 479192 403829 479600 403409 479433 408361 485021 409442 486322 400122 475764 2213
407350 483897 409834 486742 403036 479385 407038 482703 403916 480630 402764 478835 402398 478199 411447 488053 413433 490738 405861 482838 412354 489984 407023 483837 405690 482144 405838 482375 406282 482984 410102 486731 407920 485330 403298 479923 406615 483774 403376 479739 407176 484230 401342 477413 403076 478878 404729 480377 400609 476947 405328 481671 400949 476292 404286 480130 413305 489744 407135 483953 407687 484259 400971 475782 405468 482212 404720 479752 404929 481318 406909 483901 405814 482042 404646 480816 405808 482232 407971 484646 408537 484506 405624 481876 403338 479183 407004 483487 398861 474616 402416 478734 409889 486600 404270 481382 408114 484237 408747 485690 403948 480609 407602 483768 408600 486034 411098 488293 408667 485392 402925 479212 407610 483684 407247 483793 406578 482890 402185 477980 409334 485404 403337 480060 407924 484626 405115 481101 405439 480618 408078 484156 398352 473447 408342 484109 408543 485456 403244 479369 405251 482854 412276 488949 401716 477400 410561 487778 403584 479588 402302 478308 412225 488894 403116 479837 406503 482292 404236 479713 406323 483138 402245 476946 407127 483971 403230 479344 402242 477539 412011 488398 403622 479037 405298 481650 403041 479353 399655 474981 402370 478119 406436 482169 406312 483019 405352 481997 401409 476995 404925 481179 403318 479520 401631 477483 403992 479285 410878 487176 2552
411095 488447 411436 489285 404190 480448 404502 480918 403345 479896 407573 484544 406618 482481 406714 482818 408493 485499 408322 485589 406657 483779 408560 485807 402919 479572 403207 479463 404672 481160 406500 483150 404135 480191 408144 484275 407967 485298 408635 485155 405395 482407 402204 477679 404035 480094 404288 480618 405245 481688 412339 490788 413742 490498 406684 483657 404727 480719 409832 486001 407255 484268 405194 481349 410671 486984 406438 483499 408267 484956 406580 482883 404198 480715 403996 480911 406527 482791 406922 483540 411127 488060 408979 484997 408404 485815 408196 485588 401170 477216 406670 484148 406924 482633 403363 479337 404583 480791 408544 485886 400081 475731 408294 485057 412170 489785 408227 485053 404127 480912 402165 477774 406828 482277 392631 467544 402316 478591 409697 486555 408506 486799 395810 471263 404862 481229 411492 488540 407017 484306 404679 481165 411216 487998 308796 367262 414296 491386 409898 487099 414080 491697 409868 487390 410763 487588 412063 488335 400992 476024 405140 481844 407109 482511 404508 481158 401391 477276 402293 478378 408134 485369 402270 478160 401656 477959 402407 478352 403376 479610 406703 483702 408167 484787 409270 487111 403647 480526 408447 485234 399208 475344 408454 484540 402626 478767 405670 482867 403768 479578 405729 482009 385728 458946 408398 484687 406549 484123 413424 490488 2356
410517 487408 400161 475659 409452 486706 407026 484298 405448 481690 413692 491485 406710 483754 406041 481801 406333 483668 402561 478640 411020 487624 411333 487786 410112 486860 411399 489179 410070 488245 406715 483509 406417 483576 406564 482828 401880 477907 405799 482818 408181 484792 408574 486121 411178 488331 408123 484903 413100 490465 409062 486126 408889 486498 410100 487208 407481 484500 406572 483333 399049 474558 413417 490754 408795 486449 405229 482017 405173 481575 402946 478751 410690 487508 410431 487361 381352 453401 410168 487538 408142 485501 412255 489508 384189 456616 404988 481990 409872 487347 408680 486027 407493 484296 407704 484245 405610 482295 397559 472944 411925 488897 405740 482679 410203 487487 406080 483154 407601 484608 405857 483602 409769 486791 405696 482244 401647 476894 414599 491862 407857 484531 407003 483374 402581 479201 410648 487420 410743 487270 404768 480972 414006 490998 411570 489249 402527 479013 408910 484368 407260 484530 410178 487843 405870 483209 407744 484582 411835 488655 405783 482986 408804 486198 411022 488356 412383 490593 401260 476663 405738 483191 403317 478575 408708 485566 407211 483920 413722 490464 404605 481216 406911 483855 410732 487480 412220 488974 405590 481740 403239 479787 408545 486099 402394 478195 405105 482081 408226 485167 409374 486084 412514 489138 413155 490306 403757 480605 410484 487575 2292
406302 482247 404737 481027 413069 489998 414328 491879 415030 493057 409554 486476 413514 490677 412377 489838 409585 487106 410992 488305 409333 486176 410698 487706 408130 484895 410154 486824 411051 489245 408981 485999 400379 475772 411308 488786 406271 482638 408508 485796 407433 483605 406719 483056 409344 486783 408928 485416 406916 484011 407513 483772 410603 487748 412248 489294 413323 490009 413267 490328 408408 485376 409962 488029 413679 491310 410637 486227 412125 489003 414352 491611 410874 487657 409101 485838 408291 484528 401432 476213 409747 486654 406993 483656 408230 484804 408470 484769 410077 487530 413695 491046 406924 484024 411502 488591 410967 487681 411426 487336 406257 483187 406246 483532 412051 489806 407423 484640 412754 490377 410015 486555 412500 490219 414010 491827 389019 462790 405367 482251 409180 486016 412688 490132 413928 491141 406617 483044 413484 490586 405694 482410 404614 481390 404231 480490 411136 488877 407840 484875 407926 484485 411349 488600 406777 483705 412940 490330 406970 483692 415440 492991 410215 486353 407751 485526 408730 486134 404883 481211 401050 476611 409657 486902 403880 480365 406393 483944 409302 486964 405966 483020 407450 484228 408848 487296 400990 476981 414569 492893 412238 488779 414093 491426 310385 369093 404996 481966 409365 486889 408477 485237 413563 489822 401804 477332 409439 486388 409858 486366 2533
409972 487345 410626 488089 411793 488770 414048 492669 412547 489604 407346 483672 415370 493116 409640 487371 406334 483029 416705 494201 411974 490645 406026 483287 416177 493705 403303 479646 408551 485830 413242 491021 414375 490896 406296 482852 407568 485136 413132 491390 402310 478481 405696 482209 411183 488085 405767 481954 408876 486152 404475 479885 410750 488501 310751 369842 407598 484051 408444 485599 401749 476987 412042 489545 403309 479622 407599 484845 411181 488825 414472 491484 410269 487984 406298 483511 396740 472542 409489 486789 406475 483184 410864 488579 415677 493421 407546 484681 404712 481926 402039 477741 405017 481844 408108 484136 406691 483041 413643 491474 412623 489360 414374 491223 407976 484611 413872 491042 412974 490353 410728 487454 414208 492473 412898 490946 406999 484088 411405 488896 407259 484699 406102 483682 408630 486165 416501 494526 383420 456501 410547 488439 411961 489064 410953 488832 413402 491099 414549 493479 411459 489415 409534 485363 406020 482467 408191 484860 398911 474132 408605 485558 410384 487309 408550 485870 409396 485795 414013 491337 406220 483234 415319 492357 406980 483251 409387 486437 410005 486255 413700 491117 404280 480860 406025 482168 410789 488418 409665 486993 407011 483401 407396 484468 405331 480835 406726 483413 413048 490047 412792 490259 409531 486933 407114 484992 409924 488279 407979 485022 2391
415251 492721 411438 488318 407632 484931 414511 492277 417486 495792 406340 481726 407581 484606 412321 490320 413690 492375 414509 491170 409253 486895 416334 493483 409957 487755 408841 485592 410946 488653 407257 484210 415110 492107 413623 492019 405841 482541 411275 488828 406839 483157 408697 486224 412300 490003 409889 487703 411022 488087 416014 494505 408291 485814 407174 484606 410489 487671 413200 490917 416522 493968 407730 484930 410702 488211 411585 489723 411569 488858 408890 485531 409434 486192 418428 496662 405942 482447 415353 492406 396866 472549 414542 492958 411368 489011 411420 489546 407751 484917 414503 491144 408462 484752 408342 486260 414465 492122 401408 477491 412441 489079 413750 491646 415460 492950 415038 492799 414977 492325 414940 492663 413409 491323 397548 473203 406167 482818 403348 479204 414370 491037 410434 488529 410114 486528 414342 492326 403216 478635 410268 487806 408659 485446 410624 488076 410945 488916 414636 491515 409627 486884 414507 491971 417607 495884 417127 494886 414560 492444 411521 488722 408205 484980 417233 495464 409689 487448 406376 483791 415114 492525 409856 487680 414199 492365 410926 488340 414666 492817 408567 485962 410626 487710 416766 494503 409199 486878 412860 490899 410555 487396 408709 484881 413006 489898 417140 495425 406780 483635 408073 485748 412334 489255 411907 489121 414652 492068 412542 490406 2435
409420 486496 407625 485234 416146 494072 413363 490803 412447 489716 408488 485461 408978 485822 413882 491735 411829 488984 415967 494409 406353 483973 409808 487612 413950 492039 416040 493412 409764 486588 414803 492225 408533 485359 417110 494787 414470 493106 408112 484944 409138 486782 417210 494647 406992 483929 412153 490237 411207 488912 415230 493471 410365 487071 408664 485285 410655 488317 408381 485762 409163 485506 409296 485980 409185 485967 412172 489664 415277 492749 312151 370887 409110 486319 410763 488685 407226 484068 412854 490296 411793 489724 416241 494246 417267 495373 416868 493994 407590 484801 411004 488840 410031 487944 409289 486805 411755 487943 409148 487063 407299 484431 408479 485034 413535 492162 413611 491238 410946 489043 406135 483288 410846 487949 418024 496038 409244 486371 413998 491299 408031 485094 407898 485731 416501 493091 409495 487090 414224 492319 387374 459529 414388 491861 408939 486479 410030 487355 407563 483566 408793 486225 409019 486567 410416 488068 409262 486536 410683 487745 311533 370212 405314 482568 414089 492451 413399 490062 410433 487608 415759 493308 414998 493050 378159 449770 409670 486635 410247 487931 404422 480383 413294 490815 417097 495267 414182 491857 411697 489539 410847 488938 388878 461754 409734 487773 414797 492433 408993 486474 409299 486957 415900 494558 409146 486024 409461 487520 411505 488963 2451
414626 491970 409579 485872 405325 481254 415313 493064 414209 492096 416278 494255 413748 491974 407400 483828 410406 488341 413822 492357 416695 495026 406655 483296 419874 499193 417310 495568 414510 492768 410241 488418 415313 493457 314889 374279 406490 482054 411421 489053 414046 492048 410659 488062 412929 490282 410700 488294 411402 489372 412868 490783 417526 496004 411801 489465 411640 488998 406239 483300 414128 491978 411589 489893 413954 490522 408978 486305 415002 493071 411234 488950 409067 486224 415411 494142 417233 496106 412584 489423 414002 491589 415103 493360 415480 492280 411660 489147 410240 487684 414956 492356 406372 482996 414167 492073 417031 495571 409922 488695 411871 489862 412017 489561 409314 486890 412873 490011 410473 486799 415396 492676 416182 494593 411143 488764 412731 490582 411621 488981 416842 494848 405365 481778 406574 483730 406647 482470 415923 494144 408715 486632 411448 489106 415607 492941 410554 488399 416166 494873 412678 490478 416927 494572 415600 493452 408242 485966 407877 484155 414138 490885 408716 485998 392120 466315 407485 484782 410764 488607 411788 489948 410015 488009 404470 481609 412066 489928 408678 485716 411021 488384 417056 495645 416845 495310 409539 487582 412709 490713 419455 498076 412399 490595 408315 485413 407444 484727 416466 494337 415111 492834 408492 485485 313376 372358 408180 485433 417016 495726 2423
412366 490498 415824 494259 417276 495743 416017 493481 411522 489445 408433 485655 409688 487075 408942 486550 411873 490022 411618 489533 417557 495120 410708 488445 415923 494549 415621 494982 407700 484257 410887 489937 408824 486092 407839 485219 412000 489672 416383 495530 314161 373716 407281 484685 418469 496936 415591 493735 410953 488655 410095 486971 416736 495258 412451 489650 410538 488469 416127 494768 415898 493844 411064 487307 313664 372827 419352 497234 413455 491824 413233 491475 414760 492491 415256 493184 416647 493904 409757 487399 418075 496496 409860 487164 410719 487851 394875 469019 410282 486967 413337 491147 411452 488884 408994 485719 407926 485333 415774 493331 414594 493118 413478 491818 412243 490200 412295 490430 387238 460495 413718 491973 408283 485422 412326 490234 412659 490398 410520 489285 409129 486656 417861 496440 400170 475547 409288 486725 408660 486590 408633 485338 412719 491082 413419 491282 410505 487340 406643 483438 409999 488007 410277 488099 407052 484143 414385 492904 412384 489465 412911 489292 410084 487741 420334 499005 418469 496631 416221 493885 412418 490214 406744 483608 413698 493000 417198 495554 412605 490982 408236 485299 410774 487706 418524 497160 415417 493376 409490 486155 414994 492236 404923 482105 411178 488410 413723 491161 416397 494318 415331 494272 416389 495466 415504 493839 413086 491259 410339 488282 2411
416669 495440 421823 500721 409986 487139 418348 496926 415654 493464 418965 497136 417697 496325 412336 490800 411857 489328 417177 496498 410721 488059 409314 486820 415665 493579 413757 491586 415864 494045 410330 487678 411344 489299 416866 494355 411481 488840 389563 463280 407107 484195 411389 488731 414031 491647 411014 488385 412576 490659 416957 495336 413371 491798 413902 492014 412205 489278 407715 484984 413005 491579 414706 493858 409917 487253 421589 500476 420138 499448 410070 487129 416132 494833 408640 485814 411680 489281 413631 491109 419110 498142 410896 488943 411567 489364 412623 490865 414771 492536 414148 492396 410124 486094 409478 486819 415624 492831 402952 479601 412679 489731 412213 490396 408196 484591 413555 491692 411296 489606 412873 491322 410766 488501 413687 490352 417563 496917 415172 493745 413606 492539 414284 493178 411246 488816 410348 488452 413230 491148 411650 490133 415737 494112 409241 486338 416384 494276 404721 480123 412529 489058 419109 497304 418388 497573 412496 489947 418476 497120 407205 483610 421995 500242 414862 492928 412492 490799 409135 486987 411846 488654 416542 493780 408508 485843 419328 498003 410383 488455 419548 498702 409249 487102 420739 499783 417217 496294 415542 494338 404672 481019 418430 496619 410578 488371 408637 485087 415411 494203 415107 492649 412281 489983 416572 494707 408814 486241 412717 490497 2361
409194 486557 409539 486754 420034 499287 412387 489357 418994 496799 414395 493445 417537 495541 416305 495143 410952 489274 418116 495711 402324 476920 420358 498646 405585 481643 413504 491689 416972 494839 410566 488078 414174 492202 410155 487082 412257 490690 415396 493814 420073 497743 418493 497611 411919 490342 415718 493738 412425 489463 416938 494799 414136 491776 411276 489320 417704 495666 420314 499681 419295 497476 413934 492065 415408 493636 416254 494325 397348 472218 408965 486276 419565 497804 417916 496453 416170 494688 412732 490791 415948 494554 411824 489335 416353 493079 416206 494575 421456 500018 416616 493659 412241 490411 418162 496795 417762 495949 406376 483725 412413 490092 410585 488306 419720 498167 413617 491286 416000 495519 408066 485015 313873 373179 413316 491406 411985 490320 407640 484794 415558 494152 420711 499266 414560 491875 404411 481921 411552 489846 415573 494336 414064 491787 416432 495162 420983 499286 412576 489722 415696 493662 418386 497343 413174 490584 406605 482851 418388 496787 422217 501684 418564 497184 408108 485452 418678 497679 407009 483572 411484 489623 405765 482625 417847 497239 417480 495495 420454 498630 419235 497097 410307 487931 417901 497068 416376 493682 418306 495832 410047 487211 421240 499781 412119 490366 412367 490764 416518 494752 420955 500002 411416 489083 421529 500065 409376 486583 415013 493864 2498
416054 494443 411519 488972 414740 492856 412716 491341 411627 489485 413191 491381 418249 497299 417371 495766 405594 482265 415467 494138 416972 495549 421236 500573 415792 494068 415793 494308 413909 491761 422506 501175 417580 495650 415788 494790 418673 496923 410094 488127 412326 490844 413434 491919 412912 490659 419019 497149 410318 487616 417360 496129 410516 487691 411372 488907 412424 490963 410167 487758 417455 496424 415478 494105 412083 490700 412916 491146 417078 494767 414594 492498 423017 502107 415617 493971 414888 492533 412330 490342 407163 484601 421075 499990 421249 499795 416518 495122 413497 492112 412966 490746 418731 497531 417769 495524 416914 495182 413741 492378 418746 498124 411567 488486 417429 496352 411293 488781 411698 489319 415259 493437 419111 496978 420768 499561 417905 496576 415014 493503 418362 496937 416934 495673 418120 496122 414127 493000 421231 499741 416891 494058 419570 497923 419670 498659 415451 493846 418956 498725 416572 494042 315250 374605 416106 493242 417147 496668 416355 495572 409909 487486 418883 498265 418110 497250 420140 499005 410425 487120 417256 496026 416131 494575 413904 491202 423402 502077 414759 492693 411251 488347 406965 483430 421617 500747 414372 492566 419750 499499 417309 495730 416266 494961 414467 492817 413447 492050 415480 493045 410391 487992 417602 496337 411699 488533 413067 490948 418546 496475 2373
417581 495695 420028 499592 414598 492768 417113 495078 418452 497376 412310 490161 422325 501739 412952 491085 411040 488129 415389 493940 415039 492740 417768 496780 421294 500497 413671 491970 417649 496810 413703 492429 423123 501664 412095 489982 415186 492751 422522 501223 412683 490859 405139 481902 415777 494537 416443 496398 419121 498121 415267 493088 419405 498034 413509 492357 414021 492608 413475 491841 416828 495629 424075 503882 418064 497049 416288 495190 414738 493191 413297 492224 414120 492142 417067 496065 416037 494720 416401 495052 417946 495681 417667 496464 414651 492669 415239 494513 317733 377335 415274 492885 418462 497238 420369 498731 417047 496727 412350 490476 409718 486887 413774 492418 414130 491862 413821 492269 421148 499886 421139 499543 419486 498069 420309 499000 418876 497937 413351 491525 411407 489445 421321 500671 412132 490688 422349 500931 418550 497271 417083 496388 415019 494205 414114 492319 416260 495297 422006 500464 419781 498254 415778 494161 418370 497828 421016 500861 415022 493439 417423 496260 416030 495140 417926 496523 419348 497374 405023 481534 411673 488261 420512 499168 405724 482626 420743 498981 416821 496315 415485 492488 418454 497513 418677 496332 416957 494078 415005 493703 418404 497132 395473 469585 415339 493788 417747 497029 412730 490327 422168 500839 416072 495017 421338 501020 423231 503021 417950 495921 2435
416762 494806 413291 491100 418789 496524 416262 494982 408517 485696 421169 498965 418067 496565 418969 497077 414130 492524 416336 494755 419239 498429 415545 493916 415281 492532 422862 502253 419878 499247 411180 488450 421339 500876 418969 498197 414412 492480 417387 495863 417325 495886 415650 494738 415935 494263 415953 494698 420192 499638 416809 495346 411337 489353 420738 499583 423584 502520 410575 488223 416966 495386 415886 494401 416691 495897 420382 498825 403133 479498 416706 495750 423960 504002 415084 492956 419813 499446 412930 490924 418618 496462 408859 486426 422177 501376 422256 501426 420544 499923 419783 499023 419760 499211 421318 500351 416823 493700 416277 495165 419093 498342 417054 495877 419638 499547 421017 500981 418602 498273 416425 494870 419458 497472 412869 491267 416062 496010 396427 471646 318654 378615 416564 495146 410073 487756 417580 495807 412889 490725 407967 484651 413522 492061 414643 492945 422050 501137 414471 493382 418503 497490 415098 494113 414482 492510 417595 496944 423021 502290 423682 503003 413966 492104 413762 492725 422938 501862 421843 500350 420425 499157 420117 499939 412584 491085 409119 486267 421582 500883 422224 500175 410249 487138 415523 493484 421105 500547 414253 491650 423172 502054 416942 495477 414070 492428 415290 493493 419915 499881 416291 495326 412530 490382 417584 496556 413325 491790 413247 491088 2447
421825 502241 414216 492334 419601 498893 422586 501751 420589 499926 413932 492171 416526 494021 412924 490667 421816 501604 417488 496104 414491 492872 422536 501678 424060 502645 418526 497197 414111 492492 411024 488380 393281 467723 415985 495123 420787 500233 414447 493520 420427 498790 423424 503451 423324 502633 411200 488035 417289 496146 416960 495820 423916 503013 422754 501480 414546 493669 420207 499292 416570 495253 418951 498377 416024 494617 421148 500633 417880 496803 422259 501720 415188 493769 415505 493880 414265 492291 423736 502931 420680 499762 421884 501835 420078 499904 421189 500827 412867 489625 414788 492674 420519 499771 414203 492245 413241 491219 419273 498021 418296 497076 416960 496188 420153 500059 418841 498075 415856 494154 421258 500367 415552 494126 414271 492553 419130 498345 420958 500504 414299 492277 415219 493489 418876 498386 423046 502558 421362 500759 414272 492652 424346 504441 416964 495928 398186 473455 418162 497046 425686 504594 418575 497337 418663 497278 423147 502803 418061 497350 417296 495612 425230 504166 400045 475041 419875 499337 413665 491737 421984 501604 419946 499079 421932 500960 414917 493423 422469 503023 412650 490899 420467 499566 412845 490964 406753 483992 417386 496309 419040 498733 416850 495233 417526 495808 421668 501185 416968 495564 422382 501590 417997 497320 422687 502058 419767 499144 419437 498312 2490
404531 480884 403328 479797 415686 494853 423964 504215 422350 501457 417129 496422 410983 488155 422867 502463 414389 493187 422543 501335 417838 496637 419512 498977 412461 490922 422817 502542 421006 499557 419327 498210 416785 495443 419533 497786 424478 504229 425973 505716 415053 493537 421686 500064 421773 500604 422232 502308 422981 502974 415472 493979 415730 494926 418283 497101 420779 500688 420014 499147 425257 505651 419978 499235 411816 488903 405775 481712 414602 493134 424023 503845 420331 499771 416922 496209 418622 496967 421999 501907 418293 497745 418469 497538 422586 501916 424227 503811 419590 498802 422634 501707 415221 494442 418032 496560 424409 503800 425268 504546 418760 498443 417361 496804 416916 495652 423727 503268 419927 499444 419917 499096 417110 495704 413297 491165 420540 498248 417821 497237 419534 499335 421593 500473 418482 497371 415987 494416 425291 505973 424979 503915 415997 494123 417448 496358 421207 500730 414692 493283 418866 497984 409275 485413 415818 494827 420458 500561 421607 501080 424121 503785 419856 498172 414477 492767 419892 499524 419335 498202 421736 501862 414207 492936 418438 497464 423387 503118 421501 499370 419872 499043 419115 497931 424107 504638 423004 502211 426774 507239 416925 495306 422393 501857 417307 496456 418062 496468 418698 496866 418853 497187 397465 472301 414043 492615 425904 505741 418171 497678 2490
414650 493017 418858 497868 419520 498832 414443 493056 418978 498204 417270 495593 426219 505569 417009 496694 420102 499607 418616 497168 422489 501403 423414 502975 421965 501497 416402 495371 424933 505350 422531 501747 421592 501332 419007 497588 418237 496854 421406 500306 424590 504555 424364 502985 420903 500218 395052 469549 421601 500456 421177 500139 415634 494241 414937 493089 418291 497766 417010 495318 417043 495479 415147 493647 414432 493471 424980 504510 406349 483837 419417 498964 424720 504135 420352 498880 420488 499068 423453 504120 416349 494930 414801 492865 402259 477067 415327 494165 417790 497294 427638 508463 422036 501873 421432 499858 423774 503154 418073 496654 423820 504004 420727 499897 424691 503737 421389 500342 418987 497372 418957 497950 418914 498727 415345 493344 421914 501729 422095 501187 423227 501746 423788 502866 416564 495227 422582 503190 419769 498766 421392 501158 423924 502536 414745 493246 421885 501911 420883 500349 424267 503794 425044 504060 421529 501019 424653 504486 413086 491628 419108 498434 419057 497402 419248 497901 425152 505291 425008 504051 427539 507617 419628 497217 422104 500895 418312 496764 418008 496747 424365 504693 425091 504711 420085 499920 420706 500648 411526 488886 422596 502817 421230 500274 422378 501047 418448 497420 405126 481730 422380 502098 419166 498328 418416 497829 419432 497909 417820 496332 2406
422830 502758 424565 503897 424189 503585 418532 498103 416498 494379 317192 377088 419951 500133 421081 500148 420336 499496 413845 492708 419957 499482 410628 487584 423693 504347 428348 508734 421763 501949 424723 503014 423626 503124 424844 504069 420234 499201 417812 496353 425855 505169 421409 500263 421534 500125 429180 508846 424333 504088 425852 506117 415098 491673 424228 504506 421109 500910 421641 500530 414969 493512 420307 498579 423085 502097 425649 506532 419940 499495 420902 501024 424702 503340 419216 499242 420997 500257 423387 503253 422779 501634 420721 499942 419734 499322 424337 503729 416415 494209 420889 501097 418970 498708 418309 497197 399968 475503 414216 492557 422805 501523 425002 505432 417131 495897 421371 501077 425169 505170 418652 498100 425555 505679 420187 499120 426255 506467 403806 479299 426273 506300 419970 499306 319336 379808 421632 501124 426205 506286 420994 499337 420763 500156 423320 501858 421049 499525 427913 507728 419216 498762 420134 499795 423679 504322 421354 500735 422922 504067 424032 504129 420366 500195 418517 498120 413090 491814 421538 501885 418454 496383 421839 501275 426168 506165 417985 497987 429135 509587 419281 498587 420252 500202 422410 502205 417385 496440 420972 499457 426051 506402 421275 501442 421914 501542 419112 497451 417663 497250 422674 502394 421420 500622 427913 508767 427220 506528 420937 500472 2524
417821 496593 417894 497590 418966 498761 425200 505184 426007 505608 427897 508497 419587 499493 321054 381862 425946 506374 403195 478877 420175 499261 426614 506530 422772 502677 417192 496164 425138 505217 422927 503142 418458 497036 424812 505143 422350 501894 421525 501407 425900 504850 427164 507301 419634 498391 425089 504033 427366 507977 419873 499195 414955 492849 421023 500861 419769 498660 421384 500883 424285 504715 419821 499111 426881 506984 426458 507342 425532 505430 431207 511726 418731 498320 414091 491264 416533 494996 423895 503934 429552 509483 425011 504556 420153 499877 418364 497544 420961 500431 419803 499249 420239 500515 410765 488463 419688 498652 419798 499371 425819 505843 427340 507676 420693 500127 418972 498407 424407 503364 426278 505539 426693 506044 425481 505444 421895 501723 423823 502807 421327 501244 420161 498447 426423 506890 427438 508295 419886 499659 425084 505401 419979 499722 421997 501266 419467 499242 423806 502741 423326 502275 429518 510211 404696 480199 423772 504178 422785 502802 422450 501356 421119 500615 428441 507732 427780 507682 419690 498989 420008 500064 422626 502635 423082 502731 419278 498512 426730 506335 421072 501149 424090 504097 416394 495339 410249 487737 424633 504454 420954 500483 420963 499427 421792 502029 428022 508153 420204 500307 428569 508474 417352 496572 421991 501555 419839 499223 418639 498096 2495
423751 504012 418461 497920 422713 502668 420209 500363 419839 498553 420397 500219 425479 505222 419701 499028 422170 502343 422444 502532 421017 500789 424366 503095 422581 502100 422966 502704 422873 502483 429840 510020 425164 505461 422752 502279 428022 507678 404735 480830 426918 507075 424944 504427 420218 499225 420765 500314 418456 498120 420288 499834 419695 499767 427284 508064 430996 512448 421202 500783 426028 506133 419521 497632 417380 496039 420897 500585 423274 503562 418529 497816 423837 503911 400824 476561 422208 502091 428012 508591 428976 509694 426287 506668 419624 498658 417335 496397 422984 502845 421534 500960 427803 507317 422555 502902 421200 501110 420829 499855 419122 498663 423077 504171 427042 507952 428045 508017 426187 505153 320959 381708 420605 500461 427955 508143 417996 497403 424039 504506 419324 498429 425428 505846 425386 506210 420563 499871 421082 500662 427011 507574 422694 501549 420360 499748 419021 498571 430089 511279 422335 501780 425111 504444 421198 501143 425805 506293 429290 509765 425236 504781 428909 508901 419651 499446 425902 506326 423197 502385 402257 478090 426464 505514 419569 499236 419381 498242 425839 506840 419843 499178 423896 504382 423831 503220 428126 508341 425595 505381 425343 504453 423762 503973 420832 500958 422965 503123 423580 504316 423462 503477 429293 509335 422313 502286 421866 501984 425291 505481 2453
423844 504262 423460 502913 424440 504567 429762 509627 421544 501541 420198 499286 417572 496479 419739 499414 423384 503142 428643 508716 424611 504755 420304 499546 419769 498961 426853 505753 426548 506512 426018 506595 423671 503544 424027 503486 422917 502565 421862 501804 425038 504957 421107 499448 421395 500850 425546 505988 429353 509323 428758 510020 426612 507091 427772 508170 427325 508403 422944 502330 422550 502775 427001 506841 427460 508315 422890 503113 395783 470976 424553 504432 420185 499885 432210 513012 421248 500676 423796 502653 427454 507815 423633 503288 424694 504339 422684 503274 423203 503241 422069 501287 426316 505288 425867 506866 426667 506778 423743 503859 422910 503018 424824 506134 406318 483294 424349 504182 418281 497235 423636 503961 424690 505162 424047 504096 429627 510369 421145 501331 423979 503629 426422 506701 426777 507106 424770 505393 425777 506023 418208 497403 429045 508985 426767 507749 426809 508072 422322 502259 426345 507780 426472 506793 420483 499430 425717 504854 422021 501914 422063 501419 428388 508644 426848 506968 420696 498950 423904 504003 419033 498018 427635 508576 416176 493776 423950 503495 426239 506414 427559 507855 423522 503841 427433 507521 416950 494123 423573 503869 423852 503593 410542 488651 421849 501791 428981 509092 426827 506503 421135 500062 422196 502752 426133 506455 426438 506634 415984 494629 2316
424828 505264 421509 501040 421684 501381 419687 498828 421420 501171 421557 501950 426048 506387 429144 509467 420686 500703 422875 502886 419456 498720 427545 507874 430763 511223 420161 499182 422204 501830 416030 494569 418935 496904 427991 509014 430176 509719 426428 507290 425117 505746 426032 506262 424755 504646 423452 503766 419417 499110 430808 511638 424251 504724 424191 504483 421875 501393 426357 506946 419086 498489 426131 505756 424255 504911 427487 507946 425263 506509 424735 505714 424136 504355 430210 510982 421098 500732 427960 508593 406062 482768 422938 502416 426881 506916 424132 503755 424125 503257 424797 504721 424177 503642 424021 503890 420669 500172 425611 505555 425201 505210 421469 501461 411400 489213 427952 508756 424031 504505 425976 506579 426436 507143 427004 507358 417602 496390 425934 506328 427991 509398 422297 502289 425160 505467 425769 505773 420080 499801 430423 510984 430568 510826 422636 502589 428118 508532 421036 500598 428977 510831 432106 512657 414160 491992 423669 503261 424042 504274 418545 498038 424157 503333 419823 499248 423509 502971 422589 503364 424480 504029 425345 505462 424661 505188 415063 493043 399706 474906 420872 500817 428850 510193 425332 504939 419505 499562 422939 502924 425268 506111 422817 502924 422040 501399 425613 506304 425971 506441 424014 504088 426366 506219 428030 509111 422335 500439 425708 505549 2569
430590 511482 401592 477668 422974 502645 403770 479172 426928 507948 429864 509504 426579 507466 428217 507763 425279 505995 426033 506501 427704 508575 427945 509535 429843 510070 424033 504262 428297 508517 424816 505347 408692 484837 427533 508249 424378 505210 430674 510846 428630 509192 432723 513536 427207 508378 421462 501512 424295 504844 426765 506818 420046 498084 423708 504520 427286 508388 431489 512169 419615 498857 424691 504755 422223 501811 424583 504177 425746 505900 423246 503372 430039 510761 419909 499846 422137 502495 428504 509552 405883 482962 423877 504226 424857 505500 427482 508026 424041 504220 426128 506184 428649 509525 423165 503891 429627 509242 426993 507630 430177 511133 427610 508751 417502 494969 424082 504369 429137 508697 427142 508172 426507 508114 428326 508614 423656 503237 423301 504037 420481 500249 424999 506027 424422 504380 433323 514512 429317 510124 423185 503409 422578 502330 422646 502159 433361 514789 423101 503618 429893 510256 432115 512891 425777 506701 429234 509369 430613 511817 427863 508018 424731 504810 426261 506392 415773 493754 428471 509529 422726 502058 432098 513043 424172 505274 421897 501323 433513 514248 423793 504223 425128 505678 423159 503455 400075 475533 427736 508558 422514 503199 425133 505208 426181 506658 411817 489560 427050 507659 423441 503782 407747 485637 422566 502406 432186 513294 422450 503017 2478
423449 502658 425177 506403 418520 497562 423912 503283 430952 512412 424413 505411 427322 507912 423233 503357 426952 507438 425883 506606 401206 476266 426364 506188 424410 504863 428480 509798 425170 504591 424994 504765 426819 507586 427772 508316 433052 514164 430522 511472 431394 512858 422750 502222 421652 501083 425446 505446 428525 508036 430793 512150 427254 508057 424676 505038 422927 503117 424116 504580 428829 509375 423066 502782 428161 509805 432176 512688 430442 511399 430911 511434 427241 506780 427127 507916 423466 503359 424009 504709 421754 501357 429593 510242 412522 489914 421870 501612 432061 513018 421401 500657 427412 508570 432668 513422 431935 513152 428995 510440 430701 511985 426752 508199 423314 503367 436096 517553 430726 512404 426049 507472 425606 506075 431911 512612 427312 507976 428028 508926 421383 500818 425863 506325 429584 510566 427396 506858 432487 513156 427612 508231 429102 509597 427685 508299 427064 506563 425549 505442 430012 511201 427089 508179 428023 508286 425943 505345 423898 504143 421457 500614 425122 505182 430642 512051 428281 509363 425790 507375 434020 515253 431910 513497 432491 512441 426027 506265 429354 510494 427741 508764 425329 505823 427902 508051 425385 504885 421881 501886 427945 508203 419722 499182 431335 512335 425162 504924 423549 503839 430637 512118 425856 506798 429351 509543 412471 490972 428349 507818 2440
433637 514086 417123 495577 424805 505520 424618 505104 429475 510894 428438 509774 428368 507598 425933 505925 427016 506838 425876 506523 423385 503043 429964 510896 424971 505064 426751 505493 431536 512731 426474 507084 431675 512703 404877 481927 423508 503969 424139 504551 428118 509005 422585 502553 424633 504799 415441 493906 421951 501598 430168 509896 426540 506635 424782 505069 428689 508843 431396 512654 425797 506337 430512 511743 426173 506795 433728 515779 429634 510179 427625 508547 421891 501823 432990 514379 431750 512052 428662 508117 421536 501172 421232 499970 427672 509140 429439 509313 431106 512359 427339 508207 429892 511103 431194 512057 405518 480724 428263 509308 426534 506513 423095 502989 433737 514432 425647 506767 425873 505483 428763 509717 428770 510044 425375 505725 432313 513474 426121 507844 430141 510564 430878 511419 425107 505580 429197 509984 426449 505979 422749 502528 429225 509887 417128 496008 426266 506939 426745 506325 428363 510091 423588 504530 425554 505930 425214 505665 418664 496949 428076 508330 428078 508268 432340 514274 424224 505038 425605 506125 432257 513774 427523 508696 423966 504682 423558 504849 425875 505202 428294 508864 429484 510484 424125 503551 421051 500869 425992 506943 425503 505465 424603 504329 425895 505889 431851 512909 430349 512120 427123 508553 424484 503941 421917 501602 433229 513494 424620 504641 2387
423175 503366 433334 514735 426392 506967 432373 513273 426735 508244 430821 511881 431063 512658 410784 488501 425892 506674 429319 511731 424844 505881 428262 509154 425600 504687 433755 514612 433379 515863 429198 511175 432954 514566 434798 515743 429692 510993 432437 513925 431340 511731 430026 511289 429441 510590 435130 516165 430298 511255 433872 514836 429615 510971 423284 502687 427971 509190 429304 509905 406466 483581 428114 510084 430763 512198 433150 514592 426482 506317 431404 512903 431845 512600 423413 503629 430493 512892 429974 510790 431199 512400 433412 515365 430593 511960 433198 513963 429792 511155 430447 511280 432556 512504 430614 512389 430177 510804 434604 516501 424039 504778 431450 512371 429443 511082 429626 509885 415101 493949 435324 516644 422504 502645 435184 515930 424015 504585 433926 516746 430650 512616 425083 505566 415777 495132 432415 514362 431739 513396 427459 507647 428031 508178 431825 513872 433312 513938 429645 510471 434083 515055 425195 505576 425181 505715 425076 505970 420709 500593 434328 515579 426357 507158 432379 513238 422803 502508 325878 387408 430011 511795 432526 514251 433005 514171 429513 510457 433592 514422 428054 508934 423778 503596 432049 513584 423988 504064 426322 506945 431341 513061 427578 508937 419490 498765 426387 507400 426864 507476 430412 511693 421486 501099 429424 510646 423180 503479 431805 512028 2607
430698 511096 428305 509824 429341 510826 431714 512994 425958 506317 431005 512103 432752 514382 432298 512459 430621 511943 427024 507059 426810 507237 426537 507813 434327 516335 430029 510873 429610 510100 423293 503842 433657 514351 420676 500480 429703 511050 431863 513749 432408 514700 425440 505578 436579 518523 434742 515770 423833 503348 425234 504755 434091 515552 428262 508032 433298 513972 427314 508686 431082 512145 435900 517085 427343 508712 435350 516134 432708 513250 425293 505608 424918 503842 434062 515016 427131 508264 425415 505713 426540 506857 432571 513454 428525 509104 435274 516859 420394 499127 426950 507891 429562 510107 427866 508620 424521 505288 432290 513427 426385 506734 427283 508023 425120 505945 433029 513827 431127 512006 430214 510957 431035 511215 429296 510342 431138 512262 427732 508555 425214 505792 425769 506422 424920 505484 431417 512394 431419 513554 436418 517226 430429 511644 428937 509333 430718 511745 432606 515012 428955 509787 430600 512234 429786 511041 431960 514198 430587 512004 431636 511787 434080 515148 431234 513099 432603 513113 425265 506058 433034 514227 432049 513155 431258 511626 431510 513444 426379 507142 432040 512493 426501 507557 435233 517772 433508 516017 433157 515672 432530 513890 427468 507904 430801 512804 433641 515328 431571 512119 429316 509135 427796 508739 426669 507357 434152 515380 425513 506109 2368
432821 513689 431965 513843 326681 388695 431113 512714 434035 515871 428999 510095 432903 513934 426678 507140 429687 511326 421507 500198 432775 514329 428914 509930 432832 514133 427280 508332 430630 511562 428111 509593 431750 513749 432661 514688 432530 512446 421848 501365 436663 518201 425077 505989 427688 508117 434955 517998 429703 510937 422211 502205 424579 504706 426581 507675 431758 512782 435267 517649 429027 510038 426965 508910 433660 515058 429626 509930 430347 512464 426330 507086 423757 504240 416068 495443 426925 507785 428029 509196 427807 508762 437690 520316 430090 510985 427504 508672 435652 516589 434494 516600 432318 513767 430460 512756 433729 515609 432938 513497 427852 509063 429995 511549 411071 488791 430781 512659 429529 510711 426090 506966 432328 513927 430057 511093 428215 508377 431835 513949 432698 513519 429426 509466 428026 509035 432214 514176 431383 512533 426513 506775 434487 515602 427154 507582 432099 513013 427379 508283 428843 509718 404301 479992 426506 507369 428217 509565 433851 516273 436674 518283 435320 517548 435386 516755 430558 512253 425339 506354 428970 510048 430874 512604 437703 519741 427322 508174 423655 503855 428040 508119 435678 517467 431974 512636 429258 509662 437783 519485 431937 513014 430667 512108 434039 515458 430667 511727 425467 505768 418365 498180 428377 509331 432987 514774 428542 510427 431464 512557 2483
434357 516021 424424 504926 435840 517301 430925 511132 433275 514347 439206 521252 432252 512806 432725 514675 428851 509656 409923 487519 433153 513840 435488 518013 429219 510880 429683 510958 430558 512314 430335 510891 430520 512575 431636 512829 433335 514659 434261 516024 429638 510295 437414 518470 424478 504337 422553 502445 427980 509183 330054 392068 433716 515053 430547 512181 437364 519008 428108 509367 434964 516227 435353 516836 437722 518928 430438 511925 437840 518752 428951 510699 428730 509950 425216 504138 429764 510969 428986 509784 430985 512154 431530 513804 431294 512375 430641 511713 433352 514790 437153 518639 428764 509592 427439 508452 428923 510160 423998 503388 428896 510436 426718 506670 426832 507343 428096 508897 434504 515979 434286 515750 433778 515384 434689 515975 432597 513823 428399 509972 427421 508511 426528 507924 413864 491344 434244 515977 433238 514468 433259 514039 431271 512472 412092 489764 436874 518356 433027 514628 434918 516704 428090 508797 434573 516842 436755 519918 428876 509817 433541 514967 431459 512832 427556 508669 434667 515726 435442 517976 430743 512549 428640 510273 432255 514286 433618 514824 414173 491163 429986 511940 431173 512600 422104 502115 434090 516343 430943 512654 435902 517760 428362 509399 434715 517160 430145 512031 426501 507355 435598 517780 434870 516548 425380 506601 430574 512096 428502 509779 2497
429589 510597 436531 517883 435115 516688 423543 503975 431217 512411 433714 514173 437938 519990 430623 511532 432931 513650 431866 513574 431303 513260 430994 512659 434917 516684 429528 510882 438336 520469 436749 518070 436621 519412 429059 509910 428452 509192 431080 511677 435835 517996 437246 519543 421957 501467 432912 513967 433579 514435 429992 511870 427732 508187 437504 519692 426756 508176 430763 512700 431489 511909 436050 517658 433453 515476 435999 518759 434638 516984 425031 505937 431089 511802 432749 513365 436867 518954 432151 514159 430658 511121 430219 510630 437052 519388 430789 513229 427076 507572 434420 515649 429560 511437 425455 504426 432059 512635 429606 511841 430860 512586 435041 515815 434293 515439 440039 522322 435964 516912 429094 509521 422513 501568 434993 516889 426050 507233 427910 507987 408870 484870 434217 515783 436839 517965 430797 511528 427999 509069 428047 509197 432017 513751 429710 510225 433578 515257 434254 514922 436278 518431 438304 520553 429027 510116 430539 513137 429639 511101 431984 513565 436650 517427 436350 518441 434967 516573 429777 511410 436138 518533 438706 520944 437887 519466 430665 511995 427829 508651 430997 512816 430371 511801 427903 508913 425471 505328 429790 511579 434838 516947 429553 510935 429976 511363 425615 506978 428222 509299 434579 516020 426193 506360 438505 520618 437432 519088 429026 509175 2333
435810 517272 433628 515233 439408 520657 433448 515368 432442 515483 430304 512202 428452 509442 434026 515834 431856 513653 436588 518210 436342 518565 429643 511321 428552 509280 433174 515078 431852 513752 432054 513732 431707 513443 436266 516974 436473 519228 425591 505474 429672 510692 434182 514870 431020 511626 431172 512962 436048 517689 429971 511848 434484 516752 433433 515222 434891 515460 431259 512226 428619 509796 429597 511560 431488 513299 430220 511650 434076 515127 416539 495484 431918 513395 431868 513245 409389 486562 428394 509848 428226 509125 433661 515420 438138 520182 429077 510431 432361 514781 437921 520353 435135 516269 430255 510922 432075 514190 428074 509351 431951 513654 431128 511927 433512 514448 437242 518841 408881 486876 437299 519295 429019 510965 438599 521374 429328 510241 437511 519260 435634 517561 428334 509297 432956 514543 430978 512709 430744 512007 440558 522977 429858 510926 430167 511353 432506 514641 434390 516542 437068 519002 431707 513405 427118 507485 433948 515337 418796 497956 431279 513128 433965 515341 427675 509030 426109 506321 433783 515449 437509 519135 430851 512697 435329 517310 434911 515701 430843 511929 434722 515790 430853 512164 430211 511630 437209 520291 431853 512524 434867 516948 434576 516160 432956 514855 431463 512516 431559 513251 427811 508778 429629 511410 432522 513822 432310 512996 439039 520351 2533
441848 525030 433006 515399 439351 521264 437901 519240 434320 515523 434818 517580 432670 515189 438286 519980 431191 513077 433647 516055 434576 516773 438122 521105 433584 515856 432236 513922 435122 517481 434022 515130 439457 521373 438101 519671 432168 514109 443602 526404 433293 515452 432047 513500 436967 519133 433645 515653 437611 519775 426535 507591 431201 513075 435532 516324 437351 520369 430495 511407 435825 517597 430599 512467 436045 517698 428999 510525 433548 513837 432061 513916 431304 512377 435983 518585 432527 514662 439895 522235 434271 516579 426757 506180 433115 515253 433453 515061 435408 517557 435827 516574 433964 515944 437297 519230 432364 513490 436118 518460 433920 515889 428453 509657 438892 521250 432613 514563 431903 513169 437012 518310 328985 390783 431888 513783 438170 520907 433893 515827 431481 513187 430887 512482 431242 513386 433933 516315 431112 512361 437943 520449 438738 521607 438820 521780 438501 520805 436778 519142 433859 515745 435224 518043 441145 523620 427844 508902 440090 522686 435565 517478 428540 509522 434445 516850 437348 519961 435055 516835 429189 510283 432898 515329 431133 512726 439566 522019 428563 510255 435776 518125 431533 513154 432343 513388 432401 514244 434448 516586 431046 512643 431475 512445 436870 518993 433210 515026 439504 521983 433189 514642 434451 516302 433535 515010 432405 513783 423637 503177 2467
433201 514379 434862 517231 433746 514954 431351 512577 436148 517978 430292 511584 430549 512222 437121 520012 439269 521936 438284 521188 429955 511363 436098 518954 432670 513834 432626 514062 436795 519096 437695 519918 434540 516063 424168 505239 441868 524012 435683 518458 440615 522695 435426 518333 434798 517226 429996 510969 307706 365618 429090 509019 432106 513999 437724 519153 436033 517935 433670 515531 432040 513853 432964 514812 430793 512505 433144 515070 429952 510683 436090 518488 432355 514239 434600 516322 431573 513590 433446 515555 432806 515363 429779 511572 435730 518300 429916 511970 437443 519391 438551 519966 436956 519315 433247 514097 437103 518775 432166 514708 438849 520799 439893 522208 439229 522509 441940 524186 440100 522526 431717 514460 428233 508993 429128 510858 436401 518484 437218 519832 434099 515980 437090 518458 441344 523547 434991 517163 431658 513438 432595 514492 432125 514643 432923 513466 433011 515421 436918 518353 434718 517085 438642 521300 434013 515278 435559 517512 439917 522342 430790 512848 434274 515660 439049 520896 438562 520718 440997 523901 435146 517518 413077 491928 436408 517656 438162 519532 433920 515951 434161 515232 436507 519014 436234 518116 433087 515663 438595 520528 434482 516585 434023 516330 433533 513951 435398 517706 433252 515860 437999 520831 435696 518325 430826 512677 425934 506989 440818 523198 2710
433419 514977 431518 513130 439167 520616 435659 518205 433090 514915 438966 521559 433577 515179 435630 518119 405853 481932 429965 511964 435293 517653 431650 512476 433725 516222 436806 518756 428942 510095 438037 521069 431059 512634 436355 519356 444346 527222 432777 514672 434663 517482 432601 514717 435475 518016 434965 516444 435542 518144 432955 514480 436075 518315 434134 515489 439491 522479 429111 510516 430067 511322 434628 516942 436023 518410 433779 516070 439478 522207 435163 517549 433026 514513 431856 513783 435250 517613 432533 514214 429847 511249 432729 513712 435347 517583 426970 507063 427475 508952 432290 514011 438216 520328 433025 515887 431814 514277 438604 521236 430660 512314 440195 523746 437890 521059 437938 519999 435606 518380 438958 521410 432751 514702 438166 520322 436290 518310 441509 523748 440802 522512 433273 515743 435683 517889 439969 522583 437187 518909 440753 522981 424653 505147 435791 518610 434205 516086 419875 499342 436957 519412 436930 519275 437968 520778 432943 515124 435219 518129 440731 522357 437638 520527 436979 519722 440312 522804 439545 522536 435154 517477 436219 518612 444481 526859 429883 511028 437871 520557 435087 518205 438064 520413 436188 518711 435963 518159 430667 512515 437848 520160 433217 515139 440137 523125 443793 527184 434411 516992 435166 517585 419288 498892 432803 514044 437913 520855 437249 519982 2450
429191 510056 433132 515310 433302 515347 439466 521402 436119 518659 430805 511577 435159 516535 436779 519007 432401 513342 440949 524830 443726 525885 434750 517324 439768 522754 433700 515858 436105 519179 433775 515350 437598 519573 437897 520676 434494 517095 434191 516394 436408 519287 440768 523494 438488 521325 435410 516817 437496 520427 434486 516969 436340 518913 433121 514593 434484 516738 429093 510741 441189 523624 431518 512359 436286 519414 434261 517060 430149 510886 434141 516639 440980 524977 440993 524071 432027 513954 332425 394902 439850 523956 443448 526073 429915 511207 435344 517841 434590 517126 433453 515610 433693 514827 430547 512426 437326 518557 441612 524740 436664 519343 438945 522122 440512 522542 443283 526387 430650 512222 411525 490087 436028 517321 433568 515141 443837 526593 437434 519171 430441 511810 437636 520612 442751 525786 428089 508358 438065 521155 440352 522619 438426 521244 436455 519469 437305 520890 431976 513251 436557 519157 435942 517171 442632 525064 441250 523711 428439 510032 435790 518378 436690 518357 439631 521428 440808 523516 442571 525320 433091 515224 415499 493678 414317 491240 441015 524027 442380 526846 436955 520290 441911 524624 438642 522158 437845 520025 427996 509399 438825 521592 441330 524423 439522 522047 435777 518308 435747 516626 436669 518673 436337 519454 434962 517698 433529 515896 438846 520454 2537
415577 493853 437386 519728 435858 518047 441417 525001 438748 521471 442182 524741 435241 518211 416963 494764 436938 519948 440866 523314 431686 513265 437913 519683 443864 526558 441124 524230 438061 520993 433752 515311 434298 516506 447438 530552 438923 521554 438182 521465 421786 501949 431336 512883 438100 520578 435500 517962 433304 515291 439585 522171 431469 513169 436151 519043 430913 511172 435449 517178 423897 504218 436717 518694 440518 523400 440195 522676 439392 521892 433384 514128 435770 518709 331020 393840 434488 517582 442785 525339 441520 525512 441003 523916 416699 495179 440499 523192 436958 519816 434889 517023 436558 518640 435930 518603 438857 521010 438998 521695 434132 516172 435341 517937 441569 523901 438817 521831 444434 526852 437321 520015 433718 516164 434933 517126 444583 527662 443639 526432 432626 514086 436950 518774 443836 526770 441098 524502 428242 509392 441181 524282 442316 525011 439784 522920 437493 520693 435826 518541 441879 524869 438668 521336 436620 519485 433160 515321 437121 520273 435724 518186 437650 520248 434059 516355 442671 525119 440202 522231 433810 515814 439093 521227 434643 517434 443790 526867 437751 519779 438462 521424 431348 512731 431283 512934 435504 517479 438493 520982 431650 513887 438349 520911 434822 517538 441908 524835 439790 522159 436891 519806 436802 519238 426674 507260 439496 522648 436260 518916 2499
436554 519376 437511 520701 436020 519009 439822 522862 411887 489861 435885 518622 436055 518814 442948 526157 435815 518883 445341 528491 435944 518680 438286 520711 443297 526897 332007 394686 441119 523959 439695 523760 433332 515951 434748 516995 438110 521336 438848 521709 416573 494653 438409 521141 434343 516065 437134 520274 434102 516370 434608 516153 441377 525011 445312 528589 437656 519774 432469 514787 440794 524016 439000 522265 442139 524724 439773 522768 439478 522640 436107 517881 430965 512112 433963 515331 433445 515139 439301 521974 440559 523329 439657 523108 442293 524829 437864 520399 440382 523598 434268 516722 440977 523999 436022 518409 439965 522424 438887 521950 441086 525091 437527 520923 438797 521134 437693 520114 440032 522236 441651 525781 443639 526047 432751 515189 444178 526869 433476 515195 433921 515071 443560 527723 442858 525351 434921 517290 437786 520650 438951 522448 437295 519979 434741 517095 435752 518298 441661 525878 443905 527440 441885 524911 332808 395422 434447 516843 443227 526092 438266 521889 431892 513326 423826 504336 435800 518642 440631 522397 441149 524562 442345 525774 431774 512209 434859 517495 431006 513008 443126 526513 432547 514585 439807 522496 440334 523110 436064 518669 445315 529697 436686 519646 436194 518111 441956 525025 440599 523292 424989 505399 442385 524874 445499 528849 438186 519682 438873 520447 2495
439974 523247 433147 515427 436574 519166 436220 518695 439473 522659 436736 520115 436318 518016 444828 528049 436787 518355 445438 528362 443420 526859 438889 521497 440577 524000 434545 516450 436758 518744 441608 524469 436350 519280 446305 529852 437789 520184 438720 522100 440934 524229 438919 521959 440516 523527 443827 526309 443130 527002 442776 526463 417555 496670 437373 519330 437085 519543 434945 517196 444171 527980 438078 520556 445001 528436 441914 525957 439542 521544 438341 521480 432215 514623 441943 524159 443889 526599 436906 520030 438023 521243 440605 524085 436452 518629 440989 524394 444829 528290 441885 524545 446383 529983 436547 517911 443540 527482 429003 509452 441439 523887 439164 521447 438347 520943 438946 521699 446023 529201 437035 520662 441769 524036 434753 518205 437304 520397 443927 526492 442408 526055 438902 521717 436704 519294 444580 527101 441029 523836 416468 495280 440862 524230 438500 521813 442019 526039 443284 526018 442072 525431 445617 529044 437706 519857 439544 522234 441376 524882 443359 527084 436673 518821 440525 523059 438959 522400 438689 521625 438364 520792 438869 521996 442232 525708 441382 524590 438383 521680 436060 519213 435637 518413 442841 526127 442468 526114 434922 516852 439129 521586 435594 517750 443110 526442 441136 524586 445267 528546 444027 526960 436532 518754 441998 525521 436807 519697 435315 517900 2632
439464 522434 440702 523401 441284 524458 441232 523526 434583 516908 437701 520514 436573 519201 441426 525191 435592 518115 416990 495566 444968 528310 439788 522940 444973 528278 444103 528250 443505 526993 438229 522011 436334 519038 443438 527754 443336 526574 427753 508141 434394 517017 434473 515570 439362 523281 440107 524053 436500 519255 436532 519306 436311 517658 438443 521023 441517 525235 445293 528276 435075 518043 445810 530286 441505 524906 436477 519832 428904 509537 439919 523675 443094 526401 441127 524445 442254 525683 439243 521850 439125 522121 445915 529170 439649 522124 438882 521737 441418 524886 444164 527182 439386 521481 428469 507898 441024 524716 440412 522879 446230 528725 441192 525263 437618 520078 440581 523345 443130 525338 432721 514229 440545 523399 443566 526963 445754 529708 443165 526550 438358 521290 434343 517040 435670 518912 440933 523583 441655 524204 437757 520865 436334 519139 439943 522583 441354 524166 333988 397350 443597 525945 442444 524709 441813 524784 440810 523961 425168 505403 441169 524380 440542 523401 445134 528575 443940 526745 441070 523979 436784 519657 434117 516367 436931 520080 439140 520873 436273 518635 433766 515406 437907 520017 445042 528263 443049 526346 443231 525871 434825 517252 442024 524265 440500 523752 448075 531834 438162 520912 438182 521209 445387 529380 440606 523453 433135 515239 439847 523343 2544
438181 520923 441510 524553 441667 524837 437975 521323 443385 527219 436721 518380 437950 520495 438131 521448 441002 524478 438345 521258 442531 526026 437282 520034 443750 528007 440924 523578 439564 523157 440317 523855 427199 507725 436947 518880 436121 519271 439290 522110 436667 519504 440416 523923 440283 523296 437534 520588 439605 523001 438719 520802 438830 521232 437115 520198 440207 523864 443480 527325 444435 527668 443678 526226 447879 531454 440642 522443 440880 524009 444878 529140 428095 509214 446175 529197 442148 525388 442833 526922 436992 518839 427433 507650 436990 519449 445680 527744 438863 520994 443924 526699 447234 530257 442360 525580 440944 524258 440744 523762 425208 505984 448522 532058 440429 523900 436686 519308 434419 515715 431737 513919 447799 531201 438848 521187 438661 522047 439933 522101 436231 519402 444147 527476 438591 521806 444248 528102 441318 523848 444208 527973 437589 520023 448529 532342 446154 529791 444800 528637 446952 531183 447213 531304 437379 520426 438469 521404 445959 529798 440761 524599 442421 526933 439449 521792 438295 521383 440703 524126 440940 524713 442524 524276 434455 517031 442186 525687 444093 526618 444325 526763 433148 514868 444088 528307 443081 526400 444821 528472 438832 522040 444001 526879 441633 525266 438848 521863 444530 529128 440372 522835 443674 527905 446621 530566 447065 531236 448317 531606 2448
436982 518890 444487 528229 434206 516803 420261 499666 444535 528096 440591 524158 441938 525091 440879 523998 447170 530382 444954 528571 442448 526400 434402 516108 443425 526219 443267 527412 440587 523342 441622 525252 445229 527999 440570 524317 442224 525411 443302 527224 442217 525760 431859 513792 443760 526883 446728 529950 437301 520720 444870 529006 448996 533668 442111 525331 441219 524808 446508 530975 445028 529294 438882 522505 442281 526445 445637 529740 448633 533353 444971 528524 447618 531867 444363 528312 442222 525974 443496 526543 438041 521002 440998 524031 443145 526628 443567 527738 443966 527039 445829 529670 441805 525010 447485 531467 447390 530946 442596 526290 449543 533133 438668 522282 443626 527459 439158 522646 444176 528022 449094 533242 441224 524905 446197 529363 447167 531771 447416 530652 445745 530215 438515 521210 435569 517636 440572 523261 438571 520966 437539 520057 442046 525566 440682 523934 446216 531174 442645 526828 444643 528109 446593 528997 448321 531990 444559 527371 438745 522111 438561 521996 446721 529936 434969 515641 441931 526461 442701 526137 444106 527626 445917 530009 446378 530043 440924 523324 441164 523930 447920 531356 445114 529308 447218 529770 448387 532663 441867 524442 449878 534273 440331 523301 446429 529660 439036 521244 435993 518143 443608 526327 448703 533085 442962 526093 440970 524454 443019 525685 2534
440407 523270 432948 515293 437211 519743 450359 534544 439947 523255 438136 520558 443721 526928 439350 522631 438649 521378 448279 532298 443688 526825 440831 524088 441092 524580 445643 528652 440140 523126 445993 529255 440552 523427 439837 522902 448222 532592 442264 525548 445255 528545 441133 524438 447203 532042 442005 525721 438702 521566 438623 520954 437825 520799 440299 523221 446614 531398 443418 526695 444870 527518 446622 530074 441394 525797 442874 526343 449683 533312 448964 532516 451598 535540 445334 529073 441822 525792 434823 516589 443952 527435 440945 524913 442518 525237 445014 529903 439572 523201 450298 534150 443107 527305 443136 526907 434898 516110 440366 523431 449703 534138 443999 527672 442994 526877 447481 531280 438096 521393 444624 527939 439626 522840 446621 531003 448570 531980 449255 533453 442099 525715 436449 518264 442542 526216 437602 520216 445365 529013 442585 526129 445206 528994 441104 524816 338564 402396 440519 522077 446274 529349 446870 530323 446418 529840 442469 525732 435574 517683 445979 530313 416223 494957 437195 519272 436130 518682 442991 526684 446123 530408 447599 532114 449590 534137 445877 528357 444098 528317 445707 528924 443781 526805 450777 534710 445148 528791 443944 528155 438676 521185 445782 530748 440358 522891 414889 493355 442233 526169 443357 526739 446630 531252 430321 511626 444406 528897 444103 527517 2625
440755 524916 442292 524965 450505 534692 443245 526858 440756 524792 442030 525881 438522 521511 437560 520382 444659 529041 432212 513982 444978 528493 441659 525862 442589 526635 440134 523185 447152 531409 443283 527668 439682 522806 443734 527584 440488 523905 443726 527078 444884 529605 440050 522918 445666 528952 438499 521300 444203 527298 441379 524829 439856 522770 441837 524982 439338 522134 446446 531248 449813 533980 445547 528804 437695 519579 442390 525552 440398 524020 441711 525019 445921 530602 441547 524970 446798 531580 449185 533388 443309 527249 443945 527732 451514 535913 339302 403252 339037 402778 442021 525517 443143 526595 441791 525385 449820 533625 447615 531573 446415 529956 440691 523905 434673 517203 448680 532768 439401 522755 449634 534468 447449 531682 440655 524239 442114 525812 444780 528302 446842 531361 446647 530790 442585 525382 441521 525040 446152 530605 439313 521897 444654 527858 438614 521120 439741 522083 445429 529252 440005 523956 448914 533212 441358 525242 447813 530897 442967 525664 448837 533090 438496 521334 447717 531720 442567 526674 446315 530697 445129 528224 443397 527960 443603 528224 436246 518899 445333 527999 436594 519274 442307 526145 449259 533337 443729 527863 444167 527521 439557 522151 437994 520826 444386 526151 452118 536850 439549 522771 444007 528339 442468 525945 447394 531025 450936 535112 447990 531694 2534
438805 522223 450572 535771 442431 526070 447547 532347 445730 529921 446964 530334 443231 525814 447395 531703 445228 529242 445480 529568 441335 525052 447144 530855 444497 528368 446578 530542 447188 530929 447865 532232 445398 529011 448823 533088 449827 534166 445342 527699 444057 528271 448641 531816 442073 525512 442651 526311 450213 534040 449005 533591 444138 528980 441590 525319 440302 523001 439665 523287 446307 530937 440523 523722 448600 531851 450902 534393 451959 535966 447334 531785 448101 530977 442970 526873 440350 523732 447194 530253 440969 524137 448764 533365 450599 534719 444006 527937 446319 530458 451231 535094 446202 529624 448178 533360 443715 527261 443908 528102 451249 535950 446604 531035 446253 530862 448162 532196 443965 528340 448920 532439 451683 536692 445923 529548 451005 534788 442893 526575 441216 524715 451412 536047 449248 533263 441451 525343 441444 525168 442156 525641 440538 523917 440869 523853 444246 527983 443616 527398 446764 532024 449481 533603 445897 529965 442508 525746 449046 534437 446300 530653 443624 527254 451164 535558 443359 528124 449330 533165 451564 536348 447339 530417 440609 524137 450647 534819 449946 534354 443098 526918 453861 538873 449334 533631 448819 533441 445587 529189 450917 534991 451915 536008 442414 525431 447246 531016 441179 524133 437903 520950 433444 513767 447878 533154 443964 527250 450876 534731 2632
447057 531659 422053 502639 447767 531143 443956 528503 451157 535539 439655 523567 443238 527009 443826 527880 433698 515754 441302 524156 450617 535170 447046 530955 452060 535898 433685 515502 451915 536265 449159 532370 447028 530530 448947 532823 441569 524690 442017 525725 433045 515056 445292 530277 451891 536768 445234 529730 450912 534985 448289 532456 453177 538020 445123 527996 450763 535137 447569 531976 441019 523952 445423 528489 450506 535845 446743 530668 444907 527952 447031 531159 447013 532123 448108 531116 452591 537827 442518 526819 444745 528525 443843 527147 445300 528877 442689 526648 446056 530265 450029 534013 450510 534972 448334 532749 445511 529707 449781 534258 442983 527640 444460 528764 447600 531783 448390 532745 441868 525415 438488 521358 441337 524865 448497 533452 451677 537386 450919 535206 451711 537000 444519 528830 444630 528887 448635 532890 448325 532925 448053 532219 440247 523520 447816 533188 446847 530318 441753 525723 447875 531718 440275 523307 445704 528520 435346 518069 443380 527154 448036 531729 442652 526840 443492 527782 442056 524524 440319 523541 447005 529985 448269 533612 447490 531720 450642 535380 441216 523467 444362 528545 452246 537137 447039 531581 448892 533512 441252 524939 442029 524644 448777 534132 445425 529946 448784 532485 447958 532670 448457 533105 447370 531503 440070 523463 441976 525870 452556 537621 2591
448275 533170 452162 536622 446349 530849 447345 532210 440512 524060 442360 525661 439496 522689 448133 531991 451648 537676 443718 527799 446344 530568 444773 528587 452841 536469 443715 527769 448125 531184 423554 503510 442189 526413 446397 530582 452696 537812 449562 534412 446549 531045 452277 537069 444100 528240 452813 536853 447453 532433 440740 523355 340314 404619 450477 535543 443153 527061 439368 522578 449681 533280 440370 524028 453332 537985 450102 534909 434046 515599 450840 535927 446328 531096 445603 529976 443589 527713 445252 528671 445077 529243 446825 531655 451327 535141 446794 531364 448328 533123 440456 523184 449641 535318 450232 535521 442355 526320 447565 532112 453670 538399 446140 530634 443587 526679 446197 530794 447623 532048 452211 536451 443108 527218 448605 533232 443472 527320 447611 532443 448349 533071 442217 526385 451664 535652 441175 524734 451517 536042 452053 537132 447194 531257 441422 524594 450161 535280 450677 535220 444157 528080 442792 526966 450754 535072 452379 536356 449367 532565 452988 538151 443921 527946 444650 528890 453010 537508 443394 527077 444568 528571 448581 532636 450786 534252 447792 532696 444005 526054 447148 531201 452090 536200 455444 540806 446045 531042 453384 537567 445702 529532 445734 529041 444933 529490 441272 524876 444755 529182 440081 523710 445247 529021 449405 534787 446712 530795 450400 534563 2399
454557 539977 444190 528636 446458 530678 444281 527896 439909 523566 451113 535744 447848 532390 443939 528362 449658 534752 442552 526172 447123 530608 437628 520184 447709 533026 450802 535201 451723 536370 442494 526704 442556 526746 444691 529533 444011 528341 449062 533983 449123 532965 448687 533429 443824 528179 447790 532807 447233 531098 442368 525388 447529 532359 447045 530744 441689 525367 449541 534575 445109 529260 448120 533009 445088 530020 444464 528650 446617 530301 452679 537445 442847 526780 451197 535054 444501 528756 443302 526745 444136 528156 450168 535218 447329 531329 448359 533006 447101 531729 440906 524398 450574 535272 447488 532466 434253 516611 437349 519825 445712 528441 445048 529495 449851 534534 447198 532697 443416 527263 451644 536729 444128 528505 449331 533786 450580 535279 443206 525794 443681 528004 447426 531639 441936 525593 441807 525695 446728 530839 450998 536206 451762 536231 427057 507280 449417 534449 447529 530350 443638 528150 341192 405392 456802 542044 448563 533424 448085 532427 418834 497122 442711 526404 447067 531416 442956 527386 447597 532498 445714 529744 447809 531998 447610 531552 445754 530036 452115 537373 444018 527624 449405 535093 444123 528143 445471 530122 446065 530921 444971 529216 450791 535239 444202 528216 443921 528238 453297 539387 452640 536899 448051 532379 453534 537585 441831 525487 442529 526360 2535
449831 534713 443713 528042 453293 539159 452582 537230 454242 538864 446905 531101 448219 533547 444565 529014 451932 536894 447644 531513 429091 509830 440459 524270 340168 404266 450466 535902 443051 527599 449882 534488 444783 528752 449387 533882 443502 527656 451482 536724 448795 533946 445963 529860 442549 526655 448010 532542 444440 528420 447636 531444 443416 526950 446099 530705 450862 536097 453083 539427 445029 529881 452295 537298 443879 528487 449194 533433 447081 531486 454584 539352 446051 530170 447126 531682 444420 528094 448938 532923 437128 519629 449174 534305 441011 524287 450706 536215 448319 532049 451837 537317 447654 531265 453436 537817 444263 528454 449279 533979 455336 540843 448327 533617 443507 527307 446880 531743 447434 531730 448665 532770 450926 535711 447793 532898 446445 530889 449667 534535 444457 528684 443694 527982 452271 537164 449964 535723 447882 532932 452544 538106 452110 537882 444870 529994 448142 532622 448291 532957 444099 528059 454289 540070 450836 536103 451485 536446 454703 540054 453631 538953 447655 532087 452941 538207 434902 516981 444119 528358 450662 534467 452097 537440 452499 537349 446811 532259 451325 535000 447032 531900 454835 539750 454272 538965 454402 539843 447223 531960 448495 532594 452509 538328 445441 529139 451955 537597 451915 536634 455983 540794 443897 527838 448050 533157 452917 537991 444474 528357 2738
446770 532058 449093 533823 448711 533501 443525 527528 452001 536987 452282 537387 444747 528669 449309 534805 453007 538497 455187 540389 451984 536171 457557 542575 448308 533346 451014 536243 446297 530916 448794 533372 450301 535392 455432 541202 449464 533687 445937 530152 449301 535213 447674 532013 437204 520149 446614 530270 448252 531981 451200 535525 452027 536430 450237 535514 442260 525187 451436 536414 445103 529744 451607 537015 449861 534205 424852 505262 448225 532822 447246 532099 445926 529952 451512 536032 450941 535986 453247 538268 448576 533391 446922 531211 449143 534417 450356 535590 455023 540027 452131 536627 449544 534467 443294 526645 443219 527117 420391 500323 450415 536172 446615 531304 448640 533226 452857 538529 445013 529801 429185 508883 450977 536324 446539 529947 455487 539900 446106 530539 450951 536581 445930 530120 446741 530224 439920 523192 448840 533969 449297 534458 445835 529290 448980 533554 454984 540349 445911 530095 449298 534616 447901 532662 447238 530723 457108 542480 450675 535675 448796 532729 453294 537613 452199 537596 452140 536959 454202 539386 445853 531506 446896 532072 448234 532518 443905 528302 454303 538830 450657 535731 454138 538440 444520 528719 449124 532423 452017 537415 444448 528743 449880 534990 445481 530105 452792 538869 450584 535643 448903 534023 442806 526490 452965 537116 455706 540243 453668 538105 2425
450191 535130 445759 530023 451998 537094 451756 536509 457796 544023 456211 541787 450156 536113 453931 539775 455103 539799 458331 543745 448652 533242 450486 535799 453919 538795 449741 534821 445931 529689 448333 532648 456324 541174 447597 532094 450735 535891 447040 532226 454079 540449 442490 526375 454087 539067 454048 539334 452033 538027 454828 540721 453294 539056 453107 538714 447210 532078 448635 534404 448410 532250 451463 535799 455454 541229 452924 537692 452732 538442 453052 537976 448710 534321 449393 535090 443490 527074 456215 541898 452460 538306 452042 537370 443574 526584 450090 534351 453115 538228 452319 538102 448895 531781 448266 532047 446702 531135 452290 536709 449635 533103 442483 526097 453338 539339 439784 522991 448041 532987 437063 520493 453939 539801 450699 536013 452401 537774 452821 538118 455299 540619 454816 539750 447667 533087 451897 537233 451002 536747 447949 531564 448509 533064 452903 538081 453358 539166 455358 540935 445741 530155 450020 533522 448925 534661 451619 536835 452847 539548 455985 541871 450500 535610 450927 534827 451545 536439 446767 530975 449687 533925 456253 540901 453393 537862 451875 538515 456325 542487 447120 531345 441458 524412 447970 533288 421275 500658 446977 530955 446877 532389 454563 539345 452677 537699 451945 537104 454895 541411 452818 538094 442556 526733 453711 539506 451953 537382 448141 532087 2683
445507 529895 449873 535430 456759 542268 451496 537054 450116 534808 447815 532249 452810 538491 456659 543151 454947 541216 446750 531761 449319 532684 448952 534014 452246 537995 448893 533517 454617 539079 452430 537316 452013 537760 459305 545330 448194 533411 451715 537100 447892 532787 448819 533639 442032 526074 449542 534106 449036 534097 457507 542297 448550 533768 456705 543581 450819 536861 451682 537278 447049 532133 452444 536657 450529 534609 455708 541907 452104 536788 453156 538692 449633 534589 451887 537061 447705 533012 446599 530961 445831 529451 453931 539847 447045 532424 456397 541927 456128 542336 451903 538240 423522 503845 452648 537877 448075 532586 444639 528921 450712 535500 455692 541126 455943 542249 444577 528224 453684 538966 452372 538569 452900 537673 455871 541523 447166 531524 449199 535834 453346 538002 450855 536436 450278 534609 455313 541621 455474 540158 433331 515063 455777 542312 447236 532229 447778 533068 455761 542110 455181 540856 455702 541270 447889 533214 452553 536635 452053 537078 450136 534653 452591 538293 453576 539851 453594 539389 452484 536442 455537 541794 450370 535353 447503 531353 446006 530438 453731 538760 444295 528266 452105 537215 445507 530362 448543 532159 450824 536004 453615 539505 449209 533421 452335 536998 446358 530945 445203 529614 452370 536917 444787 529086 449578 533485 457982 543163 453015 538850 2469
451228 537343 443732 527226 444828 529097 447387 531479 448837 533937 451724 536967 452347 536733 436166 518336 451450 536649 451573 536627 449140 533538 459131 544756 458561 544340 457734 543983 458171 544784 452804 537768 447692 532259 449498 533287 450480 536327 454220 539359 447088 530908 456149 540890 450769 536701 456704 542723 450307 535690 449249 534730 456050 542171 459048 545067 458406 543797 451775 537824 452282 537560 453538 539455 453249 538124 453412 538114 452194 537361 450113 535138 458070 544925 450240 534778 448805 534081 453031 538225 450938 536915 457219 543535 448430 533362 450144 535451 448769 533868 448851 534103 453649 538672 457404 542638 450646 535524 453077 538249 453454 538495 448709 534195 447556 532681 455170 541052 452625 537082 451998 536171 449949 534145 448453 533960 452343 537696 453879 538279 457891 543871 451980 537562 450509 536687 452894 538212 451079 536718 449356 534063 448449 533302 455322 540924 454774 541550 451871 537043 444781 528976 455245 541688 447998 532926 457339 543988 456319 541574 448716 534263 454709 539862 451852 536631 451547 536453 451599 537213 452379 538022 449853 534966 452215 537780 456186 540580 452700 537926 448787 533598 460922 547353 450698 536014 454796 540354 448280 533759 448436 532641 449055 533676 453272 538676 460158 546565 456825 541799 450395 534205 453334 538654 461215 547787 450071 534983 450967 535239 2695
457165 543423 452364 537668 446004 530930 459573 545977 450998 536719 449430 535081 451718 537828 458117 543543 455661 542312 457509 542743 447487 532123 457032 543471 460373 547169 453185 539333 455940 542131 454533 540228 451906 537024 449881 535261 458607 544150 449759 534133 453234 538745 456433 542688 455265 541192 452190 537622 451626 536191 459126 545207 449437 534427 451989 536748 430777 512453 449122 533460 450104 534819 450765 536277 457503 542755 449247 534184 452425 538276 456358 541010 344062 409021 452704 537786 460228 546089 451368 536566 448881 533865 449658 534356 452195 537755 457307 542207 454361 539989 456885 542277 457407 543735 454314 538598 460427 546125 448892 533857 450836 535661 457673 543175 453831 539550 457903 543264 450336 536290 457534 543263 448305 533291 449313 533178 448956 533774 449592 534885 459448 544856 451713 538112 449430 534490 456349 541105 459573 544859 444734 529083 449376 534313 448176 532257 453316 538177 448973 533475 447090 531381 453524 539478 454477 540588 456351 542822 446101 530909 452686 538804 457829 543290 446127 529881 458435 543796 438334 521381 460999 547281 453627 539504 449452 533362 452508 537035 454908 541073 447960 532709 448597 534125 452972 537479 451923 536890 453935 539630 451106 535007 454438 539272 452794 538786 451015 537219 455695 542473 451281 537441 446150 529963 449730 534414 449391 534427 452236 538083 2727
