648 886 626 861 556 748 633 838 558 740 584 786 504 664 591 773 626 866 598 786 570 760 487 644 601 803 570 736 538 714 612 813 616 824 683 939 638 879 621 874 543 726 547 724 577 769 544 703 648 882 628 857 587 757 480 636 606 810 601 780 687 926 588 781 620 808 564 746 583 769 612 816 636 846 601 810 646 907 567 753 561 752 583 767 611 820 610 799 567 757 584 799 602 813 459 608 546 729 583 762 582 786 634 853 635 880 579 757 545 710 584 786 592 789 586 810 493 664 591 776 610 817 509 677 488 652 554 746 583 779 612 804 644 871 607 801 580 758 617 838 512 701 658 906 573 773 607 798 556 739 581 827 486 650 653 881 623 849 649 873 554 735 619 844 494 665 498 670 553 771 544 702 579 757 630 855 517 666 607 813 578 772 586 791 607 809 600 812 601 814 588 775 511 667 488 643 625 845 594 793 10
1368 1860 1345 1799 1389 1833 1389 1861 1291 1700 1364 1834 1369 1826 1145 1460 1257 1689 1278 1657 1427 1900 1254 1648 1286 1711 1256 1616 1363 1850 1390 1858 1168 1523 1320 1740 1343 1750 1362 1835 1311 1728 1319 1773 1302 1698 1438 1951 1285 1698 1049 1379 1272 1683 1252 1642 1342 1785 1358 1848 1288 1666 1090 1436 1356 1790 1220 1598 1226 1624 1263 1697 1368 1826 1216 1580 1300 1712 1330 1794 1234 1653 1255 1656 1339 1796 1431 1924 1220 1615 1268 1673 1353 1791 931 1231 1042 1357 1381 1872 1144 1499 1279 1711 1391 1860 1323 1779 1316 1771 1265 1667 1326 1793 940 1241 1326 1763 1261 1670 1220 1618 1193 1563 1278 1701 1372 1880 1241 1662 1249 1587 1206 1603 1325 1787 1296 1703 1275 1720 1336 1805 1245 1667 1325 1767 1051 1368 1346 1814 1399 1894 1338 1776 1331 1764 1259 1640 1317 1723 1276 1674 1274 1713 1151 1505 1207 1613 1298 1727 1371 1785 1269 1695 1378 1830 1164 1527 1200 1602 1397 1838 1274 1687 1249 1645 1324 1798 1370 1825 1332 1773 1015 1335 1372 1841 1323 1763 1281 1674 0
2103 2758 2012 2587 2053 2678 2091 2789 1883 2480 2022 2640 1989 2605 2082 2773 1868 2463 1690 2232 2108 2798 2042 2644 2089 2719 1981 2588 1978 2643 2185 2890 2045 2746 1995 2624 1923 2563 2022 2660 2056 2697 1967 2583 2009 2594 2025 2710 1959 2525 1641 2165 1893 2458 1491 1967 1961 2561 2092 2793 2036 2687 2141 2860 2095 2780 2055 2679 2120 2779 1921 2506 2010 2672 2045 2729 2150 2851 2130 2842 2087 2776 2022 2687 2100 2782 1677 2193 2070 2752 2017 2613 2045 2648 2136 2857 2046 2719 2054 2698 2136 2846 1984 2621 2208 2913 2080 2742 2029 2716 2064 2730 2018 2652 1851 2373 2009 2644 2216 2933 2031 2713 1618 2102 2115 2781 2036 2681 2126 2832 1967 2624 2021 2645 2109 2785 1914 2503 2114 2841 2003 2559 2072 2738 1938 2544 1585 2111 2106 2755 2144 2839 2020 2659 2089 2735 2019 2642 1969 2585 2053 2696 1605 2133 2055 2660 2155 2867 2114 2773 2031 2671 2075 2751 2028 2683 2106 2812 2224 2913 2076 2797 1621 2139 2075 2716 1994 2617 2076 2744 2127 2819 2220 2921 1583 2087 2096 2822 1942 2532 0
2122 2767 2722 3611 2508 3339 2769 3720 2752 3619 2246 2933 2915 3861 2830 3742 2736 3630 2877 3791 2677 3538 2804 3688 2641 3473 2861 3737 2904 3875 2628 3402 2778 3709 2845 3797 2745 3628 2200 2832 2724 3512 2860 3777 2674 3531 2455 3199 2821 3718 2176 2826 2874 3831 2920 3801 2658 3424 2750 3560 2878 3785 2750 3609 2723 3684 2568 3374 2712 3523 2801 3660 2852 3737 2891 3837 2651 3492 2662 3535 2155 2817 2988 3929 2782 3667 2728 3592 2673 3497 2501 3346 2783 3682 2770 3661 2814 3701 2647 3470 2757 3673 2811 3779 2776 3686 2572 3335 2972 3946 2852 3766 2685 3527 2731 3575 2829 3732 2895 3805 2915 3875 2764 3672 2747 3571 2731 3623 2783 3646 2888 3838 2974 3924 2638 3373 2538 3321 2805 3714 2557 3312 3035 4090 2806 3669 2720 3625 2775 3673 2821 3708 2510 3269 2755 3592 2874 3766 2765 3605 2802 3664 2179 2859 2702 3535 2722 3570 2677 3569 2497 3248 2848 3774 2780 3610 2935 3916 2748 3591 2794 3709 2791 3687 2795 3763 2629 3452 2807 3605 2712 3517 2487 3222 2754 3600 2750 3681 2730 3614 0
3498 4626 3579 4746 3170 4168 3555 4721 3450 4498 3614 4717 2834 3743 3504 4569 3526 4588 3394 4459 3470 4510 2817 3708 3649 4811 3458 4571 3563 4716 3605 4830 3485 4573 3587 4771 2766 3647 3428 4500 3324 4305 3743 4960 3536 4724 3460 4506 3492 4536 3542 4658 3555 4634 3484 4537 3509 4606 2731 3580 3713 4985 3714 4954 3623 4789 3518 4714 2669 3508 3440 4449 3615 4756 3654 4771 2823 3727 2490 3254 3129 3999 3629 4754 3354 4396 3701 4892 2803 3682 3519 4661 3480 4578 3473 4601 3615 4786 3626 4855 3479 4628 3556 4753 3660 4859 3517 4604 3625 4767 3669 4818 3612 4774 3222 4217 3572 4733 3403 4448 3178 4133 3625 4777 3408 4523 3659 4918 3500 4644 3381 4418 3547 4708 3582 4742 3595 4768 3634 4780 3673 4769 3567 4706 3394 4443 3668 4794 3565 4619 3451 4472 3485 4577 3474 4577 3384 4386 3089 4013 3437 4541 2885 3756 3602 4752 3440 4465 3514 4567 2796 3662 3484 4547 3407 4470 3477 4501 3431 4558 3397 4476 3394 4393 3449 4492 3186 4174 3557 4670 3669 4751 3586 4702 3452 4561 3430 4481 3569 4742 0
4322 5680 4406 5783 4147 5440 4330 5716 4500 5920 4310 5666 4360 5670 4224 5513 4369 5755 4344 5773 4055 5404 3891 5066 4407 5791 4173 5429 3926 5132 4113 5335 4477 5852 4330 5712 4192 5522 4317 5667 3301 4307 4428 5837 4306 5676 4238 5559 4392 5816 3859 5049 4051 5348 4425 5880 4200 5498 3939 5107 4121 5342 4330 5654 4410 5830 4456 5876 4203 5470 4429 5767 4210 5465 3333 4329 4296 5603 4238 5598 4285 5587 4370 5689 4308 5567 4346 5700 4343 5776 4160 5447 4054 5216 4307 5611 4424 5796 4454 5795 4289 5666 4378 5789 4253 5649 4203 5500 4339 5749 4356 5702 3937 5145 4288 5620 4295 5672 4330 5616 4352 5771 4339 5703 4346 5755 3398 4441 4353 5684 4379 5749 4369 5752 4079 5348 4322 5740 3968 5240 4284 5694 4266 5623 4220 5455 4174 5574 4346 5694 4301 5645 4471 5902 4330 5691 3980 5228 4262 5612 4235 5581 4407 5802 4285 5597 4213 5491 4196 5494 4427 5842 4107 5430 4331 5727 4403 5768 4370 5783 4234 5508 4412 5763 4444 5917 4322 5689 3782 4947 4143 5409 4392 5778 4303 5655 4322 5650 4185 5567 0
5262 6881 5075 6574 4816 6237 4985 6505 3505 4569 3939 5166 5134 6776 4982 6558 4993 6609 4984 6501 5210 6807 4764 6255 5145 6740 5144 6687 4814 6342 5031 6540 4758 6193 4850 6356 5160 6768 5172 6827 4973 6478 5153 6741 4913 6406 4506 5862 4998 6628 5095 6690 5087 6644 4684 6066 5017 6553 5190 6794 4919 6413 4957 6434 5118 6684 4957 6425 4880 6406 4955 6441 5050 6597 5191 6748 4577 5956 5116 6730 5059 6655 5074 6666 4777 6373 5235 6880 5005 6495 4960 6436 5168 6771 4757 6254 4999 6527 5089 6696 3949 5208 5350 7071 5179 6745 5101 6644 4988 6500 5119 6685 5181 6800 4940 6440 5109 6674 4769 6284 4986 6590 5045 6624 4850 6270 5045 6611 5129 6752 5133 6784 4925 6463 4853 6332 5044 6554 4950 6465 5077 6637 4919 6399 5196 6835 5333 6996 5094 6706 5156 6791 4022 5248 5005 6562 5081 6649 5221 6918 4966 6478 4907 6401 5050 6700 5092 6654 5056 6564 5162 6691 4670 6127 4921 6351 5324 7052 5055 6606 4901 6333 5181 6734 3878 5041 3893 5086 4809 6354 5036 6607 5268 6983 4720 6172 4913 6353 5067 6582 150
5551 7219 5132 6689 5667 7373 5700 7385 5786 7595 5798 7565 5748 7468 5806 7564 5787 7488 5096 6677 5975 7852 5990 7925 5933 7775 5241 6778 6015 7977 5756 7508 5933 7781 5687 7381 5749 7532 5793 7576 5495 7226 5830 7676 5763 7494 5866 7640 5487 7134 6023 7920 5860 7697 5789 7565 5444 7172 5911 7715 5793 7550 5782 7565 5913 7700 5787 7638 5742 7485 5777 7523 5605 7200 5826 7553 4092 5301 6031 7967 5994 7937 5983 7876 6016 7841 4346 5642 5381 6971 5761 7496 6045 7851 5788 7467 5868 7702 5913 7786 5802 7571 5840 7588 5528 7152 4916 6401 5881 7783 5591 7378 6000 7846 5583 7319 5648 7332 5780 7609 5802 7475 6046 7979 5463 7065 4539 5924 5789 7456 5731 7436 5904 7789 5837 7664 5655 7338 5841 7646 5742 7520 5921 7689 5529 7214 5870 7751 5974 7857 5719 7507 5810 7583 5480 7115 5799 7763 5726 7497 5906 7707 5785 7604 5957 7754 5490 7152 5903 7735 5799 7621 5774 7574 5702 7496 5897 7742 6026 7910 5904 7714 5327 6911 5801 7570 5864 7629 5994 7852 5532 7243 5665 7422 6000 7937 5842 7665 5833 7640 9
6756 8909 6446 8447 6502 8519 5097 6638 6696 8804 6520 8467 6629 8640 6437 8460 6583 8570 6219 8054 6767 8838 6425 8397 6644 8656 6478 8417 4296 5589 6519 8623 6409 8342 6356 8326 6065 7987 6707 8757 6646 8657 6859 9013 6156 8048 6692 8717 6344 8296 6583 8564 6835 8954 6334 8247 6528 8595 6303 8178 6542 8493 6560 8630 6423 8406 6717 8945 6531 8596 6745 8808 6415 8403 6060 7910 5994 7857 6770 8982 6363 8347 6518 8588 5686 7446 6527 8549 6519 8477 6650 8741 6543 8622 6393 8404 5996 7877 6603 8551 5926 7642 6049 7930 6217 8013 6896 9012 6114 8049 6565 8579 6629 8651 6050 7969 5032 6499 6460 8471 6518 8354 6634 8659 6527 8543 6452 8388 6483 8425 6637 8663 6535 8535 6702 8789 6758 8781 6331 8182 6600 8591 5916 7660 6474 8390 6345 8321 6511 8464 6669 8748 6599 8648 6612 8638 6520 8511 5598 7275 6597 8634 6738 8877 6151 8050 5728 7405 6561 8640 5973 7793 6667 8829 6446 8451 5148 6762 6526 8427 6854 9017 6678 8779 6529 8416 6534 8674 5795 7560 6452 8473 6815 8978 4980 6519 6449 8446 6497 8470 0
7412 9744 7306 9658 5045 6570 7148 9312 7384 9705 7490 9847 7456 9827 6546 8490 6626 8657 6626 8703 6332 8261 7378 9657 6593 8551 7386 9648 7133 9386 7101 9252 6895 8988 6618 8589 6885 8954 7132 9293 7252 9531 7298 9593 5830 7632 7269 9537 7145 9305 7472 9829 7071 9221 7127 9379 7256 9477 7252 9568 7489 9870 7509 9856 7235 9446 7458 9730 6902 8964 7203 9367 6812 8950 7435 9717 7239 9456 7281 9494 7340 9613 7276 9491 7582 9983 7194 9385 7202 9328 7145 9331 7427 9713 6851 8870 7159 9344 7483 9828 7270 9546 7389 9748 7519 9907 7593 10031 7442 9750 7347 9708 7472 9722 7138 9268 7337 9489 6756 8891 7462 9672 7348 9613 7117 9281 7187 9315 7267 9529 7315 9503 7412 9749 6817 9024 7366 9619 7401 9721 7411 9701 7502 9907 6785 8912 7113 9250 7512 9849 7253 9475 7487 9834 5724 7505 6727 8812 7350 9580 7535 9813 7503 9882 7292 9662 7047 9176 7491 9896 7374 9809 7327 9620 5062 6618 7218 9424 7213 9554 7448 9713 7437 9805 7352 9685 7476 9721 6781 9012 6987 9215 7159 9385 7606 10152 5685 7401 7424 9821 148
8181 10813 8163 10706 8082 10499 8123 10586 7374 9671 8066 10602 6228 8151 8182 10733 8118 10635 8154 10726 8303 10771 8113 10715 8089 10614 6351 8332 8042 10506 7776 10177 7740 10041 8084 10579 8280 10836 7865 10323 7768 10142 8124 10616 8108 10560 7376 9607 7924 10348 8401 11032 7886 10285 7342 9481 8080 10579 7249 9358 8179 10786 8452 11138 8045 10509 8152 10649 8231 10867 5962 7845 7985 10370 7536 9972 8181 10610 8256 10891 8171 10661 7948 10410 8093 10556 8158 10708 7475 9689 7991 10395 7784 10238 7874 10257 8218 10785 7226 9388 8469 11145 8154 10666 8302 10793 7067 9156 8161 10749 8032 10516 7413 9645 8200 10797 7747 10134 8286 10773 8077 10460 8057 10449 8125 10702 7642 9978 7923 10308 8344 10900 8424 11209 7766 10120 7989 10382 7184 9329 8149 10692 8106 10563 8343 10892 8260 10820 6447 8492 8048 10588 8047 10366 7869 10208 7422 9686 8398 10907 7609 9888 8182 10680 6314 8211 7750 10100 8121 10645 8053 10550 8072 10505 8201 10782 7810 10157 7543 9733 8203 10648 7924 10295 8019 10547 8268 10836 8375 11042 8071 10475 7964 10393 8246 10778 8121 10591 7204 9439 38
8571 11235 7934 10286 8898 11645 9001 11862 8977 11723 8727 11339 8828 11501 8434 10988 8525 11232 8684 11414 9134 12029 8896 11744 8870 11600 9101 11989 9039 11859 8868 11519 8787 11336 8751 11401 8952 11725 8923 11645 6975 9108 8766 11463 8848 11649 8888 11544 9023 11729 8997 11750 8690 11263 8891 11531 8906 11568 8763 11407 9121 12059 9197 12056 9069 11831 8610 11150 8883 11607 8839 11517 9004 11841 8590 11217 9068 11878 8329 10892 7998 10357 8907 11594 8591 11297 9039 11867 9032 11699 8663 11323 8581 11250 8681 11359 8808 11531 9056 11817 9097 11850 9149 12083 8713 11383 8978 11711 9091 11899 8397 11084 7935 10344 8615 11238 8636 11322 8783 11404 8918 11568 8228 10719 8907 11752 8212 10733 9241 12077 8626 11273 8515 11061 9055 11844 8957 11755 8919 11716 6892 8982 9181 11947 8989 11737 9074 11898 6894 8964 8768 11325 9138 12081 8837 11493 8378 10911 8615 11232 8901 11663 6835 9009 8508 11046 8886 11585 7937 10293 8594 11085 9379 12334 8977 11794 8896 11543 9012 11826 8692 11360 8979 11826 8964 11715 8795 11545 8877 11658 8920 11695 9095 11927 8968 11723 8972 11704 8898 11625 0
9605 12670 9718 12670 9516 12470 9285 12173 9699 12724 6725 8701 9630 12476 9458 12394 9756 12791 9791 12951 9622 12530 9912 12924 9630 12448 9899 12962 9782 12798 8884 11645 9994 13089 9702 12769 9702 12682 9802 12740 9321 12170 9891 12927 9671 12607 9700 12638 9881 12907 9376 12286 9737 12737 9473 12233 7508 9786 9417 12339 9710 12727 9719 12726 9877 12928 9645 12546 9887 12790 9974 12996 9835 12959 9541 12372 9959 13090 9895 12928 9151 11958 9711 12666 9716 12620 9075 11715 9834 12853 9574 12432 9669 12605 7519 9795 9750 12717 9777 12803 9898 12955 9632 12537 9749 12707 6535 8538 9530 12436 9735 12749 9769 12830 9537 12435 9990 13174 9709 12744 9708 12689 9678 12644 9078 11862 9971 13030 9891 12952 7472 9754 7505 9847 9622 12575 9915 13008 9453 12474 9564 12477 9679 12612 9775 12760 9718 12691 9008 11906 9975 13079 9705 12623 9742 12788 9082 11816 9683 12617 9686 12730 9765 12767 9852 12736 9615 12528 8626 11168 9794 12817 9256 12071 9570 12558 9470 12315 9820 12851 9948 12969 9629 12522 9718 12717 8796 11411 9783 12830 9399 12227 9809 12811 10031 13248 9507 12366 9082 11990 144
10407 13612 10255 13358 10584 13835 10553 13847 10860 14237 10139 13178 10473 13573 10538 13766 10346 13503 8112 10607 9771 12742 9991 12923 10523 13836 10728 14020 10489 13691 9961 12956 10427 13557 10390 13578 10910 14310 10271 13377 10518 13688 10355 13596 9814 12712 10194 13333 10344 13392 10247 13336 10786 14107 10431 13483 10556 13742 10528 13810 9954 12987 10554 13834 10416 13519 10000 12976 10497 13757 10422 13623 10876 14127 10044 13024 10373 13582 9879 12873 10500 13774 10686 14040 10661 13983 10573 13818 10742 14072 10812 14163 10467 13742 10804 14132 9935 12991 9637 12639 10300 13342 10441 13695 10550 13853 9941 12924 10606 13836 10439 13577 10772 14025 10437 13695 10768 14136 10196 13328 10734 14022 8112 10512 10373 13488 10291 13364 9791 12792 10209 13219 10725 14030 10446 13674 10102 13115 10498 13701 10309 13468 10229 13281 10441 13543 10618 13870 10129 13172 10090 13116 10476 13712 10537 13813 10585 13908 10524 13755 10556 13820 10615 13876 10766 14028 10637 13933 10507 13710 10554 13804 10693 13907 10563 13759 10328 13547 10218 13293 10547 13663 10207 13355 10563 13862 10626 13921 10375 13506 10522 13665 10613 13812 10368 13593 10401 13474 10583 13885 0
11462 14905 11301 14731 11247 14573 11239 14798 11159 14439 11263 14737 11272 14653 10329 13426 10872 14283 11171 14604 11300 14685 11227 14701 11350 14936 10966 14344 10602 13726 10968 14264 10375 13473 11612 15156 10790 13988 10693 13819 11199 14552 11245 14569 10675 13961 8692 11342 11047 14320 11249 14652 11686 15275 10991 14368 11274 14648 10929 14130 11126 14478 11106 14519 11161 14471 11191 14634 10979 14229 11303 14726 8634 11277 11119 14480 11261 14686 11243 14617 11334 14740 11112 14445 11358 14789 11133 14513 11269 14781 11095 14379 10898 14217 11104 14417 11295 14751 8848 11517 11305 14704 8715 11372 11267 14722 11256 14599 10155 13208 10965 14324 11291 14698 10923 14285 11221 14611 11266 14586 10468 13758 11398 14899 11556 15199 11270 14651 11181 14572 11129 14528 10969 14277 11123 14536 8663 11242 8988 11753 11322 14716 11140 14659 11005 14386 11121 14535 11314 14860 11260 14661 10539 13612 11208 14741 11359 14709 11299 14714 11502 15070 11662 15228 11360 14664 11056 14389 10833 14108 10987 14247 11280 14657 10865 14095 11390 14817 11205 14584 11431 14887 11182 14523 10792 14044 10269 13340 11381 14799 10116 13103 11385 14779 11340 14850 10761 13949 8701 11322 179
12130 15872 12046 15753 11781 15279 12128 15892 11984 15606 10521 13716 12035 15667 11943 15461 12082 15768 11050 14444 12024 15713 12064 15811 11915 15622 11903 15407 11882 15462 12258 16118 12197 15944 11859 15451 12149 15926 11965 15741 12141 15947 11305 14660 12025 15577 12011 15610 12240 16046 12058 15758 12304 16046 11937 15605 11947 15431 10775 13907 10877 14146 12123 15998 12078 15765 12106 15772 12017 15686 12037 15739 12245 16040 12053 15707 12103 15827 11970 15520 11964 15579 11853 15345 11924 15530 12414 16336 12112 15618 12334 16123 12512 16474 11965 15652 12070 15836 12162 15865 12284 16121 10893 14208 10942 14360 12052 15851 11600 15011 11839 15487 12250 15858 12136 15772 12446 16357 12141 15812 11053 14387 12268 15995 12041 15699 9409 12159 10620 13765 12024 15690 9261 12161 11296 14811 11853 15375 11816 15173 12143 15850 12253 15987 12012 15752 11125 14464 11759 15376 10187 13133 12280 16076 12223 15950 12032 15590 11954 15616 12366 16180 11533 15072 11920 15556 12123 15826 12058 15667 11841 15325 12402 16302 12256 16023 12381 16233 11873 15490 12342 16209 12003 15582 12147 15962 11901 15473 11987 15732 11958 15783 12156 15759 11492 14938 12222 15954 11898 15462 90
12696 16588 9292 12089 11441 14898 12700 16522 12911 16790 12469 16170 12862 16729 11865 15334 12993 16871 13219 17223 11689 15243 12929 16997 12921 16833 12989 17029 12850 16806 12726 16619 11920 15496 11788 15327 12829 16743 12588 16548 12754 16642 12604 16367 12843 16784 12010 15601 12467 16002 12724 16606 12630 16488 12753 16605 12379 16015 12725 16669 12956 16802 12817 16625 12096 15763 12649 16529 12475 16330 11810 15412 12896 16926 12815 16822 12931 16990 13030 16946 13167 17113 12830 16795 12892 16717 12713 16614 12721 16481 12842 16727 12717 16504 12580 16341 12331 15983 12796 16718 12774 16632 12427 16007 12991 16910 12830 16777 12892 16866 12829 16782 12689 16624 12817 16689 12477 16274 12856 16753 13050 17004 12762 16584 13076 17117 12884 16737 11355 14760 12634 16510 11487 15074 9981 13089 12847 16825 11638 15076 12661 16499 12827 16706 12460 16196 12964 16848 12860 16983 12502 16330 12613 16391 13099 17111 12806 16715 12600 16390 13278 17425 12758 16735 12938 16790 12792 16594 12954 16943 12871 16819 13092 17081 8602 11178 11979 15527 9937 12949 12834 16809 12681 16618 12834 16785 12994 16977 12773 16662 12602 16382 12609 16441 12879 16789 12861 16819 12722 16562 97
13838 18123 13801 18057 13553 17671 12970 16921 13411 17496 13162 17169 13608 17751 13591 17606 13621 17812 13258 17412 13649 17817 12320 15985 13621 17774 13358 17541 13514 17797 13586 17668 13612 17690 12974 16837 13383 17368 12223 16076 13012 16824 12995 16850 13694 17806 13262 17333 13676 17827 13792 17930 13656 17694 13356 17520 13466 17463 13563 17614 13493 17519 13628 17837 13673 17838 13442 17496 13741 17883 13925 18203 13775 18041 13327 17295 13439 17611 13424 17526 13622 17735 13341 17261 10203 13164 13630 17861 13437 17701 13131 17157 12373 16188 14071 18535 13268 17206 13879 18150 13762 17898 13479 17498 13365 17346 13648 17756 13371 17406 13305 17351 13596 17722 13604 17795 13424 17429 13484 17504 13338 17348 13738 17953 13371 17395 13351 17459 13943 18175 13610 17660 13382 17431 13275 17311 13760 18053 13827 18027 13049 16846 13283 17282 13691 17784 13358 17401 12495 16310 10429 13609 13133 17159 13477 17509 13168 17201 13817 18072 13461 17710 13795 18049 13303 17317 13344 17338 13680 17797 12516 16270 13850 18104 13770 17987 13463 17536 13475 17578 13273 17218 13498 17576 13741 17897 13791 17949 13489 17459 13196 17200 11725 15176 13683 17871 13688 17841 13732 17923 100
14487 19001 14076 18234 14592 19082 14400 18727 14447 18799 13951 18245 13072 17071 14841 19317 14147 18319 13791 17782 14478 18862 14596 19193 14328 18604 14534 19092 14404 18662 13483 17494 14710 19265 13758 17825 13719 17984 14217 18633 14443 18866 14364 18703 14482 18927 14374 18796 14714 19240 14569 18883 14296 18637 14788 19391 14377 18759 14220 18501 13415 17443 14468 18763 14545 19135 13191 17089 14086 18423 14448 18927 14195 18593 13756 17950 14468 18886 14509 18945 14393 18847 14462 18903 14237 18614 13243 17257 13818 17889 14227 18478 14563 19042 14137 18330 14261 18645 14615 19189 14012 18252 14778 19320 13922 18228 12691 16441 14284 18565 14313 18634 14570 18966 14340 18694 14316 18628 14711 19156 14271 18732 14584 18916 14315 18499 13721 17843 14154 18451 14106 18324 14557 18911 14371 18767 14654 19221 14338 18739 14499 18950 14048 18407 12572 16438 14567 18889 13988 18074 14751 19291 14437 18719 14417 18760 13892 18099 14398 18697 14488 18964 14104 18397 14298 18624 14201 18477 14498 18944 14055 18256 14239 18507 14686 19313 14368 18728 13206 17269 14361 18752 14313 18732 14314 18706 13979 18132 14257 18439 14165 18356 14200 18420 14143 18271 14121 18463 14451 18793 30
15106 19591 15195 19860 13819 17968 15385 20171 13859 18120 14873 19437 14263 18554 15172 19828 15065 19644 14811 19388 15207 19890 15091 19708 15025 19444 15140 19705 15174 19869 15292 19852 14939 19317 15101 19616 14838 19333 15539 20400 14883 19608 15356 19966 11802 15440 15136 19882 13508 17552 14937 19455 14608 19027 15199 19854 15745 20487 15395 19960 14926 19463 15369 20131 11495 15021 15242 19907 14737 19046 15074 19642 14962 19555 15328 20194 15147 19771 15153 19800 15045 19537 14971 19488 13248 17280 15001 19533 13880 17950 15137 19773 15082 19700 14969 19521 15482 20241 15325 20035 15104 19673 15262 19988 14664 18970 15309 20098 14933 19339 15331 20141 14834 19248 14949 19551 15004 19482 10397 13485 14201 18564 15070 19555 13355 17319 15063 19666 13719 17764 15372 20191 14504 18762 15026 19453 14993 19547 15396 20089 13344 17384 14997 19533 14873 19431 14784 19370 15297 19914 13468 17536 15138 19784 15343 20140 15300 20043 14515 18985 15273 19939 14903 19463 14365 18887 15120 19737 15444 20219 15219 19929 15163 19754 14872 19417 15284 20021 14555 19103 15156 19606 15453 20317 15002 19528 15070 19691 15037 19515 15140 19820 15281 20026 15448 20128 14997 19551 14745 19323 156
16057 20898 15976 20806 15919 20739 15783 20653 16059 21001 16239 21372 15880 20856 16373 21402 16012 20876 16290 21242 16277 21213 16061 20993 15967 20751 15921 20703 14781 19250 15861 20707 16188 21032 15712 20344 16117 21146 15678 20579 16181 21207 15948 20778 15846 20646 16325 21395 16237 21202 16125 20920 14473 18894 15933 20732 16205 21051 16142 21131 16175 21219 15801 20696 16133 21156 15386 20048 16050 21065 15948 20859 15620 20398 12355 16147 15988 20809 14490 18909 15618 20356 16219 21053 16192 21136 16276 21371 14731 19228 12401 16183 15942 20771 16016 20926 15020 19722 16312 21356 15828 20632 12141 15786 13578 17612 15193 19754 15893 20721 16097 20842 15496 20076 15644 20312 12375 16139 16156 21030 12322 16136 15643 20356 15384 20093 16250 21292 15997 20819 16061 21067 16367 21356 16183 21097 15841 20678 15634 20301 16037 21053 16048 21045 15801 20625 15997 20915 15883 20661 15870 20750 16245 21276 16107 20993 14981 19697 15631 20369 15501 20103 16163 21139 15842 20707 16046 20739 16156 21186 15983 20831 14586 19008 14227 18380 15821 20623 15685 20340 15931 20856 16035 21039 15748 20573 15741 20412 15818 20716 15960 20704 15902 20700 15764 20557 15980 20859 15275 19909 0
16309 21171 16804 21866 16988 22304 17007 22297 16774 21840 16768 21841 16888 21975 16662 21643 16692 21618 16785 21909 15645 20366 12705 16509 16176 21133 16728 21811 17000 22118 15892 20705 16511 21566 16512 21714 16745 21835 12773 16594 16724 21638 16590 21704 16818 22088 16596 21608 17091 22341 16113 20988 16642 21791 16547 21538 16984 22288 16917 22055 15210 19793 16678 21798 12992 16962 16043 21028 16934 22201 16556 21571 16474 21436 16787 21827 16277 21147 16886 21989 16690 21646 16518 21391 16749 21864 16887 22149 17175 22467 16694 21671 16630 21756 16838 21981 17117 22397 16752 21922 15587 20171 16650 21773 15488 20337 16892 21986 16903 22102 15207 19791 16932 22069 16865 21721 16454 21548 16349 21385 16622 21694 16684 21734 16707 21823 16647 21588 17355 22726 16726 21858 15803 20563 15047 19395 16824 21885 16531 21406 16790 21716 16823 21900 17351 22709 15304 19989 17090 22441 16807 21948 13187 17248 16197 21037 16789 21984 16805 21898 15388 20014 16237 21094 16589 21682 16766 21858 16320 21214 16956 22003 17014 22250 16277 20916 16576 21807 17039 22221 16621 21684 16437 21317 16664 21703 16512 21584 16974 22120 16796 21811 16860 21908 16646 21674 16448 21423 16512 21477 157
15481 20089 17767 23184 17643 23043 17628 22938 17240 22334 17265 22478 17999 23424 17497 22839 17521 22915 17871 23352 17795 23211 17428 22661 17465 22864 17660 22968 17388 22514 17635 23020 17570 22845 17429 22788 16850 21875 17713 23162 15764 20471 18146 23683 17595 23087 17792 23164 17278 22487 17268 22487 17730 23084 16970 22092 17670 23130 17508 22806 17323 22560 17048 22176 17511 22684 17222 22239 17110 22138 13398 17436 17631 22899 13429 17550 17728 23312 17376 22708 17397 22703 17538 22953 17289 22557 13652 17762 17146 22290 17554 22855 17962 23462 16869 22032 17461 22807 17119 22388 17503 22840 17005 22107 17205 22320 17761 23166 16185 21074 17590 22826 17958 23554 18004 23630 17698 23086 17587 22908 17224 22493 17493 22659 17404 22663 16879 21927 17501 22717 17851 23281 17348 22698 17033 22122 17432 22748 17259 22525 17984 23558 17903 23433 17778 23179 17819 23312 17779 23028 17449 22693 17838 23169 17603 22965 17356 22563 18190 23773 17245 22413 17568 22931 17912 23402 17554 22857 13611 17694 17624 22969 17474 22703 17761 23267 17672 22814 17750 23058 15939 20702 16822 21917 17659 23131 17267 22498 16709 21698 17531 22879 17744 23012 17963 23381 17455 22805 17414 22700 159
18270 23881 16805 21984 18143 23694 17998 23426 17401 22701 18778 24522 19179 25119 18481 24216 16521 21491 18727 24409 18571 24277 17656 22897 18330 23880 18290 23918 18051 23658 18135 23817 18395 23989 18110 23620 18597 24313 18461 24099 18022 23581 18730 24390 18605 24212 16688 21749 17450 22505 18666 24439 18110 23455 18555 24313 18130 23638 18072 23540 18604 24234 18246 23764 16515 21380 18131 23562 18515 24319 18372 23903 18618 24317 18306 23935 18338 23890 18083 23557 18527 24138 18504 24231 17825 23172 18349 23739 18216 23912 17764 23096 18417 24075 18103 23506 18621 24223 18014 23447 16630 21549 18376 23777 14291 18666 18051 23514 18502 24187 18469 24018 18559 24306 18026 23465 18331 23748 17915 23234 18474 24274 18636 24267 18423 23924 18276 23909 18456 24198 18419 24051 18369 23851 17831 23143 18453 24023 17937 23310 18673 24359 18828 24529 18944 24646 18408 23901 18636 24173 18190 23569 18540 24206 16243 20919 13214 17180 17961 23486 18768 24489 17354 22658 18382 24079 18057 23466 18292 23663 18453 24060 18069 23456 18130 23406 18239 23752 18330 24047 18571 24354 18614 24324 17617 22866 17526 22807 18494 24076 18127 23489 18122 23577 18443 24111 18329 23984 18394 24031 212
17574 22988 19309 25106 18987 24896 19003 24723 19732 25798 18886 24551 19330 25267 18693 24420 19590 25457 19447 25303 18807 24450 19244 25177 19253 25028 19132 24865 19519 25466 19341 25130 17504 22737 19091 24963 18412 23905 14507 18883 17323 22485 19022 24766 19151 24903 14470 18722 18403 24116 19120 24869 18931 24752 19296 25059 19125 25010 19265 25191 18292 23757 19229 25143 18027 23580 17787 23049 17499 22874 19179 24992 19338 25291 19487 25479 19287 25124 18939 24661 19009 24625 18978 24657 19245 25175 18751 24411 19039 24862 19104 25119 18818 24399 18533 24085 19491 25295 19193 25099 18811 24371 19629 25661 19148 24933 19559 25634 19333 25228 19068 24826 18881 24580 18387 23799 19402 25345 19140 24923 19365 25343 19301 25180 19545 25443 13751 17789 19369 25385 18875 24497 19522 25529 18282 23805 19361 25341 17240 22435 17630 22999 18607 24157 17574 22925 19280 25180 19340 25268 19137 24947 17604 23004 18981 24783 19164 25044 19338 25074 19422 25396 18098 23514 18233 23732 19527 25451 18464 23964 18986 24742 19081 24868 19145 24921 17228 22404 19326 25245 18667 24395 19103 24917 18869 24506 19310 25140 19280 25081 18616 24257 18482 24043 19171 25081 19644 25754 19118 24970 128
18019 23429 20468 26891 19794 25799 19901 26024 19736 25519 20278 26497 19889 26162 19896 25908 20417 26697 20018 26121 19769 25757 19218 25005 20145 26201 19361 25138 19999 26154 20581 26804 17696 22984 19794 25686 19949 25951 20238 26255 19901 25887 15365 19928 19714 25702 19850 25906 20361 26505 20158 26355 19269 25132 20013 26145 18100 23589 20312 26554 18837 24462 19735 25575 19843 25764 18882 24540 18932 24583 20033 26083 19752 25674 20018 25947 19926 25836 19576 25579 19863 25962 19849 25745 20210 26392 19965 26292 17925 23205 20029 26100 20245 26433 19784 25879 15099 19587 19891 25931 19285 25040 19854 25854 15503 20142 19995 26103 20295 26419 20016 26181 19603 25427 19828 25778 19543 25402 19495 25533 19543 25424 20148 26293 14649 19027 20087 26238 20347 26434 20219 26450 20380 26605 20160 26300 20006 26083 20097 26350 19819 25854 19856 25754 20208 26371 20237 26533 19952 26036 19639 25500 20082 26163 20039 26233 19264 25075 20095 26401 15482 20235 20088 26159 18223 23661 19978 25989 19822 25886 19767 25698 19987 26094 20139 26286 20039 26142 20144 26430 19994 25950 18413 24013 19558 25278 20126 26206 20409 26573 19393 25034 19223 25005 19328 25130 15230 19824 19412 25272 135
20993 27396 20662 26681 16044 20808 20836 27207 20198 26217 20457 26679 16028 20840 20737 27023 20881 27272 20660 26852 20833 27187 20470 26635 19635 25511 21195 27679 20252 26152 20600 26750 19622 25414 20035 26067 20947 27152 20660 26843 20329 26369 20671 26844 20159 26264 20667 26883 20619 26849 20407 26413 20631 26971 20414 26471 20735 26969 20720 27112 20670 26963 20985 27398 20490 26630 20605 26811 18614 24212 20035 26036 20109 26049 19910 25800 20345 26517 20650 26967 19932 25914 20217 26305 20462 26670 20535 26827 19781 25662 19930 25844 20378 26109 20682 26925 19654 25581 20288 26480 20672 26971 20012 26150 21074 27406 20861 27243 20925 27251 20841 27229 20538 26725 20559 26773 20726 26958 20578 26758 20460 26582 20510 26751 20646 26916 20987 27282 20679 26807 21264 27702 20356 26399 17841 23132 20379 26596 20745 26979 20854 27209 20537 26646 20655 26731 19573 25344 20141 26250 20107 26001 20708 27068 20804 27030 21248 27601 20773 27103 20834 27144 20720 27060 20828 27322 20771 27137 20174 26286 20104 26096 20390 26465 20032 26049 20794 27029 20725 26983 20523 26797 20558 26850 20627 26883 20846 27085 20596 26698 20872 27192 20765 26990 20771 26938 20448 26597 20488 26538 147
16374 21217 21193 27547 19555 25261 21825 28495 19364 25225 21803 28457 21513 28109 21467 27883 21073 27401 20837 26826 21505 28086 21603 28257 21931 28664 19833 25721 21391 28041 21695 28221 21747 28395 21422 27952 21353 27765 21190 27490 21792 28429 21630 28317 20893 27223 21329 27661 20965 27110 21649 28201 21407 27965 21749 28284 21418 27838 21482 27953 20930 27237 21208 27593 21163 27487 21373 27763 18323 23795 19836 25883 21339 27727 21751 28232 21807 28210 21960 28725 19469 25393 21179 27476 21384 27828 21743 28272 20120 26177 21276 27550 20750 26768 21562 28065 20682 26835 20518 26843 21350 27728 21678 28401 21606 28261 21840 28464 21162 27614 21192 27458 21719 28261 21564 27930 21812 28499 20155 26176 21112 27410 21060 27455 21703 28250 19059 24857 21550 28041 20813 26891 19179 24864 21647 28213 21860 28652 20444 26648 21097 27418 16511 21494 21126 27521 21454 28032 16473 21362 16346 21303 21330 27802 21724 28305 16409 21455 20903 27242 21386 27866 20632 26835 21618 28134 16587 21594 20876 27083 21077 27320 21491 27924 21431 27900 21032 27431 21514 28139 21198 27610 21302 27858 21462 27972 21958 28569 21277 27659 22049 28872 21110 27527 21405 27849 21539 28101 20620 26959 10
21694 28379 22336 29091 21773 28348 22521 29402 22500 29205 21914 28447 22322 29035 21910 28469 19105 24709 22290 29017 21389 27768 22685 29586 20856 27121 22446 29162 21267 27782 21895 28689 21373 27915 21564 27972 22518 29303 20471 26713 21435 27721 22218 28997 22212 28743 22581 29314 22183 28894 22984 29783 22218 28870 22737 29697 22752 29549 22566 29495 21867 28387 22044 28651 21772 28296 22321 28961 21757 28229 21710 28305 21043 27487 21552 27907 22035 28565 19985 26004 21384 27780 21822 28432 22135 28742 22287 29090 22560 29419 22511 29259 22132 28782 22207 28940 21872 28497 22275 28942 20674 26945 22364 28966 20432 26443 22332 29186 22006 28659 21985 28461 21603 28240 22328 29097 21187 27532 21742 28291 21857 28481 22351 29048 21892 28416 22100 28596 22299 28856 21966 28648 21911 28688 22180 28735 21944 28627 21952 28520 22140 28884 22364 29068 21769 28176 22694 29404 21751 28184 21581 28245 22465 29127 21249 27766 22168 28852 22595 29337 21368 27735 20741 26911 21676 28178 22318 29010 22347 29124 22212 29025 22316 28979 22548 29313 22473 29388 20442 26557 21632 28097 22419 29308 21212 27353 22169 29043 21789 28437 21943 28601 22238 28980 22396 29254 22204 28839 20361 26382 302
23045 30181 22778 29467 17784 23106 23070 30094 23226 30300 21349 27579 23110 30038 22687 29363 23077 30071 22823 29717 23060 30057 22749 29456 22852 29848 22752 29621 22291 29010 21786 28328 22213 28861 22944 29691 22328 29129 23009 29757 23145 30272 22899 29934 23115 30067 22443 29007 22773 29697 20686 26752 23148 29859 23066 30247 23242 30185 21312 27695 22823 29713 22864 29672 22043 28633 23257 30325 22593 29455 23245 30434 23110 29973 22706 29544 23090 29945 23131 30030 22030 28623 22020 28559 23046 30062 23379 30474 23393 30463 22893 29754 22666 29462 23364 30395 22654 29276 22224 28917 21791 28070 22926 29829 22762 29590 23394 30500 22789 29658 22387 28919 22873 29706 23068 29912 22364 29067 23149 30298 22730 29585 22781 29501 22487 29082 22850 29898 23346 30317 22715 29503 22486 29325 23292 30244 22649 29183 22866 29676 21891 28611 23032 30089 23443 30587 22909 29780 22910 29799 22808 29767 23311 30312 22772 29597 22938 29698 22969 29912 23150 30155 23159 30040 23191 30114 23209 30190 23234 30217 23160 30192 22810 29645 22138 28873 23360 30260 22029 28575 22860 29922 23172 30056 22813 29633 22391 29092 22896 29777 23444 30526 23029 30028 23384 30445 23092 30072 22931 29902 172
23190 30330 24036 31360 23261 30136 22808 29786 23380 30150 24143 31477 23490 30533 23830 31050 24628 32182 23731 30730 23783 30887 23999 31036 23255 30130 24430 31917 23674 30607 24067 31236 23199 30242 20863 27029 23336 30160 23796 31022 24236 31609 23026 30004 23692 30665 23971 31167 23963 31268 23827 30865 23877 31149 23954 30956 24001 31081 24039 31260 23644 30713 23883 30978 22224 28787 23778 30846 23311 30308 23890 31024 24382 31749 23794 31104 23892 30924 23942 31256 24163 31414 23983 31262 23635 30707 22535 29297 23877 31030 21706 28296 24029 31192 24224 31480 18463 24013 23304 30253 23816 31058 24275 31569 23410 30516 23718 30902 24313 31716 24440 31604 23694 30883 22802 29584 21629 27957 23513 30496 24231 31523 24079 31445 23804 30997 21532 28011 23693 30860 24098 31507 24129 31431 24148 31344 23978 31358 22177 28824 23459 30418 24285 31623 23138 29832 23826 30839 22545 29247 22839 29741 23148 30171 24315 31490 23742 30746 23687 31009 20698 26912 23880 30995 23084 30059 21988 28585 23692 30779 18368 23953 23018 29880 24172 31425 23485 30584 22920 29944 23409 30438 24493 31882 23875 31211 23986 31234 23935 31118 23886 31218 23566 30802 23771 30927 24007 31194 23393 30336 158
23734 30853 24585 31922 24898 32352 25080 32824 24661 32189 24969 32668 24793 32156 24216 31585 24854 32448 24394 31589 24900 32369 24575 31963 24252 31519 24514 31812 24762 32370 24479 31996 24438 31809 22707 29554 24182 31523 23854 31148 24355 31616 19010 24789 22537 29360 25115 32728 25163 32688 24100 31327 24402 31597 24083 31175 24969 32679 24617 32148 24663 32035 25375 33120 24248 31348 24101 31207 24578 32119 24461 31880 21391 27715 24060 31317 24475 31932 24578 32009 24689 31912 23606 30646 24806 32248 24655 32156 24928 32482 24681 32129 24645 31874 24557 31799 24521 31962 24055 31076 18724 24388 24828 32453 24500 31778 24262 31590 24744 32235 24402 31764 22555 29270 24978 32457 24686 32250 23023 29746 24646 32055 24581 31956 25146 32852 24430 31808 24670 32071 22326 29137 24699 32048 24166 31565 23298 30239 23386 30451 24558 32078 24643 32031 24077 31239 23450 30487 22742 29637 24749 32304 24223 31591 24356 31691 24480 31739 24318 31414 25122 32548 25091 32614 24563 32053 24059 31262 24444 31664 23877 30900 24575 32069 24485 31979 24654 32065 24754 32080 24201 31322 24927 32397 24793 32066 25192 32809 24586 32085 24500 31721 24852 32439 24833 32356 24911 32544 25100 32699 177
24910 32395 25745 33483 24979 32527 26413 34510 25450 33293 25713 33430 25940 33717 25849 33495 23169 30038 25236 33019 25496 33139 25250 32647 24993 32373 25098 32555 25048 32651 25659 33356 24849 32360 25190 32770 25373 32789 25407 32899 25070 32726 19324 25043 24692 32076 25226 32716 25579 33111 25769 33465 25881 33724 25343 33041 24854 32286 25550 33211 24938 32485 25273 32832 25420 33024 25422 32942 25981 33794 25448 33021 25485 32984 25024 32407 25615 33305 24996 32474 25670 33268 25896 33829 24622 32119 25351 32761 24574 31893 25300 32834 25789 33663 25718 33315 23493 30627 25285 32783 25552 33219 25412 33087 25478 32868 25317 32996 25291 32890 25791 33611 26054 33897 25453 33090 25030 32375 24388 31730 26078 33869 25357 32965 25810 33562 25862 33645 26127 33980 25733 33549 25695 33473 25154 32658 23173 30152 25723 33497 25178 32568 25356 33120 25364 33134 25549 33200 25036 32598 22406 28889 25939 33864 25696 33450 25570 33221 25303 33016 25327 32760 19054 24782 25568 33397 25342 32974 25401 32973 22928 29802 25532 33139 25300 32834 25354 32849 24675 32147 25799 33357 25597 33316 25360 32980 25538 33013 25672 33432 25756 33466 25409 33005 26078 34068 25341 32795 25693 33529 139
26690 34702 25739 33525 26080 33773 25891 33623 26214 34238 23380 30415 26111 34009 26083 33877 26207 33863 26419 34492 26411 34587 26329 34027 26274 34055 26515 34386 26594 34601 23236 30106 26000 33828 26092 34005 26353 34250 26473 34530 26200 33953 26029 33834 25943 33692 25856 33590 26291 34072 26614 34482 26006 34031 26823 34977 26035 33923 24000 31230 25984 33764 26037 33820 26269 34076 25999 33842 26561 34679 26194 34030 25605 33375 23379 30354 25806 33386 25662 33362 26230 34038 26596 34591 25280 32978 26106 33921 26405 34522 25400 32820 25425 33195 25782 33668 26192 34000 25912 33477 20088 26125 26338 34527 25705 33470 26158 34056 26519 34413 26380 34336 26364 34395 25321 32795 26377 34312 26261 34072 26080 33749 26211 33997 26826 34732 26715 34579 26260 34246 26061 33849 25819 33292 24115 31465 26752 34825 26004 33836 26294 34276 26168 34087 25836 33586 25997 33639 25812 33541 25984 33715 26404 34351 26622 34575 25629 33127 26669 34835 26462 34495 26064 33782 26564 34459 26134 33989 26084 33898 25574 33073 26351 34314 26216 34107 26142 33930 26464 34297 25804 33646 26780 34869 22437 29137 26643 34788 26393 34510 25560 33261 26685 34641 26691 34699 25980 33864 26475 34390 156
25764 33328 26520 34454 27360 35667 26435 34201 26772 34712 24609 31965 26710 34548 27231 35463 26928 35103 27118 35265 25173 32543 27466 35701 27348 35542 26801 34893 26898 34958 21126 27460 27435 36010 27275 35640 26603 34524 26862 34836 27289 35508 27145 35312 26203 33898 27369 35655 23308 30463 27033 35241 27284 35367 26952 34832 26659 34547 27454 35670 26421 34387 27016 35155 20519 26530 27375 35507 27175 35286 26244 34032 27132 35296 26346 34359 26852 34955 26101 33781 27370 35752 25070 32637 27292 35582 26814 34855 27193 35260 27523 35848 24871 32403 26774 34651 26981 35051 27538 35711 27126 35377 26654 34665 25880 33453 26596 34671 27069 35337 26650 34544 27483 35764 26891 34863 26554 34518 26524 34549 26906 34922 27577 35892 27650 35873 27159 35526 26867 34836 27322 35640 26995 34866 27218 35359 26390 34298 27465 35577 27247 35530 26704 34703 27166 35293 27484 35893 26665 34538 26616 34584 27115 35278 27335 35610 27012 34987 24177 31351 25180 32529 26308 34267 26477 34440 27208 35364 20740 26944 26720 34607 26423 34241 27095 35097 27117 35421 26416 34377 26511 34280 27200 35478 26947 34845 26662 34429 27453 35880 27065 35218 27055 35202 27139 35472 27598 35848 25831 33613 158
27554 36031 21057 27318 27016 34988 21466 27860 28008 36597 27270 35412 27629 35940 27964 36327 28197 36710 27234 35386 24191 31580 27052 35039 26110 33853 27278 35483 27569 35709 28271 36600 27521 35614 26619 34682 27079 35159 27185 35271 26923 34764 27937 36365 27987 36306 28227 36748 27605 35898 27025 35135 27954 36409 27759 36134 27468 35772 27594 35927 27341 35524 27154 35219 28214 36690 27465 35777 27349 35683 27781 36121 21310 27751 28199 36760 27492 35807 28282 36574 27809 36114 27754 36033 28260 36767 27961 36440 27834 36041 28019 36449 28044 36690 28071 36455 28007 36721 28163 36546 27595 35811 27896 36158 28212 36692 26498 34454 27526 35853 27269 35439 27738 36140 27899 36306 23621 30582 28128 36684 27908 36344 28088 36736 27504 35711 28335 36789 25424 33134 27880 36110 21266 27552 27402 35593 27702 36169 28219 36740 26437 34435 27730 36214 27213 35403 28011 36614 27294 35562 27071 35005 27855 36344 27816 36125 26935 34985 27639 35978 27631 35988 27931 36306 25121 32588 28204 36627 27696 36225 28125 36577 27097 35073 18502 24062 27966 36427 27877 36177 26697 34753 28089 36538 28264 36867 21248 27699 27984 36701 27601 35912 28266 36818 28125 36760 28241 36830 27863 36052 288
28787 37582 28818 37657 28988 37732 28572 37156 26557 34638 28592 37337 27568 35806 26197 34038 28429 37099 27596 35881 28430 37076 28853 37475 27553 35763 27894 36453 28943 37621 28556 36928 28587 37179 28698 37484 28858 37544 28392 36941 28381 36828 26515 34401 26966 35158 26222 34231 28220 36526 29026 37733 28399 36796 28176 36619 26276 34184 27847 36111 26449 34504 28759 37468 28311 36903 28885 37541 25968 33781 26081 33811 28780 37429 27412 35768 28280 36694 28211 36688 28003 36428 28011 36363 28980 37706 28329 36575 28745 37325 28159 36647 29115 37930 26279 34018 28811 37411 28033 36357 28712 37345 28649 37322 27408 35675 28871 37639 27823 36211 28518 36970 28349 36815 28546 37273 28802 37437 28821 37549 28515 37039 28345 36780 28617 37206 28350 37028 28147 36514 28539 37114 27995 36470 28725 37421 28796 37443 25925 33550 27961 36302 29056 37805 28850 37672 29135 37878 28434 37023 28209 36624 27362 35466 28342 36777 28634 37195 28092 36483 29002 37730 28662 37271 28696 37219 28680 37368 28898 37542 29074 37839 28281 36882 28082 36583 28692 37292 28582 37294 28730 37212 28445 37020 28351 36757 28969 37572 28892 37469 28551 37210 28584 37190 28640 37273 28842 37668 28780 37398 188
29377 38309 29000 37799 29547 38669 29211 38079 29601 38514 29304 38045 29889 38896 29434 38201 28777 37391 29359 38206 20123 26176 29561 38528 29315 38198 29490 38457 28395 36826 29162 37895 29265 37914 28479 37193 26858 35022 29682 38544 29531 38456 29260 38133 29334 38134 29037 37630 29801 38850 29093 37822 29477 38420 28762 37304 29671 38833 29935 39098 29580 38414 29462 38234 29545 38525 28829 37371 29559 38578 26838 34933 29840 39121 29152 37939 29785 38728 29705 38684 29908 39053 29877 38743 29395 38025 29205 38056 26058 33994 29891 38974 28964 37498 29685 38553 29617 38355 29569 38455 28905 37622 29425 38336 29469 38345 28836 37385 28954 37874 29344 38191 28803 37524 28850 37595 22220 28817 28807 37373 29396 37970 28087 36348 28751 37337 29798 38806 29204 37891 28767 37307 29363 38299 29275 38057 28049 36502 29422 38249 29153 37745 26965 35079 29657 38719 29532 38441 28570 37115 28573 37078 28910 37494 29623 38521 25330 32907 29629 38320 27475 35473 29526 38297 27833 36149 29374 38230 29200 38000 29074 37844 29284 38101 29562 38514 28113 36563 28910 37670 29433 38121 29452 38130 29523 38595 29328 38147 29112 37889 29532 38474 29829 38858 29230 37983 29077 37718 29432 38359 158
30518 39867 30130 39083 29364 38173 30476 39605 30293 39520 30663 39970 30500 39728 30380 39482 30350 39438 29105 37599 30418 39426 31113 40400 29913 38875 23319 30299 30390 39559 30515 39748 29789 38738 30811 40230 30407 39426 30108 39130 30977 40541 31052 40688 30637 39967 30601 39765 30348 39521 30373 39476 30182 39082 29854 38777 29868 38724 30171 39145 30245 39501 29155 37909 27350 35444 30443 39622 29327 38211 30209 39243 30010 38896 30551 39654 30523 39521 30185 39112 30271 39435 30285 39576 30184 39371 30380 39447 29890 38900 30219 39283 29532 38307 29717 38498 22844 29552 27227 35351 29785 38928 29060 37929 31016 40291 30269 39450 29534 38218 23320 30281 30005 38925 29536 38334 30479 39696 30199 39140 29796 38603 30351 39601 30210 39340 23203 30021 30509 39557 30294 39428 30201 39285 30262 39383 30106 39102 28884 37638 30639 40130 29599 38250 29626 38457 30284 39413 29981 39030 30340 39533 29962 38958 30102 39445 30351 39531 29540 38358 29526 38287 30238 39397 30051 38956 30200 39443 29255 38072 29543 38356 28587 37075 29941 39028 30852 40145 30768 39985 30145 39175 29482 38268 30210 39307 29796 38849 29734 38530 30758 40182 30179 39112 29928 38619 30531 39557 29835 38721 160
31296 40666 27718 36028 30968 40418 31079 40472 29393 38159 31531 41100 31269 40545 31917 41593 31403 40748 30829 39897 30292 39250 30738 39974 31198 40525 29984 38960 30170 39232 28351 37019 30915 40252 29350 38045 31863 41579 31124 40415 30875 40414 23526 30405 31039 39977 31608 41223 31132 40608 30997 40225 28356 36840 30344 39305 31299 40708 31554 41015 31032 40298 30913 40181 30494 39530 31292 40932 31385 40978 29005 37540 30938 40324 30876 40368 30781 39929 31133 40654 31373 40744 31638 41380 30646 39842 31430 41012 30310 39364 30026 38825 31217 40760 30725 39870 31366 40741 29348 37970 30900 40151 30585 39800 30158 39018 30894 40158 27482 35578 31118 40600 30726 39947 31235 40685 30625 39756 30978 40389 30038 39097 31157 40533 30838 40222 31376 40778 30958 40366 30984 40389 31464 40880 31439 40949 30810 40023 29810 38598 30976 40440 30425 39543 27645 35662 30104 39034 30611 39840 30438 39636 31083 40527 30477 39679 31254 40487 30759 39972 31858 41648 30071 39140 31416 40818 30963 40133 31136 40389 30740 40039 31601 41223 31217 40505 29043 37681 31219 40675 31087 40647 30596 39858 31103 40591 31526 41216 30126 39240 31624 41392 29489 38073 30853 40094 30519 39587 31580 41088 317
31814 41526 32266 42105 32269 41851 31573 41306 31714 41422 31277 40699 31326 40757 32276 42099 32075 41699 24015 31216 31285 40937 31195 40662 31764 41426 28473 36877 31807 41418 32021 41472 32054 41725 31750 41337 32219 41707 31962 41452 22855 29674 31941 41739 31890 41760 31491 40839 28648 37218 31754 41520 31788 41361 31786 41311 32134 41816 32268 42056 32269 41904 31819 41521 31153 40403 31306 40678 32290 42064 32307 42192 32279 42237 30814 39786 31561 41199 32412 42163 32126 42006 31221 40528 32163 41689 31406 40782 31710 41211 24589 32091 32184 42009 31281 40745 31767 41213 32252 41946 24207 31436 31394 40761 31866 41493 31185 40485 32020 41880 29280 38067 28970 37581 30348 39328 32154 42003 31724 41191 31625 41015 31985 41561 29364 38199 31836 41479 31782 41435 31610 41156 31818 41360 31096 40391 32640 42619 31684 41202 32394 42012 32207 41919 31893 41556 29927 38765 31776 41270 31281 40561 31121 40510 31986 41593 31735 41231 31177 40558 32262 42001 31569 41001 31607 41013 31493 40831 32168 42056 32099 41527 31898 41363 32035 41604 31023 40157 31832 41429 31852 41283 31389 40733 31340 40685 30365 39478 30559 39659 31508 41007 31831 41463 31663 41151 24644 31967 32040 41718 157
33011 43069 32510 42204 32830 42641 33174 43321 32473 42292 31403 40888 32129 41758 32653 42487 31071 40503 32709 42316 32794 42662 33219 43269 33310 43332 29150 37837 33112 43101 32098 41714 32709 42607 32476 42284 32173 41926 32832 42681 32176 41941 33307 43402 32795 42910 30659 39697 32587 42247 32553 42271 25211 32811 33331 43261 32879 42696 31997 41467 32626 42402 30744 40011 33052 42836 32710 42564 33272 43375 31631 41087 32684 42355 32525 42192 31761 41092 31824 41188 32598 42521 32481 42200 31422 41052 32716 42576 32625 42352 32155 41638 32462 42069 32343 42055 32253 41878 32668 42248 31350 40861 33000 42929 32654 42427 33015 43021 29527 38638 32729 42450 32068 41571 32403 42080 31410 40760 32527 42441 32625 42465 30587 39570 32240 41946 32310 41968 32197 41867 32830 42783 32881 43076 32569 42389 33192 43457 32747 42449 31918 41576 32699 42487 31872 41482 32285 41892 32440 42015 32945 42668 32653 42382 32834 42841 33039 43004 31938 41508 32619 42560 32666 42275 32363 41946 32714 42541 32463 42357 32200 41958 32305 41899 31662 41055 32218 41685 32597 42512 32819 42678 33273 43355 32936 42910 32673 42485 32458 42249 32541 42229 31929 41610 31595 40809 31957 41529 32669 42497 336
32807 42628 33465 43429 31980 41719 32139 41682 33396 43473 33771 43877 33497 43648 32760 42453 33550 43610 33371 43277 33858 44190 33394 43465 33915 44106 32929 42751 33313 43473 33733 43987 33176 42967 34157 44437 32970 42799 32856 42868 32783 42619 32855 42660 33421 43306 33262 43106 31069 40248 32880 42724 25936 33822 34026 44593 33320 43380 33396 43667 33811 44208 33611 43782 33059 42834 25632 33269 33920 44091 33080 43112 33129 43188 32617 42101 33522 43653 33313 43406 32240 41796 33243 43280 33467 43476 33096 43101 33707 43784 32835 42695 32563 42135 33801 44167 33266 43337 33340 43404 33503 43442 33767 43957 33135 42867 33638 43873 33952 44115 33762 44073 30750 40167 33551 43622 33921 44269 32912 42971 33692 43887 29947 39151 33186 43145 33396 43530 32820 42445 33209 43335 33925 43895 33855 43976 32960 42910 33816 43734 33120 43126 33586 43705 33365 43538 33398 43099 33074 43116 30173 39341 33301 43459 33001 42883 33621 43551 33822 43924 31903 41391 30201 39100 33952 44201 32866 42697 33504 43534 33578 43670 33494 43570 30001 38789 33741 43904 33508 43391 33777 44021 30096 39116 33033 42977 33345 43420 33783 44062 32696 42338 33981 44181 33375 43320 33525 43462 33469 43395 167
34044 44310 31294 40687 34175 44307 33757 43974 34238 44405 34498 44879 34423 44858 33925 44152 33626 43257 32819 42707 33964 44086 34336 44741 33970 44050 34275 44588 34325 44525 34723 45261 34224 44232 34107 44233 34658 44920 31494 40766 34604 45057 34645 45161 32758 42362 34145 44350 34510 44810 34073 44384 34554 44877 33723 43689 34360 44947 34479 44734 34684 45187 34104 44303 34122 44699 33342 43202 34549 45173 30148 39158 34058 44115 33959 44127 34811 45258 26079 33852 33714 43811 33872 44081 34122 44512 34405 44982 33112 43012 34401 44794 34166 44418 33957 44125 33965 43968 34324 44638 34176 44417 34607 45022 34024 43953 34519 44940 33527 43690 34447 44688 33717 43807 34280 44447 33451 43378 33807 43745 34120 44435 34290 44554 34150 44472 33766 43892 34608 45186 34360 44743 34156 44583 34583 45142 34199 44476 33959 44272 33755 43869 34323 44402 32630 42186 34135 44428 34231 44598 34410 44904 34249 44726 34517 45058 26242 33942 33570 43650 33332 43389 34448 44638 33935 43911 31553 40829 34988 45440 33748 43922 34397 44634 34187 44569 34220 44327 33960 44309 33911 44098 34662 45016 33606 43436 34463 45027 33516 43688 34114 44361 35044 45658 34313 44720 33493 43327 33597 43574 159
35575 46447 35096 45613 35506 46063 35628 46242 34827 45157 35013 45572 33890 44058 34425 44738 35306 46112 35788 46733 34377 44577 34377 44796 34347 44644 34902 45207 26321 34107 32301 42040 35176 45780 33426 43482 34121 44275 35602 46359 34964 45438 35130 45687 35391 45970 35194 45895 34023 44206 35127 45645 31873 41385 35546 46263 34469 44598 34074 44247 34724 45049 35026 45542 34880 45463 34974 45626 34990 45439 34885 45487 35105 45609 34857 45317 34379 44680 33505 43368 35265 45907 34840 45319 35016 45572 34802 45422 35462 46148 36023 46833 34878 45571 35300 45794 35020 45538 35156 45717 35176 45549 35344 46239 34935 45236 31779 41259 34216 44377 33581 43670 35054 45462 35486 46147 35334 45847 33511 43524 34412 44769 35257 45721 35171 45721 34498 44926 35018 45641 35261 45691 34559 44915 35317 45827 35509 46238 34777 45033 34627 45044 34878 45348 35493 46232 34293 44337 32988 42691 34615 45171 34759 45262 33096 42856 35173 45681 33041 42591 33336 43358 34630 44785 33166 42901 35135 45634 34329 44336 35330 45750 34992 45620 34556 44616 26509 34454 35256 45952 34285 44361 34549 45172 34621 45066 34996 45363 35076 45664 34279 44410 35865 46636 34697 45167 35524 46066 35487 46350 318
35575 46042 35781 46537 36129 47032 35263 45738 35950 46823 35235 45746 35106 45657 35680 46427 35403 45853 35852 46490 35756 46404 35894 46543 35572 46487 35486 46182 36344 47330 32509 42143 35491 46219 34808 45279 35732 46778 36347 47292 36213 47149 35582 46142 36033 46886 35709 46508 35776 46525 35766 46413 35560 46272 35236 45579 34838 45236 35200 45582 35708 46306 36316 47252 36052 46787 36707 47749 36027 46976 32410 42144 35828 46667 35502 46112 32001 41462 35141 45728 32634 42546 36062 46831 27091 35154 36165 47190 36444 47208 35359 45840 35425 46092 35838 46473 36122 47038 35685 46447 36175 46898 36124 46937 35910 46445 36459 47205 36541 47732 35941 46816 35734 46664 36171 46952 35693 46407 35738 46546 35716 46370 36214 47291 36003 46682 34697 45098 36048 46914 35718 46331 36061 47003 36041 46959 35551 46221 34883 45423 35976 46840 35644 46549 36032 46821 35752 46213 34723 45185 35791 46677 35796 46535 33197 43067 34125 44370 35332 45774 35618 46262 36283 47134 34980 45280 36319 47239 35982 46917 36281 47255 35840 46448 35599 46446 36055 47050 35286 45987 35268 45825 35595 46232 34140 44287 35354 45844 36109 46949 35783 46609 36005 46834 36305 47369 35004 45462 35679 46543 322
36454 47645 35847 46410 27544 35804 36392 47446 37159 48409 35199 45787 35963 46624 37337 48428 36188 47230 36459 47598 36716 47489 36714 47568 36638 47807 35952 46641 36810 47921 37212 48468 36578 47585 35596 46002 35804 46217 36673 47530 36857 48037 36730 47751 36602 47480 36838 47833 36765 47796 37284 48483 36064 46831 36643 47726 36248 46986 36704 47645 36938 48082 36616 47656 36914 48134 36713 47748 36081 46701 36387 47144 36466 47522 36979 48073 36514 47344 36498 47387 37044 48514 36622 47625 36422 47171 36592 47468 36081 46555 36427 47477 36397 47172 36893 47812 36919 48022 36195 47063 33195 42952 36621 47249 33362 43420 36966 48210 36180 47023 37007 48428 35780 46571 36498 47487 36776 47947 36540 47654 35184 45743 36791 47948 36462 47383 33584 43661 36783 47801 36813 47874 37080 48358 36725 47772 36736 47714 36811 48099 36043 46853 36532 47339 36797 47890 36146 46991 37055 48231 33554 43396 36761 47985 36990 47965 37038 48388 36400 47156 34893 45078 35503 46142 35822 46510 36832 47833 36134 46809 36232 46659 28076 36346 37141 48668 35657 46182 37194 48570 36547 47794 35666 46108 36042 46919 36509 47560 35840 46509 36697 47942 37108 48303 33741 43795 36960 48264 35049 45739 158
36293 47212 36555 47215 37731 48793 37061 47999 34501 44644 37346 48801 37646 48957 35952 46776 36885 47986 37380 48642 36816 47957 37558 48916 38075 49552 37547 48735 37739 49133 37564 48927 37437 48813 37162 48052 36859 48011 36980 47864 37483 48782 33819 43800 34088 44259 36398 47324 37950 49366 37310 48209 36846 47804 37273 48497 37439 48659 37697 49197 37587 48878 33754 43854 37351 48619 36715 47632 36041 46663 36680 47641 33033 43028 37031 48151 37147 48257 37439 48743 37526 48791 37298 48556 34161 44386 37152 48420 37026 48186 37805 49381 34237 44121 37595 48732 37904 49239 38081 49665 37131 48184 37339 48528 36392 47281 37578 48950 37301 48411 37555 49024 36881 47936 36676 47273 36620 47624 28717 37386 37124 48312 36227 46808 37653 49038 36967 47790 37057 48202 37064 48202 37109 48306 37006 48014 36867 47748 37245 48369 37460 48688 37586 48828 38137 49560 37310 48416 37746 49284 36461 47195 36991 47926 37488 48702 37500 48896 37682 48870 38016 49507 37548 48780 35552 46040 37630 48701 37112 48260 37833 49162 36923 48160 37257 48398 36584 47426 37551 48736 37228 48465 37412 48752 36433 47284 37528 48689 37352 48459 33453 43429 37156 48363 37838 49276 37271 48244 35830 46477 321
37730 49010 38957 50814 38777 50613 38144 49626 38322 49868 38113 49489 38231 49629 38361 50130 37694 48953 38035 49364 37405 48481 36983 47949 38678 50269 38773 50294 37673 49067 38669 50144 38962 50463 38611 50240 38217 49489 37038 47971 38286 49549 37724 49073 37703 49053 38014 49468 37466 48466 38342 49690 38223 49691 37984 49105 37620 48922 37729 49120 37927 49394 38337 49844 38760 50645 37095 48344 37660 48824 38475 50093 37656 48911 38190 49718 36854 47849 38276 49583 38087 49436 38003 49824 38850 50877 37430 48524 38854 50637 38034 49417 38406 50070 38256 49598 38532 50221 37161 48295 36976 47878 37777 48858 37947 49314 37780 49015 36824 47782 38326 49758 38668 50216 38395 49842 34545 44704 38560 50075 37063 48144 38419 49784 38596 50365 38359 49969 38679 50243 38636 50317 38736 50368 38213 49582 38680 50269 37896 49321 36687 47596 38104 49327 38185 49822 38328 49690 36892 47942 36439 47531 37715 48803 27924 36389 38193 49713 38240 49554 38443 50090 38063 49425 38945 50719 37858 48856 37884 49182 38434 49836 38581 50283 38957 50910 38262 49746 38239 49628 38392 49850 38784 50418 38427 50133 38740 50520 36380 47313 37050 48421 37740 48768 36561 47516 38473 50048 38396 50108 360
38343 49971 34833 45161 37888 49208 39823 51728 39169 51112 38940 50698 38021 49537 38987 50646 39127 50836 38497 49752 39158 50927 29978 38980 37305 48319 38513 50486 38771 50201 39472 51653 35108 45663 38830 50431 38825 50626 39845 51780 39185 50846 37104 48044 38961 50720 38798 50411 38985 50733 39092 50859 37429 48993 38582 50252 39225 51038 39985 52194 38724 50341 39309 51083 38989 50750 38968 50699 38790 50364 39203 50948 38574 50001 38876 50248 39017 50668 39626 51520 38538 50051 37978 49382 39261 51242 39470 51058 39152 50982 39385 51107 39118 50724 39370 51251 39191 50941 39163 50698 38207 49374 39279 51163 38852 50537 39517 51489 38621 49977 38034 49116 38314 49728 39116 50833 38970 50752 39282 51092 38640 50207 39124 50973 39595 51402 39260 50983 38722 50382 38420 49839 38114 49520 39271 51172 39084 50844 38350 49630 39161 50971 38858 50892 38318 49724 38356 49653 39158 50799 39285 51263 38987 50766 39147 50949 38988 50779 38461 49984 39290 51022 38808 50481 38567 50120 38771 50428 35231 45996 39256 50988 37846 49078 38927 50520 39180 51114 38935 50561 39600 51630 38515 49767 39477 51328 36867 48157 38428 50121 39366 51070 37349 48626 39048 50749 38068 49461 39208 50995 276
40260 52413 39713 51882 39967 51929 39268 50976 40576 52713 30272 39435 39490 51299 34971 45162 39659 51683 40399 52219 39356 50868 39469 51291 39627 51396 39565 51230 40127 52286 38828 50475 39220 50962 38479 49893 39653 51923 39606 51638 40084 52230 40143 52352 39903 52019 39703 51793 39933 52077 38990 50617 40031 52162 39983 52237 40192 52377 40168 51972 40305 52562 38955 50525 39396 50863 38509 49838 39707 51835 39398 51523 40568 52864 38241 49624 40173 52242 40054 52038 40038 51993 39828 51845 39336 50936 39561 51624 38898 50221 39048 50755 38839 50133 39418 51208 40304 52216 38429 49870 39336 51205 40066 52068 39774 51782 40056 51942 40402 52638 40246 52477 39491 51265 39562 51624 40308 52604 38608 49894 39739 51758 40414 52603 39406 50941 39546 51452 39640 51426 38324 50061 39529 51271 39652 51700 40367 52483 36466 47355 39857 51918 39893 51861 39962 52092 36327 47329 39967 52065 40589 52712 39401 51158 39417 51195 40350 52326 39942 51964 40060 52010 40040 51810 39909 51973 39578 51362 40138 52167 39712 51483 40129 52054 40006 52205 39282 50919 38194 49745 40378 52831 39615 51381 39331 50926 39765 51671 39996 52154 39290 51058 36172 46797 39927 51898 40012 52074 36183 47081 159
29466 38385 40495 52649 41406 54097 39793 51445 39703 51415 40543 52631 39553 51531 37223 48378 40535 52756 40900 53007 40752 53001 40434 52512 40222 52108 40338 52513 40795 53034 41015 53480 40373 52383 40945 53079 41129 53388 39782 51606 40920 53413 40946 53355 41052 53345 40576 52746 39375 51223 40589 52618 41038 53434 40974 53512 40639 52787 40390 52351 40481 52550 41728 54133 40545 52695 41028 53137 39554 51205 36860 47915 40747 52821 41333 53723 39741 51735 40852 53249 37066 48123 39646 51331 40718 53100 40275 52261 41094 53348 40853 53076 40723 53060 40843 52835 40066 51950 41093 53449 30599 39669 40344 52211 40338 52454 40349 52664 40591 52939 39979 52036 31159 40574 40813 53203 39791 51837 38414 49780 40412 52429 40803 53002 41019 53540 41053 53209 40925 53104 40839 53244 36556 47688 40228 52403 40634 52528 40455 52492 40958 53040 40635 53004 40320 52285 40566 52479 40006 51999 40296 52336 40807 53202 40927 53103 40689 52721 40851 53067 40047 51883 40618 52848 40660 52863 41059 53454 41177 53748 41328 53789 39979 52149 41061 53496 40596 52834 30794 40066 38565 50072 40461 52616 39984 51896 40893 53178 40733 52986 41255 53588 41240 53611 40868 53091 38521 49890 41201 53408 415
41225 53783 41208 53353 42043 54489 41919 54324 40336 52715 40663 52841 41073 53222 37998 49402 41629 54207 40173 52100 41258 53628 41537 54215 40925 53467 42391 55103 41365 53879 41457 53886 41998 54852 36606 47632 41631 54044 41487 53834 40757 53121 41711 54395 41902 54671 40952 53336 41661 54143 42377 55295 41086 53112 41453 53870 42004 54681 41985 54667 40891 52940 41924 54741 41545 53973 41342 53626 40904 53003 41400 53971 41980 54427 41139 53437 41536 53776 37562 48669 40818 52839 41270 53604 40658 52816 41287 53622 40447 52689 41397 53938 41507 53972 37746 48941 40903 53097 41177 53401 41611 53823 41237 53568 41759 54402 41748 54226 41535 53915 41329 53650 41019 53598 42098 54678 41160 53211 40538 52790 40851 53182 41076 53356 42187 55014 40842 53018 41170 53325 41742 54251 41323 53755 41877 54509 42089 54774 41723 54299 41517 53969 40997 52994 41418 53737 40858 53316 39221 50795 41599 53981 41415 53986 37527 48743 41802 54658 41680 54213 41196 53335 41175 53413 40363 52315 41007 53135 41785 54300 41696 54156 41563 54016 41669 54126 41532 53933 40330 52311 41704 54183 42054 54624 41523 53962 40043 51860 41810 54220 41566 54012 40566 52685 41201 53670 40845 52984 41102 53538 219
42045 54568 42177 54987 42580 55456 41527 53858 41994 54465 41933 54244 42096 54602 42542 55227 39979 51736 40350 52209 42095 54920 41862 54410 41894 54166 40737 52921 42416 55027 41870 54357 41511 53781 42473 55248 41810 54197 42191 54808 42679 55285 41957 54252 42386 54857 42131 54831 42566 55297 42054 54726 42012 54596 42331 54992 42313 55093 42242 54887 42284 54996 42446 55270 40867 53019 42867 55795 38698 50000 42594 55528 41615 54054 42017 54771 42156 54597 41547 54078 42653 55424 42447 54906 42206 54857 41994 54674 41056 53234 42320 54878 42570 55368 41836 54247 42067 54543 42358 55222 41454 53803 40947 53485 42516 55344 42582 55365 42338 55034 42746 55672 42286 54877 42478 55415 42283 54766 41889 54588 42588 55413 42109 54748 42491 55489 41476 53719 42357 55056 42054 54612 41941 54374 41778 54168 41005 53190 41664 54073 41122 53331 42270 55015 42043 54575 42563 55412 41496 54128 42863 56017 42556 55183 42411 55171 42997 55763 42182 54676 40265 52142 41895 54269 41998 54340 40625 52680 42374 55114 41677 54044 42501 55241 41913 54509 41977 54532 42549 55124 41425 53929 42391 55536 41915 54457 42401 55091 43032 56006 41672 54051 41900 54406 42053 54622 43091 55955 42115 54948 413
42703 55459 39026 50725 43004 56121 32665 42497 42976 55812 32244 41872 42499 55311 41643 54165 42436 55285 41959 54427 42233 54845 42566 55195 41674 54077 42997 55901 43377 56389 37492 48532 43640 56684 42334 55037 43041 55740 43456 56547 43593 56654 43369 56264 43372 56364 43272 56459 43042 55955 43483 56605 43735 56905 42613 55490 42780 55229 42499 55169 43106 56062 42389 55180 41334 53711 43029 55955 43430 56452 43396 56371 41315 53384 43196 56157 42632 55421 38632 50080 32826 42520 43296 56128 42782 55433 42750 55410 42804 55514 42503 55236 43224 56147 42436 54882 43518 56575 43635 56763 42498 55004 42023 54589 43749 57155 42534 55172 43160 56159 42299 54643 42864 55734 43137 56097 42388 54763 42273 54930 41214 53538 42739 55467 42954 55823 33401 43471 42238 54644 43434 56617 43141 56061 43001 56068 43360 56486 43041 55932 42405 55183 41979 54567 43217 56033 43360 56347 41469 53920 37419 48658 42966 55862 43928 57061 42251 54981 42060 54472 43293 56264 42558 55146 43156 56196 43519 56657 38317 49760 42346 54986 42550 55245 42838 55603 43167 56180 43423 56361 41399 53897 40324 52293 42617 55349 42186 54610 43087 56248 43059 55747 43159 56183 41796 54130 42995 56065 42623 55206 227
44058 57157 44571 58039 43841 56819 43500 56485 43982 57168 43652 56651 44044 56960 43605 56550 43449 56298 43503 56439 43090 55818 41602 54264 39669 51449 43454 56538 43036 55794 42416 54901 42145 54777 44128 57319 43618 56708 43322 56311 43788 56744 44013 57265 44303 57589 43756 56889 40738 52877 43773 56818 44043 57380 44542 57724 43729 56750 42845 55615 41594 54013 43286 56210 41051 53285 43666 56446 44179 57552 44145 57457 43687 56733 44200 57567 39233 50726 43082 56035 43198 56103 43429 56290 43973 57173 43916 57115 39446 51120 43714 56760 44091 57560 43434 56370 43715 56624 43490 56324 44222 57310 43997 57263 43458 56580 44037 57426 43933 57240 43704 56594 44586 57742 43291 56401 43602 56658 43615 56465 43871 56815 41794 54303 44140 57647 43255 56122 43762 56988 44066 57338 44282 57560 44241 57412 44123 57355 43566 56438 31080 40475 43721 57139 43850 57379 42542 55180 44803 58390 42773 55479 43842 56971 43724 56879 43961 57161 41531 53967 44161 57421 44266 57357 43851 56980 43992 57018 44691 58179 44201 57471 43143 56173 42934 55524 43856 57056 42959 55382 43593 56712 43565 56438 43233 56082 43428 56474 43997 57101 44039 57252 44333 57447 43732 56874 43407 56504 44049 57191 393
44706 58044 44596 57906 44891 58162 42911 55430 44985 58444 44324 57512 43622 56834 44061 57103 44934 58445 44204 57507 45170 58454 44463 57824 44319 57500 43683 56418 44459 57782 43948 56898 44598 57828 42425 54880 44936 58407 44621 57847 44836 58493 44556 57772 44561 57843 44734 58358 44659 58068 44873 58411 44941 58330 44156 57156 44267 57241 44946 58360 44823 58217 44558 58183 44585 58062 44434 57368 34047 44121 39782 51543 42787 55632 44785 58296 45240 58855 44865 58291 44024 57065 44931 58362 43544 56564 44830 58271 44606 57954 42938 55690 44561 57772 43935 57186 44732 58384 44192 57262 44078 57284 44465 57886 44244 57316 44731 58175 44654 58268 44147 57399 45680 59298 44078 57250 44112 57200 44726 57917 44538 58109 44058 57214 43914 57044 43687 56999 44667 57941 43925 57139 44560 57976 39600 51312 45375 58809 44042 56956 44496 57839 39595 51533 44877 58379 44665 57989 42823 55388 44442 57726 40304 52294 45189 58668 42770 55526 42891 55803 44797 58150 43833 56859 44503 57805 44579 57827 45003 58506 44915 58365 44508 58009 43540 56566 44848 58157 43960 57124 45119 58574 44290 57504 44130 57245 45214 58679 44154 57154 44696 57906 44715 57947 43780 56734 44027 57145 43502 56501 330
44930 58267 44725 58206 45546 58946 45788 59676 45887 59491 45025 58424 44480 57768 45739 59354 45710 59518 44282 57474 46213 60352 44546 57836 43349 56456 46020 59814 45303 58894 45327 58895 45950 59611 45671 59442 44882 58329 45193 58351 45524 59244 45800 59314 45236 58835 44910 58237 45296 58916 45346 59029 43146 56038 44512 57646 46050 59924 46214 60269 42947 55610 45774 59440 45498 59171 45038 58568 45209 58659 45180 58774 44999 58123 45942 59760 34446 44819 43643 56611 43839 56812 45332 58876 44114 57283 44951 58277 45156 58730 44778 58035 45247 58919 45167 58732 44979 58260 45805 59732 44597 57755 45205 58479 44880 58288 44833 58083 45103 58605 45004 58276 46348 60287 45576 58971 45030 58382 43177 56132 44878 58269 45760 59453 45417 58952 45858 59301 45515 58871 45682 59153 44177 57188 45741 59467 45069 58489 45440 58783 43007 55724 45773 59425 44681 58006 45277 58961 45519 58994 43866 57084 46114 59861 45208 58668 45353 59001 44016 56963 45530 59326 46066 60103 46114 60160 44795 58275 45593 59172 45504 59188 44460 57565 46218 60331 45575 59203 45227 58765 45360 58878 45288 58855 45298 58566 45530 59310 45714 59265 44946 58258 45623 59267 45410 58927 43678 56501 44989 58360 333
46259 60355 46171 59808 46045 59755 46906 60702 46335 60140 46409 60061 45302 58503 46357 60208 45614 58854 46827 60754 46701 60617 44092 57184 45477 59198 46402 60135 43241 56038 45182 58627 45925 59694 45699 59233 46232 60287 35473 46012 44440 57564 45500 59280 45153 58692 46253 59970 45233 58617 46110 59899 45566 59246 44045 57332 45656 59398 47336 61387 46276 60053 45606 59384 46117 59699 45525 58757 44515 57875 46318 60178 46505 60455 45954 59657 46035 59862 46898 60955 46054 59868 46492 60302 45770 59674 45178 58414 34418 44685 46316 59899 46603 60318 44985 58266 45537 59304 46369 60184 45135 58765 45665 59290 46154 60056 46216 59923 46470 60658 46455 60365 45592 58957 44560 57743 41675 53918 45641 59196 44932 57940 46607 60546 46277 60206 46341 59925 46478 60476 46367 60416 46115 59849 46609 60355 45710 59155 45981 59878 46775 61009 44638 57916 46924 61135 46085 59819 46085 59806 46559 60432 45333 58840 46251 60077 46500 60440 46153 59852 45700 59290 46016 59867 45668 59283 45804 59580 46646 60635 45971 59857 46232 59975 46788 60696 45492 58790 46846 61056 46128 59846 46172 59986 47140 61188 46423 60197 46067 59833 44325 57446 46370 59947 46287 60096 45638 58877 46175 60134 300
46602 60384 47540 61874 45967 59776 36375 47328 46821 60831 46448 60371 42311 54863 46840 60613 47205 61454 47270 61384 45424 58850 46909 60709 46399 60264 45417 58986 46622 60580 46729 60799 47514 61865 46691 60700 47326 61393 47377 61609 45595 59151 47101 61118 46969 61002 46935 61090 41698 54220 46738 60626 47017 60938 46027 59817 45552 59241 46796 60822 46299 60293 47212 61458 45544 59067 45281 58739 47340 61422 46014 59642 45650 59210 46977 61070 47437 61596 47210 61354 46521 60230 46653 60280 46146 59630 47392 61672 46788 60727 45641 59364 35604 46312 46829 60603 47252 61386 46124 59774 46850 60931 47059 60966 46524 60629 45667 59111 46297 60211 47769 62019 46808 60672 45226 58772 33688 43715 47541 62020 47368 61552 47365 61606 47174 61345 47658 61769 46320 59980 46967 60953 45382 59028 46582 60668 47126 61150 47006 60920 45732 59534 45902 59424 46784 60793 46758 60658 47568 61819 47078 61029 46815 60543 47293 61288 46633 60604 46633 60261 47816 62336 46657 60535 46800 60618 46964 60803 46727 60654 46965 60985 46831 60710 46567 60176 46803 60746 47482 61797 44478 57643 47381 61690 45037 58695 36205 47082 46912 60969 47488 61708 47234 61582 47395 61607 47255 61487 47062 61147 308
45602 59041 47307 61296 43332 56175 48395 63014 46310 60128 46974 60752 47716 61924 47904 62134 47112 61109 47336 61298 48269 62717 48071 62590 47509 61665 46422 60413 48133 62451 48009 62218 46889 61029 47730 61895 47761 62132 48525 63076 48044 62554 47034 61098 47993 62237 47339 61556 47770 62097 46773 60836 48410 62743 48218 62785 47489 61701 42963 55858 47728 61948 48363 62848 47858 62204 48434 62921 46928 60610 46881 60729 48770 63333 45277 58865 48087 62475 47686 61848 46372 60347 48044 62334 47438 61642 47994 62392 47739 62289 48214 62580 47748 61989 47751 62011 48000 62408 47826 62026 46897 61007 46715 60653 47620 62147 48264 62744 48163 62775 45969 59746 46319 59872 47249 61379 46143 59920 47328 61589 47977 62074 46032 59726 48418 62793 46712 60394 47068 60795 48148 62721 46775 60582 46118 59896 47967 62078 47875 62118 47742 62039 47439 61401 47986 62227 46382 60115 48228 62698 47631 61879 47109 61054 48157 62457 47821 62074 46937 60931 36649 47609 47005 61022 47922 62444 47409 61333 48078 62549 48218 62613 47445 61442 47988 62215 48691 63555 48248 62735 47798 62116 48271 62920 48616 63321 47892 62276 47181 61112 48114 62660 48303 62791 36758 47674 46970 61030 48452 63172 327
48236 62795 49350 64002 47836 62005 48554 62683 48805 63427 47848 62198 47914 62357 48666 62967 48746 63175 48389 63055 48467 62972 48433 62920 44838 58424 48736 63233 37285 48496 49055 63716 48949 63482 49262 63998 48530 62963 48138 62627 46208 59862 48596 62870 47938 62318 49035 63831 46426 60533 48576 63214 42549 55209 48867 63393 47658 61664 48458 62617 48554 62951 48514 63090 48118 62379 48275 62716 48315 62489 49073 63560 48335 62596 48316 62820 48839 63223 48853 63582 49165 63753 48731 63220 45761 59123 43834 56912 49281 63956 48532 63106 44246 57073 48658 63077 48692 63322 48324 62793 48535 63083 48993 63696 48134 62449 49108 63531 48076 62254 48865 63321 49033 63379 43968 57197 48210 62722 48044 62196 49141 63845 48783 63527 48771 63415 48990 63685 49105 63633 46793 60630 37411 48493 48418 62797 47332 61410 48752 63307 48714 63272 48770 63504 48598 63182 47947 62109 47977 62089 48897 63369 47944 62299 49383 64103 48556 63098 48313 62955 48317 62612 48845 63453 46854 60823 45188 58555 46026 59839 48468 62899 49493 64172 47955 62124 46942 60768 48371 62750 49135 63803 47350 61329 46732 60838 47831 61965 48497 63152 48625 62972 48622 63253 49008 63629 48642 63169 48413 62931 404
48731 63367 48320 63086 48856 63543 50035 64913 49646 64343 48573 63070 49129 63948 50194 65156 48813 63495 37722 48993 49288 64096 50366 65356 49811 64741 48464 63017 49616 64418 49938 64803 49721 64445 45252 58755 50541 65735 50036 65134 49567 64588 49320 64000 49951 64780 48770 63522 49658 64455 49705 64392 49964 64817 49021 63666 49727 64537 49537 64442 49187 63789 42742 55377 49709 64652 49135 63448 49456 64099 50040 65210 48733 63353 48281 62427 49286 64090 49345 64001 49081 63486 50042 65006 48813 63191 49733 64638 49163 63693 48562 62562 47581 61845 49342 63874 49818 64706 48083 62301 48494 63042 50086 65174 50060 64983 50127 65120 49863 64970 49505 64278 49187 63568 49782 64489 49708 64694 50206 65222 48851 63203 49672 64550 49170 63886 49757 64402 49502 64211 49932 64803 42979 55751 49749 64670 48205 62540 49340 63924 49627 64507 48255 62552 49111 63562 48831 63321 48594 62967 49818 64794 49051 63509 48470 62836 48693 63139 49555 64533 50263 65099 49501 64107 49706 64579 49859 64956 49259 64003 49114 63739 49430 64319 49088 63722 48961 63412 49159 63618 37453 48531 49844 64516 50421 65841 49656 64542 49706 64512 49366 64180 48944 63236 50281 65269 49090 63808 45292 58817 367
50691 65870 50422 65531 50682 65834 49749 64691 49433 63931 45857 59378 49718 64611 50145 64979 50270 65353 50182 65017 49795 64877 50521 65686 49546 64240 50645 65880 50357 65144 49633 64234 49723 64514 48665 62968 51073 66425 48096 62487 50472 65572 50057 65038 49427 64494 50252 65255 50636 65995 49781 64448 49696 64538 49468 64067 50611 65957 51383 66450 49473 64321 50455 65385 50346 65483 50437 65538 45528 59030 49402 64387 49717 64266 48558 62805 50239 65334 50234 65081 49404 64260 50424 65461 50530 65564 49751 64769 49912 64757 50531 65750 49814 64515 51142 66153 49610 64398 49630 64570 50610 66000 50405 65647 48095 62625 49681 64305 38493 49937 47997 62311 50663 65632 37740 48885 50942 66240 50767 66108 50097 65078 50633 65748 49275 63699 50059 65052 48024 62398 51007 66434 49358 64079 50361 65573 49850 64789 45776 59445 50064 65011 49867 64856 49911 64698 48887 63432 50584 65597 49688 64448 49737 64397 49881 64786 50284 65226 51049 66348 49625 64709 50821 66014 50309 65211 50780 66197 47656 61812 48697 63200 50711 65939 50764 66074 49992 65215 50377 65219 50660 65950 50408 65431 49978 64764 50055 64851 50250 65019 50555 65867 49932 64724 50649 65755 50395 65613 49462 64071 364
50294 65254 51402 67022 51992 67505 47028 60910 51505 66934 48866 63134 51554 66710 51817 67006 36362 47096 48481 62817 51500 66879 51226 66535 51428 66877 51652 67140 50855 66042 51851 67284 50419 65347 50729 65788 49370 64081 50777 65874 50989 66022 51479 66546 50851 65919 49989 64801 50692 65615 51084 66250 50442 65453 50697 65434 38663 50159 51364 66649 50710 65559 51068 66500 51446 66701 51398 66780 51965 67484 51125 66400 50635 65496 51220 66721 50855 66056 50905 65964 51717 67058 51910 67749 51304 66737 50901 66211 51035 66164 50817 65839 50809 66055 51484 66553 51001 66050 39501 51239 50566 65457 51150 66228 38721 50260 51482 66844 39162 50759 50601 65905 49657 64189 50986 66211 51142 66257 50797 65935 51270 66406 49103 63531 50882 66097 51081 66009 51242 66242 46449 60338 51146 66447 47912 62102 51765 67260 46258 59802 50519 65618 51328 67020 50188 65168 50458 65508 51161 66520 38982 50644 46381 60102 45913 59494 51632 67064 51457 66690 50996 66323 51316 66467 51069 66428 50310 65151 51369 66689 51461 66788 50356 65196 51302 66401 50571 65423 45533 58967 50785 66119 51654 67182 50321 65191 51426 66753 51145 66318 51075 66375 46061 59759 50692 65796 50714 65684 51354 66771 380
50581 65544 52427 68292 51646 66732 52347 68016 50730 65474 52307 68013 51442 66666 49885 64847 52213 67672 51388 66531 45096 58140 51121 66403 51160 66166 51815 67283 39646 51441 48651 63068 51720 67331 51632 66931 51959 67441 50874 65911 51859 67454 51227 66447 52196 67830 51711 67072 51820 67016 49970 64960 50617 65692 51690 66970 51288 66605 51781 67312 52325 67615 52577 68245 51572 67012 51437 66669 52486 68240 51423 66733 51998 67302 51626 66970 50113 64937 52176 67708 52072 67450 52361 68138 49449 64015 46950 61194 51379 66665 51896 67527 52128 67633 51686 66993 46714 60607 50801 65934 51550 67019 51675 67146 51864 67642 51047 66372 50214 64979 51784 67356 52326 67825 50989 65835 50229 65416 50745 65989 51054 66341 52420 68063 52530 68143 51298 66301 51877 67053 52023 67720 52226 68065 52971 68871 51732 66996 39997 51843 49254 63726 51722 67043 50753 65659 51563 67019 50073 64730 51639 66718 52346 67966 49330 64057 52349 67978 46780 60447 52012 67695 51637 67079 50097 65108 52272 68009 51626 67099 47143 61175 52369 68139 50845 65912 52266 67925 50661 65701 52112 67693 52099 67484 51631 67058 51307 66717 51414 66900 52352 67780 51719 67089 51095 66185 51535 66902 51896 67525 332
51349 66659 52867 68676 47723 61703 52738 68134 52689 68506 53303 69248 48429 63039 53627 69590 53159 68962 52809 69013 52391 67773 52698 68171 53135 69084 52684 68255 47444 61559 52957 68751 52535 68221 53163 69161 52645 68248 52828 68570 53138 68917 52251 67835 52815 68733 51924 67172 53028 69039 50959 66230 52313 67843 51600 66698 53484 69229 52558 68297 52574 68379 52739 68451 52609 68271 53190 68944 52033 67527 49917 64992 52454 68014 52588 68158 52704 68733 51846 67141 52533 68023 52566 68401 52738 68587 51744 67123 52903 68694 51804 66976 53230 68953 52979 69070 52440 68017 53368 69452 51610 67099 40059 51881 52480 68145 52689 68317 53394 69275 51834 67255 52762 68364 50682 65800 47921 62126 53177 68981 52816 68643 52192 67720 51424 66571 51623 66719 53334 69166 53045 69014 51667 67029 52510 67912 52284 68123 52222 67881 52347 67752 53035 68907 52194 67511 52761 68425 51923 67269 51848 67232 52653 68450 51723 67286 52910 68745 52001 67890 52524 68348 52914 68885 52747 68494 52122 67980 52893 68714 52979 68959 51284 66427 52949 68826 52377 68022 47604 61611 53021 69115 52916 68811 52826 68609 52012 67512 53210 69262 52312 67814 52419 67932 52859 68671 47574 61658 53031 69077 326
53546 69440 53922 69926 50887 66021 53769 69723 52756 68550 53849 70080 52542 67875 53293 69243 53594 69474 52021 67335 53294 69074 53348 69304 53582 69382 53407 69579 52664 68245 53990 69825 54006 69880 41201 53363 53925 69997 53689 69686 52754 68645 54225 70716 53140 68909 53607 69914 53020 68619 53783 69819 52493 67863 52448 68008 53772 69710 52572 68329 53898 70023 53491 69529 53924 70146 52621 68156 51496 66803 52929 68802 49092 63695 53541 69480 52926 68717 40845 53089 51302 66691 53957 69933 51425 66757 53130 68951 53982 69922 53704 69767 53387 69478 53487 69521 53812 70138 53356 69194 53873 69816 53593 69380 53654 69627 53817 70034 53121 68899 53853 70114 53631 69611 54058 70217 52712 68484 53467 69332 53896 69963 53564 69371 53899 69865 52194 67576 53345 69382 52927 68544 52578 68232 53837 69848 53381 69364 51132 66489 52550 68094 53677 69864 53089 69209 53037 68931 53948 70216 53275 69303 53925 70080 52990 68909 52305 67612 51159 66604 53745 69870 54025 70144 53797 69798 52603 68383 53861 69991 50769 65767 54263 70462 53975 70111 53752 69842 53820 69700 53777 69634 53532 69525 53645 69428 52223 67851 51758 67048 52362 67932 53445 69515 53727 69787 53520 69656 51225 66480 515
53754 69623 54164 69944 53615 69408 53903 69904 55038 71501 53973 70130 54503 70800 54050 70301 53941 69938 53926 70054 53497 69105 54565 70995 54150 70193 53592 69462 52295 67972 53085 68982 51282 66608 53909 70007 53478 69283 47088 60918 41483 53813 54674 71233 53733 69744 55082 71541 54211 70378 54433 70616 54731 71178 54654 71167 54223 70364 52131 67775 53914 70025 54158 70108 52978 69022 53969 70026 52791 68382 54310 70717 54462 70575 51975 67147 51561 66730 50146 64995 54666 70991 54445 70653 52721 68193 53393 69115 54246 70263 53518 69544 54612 70768 51884 66833 54941 71421 53965 69801 54346 70421 54464 70459 54266 70516 52468 67901 53401 69313 54058 70084 54883 71133 54066 70029 54449 70779 53017 68659 53652 69488 54214 70390 54429 70678 53431 69269 53695 69699 53686 69365 54155 70195 54187 70638 54041 70131 55127 71756 53554 69127 54335 70369 53573 69479 50173 65193 53343 69225 53731 69834 54137 70147 54513 70631 51742 67242 41308 53402 54494 70685 53486 69200 54778 71159 53760 69614 55157 71793 52048 67338 54691 70830 54465 70964 53104 68795 54713 71090 54135 70228 48405 63054 54429 70731 55087 71484 54335 70502 53848 69867 54362 70709 53993 70030 53131 68822 55046 71287 332
54680 71120 54951 71552 55608 72080 54005 70095 54091 69993 54010 70070 55189 71486 55448 71989 53993 70106 54513 70735 53382 69364 55371 71876 55667 72460 49982 64807 53955 70191 54897 71086 55073 71346 55115 71437 55228 71921 55566 72185 55149 71618 55924 72707 54832 71602 55728 72592 53846 69849 53731 69618 55096 71584 55348 72020 49055 63564 54621 70711 55663 72245 55131 71579 54367 70368 54504 70727 55499 72184 48109 62350 55508 72208 54904 71501 54390 70534 54429 70418 54272 70662 55127 71670 55750 72257 41426 53766 55115 71660 55206 71526 54063 70195 52283 67765 54614 70740 53791 69716 54583 70819 54722 71100 55226 71819 55435 72309 55274 71842 55716 72589 54679 71023 55148 71874 55952 72788 51678 66939 54089 70418 54044 69956 55099 71501 49989 64918 55011 71394 54301 70579 54285 70450 54662 70678 54806 71120 55004 71572 54854 71158 54236 70056 51329 66247 54442 70766 55188 71484 55140 71722 55149 71432 55804 72446 54855 71092 48930 63323 54709 71044 55498 72503 55427 71958 55765 72169 55088 71434 55488 72013 54916 71579 55236 71512 55171 71437 54781 71027 54458 70908 54930 71358 52088 67904 55353 71822 54486 70810 54348 70581 54466 70421 55166 71635 54607 70866 54707 70988 333
55781 72472 56099 72791 55950 72757 50459 65479 55814 72520 54584 70992 55683 72175 57065 74451 56272 73158 56520 73391 53734 69696 56707 73859 56686 73689 55688 72293 54456 70582 56104 72435 55582 72168 56111 72945 55873 72637 56174 72950 54192 70458 53442 69084 55413 71806 54210 70585 56184 72860 54668 71016 56057 73006 55655 72421 56461 73257 56092 72995 56499 73253 55522 71831 55487 71913 56218 73057 56669 73475 56420 73284 56253 73065 55464 71983 55627 72298 55695 72311 54959 71396 56223 73232 53909 69913 56032 72425 54620 70592 56246 72875 54506 70556 55136 71251 56493 73553 55644 72252 55533 72035 56722 73596 56014 72460 54932 71245 42459 55169 56635 73614 56203 72920 56308 73050 55861 72290 55645 72207 54323 70529 55611 71911 56267 73072 56218 72667 55836 72530 37574 48708 55873 72631 54879 71143 56392 73341 56063 72642 51152 66687 54955 71475 54663 71148 55890 72408 55520 72120 55608 72145 56081 72663 55941 72260 55566 72217 55733 72405 55345 71727 56389 72840 54745 70736 54477 70543 55884 72588 55439 71884 55352 71676 40184 52121 55883 72434 55916 72540 55236 71402 55091 71197 56115 72608 56120 72922 55048 71372 55575 72255 55945 72403 55982 72854 52248 67708 55814 72333 542
53646 69416 55999 72620 56065 72631 57323 74578 56714 73787 55299 71940 56751 73691 56437 73294 56753 73824 56296 73134 57002 73677 57346 74523 56846 74038 57054 74027 51227 66497 56641 73390 56714 73513 54585 70682 57086 74315 57323 74644 57500 74984 56137 72721 56928 73936 56292 73276 56806 73500 56567 73453 55632 72327 57353 74500 56701 73542 57076 74181 54538 70731 56229 72989 57933 75282 56593 73314 51918 67296 56775 73662 55975 72605 57024 74248 54927 71240 56278 72988 56117 73094 55743 72289 56132 72936 56866 73917 57062 74041 53523 69430 57056 74280 57016 74152 56630 73735 56283 73274 57088 74129 56439 73152 56425 73283 55501 71995 57441 74414 56407 73289 55217 71930 55886 72255 56650 73697 51701 67370 54725 71139 56802 73588 56884 74199 56266 72697 56196 72924 57827 75345 56859 73429 56675 73737 57091 73959 56498 73369 56077 72409 56835 73881 55896 72743 56374 73028 56995 74106 56650 73813 55390 71816 56543 73138 56777 73797 56035 72434 55963 72707 56333 73224 57902 75235 56538 73454 56341 73183 54326 70317 56893 74181 55804 72186 56731 73814 57187 74386 56524 73469 56764 73845 57078 74326 56205 72616 56756 73500 56242 72891 56306 73282 56057 72820 55054 71199 55982 72700 289
57665 75003 56899 73850 58150 75398 57365 74450 56039 72422 57845 75104 56069 72886 51911 67369 57488 74710 56302 72974 56339 73148 52534 67934 57707 75164 58254 75680 55322 71861 58024 75317 54624 70774 57230 74159 56703 73607 57982 75331 57468 74589 56492 73184 57761 75102 52490 67899 54853 70858 56183 73017 57921 75121 51263 66243 57383 74514 55605 71878 57476 74677 57441 74610 57483 74848 56842 73970 57721 75310 58296 75751 58009 75156 56895 73845 57774 74758 57407 74570 43716 56767 57755 74889 57214 74337 51016 66189 57796 74971 57321 74581 57913 75368 56963 73690 57850 74920 56244 72881 56884 73978 57562 74467 58103 75077 57290 74210 57979 75377 57161 74129 57143 73871 57280 74527 57449 74441 57507 74599 57538 74749 57018 74135 56521 73404 58127 75666 57409 74860 56996 74262 57335 74439 57868 75214 58146 75557 57271 74334 56976 73812 55549 72190 55623 71998 56354 72929 57492 74682 56787 73687 51904 67303 57600 75099 56250 73146 57296 74415 51580 66687 57998 75761 56248 73055 56320 73205 57674 74840 56933 73746 57818 74946 57453 74807 57720 74718 57985 75552 57390 74458 56174 73255 58391 75769 56844 73504 55875 72355 57163 74144 52130 67678 56431 72988 57222 74443 57547 74737 480
57515 75016 58526 75947 57537 74706 57434 74490 57629 74677 57922 74976 58272 75697 56695 73530 57504 74793 57644 74687 57846 75252 58179 75419 58147 75655 57197 74129 52710 68250 58200 75566 55448 71887 57871 75121 58052 75542 44565 57686 58206 75417 58402 75694 58529 76053 52385 67926 58531 76306 58096 75511 57538 74692 57055 73697 56504 73116 58341 75777 56766 73648 58196 75660 58400 75674 58384 75842 57569 74826 57201 74103 58973 76637 58317 76139 58582 75914 58555 76000 54935 71073 59038 76404 58693 75841 58219 75174 58150 75576 58605 76232 58713 76386 54086 70022 56679 73525 59085 76814 58331 75736 56668 73206 58362 75875 56966 74160 57048 74055 58005 75197 58745 76131 58764 76457 58705 76405 43859 56784 57685 74588 57874 75042 58427 75929 56599 73259 58792 76395 56151 72827 57040 73873 58315 75730 57119 74101 58165 75522 57313 74378 57688 74636 57681 75004 54676 71073 57516 74785 58288 75900 57507 74473 56675 73244 58501 75971 58535 76067 58243 75519 57135 74077 44595 57797 57411 74226 57987 75053 58166 75736 57895 75133 57539 74810 51519 66861 58168 75440 55307 71539 58047 75213 58189 75473 57725 75091 57906 74991 58422 75651 58583 76135 50338 65265 53476 69433 58268 75321 495
58966 76399 57730 75009 52690 68174 58891 76363 59517 77320 59705 77263 59065 76674 59547 77431 57802 75044 58946 76571 59092 76746 59487 77039 59062 76556 59206 76771 58518 75904 59708 77433 45304 58943 59210 76859 58963 76674 59469 77327 59129 76774 59449 76994 44916 58348 58052 75179 58744 76239 59944 77921 59145 76855 59556 77245 58810 76273 58942 76598 58766 75906 59388 77261 59641 77271 59843 77606 58697 76080 59169 76583 57210 74047 59384 76848 59211 76675 58405 75636 58742 75997 59144 76653 56293 73399 60102 77953 58883 76487 59440 77351 58561 76352 59018 76682 59239 76880 58765 76316 58895 76239 53973 70344 59006 76832 57743 74632 56230 73208 59369 76915 58976 76229 59732 77468 59199 76453 56636 73511 59045 76897 59446 77131 58179 75591 53924 70110 58435 75862 58740 76574 58687 76055 56452 72981 58525 75853 59510 77308 59534 77280 58047 75308 59381 77053 59167 76632 59730 77518 59012 76804 57835 74886 58081 75245 58915 76433 59180 76881 59244 76961 58829 76335 55860 72465 59616 77134 59128 76377 58849 76598 58846 76295 58225 75419 56400 73121 59798 77835 59297 76860 58830 76414 59144 76741 58068 75253 58304 75569 57865 74790 59595 77682 59617 77461 58687 75961 58678 76004 339
59834 78033 54182 70391 59417 77313 59575 77339 59454 77080 58911 76186 60143 77742 60025 78047 60166 78249 59981 77731 59573 77543 59829 77685 59835 77901 59147 76842 60007 77947 58787 76207 59423 77057 58893 76337 60324 78242 55098 71631 59583 77218 59866 77556 59986 77790 60440 78436 54899 71301 60553 78523 59819 77431 59974 77890 59407 77138 59876 77732 58383 75805 59676 77137 59838 77778 57412 74582 60303 78328 59214 76686 59452 77130 60244 78258 60579 78511 60331 78322 60886 79345 59743 77776 58786 76232 60391 78564 57681 74696 60123 78150 59318 76896 59691 77642 58771 75765 58862 76081 58457 75916 60019 78288 59458 77071 59961 77825 59037 76307 59662 76903 44787 58003 60209 78460 59862 77313 57238 74346 54511 70688 58545 75765 59965 77900 59493 77327 60052 78060 59722 77294 60586 79079 59957 77626 58849 76371 59663 77197 59466 76926 58851 76530 59024 76510 59652 77231 59698 77717 60644 78831 59458 77446 59273 76677 60610 78959 59990 77937 58812 76323 59976 78093 60898 79003 59841 77477 59241 76656 59189 76835 60028 78134 59892 77863 59779 77454 56151 72828 58413 75564 60044 77934 58342 75705 59580 77149 58740 75957 58998 76218 55220 71590 60257 77907 59877 77751 56004 72442 514
59992 77995 60400 78459 60547 78547 52296 67607 55084 71279 61806 80297 61245 79326 60857 78842 59547 77181 59818 77180 60635 78730 61078 79268 60359 78358 60924 79044 59880 78004 59679 77411 61065 79083 60056 77923 61301 79850 61446 79839 60508 78613 60912 79166 60647 78747 61130 79311 60626 78424 59980 77673 60392 78270 60321 78467 60869 78863 60824 78882 61045 79163 60849 78743 57882 75292 61319 79426 60484 78754 60477 78340 59548 77009 59603 77019 60111 78104 60750 78716 46468 60223 57761 74647 60439 78240 59641 77196 60013 77610 60859 79063 60938 79083 61361 79545 60754 78688 60901 78648 58823 76394 60934 79126 59250 76973 60380 78444 60482 78573 60078 78104 61094 79156 58794 76280 61113 79158 58963 76504 58414 75770 58222 75488 61097 79170 57598 74481 60639 78520 60527 78527 58887 76065 61074 79254 61219 79493 60519 78826 60648 78815 59129 76591 55610 72082 60740 78630 61166 79087 60960 79574 60823 79134 60724 79032 60330 78343 60227 78070 61073 79088 60825 78770 57732 74725 60986 79233 61125 79251 60960 79203 59582 77686 60118 78108 61589 79757 60730 78879 61457 79648 59226 76812 61368 79837 60246 78046 61399 79807 60944 78910 58671 75890 59957 78124 60653 78531 61296 79646 490
61431 79629 61370 79677 61557 79883 47222 61293 62211 80862 56303 73042 62111 80549 59928 77682 61489 79779 61372 79532 61912 80422 61063 79290 59579 77065 61594 79866 62049 80783 61636 79961 61197 79161 60002 77746 61456 79940 58281 75416 62231 81125 46865 60729 60552 78677 62126 80767 61767 80385 60565 78598 61211 78987 60349 78426 61736 79957 61233 79642 62025 80743 46799 60602 60261 78250 61068 79296 61228 79236 61422 79645 58792 76235 61792 80418 60740 78831 61728 79769 62770 81490 59851 77647 61491 79890 59927 77384 61007 79129 62134 80880 61229 79299 62326 81189 61529 79766 60319 78190 61091 79265 59681 77499 61143 79184 60105 77650 61310 79708 61467 79855 60392 77998 61602 79707 61650 79800 61808 79805 61787 80089 60139 77817 61418 79610 60902 78952 61549 79859 61428 79324 61801 80275 62118 80726 61191 79376 61565 80122 61865 80030 59775 77580 61283 79057 61268 79685 61456 79797 61405 79601 61576 79854 61213 79113 61159 79547 61471 79663 62639 81302 60999 79359 61558 79765 59973 77746 61461 79937 61291 79450 61755 80020 62534 81096 60704 79110 59444 77063 56314 73080 61950 80725 59246 77023 61479 79557 61746 80219 61320 79881 61334 79353 60510 78800 61631 80239 61792 80250 340
62105 80588 61574 79895 62762 81519 61762 80203 62451 81066 61834 80339 60554 78619 61761 79910 61248 79405 55033 71497 62029 80396 60344 78100 61663 80176 61016 78973 61148 79172 60290 78466 61556 79781 62506 81006 61102 79278 61897 80627 60894 78841 62516 80906 61981 80155 61971 80446 62291 80902 61879 80626 61994 80669 62369 81096 62868 81653 61177 79201 61474 79603 62455 81169 62499 81296 63147 82251 62315 81121 62931 81888 60769 79180 62109 80465 61115 79195 61210 79533 61445 79488 62348 80919 47573 61672 61798 79875 61544 79881 61952 80572 61435 79668 62582 81339 61719 80309 61593 79452 61436 79787 62920 81641 60787 78598 62593 81440 61557 79519 61646 79874 62524 81190 61424 79635 62955 81495 62082 80810 62513 80926 62353 81156 62766 81552 61102 79021 62530 81196 62910 81545 62308 80641 61047 79417 62316 80764 62003 80272 62642 81149 62241 80882 61398 79400 61726 80318 61661 80043 60908 79109 61715 80118 59684 77386 62515 80995 62725 81420 61435 79589 62012 80372 44701 58066 62814 81636 61475 80075 62211 80471 62170 80536 62370 81024 62350 80863 62915 81910 62701 81481 62371 80943 61640 79520 59352 76857 63351 82315 61842 80248 60996 78933 62948 81691 61472 79770 62007 80204 488
61819 80002 63498 82495 63305 82118 62303 80815 62662 80981 63230 82239 63259 82228 63496 82622 63504 82456 63463 82372 62865 81463 63214 82183 62122 80520 63066 81917 57600 74906 63673 82710 63389 82094 62527 80917 63253 82399 63658 82699 62887 81822 63994 83280 63100 81928 62879 81631 63920 82677 63475 82545 64003 83127 63124 81904 62636 81477 63304 82102 63014 81745 62388 81102 64006 82887 63600 82239 63630 82847 62424 80970 62694 81561 63428 82523 56732 73570 62632 80963 63498 82256 57496 74807 63422 82437 63224 82157 62272 80732 62744 81154 63160 82167 63446 82467 62837 81957 57161 74075 63106 82132 64494 83789 62262 81018 63487 82382 63679 82676 62192 80831 63745 82684 63645 82215 57922 75439 61786 80269 62718 81669 61826 79767 62848 81641 63553 82691 63534 82091 63046 81975 62945 81823 62499 80891 63594 82637 61106 79057 62277 80529 59600 77324 48559 63109 61945 80492 47911 62202 63322 82060 62702 81330 63613 82560 61906 80441 63403 82302 64220 83308 64039 83172 62030 80376 62622 81028 61774 80018 63271 81821 63235 82334 62395 81173 62659 81149 62021 80526 62369 80871 63136 81905 61220 79459 63241 81887 62980 81917 59893 77749 62762 81463 60942 78800 64074 83123 61574 79926 537
63245 81971 63190 82116 64291 83350 64113 82948 63668 82589 64694 84002 63666 82535 56447 73461 64780 83934 63613 82602 64231 83296 48839 63456 63590 83014 49162 63860 63322 82222 62380 80749 62854 81500 63922 83262 64058 82866 60394 78408 61225 79384 63230 81956 63356 82472 64130 83492 62850 81340 63444 82528 62370 80833 62895 81631 61845 79887 48659 63276 63701 82412 64201 83679 61942 80347 64186 83355 64514 83942 64391 83455 63418 82265 62717 81694 48254 62549 64409 83908 63489 82503 62221 80520 64602 83952 63630 82605 64046 82944 64195 83205 64301 83585 63911 83289 64965 84096 64580 83556 61160 79143 63414 82343 62971 81524 64154 83269 64083 83218 58096 75183 63924 82763 62195 80682 58136 75639 63464 81992 64010 83165 64176 83455 64111 83373 62964 81628 63765 82473 64582 83453 60952 79230 63268 82238 63792 82817 64564 83824 63909 83040 63876 82964 63074 82001 64308 83487 64541 83938 63798 82616 64461 83986 64798 84168 63957 82569 64799 84372 55560 72082 64109 83286 63435 82207 63741 82805 64401 83494 62500 81008 49024 63597 63896 83065 63037 81759 63005 81639 64041 82843 62910 81301 63596 82719 63258 82011 62669 81479 64316 83607 64500 83713 63383 82444 64726 84219 62147 80543 445
65777 85414 64801 83958 64211 83203 64078 82715 64106 83123 64397 83615 64233 83208 65186 84605 63932 83088 65208 84872 65309 84665 64587 83689 64147 83135 65057 84517 64496 83841 64768 84082 64211 83131 64666 83957 61904 80276 64504 83804 64129 83269 64923 84228 65326 84876 64454 83623 65218 84453 64876 84276 64490 83671 63832 83040 65043 84551 49424 64115 64872 84107 65136 84533 64226 83213 62156 80802 64114 83632 63353 82266 64106 82997 64386 83544 65034 84470 65388 85281 63700 82271 64288 83048 60786 78933 65117 84492 63688 82730 58357 75576 64645 83995 49136 63833 64094 83036 62941 81560 65067 84285 64344 83420 65228 84805 64516 83831 65046 84757 64591 83780 64498 83340 64249 83304 65131 84349 64035 82957 62509 80573 63744 82751 65485 85126 63217 81887 58339 75602 63435 82093 49656 64394 65146 84566 59028 76561 65308 84872 64357 83633 64943 84398 63869 82629 64351 83576 65660 85563 65833 85255 65004 84560 65421 84616 65166 84169 64191 83044 64233 83279 63930 83384 60535 78047 64772 83839 64453 83893 64867 84184 65417 85071 61500 79851 63644 82902 63835 82526 64557 83490 58691 75917 64344 83433 65121 84431 65014 84135 64279 83577 65396 84804 65252 84891 65239 84897 65131 84681 372
64553 83854 65840 85285 65578 85050 64636 83853 64330 83401 63135 81890 65949 85406 59780 77557 65223 84630 65386 84803 66132 86221 64878 84295 65066 84542 66078 85449 66170 85882 66008 85897 66405 85953 65299 84849 65729 85233 63078 81972 59612 77401 65191 84440 65462 84803 58878 76287 64983 84567 64742 83745 62249 81183 50018 64889 64474 83597 64914 84028 65406 84999 65647 85020 64979 84068 65665 85343 63855 83037 66100 85781 65731 85519 64983 84370 63674 82363 65292 84523 63100 81621 66018 85861 65006 84478 65508 84999 50294 65180 62384 80821 65745 85290 66076 85764 65468 84525 66476 86276 64942 84232 65922 85568 63763 82724 63499 82273 64860 84318 64618 83293 63786 82584 65571 85344 64404 83796 65308 84669 65385 84527 65066 84291 64480 83430 64321 83407 58243 75362 65630 85457 66638 86251 65325 84590 64448 83688 65100 84414 64708 83806 61388 79567 65123 84260 66269 85986 64838 84154 65708 85167 64425 83763 64687 83875 58480 75594 58900 76696 65565 85018 66491 86281 64711 83999 65107 84496 64563 83999 65040 84180 64236 83599 65395 84459 65381 85002 66504 86547 50541 65549 59674 77531 65765 85515 65275 84811 65746 85467 59732 77615 65454 84994 65420 84908 65375 84523 63614 82329 473
66113 85963 66719 86773 66255 86092 66056 85624 65950 85819 66274 86084 65708 85343 67001 87023 65855 85748 67000 87013 65129 84486 67019 87176 62759 81712 66498 86059 65809 85414 66308 86137 67350 87243 66190 86219 63837 82570 66515 86378 66088 85922 66491 86312 67527 87682 66774 86483 66286 86072 66810 86849 60257 77960 66534 86524 60386 78505 65737 85436 64345 83049 67202 87213 65609 84916 67584 87691 67281 87494 66097 86024 66510 86332 66640 86649 65719 85103 66037 85840 66399 86052 66032 85434 66972 87198 66458 86318 65426 84714 67039 87083 66545 86135 66090 85989 66322 86025 65904 85452 66375 85973 66246 86092 66358 85984 65692 85363 66649 86543 64648 83637 64997 84412 64924 84345 66283 86055 63725 82675 66271 86003 66777 86632 66481 86326 67448 87655 65722 85161 65721 85298 66245 85988 66553 86525 67364 87388 67115 87285 65576 85146 67333 87628 65898 85511 65686 84854 66134 85909 66135 86027 66348 86038 65902 85436 66591 86075 65880 85620 66095 85461 65832 85322 66125 85932 67166 86915 66560 86745 65775 85294 66518 86240 66578 86389 65551 85199 66893 86995 66862 86922 66833 86590 67053 86882 63641 82488 65596 84861 65587 84812 62505 80839 66332 86160 66328 85839 66917 86967 516
64138 83129 66407 86114 66852 86739 67144 87239 65508 84674 66846 86793 67117 87049 66698 86655 65406 84828 67447 87631 67539 87579 67264 87384 66426 85945 66790 86659 67278 87246 65089 84454 66819 87176 66337 86174 66843 86778 67707 87852 66991 87316 67752 88000 66565 86564 65965 85476 65813 85240 67213 87347 67236 87346 61569 79991 66944 87015 67845 87933 67432 87751 67505 87698 66286 85895 67244 86966 61283 79524 67662 87595 67061 87152 67731 87810 67475 87616 68108 88465 66027 85143 65513 84964 67051 87030 68088 88364 66177 85673 66656 86496 64635 84051 67239 87302 66328 86325 66359 86003 66168 85863 66878 86693 66702 86496 67388 87334 65244 84616 67524 87888 60859 78699 67054 86622 66821 86464 66735 86386 67818 87843 64764 83914 66659 86477 67589 87681 66990 86884 67741 88033 67032 86767 65898 85533 66887 86829 66218 85716 61453 79683 67956 88086 67404 87508 66796 86908 66889 86834 66986 86772 67258 87202 67556 87638 66317 86316 67035 87112 66979 87041 65845 85722 67572 87796 67594 87604 66623 86564 65663 85379 67135 87075 67363 87526 67039 87216 66940 87111 67302 87410 66313 86031 67529 87709 67134 87188 67453 87596 63486 82224 66500 86158 67575 87620 67713 87853 65862 85554 513
68191 88453 67301 87275 67298 87196 67094 87133 67123 87084 67268 87630 67309 87271 67080 86956 66935 86690 68381 88767 67519 87455 67981 88358 67818 87917 61603 79956 68567 88888 66646 86471 68141 88598 68984 89627 67919 88315 67920 88180 68280 88435 68034 88041 68760 89334 67354 87260 66693 86420 68006 88163 67882 88028 68333 88657 67786 88127 66547 86502 67392 87372 66988 86901 68266 88595 68197 88769 67593 87929 67892 88248 67420 87432 67536 87713 67471 87356 66140 85580 67880 88119 67270 87248 68615 89252 68304 88705 61171 79516 68789 89487 67672 87814 68377 89072 67908 88244 66594 86237 66072 85785 67825 87875 68010 88616 68354 88483 68370 88622 67469 87219 68244 88710 67511 87710 68264 88477 67595 87882 67735 87779 67053 87020 67083 86665 62830 81454 67541 87647 67694 87968 67073 87100 67664 87694 68040 87946 67810 87934 68646 89281 67079 86930 65861 85389 67552 87597 66659 86421 67989 88401 65529 85133 52151 67645 67911 88297 68067 88295 67290 87550 64075 83006 67453 87409 51561 66901 67423 87431 66764 86702 67518 87190 68208 88678 62205 80931 67250 87139 67620 87645 67728 87921 66924 86881 68176 88484 66692 86733 68373 88570 68415 88950 67696 87747 68600 88910 67662 87870 485
68805 89165 68842 89195 68374 88445 68849 89033 68916 89396 67300 86982 61973 80669 70308 91361 68819 89444 69593 90434 67366 87364 69022 89808 68613 89096 65480 84919 68611 89150 69295 89868 68166 88157 67693 88046 68690 89289 68829 89130 68121 88248 61854 80157 69314 89914 69503 90220 68066 88411 68879 89072 68700 89252 67502 87550 67668 87710 68411 88582 68695 88886 66838 86474 69184 89760 69327 89835 68554 89003 69301 89837 67133 87124 68898 89448 68749 89361 69338 90186 68683 89109 68557 89108 68854 89540 67907 88081 68730 89440 67696 87729 63752 82790 68304 88462 65691 85193 67502 87314 68977 89868 68959 89717 68819 89294 69062 89838 67980 88201 66543 86263 68347 88671 68982 89448 68364 88451 68588 89105 67776 87663 68567 89270 66045 85891 68570 89029 67467 87176 68425 88779 69173 89985 69146 89774 68053 88167 66951 87057 68098 88102 68146 88845 68125 88217 67700 88089 68437 89107 62811 81654 68319 88487 69010 89477 68340 88645 68755 88724 66392 86127 68444 88964 68173 88332 67782 87748 68212 88775 69497 89832 68744 88930 68942 89584 68796 89260 68601 88724 68715 89077 68609 89456 69690 90058 68742 89460 68750 89521 68303 88672 68533 89096 68841 89136 68255 88549 68898 89394 468
69443 90383 68078 88250 70440 91279 69387 90145 68925 89361 67902 87929 68915 89336 66955 87038 68233 88907 69728 90329 70076 91162 68955 89373 66632 86642 69789 90087 69309 90049 68325 88794 69209 89938 69034 89950 50165 65193 68995 89553 68993 89589 63279 82161 68740 89401 68772 88963 69723 90553 69418 89851 70188 91297 69971 91090 69327 90087 66873 86889 69601 90234 68545 89140 69736 90261 69489 90090 69397 89929 68527 88880 68709 89134 69235 89992 69614 90414 69471 90018 66413 86416 69587 90115 68288 88277 69981 91056 68465 88630 64652 83892 70155 91220 69553 90071 63435 82255 62691 81280 69393 90125 70146 90884 69195 89536 69648 90062 70222 91488 66836 86487 70140 91230 67669 87919 69466 90366 70483 91336 70222 91042 70646 91693 68928 89669 67969 88188 69606 90266 69243 89456 62888 81223 70331 91353 63819 82657 66886 86779 69923 90881 69186 89511 70519 91773 69622 90455 69963 90584 70011 90965 69505 90263 70054 91047 68882 89210 68769 89036 71144 92771 68988 89332 69318 89890 67340 87453 69812 90479 68447 88850 70308 91059 69526 90389 69554 90176 69541 90155 70393 91338 68586 88821 70258 91273 70210 91097 69299 90042 69660 90341 68367 88599 69326 89963 69871 90946 68893 89230 475
71274 92679 69995 90406 69656 90343 70663 91976 70004 90644 70355 91248 69427 90212 69254 89949 70167 90839 69912 91078 70535 91399 64660 83776 69535 90142 53385 69107 69403 90262 70823 91634 70402 91479 69952 90859 70456 91601 68136 88505 69785 90724 70208 91033 70324 91197 68978 89306 69803 90822 70295 91174 68515 88965 68587 89007 70756 91850 70791 91737 70715 91789 69664 90324 69964 90984 69300 90117 53909 69904 68825 89103 70736 91957 68942 89950 70350 91160 69822 90336 71490 92848 69760 90642 70002 90799 71404 92715 69285 90133 69626 90223 70630 91705 70413 91460 67409 87461 70331 91551 71791 93245 69498 90116 63273 81762 63702 82829 66834 86586 66978 86723 68282 88582 70626 91836 71179 92446 70537 91819 70332 91420 70772 91738 68401 88607 69118 89619 70933 91885 71063 92322 70811 91994 70765 91738 69556 90144 68569 88741 70374 90943 70652 91815 70056 90648 71004 92436 70462 91306 70597 91471 70916 91923 69530 90276 70178 91144 70449 91645 70198 91265 69952 90847 70525 91802 70485 91538 70286 91245 71355 92228 64412 83608 70629 91837 70203 91340 69199 89955 71136 92376 64375 83466 71192 92103 69826 90494 53262 69045 70211 90825 70143 91118 70554 91461 70140 91012 67467 87778 472
71426 92532 70312 91131 64032 82970 63777 82587 68223 88420 71936 93161 71061 92774 71409 92760 71452 92878 68573 88965 72015 93402 71430 92754 53760 69667 71643 93124 71037 92185 71588 92816 54305 70326 68767 89149 72343 94020 71322 92576 67187 87213 70380 91518 69177 89470 71036 92209 71903 93170 70403 91216 70966 91944 71087 92446 71160 92409 70299 91207 71127 92348 71202 92521 71650 93106 71230 92482 69893 90773 70697 91318 70779 91738 70668 91537 70434 91652 63716 82625 71133 92282 69948 90692 70393 90856 69200 89670 71861 93374 70812 91892 71756 93509 71991 93583 70329 91026 71036 91925 71318 92252 71011 92362 71623 93140 70941 92165 71252 92258 71538 92857 70699 91635 71362 92403 70483 91555 70835 91690 70784 91537 70911 92186 71349 92993 71377 92725 71795 93141 70689 91344 71659 92990 71179 92170 71501 92767 70707 91929 70729 91686 71534 93205 69944 90963 72358 94002 70747 91662 70552 91301 70421 91131 71617 92976 71487 92742 72409 94109 70814 91976 70612 91604 71992 93544 70488 91472 70808 91725 70724 91896 70437 91527 68127 88633 69490 89931 71577 92912 71105 92254 71882 93196 71824 93319 54059 70085 70542 91406 71111 92429 71291 92475 70107 91239 70167 90928 64878 84158 472
71781 93195 71952 93346 64715 83914 72961 94739 70914 91864 68696 89340 70874 91535 72915 94717 67845 87917 72306 93938 71833 93091 72450 93812 72711 94510 70923 91470 70635 91313 72305 93576 71372 92698 72300 93659 71226 92386 72222 93718 71170 92162 71563 92752 71792 93219 51574 66972 72500 94019 70563 91580 72012 93598 72129 93590 72403 94018 72075 93415 69931 90955 71447 92669 71237 92451 71811 93122 67373 87142 71809 93155 71352 92608 72277 93800 72000 93455 72372 93935 71102 92422 71267 92483 65404 84831 72967 94759 71866 93349 72337 93701 67748 87795 70833 92118 71257 92354 72526 94095 71807 93154 71229 92561 71050 92039 71875 93457 71360 92827 71274 92271 71362 92408 71981 93595 70317 90903 70470 91611 72418 94297 71359 92738 72180 93603 67602 87369 72284 93708 72093 93301 73102 94957 55530 72310 71965 93442 72268 93975 72662 94449 71698 93225 71123 92195 72153 93939 71320 92477 72350 93659 71857 92890 71186 92200 72281 93618 72459 94236 72490 94279 71346 92437 72832 94668 72121 93423 71774 93103 71681 93034 70954 91640 71631 92707 71044 92319 71524 93020 71285 92626 70595 91507 71504 92563 72095 93254 73089 95424 72375 93419 70370 91520 70721 91959 71784 92989 71343 92839 634
73129 94861 68475 88419 72883 94635 72919 94395 72791 94504 72881 94777 72634 94099 72385 94137 71880 93366 71965 93554 73509 95410 72991 94686 73543 95469 72245 93807 72501 94108 72836 94513 73019 94782 71542 92625 72764 94438 72392 94017 72350 93954 72544 94453 72295 93597 71618 93101 73481 95605 72897 94531 71576 92733 72645 94773 71589 92637 71809 93294 73135 94870 71928 93548 72173 93551 72930 94789 72756 94421 66150 86041 71917 93218 72523 93951 55391 71770 73577 95780 72651 94365 70429 91395 72597 94617 72445 93987 72593 94059 73080 95116 72587 94297 73090 94942 73462 95618 72266 93479 74115 96039 71768 93268 70722 91934 71772 92359 73001 94697 64449 83378 72863 94774 71874 92994 72957 94491 73266 95216 51933 67455 65477 85189 71899 93204 71223 92294 66100 85343 71777 93261 73815 95939 72865 94434 72821 94740 73326 94860 72198 93795 71221 92677 73245 95236 72671 94297 71621 92976 74036 96496 73512 95303 73642 95556 73135 94900 73164 95013 72248 93810 69988 90556 73376 95280 72997 94782 72695 94382 73396 94924 69949 90984 71499 92990 72155 93698 72394 93802 72199 94059 72824 94864 73774 95837 72122 93701 72449 93447 72744 94533 73103 94826 71697 92746 73261 95013 72971 94868 475
73581 95372 74169 96122 67490 87678 74063 95890 74149 96383 74351 96556 72142 93716 72684 94070 74277 96708 73684 95646 72072 93515 74460 97067 73902 95528 72145 93269 74260 96609 73571 95415 73936 95862 56571 73249 74309 96788 72998 94989 74443 96696 73050 94610 73523 95395 73983 96125 71942 93342 72189 93819 72116 93336 72485 94156 74429 96507 74160 96071 70539 91517 74295 96417 73211 94747 73406 95303 73211 94557 74093 96157 73483 95381 73331 95050 72338 94043 70237 91141 72898 94578 67185 87041 73522 95499 65729 85320 73854 95908 70408 91370 73432 95268 70263 91012 73445 95167 74281 96543 73390 94746 73726 95880 73812 95824 73855 95866 73879 95670 72640 94286 73326 95151 73278 95089 73408 95392 73711 95419 74387 96614 73777 95868 67557 87990 47673 61685 74287 96531 74401 96402 67327 87296 71010 92075 73803 95462 74320 96198 73154 94860 73992 96319 73067 94907 71453 92655 73247 95063 71023 92008 73784 95887 73165 94972 74071 95942 74050 96306 73036 94893 73347 95152 73536 95112 72897 94703 71809 93278 73081 94708 73098 94806 73132 94925 73963 95842 73205 94928 74054 95894 71654 92707 73215 94766 73316 94959 73442 95290 67536 87606 74279 96046 73604 95802 74162 96008 72451 94107 474
72833 94364 74243 96607 72241 93351 74471 96592 67837 88002 73103 94322 74046 95672 74369 96574 73262 95025 73284 95180 75521 98196 73546 95196 74286 96445 73540 95552 73022 94602 75298 97877 73168 94998 74082 96137 74325 96335 75047 97292 73738 95512 73492 95443 73915 95871 74730 96798 72799 94235 73200 94952 73833 95589 74387 96522 74358 96598 74248 96554 70272 91059 74318 96302 74769 96778 74925 97100 75068 97537 73656 95270 75423 98193 75323 97759 74600 96992 72607 93904 75253 97331 74313 96596 74047 96018 70806 92006 74459 96109 74625 96796 73887 95531 73700 95735 74503 96517 74756 96962 74508 96789 74921 97425 73446 95504 74015 96157 73952 95402 73762 95777 67703 87670 73208 94780 74521 96661 74449 96540 73471 95309 73779 95764 73926 95650 74473 96686 74309 96232 73759 95496 74527 96960 75132 97627 74699 96820 75839 98432 75061 97790 73019 94675 74646 96527 74246 96377 73468 95206 66153 85654 70837 91871 75541 98004 74292 96355 73945 95750 73736 95224 74741 96744 73728 95489 73796 95859 73103 94880 73466 95244 74442 96807 56514 73240 73328 95433 74931 97365 74576 96652 72204 93541 73700 95619 74899 97282 73659 95590 74606 97031 73192 94963 72050 93306 73956 95788 71529 92951 582
74345 96482 74730 96622 75827 98502 75299 97507 74876 97078 57303 74222 76029 98475 75117 97586 75266 97800 75292 97843 75482 98035 74464 96503 75231 97182 75099 97712 74487 96713 74642 96701 73053 94808 75814 98411 75758 98412 74525 96658 74812 97264 75138 97718 75185 97546 74475 96885 74751 96979 75442 98175 75087 97158 74561 96572 75339 98103 75077 97503 74055 96266 75254 97152 73917 95845 75568 97834 75484 98218 74195 96284 74353 96168 74984 97117 73796 95621 76003 98593 69222 90235 75396 97893 74315 96515 75236 97646 73451 95298 71686 93042 75425 98294 75178 97800 74349 96573 75727 98505 74916 97143 76251 99259 74329 95982 75624 98157 75002 97766 74818 97098 76023 98697 75235 97584 75883 98471 75018 97277 75087 97303 75205 97348 75801 98387 74676 96847 74499 96235 75590 98232 76088 98670 75329 97598 74207 96378 74420 96302 74516 96325 75982 98433 72890 94415 75222 97847 74188 95879 75734 98593 75844 98221 71574 92726 72881 94322 74144 96345 74928 97184 74484 96321 75012 97250 75524 98101 74927 97232 73707 95454 74140 96050 73791 95629 74457 96628 75286 97344 75538 98281 75840 98569 74654 96555 74590 96816 75838 98660 75857 98464 75425 97730 73393 95364 75954 98663 75752 97830 548
76041 98673 76060 98901 75115 97161 76860 100097 75975 98423 76118 98917 74632 96868 75596 97733 76450 99029 74596 96913 75734 98461 76339 98681 76312 98871 74893 97055 76277 98690 76247 99066 75124 97623 75610 98070 69331 89688 75445 97858 74807 96842 76441 98949 74903 97222 76598 99678 76295 99134 75924 98448 75871 98484 76808 99772 76982 99698 76815 99669 76277 98950 77127 100201 72117 93600 76498 99478 76263 98804 74633 96776 76155 99068 75224 97841 74931 97017 76322 98960 76556 99472 75487 97485 75736 98067 75639 97865 76015 98712 75501 98015 75403 97580 76796 99644 76683 99448 75854 98278 76417 98852 76567 99400 76010 98537 74852 96981 76765 99485 76071 98867 68640 88988 75230 97431 74002 95803 75232 97530 75626 97908 77026 99987 75739 98390 76740 99633 68905 89404 74880 97033 75234 97612 77971 101432 76353 98902 75928 98349 74869 97406 76699 99803 75409 97626 75855 98400 76837 99678 69684 90210 74771 96889 75712 98183 75632 98059 76585 99232 75271 97226 76791 99802 76155 99063 72881 94667 75580 98129 76687 99452 68013 88005 75936 98812 74744 96813 75844 98715 76101 98716 76423 99080 76683 99509 76065 98753 75902 98347 75456 97762 74854 97507 58325 75873 75912 98147 75218 97666 552
77024 100147 77600 100879 58760 76264 74243 96681 75695 98507 75425 97453 76245 98572 65859 85260 77269 100167 77362 100420 76599 99088 77065 100173 76396 99366 75262 97681 76626 99521 77931 101178 75806 98085 69642 90645 77793 100901 77463 100433 75607 97956 76959 99933 75669 98175 76707 99625 58179 75425 75275 97670 75740 97989 75946 98155 75456 97832 77722 100828 58050 75607 76570 99566 77389 100363 76851 99964 76452 99029 76701 99561 75983 98762 76634 99420 78009 101575 76093 98778 76646 99607 72561 93926 76280 98941 76439 99339 76259 98688 73553 95240 72597 94200 76511 99357 76278 99083 75492 97575 76732 99265 78201 101727 69577 90202 76991 99916 75144 97645 74177 96062 70610 91779 76786 99544 76649 99618 76389 99174 74550 96730 76608 99123 76554 99218 74587 96698 76809 100009 76931 99649 75528 97576 77291 100530 75630 97682 76297 99054 75872 98135 76111 98701 76231 99013 58030 75156 69897 90580 71999 93116 76934 99612 75789 98406 77076 100197 76363 98848 75883 98343 76163 98568 76667 99659 76343 99151 77316 100228 72584 94161 77143 100115 76797 99465 76629 99518 74998 97276 76512 98844 75371 97926 74990 97054 75194 97448 78188 101881 73754 95562 75504 97511 75557 98097 76827 99462 78117 101199 535
77107 100070 77074 99945 74564 96776 76744 99992 77787 100813 78282 101516 78088 101407 77443 100044 77956 101599 77471 100807 77329 100538 75366 97831 78058 101023 76477 98958 70558 91681 77134 99927 59015 76589 77999 101590 78009 101584 70665 91524 77544 100584 78315 102047 77336 100455 75755 98201 76117 98616 76769 99525 77869 101129 77813 100982 77588 100631 78377 101913 77515 100801 78256 101286 78061 101228 77217 100341 77059 99961 77018 100062 77867 101394 76328 99246 78233 101146 77498 100626 76366 99135 77985 101663 77389 100466 77940 100935 77810 101304 77025 99685 77999 101071 76506 99615 77878 101303 76555 98807 76461 99395 77481 100412 78370 101805 77874 101018 59179 76826 77122 99765 76338 99075 68755 88953 77842 101314 77475 100606 77742 100836 78708 102241 78026 101262 76932 99742 76234 98787 77236 100454 76617 99056 78021 101205 78499 101728 69873 90244 77160 99935 76910 99683 78057 100946 77582 100759 77795 101057 76264 98349 77089 100061 78203 101473 77049 99556 76208 98253 76471 99349 77667 100926 77060 99857 78065 101557 76981 99705 77365 100659 78188 101299 77106 100141 77813 101116 76276 98979 74653 97003 69766 90631 77243 100601 70072 91124 77155 100101 78054 101000 77243 100384 75636 97604 78617 102393 70214 91351 612
77813 100697 76520 99144 79064 102654 77963 101423 78307 101716 78197 101628 78026 101293 78767 102240 77229 100058 77147 100099 77882 101266 78322 101766 78237 101352 78874 102642 79221 102752 77691 100691 77151 99834 78309 101836 71202 92463 78777 102317 79027 102803 77505 100203 79135 102555 78069 101103 78957 102818 77528 100683 78230 101684 78750 102235 78794 101912 79158 102511 77664 100855 78122 101050 78074 101233 78579 101915 78177 101129 77522 100360 77851 101419 78916 102336 77092 99913 78518 101661 70711 91506 78661 101756 79147 102999 78027 101125 78247 101460 78082 101511 79166 102987 77720 100638 78304 101547 78225 101439 79158 102957 77643 100806 76409 99154 78432 101844 77302 100355 77528 100335 77131 99921 78838 102192 79267 102985 59798 77792 77122 100458 76971 99866 79017 102619 74369 96531 77151 100030 78056 101209 78228 101609 68614 88771 78314 101572 78308 101520 78323 101706 77456 100579 78149 101270 77954 101238 78881 102603 77794 100752 79723 103467 77410 100232 78562 101737 78068 101423 78900 102401 78740 102348 79629 103509 77757 100802 78677 102284 78041 101173 77922 100854 78603 101912 79118 102854 75241 97306 79009 102308 77203 99838 79135 102566 78400 102016 78089 101743 77722 100718 77089 99872 78091 101502 77636 100934 79636 103224 616
77767 100892 78932 102762 79622 103023 80290 103926 79803 103405 78346 101762 79066 102578 77421 100676 79323 102934 79393 102856 80277 104319 77323 99958 78213 101417 79375 103246 79798 103805 79249 102631 79806 103638 78824 102467 79363 102952 79641 103116 72146 93275 78962 102458 80202 104060 79827 103676 79271 103011 79313 102930 79912 103559 78576 101952 79413 103399 78530 101817 80372 103978 78323 101265 75628 98075 79008 102441 80118 103977 78152 101334 79058 102283 79498 103334 79222 103030 77094 99968 78844 102358 79473 103123 78583 102200 78796 102194 79455 103425 79080 102884 78914 102474 78918 102314 79724 103369 78538 101921 78094 100873 79121 102772 79265 103055 78952 102548 79364 102993 77776 100839 79472 103254 78260 101578 78746 102219 79108 102442 79058 102485 78398 101284 79391 103197 79984 104074 79067 102170 79407 102952 77238 100059 79022 102785 78137 101334 78882 102277 79147 102649 79746 103333 79059 102673 80155 104321 79309 102899 78369 101619 79284 102733 78986 102728 78919 102631 78187 101357 75299 97815 77996 101104 79472 103253 76001 98386 75750 98442 79524 103399 78981 102744 79485 103470 79217 102927 78895 102648 72913 94756 78634 101773 78978 102231 79883 103779 79165 102596 79645 103092 79523 102741 76089 98974 78960 102322 78246 101412 563
79850 103776 80636 104927 79369 102995 73489 95128 78562 102052 79650 103397 80197 103993 78527 101893 78761 102008 78251 101416 80827 105273 80805 104963 80524 104777 80510 104794 76111 98955 79930 103628 79500 103113 79533 103501 79133 102693 81255 105549 80645 104620 81039 105594 79652 103414 78671 102248 78762 102381 80737 105118 79242 102991 79879 103956 79658 103333 78373 101404 77349 100623 80836 105169 77133 100217 81123 105327 79764 103707 80017 103639 80998 105165 80065 103678 79020 102284 79120 102489 78392 101379 80951 104872 79542 103304 78843 102491 80242 104193 79443 103203 78640 102092 80850 104820 79872 103214 76792 99724 79969 103796 79288 102735 80689 104534 80400 104472 78608 102093 80371 104651 80405 104472 80142 104192 80413 104384 80961 104484 79026 102613 71765 93035 80283 104448 79615 103109 79569 103526 78892 102514 80285 104195 80236 104410 80705 104843 80000 103863 79850 103805 80782 105069 80657 104843 80311 104353 78430 101621 79167 103106 80823 104933 76154 98838 78575 101860 80278 103905 80934 104805 74592 96741 79875 103723 79416 103096 79503 103244 75908 98626 78875 102002 80712 104843 76355 98628 80493 104525 79293 102504 79783 103437 80172 103863 80188 104097 78178 101219 79887 103942 79802 103529 79709 103440 80234 103919 79390 103278 582
80139 103807 80880 104740 80185 103632 79799 103635 81273 105253 77934 101565 80476 104703 81868 106312 81178 105600 79152 102777 80461 104333 81326 105408 80860 104826 81026 104951 81746 106391 80550 104643 80934 105287 80108 103794 80676 104775 80717 104758 81132 105693 79683 103021 82301 106758 80415 104360 79499 103297 80292 104272 80628 104680 79454 102674 77363 100293 78997 102482 81326 105602 79689 102895 80891 105171 76188 98603 79263 103266 80556 104531 81203 105412 80708 104706 79570 102995 80356 104299 81247 105675 79623 103073 81436 105854 81882 106179 80105 104052 73312 95204 80325 104399 81863 106169 81149 104964 81043 104688 80727 104569 72710 94403 81386 105553 77947 101494 79363 103041 79192 102908 81113 105403 79978 103728 78772 101895 81310 105623 82684 107768 61351 79495 80439 104277 81231 105632 75269 97237 81211 105292 80988 105112 80469 104369 81635 105904 80982 105215 81429 105844 81044 105119 61305 79402 81211 105325 79011 102719 79366 102739 81034 105596 80322 104044 81222 105422 78847 102186 81633 106001 80477 104539 80302 103975 80840 105015 80512 104024 80271 104008 80216 103986 80907 104873 80316 104495 81939 106518 81617 106223 80331 104173 80842 104988 79890 103462 80990 105289 79943 103878 79836 103617 79091 102476 79876 103535 79714 103279 620
81629 105687 81505 105884 82189 106789 81337 105163 79827 103604 82153 106771 81403 105774 80405 104087 80186 103497 81834 106567 81554 105985 83203 108301 82384 107139 80840 104878 81451 105842 81016 105043 81690 105813 81886 105669 81965 106334 81765 106340 81833 106174 72385 93956 80760 104636 79181 102711 80145 104196 81447 105942 81968 106289 80798 104544 78809 102177 81936 106539 79836 103642 81686 106072 80028 103823 81788 106336 73848 95806 81083 105273 81526 105891 82014 106636 81947 106618 79908 103415 81905 105965 79176 102384 80818 104854 81233 105482 82448 106737 80435 104289 81258 105317 81468 105756 81629 105961 79923 103438 80935 104997 82001 106234 82305 107205 78269 101681 80412 104158 81235 105384 80897 104738 80813 105021 81272 105647 81961 106369 81475 106177 80918 105207 74239 96126 81726 105922 80266 103979 80999 105416 81605 106021 81357 105468 81211 105394 81566 105722 81614 105738 82059 106222 81716 105666 81500 105566 81870 106567 82034 106463 81289 105661 80634 104784 81971 106366 82386 106803 74640 96695 81798 106077 82001 106387 82088 106441 80597 104091 80147 104150 82157 106664 81486 105664 80557 104399 80277 104302 81007 104902 80061 103770 81862 106400 81005 104890 82214 106660 83007 107990 81418 105537 81812 106216 82419 107208 75293 97434 636
81572 105661 81331 105373 82785 107770 82429 107100 81532 105396 74466 96506 82490 106805 81903 106011 83268 107923 82085 106489 81885 106279 81271 105215 83590 108336 82053 106091 82250 106547 82739 107624 82098 106240 83414 108046 81279 105439 82901 107456 82412 107074 81920 106451 62474 81072 81452 105736 82403 106965 82811 107450 82250 107061 82439 107079 79951 103935 82763 107331 79468 102735 81511 105911 81478 105398 82701 107259 82851 107905 81645 106329 80270 103894 83075 108138 82136 106478 75802 98699 81756 105962 83015 107409 81890 106619 83305 108309 81384 105554 82032 106686 81777 105946 82565 107530 82536 106758 80719 104512 61817 80227 82236 107036 82618 107657 82498 106896 81858 105945 82855 107497 83376 108548 81983 106039 82117 106344 78770 102090 82829 107427 81680 106374 83433 108398 81438 105470 83385 108339 82327 107225 83337 108366 81794 106175 82493 107416 82940 107776 81586 105755 81429 105553 82666 107719 82213 106962 82970 107592 81965 106478 82371 106860 81829 106450 82627 107479 81806 106479 77956 100896 82446 107063 79819 103967 82714 107520 82789 107524 81877 106115 82004 106321 82732 107535 75179 97275 80169 104081 81116 105276 82264 106422 82365 106894 82018 106541 80279 104241 82726 107673 82655 107052 78618 102199 84086 109364 82344 107014 633
82760 107251 83484 108516 82581 107095 82926 107798 82450 106863 81353 105726 83087 107800 82750 107331 83877 109028 83278 108348 84031 109076 80853 104932 83803 108593 83280 108320 79664 103778 81134 105178 83334 107548 81124 105377 81759 106066 83982 109073 63337 82093 82907 107860 82685 107179 84166 109160 82532 107401 75199 97648 84024 109403 82308 106606 82740 107420 83875 108976 83293 108098 83495 108109 83877 108749 83528 108532 84754 110188 81861 106125 82850 107189 83178 107638 83328 108038 74465 96399 81561 106021 82777 107176 84206 109168 83931 108790 82618 107466 83110 107836 83136 107361 82999 107801 83627 108229 82903 107348 82061 106324 82844 107386 82262 106674 82585 106691 82021 106308 83734 108604 83548 108293 83088 107777 83153 107898 83468 108759 81700 106007 83135 108032 83142 108000 84140 109201 83740 108549 82405 107129 76567 99298 83952 108909 81781 106260 83204 108237 84356 109529 81565 105794 82411 107117 83904 108808 84669 110272 81453 105421 81847 106290 83285 108220 83750 108851 83212 107949 82193 106684 83231 108026 84553 109904 81640 106003 83369 108403 82812 107529 82738 107641 82887 107399 79955 103616 55544 71965 82637 107477 83808 108634 83725 108595 82912 107485 83568 108373 82178 106274 82466 106880 83275 107968 82924 107502 83377 108148 506
84921 110033 82367 106721 83648 108424 82573 106841 84197 109335 83023 107744 82629 106976 83502 108295 83614 108312 83540 108338 83587 108465 85421 110976 84200 108880 85041 110160 84126 108670 84604 109555 84027 108362 64087 83217 83752 108735 82408 106902 85138 110393 84709 109559 83713 108661 85123 110829 83660 108545 84232 109128 82972 107429 84191 109131 84070 108958 83226 107967 83007 107554 82301 106827 83832 108713 82523 106401 84673 109646 84368 109565 84051 108787 84333 109248 83652 108572 84507 109664 84438 109397 84521 109897 84209 109118 84816 110355 83908 108723 85045 110049 84148 109157 81471 105407 84156 108862 84239 109436 84651 110201 83256 108284 74583 96610 77170 100140 76205 98849 80685 104503 82641 107207 84168 109105 84717 109885 84351 109615 83609 108142 85239 110557 85084 110122 75496 97999 82663 106976 84482 109326 82555 107356 62976 81574 84300 109396 83318 108315 84859 110214 84912 110277 84761 109600 84472 109926 83584 108390 84330 109148 83675 108545 85136 110619 75502 97753 84688 109693 83968 108973 83110 107845 84734 109778 80787 104850 80906 104666 83799 108690 84417 109757 83793 108748 83928 108947 83742 108480 84419 109588 84909 110363 84061 108604 84990 110442 84123 109042 84042 109020 83954 109001 82317 106535 84838 110039 82165 106850 661
83610 108127 85274 110688 84523 109708 84039 109007 84229 109404 84289 109488 85433 110844 84432 109452 84343 109825 85304 110718 85720 111383 83925 108801 84479 109347 84634 109796 82733 107213 85145 110469 86026 111819 85437 110699 85316 110737 83918 108666 76701 99210 84490 109967 83243 108100 84116 109114 77365 100082 85732 111595 85521 111040 85816 111250 84875 110161 83759 108326 84324 109373 85146 110114 84981 110423 83438 108530 84785 109866 64519 83781 83129 107568 84618 109959 84862 110337 85997 112020 84914 110241 84995 110305 84851 110417 85124 110415 84733 109816 84326 109320 83563 108504 83970 108541 86131 111989 83255 107969 84728 109648 84254 109473 85267 110555 83455 108241 81411 105643 85406 110565 85500 110900 84345 108883 85356 110826 83096 107789 84691 110179 84702 109877 85886 111339 85221 110677 84317 109495 85722 111397 84194 108991 84205 108911 84802 109880 86198 112088 85494 110616 85987 111813 84355 109573 84245 109505 84266 109153 84930 110076 85814 111074 84481 109824 85386 110583 86186 111941 83027 107726 76815 99614 82147 106629 86327 112089 84904 110045 84519 109990 85592 111149 85926 111367 84256 109118 84835 109925 84851 109832 85090 110642 84610 109902 83219 107812 84436 109136 84214 109269 84011 108793 84620 109953 85601 111173 84821 109672 536
85812 111221 86448 112156 85200 110217 85549 110612 85694 111131 85683 111072 85601 110558 85871 111359 86481 112621 85936 111321 85887 111528 86303 112208 86138 111493 81523 105374 83532 108390 64625 83791 85543 111007 86339 111949 84980 110285 86839 112572 82842 107384 85441 110782 86687 112324 84688 109916 84079 108766 84820 109887 84579 109610 86494 112152 84749 110015 84681 109747 86209 112256 86450 111934 85335 110919 85870 111179 82262 106595 84848 110066 84921 109844 82441 107116 82808 107114 85583 110949 84509 109549 85549 110976 85370 111078 85507 111188 84477 109575 82311 106929 85870 111360 85380 110792 84581 109431 85995 111689 84968 110295 85679 111559 82012 105955 85358 110906 86457 111938 85830 111082 85928 111254 86693 112722 86203 111831 85950 111232 84977 109955 84982 110048 82453 106979 85213 110447 84249 109266 77003 99537 85353 110677 86658 112487 86097 111667 85873 111504 85924 111486 86709 112246 82267 106579 85751 111357 86434 111718 84896 110007 85076 110563 85286 110410 85586 110841 84878 110319 84150 109008 85697 111202 85972 111783 77484 100359 85097 109913 87422 113150 86360 111936 84963 110181 84246 109151 84754 109448 85061 110558 84573 109604 86916 112809 83611 108348 85438 111231 85850 111681 85662 111000 64947 84115 84345 109530 85403 110680 656
87382 113696 86029 111394 65629 84890 86729 112137 86882 112686 86341 111976 85830 111288 85575 111071 86577 112087 86310 112012 78893 102374 86290 111775 86809 112577 65568 85229 85157 110466 86615 112319 79578 102913 85561 111400 86504 112054 86485 111968 87542 113535 86947 112907 86320 112177 85724 111369 86321 111706 86744 112501 86872 112949 78921 102019 84591 109469 85248 110340 85736 111387 87269 113137 85879 111307 86088 111509 86298 111951 85072 110365 87522 113972 86041 111571 85886 111484 87238 113228 85711 110956 86830 112371 86833 112135 79442 103217 86710 112513 85914 111291 85943 111235 86979 112995 85959 111024 86323 111761 85930 111448 86903 112493 86085 111347 86655 112396 84991 109989 86180 111624 87027 113160 87197 113099 86190 111514 86429 112269 82137 106380 86622 112447 85904 111096 85667 111284 87393 113378 84707 109964 86611 112648 86894 112655 87586 113559 86059 111817 87030 112949 85576 110919 85025 110347 85452 110738 85584 110915 86726 112541 86077 111925 86067 111756 85672 111395 85194 110615 85413 110772 87211 113083 86714 113099 86427 112135 85344 110641 87116 113155 85941 111265 86228 111784 84634 109781 86252 111764 86020 111447 85405 110603 87051 113051 85985 111591 85091 110365 86129 111526 86518 112136 85676 110775 86098 111883 85688 111257 502
86798 112613 87557 113523 86711 112058 86292 111930 87158 112927 85316 110626 87140 113167 87723 114041 86346 111944 87172 113123 87378 113288 86741 112559 86579 112528 87426 113488 86068 111538 87221 112698 86419 111901 85781 111564 87545 113296 84763 110067 87599 113474 86829 112773 85690 111021 86928 112965 87265 113479 87958 114285 87497 113563 86327 112196 87938 113693 86476 112398 84438 109614 87336 112934 85705 111482 86897 112574 87953 114113 87119 112827 85905 111217 87387 113521 87121 113123 87734 113997 87303 113106 87944 114386 87031 112864 87546 113605 86731 112394 86656 112508 86890 112779 87136 113181 86717 112556 87786 113638 87334 113393 87765 113992 86458 112148 86797 112610 87829 113833 87681 113653 85355 110573 86937 113023 86880 112837 88779 115130 85991 111606 87225 113306 82206 106667 88613 115033 85953 111877 87572 113487 86445 112181 87032 113113 86019 111531 86047 111877 84791 109775 87308 113441 86900 112845 86878 112761 88226 114666 88233 114642 85648 111108 86615 112212 88053 114319 86767 112399 86448 112078 86728 112561 86771 112567 83598 108594 87031 113230 87103 112886 86126 112027 87128 113062 83956 108708 87476 113174 88409 115026 88203 114668 86301 111783 87432 113585 87790 113914 88080 114157 79626 103342 85987 111493 87672 113976 87267 112996 727
88340 114746 87466 113360 79237 102635 88265 114217 88579 115413 89199 115412 87532 113161 85935 111507 87872 114266 88613 114806 86308 111666 88368 115079 88360 114647 88352 114648 88592 114777 86895 112797 87577 113590 87019 112671 87253 113179 87154 113260 86412 112016 88359 114596 88313 114408 88417 114367 87872 113497 87314 112936 88697 115039 87831 114002 87860 113994 86840 112360 88991 115511 89017 115461 88357 114445 87984 114419 87857 114245 88131 114305 87805 113729 86836 112407 87937 113453 87342 113151 87842 113852 87500 113206 87068 112926 87549 113455 88568 114739 88140 114060 88192 114467 88210 114251 89279 116162 89509 116130 88346 114330 88187 113995 67478 87558 87135 113244 87686 113481 87513 113543 87642 113984 88060 114156 88003 114357 78454 101646 88830 115304 88759 115304 88401 114429 88470 114938 88877 115181 86962 112570 87544 113847 88946 115455 88788 115077 87874 113897 88338 114596 87209 113027 88972 115546 89100 115816 87326 112779 87464 113283 86703 112204 89244 115851 83988 108700 88894 115312 85881 111070 86956 113027 86808 112742 87882 113893 87379 113182 87854 113654 87897 113933 87220 113188 89306 115644 88215 114117 87830 113861 87949 114404 89110 115408 88117 114209 86790 112280 87996 114127 88304 114790 87572 113651 87053 112832 87447 113192 602
89565 116048 87725 113892 89553 116311 88995 115411 89256 115676 90038 116864 89597 116001 89649 116547 89460 115666 89078 115398 88160 114381 87106 113292 88957 115512 88742 115401 88685 114897 88339 114674 80187 103839 89241 115613 89547 116666 87919 114112 89014 115636 88645 114598 88786 115033 88844 114740 87611 113839 89587 116466 89199 115538 88943 115489 85393 110718 88051 114511 87991 113383 89234 115915 88591 114776 86737 112118 88615 114776 88632 115007 88730 115154 89303 116046 87133 112799 89490 116146 86780 112468 88059 114363 88898 115340 89563 116511 88768 115112 88245 114718 88922 115246 89718 115987 88117 114374 89771 116473 87985 113774 88463 114619 89513 116015 84882 110316 89884 116793 89074 115443 88547 114556 88545 114957 89086 115798 81153 104951 88939 115628 87239 113158 87335 113011 86958 112421 89377 115923 88811 114618 88989 115689 89522 116280 88670 114934 89771 116436 89517 115715 88823 115379 89795 116763 89771 116375 88744 115020 86769 112130 88534 114900 88385 114384 80208 103991 88757 114964 88023 114132 89148 115376 87636 113422 89160 115801 88922 114951 88778 115123 87605 113572 84206 109239 87899 113875 88564 114843 89195 115935 88637 115064 88355 114271 89398 115914 87460 113452 86105 111644 89708 116697 88243 114673 89251 115395 89469 116281 638
89905 116375 89061 115445 89750 116237 89428 115930 89390 116088 89105 115173 90813 117940 88039 113989 88271 114407 89822 116742 88918 115089 90338 117489 88803 115209 88166 114616 89208 115792 89643 116299 90031 116606 89181 115261 88472 114607 89352 115982 88225 114582 89840 116625 87353 113045 89951 116817 90563 117421 89832 116572 89974 116626 87835 113739 88747 114693 89999 116662 90076 116741 88045 113994 88328 114440 89505 116039 89831 116609 89652 116487 89396 115904 88139 114353 90164 116921 88892 115169 87959 113808 89666 115950 86360 111815 89607 115725 90088 116914 89740 116599 90133 117246 88279 114585 88944 115056 90702 117789 88781 115518 87053 112545 89926 116518 87671 113437 91292 118591 89836 116267 89166 115828 89141 115551 90530 117771 88506 114318 90167 116766 91027 118347 89473 116070 90014 117052 89100 115982 89552 116388 89766 116585 89121 115564 89029 115264 90353 117095 89268 115843 89339 115888 89109 115542 89173 115716 88675 115231 89531 116114 89582 116110 89383 116021 86164 111736 90204 116792 67545 87819 90526 117581 88921 115200 89420 116064 89893 116669 89330 115784 89818 116388 87660 113154 88459 114650 90488 117066 89237 115480 86346 111955 90172 116987 90028 117261 88978 115144 88984 115484 86393 111495 87331 112930 90468 117480 89196 115518 527
90027 116784 90423 117359 89489 115555 91084 118392 89852 116548 89233 115670 89638 116189 86492 112144 90568 117499 90252 116949 87996 114120 89529 115984 91376 118589 89219 115333 90133 116915 90090 116976 89840 116718 90806 117468 90361 117316 91157 118012 89596 115718 89302 115876 90310 117205 88825 115180 90320 117079 91199 118032 88025 114154 91267 118301 91036 117865 90254 116648 86848 112657 90423 117413 91523 118996 90458 117497 87626 113194 89881 116772 89820 116694 91311 118426 92148 119569 88530 114495 90845 117700 90655 117782 90679 117364 90148 116729 89519 115809 90720 117663 90780 117448 91319 118751 90338 117296 87471 112903 90081 116799 89766 116324 90568 117731 88694 114716 89667 116350 91000 117340 82190 106389 89568 115907 90273 116610 89732 116517 91003 117791 90187 117065 89465 115900 89070 115529 91068 118274 91467 119019 90093 116387 90202 117006 91305 118543 90335 117228 90160 117027 90260 117095 91088 118289 89859 116759 90423 117282 89079 115676 89589 116236 91280 118484 88432 114596 85952 111712 68987 89397 89983 116694 90007 116515 90142 116791 88849 115269 90612 117579 90610 117369 86746 112601 88502 114379 90271 116970 87927 114002 89298 115925 87866 113710 88670 115121 89691 116177 89544 116197 90438 117217 89418 115890 91844 119168 89815 116547 749
88923 115150 92829 120424 91658 118528 91565 118323 90650 117315 91290 118979 91641 119104 90451 117362 90480 116978 90451 116799 91016 118427 90680 117525 91842 119050 92204 119765 91215 118436 91857 119104 90613 117719 91373 118212 90508 117406 90756 117525 90401 117099 90420 117018 91967 119357 92094 119348 89412 116183 90510 117661 90787 117808 92155 119842 91565 118923 90615 117496 91827 119229 69659 90004 91474 118443 91064 117635 83064 107628 83039 107697 83289 107686 92366 119724 90919 117890 92020 119339 92070 119169 92563 119918 91118 117684 90131 116767 91181 118154 90822 118098 91499 118521 69241 89720 90923 117836 92100 119420 87001 112906 91061 117472 90729 117784 90034 116532 91131 118115 91788 118890 91842 119126 87724 113827 91141 117982 82040 106070 90512 117323 89998 116860 91010 117996 90373 116892 91192 118209 92067 120095 91258 118841 91867 119268 88639 114886 91663 118986 92497 119777 90410 117543 90579 117659 88998 115033 91999 119160 89870 116524 89895 116143 92036 119558 88698 114783 91619 118773 92768 120607 90983 117575 86978 112863 92524 120220 91453 118961 91873 118781 92333 119531 91365 118498 92274 119899 90012 117085 92152 119779 92354 119969 86969 112942 91139 118363 90834 117326 90663 117668 91525 118646 91859 118746 90627 117169 90086 116973 584
92781 120497 93096 120493 92931 120669 92335 119449 92105 119032 90887 117621 82871 107365 92878 120795 92505 119900 91647 118969 88361 114646 92503 120162 90982 117899 92442 119811 90847 117922 92408 120200 92356 119901 92319 119535 91570 118683 91994 119413 92341 119940 90931 117709 92848 120496 92210 119556 91977 119420 90106 116827 92801 120127 92122 119541 91912 119595 90767 117619 92314 120087 81504 105362 89627 115889 92527 120056 91339 118214 90947 117960 93299 121111 92913 120303 92068 119485 91558 118718 91163 117967 92817 120128 89655 116438 92368 119794 92563 119600 92240 119976 92532 119895 92055 118959 91497 118893 91455 118769 88363 114835 93332 121125 92837 120515 92635 120200 91996 119245 93456 120722 91566 118969 92519 120155 70366 91103 92146 119385 91064 117738 92545 120133 93088 120665 90955 117607 91903 119203 89506 115867 91671 118684 92534 120139 91790 119361 93214 120830 92940 120404 91616 118694 92458 119782 93291 121087 92666 120182 90977 118272 90775 117546 91115 118089 91456 118690 90129 117107 92413 119477 92101 118972 91500 118562 91665 118954 92905 120718 84337 109056 91946 119399 92926 120623 92093 119298 92226 119317 91874 119029 92943 120237 92585 120208 92393 119701 91983 119072 91469 118296 92347 119976 93032 120919 92712 120327 92638 120131 666
92384 119580 93671 121410 93057 120912 92728 120462 91222 118203 92920 120460 91367 118195 92487 119950 91684 119160 92865 120687 93104 120669 92845 120630 93176 120983 93149 120776 92770 120232 92749 120291 92342 119698 92923 120704 92445 119847 93579 121522 93392 121096 93885 121855 93443 121269 92935 120510 92149 119433 93709 121675 93201 120952 90524 117544 93088 120769 93798 121875 92587 119875 92421 119170 92099 119208 93630 121484 91236 118089 92588 119704 88637 115011 88487 114820 93612 121601 93480 121252 93516 121683 91037 118028 91634 118689 93459 121417 93282 121004 93470 121541 93001 120129 93201 120630 93814 121757 93521 121114 92658 120262 91402 118779 92454 120034 93262 120753 93899 121841 91533 118575 90592 117268 92559 120100 84628 109496 94366 122855 91734 118739 91396 118634 92086 119630 94600 122556 93140 120994 93178 120722 88274 114354 88859 115371 92493 120038 91199 118269 92804 120084 93495 120957 90754 117338 93383 121146 92857 120400 92668 120115 93262 121136 88961 115571 93084 120970 92582 119874 93260 120635 93492 121423 93782 121338 92982 120665 94109 122102 91350 118452 93724 121481 92929 120219 92788 120287 89914 116708 92956 120743 93968 122165 94159 122140 91817 118778 92796 120235 93920 121789 92309 119624 93360 120921 92875 120424 89141 115693 670
94189 122012 92590 120039 93640 121659 93737 121374 92902 120209 93653 121278 93125 120599 92206 119383 92010 119425 94385 122605 92808 120117 94620 123011 92307 119500 94014 121759 92994 120765 93766 121496 94152 122145 93303 120798 85539 110873 93798 121463 94282 122312 94064 122495 90404 116908 92590 120104 93326 120907 93707 121483 91348 118328 94350 122372 94694 123021 94297 122491 94345 122364 92289 119346 93971 121990 93233 120783 93458 121421 94438 122464 94669 122710 93012 120437 91866 118784 93734 121495 92095 119182 91957 119080 93724 121440 91520 118372 95416 123953 92457 119950 94317 122452 94353 122024 91768 118968 94166 122385 92596 120056 89276 115641 92981 120594 94199 122350 94531 122201 92299 119383 93063 120651 94310 122021 93265 120911 94806 122636 93682 121787 94876 123204 93691 121546 94142 121896 92989 120704 92252 119460 94844 122975 93954 121918 94506 122510 93232 121037 92383 119973 93589 120943 93131 120669 94233 122245 94277 122428 93880 121640 93493 121080 90590 117543 93529 121380 91973 118989 93821 121668 94293 122763 94360 122199 83874 108526 94070 122291 93279 120723 92646 119598 94671 122922 93058 120456 92773 120068 93724 121169 92676 120036 92650 119980 92361 119434 92177 119672 93578 121273 92262 119520 94780 122747 94029 121883 93686 121260 663
94126 122113 95634 124145 95118 123348 94447 122338 94074 122021 93713 121536 92221 119324 95535 123826 93955 121922 93535 121340 94301 122342 94464 122457 95170 123666 94820 123382 95386 123993 94147 121908 92065 119769 95008 123292 94017 121960 95324 123694 94502 122502 93969 121769 94288 122367 85431 110433 94122 121727 70527 91497 94055 121834 88759 115051 95321 123755 83502 108363 92420 119503 94898 122881 90917 118030 95872 124436 93538 120898 94315 122248 95470 123963 94247 122178 94563 122719 94774 122812 90458 117626 86170 111286 91003 118325 95236 123411 94544 122610 94156 121865 94521 122737 93477 121021 95396 123702 94115 121829 93935 121716 93846 121842 93055 120842 94407 122032 94841 122890 93367 120992 94006 121900 95152 123123 94500 122647 95335 123546 95693 124264 92234 119565 94418 122580 93414 120873 94656 122923 95625 124075 94511 122530 95202 123239 94523 122854 95344 123802 95327 123757 93894 121664 95218 123693 94367 122395 94927 123184 95122 123143 94513 122637 95106 123687 93712 121380 95449 123859 94366 122158 71908 93063 94876 123029 93399 120667 94385 122164 93223 120811 96040 124381 94692 122667 94980 123037 95864 124129 94166 122356 94609 122956 92611 120146 95158 123575 95554 124139 92815 119931 93610 120906 95080 123810 93767 121794 94283 122489 673
95714 124354 95510 123920 95251 123660 95240 123524 95104 123301 95865 123806 94403 122765 95396 123461 95174 123178 95527 124310 95284 123200 94670 122908 96115 125019 93681 121216 95778 123961 96027 124415 93613 121226 91245 118047 95259 123786 95121 123141 94016 121526 95502 124330 94884 123174 94983 122745 92859 120457 94708 122677 95923 124323 94667 122409 96676 125366 94796 122590 95640 124141 83876 108585 95779 124457 95945 124177 86572 112472 96017 124502 96315 125096 95789 124250 95501 124052 91983 119184 93493 120816 95624 124443 82204 106338 94626 122680 97178 126410 94799 122748 90323 117467 95595 124004 96377 125106 94137 121996 94904 123323 95390 123951 94983 123016 94736 123099 96073 124423 95242 123357 94707 122835 95128 123305 96008 124920 95256 123606 94132 121694 95512 123910 96441 125571 95846 124838 87260 113122 95022 123168 95149 123259 95926 124127 96001 124391 93283 121301 95578 123994 95153 122998 86112 111744 96318 125040 95834 124229 96276 125138 94319 122109 94430 122662 95282 123958 93725 121601 96377 124694 92765 120451 95389 123568 95589 123707 94917 122885 96116 124877 94341 122540 95613 123977 93217 120943 95179 123659 96445 125032 93169 120655 96189 124757 94472 122609 94381 122219 96326 124987 91222 117869 97094 126219 87259 113051 95763 124043 663
97894 126740 96635 125500 96633 125393 95775 124331 94487 122444 94777 122598 92434 119544 95763 123841 96145 124700 96621 125660 94753 122902 96899 125763 95032 123141 96504 124972 94137 121610 94664 122975 96466 125036 95342 123440 96259 124834 93895 121403 96848 126029 95663 123933 94294 122000 96093 124961 93567 120953 96739 125628 97244 125901 96752 125087 95032 122662 94349 122225 93510 121211 95247 123518 95574 123545 95413 123926 96158 124725 96235 124652 94806 122651 94516 122329 95944 124329 96098 124929 95351 124017 97300 125980 97010 125557 85937 111551 94964 122836 95883 124384 95009 123248 96747 125187 94450 122897 94534 122594 96023 124327 96264 125069 96783 125392 96845 125095 96417 125095 96217 124994 95233 123522 95609 124162 96225 124755 95478 123700 96106 124352 94474 122242 96457 124770 96694 125538 95342 123591 96148 124722 96345 125063 97392 126320 95261 123238 96360 124871 96570 125234 95971 124716 95356 123421 96776 125438 94344 122176 94989 122875 95502 123656 94363 122538 96345 125321 95460 123881 95670 123971 96349 124903 96469 125090 96205 124493 96080 124878 96144 124372 95921 124210 95632 123877 95597 124006 95188 123265 95937 124354 97001 125814 94947 122737 97411 126080 95703 123888 95646 124064 94330 122099 96614 124879 96001 124157 97202 126281 662
92357 119978 95798 124134 95725 124065 97003 125951 95934 124223 96258 124868 96952 125940 96691 125012 96282 124572 96681 125225 95884 124355 96482 124976 96880 125700 96078 124746 96694 125361 97241 126283 96744 125535 96797 125528 96973 125474 96576 125323 97656 126948 88778 115256 95577 124012 96479 125235 95019 123396 95539 123716 95885 124176 96983 126108 96709 124850 96826 125640 97740 126892 97639 126773 97755 126895 97574 126280 97501 126607 94958 122889 96083 124271 96946 125635 95909 123981 96920 126139 96893 126089 96359 124853 96628 125106 97424 126730 97394 126250 94550 122390 97474 126586 96566 125223 96240 124901 88451 114529 97230 125934 95758 123802 94974 122841 94968 123499 97677 126693 97192 126345 73875 95911 97143 125635 97609 126540 95874 124011 97804 126818 97286 126245 95995 124656 93971 121784 96453 125161 73529 95292 92129 118951 95550 123726 97049 125907 95952 124825 96592 125305 96873 125530 95660 124561 94853 122867 97850 127106 95935 124814 97636 126719 97596 126561 96373 125045 98337 127731 98029 127013 97376 126407 97529 126844 96949 125837 97802 127017 97100 125810 97490 126375 94901 123001 96014 124694 97265 125613 97195 125928 96483 124991 97823 126810 97474 126529 97422 126387 96657 125595 98043 126946 95953 124493 97481 126441 97854 127375 666
95905 124208 98016 127345 96281 125032 98387 127700 97428 126339 89326 115983 96589 124970 94972 123272 97696 126842 98199 127593 96733 125297 97021 125676 98530 127772 98571 127421 98903 128592 92593 120040 96449 124979 98700 128241 97127 125772 98582 128070 97554 126711 97676 126615 95156 123685 96945 125563 98205 127514 95283 123281 98130 127445 97822 126792 97156 126182 97320 126301 98106 127311 97837 126931 98755 127996 98553 127911 97345 126191 98158 127307 98154 127163 98551 128038 98288 127599 95505 123987 95597 123647 96138 124859 92378 119629 98317 128085 98951 128480 98347 127245 96684 125375 98430 127548 97018 125511 98886 128311 97651 126299 97758 126777 96758 125598 97496 126447 95929 123977 96974 125864 97789 126561 97725 127045 97352 126460 90778 117624 98795 128496 98155 127371 97691 126659 97801 127251 94727 122644 98084 127246 89360 115670 98274 127435 98041 127424 97958 126987 98099 126857 97109 125610 97614 126640 97822 126852 94955 122812 96873 125678 97629 126392 97397 126102 97249 125841 97304 125992 98302 127413 97677 126894 97774 126619 97084 125839 96659 125160 98476 127665 98029 127133 96797 125728 96716 125484 89046 115580 97135 125806 98367 127785 97929 126676 97905 126632 97860 126499 97533 126298 98128 126883 98318 127527 97793 126822 96347 124638 748
98784 128115 100143 130541 98524 127924 98877 128343 96952 125267 99347 128753 98289 127552 97660 126574 98974 128076 98879 128324 98281 127486 97131 125597 98808 128039 98378 127336 98762 127850 99903 129652 98921 128007 88827 114907 98952 128650 97865 126692 98957 128173 99736 129614 99657 129240 99438 128949 97541 126184 97390 126125 98861 128389 99042 128807 98178 126917 97906 127230 99228 128668 97224 125968 97449 126224 99041 128529 95941 124123 98119 127187 98933 128510 99561 129504 98288 127515 97202 125862 97985 127097 96970 125552 96995 125522 98240 127680 98573 127793 97960 127370 99626 129201 97547 126388 99069 128509 98662 128307 97876 126651 93982 121953 97497 126382 99534 129158 97390 126501 98600 127811 99007 128617 89132 115414 98685 128259 98613 127956 97818 126515 96752 125428 99917 129821 99443 128955 99489 128620 98610 127956 89047 115359 98575 127907 99628 129212 99568 129235 98142 127408 96792 125217 98255 127868 97544 126082 97535 126572 98162 127292 99369 129029 96582 125259 99674 129062 97529 126575 98991 128400 98068 127175 98663 127878 99763 129569 96411 124626 98629 127897 97872 127233 98847 128191 98919 128406 99110 128705 98896 128589 98043 126670 96179 124266 98252 127590 99313 128453 98132 127358 97951 127050 98257 127444 99798 129576 98598 127518 568
99564 129407 100992 130881 99122 128564 100230 130348 98430 127410 100270 129584 100178 129600 95746 123895 98035 126985 98848 127755 100105 129919 99232 128516 99875 129931 99655 129273 99112 128472 99434 129299 99507 128689 95006 123046 100133 129715 97027 125977 99278 128439 98817 127642 98819 128386 100146 130156 99790 129593 98504 127476 99550 129119 98438 127575 98313 127356 90762 117563 96225 124459 100345 130129 99980 129999 98506 127468 96373 124746 98539 127606 99853 129754 75690 98130 96189 124605 99652 129440 98071 127103 98602 127970 99222 128386 99634 129300 98670 127745 100881 130780 98883 128005 99631 129096 99402 128846 100744 130431 90127 116705 97887 126652 99082 128123 99920 129379 100633 130726 100427 130458 75936 98517 100041 129516 99554 129220 99348 128354 99327 129008 99098 128340 99735 129209 99597 129165 99822 129446 99212 128614 99677 129335 99709 129281 100000 130035 99165 128374 100252 130238 94537 122483 100411 130091 99011 128391 100683 130762 99584 128975 76048 98664 97834 126806 100331 130325 97963 126668 98773 128367 98356 127131 99820 128903 99097 128357 95564 124063 100568 130510 99837 129346 98874 128271 75272 97464 100126 129836 99107 128637 99029 128140 100367 130264 99891 129713 98696 128296 100188 129282 90085 116773 100091 130323 98632 127548 98600 127697 783
99910 129529 100280 130305 100669 130571 99589 128898 100018 129875 100140 130148 100537 130265 100268 129762 101087 131245 99343 128591 99941 129705 94469 122113 101197 130780 100838 130577 100700 130804 99586 128828 100289 130001 95820 124520 90860 118018 100109 129762 101735 131511 96732 125662 100754 131123 97187 125304 90254 116869 98118 127443 100871 130889 99740 129362 100846 130488 100562 130531 97557 126858 100409 130136 100734 130792 99756 129491 99677 129357 100711 130835 101381 131299 95249 123200 100582 130584 100149 130179 99791 129635 97785 126532 100629 130425 100420 129729 98909 128170 90995 117951 100184 129980 99032 128453 99685 128816 99887 129685 100797 130808 100774 130248 101350 131119 98577 127444 100811 130475 99180 128559 91336 118515 100046 129886 99372 128836 99732 129658 100518 130466 101003 131101 100237 130273 100423 129835 100293 129754 100804 130679 101599 131745 98883 127966 100854 130769 99639 129315 101481 131602 98641 127775 100109 130027 101648 132100 99366 128348 98858 128340 97445 126428 99742 129296 99064 128448 97810 126934 98816 127620 99728 129127 97747 126506 99897 129618 101003 131045 99846 129535 101282 131527 100506 130134 100230 130062 99554 129035 99777 129279 100423 129798 100393 130117 98655 127811 100068 129157 97590 126428 99893 129589 100076 129872 100781 130642 99421 128879 628
102049 132172 101563 131730 101073 130642 97850 127038 98919 128131 101329 131292 101210 131378 101452 131922 96505 124976 100429 129983 99439 129021 100731 130586 101504 131381 101625 131521 102095 131983 101679 132270 99986 129574 100479 129846 100497 130164 100912 130655 102564 133263 101316 131638 101653 131643 101047 131092 95690 124073 91887 119046 100653 130532 96277 124730 101166 131249 101008 130921 100767 130766 102150 132288 100880 130467 101820 131641 101912 132382 101328 131622 99309 128726 100713 130482 101711 132007 100272 129793 101092 131569 101541 131483 100830 130232 101857 132149 99556 129246 101644 131801 99009 127973 101943 132061 101596 132124 100990 130895 101227 131325 100670 130670 99815 129255 101818 131935 72517 93981 101107 131095 101660 132160 101223 131287 100982 130953 101151 131131 97407 125730 101145 131199 101428 131577 91730 118962 101511 131705 101105 130945 100671 130486 99738 129112 100632 130775 101089 131131 100828 130669 101040 131000 100546 130389 101122 130669 100509 129942 99388 128597 101060 130931 92660 119900 98664 127565 100155 130076 100837 130527 101499 131962 95390 123346 100690 130601 99724 129775 100855 130393 101272 131229 101974 132403 100366 130244 99729 129260 100488 130288 101559 131713 102463 132997 101897 132155 101722 131916 101892 132083 100662 130299 101800 132266 102225 132400 100899 130543 795
100951 130713 101069 130912 100857 130786 101565 131722 101397 131734 100655 130332 102077 132317 101858 132292 100146 129858 101398 131681 97951 127117 102955 133301 97328 126489 102069 132308 102624 133021 100154 130080 102028 132141 99677 128965 100535 129830 100840 130433 102048 132377 102273 132573 102035 132331 102018 132052 101327 131495 103649 134295 92523 119922 101606 131471 101535 131713 98231 127190 102748 133258 103275 133593 101423 131520 102138 132556 101284 131416 102419 132741 101152 130954 102085 132569 99123 129126 100187 129465 101270 131002 102649 133465 102402 132506 98741 127521 100133 129438 100412 129960 102093 132259 101770 131184 102826 133039 102248 132292 101887 131835 101581 132069 97230 126054 101082 131077 96637 125247 99168 128629 102066 132260 102723 132970 101295 131251 101335 131284 102816 133597 102703 133044 102070 132377 101656 132198 101106 130742 102799 133346 101805 132101 101502 130936 102750 133396 102089 132629 102586 133003 97887 126705 102737 133424 102347 132664 101853 132146 100621 130238 102191 132290 102569 132777 102323 132906 102577 133077 101531 131397 102890 133258 102246 132180 101554 131820 101575 131625 100390 130433 101362 131609 100722 130258 100686 130642 100999 130752 96693 125328 101351 131215 101754 132073 74785 96906 102602 132605 102730 133639 102344 132590 99751 129266 101043 131081 100811 130651 720
101673 132089 100734 129935 102507 132688 101716 131904 100520 130317 103007 133962 103276 134308 100825 130784 103389 134326 103076 133589 102178 132611 101196 131077 102602 133144 102876 133676 102795 133281 99544 128952 102101 132377 103290 134091 103525 134993 101349 131403 102572 132855 101183 131038 102138 132391 103285 133910 101813 131619 100451 130049 103464 134084 102041 132124 102874 133423 103294 133769 102726 133026 102660 133154 101293 131187 102085 131661 103177 133573 101958 132516 103138 133988 102791 133648 102268 132253 102708 133039 103489 133999 102595 132951 103008 133665 102696 133017 103691 134728 101431 130908 102815 133530 102314 132581 101769 131767 102372 132779 103036 133528 102740 133420 101857 132270 102791 133712 103284 133772 103429 133654 101498 131602 96588 125380 102507 133054 100887 131095 101589 131857 101398 131610 102692 133037 103268 134226 103049 133753 103019 133167 102355 133032 101629 131827 101929 131960 103162 133131 103116 133532 102137 132408 101326 130913 102095 132366 101373 131450 100455 129763 103237 134005 102264 132212 102502 132834 103326 133483 103667 134639 103590 134685 102775 133158 101906 131932 77879 100893 98719 128301 92894 120089 77699 100642 101906 132319 102074 131997 103287 133814 103010 133302 91502 118666 103359 133946 103369 133884 102611 133019 103173 133837 100954 130400 101663 131824 93526 121407 701
103599 134006 104656 135775 102818 133121 103243 133401 103513 134317 103028 133402 103890 134756 78984 102323 101025 131076 102118 132684 103718 134537 103074 133388 103940 134521 104674 135407 101649 131831 103562 133903 104180 134905 102605 132507 103813 134846 101616 131880 102354 132523 102034 132803 102165 132495 102372 132773 103310 133982 103745 134240 101408 131643 103477 133910 103254 133984 103524 134225 103974 135171 104269 135321 103829 134820 104176 135129 103603 134239 102886 133791 101678 131351 103122 133437 101798 131737 102818 133421 102841 133393 104608 135330 104720 136118 103721 134399 102070 132190 103946 135005 100604 130193 104376 135705 103816 134610 78947 102372 103245 133737 102857 133452 103735 134614 103446 133865 103284 134063 102583 133006 102808 133299 100823 130685 104081 135246 101735 131548 103211 133861 103382 134632 96295 124835 104393 135574 102328 132631 102397 132926 103186 133597 103962 134996 104194 135323 103143 133609 103136 133960 103983 134542 103170 133562 103745 134748 101763 131878 102267 132275 103372 133681 102256 132246 104306 135109 102689 133342 102530 133308 105025 136571 102281 132703 93983 121806 103294 134586 104348 135569 98667 127825 103126 133681 102236 132183 104353 134838 103876 134633 103088 134042 98336 127307 102285 132704 103004 133851 100612 130194 102973 133005 103415 133893 103032 133883 104484 135375 725
105197 136224 104301 134993 103979 134578 99687 129118 104172 135256 103047 133555 103475 134286 105356 136883 103523 134363 105066 136334 103871 134988 103302 133876 104664 135374 103189 133205 102483 132663 104085 134724 104271 135082 105011 135787 104981 136048 104261 134878 105039 136056 102333 132653 104140 135176 104241 134972 101481 131624 103247 133893 104744 135389 101050 130731 104944 136027 104742 135932 101686 131923 80157 103734 104275 135024 98429 127640 104812 135569 104511 135726 102936 133736 103355 133886 103121 134101 101343 131376 104129 135109 104742 135520 104674 135624 102797 133332 103572 133893 105857 137133 103168 133570 103697 134401 103614 134182 103792 134722 104538 135581 105346 136299 105391 136232 104581 135482 104560 135218 102880 133587 103477 134036 102667 132826 105079 136200 104423 135575 104850 135962 104668 135297 103373 133501 105772 136909 104277 135473 103728 133876 105144 136461 105094 136385 95260 123113 104911 136337 95076 122979 105009 135867 104881 135748 103803 134544 103811 134488 105252 136011 105193 136540 104164 135316 103907 134490 104920 136400 103778 134843 103927 134705 105163 136362 103634 134192 103131 133915 104036 134920 106041 137567 104516 135681 104670 135737 104421 134949 103803 134906 104710 135558 105872 137324 102128 132603 104674 135682 104538 135504 100372 130260 105248 136684 103942 134549 101872 131971 723
103460 134007 104574 135315 102044 132177 104863 135739 104985 136347 95371 123676 106149 137744 103347 133889 104846 135749 104591 135943 103216 133909 104361 135018 105049 136427 105323 136400 105744 137128 106453 138051 103254 133625 104800 135685 103566 134415 105604 137132 104250 135053 105158 136008 105109 136233 104551 135240 104192 134900 105382 136791 105719 137426 105583 136930 103158 132900 104167 135057 105120 136033 106277 137912 105044 136299 104646 135971 105043 136234 100051 129050 80052 103868 104703 135588 105585 136551 106066 136992 105204 135794 105359 136436 104703 135902 104319 135129 105165 135766 104883 136218 102826 133277 104575 135732 104267 135010 105675 136608 104420 134740 79827 103477 103447 133946 105931 137086 105731 137197 105312 136796 105957 137335 104213 135386 104698 135691 104884 135987 104696 135927 106482 138304 104768 135329 103770 134587 105489 137120 104859 135753 104693 135914 103807 134889 105011 136340 104661 135697 101624 131718 104133 134942 100747 130637 105515 137032 105207 136312 106562 137950 95703 123885 105866 137455 105629 136423 104127 134941 104557 135592 104566 135406 105292 136717 104332 135223 102993 133575 104937 136096 105246 136700 105883 137321 103721 134206 105842 137154 104978 135849 106421 138120 95958 124622 95763 123891 103725 134261 105699 137180 104899 135355 105004 136306 105917 137623 106371 137927 611
103046 133394 105719 137065 105481 136895 104742 136004 95709 123964 104774 135847 105481 136476 106119 138168 107055 138425 104789 135711 106349 138274 105917 137318 106257 137459 101503 131391 105912 137143 106201 137723 105525 136755 106756 138429 104257 134744 107073 138578 106381 137819 105900 137300 104793 135843 105055 136065 105972 137310 104068 134481 103302 133479 104297 135308 104680 136112 105929 137155 105660 136932 106113 137927 106360 138192 105552 136738 106050 137638 107116 138827 104735 135985 105659 136717 106526 137921 105846 137078 105625 137324 80438 104516 106297 138113 105289 136438 106373 137945 95743 123953 106680 138343 94900 122885 105504 136678 106201 138043 105624 137183 104410 135516 105633 137410 106414 138029 105312 136437 103975 134751 106215 137401 104669 135935 106513 137559 107002 138241 105885 137343 106514 138498 101008 130871 107156 138679 105155 136202 105280 136614 106050 137507 104251 135328 106299 138138 105476 136824 106998 138551 105104 136102 104132 134580 106305 137863 106111 137669 105865 137057 100927 130415 107330 139033 104407 135142 106164 137392 106213 137302 106013 137732 105082 136150 104830 136218 106195 137901 98949 128431 91196 117813 105846 137280 106899 138541 106678 138445 105718 136782 106422 137627 105495 136960 107107 138970 107331 138479 103999 134507 105213 136479 106207 137618 105521 137105 104890 136022 854
106560 138387 104886 135927 107036 138479 106806 138081 106416 138145 106644 138193 106904 138885 106837 138191 106652 137916 106969 138715 105951 137048 107351 139308 104164 134611 106298 137920 105853 137088 106740 138329 104512 135263 104890 135830 102174 132597 106813 138653 106898 138771 104897 135680 107501 139697 106154 138128 106242 137757 106588 138283 105468 136127 107411 139144 107516 139251 106647 138338 104972 136177 105192 136335 107310 138987 106985 138654 107297 139137 105798 137247 106108 137173 106242 137642 106711 138504 106148 137756 106679 137940 106964 138920 106951 138739 102360 132706 106007 137142 106639 138123 105696 136880 105191 136094 106218 136961 105118 136194 104004 134845 80584 104070 105554 136454 106024 136755 107762 139731 106301 137892 105526 136226 105792 137053 107760 139890 107025 138939 106247 137902 105632 136454 105807 136884 106665 138392 106327 137852 107608 139945 106416 138080 107783 140107 79740 103359 106241 137854 106035 137028 107271 138723 106963 138417 107523 139462 105891 136725 106435 138087 106951 138481 107314 139310 104815 135404 106700 138396 107694 139380 107369 139023 105833 136473 107353 138917 105215 136094 103443 133980 105761 136596 106836 138305 106230 137605 101505 131848 106922 138491 107182 138704 101794 132134 106297 137372 106899 138094 104330 135200 107225 138486 108518 140918 102204 132491 106125 137433 728
107247 138560 107549 139316 107924 139677 108094 140018 107602 139509 108397 140479 106853 137956 106761 138267 108849 141105 106978 138115 109068 141750 107287 139347 107483 139180 107279 139282 107653 139531 106522 137927 107254 138993 106772 138561 108338 140619 108456 140518 106874 138321 105404 136424 108180 140396 106751 138303 107139 138775 108116 140069 107637 139885 108076 140302 98632 127539 108478 140506 107938 139938 107606 139731 103089 133788 108170 140316 108534 141293 107867 139844 107387 138939 108271 140236 107900 139852 102486 132278 108410 140755 106783 138131 108267 140487 107510 139815 108822 141280 107096 138878 107490 139554 106199 137833 107440 138822 107206 138768 107516 139239 107276 138901 106368 137683 102307 132568 105249 136678 108588 140934 108977 141259 108590 141020 107778 139604 107765 139256 106548 138171 106908 138362 108687 140842 106910 138362 105986 136888 106130 137505 106774 138353 107245 138906 108482 140866 105443 136331 107674 139601 81038 104776 105957 136996 106840 138539 108342 140217 108005 140211 108441 140739 108032 140212 105515 136637 106171 137592 108287 140288 107380 139408 98245 127201 106859 138257 108309 140302 107825 139946 107293 138928 98062 127317 107787 139372 107508 139538 109357 142242 97521 125976 106799 138341 104727 135625 104608 135659 105733 136971 106808 138388 106601 138078 104587 135864 108191 140100 637
107669 139246 109078 141396 108862 140822 106519 137989 107997 140220 108488 140488 108777 140816 108904 141186 108684 140902 108963 141337 107877 139785 108555 140928 108332 140922 109172 141613 107831 139639 108695 140865 107574 139538 107590 139780 107061 138577 108925 141522 108261 140253 108157 140117 110185 143065 108250 139908 109733 142450 107581 139023 109522 142151 109036 141560 108837 141211 108351 140404 108448 140342 98939 128491 106765 138543 109061 141162 108515 140786 106542 138200 109549 141847 106964 138612 107102 138956 108090 140701 106131 137448 106183 137279 108288 140630 108249 140320 108852 141659 108324 140586 105021 136068 97509 126645 103747 134388 108252 140278 108775 141209 82355 106830 96308 124449 107926 139711 108262 140287 108754 140794 107143 138871 108368 140201 108224 140493 103595 134166 106964 138466 107854 139791 108826 141252 109239 141434 107744 140071 109448 142145 107187 138841 108385 140239 106970 138479 108725 140735 109638 142423 107758 139325 107325 139447 105584 136538 108790 140650 108199 140180 106111 137545 110143 142597 108439 140877 103938 134607 106802 138213 108669 140998 108198 140227 107545 139184 107957 139846 107566 139094 108583 140340 108581 140938 108748 140924 108854 141501 105509 136621 105931 137002 108323 140769 108986 141082 110811 143756 110185 143071 107629 139363 108369 140746 107101 138771 108673 140904 870
107709 139589 109713 142113 109599 142006 108215 139909 99412 128587 108340 140330 109792 141694 108442 140576 108203 139997 109789 142312 109030 141775 109624 142297 109924 142963 108642 141052 104844 135682 107850 139326 109838 142564 109435 141888 109334 141702 110209 142568 109033 141657 108933 141156 107871 139777 108864 141211 107487 139542 108268 140091 109408 141254 108786 140687 107378 138954 109198 141518 108914 141278 109349 141846 109292 141323 107335 139076 109595 142303 110468 143085 105218 136234 105678 137232 104688 135919 108495 140230 110284 143176 108599 140554 108078 140385 109573 141893 109706 142195 110610 143083 109714 142199 109680 142062 108355 140316 107200 138815 106925 138800 108704 140597 109776 142001 109577 141808 108990 141661 108192 139616 109939 142732 109333 141971 108880 141167 109170 141324 98687 127873 103648 134008 108995 141124 108479 140764 110145 142799 108843 141169 108629 140599 107769 139412 107981 139901 108990 141333 108708 141076 107772 139927 109223 141675 109186 141190 107925 140235 109066 141034 108673 140831 109948 142669 110841 144085 107670 139755 108697 140947 107616 139608 108313 140266 109998 141917 109653 142223 108625 141198 108504 140904 108663 140690 107624 139341 109949 142723 109161 141112 109143 141592 110767 143638 109565 142395 107897 139997 107751 139588 106985 138611 108296 140551 108842 141230 107788 139670 721
107856 139583 110389 142995 108538 140791 110576 143503 109351 141616 108936 141260 109459 141814 95190 123289 109196 141525 109299 141749 110380 143370 109332 141326 110150 142607 108512 140729 111189 143802 105646 136671 108938 141363 109835 142488 104049 134363 109694 142180 109962 142545 108390 140522 109182 141683 99480 128958 107670 139245 111195 144430 109554 142007 110538 143492 110303 142882 109067 140807 110306 142857 109473 141668 109614 142095 107078 138679 110538 142804 109557 142031 110297 142728 109759 142010 109504 141586 110533 143091 109331 141606 109040 140886 109238 141718 110635 143508 109327 141826 109506 141683 110588 143365 108845 140717 107614 139381 108995 141065 109738 142305 110284 143020 110339 143044 108358 139978 109665 142204 109710 142120 110508 143198 109602 142016 111031 144114 109622 142023 108488 140703 110270 143073 110694 143387 107785 139773 110301 142547 108156 139622 109583 142201 109219 141525 110545 143174 111071 144217 108366 140343 108407 140028 109980 142375 110702 143686 109333 141580 110513 143621 110010 142671 111207 144316 109036 141348 110469 143614 109082 141586 109690 142080 83519 108429 109988 142395 109295 141778 107121 138886 110262 142852 110450 143148 110497 143302 110393 143014 109573 142298 99659 129298 107954 139398 110650 143001 109322 141359 106708 138332 109997 142717 108562 140826 83610 108290 107174 138285 816
112011 144890 110583 143541 111894 145008 110737 143528 111424 144030 107596 139279 108924 141069 110677 143314 107668 139635 112111 145386 111005 143553 111328 144044 107788 139710 109610 142384 108260 140479 111483 144602 109897 142399 110478 142991 110612 143027 81167 105092 109139 140893 109192 141769 109808 141850 109953 142726 110350 143329 110676 143603 107703 139390 109981 142794 110738 143636 110931 143696 104656 135398 110478 143465 110415 142634 110014 142137 110264 142758 110676 143189 109048 141022 107553 139100 110576 143532 111634 144815 111047 143404 108944 140984 111288 144627 111040 143904 109968 142304 83285 107804 110987 143743 108881 140851 109204 141692 110976 144012 110183 142968 84428 109417 111574 144460 110754 143226 111241 144418 110316 142817 108900 141048 111584 144129 111423 144284 110107 142962 111755 144761 110852 143606 111986 145162 112329 145555 111150 144150 109207 141437 110823 143991 111153 143947 110334 142717 109834 142670 110925 143907 110731 143486 106371 137617 111793 145118 110906 143476 112038 145522 111435 144407 111331 144084 110171 143288 112087 145779 111472 144754 108681 141192 110813 143664 110370 142751 111179 144447 110385 143428 111025 143921 108928 141342 111726 144779 109352 141668 110393 143272 107543 139181 109647 142010 109958 142650 111602 144578 107037 138363 110378 142989 110905 143394 111263 143898 110860 143586 611
112444 146057 112862 146263 111684 144228 110016 142493 112547 145939 111572 144763 112166 145326 111689 145136 112342 145579 101246 130871 109010 141213 111406 144290 110464 142921 109855 142707 112160 145409 111756 144897 111602 145102 111666 144802 112262 145569 110402 142644 109720 141764 112760 146591 112883 146212 83648 108235 110150 142624 111141 144420 110617 143442 107267 139024 111547 144902 112124 144918 112265 145008 113681 147306 112632 146125 112034 145485 110890 143762 110645 143484 112039 145607 110650 143481 112330 145548 111107 144008 110773 143365 112569 146355 111799 144524 100221 129675 112611 146216 109722 142181 111139 144131 111044 143732 111646 145112 110718 142759 109778 142118 111700 144798 111810 144771 111154 144033 111574 144873 112216 145276 111680 145147 110871 143642 111366 144140 112090 145238 111884 145270 110282 143063 111136 144003 110416 142931 112528 145840 112018 144985 112192 145567 112536 145986 110495 142884 111849 145031 111754 145251 103919 134173 110055 142713 111111 144246 111160 144110 111334 144249 106871 138353 111559 144893 108140 140072 108935 140866 110153 142491 110984 143735 111681 145015 111090 144302 110777 143556 111279 144540 111058 143717 112823 146291 111405 144538 110339 142826 111363 144477 110936 144104 110113 142968 102114 132572 111712 144836 111424 144461 111096 144258 111078 143930 111827 144468 110564 143141 792
112668 145845 112112 145480 112338 145589 107706 139801 106748 137752 110828 144011 111137 143737 112471 145463 112930 146306 112789 146203 111835 144969 112494 145567 111274 143700 109762 142558 110430 143260 112411 146106 112635 146217 112076 145120 112463 145562 113381 146648 112778 145871 113522 147275 112245 145104 113351 147045 113433 146534 101659 131785 111941 145191 111290 144264 112375 145657 112546 145855 112704 145881 112790 146220 113776 147523 101926 131930 110644 143581 110723 143756 113442 147370 113130 146539 113649 147557 111687 144775 113957 147435 111984 145243 112258 145439 111606 144813 110456 142610 112633 145683 113118 146746 112935 146663 112136 144855 111718 144954 113189 146422 85504 111067 111996 145050 114308 148276 112699 146205 112442 145636 112062 145334 111578 144536 111770 144792 112986 146314 113693 147861 112623 145803 114411 148738 113160 146619 113593 147522 111770 144863 112360 146127 112278 145525 112311 145882 110017 142411 111305 144469 111327 143996 113044 146298 111262 144147 112144 145590 112087 145551 113184 146771 110823 144029 111903 145170 111561 144580 112163 145456 113173 146866 113703 147331 112958 146495 112568 146083 113360 146930 111698 144669 113136 146650 112111 145363 113600 147124 112708 146206 112698 146239 112953 146331 112829 146229 112416 145488 111272 143946 112238 145518 111618 144686 112924 146593 109636 141953 790
113458 147259 111542 144354 112209 145050 112918 145820 108649 140695 107006 138700 112084 144649 84956 110108 110603 143303 112351 145831 113792 147777 112482 145765 113194 146651 108747 141000 113586 147660 109041 141135 113951 147697 112836 145816 112844 146116 110539 142885 112468 145711 113868 147209 112531 145987 113541 147759 113040 146614 113726 147184 112279 145397 113423 147060 105567 137090 113521 147108 112588 146099 112959 146610 114419 148256 112954 146578 86644 112222 113547 147555 112869 146130 114634 148835 112259 145387 112554 146005 114044 147771 112056 145192 114536 148566 105660 137000 114635 148605 111714 144606 111126 143798 111656 144541 113475 146918 113984 147942 113156 146355 111810 144795 112449 145653 112871 146248 113090 146810 113780 147752 112696 146020 113863 148045 112138 145413 113136 146616 112912 146082 113632 147577 112595 146056 114354 148225 112685 146267 112591 145665 113346 147187 112504 146080 113780 147790 113616 147554 110547 142942 113842 147381 113979 147567 113289 146834 113823 148010 110389 143223 113484 147278 114715 148989 113173 146724 114917 149071 114153 148099 112138 145436 113123 146720 112961 146619 113054 146406 112573 145896 113355 146999 111089 144183 113906 148067 107549 139435 112972 146432 113489 147426 112772 146138 86434 112043 112584 145671 112546 145751 110174 142912 113777 147324 112617 145727 111814 144709 901
114554 148373 103591 134010 113833 147501 114296 147756 113447 147190 115142 148661 113935 148048 115933 150724 114030 147688 114943 148984 111413 144039 112053 145322 113410 146904 114275 148153 111144 143748 113084 146742 101855 131951 115227 149387 115752 149947 114143 148030 114558 148761 114575 148117 114775 148772 113995 147796 111526 144306 114674 148507 114412 148374 114282 147725 110729 143548 114699 148628 114292 148672 112208 145350 108680 141011 110029 142539 107135 139056 113648 147298 113319 146791 113384 146974 114287 148392 86606 112274 113928 147401 113283 146050 101606 131815 112556 145839 114386 147888 114378 148423 115442 149870 111176 144210 114859 149331 112385 145710 114503 148037 107456 139433 114207 148469 114220 147861 114445 148484 114436 147654 114417 148031 114060 147440 114053 147880 112940 146246 116538 151028 115218 149374 111871 145452 114735 148732 113702 147530 115728 149833 112936 146095 112723 145963 115105 148590 114880 148837 113677 147487 113704 147337 113255 146964 114724 148444 114431 148333 113659 147018 114559 148572 102391 132494 113220 146826 113155 146719 113913 147586 114845 148352 114552 148812 114797 148695 114326 148230 113633 147427 115185 149441 112341 145495 114025 147784 113812 147302 114909 148923 114496 148200 114420 148321 114393 148340 114314 148283 114784 149184 114379 148219 114850 148731 114251 148054 114128 148410 677
115188 148784 113234 146644 114292 148310 114119 148191 114203 147969 114710 148765 116283 150689 113619 147276 114746 148048 114650 148721 115303 148894 101333 131199 115247 149267 114522 148646 115307 149396 114708 148662 114729 148775 115694 149846 112171 145199 113319 146502 105169 136186 113592 147669 114273 148036 115242 149187 116382 150746 116472 150873 114856 148353 115937 150081 114580 148485 115121 148862 114784 148528 114916 148838 114667 148666 114821 148339 115198 149938 115075 149233 114738 148873 115065 149243 114451 148388 115482 150113 114936 148969 114639 147979 113683 147231 115869 150675 115224 149269 113969 147684 115957 150454 113909 147703 114340 148330 114775 148098 115000 149171 113315 146750 115719 150076 113299 146985 115107 148787 111715 144672 112742 145997 116287 150445 113771 147313 115223 148753 114686 149065 111302 144077 113801 147826 113802 147268 114254 147997 115380 149016 112641 145826 113786 147679 113964 147856 113610 147151 114138 148214 114496 148452 115298 149487 114484 148016 115298 149875 113466 146990 114792 148667 113971 147783 117023 151587 113669 147531 115593 150033 114872 148510 113506 147121 114904 148818 113665 147336 115116 148654 86140 111466 115426 149472 115763 149949 115612 149772 114956 149246 115150 149233 114601 148248 115432 149888 115646 150246 111787 144840 115250 149341 114627 148735 114365 148206 110376 142917 900
115360 149520 115937 150226 116417 151390 115237 149180 114380 147855 114407 148513 114818 148543 114773 148673 114297 147954 112613 145444 86838 112530 114821 148596 116573 150995 116020 149868 114546 148796 115365 149369 115937 150241 117125 151881 112750 146129 116920 151426 116279 150871 113388 147098 115425 149502 114284 147900 105236 136279 115512 149812 115504 149868 115793 150071 116690 150775 115411 149761 115835 150353 113638 146974 105617 137025 116219 150752 116585 151255 116037 150539 115896 150044 115561 149796 117793 152519 116110 150364 115422 149972 114108 147827 115909 150401 115594 149757 115337 149210 115644 149791 114454 148303 115668 150026 114888 149067 114222 148202 115986 150716 114870 148687 115371 149129 115318 149392 115577 149746 116043 150786 115487 149744 115512 149627 111222 144032 115832 149515 116641 151292 114452 148169 114888 148741 115264 149330 114282 147907 116631 151066 115687 150287 110749 143350 109413 141725 115439 149446 116359 150908 115197 149381 115146 149404 114561 148295 116541 151256 115167 149077 115822 150120 103833 134495 114914 148822 116186 150708 115938 150168 110114 142687 116207 151010 116354 151108 115940 150360 114581 148443 115442 149951 116263 150589 116483 150899 115181 149479 114089 147557 114916 148419 116714 151189 115536 149389 116204 150648 115042 148843 116516 150851 115472 149660 116142 150799 116356 150702 689
116139 150490 117207 152319 116878 151527 116039 150198 113983 147785 116246 150369 114110 147545 114703 148526 113608 146977 115401 149697 116369 150832 116707 151120 117412 152102 88904 115038 116534 151187 117113 151197 117348 152001 116597 151133 116164 150251 116006 150172 118173 153452 115985 150216 117486 152287 115677 149584 116297 150553 114376 148206 117193 151425 114938 148843 117445 151839 116186 150141 117043 151613 116593 150958 117079 152098 116757 151035 111535 144782 117255 152047 113762 147255 114737 148684 113693 146650 115331 149321 115147 148941 115594 150072 114975 149412 116791 151308 114564 147862 117932 153235 117536 152591 116716 151616 114211 147876 117239 151926 115344 149185 116784 151572 115599 149222 117493 152682 116831 151752 116850 151266 115431 149274 117006 151817 115660 149791 116603 151100 117303 152176 116505 150968 116140 150084 103313 133831 116141 150323 116743 151277 116183 150647 113119 146756 116726 150989 114000 147674 116244 150623 116381 150797 113779 147525 101359 131366 117674 152746 114933 148997 116742 151159 116984 151820 116090 150345 115613 149817 115970 149956 116653 150893 114870 148975 114442 147832 117066 151630 114505 148100 115817 150128 115597 149728 116132 150403 117555 152580 115814 149894 117131 152010 114635 148453 116555 150692 116081 150392 112893 146313 116387 150436 118196 153658 112662 145911 117039 151735 923
117464 151757 104991 135674 116744 151061 116487 150793 116880 151288 116482 151049 114607 147797 116560 151203 89146 115424 116457 150899 117664 152552 116316 150714 117013 151284 114470 148352 117891 152585 115599 149945 115594 149195 117830 152984 117001 151305 116469 150240 114204 147725 116512 151063 117608 152270 118485 153637 116482 150826 107719 139817 114146 147775 117115 151968 117515 152324 117237 152073 115948 150525 112388 145495 118524 153741 116630 150785 114622 148370 118390 153676 117207 151846 117458 152370 116841 150990 117517 152340 116281 150419 118127 153034 117771 152662 117526 152358 117491 152124 116355 150516 116221 150285 117119 151888 116766 151278 117333 151464 116786 151265 118035 152959 117759 152396 118172 153048 116424 150907 117332 151987 116394 151158 116193 150365 117767 152406 116666 150937 117551 152756 117516 152306 116882 151370 117940 152865 115246 149030 116426 150936 117209 152073 89540 116161 114854 148838 117749 152817 118490 153328 117422 152422 117636 152784 118669 153835 115271 149271 116402 150631 117560 152320 116007 150570 117501 152073 114912 148838 117402 152026 116744 151341 117802 152893 117515 152656 117813 152721 116863 151502 117458 152478 115024 149200 116744 150530 118093 153127 118192 152858 106573 138219 118344 153056 117863 152646 115988 149963 117633 152075 117043 151665 116141 150438 116722 151149 109146 141563 846
119135 154736 108063 140049 118462 153816 118651 153497 119218 154367 118920 153792 117172 151864 117950 153138 118273 153110 116652 151101 118140 153177 118646 153945 115776 150399 117353 151819 119133 153833 89069 115029 117536 152472 114721 148585 118785 154094 116524 150668 106886 138272 120008 155278 118016 153147 118247 153219 117148 151955 118034 152676 118602 153709 118406 153320 115131 148785 119160 154786 118247 153075 115431 149488 118519 154006 118265 153212 117326 152303 117952 153113 119143 154744 119724 155088 118343 153258 116776 151613 116395 150476 118435 153576 118543 153763 119232 154397 112730 145980 118073 152598 115864 150139 118521 153273 117577 152091 118206 153209 118355 153657 116047 150245 119422 154929 78826 102308 119176 154726 116772 151298 118208 153300 119570 155012 117942 152852 115789 149863 119165 154415 118874 153751 119190 154532 118562 153653 118616 153558 118540 153314 118684 154379 112987 146611 118708 154280 118062 153253 114734 148360 118532 153482 116512 151064 116029 150580 118614 153979 118353 153607 119477 155244 118145 153257 116360 150258 119328 154914 119409 154785 117524 152424 118332 153151 105228 136309 118961 154197 117708 152240 116829 151528 115700 149646 116035 150443 117832 152421 90088 116658 118860 154058 117396 152131 117195 151766 117615 152506 116301 150410 117764 152281 117296 152041 117524 152519 118877 154243 829
119031 154356 118695 153791 120080 155557 117449 152545 119883 155344 120419 155993 119875 155546 119312 154473 119087 154397 118459 153706 120261 156014 119266 154479 120150 155598 118551 153536 119560 155280 117113 151598 117165 151928 108199 140130 118425 153730 117968 152691 119841 155889 116740 151414 91323 118449 117662 152479 119593 155325 119615 155059 119277 154734 118554 153150 119561 154772 119516 155350 119463 154837 118002 153092 119169 154165 118365 153156 106971 138237 118051 153025 119166 154536 116658 151309 118499 153836 90993 118005 119270 154513 118836 153748 119300 154784 118916 154083 117950 152526 118392 153532 117722 152557 119496 154833 120517 156271 113891 148133 118478 153784 118484 153445 119069 154291 120292 156072 119175 154046 118827 153627 112225 145137 119484 154798 117930 152653 120156 155531 116338 150868 118141 152806 118962 154185 118837 154146 120261 155948 118215 152952 107576 139358 118164 152928 118430 153267 120030 155550 117894 152783 118263 153255 118596 153288 119999 155896 117139 152107 120929 157098 120101 155744 119037 154531 119343 154603 119795 155462 118924 154725 118995 153721 110366 143031 116191 150481 118054 153033 117944 153149 118977 153633 118319 153382 117888 152621 119503 154993 118880 154279 110500 142986 115773 149819 114607 148222 118517 153700 116942 151593 117685 152449 118644 153676 119246 154864 117802 152200 753
118825 153908 117402 151763 118802 153622 118792 153634 119442 154508 119640 155340 120181 155704 119510 155129 120041 155842 120713 156391 114969 148719 120104 155529 118974 154192 119363 154832 115867 149902 121008 157075 120235 155908 118967 154317 119794 155784 119928 155492 119147 154006 119619 155364 119489 155114 121169 157058 118786 153868 118776 153740 118825 154083 120623 156653 118901 153788 119679 155407 118035 152829 117829 152679 119240 154585 120315 155788 121474 157301 120170 156003 111325 144254 120315 155887 119201 154350 120001 155368 120781 156583 119863 155493 119634 154909 120292 155991 120881 156747 120402 155682 120198 155349 120296 155915 91337 118533 117777 152194 119532 155132 120428 156256 117883 152576 118000 152559 118508 153721 117390 151957 119406 154717 119898 155776 118059 152659 118267 152997 120670 156330 119603 154867 120816 156619 117949 152939 119468 154525 120382 156034 120371 156418 120486 156322 120735 157020 119780 155147 120134 155964 117956 152694 120027 155442 120591 156321 121046 156397 119626 155081 116218 149996 112545 145473 120457 156481 120097 155654 119138 154612 120914 156775 120734 156469 119275 154665 120283 155583 119775 155161 120712 156489 118432 153194 119893 155442 118163 152797 117689 152376 118368 153069 119791 155283 120330 155747 118334 153681 119878 155639 119300 154421 118109 152626 120015 155547 118972 153981 947
119400 154973 118282 153466 119887 155508 119504 154631 119272 154493 118859 154003 120066 155323 114717 148551 120459 156088 121819 158272 119673 155114 121258 157514 119325 154592 119946 155387 120104 155958 119714 155328 104034 134477 119761 154790 120562 156509 118083 152825 120297 156172 120849 156755 121260 157440 120565 156204 121399 156986 119673 155250 122437 158991 121200 157062 121095 157114 120760 156570 119102 154222 121435 157671 119993 155393 120488 156355 119192 154384 120701 156511 121124 156441 121141 157006 120716 156862 116398 150561 119629 155240 121098 157124 121103 157000 121513 157718 120029 155429 121504 157613 121204 156874 121387 157257 120615 155984 121456 157323 120185 155887 120256 156209 119020 154267 112846 146365 121129 157151 119947 155057 121718 158103 120930 157087 122068 158189 120880 156329 121583 157820 119838 154804 120981 157007 121005 156279 107365 138836 121107 157241 120923 156669 120861 156796 120399 156046 119279 154584 121213 156774 120878 157080 120985 156980 121632 157307 120786 156261 120413 156412 120401 156146 120667 156600 120675 156580 121060 157053 119654 155179 117632 152496 121911 157766 116332 150627 91960 119194 119773 155192 121044 157237 121545 158094 120088 155584 108954 140941 109055 141131 121757 157548 118599 154001 121450 157178 119641 155287 121578 157673 120811 156229 117846 152828 121720 157421 120927 156813 866
120781 156458 121612 157679 122583 158828 120004 155894 121079 157200 121355 157183 120707 156630 120348 155812 120245 155780 122193 158389 121040 156997 120939 156658 122824 158923 121356 157509 122607 158495 122317 158390 121055 156335 120906 156543 120347 155747 119482 154747 121725 157659 121998 158231 121101 157092 121139 156851 121453 157287 121841 158188 121093 157115 120944 157047 122359 158776 120350 155699 120536 156284 121591 157586 121898 158113 122142 157967 121874 158101 120755 156600 115281 149161 122665 158857 108065 139515 122010 158272 120248 155649 120785 156299 121939 158161 120325 156063 121725 157523 122446 158772 119083 154632 120839 156970 121845 158136 121146 156840 121167 156972 120653 156028 120896 156622 120095 155624 122727 158704 121618 157598 121256 157053 120995 156474 122160 158627 120576 155609 122058 158315 116167 150657 121585 157902 121907 158330 121010 156850 121437 157440 120645 156355 121141 157008 120336 155595 121637 157649 122322 158382 118366 153243 121086 157034 119849 155092 120902 156749 122187 158041 121160 157183 120357 155818 121742 158014 121803 157917 121602 157623 121149 157174 120486 156288 120119 155586 121456 157445 120897 156541 120374 156262 121371 157611 121514 157723 121193 156724 121108 156988 120753 156989 121961 157955 121803 157721 122603 159007 121231 157122 119842 155024 121674 157926 119703 154734 122651 158903 878
121328 157093 120219 155690 121863 158212 122336 158637 122234 158273 123029 159512 120680 155879 120952 156562 122266 158327 120941 157036 120433 156398 121458 157313 121739 157914 121923 158177 120539 156421 122387 158849 121879 158065 122687 159325 123126 159917 120295 155579 122998 159246 123290 159683 122904 159589 121098 157051 121920 158173 121788 157514 120214 155991 123131 159196 122431 158779 122301 158128 122269 158272 117812 152999 122887 159442 121283 156845 122047 158245 122443 158554 121452 156994 119920 154845 119768 155246 116902 152002 120808 156704 122429 158934 117988 152911 123589 160322 121702 158069 119945 155429 122061 157577 123351 160056 122286 158558 122097 158593 119579 155066 122050 158018 122722 158820 122909 159335 120915 156498 121796 157492 122526 158374 121062 157127 120073 155487 122033 157631 121043 156814 121129 156781 123226 159673 121801 157696 120171 155785 120783 156582 120779 156262 118968 154244 122583 159092 121386 156990 121808 157721 122168 158403 122236 158502 121251 156889 119949 155339 122082 158598 121631 157244 123217 159411 122803 159281 120420 155929 118544 153651 116502 150533 122148 158426 122608 158633 122027 158035 117688 152269 119387 154659 122335 158601 121349 157611 122206 158163 119536 154827 122215 158390 122976 159670 122172 158372 122418 158431 122684 159616 122269 158564 120824 156542 122389 158860 122953 159438 814
124102 160962 123342 159441 121844 157902 123429 159525 123004 159933 122391 158617 122800 158881 122356 158977 123395 159980 123644 160405 124208 160635 124581 161314 122793 158651 118053 152930 123217 159636 123115 160126 123672 159776 122982 159620 118476 153199 123165 159768 121970 157480 122737 158570 122990 159241 123166 159347 123848 160631 123856 160345 123930 160981 122667 158889 120743 156601 121247 156757 122922 158921 123234 159580 92162 119601 123377 159943 124184 161083 122926 159451 120736 156063 122965 159632 124319 161582 124467 161206 122323 158702 122784 159243 122379 158913 122282 158526 121551 157417 122380 158666 122330 158854 121873 158222 120318 156064 121606 157270 123138 159968 120930 156533 122895 159293 123023 159853 119674 154960 120489 155751 124027 160849 121493 157411 122588 158652 122292 157933 123437 159737 123224 159659 123448 160599 120964 156928 110883 143837 123463 159938 124025 161287 123854 160057 117137 151757 123913 160943 117786 153035 122226 158501 123179 160016 122151 157709 122500 158551 123463 160012 122670 158782 122279 158557 116366 150687 123201 159052 121447 157166 121917 157813 123513 159997 123547 160575 124004 160916 122419 158423 122924 159129 121713 157250 123075 159184 123820 160597 121612 157461 122111 158375 110531 142906 111592 144525 123116 159825 123508 160345 122287 158424 120397 155545 123042 159461 117912 152822 970
123028 159211 122695 159104 111945 145027 123816 160132 124174 161096 124743 161780 124436 161078 123214 159769 123485 160147 124133 160642 124555 160706 123065 159246 124071 160812 120767 156326 93666 121302 121645 158068 123335 159460 123025 159560 122546 158348 122795 158686 123748 159907 123966 160263 118895 154216 124314 160740 124446 161728 124332 160882 122888 159053 121034 156819 122566 158863 124522 161603 123763 160245 121671 158140 123946 160577 125702 162615 123862 160380 123413 159946 124356 161428 124330 160871 122541 158467 122661 158657 122245 158118 124999 162645 124004 160903 124045 160832 124042 161261 124672 161475 121701 157619 123399 159928 123039 159372 123624 160169 121736 157811 120530 155532 123216 159262 117311 151860 122003 157783 119295 154316 123754 160382 125656 162481 123820 160705 124230 160586 123876 160495 124305 161326 115916 150092 124692 161581 123291 159760 123779 160704 124924 161749 124389 161332 124102 160465 117669 152502 122354 158043 124069 160438 124697 161444 123321 159503 122660 158869 123653 160527 124807 161988 122786 158772 121480 157563 123720 160378 124946 161531 122668 158750 119978 155327 123943 160819 123496 160121 124462 161053 124255 161438 123135 159813 123814 160671 123107 159442 123792 160560 124405 161594 124808 161655 123871 160806 120967 156709 121344 157156 123400 160080 124724 161755 123661 159691 124725 161812 888
123234 159346 122673 158909 125337 162271 124400 161267 123460 160020 125048 162254 124388 161479 124428 161406 123053 159530 124331 160666 124300 161142 123919 160702 124795 161335 125900 163469 120917 156620 124524 161430 125576 162139 124120 160685 123724 160152 124888 161462 123031 159345 124500 161345 123828 160249 125390 162508 122683 159134 123154 159554 124810 161888 124263 161001 123893 160864 125083 162162 121487 157435 118752 153937 122555 158654 124787 161599 121823 158128 124578 161584 124582 161534 123702 159813 124307 160982 125399 162360 124687 161593 123411 159922 124430 160740 94839 122737 125684 162757 124658 161356 122346 158652 124316 160958 124131 161083 121946 157862 124701 161693 124937 161706 125984 163423 120168 155509 112231 145409 125696 162953 125151 162058 125422 162821 118504 153705 122389 158421 125134 161901 124215 161057 124907 162273 124793 161372 125033 162600 123206 159215 124494 161240 124691 160995 125477 162690 124281 160926 123707 160394 122745 159451 125292 162460 124053 160948 125122 162355 119490 155276 122231 158018 124726 161606 125522 162775 110238 142817 112847 146301 123638 160124 124218 160463 125056 162107 125250 162505 124711 161521 124100 161049 124388 160520 124382 161502 125770 163167 121160 156456 124646 161210 123895 160478 123392 160096 124299 160992 125395 162816 124224 160716 121873 157927 122348 158537 124593 161511 889
124057 160775 123597 160050 125668 163303 125614 162847 125508 162944 124956 162236 125765 163161 126033 163705 125566 162383 125664 162893 125843 163452 124525 161456 124882 162065 124236 160978 125569 162889 126033 163468 123977 160461 124803 161622 124387 161518 124485 161610 124932 162122 125802 162525 125553 162859 126562 164281 126452 164298 125414 162079 123304 159438 125520 163104 113278 146374 125746 162848 124348 160742 123870 160037 126250 164086 124883 161755 127369 165141 123725 160355 122483 158634 125295 162707 125477 162309 124623 161837 124992 161359 125486 162875 125278 162384 125439 162556 117364 152117 125595 163071 120749 156376 126069 163579 126645 164594 124321 161197 124885 161827 112830 146160 126275 163640 126156 163776 126242 163413 125642 163160 126086 163976 125220 162365 126680 164192 124257 161131 125782 162595 125318 162345 125250 162252 125032 162217 123455 159468 125687 162845 124438 161277 124182 160139 122842 158920 125621 162766 125711 162437 124699 161065 126117 163884 123813 160460 125868 163699 123644 159754 126176 163646 123697 160411 126212 163570 122745 158728 125471 162372 126955 164275 126108 163579 125848 163320 124398 161382 125725 162948 126243 163261 125060 162254 126044 163293 123999 160891 124357 161278 126462 163819 124459 161073 126054 163423 125006 162053 123597 160185 125264 162276 126095 163478 123692 160386 125178 162250 893
125029 162181 125804 163194 123759 160312 127071 164875 126311 163711 126523 164294 127140 164838 124722 161697 126018 163282 126615 163716 123040 159667 126396 164244 125273 162427 126915 164956 125968 163165 124764 161832 126554 163829 123698 160036 127348 164877 125929 163379 124610 161176 126378 163917 125595 162505 127212 164961 125706 162667 123482 159496 126328 163689 126246 163814 128209 166137 125538 162718 127087 164972 125153 162289 126669 164459 126245 163137 127024 164390 124739 161892 123513 160214 125718 163033 126338 164132 125199 162225 127877 165823 96716 125590 126407 164237 120722 156193 126078 163420 125845 162506 125196 162189 118876 153906 122999 159200 127022 165060 96355 124856 127574 164918 124724 161566 127005 164635 124450 160820 126514 164164 127301 165504 125138 162124 124005 160649 125151 162100 126186 163709 126886 164576 126809 164213 127271 164972 126714 164040 127900 165690 126090 163288 126928 164818 124923 161449 127037 164439 125765 162626 125729 162962 125786 162817 119577 154553 126199 163253 126751 164227 127360 164906 127029 164863 126095 163682 127411 164941 126854 164172 127722 165709 125617 163073 126040 163119 125189 162312 126637 164095 125574 162791 124886 161831 126189 163846 125638 162601 111283 143887 125691 163082 125680 162563 125692 162988 125960 163520 126012 163103 126730 164474 121762 157896 127213 164863 124017 160561 925
127403 165382 127572 165013 127723 165063 127872 165784 127112 164257 124122 160569 126990 164538 126371 164204 125162 162431 127440 165658 126775 164301 126820 164432 127475 165510 127374 165128 128581 166185 126691 164378 126226 163890 127840 165813 127456 165509 126417 164060 114142 147987 127100 164849 127779 165678 125667 162832 118094 153121 126785 164271 126183 163462 127803 165436 126460 163482 90738 117531 127067 164617 127659 164989 126176 163742 127342 164663 127958 165789 121886 158310 125706 162962 125971 163010 125742 162909 126199 163989 127421 165538 125073 162067 127941 165833 127994 165847 126883 164140 125702 162930 127492 164995 127782 165891 126206 163728 128422 166236 127916 165796 124196 160476 126128 163163 127590 165351 127246 165311 127410 165165 127486 164861 126378 163717 128533 166223 122284 158445 125276 162389 126898 164648 126942 164487 127094 164496 127706 165584 124427 161101 126993 164816 127621 165821 127417 165461 126642 163853 128406 166538 126721 163631 124979 161900 127731 166122 128265 165994 128610 166794 126902 164598 126420 164511 126486 163999 126236 163624 125229 162027 127727 165523 123588 160172 127372 164849 125866 163033 127186 164632 127665 165638 126180 163279 127607 165506 128756 167058 125802 163215 126469 164218 129255 168055 127662 165106 126005 163656 127040 164969 126653 164026 119834 155090 125987 163376 126703 164141 921
128278 166253 127142 164359 127365 164486 126996 164954 127731 165521 127543 165639 126251 163588 126557 163834 128614 166911 123848 160298 127889 165528 126460 163899 122080 157918 127507 165079 127953 166334 122474 159059 124305 160926 128654 166643 126893 164037 128793 166948 127023 164623 128527 166814 128178 166141 124060 160975 128072 165990 124397 161010 128169 166461 125189 162316 128529 166679 127423 164946 125867 162672 128953 167236 125121 161901 127442 164676 127540 165223 128305 165693 125083 162276 128888 167253 124916 161867 128799 167089 126521 164042 124792 161310 127032 164835 127456 165527 126393 163891 128072 166056 128073 165994 96938 125769 127599 165592 127090 164936 128193 166055 129226 167644 127259 164562 128033 165530 127779 165954 126987 164899 127446 164786 128485 166700 127962 165902 127320 164849 127896 165443 127829 165732 127021 164407 126214 163131 125780 163330 127881 165723 126758 164523 127099 164638 121567 157212 129109 167276 128146 166063 128777 167212 113915 146942 128600 166946 126344 163829 128265 166346 127661 165511 126296 163216 127714 165366 127445 165113 127508 165741 128275 166204 129599 168146 127431 165720 127483 164960 126579 163664 126852 164136 120971 156691 125027 161971 127577 165346 126714 163997 126986 163907 127496 165379 116079 150478 128609 166262 126845 164380 126948 164346 127552 165628 127556 165607 127873 165348 910
127093 164220 128861 166990 128639 166386 130026 167769 129198 167363 128199 165722 129295 167723 128146 165975 127911 165772 127040 164589 127890 165521 129461 168267 128509 166450 128428 166485 130538 169245 129868 168519 127413 165020 126733 164607 128072 165429 129529 168386 126961 164534 128674 165995 129269 167839 129350 167939 128901 167031 127350 164911 127690 165782 124105 161089 128304 166288 127791 165572 128745 166886 128725 166653 127784 165718 128624 166752 129709 167990 126140 163200 127961 165707 130815 169712 128701 166261 129389 167834 129505 168087 128853 167086 98324 127577 129088 167447 129620 168279 128198 165997 128118 165993 128677 166547 127297 165168 128325 166030 128578 166736 128704 166616 130321 168605 128058 166113 128035 166084 128999 167107 128085 166049 126663 164002 131041 170181 128810 167108 128195 166345 127259 164828 127569 165415 129805 168352 127119 164252 128882 166935 129368 168186 127545 165225 128611 166854 127807 165303 127560 165393 129546 167680 127646 165504 127991 165809 128058 166069 128758 167118 126959 164317 127583 165298 128415 166322 130727 169195 129189 167490 126236 163563 129338 167714 129098 167789 127098 164824 126462 163784 129097 167339 126832 163835 127802 165670 128529 165831 129402 168042 130036 168691 128258 165806 128293 166143 126960 164186 129780 168230 130456 169554 129338 167707 125412 162260 127308 164873 948
126797 164173 128897 167131 129679 168063 129466 167358 128276 165878 130228 168717 129037 167047 129797 168396 129606 167735 129361 167753 126373 163503 129729 168061 127228 164957 129514 167994 128130 165954 130763 169581 129316 167697 129506 167753 129973 167957 129330 167274 129902 168104 129881 168387 125336 162344 128901 166634 128217 166280 127747 165519 114988 148640 129780 168574 129456 167210 130281 168924 128215 165888 128768 167057 129425 168021 128153 166214 129053 167097 130402 168658 128505 166489 128702 166800 128308 165992 128454 166681 130501 169385 129020 167266 131147 169869 124507 161611 128957 167226 130088 168996 129009 166888 129552 167581 130280 168394 129987 167773 122208 157923 128927 167252 124129 160766 129421 167959 130991 170326 128485 165916 129063 167640 128379 166159 129341 167832 129803 168293 127939 165941 127695 165506 128124 166396 129793 168849 130328 168869 129948 168846 128088 165842 129311 167900 129584 167945 129245 167525 130932 169456 128590 166681 128521 166308 127015 164546 130341 168530 129533 167835 128754 167001 123117 159595 129346 167521 129688 168006 129433 167630 128016 165998 129675 168182 128882 167344 128792 166740 126360 163504 128421 166179 129333 167571 130518 168976 129783 168424 129372 167343 129364 167879 127432 164876 131442 170305 127256 164816 129276 167365 129422 167953 129400 167494 129582 168153 128123 166030 929
130989 169672 131549 170284 128700 166834 130164 168895 130318 168791 131107 170158 131649 171133 129916 168147 130123 167994 129692 167888 131102 169666 130469 168543 131357 169958 125462 162241 127266 164608 130116 168579 124111 160856 127055 164151 130748 169901 130855 169335 130553 169564 129022 167485 128273 165865 130118 168350 130842 169210 128158 166098 129586 168088 130132 168337 131675 170475 129483 167941 130136 169149 131020 169758 130946 169862 128710 166655 130166 168762 128550 166898 130751 169497 129785 168532 129106 167190 131433 170783 130154 168446 126863 164511 130634 169322 131344 170239 128008 165605 130068 168759 131189 170132 123695 159884 130640 169199 130609 169261 129829 168078 130266 168809 131726 171013 129751 168629 130324 168529 131052 169902 131084 169496 129766 168117 131052 169875 131144 169834 130816 169388 128829 167023 128481 166264 129328 168127 130595 168903 129712 168269 130322 169000 130447 169025 130434 168941 130879 169463 130150 168992 131095 170075 128802 166725 128403 166549 128951 167272 129576 167443 129920 168147 117571 152371 130111 168628 132234 170801 129648 167726 129765 168254 130339 168939 131616 170431 131324 170577 131023 169791 127845 165511 129769 168041 128077 166134 126624 163730 129191 167179 130778 169811 131041 169427 130344 169052 129785 168051 129589 167979 129454 167712 129685 167636 116416 150845 130113 168370 910
131058 169695 130046 168100 128857 166941 132897 172607 130257 168824 124390 160974 130165 168539 132448 171156 131743 170959 131501 170488 130946 169725 131745 170913 99343 128424 131652 170632 130850 169189 131275 169807 125035 161606 126418 163871 131456 170800 131024 169663 130496 169469 124224 160836 127297 165086 130825 169160 130322 168483 131993 171133 129702 168318 128633 166646 127939 165608 132074 171157 131613 170835 131017 169625 128918 167042 129139 166836 129393 167373 131281 170086 130121 168627 129612 167399 129751 168529 118797 153934 129443 167238 131836 171153 132331 171510 132471 171962 132585 172154 129151 166808 129566 167655 131408 170515 131585 170528 130198 168715 130950 169213 131053 170071 131400 170303 131303 170307 132163 171254 131057 170079 130344 168870 131319 170206 131612 170792 130862 169324 131252 169697 131563 170301 131636 170564 124136 160665 131954 171382 132006 171463 131210 170153 132680 172033 130527 169163 133148 172395 129288 167740 130273 168814 131647 170192 130913 170081 132582 172119 131155 169452 131803 170530 130773 169355 131406 169865 132149 171128 131505 170312 131028 169787 131172 170406 125803 163475 130121 169098 131371 170160 131726 170900 129587 167944 129800 168542 119132 154512 130618 169509 131781 170904 124810 161793 132255 171619 129510 167977 132102 170973 131388 169620 131811 170922 119611 154618 130355 169075 994
132076 170824 125736 163205 132050 171102 131740 170670 128392 166331 130540 168650 133008 172696 125453 162574 128189 165812 130777 169310 132549 172094 119024 154081 133809 173489 129586 167822 130111 168376 123422 159747 133164 172511 130847 169742 129636 167723 129434 167862 132293 171463 132775 171860 129461 167878 132717 171824 129324 168105 132512 172067 132295 171436 131917 170940 132027 171074 130185 168912 132262 171548 133136 172875 132103 170761 130932 169886 132426 172065 130489 169087 132673 172332 131296 170386 133675 173608 125128 161686 133014 172562 133466 172635 132422 171976 131439 170122 126153 163549 132232 171185 133545 173239 132505 172033 128742 166141 127474 165228 130682 169146 129670 167732 131008 169709 131247 169931 131842 170598 130240 168439 130974 169768 131500 170474 131442 170142 129248 167652 129931 168500 131410 170126 131706 170561 132771 171977 131895 170722 132668 171764 132297 170688 130052 168468 132578 171939 130953 169978 132107 171338 131325 170245 131038 169692 128514 166580 132398 171803 129776 167993 131279 170072 130119 168460 124865 161573 131366 169824 118039 152799 117742 152590 100433 130001 132639 171929 132899 172542 131863 171114 131413 170182 132536 171179 132586 171802 128027 165849 133201 172550 131169 169692 132982 171872 125100 161687 131205 170276 131976 170226 131921 170924 131824 170905 131758 170839 126532 164071 950
132771 171938 131763 170727 132820 171875 132521 171593 132890 172414 130043 168735 120615 156684 133006 171997 133575 172710 133612 172981 132907 172248 132294 171592 134007 173930 134270 174112 133369 173360 133729 172706 129504 167573 132704 172160 132179 171310 132398 171718 131949 171013 131629 170860 133049 172599 132076 170767 130518 169586 133479 172787 132316 171201 132254 171874 132535 171974 132246 170863 132910 172424 131813 170378 132553 171333 119940 155400 132236 171542 135407 175704 133408 172317 132624 172177 133113 172677 132796 171606 131443 170549 131452 170410 132335 171555 132140 170603 131668 170227 132949 172780 132112 171388 132857 172672 133652 173667 131444 170675 132530 171986 132633 171649 130417 168504 132297 171773 133194 172866 132862 172357 132946 172379 131139 169396 131617 170296 132581 171801 132497 171249 133092 172769 132275 171513 127183 164633 133720 173195 129195 167300 131278 170264 130627 169648 132718 171912 131829 171043 131549 170583 132518 171535 129467 167189 132669 171972 132026 171544 132572 171198 131794 170502 133025 172479 133016 172871 130329 168707 132991 172012 132998 172275 133279 172768 131826 171048 132568 171379 132216 170856 130259 168990 131360 170419 131605 170526 131998 170907 133418 173013 133200 172103 131725 170589 133347 172711 134751 174455 134114 173813 131185 169904 133849 173704 133047 172421 132124 170986 769
133090 172600 132071 170860 133027 172323 134119 173956 129867 168517 132832 171936 132496 171278 134641 174587 132909 172391 133597 173359 133579 172838 101048 131038 121352 157310 133106 172445 133036 172339 132037 171184 134478 174314 133192 172711 133558 173336 133829 173613 131762 170545 131016 169250 133210 172800 128945 166959 130647 169257 132332 170986 133461 173092 134496 174061 132744 171834 133872 173767 133864 174226 132930 172669 127400 165115 131278 170215 134279 173831 133345 172830 134115 173991 133290 172919 132700 171966 131018 169110 131410 170459 134008 173419 133765 173481 134175 174137 133771 172586 127154 164252 127508 165032 101700 131620 120658 155954 132130 171031 135227 174884 131331 170202 133110 171989 128312 165906 131571 169771 134780 174782 134109 173544 132813 172394 129774 167750 133503 172851 133361 172541 133649 173542 133618 173169 133058 172462 133677 173703 134635 174419 134381 174112 133505 172545 134854 175076 134221 174556 134560 174735 134320 174010 134526 174539 135743 176327 131146 169909 132538 171722 133480 173292 133198 173111 134482 174486 134308 173907 131826 170820 131763 170791 120125 155624 134325 174028 133283 172481 134033 173645 132795 172177 134787 174791 134403 174067 132879 171951 128066 165796 134598 174874 133364 173019 134581 173698 120386 156216 129677 167751 134919 174697 134770 174604 132101 170953 133994 173777 1105
135220 175607 134810 175053 133068 172463 134220 173991 134827 174710 133345 172623 130478 169352 131172 169537 132047 171064 134456 174739 131478 169815 133057 172209 134152 173209 135801 176159 130931 169538 134826 174824 134917 174522 135193 175375 132824 171826 134889 174585 131053 169231 134702 174696 132764 172168 134154 173402 134968 174883 132340 171475 133163 172258 134134 173906 133722 173359 135288 175253 134036 173790 135779 175641 132755 172307 135316 175487 133435 172402 134123 173988 128057 165570 135126 174963 132290 171891 135434 175540 133146 172512 133703 173447 129716 168331 132768 172112 131203 169934 133623 172991 135033 175296 134055 173677 133902 173028 135277 175572 134729 174653 131580 170332 134246 174324 134079 173940 95836 124109 130305 168545 134692 174531 134968 174939 135256 174618 134017 173136 132371 171489 133366 172302 133922 173044 133846 173118 134731 174740 131328 170319 135186 175211 135742 176024 134297 174269 133264 172882 134386 174179 132955 171976 134359 174270 133323 172712 126764 164425 134863 174997 133619 173035 135514 176000 134958 174821 135201 175024 133375 172593 132339 171638 134983 175355 133743 173358 133115 172387 134654 174730 135676 175774 132038 171142 133028 172213 133354 172343 134087 173661 134007 173526 132936 172051 134997 174250 133199 172335 130265 168579 131853 170945 130995 170040 133698 173971 134799 174692 970
133647 172771 102926 133307 135828 175764 134911 175489 133515 172774 128909 166786 133250 171931 134094 173980 134406 174391 133064 172532 134101 173486 133013 172230 134657 174715 134964 174854 119586 155043 133113 172467 135733 176187 133697 173245 136058 176708 134988 174583 133915 173277 132328 171458 135232 175493 136146 176308 131858 170332 134225 173803 136004 176384 134405 173907 133612 173029 134662 174274 135218 174950 134789 174867 130874 169943 134350 174220 122263 158104 135786 176443 135638 175621 136000 176676 135296 175398 134631 174740 135178 175294 134489 174451 132267 171067 133399 173702 129031 167019 131931 170902 135540 175829 134170 174197 134996 174766 135416 175632 133662 173288 134772 175206 134926 174437 132433 171724 135812 175694 135088 175168 135730 176018 134375 174360 135221 175445 136013 176253 129124 167123 132115 170839 133304 172829 134780 174543 134388 174398 134093 174079 136089 176360 135224 175273 136345 176887 135543 175623 137048 177527 129386 167593 132525 171634 127827 165607 135095 175134 133536 172960 122750 158968 134485 174392 129251 166847 133366 172028 132229 171284 136069 176326 134431 174205 134567 174121 135445 175942 134768 174645 135204 175380 132215 171452 135458 175601 134934 174995 133762 173107 134513 174783 134663 174532 135654 175728 131634 170703 134705 174497 136041 176579 135001 175127 136927 177281 136112 176494 878
133481 173298 133875 173701 137003 177586 135478 175268 136271 176698 134240 173860 134927 174564 135625 175924 137018 177799 134365 174128 135680 175551 134968 174502 134181 173796 136615 177371 134498 174098 134844 174628 136666 177019 135901 176368 136126 176418 134813 174455 100939 130616 135314 175044 137711 178836 136965 177639 137715 178540 135796 175998 134688 174575 135925 175676 133457 172914 136048 176091 135607 175780 134642 173810 136471 176973 135400 175421 136360 176782 132203 171101 135098 175016 135398 175414 137744 178740 135500 175483 136237 176574 135176 175611 135736 175299 135658 175940 136490 177020 134585 174091 134414 174089 135110 175529 135388 175251 134930 174676 133024 172199 136156 175700 136058 176304 133357 172506 136202 176406 136709 177147 135837 176127 133400 172326 134515 174340 135677 175323 135136 175164 135350 175125 135348 175396 135241 175022 136624 176903 137110 177836 135980 176256 135170 175014 136587 176778 136917 177488 136357 176721 136136 176349 103772 134478 136126 176734 136665 177112 136570 176530 137623 178886 134211 173640 134989 175109 136193 176810 135972 175883 135896 176086 133186 172339 136317 177154 136273 177097 134987 175230 133263 172829 135592 175735 135925 176135 136211 176847 135436 175562 132100 171041 134320 174049 134305 173921 136121 176446 134094 173799 133871 173337 135104 174428 134138 173699 132496 172090 1083
135466 175351 137561 177932 136554 176958 136389 176833 137072 177637 136016 176368 136623 176774 136808 177731 136724 177297 136726 176414 135085 174787 135937 176369 136869 177256 137871 178738 137861 178308 136575 176722 129644 167614 136171 176326 136586 176804 137240 178088 136605 176890 137886 178291 128178 166147 136148 176397 135882 175889 138177 178507 135809 176177 137412 178098 137968 179072 103856 134631 135661 175801 138012 178823 136269 176144 135666 176010 135941 176420 136025 176251 138215 179064 136471 176596 135394 174940 135807 176108 136595 177018 132740 172021 138895 180450 136484 176733 132958 172370 132855 171839 136823 177558 134304 173792 136494 176830 104191 134844 136529 176514 136573 176817 136955 177671 133194 172302 130263 168700 136988 177191 137015 177658 137732 178489 134338 173934 135900 175812 137039 177479 136865 177321 134843 174836 137827 178589 135699 176040 135445 175012 137529 178315 137081 177544 136125 176114 136081 176586 136364 177029 136073 175949 137850 178535 136980 177480 136836 177425 137088 177933 136063 176056 137460 178407 136161 176755 136549 177197 136295 176848 136671 176727 133115 172646 135472 175322 135658 175997 136020 175556 136776 177526 137945 178912 138068 179184 136905 177483 137134 177823 131816 170561 133552 173042 138436 179323 135872 175759 137126 177677 134500 173988 137548 178459 137675 178284 135521 175802 872
137240 177000 134127 173222 137920 178639 137958 178571 137130 177474 136365 176443 138478 179305 138673 179932 136741 177207 128721 166894 135758 175988 136264 176749 132186 171324 138212 178702 134750 174717 139015 180170 136630 177521 137513 178529 131954 170942 135990 176378 136999 177268 136627 176950 137517 178598 133114 172229 136866 177518 135853 175994 137157 177909 128344 165923 137948 179147 138681 180049 137982 179013 137152 177559 138283 178877 138635 180121 138610 179894 137109 177700 137671 178313 124099 160931 138376 179836 138084 178539 137443 177739 136927 177706 136951 177613 137897 178761 138324 179601 137826 178654 136564 176859 104550 135389 130909 169662 136551 176494 138394 179103 137104 177631 135968 175848 136406 176597 137155 177881 137807 178487 136945 177496 136213 176504 137892 178393 137424 178323 137530 177380 136905 176964 136702 177258 136243 176903 136804 177404 136438 176488 137184 177795 137582 178135 136764 177386 135377 175138 137618 178491 105065 136116 137915 178110 136180 176546 136495 177103 138542 179854 137192 178128 136518 176570 136776 177251 136054 176372 138800 179775 137334 177614 138603 179829 137028 177390 138592 179799 136357 176877 138188 178819 138473 179866 135400 175301 137685 178413 136035 176587 138782 180200 138686 179621 105133 136213 137849 178728 137605 178593 137262 178291 134808 174997 137719 178590 138051 179337 1082
138083 178824 137856 178549 139640 180797 138289 179543 136656 176774 139147 180445 138942 180009 138486 179088 138825 180052 137830 178862 139183 180619 139807 181299 137858 179164 130330 168831 136809 177352 137952 178982 137321 177869 132668 171721 135620 175161 137322 178355 137876 178797 138947 180009 139028 180199 135697 175714 137649 178564 137073 177532 138616 179659 137328 178074 131326 169945 138190 178881 137212 177654 139245 180465 133391 173424 137065 177496 136423 176352 131020 169553 138798 179977 137907 178664 137766 178173 139954 180817 137950 178376 135284 175329 137178 178075 137502 177612 135104 175261 139431 180507 137252 178040 139969 181487 138595 179660 138790 179710 138664 179217 137703 178360 138506 179672 139131 180882 137850 178221 131862 171129 140320 181809 138804 180153 139132 180309 136471 176611 137900 178880 139193 180608 137826 178392 138322 178756 137998 179031 136946 177392 138313 179030 138101 179089 137191 177476 138941 180077 137676 178398 139302 181082 137529 177968 135771 175755 139983 181589 138538 179989 131015 169651 132380 171563 138061 178725 138621 179660 136787 177360 138595 179610 133214 172373 139129 179850 138454 179230 137792 178760 137757 178515 138301 178878 138763 179957 138123 179074 137299 178111 138618 179766 139296 180653 138847 179507 135448 174974 139503 181171 138459 179686 137485 177876 136614 176785 139401 180684 894
140052 181247 136726 177321 139368 180652 136413 176389 136948 176892 140795 182771 138095 179217 123954 160676 136492 176978 139539 180641 138161 179291 139704 181246 133699 173036 140317 181812 137302 177681 140234 181681 138593 179683 135690 175706 138904 180218 136379 176538 137638 178533 138994 180219 139302 180683 138992 179654 138126 178889 139578 180597 137421 177851 139581 180982 139089 180339 139784 180513 138281 179159 136931 177400 137875 178827 139887 181046 139707 181540 139232 180165 137967 178911 139954 181497 140145 181884 140036 180745 139837 180887 137965 179086 139999 180986 138337 178751 139770 181145 136036 176371 137816 178518 138290 179005 138933 180172 139072 180065 140511 182210 140811 182005 139612 180267 139308 180860 138364 179376 139713 181197 125352 162765 140978 183263 139306 180082 140065 181740 138087 178625 138030 178976 137797 178777 139305 180366 127472 165044 139925 180990 138911 180074 139671 180826 137449 177733 139554 180874 138113 178368 138823 180032 133573 172773 140586 182007 139297 180287 132259 171640 136832 177368 138091 179258 138396 179719 138537 179619 139363 180539 139162 180219 139764 181263 126763 164443 139754 181481 140098 181396 136428 176546 138976 179859 139836 181097 137165 177583 138205 178756 138000 178970 139198 180188 140689 182011 138730 179959 137883 178396 131554 170364 138369 179039 140035 181504 139564 181233 952
141846 183592 139897 181046 139890 181745 140058 181540 140762 182071 136925 177504 138605 179459 139574 180319 139183 179827 138401 179583 139552 180280 126778 164078 140050 181064 139719 181155 139560 181073 138435 179043 136979 177116 140598 182404 140616 182043 139926 181725 140775 182747 134928 175093 137466 177693 138783 179530 139768 180994 138260 179020 140148 181260 142139 184051 139650 181201 139751 180991 138619 179560 137595 178427 137312 177810 139221 180314 140961 182376 139937 181672 140550 181975 140680 182455 140139 181659 138279 179229 140124 182067 138862 179921 141706 183251 139261 180589 141772 183358 141090 182673 141399 183189 140025 181488 137714 178948 138031 178559 132943 172691 138772 179658 141147 182914 140692 182639 139743 180962 138505 179469 140986 182651 124027 160588 138511 179532 126877 164383 140103 181415 140458 181736 139740 181390 140628 181947 137641 177840 141494 183417 139702 181285 139606 181101 141133 182435 139530 181215 140402 181461 139359 180591 138707 179526 138782 179590 138607 179851 138319 179389 140762 182668 140741 182018 126433 163073 140184 181686 140186 181858 135067 175280 140597 182380 137405 178435 140171 181547 139130 180129 140488 182217 140010 181658 138218 178678 139222 180252 137102 177092 136213 176185 140608 182459 140450 182035 139950 180816 138664 179816 141124 182851 139428 180668 140240 181668 138754 179854 1152
141323 183398 140750 182759 140597 182342 141037 182781 139761 181037 140508 181669 141541 183332 142256 184612 142636 185376 140512 182476 140667 182082 138587 179362 141169 182701 141936 184772 139466 180843 142779 185568 140391 181263 141264 183152 141736 183369 136005 176038 140984 182585 139764 180942 140761 182190 140812 182794 141330 183116 142021 183598 140976 182493 140468 181561 141581 183913 140563 182077 140914 182763 139992 180914 138297 179352 140216 182117 141543 183315 141084 183037 141756 183911 141292 183354 142445 184552 140960 182240 139482 180276 140425 181812 141945 183911 140440 181692 140945 182852 141704 183883 137698 178343 141420 183795 138336 179304 143093 185747 138794 179452 138091 178250 138283 179373 138314 178800 141417 183616 141279 182950 106443 137840 140804 182062 140030 181670 141660 183445 142187 184073 140086 181594 137716 178330 141087 182548 140140 181422 141070 182100 140035 181722 141261 182746 141665 183539 140102 181083 138625 179543 139034 179910 140800 182280 132948 172117 139892 181447 139540 180293 141490 183321 141894 184043 126335 163650 140997 182542 142084 184369 136539 176841 141150 183082 141649 183202 140308 181227 139458 181067 136730 177424 141357 183359 136644 176297 106061 137360 140305 181313 140466 182284 140070 181759 136957 177606 140680 182292 140918 182409 140548 182382 140429 181912 139827 181049 140629 182099 1021
141800 183316 141796 183569 139725 181249 142007 184440 139763 181019 104883 136069 142213 184204 141522 183734 142134 183954 141424 183675 141951 183761 140174 181204 139711 181038 137976 178330 141242 183256 141433 183278 141067 182911 141870 183728 139955 181633 142210 184222 140680 182080 140713 181696 142634 184898 142267 183915 141737 184230 140832 182711 142277 184067 140444 181890 134110 173291 141512 182909 142825 185081 142732 185599 142342 184215 141202 183139 142007 184121 139382 180452 140013 181710 141096 182640 142395 184549 139733 181424 141181 182667 138828 180323 142047 183969 141735 184101 132352 171483 141477 183595 128170 166004 139591 180791 141435 183558 139242 180673 141191 182994 141775 183755 140854 182640 140930 182741 141201 182844 141140 182830 141506 183099 141448 183614 136200 176544 140797 181966 141260 183173 137955 178617 141890 183569 142904 185728 140982 181832 141665 183845 107808 139590 141070 182742 141693 183379 141359 183219 138378 179234 140893 182284 142941 184912 140599 182437 141853 183572 139434 180366 142010 184316 142009 183837 138792 179682 142464 184463 140735 182358 125261 162576 141766 183635 140985 182879 142141 184072 139141 180387 143383 185609 142617 185163 141053 183483 138294 179482 137206 177357 141148 182919 141486 183319 141408 183527 142777 185322 142800 185372 138625 179504 141277 182345 141065 182747 141252 183112 995
140809 182521 142643 185273 142420 185052 140020 181091 142161 184265 142035 184016 142080 183840 141944 183953 141687 183907 142478 184795 142590 184539 142939 185449 143002 185182 142932 185476 142911 185440 143105 185501 142158 183876 141304 183383 134663 174131 141087 183093 143696 186192 142721 185268 141918 184132 143128 185408 142746 184686 141452 183280 139156 180022 142711 185090 141945 183848 136716 177307 141781 183547 141814 184232 129010 167388 138275 179270 140600 181558 142824 185270 142546 183844 142264 183889 142263 184061 142981 185266 142146 184848 140991 182615 143104 185525 142992 185472 144330 187144 142534 184611 108517 140569 144035 187211 141605 183807 142285 184592 144650 187441 140813 182515 141076 182845 142318 184191 141556 182960 142942 185105 141246 182776 140051 181566 140611 182100 140111 181204 143198 185839 140425 181492 143101 185288 141726 184028 142655 184597 143297 185688 143073 185784 142226 183934 143864 186127 142377 184405 142539 184464 142419 184397 142715 185179 136979 177186 141031 182978 142657 185016 142987 185004 141245 182819 141045 182701 141570 183108 140973 182806 142080 183758 140540 182202 142735 184694 108184 140062 142398 184753 142618 185130 142254 184134 138944 180119 143447 185539 144274 187878 143120 185418 143182 185079 138657 179250 135694 175823 142366 184390 139381 180280 143196 185118 143029 185114 141823 183444 946
144062 186845 143455 185421 143376 186233 143734 186554 141895 184224 142767 184730 142725 184651 143225 185409 142883 184657 142895 185130 144195 186397 143494 186276 141872 183741 144542 187619 142005 184276 142066 184297 142410 184596 141175 182976 140962 182562 142113 184210 143471 186163 143545 185749 141923 184000 141730 183564 143349 185637 142042 184057 142301 184117 142301 184850 144114 186276 141877 183634 142805 185080 143102 185601 143275 185116 142670 185046 144130 186489 143080 185596 142774 185066 143524 185933 143980 186785 144081 186942 144374 187244 141173 182809 144495 187639 143423 186013 144021 186511 144646 187982 144170 186761 144294 187119 142521 184991 143494 186067 141649 183894 135640 175590 137350 177951 144551 187789 142789 184843 130375 168891 142958 185081 143900 186916 139855 181476 141428 183654 142577 185025 142870 184601 142427 184642 143014 185998 144097 186645 142731 184817 140509 181432 141975 183970 143509 185899 142596 184621 143840 186672 141247 182799 142381 184461 144776 188190 143743 186678 143293 185891 140693 182506 143467 186128 143358 185621 139834 181016 142650 184064 135656 175362 141582 183340 144703 187103 141424 183354 143569 186356 144123 186828 142612 184993 142300 184205 143878 186661 140931 182692 142201 184134 143289 185718 142828 185055 143635 186380 143186 185371 144241 186843 143194 185693 141705 183496 142882 185209 950
144566 187803 144276 186714 143449 185544 142654 184856 143961 186804 142362 184541 144888 187740 144762 186971 144551 187540 143347 185545 144879 187670 145235 188569 143497 185765 139368 180716 144637 187373 144965 187378 142879 184967 144279 186820 144856 187238 142748 185210 145095 188397 145543 188553 141964 183949 143350 186029 141728 183280 137813 178745 143884 186428 140936 182737 143904 186825 145027 188054 144699 187602 144400 186971 145805 189339 144390 187165 143633 185689 143331 185972 144720 187772 143520 186053 144549 187566 143959 186576 141528 183259 143461 185839 140613 182175 142665 184905 145959 188971 139183 180736 143836 186378 139953 181382 144420 186682 142760 184798 141359 182594 142358 184240 139369 180284 137023 177358 146170 189356 142881 185269 142070 184237 144314 187039 138286 179370 143468 186201 144372 187346 144393 187230 145103 187811 141233 182867 146057 189378 130963 169752 143408 185225 144193 186734 144751 187494 145718 188914 145030 188616 144160 186763 143646 186365 143169 185245 144123 186957 142032 183762 145270 187949 143338 185456 135320 175396 143459 185487 144245 186876 144712 187854 142615 184309 141866 183868 143185 185380 109926 142631 144189 186616 137118 177284 143082 185423 145288 188694 142057 183870 135707 175577 143554 186084 144113 186644 145590 188418 145044 187933 143989 186583 139813 180530 143386 185723 144451 187343 1142
143473 185718 146051 189184 145436 188481 142554 184316 143783 185533 144250 186702 144536 187013 145714 188663 144785 187209 142613 185206 143615 185847 140947 181965 142753 184680 142327 184683 109842 142049 146354 190080 144850 187495 129991 168253 145176 187738 144450 187193 145133 187996 146511 189421 145118 188094 142972 184850 145685 189498 145645 188745 143950 186735 144363 187429 144422 187246 142657 185021 145737 188947 144599 188078 144912 188043 145200 187820 145052 187789 145491 188195 144338 186746 141994 183697 145596 188307 145454 188402 144539 187698 144812 187508 144883 188031 145324 187515 144160 186886 144538 187191 145542 188715 144725 187276 144155 186959 137433 177576 145057 187577 145647 188549 145031 188116 146232 189271 144306 186927 141668 183503 145355 188439 143637 186186 143401 184933 145403 188701 144543 187136 145129 187976 140503 181085 143934 186837 145267 187927 145484 188384 144470 187332 143427 186079 144569 187183 143638 186566 146042 189376 144553 187305 145543 188406 145497 188589 144272 186837 144041 186463 144013 187049 146217 189565 143461 186378 137627 178438 143477 185483 142429 184426 146154 189308 143655 186248 145122 187792 145013 187533 145553 188347 145062 187730 143090 185248 144822 187832 143737 186315 144547 187282 145830 189228 144377 186944 143890 185871 145048 187585 145215 188405 143279 185608 143963 186434 145829 189106 1046
142452 184227 146489 190017 144665 187457 146564 190180 145973 189268 145430 188666 146328 189305 146160 189095 143565 186367 140177 181587 144404 187370 146839 190742 145636 188370 145360 188595 144749 187218 145298 187880 145441 188309 145759 188816 145937 189321 143429 185806 145221 188469 145046 188173 146624 189878 145883 189214 144558 187852 145093 187430 145144 188161 143997 186429 145052 188477 145553 188749 144808 187072 132548 171936 132740 171872 145683 188575 146359 189163 146350 189818 145741 188892 140456 181378 142926 184729 145465 188742 145621 188931 144008 186360 145065 187886 146053 189078 144217 186961 145506 188591 146603 189471 144727 187241 146253 189321 146326 189842 146080 188990 145578 188831 145106 187934 146862 190177 143849 186194 145625 188527 145962 189206 142044 183736 147246 190040 146502 190140 147140 190538 142853 184951 144584 186645 145392 188401 131344 169938 146649 190324 145366 188529 132953 172321 147305 190797 146763 190144 147167 190900 141178 182564 145073 188063 145263 188757 145165 188137 131136 169879 143765 186521 146378 189610 145039 187926 147275 191281 144278 186380 142600 184857 138620 179737 146192 189610 144201 186768 146250 189800 146121 188977 145336 188236 146170 189667 145871 188884 143816 186505 145709 188637 143303 185738 144832 187914 145872 188381 138904 180080 144169 186380 147050 190687 147352 190725 146535 189539 980
144290 186760 145451 188322 147083 190672 145483 188280 143329 185748 146230 189368 147391 191385 144869 187255 147978 191687 146738 189957 147024 190341 146015 189517 139648 181216 146915 189959 144292 187006 144890 187843 133639 173302 146615 189608 143480 185734 145872 188721 147762 191836 147837 191488 146938 190247 147390 190569 146141 189115 147012 190887 146052 189597 145566 188781 145286 188214 146046 189152 147442 191054 145349 188446 146612 190397 146034 189387 147172 190232 146364 189644 147502 190862 144479 186949 147400 190975 147832 191853 145917 189377 133693 173457 145359 187887 144904 187356 140431 181760 144253 186651 143965 186345 146158 188908 147074 191133 146399 189390 141673 183558 139654 180871 146733 190317 146914 189916 147704 191655 143328 185527 146795 190118 146238 189678 147196 190893 144399 187347 145826 188909 147283 190737 147668 191050 143708 186028 144623 187252 145907 189287 146963 190444 144548 186716 144113 186556 145351 187793 147380 190946 145964 188906 147215 190794 147476 191425 146615 189880 146816 190136 145529 188829 145848 188798 147870 191900 147844 191572 147996 191671 146898 190406 145794 189083 144327 186873 146123 189590 145901 188894 146166 189600 146423 189779 146764 190480 143651 186043 147857 191094 146998 190721 147481 191051 143478 186634 145787 188907 146190 189099 146560 189572 145120 188113 146740 190408 145123 188091 1209
148957 193253 149047 193460 146376 189785 146869 189764 147210 190600 145901 188452 147384 190389 147502 190899 146104 189486 149130 193419 146532 189342 138532 179820 145901 188644 147521 191633 147679 191746 141823 183759 148258 192667 148353 192561 145466 188114 147059 190767 148008 191906 148212 192194 145283 188393 147950 192119 148098 191984 144984 187559 147846 192012 145340 188375 146721 189576 149063 192905 148792 193403 147099 190206 146110 189072 148406 192341 147905 191975 133341 172547 147679 191663 145414 188251 146831 190444 145852 188797 148316 192340 146763 190275 145686 188918 146766 190188 147944 191864 147389 191390 148795 193273 147355 191151 147692 191495 144991 187991 147574 191620 148190 192478 148052 192057 148071 191763 134838 174658 145867 189268 148360 191712 146697 190589 145992 188942 148759 192862 145305 187760 140181 181796 146857 190371 145123 187700 147769 191427 144056 186844 144467 187594 147227 191079 144587 187606 144422 187070 145896 188957 147752 191115 146739 190008 146442 189723 147752 191886 148028 192234 147431 191073 147635 191340 146034 188708 146231 189477 146883 190564 149144 193412 147428 191033 147707 191347 147412 190660 147814 191505 144928 187728 148860 192736 148048 191657 147131 190935 147623 190882 147234 190746 147239 190882 146273 189487 147231 190996 147248 190597 145881 189111 145377 188007 142297 184164 146407 189519 1070
146892 189951 148015 191807 146321 189082 148916 192566 148198 191662 147432 190940 145770 188826 147391 190758 148876 193397 146293 189442 148383 191814 150678 195108 147462 191114 147325 190535 149562 193584 145140 187942 147578 191319 147262 191002 148401 191777 149713 193765 146312 189302 148220 191979 148031 191839 148472 192582 149496 193831 148679 192379 148516 192640 145805 188597 146391 189835 149664 193729 148868 193251 145857 188566 148094 191708 148719 193076 148855 192795 147846 191500 147842 191705 147828 191281 138435 179141 146482 189944 146768 190039 141498 183576 149281 193601 147217 191006 140475 181916 146355 189018 148196 192094 147363 191313 145837 188982 147481 190850 148683 192808 146133 189805 147848 191552 148285 192029 147516 191180 147710 191374 148543 192800 147962 191665 148617 192887 147950 192144 148919 193363 148179 191880 149569 194105 148759 192610 148048 191716 149017 193046 146215 189457 147265 189985 148147 191844 147714 191138 149222 192837 148156 192106 149056 192688 148137 191696 149538 193780 147980 191541 149452 193307 147810 190835 145072 187801 141821 183741 147451 190760 148232 192437 148722 193172 146411 189690 146919 190642 149372 193579 149032 193456 147762 191468 146765 190305 148561 192601 148356 192118 148483 192156 148896 193051 148529 191769 148270 191832 148430 192837 147840 191553 147796 191873 144593 187483 140500 181901 1090
146143 188677 147405 190845 149524 194114 147974 191802 148560 192390 148032 191366 130866 169791 147907 191801 141465 183488 149269 194124 146926 189906 148565 192019 149557 193861 148553 192711 147863 191359 148403 192489 149086 193779 150193 194231 147021 190486 147458 191258 148279 192372 150240 194286 149160 193649 149478 193443 149769 193767 149357 193258 148652 192485 149966 194480 145228 188143 148455 192439 148558 192320 148813 192510 148218 192491 147588 190738 149250 193230 148276 192315 149117 193532 149445 193895 149683 193969 148017 191891 113914 147593 146165 189616 149530 193956 145188 188210 142583 184862 149272 193687 149168 193652 149342 193251 149931 194069 149318 193408 149297 193168 146548 189773 148046 191180 149426 193186 144338 186935 148914 192754 149453 193212 145581 188753 150451 194587 149540 193532 147953 191924 150072 194857 149521 193764 148776 193157 147187 190850 149687 193639 145309 188018 149385 193739 150106 194230 146280 189307 149120 193786 136308 176870 146823 190253 146759 189873 150488 195234 149286 193696 148851 193199 149461 193912 148376 192360 149336 193522 149329 193717 140886 182236 146499 190053 149011 192625 149423 193223 147000 190798 149621 193787 148601 192420 149942 194705 148312 192188 148786 192462 149672 194367 148313 192042 149528 194061 149216 193635 148417 192305 149931 194380 150047 194483 145168 187559 149438 193717 966
149865 194218 149027 192931 151302 196060 150005 194096 149441 193538 149368 192853 149322 193870 150496 195472 149309 193421 148650 192373 141257 183220 150609 195227 149694 193985 147702 191586 149988 194469 149656 193725 148580 191927 149549 194041 149058 192972 149730 194070 150173 194786 150102 194875 150020 194570 150371 194797 149918 194067 148886 192880 146870 190198 148241 191755 151547 196127 148040 191360 150249 194931 149709 193822 149941 194292 142314 184144 151456 196361 150189 194673 150568 195005 148649 192061 150798 194852 149726 193919 151026 195527 149944 194710 151169 196065 150028 194390 150274 194692 147865 191524 135827 175562 135715 175708 147420 190810 150017 194676 149775 193839 149136 192871 149079 192868 148627 192037 149427 193431 150340 194292 146928 190422 149070 193195 150128 194681 150333 195060 149624 193751 150835 195884 142212 184030 148817 192801 149951 193901 149996 194266 134975 174495 150709 195255 147512 191311 150347 194266 150169 194558 149290 192889 149221 192813 150465 194690 146593 189390 149577 193662 151278 196293 148965 192516 149739 194415 149603 194171 150063 194467 145903 189335 150608 195525 150044 193829 144718 187173 148325 192170 144299 186560 145122 187945 147848 191528 151263 196035 150394 194959 150024 194239 149428 194037 150689 195070 148071 191875 149087 193259 147533 190854 135069 175125 150356 194656 113756 147425 1167
149781 193676 148517 192369 149519 193752 149858 193954 152163 196714 151300 196179 149918 194642 147144 190468 148717 192121 146933 190032 150443 194606 151515 196423 150535 194777 151350 196599 150000 194038 150303 195496 150736 195357 151594 196641 150782 195219 149278 193198 149490 194171 149552 193885 151408 196482 149958 194297 150638 195030 136838 177248 149712 194125 150587 195110 143379 185972 136409 176186 150152 194886 150440 195362 150635 195000 150504 195038 150137 194489 150487 194790 147015 190713 148398 191832 149011 192954 149972 194077 149693 193332 149497 193942 151531 196111 151058 195451 151073 195889 146992 189776 143755 186046 151940 196440 152677 198236 145477 188575 151019 195847 151384 196977 147963 191854 150374 194294 146838 190418 151486 196302 151582 196837 149572 193487 149875 194202 150135 194131 150064 194789 150731 195503 150843 195228 149861 193961 150915 195677 150756 195200 150714 195319 149783 193658 151017 195262 150318 194963 142708 184647 150970 195488 141653 183387 150158 195253 149737 193795 147557 190956 149167 193244 150959 195389 150389 194681 151845 196413 148009 191662 150235 194557 148784 192661 150677 194957 149196 193653 151051 195667 152008 197120 149036 192999 148516 192495 150398 194704 150755 195452 150514 194481 150459 194897 148459 191868 150941 195875 148057 191162 146320 189193 151408 195521 135886 175799 149827 193813 1115
151000 195634 152552 197882 152016 197119 151359 196429 148297 192157 150821 195404 152231 197311 151588 196523 149306 193398 150227 195123 150320 194754 150160 194390 151499 196161 150957 196188 151533 196324 146258 189886 151812 196669 152108 197334 147996 191717 152088 197380 152247 197081 151319 196186 150443 195078 151100 194703 150619 195271 151747 196138 151171 195786 151395 196558 144666 187161 151302 195613 151578 196636 150890 195336 151995 196792 150998 195462 151760 196675 150290 194875 150440 195089 150456 194543 150325 194837 151085 195650 151452 196172 151851 196767 151675 196735 150936 195497 152854 197997 149509 193187 150872 195617 150361 194880 142993 185235 151299 196418 151581 196786 152019 196725 150981 195253 150384 194708 151891 196865 137276 177759 152541 197806 148435 192641 149715 194220 149510 193221 149736 193516 152229 197405 151428 196014 150949 195728 148459 192559 151644 196427 152782 197810 153487 198568 135881 175410 151714 196845 149702 194103 150736 195437 150306 194720 149379 193355 151671 196630 115324 149378 149649 193547 152237 197369 151331 196199 151247 195273 152102 196752 149922 194645 151553 196395 151696 196306 150267 194598 152831 198079 137749 178566 144444 187333 153069 198099 151928 196797 148322 191986 137274 177431 151675 196918 151192 196094 150581 195065 152640 197672 150780 195524 149737 193403 150306 194764 148342 192533 1088
151729 196178 153235 198854 152772 198241 144672 187093 151519 196763 145111 187305 147187 190462 151710 196465 151968 196475 148279 191741 148326 192229 116150 150790 147704 190786 152924 198138 115172 149492 150612 195033 149924 194321 152060 197463 151890 196925 152365 197229 150575 195134 150448 195027 150275 194617 152222 197378 151582 196354 153956 198963 152199 197257 153666 199114 152805 198540 152992 198499 150954 195008 152515 197668 152521 197686 152132 196603 153333 199083 152580 197470 152847 198468 151038 195528 149295 193395 150737 194580 149749 193748 151518 196120 148817 192938 138376 179419 149029 192830 151636 196447 151696 196186 152139 197528 152127 197608 152112 197150 151046 195784 152665 198046 152348 197209 148453 192060 150565 194628 151320 195804 143955 186608 154270 200088 151727 196653 152413 196949 153694 199307 152458 197762 152414 197564 152359 197626 149043 192857 154021 199918 152542 197596 152526 197469 149668 193729 153514 199224 151301 196172 153460 199047 151154 195854 152057 197319 151783 196440 151924 196909 151135 195284 153140 198407 152111 197211 152033 196365 151764 196771 152086 197104 154259 199891 151728 196590 152404 197916 152164 197118 152843 197942 151056 195860 153306 198863 152631 198106 153882 199423 152102 197505 150355 194720 152988 198188 152139 197354 151553 195852 149730 193473 150264 194776 151141 195916 151382 196471 1119
152436 197432 150314 194623 150188 194804 154275 200015 152230 196812 153625 199393 153256 198859 152353 197834 153367 198667 154117 199492 154200 199717 152578 197316 152322 197271 153182 199235 151379 195807 149183 193457 152974 197918 153347 198566 153087 198137 153598 199200 151384 196159 151957 196567 145003 188065 153348 198291 151044 195398 151722 196414 153623 198602 151325 196118 146698 189709 154156 199582 151875 196763 139326 180366 152812 197528 152141 197777 151362 195639 153003 197951 151398 196027 154833 201001 152499 197564 151803 196664 153849 199127 153402 199048 151479 195610 151730 196375 153703 199292 152980 198306 153500 199101 153371 199120 153435 199647 151420 196206 152447 197050 154171 200699 151288 196324 154224 199738 154290 199611 153824 200029 152889 198270 153100 198051 153515 199266 153379 198670 153547 199615 152495 197726 152456 197376 151990 197089 149950 194157 151280 196170 153775 199605 153723 199166 150667 195713 151561 196162 150897 195677 152841 197899 153447 198955 149291 193792 154007 199763 151130 196011 153243 198701 153334 198314 152159 196390 152351 197280 153671 199347 152296 197667 151615 196108 152076 196828 153365 198901 152689 197547 150772 195316 153455 198951 151265 196209 152914 198177 150522 194659 151587 196497 151653 196314 152939 197979 155128 201337 153559 198996 152652 197947 150111 194304 152521 197938 152699 197270 1006
154258 199888 138626 179625 152512 197321 153092 198469 150946 195351 155518 201912 150984 195804 153391 198660 151703 196229 152686 198072 154532 200516 152317 197120 152709 198000 154182 200292 153334 198749 152580 197366 154175 199849 154535 200473 155128 201047 153002 197783 154144 199856 153828 199250 152234 197122 151692 196062 145630 188483 150833 195055 151855 196862 154293 199884 153848 199171 150592 195211 151618 196628 152463 197872 154075 199960 152536 197760 153150 198240 153608 198467 144673 187230 151224 196296 154230 199489 154506 199945 154569 200054 155134 201530 154765 200105 153733 199252 153140 198364 154078 199702 154190 199064 155044 200776 153858 199901 148174 191914 154802 200643 149788 193449 153253 198562 152696 197724 152284 196471 152069 197055 153274 198660 153172 198263 141651 183942 152586 197842 154698 200682 154810 200551 153837 199458 140262 181593 153816 198705 154241 199425 146631 189932 152200 197020 153917 199412 151350 196102 155103 201387 153493 198430 154324 200113 151862 196498 154186 199610 154718 200385 151769 196686 152979 198001 153324 198167 150426 194819 153356 198194 153329 199048 155219 200640 153209 197881 153227 198226 154665 200307 151290 195679 154544 200216 152701 197937 154122 199834 153210 198427 154802 200921 151432 196310 153401 199039 152880 198139 151871 196756 152135 196869 155513 202029 155729 201692 146143 189265 1218
155076 201446 146022 189057 153997 200021 154506 200639 156522 202795 155255 200827 156013 202190 155346 200905 154281 199754 146382 189017 155230 201497 155700 201248 153612 198418 154057 199954 153062 198978 151342 195998 153886 199734 154740 200473 153024 198374 154676 200539 154353 200173 110958 143657 155400 201400 148329 192098 153108 198431 153954 199709 154719 200474 155766 202074 154501 200158 153607 199038 153185 198250 151831 196672 154213 199417 154201 200077 153012 198525 156555 202694 155522 201530 152008 197228 154540 200498 155641 201625 155276 201092 154058 199791 153754 199506 155143 200974 154447 200361 154343 200133 155394 201270 155162 200627 152678 198285 153441 198682 138805 179510 153586 199152 153482 198757 154114 199485 154067 200159 155321 200977 137834 178463 139156 180100 154148 199887 153403 198860 153318 198609 154354 199939 155035 201182 155256 200990 151320 196199 151283 195569 156142 202177 154216 199884 147836 192240 152872 198016 154713 200212 154764 200454 140050 181500 154310 200359 155096 201208 153720 199144 153402 198535 153245 198339 155416 201721 154277 200367 154689 200100 156352 202424 155108 201109 150863 195582 156182 203243 151992 197091 155135 201141 155165 201603 155306 201418 152828 197727 154832 199993 151454 196059 154584 200402 155278 201386 155788 201975 155465 201513 153222 198459 156184 202300 154961 200792 154861 200952 1125
155031 200061 154908 200887 154941 200805 153912 199136 154557 200213 154778 200654 155727 201907 156102 202021 155457 200832 153878 198952 155366 201333 141600 183395 155012 200947 148757 193028 155843 201813 141643 183216 152992 198706 153301 198182 152479 197209 155145 200687 155775 201800 153514 198910 151835 196486 155296 201298 154528 199983 155321 200648 153265 198674 155448 200881 155134 201616 155273 201042 154748 200516 156379 202601 155624 201592 153233 198828 153967 199035 140305 182003 154076 199612 153657 198884 155658 202252 153089 198579 154904 200080 153905 199118 155116 201146 154585 200372 152609 197456 155184 201519 152504 197231 152445 197212 151854 196836 156345 201938 154503 200169 155163 201023 155259 201059 155917 202249 138828 180135 156013 202334 153624 199136 155753 201365 155259 201476 156058 201903 149800 193849 156190 202081 153795 198840 156041 202178 154508 199825 156641 203362 153263 198772 155357 201233 155321 201629 154109 199679 154970 200611 153757 199122 154726 200563 155902 202072 152903 198376 152928 198230 155881 201898 155108 200876 154385 200324 154950 200972 155567 201306 155762 201684 154772 199722 153607 198906 156198 202485 152528 197948 156120 202237 155248 201098 156173 202732 154078 199586 152161 197164 154981 200547 155730 202223 155995 202341 153837 199242 155841 202337 152951 198013 152597 198199 153255 198047 156680 203282 1115
156694 202967 156789 202984 155310 201210 155290 201468 156915 203275 156530 202868 149013 192905 154759 200221 152306 197467 156906 203387 157567 204214 153277 198322 145897 188735 154534 200216 158553 205856 156827 203209 156543 202893 148319 191853 154003 199988 155448 201437 155960 202498 157017 203685 157446 204099 156225 202563 156740 203146 155533 201128 155105 200657 154182 199747 156033 201904 156266 202135 155992 201636 156539 203244 156151 202623 156629 203279 155612 201692 153226 198562 154989 200907 156803 203274 155696 201761 141542 183506 156641 202937 156859 203206 157138 203854 154294 199981 157298 204151 154292 199530 156932 203669 156418 203111 155736 201960 157052 203751 154680 200209 154861 200856 154322 199740 156529 203031 156359 202641 155143 201014 157420 203902 154663 200506 155811 201930 157246 203789 155714 201168 156544 202507 155295 200862 155002 200694 156677 202816 154196 199531 157682 204649 156015 202219 154326 199837 155051 200494 157021 203551 149746 194215 153997 199044 157082 203848 157403 203853 155109 200353 156196 202817 156522 202973 156396 202799 149436 194138 155272 201271 154913 200847 153833 199091 149392 193500 154336 199906 153981 199777 155196 201234 156765 202888 156524 203032 154997 200766 117613 152406 155961 202107 155178 201255 156691 202790 156659 203448 155892 201924 153954 199157 154862 200515 153223 198543 157892 204228 1077
156653 203293 157046 203266 157059 204238 150528 195069 158427 204822 157134 203368 158070 204241 156989 203029 157609 204344 156968 203489 156770 202889 157037 203819 155472 201406 157781 204539 156239 202228 153693 199480 156358 203036 157746 204810 156448 202098 157124 202959 120071 155284 154221 199709 155910 202108 155461 201018 157919 204703 158319 205165 154089 200020 157591 204335 158990 205821 157761 203941 156604 202925 157151 203935 157244 203424 158206 204449 157395 203383 156664 202828 155474 201133 157870 204278 156804 203247 157975 204768 157908 205255 155780 201469 158201 204740 157585 204387 157522 204310 158190 204759 157413 204185 157616 204052 157953 204822 156912 203363 155573 201952 158126 204747 157091 203737 153623 199191 156609 203504 157488 203768 146534 189031 156509 202947 154389 199470 143115 185788 158701 205463 155158 200940 155369 200968 156750 202690 151952 196512 158270 204723 155630 201304 158001 204637 157657 204515 156793 203513 156977 203273 148466 192387 156017 201943 154867 200714 157263 203957 153653 199193 155095 201008 157525 203888 155756 201567 157308 204232 157919 204527 156390 203031 157978 204412 154620 200311 154774 200543 156734 203003 156946 202746 156993 202574 158823 205291 157759 204529 154936 200568 156066 202246 156336 202549 156093 202264 158349 205131 154311 200101 158259 205615 156254 202025 154846 200536 158699 205799 991
151107 195712 159519 206542 157607 204404 159231 206349 158012 204931 159454 206499 159424 206541 157389 203955 156781 203156 158367 204985 158830 206065 158120 204881 156078 201807 158325 205267 150433 194943 157663 203987 157079 203466 157218 203452 154649 200446 157083 203535 154397 199925 157279 203374 155427 201073 156744 202240 157205 203197 158634 205253 158418 204991 155854 202063 155516 201168 158033 204193 157493 203453 157465 203995 157279 203427 157162 203902 156889 203423 154014 199502 156501 203035 120044 155453 156860 203046 142976 185172 157186 203718 156155 202547 156257 202359 156539 202980 157915 204551 160115 207594 159153 206323 157016 202960 159301 206272 158750 205303 143892 186653 159153 206036 158909 206057 158165 205042 157350 203562 158027 204779 157871 204551 156519 202737 153438 198328 157300 204169 158154 204885 156620 202710 157400 203714 156219 202769 158728 205353 156574 202442 154962 200906 154123 199909 143714 186560 158097 204547 157732 204430 148284 192193 157276 203144 158882 205939 159064 205688 158465 204732 157907 204840 160015 207663 159283 206633 157873 204475 159880 207005 157209 203113 157410 204445 157967 204525 157938 203915 156168 202616 155715 201596 157060 203448 157233 203521 155710 201381 157612 204747 157174 203986 158396 205284 156341 203272 157559 203882 157370 203352 157186 203323 156443 202871 157021 203344 158279 204576 1138
157866 204563 159936 207317 158129 205124 159798 207388 156389 202021 159070 205530 156878 203420 120056 155129 159306 206515 158459 204972 159609 206345 158844 205651 159861 207305 157282 204092 156516 202277 156559 202925 158568 205558 158646 204923 157558 204055 158139 205144 159907 207401 159421 206252 159580 206861 157810 204711 158894 206151 158342 205269 157416 203884 157103 203944 142169 184337 157305 203737 159491 206776 159044 206000 157264 203715 144660 187463 159944 207410 158651 206079 155021 200486 157684 204147 158057 203871 158579 204926 156603 202707 157087 203252 158769 205882 159882 207576 156876 202916 159421 206647 158354 204890 158333 205214 158839 205830 160106 206964 157717 204811 157772 204359 157456 204390 156822 203267 156975 202849 160105 206956 158895 206012 157443 204031 121004 156956 156395 202801 158610 205367 158249 204368 158805 206227 155074 201022 156636 202723 158118 205040 158849 205809 159086 206327 153073 198482 157106 203901 157892 204441 157221 203576 159506 206913 159889 207145 158645 205948 155732 201667 159948 207242 157275 204081 158146 204596 159454 207272 157621 203971 158729 205661 159138 206632 158401 205646 159928 206604 157199 203974 157497 204201 159788 206679 155771 201735 158375 205519 156425 202615 158565 205781 154711 200193 157782 203738 159331 206490 158397 205195 158019 204913 160512 208475 158033 204704 159195 205900 1168
157422 204170 161832 209626 159784 207656 158106 205386 158859 206410 161187 208728 153532 199329 159372 206656 145149 187496 160546 207901 160552 207673 152415 197575 158804 205017 159899 207828 155954 201527 152863 197722 161516 209572 160900 208169 160708 207922 158358 204991 159646 206548 162015 209613 159621 206806 158326 205011 157346 203740 160354 207943 159280 207069 159069 206200 159219 206434 159521 206632 159081 206061 158310 205279 153859 199964 160015 206907 159048 205936 160215 207724 158348 204666 159985 207076 160267 207912 159146 205697 160767 208196 160338 207659 158651 205095 161376 209688 158347 204827 160717 208417 155933 201700 159033 206183 158377 205296 159704 206542 158905 205607 141854 183841 160186 207732 160050 207197 160739 208252 161145 209098 146110 189442 159949 207426 160490 208042 159827 207356 157694 204433 158957 205791 159267 205887 161727 209191 158023 204536 160001 207408 160896 208300 159116 206440 158729 205455 160517 208388 157956 204577 159986 208019 158887 206487 160651 208509 159049 205230 160753 208730 159820 207378 157194 203488 158894 205391 159874 207176 157197 203793 157856 204738 120865 156407 157817 205238 152411 197417 159696 207227 154817 200428 159485 206784 158229 204895 156517 202786 158130 204745 156797 203283 158780 205210 159665 206976 159332 206728 160007 207249 159933 207265 159421 206614 158149 204391 159335 206686 1177
162258 209836 154578 200333 160625 207849 158665 205913 160374 206689 160553 207783 160181 207651 158659 205923 146981 190719 160647 208060 160772 208118 160860 207831 160055 207110 160900 208522 145565 189297 159146 205963 159565 207016 159764 207170 157442 203717 160187 207652 159930 207893 146575 189840 160176 207430 161419 209225 160445 207492 159606 206981 160754 208306 157053 203634 160943 208636 160714 208539 159746 207006 159856 207029 158906 206195 161686 209610 158757 205626 157190 203795 160014 207838 162571 210760 162209 209966 160218 207340 161217 208540 160147 207871 160217 207397 160937 208221 158118 204888 158376 204926 159652 207139 160723 208214 159610 206512 159657 207177 159529 206074 152287 197496 161513 209252 160617 207385 160207 207925 161087 208986 159865 207097 152970 198367 158459 205710 160860 208011 160978 208124 161960 209847 160598 208532 161349 209471 160384 208353 159697 207094 161280 208666 161249 209315 161174 208239 160685 208368 161130 208729 158417 205221 159396 207024 159392 206259 161615 209738 160589 207869 160900 208757 161973 210197 160317 207643 157324 203528 158092 205471 153273 198469 160920 209136 159456 206325 158962 205892 159714 207858 160640 207988 161555 209833 156976 203601 145783 189142 160058 207917 160530 207903 158988 205610 161987 210102 160482 208323 161751 209562 157901 204051 160894 208573 157024 203537 159372 206744 1232
157334 204149 160940 208896 160407 207455 161091 208899 159926 207232 162646 210553 157127 203700 146385 189744 160672 207259 161053 208948 154688 200440 160299 207537 157947 204628 161362 208928 153979 199740 161904 209854 158415 205090 160696 208482 161147 208987 161420 208279 160715 208050 161206 208677 160393 207787 121590 157550 159916 207384 162526 210910 159200 206679 162399 210728 161887 209978 158504 205260 161758 210153 162326 210159 161019 208550 162326 210198 160695 208158 156346 202392 162399 210421 161646 209411 161027 208594 155823 201222 160758 208300 154332 200272 161604 209566 161966 209388 161137 208622 161640 209686 159188 206086 160467 208269 156997 203292 159968 207271 161132 209227 158210 205173 161371 208743 160256 207858 161730 209690 162053 210197 158805 205692 159242 205745 161952 209460 157379 204044 162258 209690 162692 211121 162817 211026 162351 209738 160515 207936 157086 203197 161116 208810 160287 208544 160781 208477 158213 204809 160347 207241 162927 210986 161630 209754 158347 204967 160469 208102 161865 210022 159971 207549 161399 209220 161284 208941 159843 207038 159824 207352 157482 203592 162706 210964 161634 209605 160295 207949 159868 207257 162238 209784 162190 209562 153885 198805 160351 207271 163105 211717 159076 206238 154425 199412 160042 206955 159179 205991 160512 207940 162242 210888 160804 208421 162642 210584 163909 212851 1124
153470 199101 161227 209284 161274 208320 162212 209998 162090 210601 163828 212324 162173 210251 155219 200819 161989 210351 162340 210475 146412 189295 161960 210410 162386 210091 160682 208336 161201 209456 162764 211139 160961 208828 162497 209934 162169 210391 162834 211070 162996 212029 162033 210214 157294 203921 159821 206938 159813 206222 161046 208314 162077 210110 161039 208368 161144 208178 159158 206254 163505 211712 162682 210753 162464 210941 161158 208856 161376 209555 162980 211101 158665 205453 163401 212340 160866 209016 161933 209709 161036 208451 156542 202766 161818 209042 159093 205842 159001 206007 162138 210328 161252 208898 161434 209316 158703 205031 162886 211474 161686 209686 161960 210321 158177 204719 159553 206196 162178 209992 163307 211292 163244 211647 162821 211251 158574 204862 161051 208746 160075 207421 153019 197835 157552 204298 162081 210119 145110 188144 160843 208289 160832 208823 163435 212099 160672 208393 163737 211954 159317 206295 161738 209833 161933 209872 162177 210527 160364 207070 162662 211019 162930 211459 161604 210079 161944 210011 161447 209713 162486 209966 162696 210325 161515 209050 160954 208812 161891 209885 161960 209710 159691 206914 160209 207683 161204 208760 161492 209408 161512 209541 163485 212056 157704 203889 162458 210145 163356 212030 162989 211849 161999 210492 162351 210826 162091 209602 154142 199936 1224
162326 210726 159494 207283 162292 209598 163932 213090 159539 206549 161914 209951 163781 212564 162030 210368 161929 209890 160777 208140 161301 208540 161476 209093 160073 207161 161475 209586 160971 208734 163430 211609 162007 209947 164878 213821 159506 207132 162755 210490 164388 213386 160270 207290 159442 206344 163823 211748 160684 208146 160312 207796 162283 210183 164548 213488 164207 212393 162877 211617 160295 207582 162940 211340 158581 205647 161999 209990 163391 212626 163602 211848 161324 209056 161004 208497 163408 211595 163717 212784 163420 212089 163595 211899 161953 209683 160200 207998 162418 210605 161929 209960 163941 212747 163631 212179 161018 208217 162993 211626 163184 211124 164411 212703 162497 210841 162802 210737 163365 211717 161487 209240 161627 209813 159889 207451 162431 210307 162507 210439 163869 212196 163833 212576 162869 211473 162209 210068 162144 209753 162682 211144 161463 209436 161447 209147 161494 209041 163015 211576 161474 209469 162988 211522 164172 212736 163577 211776 164562 213497 162751 211002 163819 212746 162907 211241 158832 205657 162176 210479 162730 210812 163132 211525 161685 209449 163477 211681 163136 211819 160290 207804 158468 205181 163765 211377 164189 212583 161010 208500 163783 212185 161469 209486 161068 208607 162961 210909 162358 209966 162312 210084 163670 212265 162351 209870 162978 211187 162095 210179 1106
163208 212008 160761 208371 163833 212555 162781 210629 163222 211226 163001 211439 162185 209966 161683 209128 124637 161499 159798 207170 159855 206826 163550 212038 165200 214522 164641 213538 164045 212888 164963 213838 161818 209391 148327 192145 161594 209438 162563 210632 163593 212111 162277 210273 163093 211223 156888 203245 158593 205488 163976 212805 163927 212110 163631 211603 162711 210647 163757 211729 163006 210894 163855 212129 162625 211008 163915 212216 162115 210343 156380 202527 162302 210721 163947 212674 162860 211007 163633 211762 124581 161365 163343 211550 164596 213428 163941 212580 163724 212268 163240 211664 163049 211053 162694 211072 164109 213006 164608 213593 163925 212245 161458 209176 163482 211258 161962 209969 165193 213864 164138 213071 162934 211278 163718 212517 163142 211505 164405 213133 165427 214481 164597 213135 162111 209901 162387 210385 162975 211651 164682 212902 163212 211341 161483 209212 164409 212928 163468 212545 164019 212552 163215 211629 161311 208128 162326 210393 163509 211436 163976 212348 164201 212687 162287 210651 161581 208923 161999 209474 163530 212231 164795 213424 162212 209966 163483 212221 164770 213350 162810 211444 163342 211436 165041 213947 161732 209159 162248 210314 164562 213206 164354 212958 163769 212491 162809 211246 164050 212526 161900 209494 164721 213143 163434 212010 161482 209576 164470 212448 1164
157086 203329 163972 212881 163884 212578 164360 213426 164016 212262 162725 210951 164201 212517 164426 212819 165074 213825 157046 203372 163941 212231 164853 213580 149196 193148 162273 210048 163216 211183 164344 213148 165741 214752 165532 214510 164448 212888 163123 211599 166270 215305 164270 213166 156843 202996 164688 213939 160546 207927 162607 210735 123983 160618 166830 216443 161590 209461 163828 212397 164407 212978 162763 210447 165257 213547 165235 214649 166177 215305 163716 211611 162589 210526 162228 210189 164038 212264 164991 213486 163855 212437 159265 206061 163470 212127 162244 210514 163856 211671 164984 213430 166382 215428 164658 213415 164403 212667 149975 194593 164127 212364 164217 213289 162019 210147 155680 201567 163295 212354 164449 212845 164286 213281 162791 210932 164717 213416 165065 214479 163221 211334 164976 214023 162387 210442 164207 212621 157884 204706 163530 212231 165247 214102 164826 213661 165049 214156 164070 212066 164149 212873 162652 210241 165128 214382 162675 210731 165464 214283 164710 213603 165219 214264 165228 214319 164156 212871 163728 211790 164784 212938 164890 213519 165639 214885 165717 214876 163243 211698 164487 213378 164182 213133 160399 208187 164204 212815 163603 211837 161235 209004 157286 202889 164886 213633 125779 162941 164067 212619 163953 213033 163990 212364 164077 212854 146261 189715 165033 214167 1227
164838 213588 164781 213656 164564 212724 165241 214516 166266 215973 165768 215191 164194 212021 164248 213022 164628 213352 163874 212237 165341 214062 161138 208573 162821 211145 166081 215339 166220 215418 157516 204362 162567 209893 166608 215862 165691 215178 165923 214494 162383 210315 166345 215558 165332 214275 163315 211391 163637 211612 166858 215974 162931 210974 164437 213063 165452 214576 158628 205593 166528 216088 165243 213846 166153 215319 163226 210951 164618 212829 166164 215307 167230 216466 165980 214805 163595 212187 162203 210299 162042 210102 164728 213476 167389 217285 164627 212655 163390 211370 164325 213239 164616 213148 162202 209767 165994 214824 165496 214246 165509 213796 166013 215326 165836 215369 163101 211190 158017 204736 164215 213134 166296 215441 163521 212006 159894 207173 164347 212557 163205 211265 165035 214287 163749 212073 166004 215106 165724 214979 165620 214739 164817 213852 166210 215581 163956 212090 164714 213524 165240 214170 165011 213985 165315 214421 164132 212796 165833 215185 164016 212670 165502 214532 164776 213749 166291 215861 165666 214079 166787 215693 164893 213811 164902 213652 165574 214296 160472 208194 163587 211791 165506 214453 164875 213334 164936 213475 166909 216102 161791 209421 162740 210522 162331 209949 164416 212719 166050 215584 164446 212581 162765 210411 165198 214213 164116 211606 164960 214092 1012
165323 213686 165508 213842 167397 216469 160098 207431 126544 163571 165723 215009 166255 215457 164304 212557 164488 213406 167853 217173 165068 213601 161745 209083 165174 214113 167064 217096 165806 214903 163599 211959 150178 194689 167166 216888 165826 214332 167170 216723 163264 210958 162389 210181 165730 214224 165889 214910 166712 215628 164478 212965 165936 214969 166934 216450 165984 215413 166405 215624 166394 215763 166858 215735 167659 217060 164467 212976 164926 213314 162874 211164 166790 216068 165621 214148 165367 214368 164453 213162 165725 214315 165256 213753 166276 215381 166334 215905 165268 214067 163379 211456 159529 206973 165839 214781 164330 213217 164651 213432 142294 184143 167000 216612 164014 212516 165944 214948 165013 213912 166956 216079 159397 206290 166963 216431 164030 211739 165299 213718 165956 214482 163235 211646 162069 209732 165838 214714 165383 214459 165946 214469 164159 212141 166736 215772 165117 214206 164059 212101 166152 215466 163746 211751 166668 216363 167664 217402 165697 214645 165233 213929 165994 215250 164137 212645 149997 194703 165437 214804 167447 217256 165577 214673 166489 215941 162062 209724 165569 214407 166218 216061 165917 215553 124494 161526 165482 213987 166560 215800 165780 214646 166760 216753 166043 215660 165024 213486 147743 191601 166306 215193 166074 215254 164469 212932 166914 216078 166972 216206 1299
168346 218347 167307 216742 166962 216757 167802 217382 167252 216527 166219 215279 166588 215990 167140 216593 166858 216019 167818 217236 167129 216329 167295 216946 166005 214790 163459 211768 166609 216216 164233 212730 164215 212851 166578 216701 165345 214113 167321 216437 162028 209855 160174 207528 164074 212200 167325 216943 168198 217813 165790 214674 166867 216088 165976 215003 168447 218294 167917 217721 167187 216298 166587 216128 158956 205927 164613 213252 168356 218512 166987 216536 166902 216559 167654 217022 165684 215001 166718 215327 166170 215367 166697 216344 167852 217662 166406 215781 165701 214203 166595 215376 162034 209822 166700 215963 167276 216667 169139 219781 166192 214969 165207 213754 168745 218663 164359 212734 168085 217357 167096 216331 167838 218198 162805 210325 152288 197428 167029 216438 167404 217239 163995 212483 166775 215768 166028 215046 161277 207779 168707 218833 165709 214378 166733 216410 165389 214042 165213 213717 168313 218397 166990 216060 167282 216912 167379 216776 164613 213324 168604 218498 165287 214102 165136 214144 160712 207920 150472 194972 167892 217904 167891 217665 164338 213375 166838 215906 167749 217276 163752 211777 167430 217130 167516 216294 166193 215419 168261 218355 166681 215231 166368 215186 165104 214087 166879 216212 165222 214118 167115 216637 165546 214403 167708 217998 167798 217279 158130 204795 1217
165693 215263 167983 217923 168084 217279 167898 217542 167675 217602 168018 217264 164849 213770 165865 214927 167999 217698 166736 216000 164583 213166 165079 214283 166715 215614 125989 163121 167455 217144 168047 217714 168876 219023 168393 218453 168254 218161 168297 218114 169390 219178 168547 218663 168397 217940 167527 217171 166703 216270 165476 214777 167797 217132 167320 217217 168996 218573 167464 216657 167782 217589 166181 215369 168871 218623 166251 215059 166496 215802 164862 213492 166138 215185 163017 211185 167904 217709 168573 218565 168945 218869 168659 218999 169029 218374 166271 215356 168311 217844 168272 217795 167243 216915 169171 219194 168001 217823 167094 216021 166683 216070 164539 212665 168840 219005 167404 217124 167353 216755 168187 217898 167477 216685 168305 218096 167095 216948 168256 217882 168117 217791 165953 214808 165849 214586 167157 216141 167663 217141 166682 215906 169369 219203 167618 217214 163018 210578 169399 219079 167349 216952 166723 215925 168541 218490 152762 198235 169456 219437 166781 215679 152460 197309 168467 218327 167094 216813 167354 217016 166491 215642 163986 212321 165661 214470 150448 194872 165884 215351 168567 218516 168490 217770 167081 216075 166619 216232 165651 214275 165923 214913 163045 211302 165047 213732 167550 216944 168129 218610 167593 216948 167483 216469 166060 214854 166783 215632 167588 216474 1146
168174 217977 169080 219055 169839 219920 168906 219222 168716 218342 169150 218702 169755 219988 168099 217955 166725 216057 166315 215288 167192 216570 162928 210326 169375 219438 168152 217325 168647 218941 168646 218889 167290 216777 158506 205395 163824 211544 168213 217925 168051 217454 168091 218140 168057 217917 169150 219036 169247 219755 167992 217520 166734 215644 168534 218088 168006 218091 159905 207324 168788 218787 170006 219869 167634 217269 170152 220454 167284 217233 165743 214626 168040 217867 169980 219957 166981 216202 169015 219340 167817 217284 165532 214861 167637 217146 168425 218200 169369 219610 168672 218292 165396 213727 163567 211719 167179 216235 166634 216004 166899 215889 169916 220263 170718 221637 170126 221033 171153 221713 167200 216984 169625 220115 169543 219488 168650 218944 167884 217499 167913 218096 169745 219767 168450 218726 167173 216424 166323 215615 167137 215979 164170 212911 167942 216923 160464 208369 166714 215921 164830 213123 170120 220047 167433 216387 168694 218821 166744 216195 167853 217800 169581 219827 167142 215513 168808 218871 168547 218854 168726 218770 169747 219959 166517 215965 160665 207859 167712 217033 168477 218571 166549 215929 169152 219145 170674 221429 151962 196460 150184 193755 166586 215697 169244 219928 168778 219111 167793 217395 168714 219015 170371 220705 168398 217925 168137 218221 167267 216751 1222
170701 220845 168744 218298 166606 216166 168215 217651 170351 221048 169683 220215 168546 217945 168634 218547 167697 217616 170285 220851 167425 216806 169502 220412 166533 215671 169217 219345 170459 221292 165970 214728 169427 219839 170233 220468 168955 218865 169481 219695 168799 218728 170216 220223 152847 198188 170726 221213 170061 220092 168687 218141 170548 221179 167767 216662 169102 218816 168299 217785 168930 218059 168396 218370 166416 215507 169581 219434 168429 218345 168329 218155 169579 219902 171211 222183 170115 220266 165691 214469 170650 220937 154841 200287 170919 221627 167202 216722 170486 220615 170941 221691 170481 221061 168327 218464 166456 215667 153470 198848 169044 218593 165725 215329 170156 220654 167039 215786 170686 221223 168492 218278 169881 220007 166469 216148 169702 220209 168416 218311 168915 218893 169176 219590 169528 219768 167908 217733 169738 220122 168127 217839 166838 215814 170518 220981 168933 218646 167807 217177 168403 218249 170177 220607 170281 220836 168058 217950 167025 216706 168547 218008 164114 212368 169234 218979 168606 218589 165478 214400 168963 219207 169052 219247 167986 217257 169658 219999 168346 217773 168523 218424 169630 220172 168148 217922 170128 220001 166741 216006 170559 221296 169489 219826 169232 219015 170060 220246 169756 219529 168459 218492 168882 218926 168735 218877 169467 219276 168372 218731 1108
169324 219810 169237 219087 166781 216029 170658 220813 169931 220603 169717 219943 170547 220622 169977 220538 171067 221891 170453 220608 169047 219411 128876 167282 129198 167615 169804 220375 170133 220638 169711 219599 167578 217127 171177 221478 169097 218749 168524 218176 164223 212468 170051 220146 169559 220151 168337 217488 169316 219613 170154 220316 169604 219767 169779 220596 169254 219392 171587 222749 169996 220314 168047 218137 168213 218484 170573 220944 169912 219609 169907 220058 166653 215319 170962 221424 169708 220120 168573 218728 169076 219130 168536 218046 170710 221391 167814 217917 168681 218750 168387 218102 170668 221145 172055 222888 169481 219746 172051 223199 171288 222197 170610 221046 170515 220607 167926 217317 170178 220483 172010 223135 169860 219611 169396 219692 171351 222466 171294 222022 170603 220936 168732 218667 170093 220679 170942 221535 168429 218535 170499 220892 171036 221665 169617 220337 169941 220444 168881 218577 169141 218771 169683 219986 169611 219193 165618 214902 169082 218585 169355 219741 169765 219736 168876 219035 168942 219081 168486 218469 169726 220067 171304 221971 168330 218453 171497 222703 170456 220699 167882 217495 167413 216929 169795 220364 169378 219188 169972 220160 170742 221170 170588 220930 167746 217435 169990 220000 170995 221587 162556 210804 170548 221096 166200 215226 170394 220661 169703 219378 1307
170187 220840 171516 221949 172030 223364 172756 223724 171112 221547 173069 224456 167172 216760 171475 221845 170829 221249 170336 221073 171151 221878 170849 221707 172044 223149 172777 224291 170858 221590 170384 220594 130605 169081 171952 222497 168756 218831 169128 219087 170352 220843 168071 217602 170569 220461 167020 216293 122635 159073 170383 220773 171471 222307 167444 217296 170587 220917 171451 222478 170573 221127 154528 200019 171811 222251 171607 222935 168236 217720 170089 220101 171480 222016 164172 212545 171351 222332 169770 219926 169892 219960 170010 220825 170859 220960 169935 219768 171780 222792 169062 218520 172955 224557 169307 219544 172488 223728 169769 220016 171411 221913 172070 222811 173085 223987 169608 220144 130037 168580 172532 223768 170553 220366 170717 221000 168158 218167 167763 217493 167068 216094 172148 222885 167045 215763 169496 219305 172526 224331 148960 192312 167936 217485 170365 220684 169924 220029 171471 222102 169822 220197 169691 219661 170937 221329 168735 218428 170534 220130 169969 219825 171423 222382 169824 219328 167381 216793 169988 220070 169869 220319 171162 221101 170688 220515 168357 218216 170088 220452 171128 221769 169832 219820 171681 221999 170367 220844 170840 221374 168867 219513 169346 219260 171138 221793 170037 220176 168908 218634 169238 219441 167432 216961 169707 219600 169439 219299 169069 219026 1184
170078 220252 171014 221248 171274 222022 172174 222981 171219 222316 172237 223123 169921 220014 169114 218317 171713 222317 167952 217581 168665 218211 173076 224567 169280 218756 169996 220427 169285 219505 173060 224508 165221 214049 171391 222226 167682 216577 172539 223433 172034 222940 171303 221798 167322 216533 171341 221454 171869 222329 171998 222204 172750 223745 172007 222721 172205 222738 171110 221585 172433 223438 170508 221090 171269 221832 172262 223302 173222 224094 171757 222839 172474 223486 172177 222972 168812 218384 171037 221486 172141 222879 173820 225265 171121 221340 171270 221235 171585 221933 171228 221607 155985 202380 173250 224662 170531 220836 172756 223864 169138 218704 170245 220898 172210 222908 171890 222551 171121 222148 172862 224079 169411 219310 170383 220347 171915 222703 169032 219102 172186 223023 171398 221249 167508 217399 170446 221127 172312 222879 172429 223933 171955 222494 171180 220909 169298 218913 171561 222568 171362 222660 170902 221644 172788 223810 171357 221571 173288 224973 171330 221757 170600 220428 153987 199361 172621 223658 173668 225348 170983 221447 171606 222544 171936 222853 172921 223953 170581 220490 170446 220581 170248 220490 171963 223337 170222 220769 169416 219424 172814 224666 171858 222703 170451 220466 170224 220335 172239 223171 172180 222589 170754 220943 172352 223558 166916 216213 169264 218826 1163
173110 224522 171351 221625 174391 226230 174046 225501 172083 223297 170591 220781 171773 222890 172818 223791 169371 219153 171246 222021 173127 223867 172868 223733 168932 218347 172945 223482 170610 220918 172049 222773 172339 223014 172514 223518 171472 221964 173638 225013 171288 222038 174786 226168 172771 224051 172563 222857 171475 222536 170464 220807 173065 223638 153725 198657 172485 224214 173795 225256 172458 224059 173292 224393 172514 224062 174234 225382 173816 225090 173246 224609 171616 222085 171763 222307 170739 221262 172756 223284 173824 225260 171640 222331 172288 223392 173901 224797 172849 224097 171759 222595 172334 223374 173690 224852 173738 224856 171359 221839 170713 221521 172640 223686 170502 220847 172651 223140 171709 222692 172889 224070 172486 223994 172750 223327 174001 225653 171948 222542 153014 198039 172448 223626 175137 226828 172522 223956 173660 225251 172349 222846 172649 223642 173906 225635 171788 222316 174085 225517 173574 224936 171057 222152 173519 224299 173052 224212 172503 223571 172155 223032 171869 222005 171862 222521 169967 219979 171765 222219 172021 222835 164358 213389 170214 220593 174268 225862 173822 225662 171950 222244 173805 224980 172243 222376 171590 222206 170790 221098 172378 223274 172349 222888 170770 220369 170730 220976 174073 225878 169644 219549 172346 223780 172270 222741 169205 219386 172237 222773 1206
174867 226508 169645 219085 169703 220157 173249 224578 172560 223480 173627 224618 169033 218247 174735 226290 170681 220989 173344 224612 172533 223859 174376 225954 172943 224077 171656 222500 169792 219482 172899 224253 170731 220970 171359 221471 173434 224313 171170 221904 170301 220722 174277 225637 174133 225580 173425 224605 174606 226066 172704 223916 172426 223649 171559 222257 174016 225162 173543 224895 172208 223198 172144 222924 171986 222683 173144 224088 171312 221983 174190 226290 164815 213700 173769 224950 165221 213592 172276 222994 174109 226201 167947 217957 173025 223161 171986 222448 173917 225079 173956 225453 172929 223998 170687 220776 174111 226128 173109 224604 171942 223079 172357 223327 173413 224683 172505 223537 173151 224558 172560 223755 173465 224178 173485 224585 166495 215947 173200 224293 172889 223952 173576 224761 173669 224945 172506 223236 174021 225298 175022 226650 172944 223696 172439 223485 174554 226407 174212 225024 172400 223045 173423 224904 174046 225225 170512 221214 172264 223449 171251 221935 175331 227271 173706 225417 175175 226514 173807 225769 166300 215785 173041 224543 174897 226853 171792 221811 173093 224177 173154 224119 172460 223267 173323 224413 173321 224520 170415 220993 173832 225338 172979 223813 172672 224031 172914 224045 169338 219623 174113 225572 173901 224856 174427 225293 173903 225464 171879 222076 1138
174893 225929 174640 226350 172104 222954 174892 226394 175287 226825 162587 210887 172732 223639 174307 225757 172118 223205 173625 224110 174260 225677 174861 226385 175359 227545 173983 224912 174451 226075 170709 221047 175606 227853 174240 225664 173971 225147 175710 227568 174270 226089 175683 227386 173896 225595 173693 224947 173595 225048 168694 218591 173040 223836 174306 225256 175611 227818 174312 225894 173774 225454 158402 205113 173362 225085 173920 224893 173578 224318 174048 225552 173696 225355 173839 224911 173632 224286 167286 215988 173565 225261 169945 220355 174371 226459 172531 223117 175593 227563 173428 224988 174891 226409 175005 227066 176046 227276 173409 224137 174892 226494 174083 225672 174882 226825 172341 223250 173229 223716 173881 225455 173162 224089 174247 225315 173284 224920 173715 224906 176275 229015 174279 225551 173854 225007 174464 225897 166224 215381 173367 224783 173034 223937 174080 225156 173247 224793 172112 222808 174614 226130 173752 224497 171688 222364 174154 225393 173700 224660 176052 228150 171827 222325 170315 220877 175310 227518 170194 219681 169730 219213 175441 226539 171400 222124 175463 227212 172195 222430 169148 218187 172371 223167 174647 226831 174907 226386 174750 226398 169716 219988 158285 205440 171558 221981 171677 222496 173897 225026 172479 223202 174024 225585 175384 227028 174001 225739 172866 223988 1270
172821 224318 174926 226735 175370 227290 174708 226475 175503 227309 176341 228954 175064 226993 174361 226057 176095 227506 173533 224311 175238 227533 168401 217387 173890 224978 174934 226734 175543 227511 174575 225670 173873 225461 174703 225764 174012 225651 175020 226939 174906 226326 171854 222489 173672 225193 174293 226467 175258 226532 175074 227406 175776 227790 173477 224781 173872 225357 175520 227688 174589 226146 167006 216186 176644 229286 169787 219328 176003 228070 175436 227211 175709 227341 176496 228708 172061 223027 175464 226515 174125 226111 173550 224678 174934 226325 174592 225824 176560 228171 158894 206144 175954 228138 175495 227497 174134 225738 170251 220507 174758 226344 174821 226101 175891 228115 173789 224991 175165 227074 172979 224142 175753 228240 175010 226584 173997 225605 173957 225161 175585 228027 174295 225805 175218 226816 175561 227997 157149 203798 174020 225796 175452 227295 171436 222128 174284 225489 173656 224425 172544 222961 175432 227468 171621 221490 175170 226769 173860 225322 174139 225346 173642 224473 174700 226487 175937 228136 174398 225913 174291 225571 175277 227405 175361 226618 175937 228286 173568 224522 174555 226307 176446 229053 175957 228282 158220 204957 176786 228939 174355 225911 165669 214842 175238 227240 173927 225217 175194 227160 173224 223985 175339 227795 175811 228427 174007 225487 174064 225345 1237
176812 228919 173389 224769 175990 228360 175551 227564 172636 223263 172723 223812 177841 230339 173159 224472 173325 224552 176533 228807 175069 226644 177351 229292 166472 216016 173324 224394 176580 228488 175831 227861 174824 226402 175676 226764 176394 228007 177201 229793 173931 224923 174316 225303 175399 226827 134557 174174 174476 226014 171575 222387 176839 229691 175487 228031 174821 226440 176785 229110 174382 225865 174609 226873 175473 227240 175306 227029 167116 216595 175004 226937 175645 227948 176478 228246 173700 225015 175602 227157 176902 229571 174673 225986 176426 228407 177002 229109 177635 229975 173406 224085 177007 229705 176478 228231 175457 226970 174292 225801 176665 228950 173659 224304 174119 225395 176431 229071 173026 224253 173350 224265 174882 226743 173866 225136 176413 228210 176861 229123 173702 224714 175982 227823 176653 228845 174528 226162 176678 229049 174846 226300 176277 228673 175059 226420 175530 227092 175589 227434 175286 226976 175827 228243 174256 225982 175932 228113 174927 226201 172645 223994 176412 228827 176824 228940 176461 229067 174868 226849 176279 227759 175883 228127 173390 224458 172869 224285 175252 226440 176040 228238 174237 225353 173823 224900 169606 219454 159740 207314 175186 227174 176766 229337 175341 227300 175109 226356 175595 227339 174841 226621 176043 227691 177179 230075 133442 172895 177615 230264 1283
174596 225972 172765 223460 176964 229016 176205 228527 177239 229853 175165 227302 175708 227479 178022 230498 176857 229590 173649 224684 176400 228577 171402 221137 174322 225869 173732 225360 176042 227756 175323 226996 172792 224324 158193 204892 172316 223527 176616 229109 177776 230238 177961 230480 174939 226093 174496 226027 170878 221360 176812 229361 176997 229056 176156 228156 164199 212946 176370 228649 176754 228826 176196 227687 176712 228376 175543 227373 177569 230024 177478 230027 174007 225255 176327 228673 176053 228067 176474 228439 177395 229273 176974 229158 177612 230428 173009 224205 175208 226945 175636 227898 175583 226662 177009 229533 178873 231088 177108 229228 174948 226348 170919 221018 177826 229860 175635 227452 174984 226553 176054 227407 175306 226595 178458 231066 176206 228235 177064 229098 176837 228994 175529 227251 177921 230161 177013 228847 177864 230285 176945 229620 134133 173943 176371 228728 179458 232195 178045 230549 175870 227931 177428 229393 160479 207662 177740 230552 176283 227820 176656 228806 177338 229993 178059 230902 173979 225854 177109 229226 176673 228211 176554 228251 176920 228668 173643 224824 175770 227911 176846 228984 175977 227523 176333 228752 177430 230012 176055 228137 177774 229834 167489 216867 175682 227435 176324 228561 178674 231208 175344 227258 174627 226081 174264 225623 178624 231387 178049 230930 1271
177338 229905 177157 229325 176201 228456 174693 226193 134605 174600 177821 229606 177977 231155 178248 231040 177373 229774 160875 208350 173673 225123 179598 232040 177589 230289 175847 227746 178099 230652 174307 225924 177143 229568 169344 219716 179248 232410 176453 229118 170280 220646 177200 229588 177182 228720 178329 230723 176180 228145 174375 226074 178927 231593 160821 208872 178819 231840 175975 227809 178092 231102 177520 230144 174875 226673 174985 226779 176669 229272 175312 227165 173833 224482 177883 230471 177805 230182 175271 227132 176440 228581 179219 231852 175690 227259 175272 226619 177358 229758 177571 229866 175904 227887 178199 231197 177250 229631 176064 227736 177236 230079 173223 224411 173866 224825 175987 228373 174456 225914 178037 230446 178256 231106 180188 232957 175646 227072 177717 229366 176833 229451 170621 221402 176768 228903 166650 215770 178146 230701 177107 229572 177345 229627 178346 230958 178144 231207 178563 230853 177290 229688 178069 230586 176280 228435 169274 219380 177127 229777 177141 229363 177722 230415 177137 229680 177792 230711 178196 230696 176876 229300 175680 228012 176768 229178 177109 229895 177497 230115 135149 174876 178015 231118 176955 228818 179011 232098 176982 229371 178193 231107 178228 230965 172968 224192 176489 229122 177871 230436 176327 228506 134380 173749 179079 232234 177546 229355 175590 226922 1161
178709 231794 179590 232594 178839 232506 177037 229312 176134 228033 174244 225651 177719 230292 167631 217287 179548 232726 179091 231766 176385 228082 177907 230793 177108 229867 180538 233068 178963 232272 178174 230393 177969 230525 176704 229032 178472 231340 178329 231514 179053 231960 179118 232520 178060 230844 178583 231106 176426 228624 178833 231451 176700 228968 177555 229666 179777 232890 178684 231029 178778 231904 177801 230544 178265 230930 179645 232740 178349 230840 179347 232166 178027 230624 178405 231470 178087 230170 176912 229081 178686 231417 174704 226464 173501 224514 177068 229530 178556 231440 175965 228064 177353 229556 178845 232170 176276 227647 174260 225927 178062 230978 176956 229455 178821 231445 178294 230881 178172 231052 177999 230589 180648 234622 177695 230615 178879 231526 177720 230131 179070 232531 178510 231138 177063 229198 178736 231910 173050 224282 177442 229469 177676 230646 175759 227328 178093 230764 176459 228998 175895 227652 176494 229051 176640 228965 175544 226723 180189 233013 180500 233203 178202 230802 178133 230276 177132 228650 179725 233158 178811 230987 176203 228384 179960 232808 179465 232831 178020 230767 179234 232044 177192 229541 173180 224682 177681 229772 176495 228398 177497 229663 177413 229574 178096 230393 169846 219932 176143 228503 177357 229703 179779 232211 179456 232618 180001 233398 178877 231185 1351
179716 232508 178972 232005 174793 226739 178849 231731 179779 232923 178499 231394 180940 234825 178889 231994 179477 231896 177109 229318 179208 232224 179873 233165 177421 229557 180522 233677 177281 230063 179585 233003 180721 234202 180463 233578 176369 228474 169086 218158 179919 233045 175009 226152 175330 226961 179977 232929 180470 234281 179494 231865 178005 230447 180428 233707 179718 232866 179924 233164 179462 232610 177721 230461 177768 229783 178403 230882 180903 233700 179104 231667 163287 211489 180872 234238 179955 232826 179431 232295 176076 228028 178393 230932 179439 232381 178655 231253 176309 228109 180018 233398 178777 231478 178730 231706 176942 229492 177291 229768 179016 231994 180948 234161 177615 229970 180369 234385 178554 231155 170544 220998 180340 233098 179001 231164 177546 229817 178964 232303 180111 232703 179085 231620 179789 232595 179064 232169 177915 230468 181330 234752 179428 233123 179885 233528 178730 231141 179678 233314 166312 215385 176738 229150 178434 231112 176218 228239 179014 232052 178807 232145 179129 232692 176533 229365 175555 227504 178253 230939 178363 230757 177827 230150 171357 221551 178011 230053 177733 230378 178758 230878 179774 232635 180307 233394 179782 232879 173818 224864 180456 233616 178645 231643 169670 219359 175279 227379 180616 233941 178726 231186 177962 229988 178840 231737 179648 232579 175476 227573 1317
179545 233022 173463 224810 178421 230866 178963 232001 179031 231680 180777 233959 179649 231859 176376 228661 176109 227750 175694 227826 178926 231066 179332 232320 179954 233058 181163 234654 181270 235168 179267 232256 180580 234005 179445 232656 180877 234783 176792 229228 180128 233775 178067 230409 178530 231416 172292 223276 181258 235245 181018 234472 180291 232820 180074 233376 176501 229122 180455 233637 178815 231417 179267 232491 179023 231749 178623 231147 179219 231869 181167 235003 180658 234454 173841 224809 182103 235419 180559 234305 179479 232770 179430 231854 180270 233335 181042 234397 177931 229651 179695 231908 178379 231163 179869 233065 180403 233156 177191 229258 176291 228726 179827 232999 179604 232450 180324 233783 178156 230491 180502 233363 180301 233158 181046 234778 179113 231886 180352 233655 170847 221139 180611 233820 180928 233939 177407 229832 180452 233555 180619 233759 173831 225142 179398 232072 163647 211756 179411 232019 180636 233899 181294 235362 179100 231853 179569 232833 180053 232975 179833 232873 181126 235551 177859 230064 179612 232832 181182 234888 176205 228238 179118 231753 179824 232674 181611 235272 178804 231233 179312 232488 179318 231851 180058 233605 179962 233313 181419 234397 179777 232811 180971 233819 178062 230379 159514 206106 180201 233668 180892 234760 180908 234850 175663 227348 179977 233258 171841 222462 1162
182289 235378 178331 231095 182097 236139 180248 233061 182005 235361 181055 234573 181968 236003 178952 232040 180041 232739 179654 232078 182180 235984 179942 233160 178789 231921 179260 232444 180444 233990 180666 234740 178011 230290 176830 228228 179886 233097 180892 234381 181296 234403 180647 233834 180854 234617 181271 235185 182203 235791 180759 234514 178651 231105 174830 226050 177582 230104 179533 232732 178982 231923 182305 235824 178310 230992 182746 237373 179009 231588 180397 233486 179439 232493 174576 225878 180635 233984 179739 232566 178940 232066 181180 234025 180681 235005 182244 236095 179611 232577 180922 234914 181851 235580 176962 228828 181897 235078 181529 234987 181528 234562 176864 228687 179995 233163 180382 233151 178853 231621 180896 234163 179272 232616 182163 236655 181855 235551 179116 231601 181011 234307 180595 234340 181478 234815 177885 230403 181060 234622 179335 232216 173073 224601 172766 223743 179489 232427 179429 232452 181309 234561 180426 233816 180206 233160 177997 230404 180128 232991 182130 235965 181912 236326 178350 231435 178085 230266 170117 220332 180162 233245 178520 231307 174376 225281 160606 207802 181898 235774 181015 235176 161194 208484 179162 232245 179091 231900 179094 232300 181414 235857 180097 233241 177429 229652 182745 236486 181485 234610 181470 234960 181180 234609 168562 217968 179630 232673 181363 234552 1411
183656 237886 180041 233628 181828 235499 182049 235961 181153 234136 179161 231593 182361 236138 182751 235919 182114 236029 180152 233102 180641 234301 182170 235519 180946 234761 181221 234878 180611 234271 184342 238886 182022 235902 181445 235244 182709 236761 181689 235448 178454 231194 180857 233823 181310 234701 182324 237056 182533 236334 180081 232679 182248 236235 173124 224436 181985 236338 181575 234464 181295 234520 181712 235662 180730 234209 181449 235392 182301 236392 179402 232323 182773 236479 179474 232585 182184 235810 181845 235975 182562 236414 179890 232859 181928 235294 180484 233529 181816 235791 179828 233329 179866 233252 181764 235870 181335 234916 181505 235431 182847 236672 179951 233269 182769 236530 180776 234406 180791 234322 182284 235568 181290 234362 179277 231988 183024 237298 181859 235639 181759 235608 180417 233659 180114 233151 180964 234419 179623 232609 180080 233451 177286 229563 180964 234608 179831 232292 183268 236955 181063 234790 180404 233763 180037 232802 181818 235816 181047 233997 181324 233861 182357 235961 183384 237360 181812 235233 181649 234963 177938 230781 180969 234787 181821 235954 182102 235864 179560 232561 178134 230448 180522 234065 180235 233608 182450 236127 178917 232328 182061 236172 178396 231369 182415 236278 181053 234160 183571 237983 180930 234417 180251 232556 180158 233508 181435 235044 180731 234081 1259
179538 232503 181929 235491 181400 234857 182277 235888 181992 236413 183845 238046 182593 236565 181305 234806 183493 237234 182132 235526 182841 236859 182526 236814 182141 235905 182359 236442 182141 236075 183224 237477 183434 237636 181832 235798 181136 233974 165808 214747 180810 233896 185005 239517 182711 237134 182410 236413 184062 238307 182699 236292 181366 234703 182350 236234 182811 236623 182107 235441 182412 236311 180393 233474 182415 236405 182945 237360 183435 238117 182842 236804 178767 231561 181713 234945 179628 232604 181051 234246 182758 236787 183638 237716 181553 235637 177853 230281 180307 232542 180159 233478 180343 233533 182178 236034 180630 234049 181707 236368 181864 235722 181017 234402 181868 235933 181983 236182 182572 236809 183397 237433 179881 232344 179843 233016 181545 235315 181527 234623 182252 236486 178424 231235 182762 237053 181693 235419 179673 233055 182418 236289 182486 236197 183062 237671 181530 235310 181047 233727 176710 228203 183120 237010 182789 236141 138810 179619 137904 178349 179510 232127 182086 236899 180208 233513 183093 237780 183323 237797 182058 235119 183081 237946 180857 234385 184006 238620 179796 232571 182139 235926 180604 233921 181099 234712 182123 236456 183082 237158 182001 236025 182071 235912 181294 234245 180577 233944 182981 237332 181344 235088 183316 237601 182943 237160 180199 233598 183138 237197 1337
183333 237501 183048 236742 179666 231742 179643 232633 180891 233944 182444 236400 180086 233357 176300 228371 181904 235881 182558 235938 184237 238563 178362 231110 181978 234821 184303 238866 181790 235398 182967 237817 182306 236058 181253 234911 183637 237630 182506 236766 182510 236523 181590 235169 182488 236154 184131 239066 185743 241088 182322 236183 183521 237993 183669 237805 182385 236471 183076 237276 184303 238812 182794 237024 182831 236510 184564 238974 183082 237638 182316 236862 183627 238097 181494 234663 181899 235307 182508 236149 183611 237330 182145 235720 184532 239052 183017 237165 183050 237183 182515 236480 184665 238856 180007 233190 175617 227157 182087 236082 183614 238057 183644 238421 183898 238359 182756 236699 182136 236092 181303 234920 182509 235848 184222 238701 182721 236618 184692 239142 182133 235965 182469 236498 182802 235760 183258 237470 183180 237076 181608 235338 181013 234593 183027 237461 184200 238406 181831 234933 184459 239129 165016 213922 184127 238593 182663 236389 183110 237172 183694 237269 180314 233377 183189 237148 181262 234520 183001 237118 181526 235156 182722 235784 184175 238874 184035 238502 182844 237016 180963 234079 183773 237710 180242 233364 184411 238657 182744 237585 180534 234196 182358 236826 184060 238710 182476 236454 182693 236077 182678 236331 184003 237757 182732 236873 183109 236688 184822 238958 1331
183212 236877 184268 238981 184731 239345 174840 226428 184227 238890 183970 238144 185263 239740 184221 238650 183405 237341 185552 240207 184917 239493 183463 237244 184463 238725 184062 238408 181574 235310 183098 236948 180676 233722 183979 238808 184315 238649 183799 238829 183144 237241 184154 239125 182072 236037 182932 236926 183693 238124 184194 238823 185518 239978 184813 239710 185672 240397 185666 241012 184319 238329 182699 236914 185141 240145 182957 237091 183481 237638 185567 240565 185783 241033 181343 234045 181794 234909 184048 238054 184012 238606 183544 237672 184983 239615 183155 237280 174351 225548 184992 239679 181941 235640 185951 240451 184236 239042 182728 237082 184107 239204 183283 237219 182115 235235 184636 238774 178496 231051 185683 240101 182527 236674 183011 237171 184581 238848 184322 238919 166920 216534 182144 236096 183603 237706 180727 234375 183917 237705 182890 236794 184375 238519 183001 236999 182340 236178 184568 238886 185399 239845 183172 236976 184395 238868 183648 237682 183251 237591 181265 235008 183224 237002 184548 238875 183135 237185 181367 234470 183927 238133 185281 240496 183143 237501 183485 237884 183228 237377 184955 238843 186192 241665 183831 238462 185134 239559 185050 240051 185960 240330 184022 238043 184322 238012 181382 234848 184282 239078 182428 236330 180635 234308 183745 237921 181776 235585 182250 235807 1332
186211 241094 185234 240438 182262 236463 184680 239361 185023 239658 183956 238498 185461 240223 182882 236990 176738 228945 183185 236660 181389 234897 168142 218070 186046 240827 184476 239056 182938 237197 177549 229113 183964 238560 183327 236733 185687 240851 184867 238939 185485 241094 185277 239468 184416 237962 183828 238546 177617 230289 183482 237439 185272 240536 184232 239242 185334 240489 182965 236527 185822 240926 183412 237389 182493 236635 179469 232408 185382 239682 183182 237453 179322 232001 183301 236902 184336 239027 181272 234841 185488 240007 186131 240470 187318 242335 180934 234402 180445 233552 185003 238910 181617 235498 183591 237985 182035 235635 175376 227474 183725 238467 185948 241098 182548 236411 185453 240618 183870 238032 185650 240168 182614 236299 182560 236757 184383 238209 181415 234534 184499 238131 184553 238974 185665 240154 185233 240059 186935 241085 184707 239245 186944 242439 185129 240046 184064 238397 182952 236934 186234 241194 185709 241073 184912 238666 184478 238612 185533 239853 183442 237174 185188 239638 183447 237127 183742 237786 184830 239338 186560 241358 183212 237236 184260 239353 184451 239005 184055 238449 186328 241792 168193 218141 180885 233667 184090 238307 185116 240124 182141 235807 186094 241183 184682 239263 185112 239791 179826 232995 182706 236185 185344 239840 184717 238566 184563 238579 184326 238860 1336
178188 230989 183819 237556 186233 241183 185081 240220 186025 241060 181467 235571 186505 241943 185460 240268 184254 238266 186306 240648 183459 237746 180711 234216 184890 239273 186778 242242 184640 238902 187122 242463 184772 239464 183127 236844 186039 241194 185707 240488 186658 241914 186983 242134 184267 238797 159258 205512 185845 240165 180788 233673 186002 240830 185800 240666 181739 235067 185153 240032 186008 241071 184587 239320 185219 239862 184242 238837 186071 240644 182765 236334 184688 239324 184701 239350 168038 217745 186467 241920 184729 239571 186838 242004 184629 238930 185611 239985 185466 240294 187476 242835 184845 240044 185437 240207 187184 242119 186301 241337 185734 240349 185391 239878 185659 240649 186122 240921 165765 214284 141345 183285 186022 241075 184609 238965 181581 234573 181835 235838 179984 233241 188232 244035 183785 237942 186918 242464 185297 239908 182281 235908 185695 240682 183312 236692 185991 241336 182383 236045 184509 239203 183843 237992 183219 236999 184894 239507 185812 241178 182750 237028 184866 239549 168249 218274 184768 239724 187106 242902 181641 235208 182180 235759 166512 215536 186088 241105 185707 240123 186060 240341 175990 227380 186563 241825 187420 242947 184419 239032 184917 239664 185857 241173 185738 240405 186881 242135 185333 239897 186470 241801 183734 237961 184725 238840 185001 239036 186055 241281 1331
188743 244468 183731 238011 185028 239315 187276 242381 186117 240793 186769 240915 185085 239953 170768 220985 187070 242130 185643 240530 185750 240943 184390 239099 186975 241834 186729 241488 186190 241636 185673 240504 187250 241710 184205 238052 186403 241484 184692 239070 186550 241457 186160 241143 187047 242268 178004 230966 186758 242484 185638 240209 184004 238654 186241 240948 183655 237563 178446 231274 185543 240572 186664 241437 185475 240304 188188 243551 187237 242691 141500 183243 188409 244388 183098 236526 188003 243639 187224 242395 184955 239805 182359 235866 185458 240213 185794 240351 181928 234740 185472 240384 185313 240350 186147 240602 186139 241357 188269 243498 187043 242211 185528 239303 184871 239339 182883 236746 185365 240316 185427 239987 185746 240172 184127 238675 186498 241275 186080 240847 188619 244451 187098 242188 179582 232238 185550 240377 182918 236985 184119 238557 183937 237926 187538 243304 186010 241401 184556 239132 183597 237501 185801 240924 185563 239657 186373 241463 183408 237297 186310 241256 182805 236838 184128 238305 167612 216818 183309 237670 183781 237628 185288 239575 186093 241184 186989 242664 184581 238670 186311 241764 182429 236240 186212 241227 185237 239723 187730 243295 186560 241917 186895 241415 186122 241093 188323 244342 187223 242466 165469 214300 186945 241372 187280 243051 187119 242169 185859 240219 1332
187631 242825 187617 243277 184287 238905 185892 240877 186391 241445 187752 243146 185077 239799 186075 240276 186491 241187 186991 242056 182279 236011 188603 244158 185650 240030 189510 245456 186183 240870 186486 240997 188352 244216 187478 242740 188298 244442 188210 243443 184800 239343 184533 239317 185544 239916 188070 243675 186181 241102 186264 240715 187594 243032 186663 241336 187242 242718 186866 241891 187188 242258 185976 240687 184549 239065 186675 242173 186209 241447 187860 243438 187298 242364 186699 242346 187107 242139 185740 240733 188262 244186 185394 240741 184645 238992 185902 240268 189557 245768 189168 244485 186405 241759 185288 240511 188081 243376 187570 242849 184668 238818 187995 243365 184356 239362 188414 243820 186706 241716 186568 241559 186158 241347 187877 243732 188925 244582 186618 242099 186325 240808 184800 239264 186570 241165 189009 245085 187459 242615 185379 239652 186605 241009 185883 240571 188236 244057 186125 240342 186588 242154 188865 244690 186259 240957 188216 244081 185287 240302 186423 241080 186613 242001 187802 243423 186111 241255 183272 237131 182084 234928 188562 243999 182994 236748 185617 239856 185738 240854 186901 241873 186095 240898 187193 242455 184812 239155 186582 240986 186012 240838 188163 243861 187751 243267 187986 243204 188447 243673 183773 238240 166824 215782 187589 243111 189137 245154 185068 239298 1327
186641 241647 186354 241540 186847 241477 185399 239886 189424 245805 186799 241509 188034 243913 176950 228646 188858 244763 188093 243786 188736 244928 189296 245367 189503 245335 187829 243268 188553 244542 186552 242023 185450 240253 186114 241317 182956 236399 187878 243251 188038 243613 188142 243916 187462 242378 187839 243907 190596 246434 187380 242528 187717 242532 187563 242303 189206 244755 186995 242467 186754 241891 176518 227996 189087 245003 188364 243994 187986 243011 185471 240076 188953 245118 187222 242449 187652 242350 182592 236212 186255 241602 188305 243884 189265 245478 187890 243501 188864 244127 187049 242643 189042 244796 187569 243574 187523 242836 186584 241804 186760 241952 187967 243294 181987 234936 182087 235692 189005 244845 187805 243086 186344 241967 187879 243080 179539 232807 184746 238721 188562 244495 188643 244660 185240 239580 187322 242498 187765 243216 187877 243524 186507 241259 186594 241585 188076 243834 185766 239688 183655 237548 186265 240786 187238 241786 189937 245754 188164 243933 187473 242804 170144 220407 187815 242914 188033 243131 189955 245536 187661 243503 187947 243656 189243 244893 187897 243369 183959 237917 187167 242586 186239 241221 187702 243055 184989 239135 189248 245165 187854 243248 190550 246568 188391 244295 186612 241557 187428 242747 187460 242519 185655 240708 187899 243211 187943 243673 189271 245497 1336
190024 246359 188536 244868 185769 240809 187756 243268 189686 245548 189124 245222 179522 232191 188672 243891 190464 247270 187380 242784 187416 242503 188655 244701 189207 245077 183970 238479 181825 235275 189735 245927 188454 244245 186440 241301 190046 245731 188655 244283 188241 244054 191391 248155 190632 247058 187250 243030 186635 241715 189770 246329 187664 243509 188340 243848 189826 245079 185275 239684 190765 246937 189428 244864 188279 243387 190389 246337 190527 246571 188075 243898 187846 243563 188891 244633 187469 242701 187425 243133 187836 242992 187594 242715 189499 245844 188157 244535 187306 242952 189639 245851 188068 242516 188000 243674 188606 244304 187784 243398 189209 244861 169080 219206 187223 241985 189136 245155 184615 239346 187830 243298 190209 246268 189423 244946 188298 243108 189594 245153 180356 233895 186963 241993 189717 245660 190318 246541 189084 244418 186942 241562 187949 242980 189899 245624 188091 244007 188305 244029 188382 244027 186376 241286 185638 240506 189174 244835 177742 230435 190047 246225 187883 243500 135209 175185 190029 246069 188194 243266 185299 239686 187990 243684 189160 244952 188464 243696 187638 242769 188749 244502 188815 244806 188767 244309 188372 243530 180472 233707 190322 247031 188839 244723 188349 243945 188980 245298 188102 243805 188723 244204 190538 246183 188238 242988 188962 244789 188299 244199 1337
189230 245286 189809 246162 187476 243124 187858 243402 188829 245128 188162 243444 190911 247150 189162 244714 190650 247156 189586 245594 189357 244931 189839 245227 181210 234571 180044 233015 189532 245241 188852 245123 188164 243343 189131 244764 190350 246816 187828 243430 188840 244069 190622 246541 189599 245164 187178 242414 189996 245181 189850 246064 181739 235119 189640 245678 191816 248328 190442 247030 188087 243341 189648 246160 188287 243971 189916 245859 187657 243190 191371 247866 187098 241854 191757 248382 190873 247643 190453 246863 190351 247221 187728 243135 188309 243178 188785 244181 188610 244902 190910 247046 191729 248412 190570 246507 185698 240379 186125 241045 188604 244251 188739 244496 190159 246358 188397 244010 171281 221451 186353 241072 189121 245201 188303 244497 184853 239554 187406 242575 190636 246644 184892 239544 189759 245721 188190 243467 186848 241395 189288 244913 187985 243616 188574 244334 190124 246015 190451 246634 187689 243097 185313 239625 189653 246073 190503 246602 188796 244223 190302 246801 180944 234697 190964 247372 182874 236314 190432 246559 191155 247760 187877 243340 189985 246366 187870 243514 190217 246395 188775 244845 187614 243092 187373 243095 143794 186464 182587 236265 184778 239661 190655 247243 189182 245703 188592 244437 189208 245276 190930 247596 190167 246770 186303 240772 189128 244538 189631 245709 1325
189445 245487 189578 245092 190383 247002 190623 246841 191345 248156 188522 243456 189743 245573 186246 241455 188469 244712 187878 243693 190338 246434 175939 227688 190925 247250 191047 247548 193429 250527 189968 245670 191725 248664 189831 245994 188793 244236 187045 242338 183573 237581 188908 244472 188475 244373 189459 245335 191289 247498 181537 234529 189915 245477 192174 248467 186952 241471 190098 245745 190638 247346 189142 244448 189985 245959 192721 249693 186574 241011 191429 247473 191374 247652 190290 246057 190395 246303 192345 249609 190789 246870 185933 240700 192562 248940 188004 244152 190597 246283 190387 246013 190086 246535 189358 245323 183981 239073 191479 248055 189429 245277 191563 247815 190195 246551 189716 245074 187501 243128 188314 243346 190930 247249 191093 247724 188328 243323 191731 248928 191556 248666 190651 247006 182028 235364 188109 243926 188842 244668 191058 247277 188362 244223 187617 243354 190582 246250 189196 245388 192006 249153 190209 246678 191991 249098 191528 248620 178119 230903 188216 243753 189819 246030 191376 247944 189474 245614 191144 247579 190374 246825 181025 234254 188958 244748 192232 249100 187702 243245 191133 247568 191768 248065 189559 245496 190344 246480 187010 242533 189458 244868 190174 246646 189611 245339 191158 247886 189856 246225 189364 245446 189332 245533 190386 246559 191265 247549 190125 246599 1330
191802 248122 192666 249454 192068 248771 189776 245657 188124 242873 191593 248309 191023 246962 190456 246752 189125 244576 192660 249701 189831 245636 192774 249495 192527 248674 190459 246427 192099 248930 189434 244903 190998 247274 191254 247858 190494 246753 189028 244698 191629 248486 191339 247235 189042 245201 193454 250496 191626 248242 192098 248152 189038 244806 192617 249283 191391 247869 191781 248272 191596 248523 190977 247335 190273 246773 190912 246582 190094 246164 172488 223244 190148 246046 193595 250387 192535 249235 188173 243598 192089 248857 192804 249900 191399 248002 188274 244418 191138 247698 190965 247161 185594 239871 189172 244886 192166 249035 174779 226348 192430 249357 187808 243507 186633 241514 190363 246202 190664 247370 190959 247888 191539 248450 188412 244223 191157 247563 191378 248328 190125 246126 190060 245818 192107 249242 190531 246750 190717 246890 189044 244615 185716 239880 192385 248660 192190 248120 184432 238164 189916 245975 188914 244768 192126 249051 189531 245345 189234 245151 191035 247432 189608 245568 191733 248070 191829 248527 190181 245746 191324 247456 192272 248693 192217 249273 192762 249197 190862 247716 184926 239217 191687 247641 192233 249239 191463 248009 193406 250643 186836 241786 190750 247313 189786 245540 185128 239937 190913 247251 192366 249904 190170 245427 192362 249369 191119 247788 192404 249662 1446
188860 244134 191162 246647 184955 239005 193364 250647 191589 248264 183515 237792 192492 249372 192163 249199 193668 250774 193682 250841 184102 238526 192061 248772 188784 243879 193851 251028 190905 246876 192594 249598 192500 249746 192312 248928 191032 246835 191460 247984 193280 250297 193998 251523 191592 247847 192971 250072 192541 249896 186321 241244 190810 247107 193044 249675 192648 249924 192526 249538 191653 248189 190180 245987 190580 246790 192683 249807 193200 250727 192463 249032 189975 246148 193748 250676 192153 248662 192770 250177 193390 250225 193909 250985 192466 248932 189999 246367 191800 248207 193588 250210 193964 251445 192192 248468 191978 248305 192394 249366 194025 251101 193055 250059 191075 247845 191643 247633 193594 250357 193150 250045 193243 250036 189381 245272 193750 250281 190722 246690 193575 250262 193418 250418 145798 188796 187304 242376 193522 250971 187934 243710 191823 248850 192154 248478 191048 246723 193344 251022 193361 251171 193091 250113 191241 247683 191821 248625 182928 236795 190194 246081 189173 244017 191508 247405 192038 248726 192493 248800 191717 248037 192110 248921 191737 248237 192118 249127 191561 248341 193138 250082 189121 245038 193151 250343 191950 248500 194490 252690 191438 247603 190822 246990 193062 249683 191727 247762 192936 249782 190297 245591 191842 248780 192344 249412 192416 249036 187741 242319 1327
193591 250650 191661 247872 194359 251908 192785 249401 193703 251145 194185 252087 193874 250590 192911 250288 193875 251624 192087 248932 192229 248237 192928 249694 192083 248870 194725 251881 191575 248644 188739 244413 193217 250421 190456 246515 194171 251789 194603 252144 191520 248161 190863 246697 194381 251834 189931 246096 195115 253397 191831 247996 193314 250177 192635 249249 193395 250122 192276 248506 192959 249708 188773 245448 190975 246808 193342 250237 192571 249522 193707 250739 194085 251942 191665 248544 192834 249958 187749 242737 194149 251704 192205 249010 191855 248429 193764 251545 191418 247644 193358 250307 191237 247702 194070 251719 193853 250750 191947 248845 194358 252179 193864 251207 192418 249679 193031 249945 192680 249715 193426 249992 194445 251066 192601 249890 192306 248722 193775 250405 193874 250721 193540 250656 193831 251423 192516 249747 194379 251706 193686 250430 191792 248848 193086 250315 192909 249955 194384 251817 190641 246496 191628 248163 192951 250176 191141 247226 146162 189274 194558 252383 189883 245937 189064 244678 193379 251010 193133 250529 192443 248945 194149 250895 193789 251202 192625 249047 192395 249447 191378 247344 193444 250750 188574 244154 193545 250474 193136 250343 192559 249050 194580 251706 194658 252617 192599 249797 193933 250980 185116 239395 190012 245415 193575 250591 191341 247909 194551 251909 1212
193730 250364 194596 252268 189357 244689 192244 249009 194304 251199 190272 246433 193659 250582 194476 252106 195319 252815 192739 249757 192321 249102 193528 250831 190674 246854 195486 253188 191663 248545 193972 251174 194138 251352 193399 250108 187972 243335 191032 246976 193341 250516 193062 249573 194139 251660 193955 250458 194973 252138 191833 248180 193845 250562 194696 252392 192600 248977 193892 250733 195525 253389 190411 246709 192158 249044 192445 248976 193734 250846 193132 250447 191314 247689 190723 247609 191385 247857 192463 248181 194490 251663 193003 250385 194669 251748 193970 251167 173875 225377 146564 189654 191986 248956 193813 250736 194797 251956 194446 251774 194263 251140 192154 248439 192531 249727 195122 253281 194886 252552 193229 250074 193319 251182 191423 247049 194985 253531 192552 249398 193195 251114 192193 248860 192952 250178 194929 252394 195471 253494 192163 248847 194555 251876 194207 251634 195355 252505 194129 251315 194823 252474 194842 252239 173690 224699 195205 253279 193011 249639 194356 251791 196680 254948 191487 248300 193532 249992 188814 244483 192434 248816 188773 244505 190441 246235 193248 250401 193413 250330 193523 250745 191938 248920 191821 247691 192787 249437 193363 250284 192914 249324 193765 251164 193066 249479 193812 251443 193233 250601 194467 251844 195347 253146 192335 249440 192937 249554 192824 249036 1462
193348 250230 192745 249824 195133 253023 193759 251069 194548 252581 194243 251065 193109 250117 193439 250282 193525 250485 195011 252754 194328 252517 196561 254802 195067 252662 194178 251416 196558 254863 194070 251188 194210 251016 194273 251602 195045 252766 195501 253033 193543 250312 196842 255094 193568 251339 193556 251026 192028 248439 196962 254888 195393 252751 184980 239759 176583 228547 194540 251615 195140 252213 194340 251956 194649 252677 193063 250233 193673 250570 196440 254500 193291 250502 188405 243993 195738 253924 195598 253322 197031 255346 188505 244094 185613 240212 180723 234247 194646 252105 195114 252777 194773 251715 194102 251759 195698 253736 194518 251874 194433 251895 196976 254913 194085 251627 194083 250884 194812 252677 193771 251147 192706 249775 171621 222264 175105 226497 194411 251994 192498 249332 193439 250445 148209 191748 194146 251411 194731 252432 193445 250878 194372 251368 190351 246498 194711 252396 193759 250532 190973 247224 193957 251581 195519 253470 193437 250469 195273 252764 194565 252325 191957 248589 196312 253787 193353 250086 193139 250077 189438 245104 193813 251106 195270 252448 176092 227425 193933 251342 192607 248690 195356 252961 194199 251020 195321 253690 191260 248035 193394 251056 194442 251843 190716 247176 195431 253063 191471 247811 194573 252239 188985 244157 194545 251980 194999 253106 195024 251932 1341
195141 252991 194043 251040 191956 248127 196238 254062 194108 251309 197441 256000 191216 248035 194853 252513 194354 251767 195487 253159 195202 253193 196701 255327 196670 254286 194261 251327 194921 252773 193768 250561 193106 250480 193696 251527 197814 256654 197402 255388 194303 251587 196150 254546 194935 252122 196460 254594 194669 252350 195483 253029 194141 251179 196912 254961 197406 256158 195447 253389 195745 252727 196676 254722 195192 252865 193921 251214 193300 250139 177632 229557 192622 249212 196672 255037 195263 252786 194848 252319 193417 250149 194375 251249 194842 252204 192738 248940 191280 248224 196439 254098 194354 251832 193347 250655 196507 254372 196245 254674 194884 252124 195781 252783 196268 254487 195259 253320 195654 253466 193893 251537 147953 191768 196772 254485 195221 252953 189282 244591 194127 251666 195204 252843 194566 252102 194968 252770 196041 254034 194960 252189 194902 252584 189868 245486 193743 250841 191849 248607 197936 256567 194927 251934 193936 251059 196558 254821 194667 252293 194041 251529 194911 252563 193635 250269 194048 250418 196796 255190 147085 190392 194522 252247 190039 246197 184926 239380 195028 252671 195778 253684 196378 253888 194375 251435 194417 252230 147232 190555 191806 248586 195195 252777 196878 255285 194122 251797 186807 241599 197055 255140 195264 252908 193030 250082 195409 253254 195529 252600 1267
196628 253798 194525 251078 196690 254719 193248 250332 194079 251515 196003 254164 195595 253456 197743 255613 196911 255394 194151 251228 196259 254256 197399 255307 195553 253372 197203 255327 196767 254784 196819 255158 197799 256019 193644 250127 195616 253228 194906 251936 197778 255655 196515 254327 191208 247292 194744 252004 197490 255966 195450 253425 196315 254802 197397 255167 195200 252537 195310 253250 196398 254225 195933 253545 194412 251250 196446 254745 195960 253310 195707 253503 193331 250573 195338 252486 194470 251934 194916 252071 197342 255715 196504 254284 195703 253687 197085 255406 195952 254106 196119 254287 194442 251738 191929 248401 195695 253702 194883 252220 193714 251608 196752 255312 196783 254476 194378 251840 147919 191063 195089 252906 196386 254441 194966 252661 193058 250068 196442 253849 195337 253263 195949 253873 196135 254627 196029 253678 195532 252738 196797 254919 197379 255580 195228 252719 191430 247132 193853 250924 197168 255758 195049 252624 197539 255544 189381 245233 196366 254029 196954 255455 195253 252582 192070 248459 195823 253210 193126 250131 194024 251019 194632 252247 195281 252834 195496 252995 194695 252048 196737 255188 196418 254670 195921 253682 189728 245427 194781 252310 195837 253484 149377 193702 195438 252996 193212 249568 186518 241569 196277 254088 194049 251446 195065 252910 195768 253164 195503 253625 1465
196894 254297 197963 257068 195378 252813 196817 254703 195637 252804 196701 254555 196999 255318 197869 256066 195306 252608 194359 251178 197822 256599 195980 254111 197385 255571 178559 230845 197440 255279 198756 257801 198823 257159 196809 254917 196973 255231 195922 253192 197098 255307 196681 254749 197946 255937 194953 252687 197044 255567 198438 256442 197388 255355 197891 256251 195411 252489 195837 252938 196994 254534 196836 254998 197440 255304 198073 256798 192957 249376 197908 256876 195535 253524 197536 256143 195574 252902 174891 226170 177578 229805 197362 255460 193787 251014 197398 255431 195556 253790 197167 255681 193434 250598 197483 255999 197833 255489 194601 251832 195134 253071 196506 254559 192571 249146 195405 253091 197009 254554 194963 252889 189975 245799 197165 255340 197206 255120 197133 255369 197076 255521 196666 254626 197725 255768 193741 251118 198172 257103 197244 255467 196347 254602 195863 253995 190240 246891 195796 253632 193810 250553 196949 255066 197367 255357 196134 254023 178158 230790 148253 192063 195988 254137 196684 254351 196177 254069 195829 253727 196698 254664 197133 255254 195428 252796 193704 250740 197118 255259 196801 254664 177335 229441 197593 256446 196955 254986 197792 256559 199022 257474 196503 254312 197906 256578 197804 256390 196613 255087 197629 255738 198004 256721 197740 255642 195254 252861 149479 193736 1389
197879 256311 197246 255808 199006 257815 192815 250318 198488 257808 197683 256279 196105 253884 197317 255829 197657 256523 196468 253956 196595 254395 198053 256281 197179 255250 197961 256220 197120 255330 197282 256034 197755 256045 197487 255964 198314 256949 197505 255923 196371 253768 197696 256658 196763 255231 198045 256436 196728 254815 198908 257358 195557 253114 199627 258593 195630 253586 189789 245596 197737 256218 197613 255364 197091 254972 194974 252402 197474 256253 199154 258277 197958 256373 198259 256719 197700 255568 196034 253133 195199 252643 197529 255901 199317 257850 199786 258506 198691 257639 195769 253732 196786 254752 199541 258149 197132 255111 199083 258748 198498 257500 198585 257462 198991 257990 197360 255406 197845 257334 193131 250394 195940 253662 196985 255420 195077 252553 198403 256576 197878 256671 196818 255015 188049 242730 197055 255334 191666 248351 196981 254302 197709 256173 196801 254572 197889 256746 196570 255028 196879 255203 196972 255396 195867 253557 198049 256172 197853 255838 198315 256850 191508 247584 194976 252894 198604 257788 199384 258385 197494 256125 199032 257643 197931 256298 197152 255030 195030 251955 198310 256958 199016 258111 196399 253446 198588 256955 193504 250427 196862 255047 197946 256734 195285 252688 198011 256491 197959 256336 198377 257306 199026 257905 192417 249193 198512 256807 194266 252357 1343
198424 256798 187834 243240 196556 254431 197224 255194 188130 243054 199476 258566 197359 255513 199436 258063 197659 256502 199504 258154 198833 256992 198140 256648 197797 256271 196645 254627 197700 256411 196528 253863 194311 251497 198363 256428 198858 257411 198881 257715 194914 252486 193741 251215 197276 255427 197155 254671 197859 255814 197477 255661 195249 252517 198415 256597 195787 253235 195828 253429 195764 253621 199807 258588 200560 259596 200559 259615 199500 258327 198029 256955 199689 258015 197275 254418 197110 255200 197438 255327 197305 255801 199613 258538 199861 258221 197598 255458 200279 258611 198288 256439 198590 256971 198482 257039 198476 256522 198762 257605 198166 256939 198832 257444 199440 258031 199731 258606 198840 257717 197948 256007 200260 259064 194314 250982 198612 257207 198694 256971 196894 254566 198999 257720 199433 258754 190837 246896 198174 257247 197079 255617 197709 255458 199591 258348 199536 258507 197218 255138 196226 254049 198058 257030 201056 260672 200048 259231 198449 257301 197890 256047 199529 258716 194840 252204 198231 256987 199065 257235 197886 256309 196138 253957 199535 258362 198544 257163 198986 257350 198283 256334 199808 258709 196293 253219 200053 258788 132216 171245 198417 257099 198334 256813 198660 257153 198213 257177 200147 259339 180306 233562 195694 253462 198598 257594 199576 259047 199899 259042 1374
200291 259371 198202 256018 200438 259886 199291 258105 198327 256255 200266 259209 201032 260294 199016 258080 195079 252331 197304 255883 197366 255913 202476 262275 198345 257321 198134 256402 194979 251642 200658 259414 199420 258189 199011 258487 199850 259084 191505 247499 201484 261229 201361 261147 198400 257407 199454 258504 196054 253994 199726 258870 192586 248471 173848 225320 199684 259120 201738 261638 199578 258563 198940 257484 201255 260632 197360 255058 199498 258057 200778 260640 198738 257836 197760 256402 198598 257068 199412 257830 200250 259636 199667 258584 201594 261100 200581 260023 197830 255956 195837 253897 199149 257939 196402 254244 198800 257387 198169 256274 200940 260086 198724 257554 198017 256558 199991 259278 198646 256934 198748 257340 199335 258161 198775 257639 200948 260583 200752 260377 199729 258763 198896 257489 199026 257598 179059 231694 199304 258155 193708 251102 197723 255802 189080 244904 197275 255300 197151 255612 199348 257680 201015 260332 196752 254927 197964 256356 199294 257864 195796 253108 196181 253239 196439 254413 194925 252639 199180 258002 197764 255910 195922 254443 200900 259818 198461 256997 198617 257649 190060 246226 198573 257184 199934 259210 198860 257630 198936 257771 198293 256523 200143 258872 199642 258932 194355 251151 199175 258134 195382 252926 199231 257746 201259 260457 199238 258184 198589 257651 1333
197075 255311 196571 253815 201537 260927 197855 255768 200403 259076 200833 260351 199509 258563 200727 259313 200126 259274 200923 260802 200888 259836 195315 253707 200150 259510 198629 257388 181335 234841 200038 259021 199336 258158 202009 261363 202071 262338 199410 258251 198687 256595 199690 258274 199126 258407 199389 258529 200065 259642 199716 258173 200021 258770 197480 255670 199825 258688 200132 258699 200563 259614 195934 254266 201221 261036 201254 260410 199889 258845 200694 259861 200636 259475 198085 256590 197968 256251 201592 261455 199343 258397 200093 258615 196032 253514 202496 262416 201367 260594 201707 260825 133566 173243 199728 258966 199821 258815 200432 259736 198877 256841 181888 235491 200155 259406 199996 259233 201056 259731 199570 258246 200805 259665 200064 258865 198277 256888 200618 259941 180464 233883 199495 258672 200267 258955 200222 259220 203904 263894 196819 254253 198749 256864 201794 261011 201094 260972 202053 261600 200261 259541 197378 255968 199854 259107 202005 261394 196550 254617 201044 259882 201110 260331 200616 260065 201625 261131 198016 256317 182085 235844 201488 261235 200579 259653 198854 257239 200916 260289 201561 260132 199315 258358 200308 259428 202522 262903 199234 257767 152787 197955 199982 259203 200532 259564 201151 260356 198321 256789 200063 259649 200034 259414 200016 259668 172938 224065 198054 256505 1453
198041 256512 196369 254303 198010 255369 190168 246478 200146 258847 200597 259614 201313 260481 199577 258517 199121 257925 199597 258555 200569 259656 197046 254822 200944 260977 203102 263753 201200 260183 201012 260261 200909 260427 199876 259008 200058 259202 201193 261192 203567 263571 202223 261641 200755 259559 199134 257811 182086 235930 181576 235121 201181 260676 201521 261459 195184 252513 202802 263835 201265 261291 152586 197767 195301 253090 200470 259836 200472 259486 202333 261797 201847 262178 201995 262090 201406 260864 192096 248308 190140 245236 199807 259081 200440 259926 197853 256072 199635 258181 201038 260368 200019 259228 202078 261505 201820 260589 196920 254935 200385 259799 200921 260375 200788 260508 201759 261453 202307 262117 201885 261591 201063 260013 203772 263925 201181 260129 200529 260187 201244 260499 203196 262638 183106 237135 202204 261937 198350 257023 195331 253431 202650 262262 199320 258395 199298 258022 200858 260666 201954 261996 199689 258727 202611 261992 192829 249584 199902 258968 199647 258620 201857 261578 197013 254966 200911 260182 198046 256395 201239 260549 202133 261987 200697 260947 198287 257248 201274 260600 199609 258410 201539 261306 201543 261014 200578 259670 201212 260689 200095 259526 201003 260499 201616 261188 200863 260056 199682 258827 201295 260744 200925 259618 192850 249200 200748 259738 200098 259222 1380
203806 263630 201840 261623 202944 262825 200305 259763 204092 265043 200849 259939 200432 258958 200398 260303 202078 261530 201862 261513 202869 262387 200688 259448 201249 260923 202859 263197 202123 261922 202248 262507 203603 263361 203535 264210 197464 255855 202033 262129 202448 262279 201211 260454 202794 262620 203083 263003 202265 261684 198702 257952 196847 255680 203424 264158 202111 262024 200682 259675 203118 263357 200489 259208 199894 258362 203010 262838 202078 261564 201667 261132 202032 262002 202701 262794 200374 259497 201058 260724 202597 262020 202522 262800 204207 265278 202268 262167 197670 255002 198054 255773 202057 262092 200981 259896 203440 263618 199961 259193 202995 263348 201819 261193 202568 262045 203059 263117 201930 261896 202535 262527 203929 263844 202524 262693 202522 262258 201326 260684 201665 260713 201918 262013 199454 258646 182378 235849 201943 261975 201512 261056 201977 260776 199702 259148 202198 262278 200430 259456 192918 250286 203458 263524 198642 257389 199622 258026 202791 262474 199483 257806 200752 259544 202713 262908 199584 258378 202265 262285 181757 234847 201357 260890 202768 262811 202324 262216 203301 263053 200619 260147 202357 262529 202192 262159 202768 263534 201992 261817 201793 261476 199313 257564 196333 253953 200483 259605 202047 261103 203519 264050 202396 262313 202855 262452 199940 258982 203988 264210 1413
200421 259305 179037 231637 204174 264247 201282 261239 203927 263466 202857 263014 202196 262294 203743 263982 201895 261509 203000 263154 201026 260101 203306 263295 204828 265117 203600 263098 196606 254361 202858 262300 197027 255424 203346 262783 200898 260582 202747 263035 201708 261292 202898 262340 203405 263344 203171 262742 204169 264005 203157 262878 201922 261484 202390 262095 204084 264605 201385 260262 202404 262038 203578 264035 202921 263369 201530 260380 203657 263764 203379 263440 202380 261918 203242 263603 200186 259425 201332 260889 181725 234789 201239 260934 202987 263102 202637 262066 202509 262081 204044 264362 201399 260638 202747 262888 200037 259095 203388 263461 204268 264180 202263 261981 202444 262214 203390 264172 201597 261295 200748 260177 201185 260118 203877 263740 204264 264460 203221 262691 199161 257953 203267 262718 203772 263790 190528 246622 202711 262395 202476 261988 198645 257097 202730 263007 203581 263734 202240 261812 199497 258151 203183 262821 202420 261646 201342 261358 202245 261612 202757 262879 204388 264140 202087 261470 202765 262887 203266 262805 201308 260597 204745 265029 202565 262565 201669 260510 203459 263726 201268 261342 200526 259605 202229 261521 203708 264040 202655 262045 204055 264208 204827 265660 201006 259850 202371 261839 201206 261013 200759 259793 204143 263964 202652 262564 200329 259666 202146 262092 1391
204626 264282 199811 258461 204150 264817 204771 265322 203368 263029 201895 261442 202445 262148 204281 264978 200031 259149 205189 266344 204528 264175 194607 252239 200432 259326 205211 265667 204562 264863 203402 263845 204205 264068 204071 263889 203973 263533 183648 237189 199617 258451 194290 251682 204415 264325 199303 258000 202675 262277 204175 264340 203446 263562 203042 262646 204109 263796 205934 266418 203808 263874 202045 261737 204199 263959 204523 265070 201334 260918 203076 263017 204748 265162 182823 236953 202488 262197 202187 261576 204576 265444 203849 264400 183917 238040 204391 264836 201990 261020 205239 266320 205324 265477 204160 265230 201481 260876 203727 263623 204561 265312 206268 266937 202045 261847 203700 264168 204851 265798 203741 263923 200454 259686 204547 265106 202884 263200 204703 263991 202820 262022 204687 265426 201610 261433 203366 264182 201589 261330 201084 259990 201072 260834 200213 260003 202868 262632 205310 266224 200079 258954 204512 264116 205072 265224 202686 262636 204766 264860 202439 262369 183472 237509 203415 262675 203790 263511 202953 262649 202107 261333 203298 263460 202215 262374 204717 265167 194249 251906 204774 265676 193872 251221 201550 260622 201985 261388 155837 202153 203925 263555 204543 264375 204816 264842 204488 264441 203361 263037 192860 249120 199426 257862 203000 262824 203575 264067 205373 265619 1500
206182 266925 203114 263500 200710 259871 204559 264457 202118 261628 201743 260984 205240 265609 198896 256554 204172 264356 205426 266343 202528 261961 203625 263461 205819 266967 204378 264682 202906 262990 203063 263045 203572 263701 204775 265191 201299 260818 202678 262891 203500 263333 201696 261622 203421 263728 205596 265971 200321 259601 201388 260746 199945 259453 204947 265717 205459 266175 196136 254189 205390 266275 205826 266853 203175 262817 203744 264120 205733 265797 203633 263418 195224 253244 203497 262857 204279 264715 203339 262655 205494 266471 204566 265161 205134 265266 204660 265329 198821 257942 205105 265419 204894 265958 205232 266391 204196 264505 202872 261889 206535 268001 200331 259537 205101 265465 198301 256522 205656 266212 203973 263702 203236 263105 204812 265415 204319 264020 203844 263890 203721 264030 202815 262621 204474 265238 203942 264178 204776 264972 204813 264594 203124 262897 199922 258759 204735 265068 205407 266042 203231 263646 204087 264855 206108 266944 202673 262461 202642 262862 204684 264639 205587 265770 205302 266210 202049 261475 206548 267854 202335 261613 205369 265995 201043 260169 203932 263538 204330 264958 206522 267458 201899 261083 202518 261753 200803 260412 204445 265029 203003 263141 206153 266967 206674 267895 204077 264718 204798 265205 203713 264023 202549 261986 202999 263652 206150 268046 205771 266348 1422
204996 265518 203892 263984 204479 265051 205745 266708 205814 267165 206657 268086 204801 265761 198896 257648 206057 267316 195339 253054 205555 265935 200810 260253 205786 266548 204147 264385 204607 264881 206636 267411 206688 267383 207063 268533 205892 267298 205310 265758 205711 266732 204246 265150 204856 264998 205007 265970 204518 264873 205333 266246 199108 257980 206059 266820 201660 261084 205292 266931 204229 265005 206943 267333 206432 267025 203756 264185 203767 263070 205912 266905 199089 257641 202808 262487 206077 266762 203541 262805 207423 268993 207736 269613 203153 262722 205286 266017 206418 268028 202591 261545 205074 265749 205980 266678 206031 266310 204577 264678 206426 267064 205832 266454 205425 265511 204827 265379 199079 257743 205673 266294 205688 265925 205146 266251 208622 270457 205296 265445 204859 265894 207724 268930 205045 265429 206511 267348 204808 265312 204547 264891 206726 267945 208575 269848 203233 263324 201798 261267 205283 266681 204383 265050 206627 267489 206091 266780 206489 267799 204435 264121 203521 263985 206392 267235 207093 269140 203450 263186 195838 253875 202152 261896 205846 266835 206210 266915 207745 269281 204501 264416 184333 238292 204143 264574 203684 263919 207473 268516 201231 259715 205495 266605 206669 268229 205952 266678 202959 262578 202627 262455 203612 263858 205101 264940 205664 265803 206803 267944 1297
205565 266239 207498 269041 203058 262883 206333 267083 207113 267900 207058 268562 207427 268265 206460 266798 205529 266184 205110 265523 206358 266848 205018 264988 206139 266953 207801 270029 204437 264697 205857 266851 205742 265584 207447 268820 204086 263785 204662 265132 205126 265817 207123 268292 203536 263290 206571 268170 208046 269297 206332 267664 205121 265428 205249 266061 206191 267497 203157 263260 205307 265796 204524 265106 204315 264131 184821 239427 204771 265053 205440 265581 205854 266315 206598 267127 204369 264687 207315 268286 206744 267509 206691 267267 206374 267113 205487 265991 201879 261137 201900 261522 205615 266001 203175 263312 206257 266643 204626 264138 205818 266466 206402 266789 205507 266101 206507 267825 206860 268034 199360 258125 205345 266073 204808 265007 206343 267494 207034 268698 207500 269196 205731 266690 205878 267040 202815 262736 206235 267396 206358 266993 206781 267333 205763 266670 203963 264325 205775 265927 206056 266827 206006 266837 206015 267148 206292 266964 206774 267511 205755 265430 203184 263000 205161 265249 203259 263248 205793 266664 202643 261837 200476 259124 203163 263182 205592 266403 205858 266329 205884 266937 207776 268959 206512 267071 207163 268459 203673 263383 207581 269268 208748 270286 206236 267668 205967 267038 206067 266862 204055 264171 209256 271744 204635 265034 206195 266675 206503 267162 1429
206415 266974 206291 266577 156398 202755 207318 268539 205503 266525 206253 266417 206677 268196 206703 267302 206684 267633 207536 269427 207666 268996 200666 260019 206785 267862 206601 267464 206717 267766 208840 270678 206604 267326 209148 271391 208213 269857 207081 268299 204734 264973 206721 267772 205855 266441 207251 267972 208299 269471 206749 267439 207418 268723 206849 267873 204902 265654 204099 263823 205878 266574 203906 264013 206856 268099 207556 267795 207673 269457 207168 268056 207865 269708 207719 269184 205090 265962 201865 261122 205987 266300 207319 267993 208601 269743 209125 271302 203930 264455 207245 267708 203804 263592 207897 269209 206415 266781 198074 256124 206893 267046 205588 266407 203521 263686 199452 258252 207651 269421 205963 266869 206979 268024 209011 271495 196623 254554 206928 268041 205850 266458 206722 267275 197574 255938 208520 269748 205179 265756 202505 262173 206672 268050 203290 263718 206164 267305 206291 266897 200889 259545 206291 267392 207583 268671 208656 270058 202114 261957 207321 269032 205790 265802 205481 266450 206908 267802 207978 269234 206903 267850 205822 265882 206123 267020 206601 267142 207353 268169 207782 268744 206177 267284 207173 268557 200867 259840 209032 270301 208052 268858 197710 255966 204874 265244 203885 263991 206707 267613 207443 268781 206341 266879 207703 268608 197349 254838 207808 269068 1535
207123 267885 206343 267326 206796 267675 209000 270312 208906 270676 206837 268169 207457 268870 207600 269653 206596 267960 204457 264449 206962 267680 206698 268002 207765 268363 207121 267833 197428 255333 207189 268910 207236 268821 207573 268655 207163 268285 208806 270085 208583 270107 207739 269360 206603 267375 205196 265146 207681 269324 204723 265458 209465 271513 207695 268730 206822 267638 206595 267394 208863 270589 209736 272056 208037 269352 209372 271158 206424 267110 207399 268190 203960 263981 204097 264076 207666 269411 206884 267753 207338 269091 205829 266306 205168 266049 207768 268463 202950 263031 156581 202898 205118 265643 208710 270010 208362 269875 208001 269557 208064 269033 210119 271871 209680 271276 202612 261611 209560 270708 206345 267566 205524 266203 204690 264400 187336 242179 208367 269087 207641 269307 205023 265865 207151 269190 206569 267524 207786 268938 207630 268408 209136 270230 206051 266578 208249 269679 208548 270170 207496 268669 210400 272088 207666 268959 207258 268604 207322 268571 208527 270411 199155 257804 207415 269302 204924 265601 206292 266932 206962 268083 208446 270312 205313 266015 204114 264478 207948 269125 207613 268536 202907 263153 205326 265469 198885 257623 192899 249635 208674 270175 203719 264016 206006 266607 206089 266996 208398 269665 207463 268730 208841 271003 205615 265686 207762 269343 206284 266950 1427
207447 268801 208486 269878 207967 269463 206967 267453 207323 268926 206397 266197 207793 268933 209025 270734 206404 267388 197020 255386 208946 270241 208668 270220 207074 268228 207881 269489 206226 266695 197113 255209 208107 268565 207187 268818 205315 265782 210267 271729 209393 271561 207648 269837 207914 270044 208529 270960 207753 269280 211049 273383 208642 270390 208078 269841 210205 272495 207599 268148 209263 271333 205453 266019 206204 267146 205865 266586 206810 267593 209290 271302 209908 271298 210897 272537 207217 268331 205849 265645 207629 269035 208416 269461 210136 272460 207202 267818 208567 270127 208864 270369 189624 244956 207208 268303 207522 268824 209294 270989 207030 267720 204799 264917 208657 269772 205768 266172 206665 267529 207050 267763 206727 267065 189711 245174 207381 268591 208450 269890 207534 268981 202865 262119 207947 269247 208323 269753 208103 269837 208205 269010 209206 270314 208240 269443 209706 271386 209334 271446 207878 268788 209550 272263 209990 271802 206879 267964 206319 266594 208951 271249 208389 269832 156820 202822 207178 268335 208241 269456 202120 261992 209097 270872 207592 268930 206067 266958 207859 269464 206217 267126 207686 269154 197098 255876 209163 270913 209571 271726 207865 268873 210033 272913 202772 262111 206735 267994 210002 271955 207531 268713 208672 270430 208740 270215 204815 264874 209779 271993 1406
209443 271221 210937 273717 209909 272536 209782 272109 208960 270297 208301 269723 211169 273620 208365 270244 209341 271815 210112 272509 209681 271554 210296 272829 208050 269329 208647 270148 206743 267436 209638 271774 209726 271644 211388 273923 209845 272124 209341 271282 211143 273256 208723 269951 206777 267589 205170 265504 208214 269475 208640 270257 209292 270716 208312 269813 209338 271055 208704 269587 208407 269249 210051 271697 205643 265915 208612 270288 209391 270904 207165 268612 209214 271226 211515 274406 209074 270617 208507 269584 210170 272524 209184 270710 203959 264334 209978 272311 206780 267470 207195 268456 207669 268988 210480 272728 208306 269225 208499 269594 209958 271997 209991 271326 201553 261208 209944 272357 207513 269052 209022 270253 210527 272842 210651 272702 208281 269914 207767 269605 209977 271528 209095 270935 209977 271598 209549 271026 203995 264028 204356 264708 208436 270255 208834 270594 209345 270496 209764 270932 208890 270691 210521 272945 211563 274062 208781 270773 208317 269458 208089 269158 208969 270206 210381 271789 208690 270838 208996 270237 208733 269678 208831 270424 200152 259060 210421 272131 207677 269107 210022 271805 200811 260900 207380 268438 208030 269503 208389 269712 207805 269211 209447 271125 212112 274535 208473 269104 208902 270904 208088 269432 208596 270371 207499 268922 207276 268392 208447 269942 1531
209287 270749 210920 273111 199118 257145 210352 272285 210323 271711 206895 268046 208448 269242 210766 272676 204087 264311 206163 266532 211428 273655 209502 271547 210056 272196 209537 271729 197088 254561 209339 270245 205276 265583 209730 271281 207825 268614 211333 274061 210882 273281 208779 270496 209649 271749 211661 274279 208265 269688 210860 272798 205851 266458 204639 264910 209495 272061 212146 274840 209211 270619 205372 265783 211805 273504 211061 272940 193461 249633 207569 269310 210727 273433 197626 256226 210484 272158 211015 273732 209296 270581 211766 274977 209476 271056 199160 258037 207232 267674 208448 270071 211029 272471 210347 272067 209102 270871 209424 271509 210410 271795 209945 271294 210299 272961 211470 274060 204261 264250 209097 270496 208968 270728 211900 274967 210184 271864 207861 269354 210037 272287 201682 261316 210417 272572 209720 270931 207684 269092 209186 270356 189597 245596 211207 273002 206820 267552 209458 271554 211605 274309 208293 269827 210135 272607 208524 270086 210097 272245 211667 274040 207524 267932 209741 271663 209024 270370 191718 247862 211711 274785 209154 270853 208310 269950 206066 266720 210712 272641 187583 242851 207768 269219 211048 272975 210775 272477 210564 273052 208643 270779 209373 271196 206084 266946 210826 272747 209160 269801 208174 269545 211470 273482 208592 269476 207320 268016 210002 272010 1340
211620 274398 210801 272509 210683 273193 207896 269581 192284 248329 208228 270046 212244 274909 207520 268156 207263 268902 211849 274038 210266 272534 209508 270617 213040 275912 210178 272172 210769 271941 211384 274148 211591 274286 207564 268819 210552 272640 206484 267498 210142 271566 211675 273803 211770 274722 213320 276919 211157 273882 209748 271895 210074 271505 212795 276473 211036 272752 211537 274250 211154 273602 211358 273345 208196 269693 209698 271387 208875 270391 195114 252264 208234 269047 210864 272970 209685 271338 210239 271761 213067 276385 210350 272307 211769 274243 210469 272180 207409 269156 205944 266335 209711 272359 209764 271595 212169 275168 211071 273424 209621 271746 210136 271914 206790 267649 211635 273432 212143 274876 211708 274543 210805 273189 208727 269751 206621 267456 212197 274691 211224 273558 209688 271330 211183 273536 207995 269151 210166 272715 210266 272349 209367 271314 211162 273826 208211 270163 210574 272660 210778 272135 210120 272409 210886 272666 207002 267296 211174 272914 211071 273758 211371 273632 193793 250620 191838 248374 209811 271951 207046 268192 212367 274846 210816 273267 211984 274690 207936 269043 211127 273385 208091 269424 210804 272388 205210 265634 210910 273221 213094 275217 209025 270509 210010 272257 211567 273553 207606 269015 210881 273024 211548 274189 209385 270501 211467 273424 205754 265794 1565
208803 270139 210568 272785 211672 273945 212418 275196 201171 260398 209738 271068 211068 273194 208852 269967 210648 272090 212813 276131 210351 272158 212632 275368 212013 274805 212726 275793 208962 270529 202106 261677 210917 273008 212318 275018 211590 273851 211254 272584 212320 275264 210222 271066 213074 275552 190350 246869 210797 272877 212517 275169 187860 243351 207850 269088 212954 275840 205472 265685 208851 270407 206704 267897 189964 246152 212263 275002 210162 272278 213150 275753 207650 268987 210378 272517 212086 274702 212713 275383 211955 274438 205187 265928 212064 274964 208982 270260 210039 271679 210530 272933 212816 274756 211093 273184 209807 272019 211900 274858 213213 276705 211447 273603 212936 275988 205028 265306 212257 274236 211744 274031 207624 268616 203481 262945 211060 273253 203421 262927 210286 272141 212227 274127 207648 269120 212939 275918 212691 275248 212810 276162 209746 271858 210233 271666 212293 274604 198632 256669 211788 273425 212739 276284 213067 275735 211876 274020 210327 272336 212032 274063 210584 272915 213077 275689 210089 272089 214162 277271 210641 273043 209693 271641 211137 273848 203448 263151 210090 272311 210163 272508 211146 273422 211684 274411 211980 274566 207498 268801 210392 271894 211605 274046 212490 274886 206698 267498 210855 273126 212203 275169 210252 271817 212655 275570 210700 273096 212386 275133 1451
205954 266405 211043 273897 212882 275876 207577 267953 210299 272650 211434 274057 212001 274682 209358 271823 213885 277459 212915 276245 214002 277343 157051 202943 213305 276503 209317 271203 212575 275307 212393 275265 212755 275747 212488 275372 212398 275034 212490 275943 213914 277392 211603 274394 209787 271273 202560 261876 212492 274940 212054 274778 214298 277531 211173 273038 213728 276399 209915 271364 210329 272445 211382 272979 213935 277453 209725 271942 210522 273014 210048 272355 200860 259845 209883 271803 211810 275004 213833 276511 213427 276849 214197 277378 213531 276849 211848 274296 213026 276347 212911 275272 212152 274750 212669 275427 210756 273112 209609 271683 213806 276864 210716 272704 208142 269486 213472 276900 212408 275008 212201 275182 212502 275677 208412 269811 208618 270037 210950 273322 210271 271564 207348 267824 211357 274136 211459 274031 213374 276673 213039 276269 210702 272305 213348 276375 212746 275540 211708 274375 212182 275011 213520 277155 212461 274477 204108 264170 209120 270262 212331 275228 208550 269825 213373 275792 210547 272643 211988 274330 212916 275824 211608 273744 212321 274715 210063 271554 213556 277024 210739 272920 213272 276031 214085 276994 213574 276823 211372 273711 211200 273598 213574 276126 215198 278628 210089 271793 214333 277888 159312 206873 207103 268760 210789 272827 210680 272947 213873 277077 1477
212579 274802 213313 276796 212146 274712 212550 274592 213580 276544 211916 273833 212014 274299 208789 270749 210072 272187 213935 277171 211151 272382 214012 276884 212807 275297 215619 278978 211482 273931 215076 279119 209592 271197 212744 275505 214276 277735 211659 274730 211492 273441 214073 277731 212901 275189 211481 273304 213177 276180 214159 276754 213772 277209 212438 274774 213822 276505 215016 279062 213272 276042 212524 274709 213619 276431 211946 273880 214597 278330 210295 271445 213864 276414 212645 274567 212677 274971 213629 276731 214524 277986 211099 273176 213081 276120 210255 272128 212179 274804 213836 277228 213039 275636 214936 278122 211797 274273 212776 275789 212737 275669 212407 275451 215220 278603 211651 273674 215178 279351 213167 276038 212652 275079 212099 274296 211703 273994 214142 276877 213830 277146 212583 274667 213740 276507 211218 272841 212896 275804 213739 277059 213796 276965 213757 276117 212657 275147 211633 274317 214924 278507 213595 276518 211301 273512 212049 274739 213802 277086 213256 276213 213680 276153 209944 272230 211481 273703 213085 276210 211716 274158 214419 277192 213812 277499 211578 274167 202223 262364 212390 274675 213623 276641 210795 272558 213740 276150 213580 276519 212171 274873 213126 276329 214261 277569 211061 273293 209480 270902 210910 272624 213937 277023 215463 279756 213685 276999 214380 277768 1498
214196 276501 213755 276456 215571 278895 212260 275079 214698 278394 204657 264857 215290 279224 215840 279924 214615 278193 195617 253793 214205 277218 214583 277746 213625 276659 212657 275519 212159 274523 213704 276749 214491 277850 216138 279759 210051 272455 210058 272087 211893 274090 212225 274883 203964 263971 215176 278771 216125 280252 211855 273854 210784 273571 215940 279788 215806 279657 210365 271684 216827 281513 214147 277366 213609 276201 214067 277108 215188 279101 211820 272942 212695 275744 210796 273129 214844 277605 213878 276011 206560 268224 214935 278347 214458 277465 201987 261513 212712 275877 211733 274005 213783 277341 214585 277231 214559 277291 214279 277143 214986 278734 215228 278631 208513 269385 214766 277713 210790 272997 214378 277270 210606 271996 205724 266493 215106 278155 208842 270825 214634 277852 213298 275599 215051 278783 215583 279089 214458 277773 212757 275270 215709 278633 215189 279230 214618 278254 213552 276081 213625 276068 214647 278505 212601 274610 215023 278928 208478 269344 213403 276153 208979 270721 212301 274869 215096 278723 216766 280321 214014 277738 212118 274308 216915 280159 213513 276965 214896 278518 212754 275243 213462 275961 210878 273106 206654 267577 213684 276785 215138 277901 209935 272359 214809 278092 214112 277335 214931 278229 213025 275033 212346 275053 213602 276698 214171 277308 210412 272160 1493
209790 271010 211774 273637 215532 278415 212958 275032 200627 259598 212560 274433 215423 279105 210815 272581 213776 276934 207436 267890 215399 278914 216123 279540 215117 278783 213547 277696 216112 279333 214474 277414 213624 276200 215943 279883 211764 274267 216886 279921 194733 251652 215682 279031 214729 277881 212900 275477 203586 263315 213808 276906 213625 276392 215222 278795 215726 279130 214806 278391 216074 280055 214979 278110 214992 278793 215716 278969 213932 276980 199323 258430 213189 275932 212753 275624 215865 279702 215892 279334 214245 276930 211580 274318 213455 276517 212948 276219 214159 277330 209271 271092 208859 270465 210497 272314 214437 277604 214092 277394 216532 280537 215244 278670 214498 277429 212462 275342 215144 279089 209463 271761 212562 275341 213683 276671 214495 277608 216709 280867 215070 279251 214564 277982 216336 280721 215102 278448 214059 276447 214667 277777 216963 280954 209511 270635 215376 279440 209198 270024 213306 276101 214828 278197 215965 279842 210835 272479 212744 275237 208690 270362 213351 275688 216714 281266 215383 278740 216527 280284 216816 280596 210820 272959 213862 277151 213909 276750 217232 281490 215873 279456 214457 277307 216105 280080 205070 265465 212864 274958 212740 275283 213615 276284 216633 280300 216551 280653 216356 279702 212635 275000 215441 279327 214208 277606 211722 273996 214474 277113 1494
216431 280089 212260 275349 214343 277667 214176 277573 214956 278110 217403 281000 214311 277572 215741 279513 215939 280366 211440 273977 217113 280990 216599 280099 212048 274390 214372 276885 213752 276245 163733 212222 217788 282241 215341 279209 217302 281273 215715 279508 214734 279001 218339 282757 217195 281745 215946 279305 216624 280413 214928 278362 215585 279581 214538 277911 216561 280304 212879 275412 212740 275437 217647 281309 210271 272572 218066 282593 217321 281220 217515 281874 216192 280071 215705 279274 215339 278778 216164 279808 214598 277580 215267 278432 216116 279799 216765 280955 216007 280085 216667 280931 211722 274211 214076 277437 215123 278147 211975 274071 208523 269982 193776 250805 216988 279904 215726 279722 205242 265548 214685 277978 214406 277284 215267 278416 214936 278549 216170 280127 215875 279798 216219 279796 215108 278225 212041 274241 216966 281116 214371 277693 214837 278484 216430 280406 215876 279625 214201 277010 216604 280302 216085 279953 217611 282281 213113 276513 215246 279031 214527 277940 215681 279156 215768 279797 216226 280421 215591 279451 213846 277005 213522 276242 216233 279645 214255 277786 215855 279592 213895 277405 216258 280671 217787 281322 215007 278553 215218 278959 216071 279790 215758 278959 214392 277726 216533 280758 215177 278781 217521 282053 217021 281734 213703 276270 215492 278610 217725 282330 1489
215620 278720 213388 276145 215708 279022 212207 274614 217905 282389 215365 279317 216305 280240 217019 281277 217649 281908 214788 277600 215637 278720 192489 249520 217236 280836 210153 272381 213459 276683 216755 280723 218637 283644 216072 280002 215697 279171 214629 278111 216694 281285 215526 279539 214666 277740 216421 280988 212618 275666 216832 281152 216384 280224 215762 278817 216833 280937 217514 281600 215748 279330 214626 277937 218787 284225 213912 276239 216952 280841 215029 278159 215724 279209 216408 279596 216606 279818 210616 272458 216282 279978 217152 280203 215761 279324 217101 280850 215632 279505 214283 277591 215000 278292 218198 282454 217157 281073 207664 268237 215145 278453 213669 276356 216033 279755 215833 279335 215825 279614 215319 278445 217733 281322 215263 279181 215787 279536 216790 280561 213483 275880 217228 281149 215827 278935 216263 280061 210623 273165 217187 281407 219384 284580 215613 279442 215240 278443 214384 276787 217363 281572 214251 277047 215254 278411 217412 281148 218303 282883 216604 280690 182952 236313 218825 283706 215565 278995 207378 269087 216064 280095 213505 277365 216990 281785 218014 282411 215528 278682 218217 283157 215918 279946 217795 282744 217712 282177 215863 278841 214797 277442 218936 283044 216999 281095 216942 280603 215908 279913 206417 267432 216437 279476 216593 280312 216393 280085 214494 276866 1515
216160 279800 215438 278483 217135 281925 220794 286259 217944 281749 213998 276929 218444 282438 217723 281687 218845 283452 217815 281561 218540 282297 207775 269216 218689 282587 216588 280410 216154 280338 214361 276815 207258 267929 207509 269193 216550 280197 217868 281797 215887 279222 214435 277285 215433 278692 216695 280712 217670 281719 217673 281686 217421 281265 219584 284687 218048 282775 216035 280218 216604 280272 217847 282218 214512 277390 217283 281116 217414 280978 216197 279891 216245 280075 212311 274115 213196 275150 207726 269696 218093 282237 217462 281423 217790 281240 216322 280197 216301 279926 218961 284226 215479 279535 216210 279590 218275 282889 216697 280161 220469 284872 209061 270346 217707 281499 214805 278140 210379 272132 216899 280684 216321 279544 203575 263734 218892 283662 215516 278659 218405 283072 215247 278874 215983 279440 218069 282523 215062 278393 212374 274588 216087 279010 219284 283319 214593 277814 217055 281295 218142 282215 217633 281798 193935 250786 217673 282116 213255 276421 215531 278627 219429 284169 218083 282431 217576 282140 216216 279853 209018 270142 215277 278923 215962 280224 219523 284232 214796 277901 218851 283445 217689 282203 212193 273667 215889 278525 214887 278432 216667 280908 217184 281132 218427 282485 217884 281905 213328 276274 217090 281845 216669 280746 208774 270010 211583 273139 212374 275258 1399
219705 284970 216386 280288 216986 280231 217068 280647 220374 285685 199876 258597 218677 283301 215356 278578 217998 282030 219487 284597 220418 285191 219168 283338 218210 281709 219372 284564 215915 279003 216733 280504 215323 278796 209501 270641 216594 280517 218669 282586 162501 210262 216292 279727 217856 282624 215801 279620 219201 283398 218255 282266 213651 276489 213930 277275 215172 278717 216019 280066 217435 281045 217610 281515 218349 283433 216172 279824 218398 283579 217363 281463 218855 283532 217713 281845 217275 281585 218748 283160 217343 281078 217645 282122 218546 283335 219418 283966 216577 280472 218524 282495 215018 277668 218665 282958 220158 286022 216678 280687 216591 279985 218081 281885 217930 282173 211409 272374 216375 280085 214857 278256 218399 282260 217601 281800 214521 277560 213724 277295 165928 215131 218713 282942 217443 281534 215004 278314 219488 284783 218411 282611 218919 284088 216058 279551 218646 283168 219715 284510 218361 282678 216935 280248 187055 242279 220100 285552 217888 281754 217854 282093 215068 278884 218999 283501 213674 276801 218538 284446 218174 282825 217943 282061 219236 284095 218674 282898 220514 285836 213831 276750 218664 283375 197723 256089 217973 282042 217641 281685 216710 280384 217754 282266 219751 285312 217889 281577 218405 282607 217741 282326 216458 280444 218326 283272 220044 284397 218503 282519 1609
220400 285261 219146 283928 219234 283623 219199 283559 218847 283899 219347 284062 218628 282571 216900 281038 217141 280891 217222 281475 208948 270629 217250 281104 219915 284659 218654 282612 213827 277289 217739 281571 219964 284453 218943 283946 216219 280431 219030 284375 220543 285928 214522 277267 219273 283669 216436 280616 217425 281619 218575 282981 220506 285319 220061 285085 218637 283934 219833 284409 214217 278196 218184 282628 221130 286574 219295 283732 217016 280405 218695 283498 217685 281312 217354 281040 217032 281180 217734 281684 217324 280308 218977 283252 217854 282855 218153 282498 217471 281134 221544 286594 214531 278101 219936 284814 217007 280899 219945 284244 216929 280632 220112 285488 218760 282697 220334 285281 217947 282604 214769 278337 219440 284490 220477 286284 216868 280922 207690 268606 218811 282307 221302 286810 221719 287151 219346 284322 217659 282086 219572 283823 219609 284304 217245 281058 220124 285393 217494 280897 216668 280037 220285 285648 220803 285745 220925 285782 216508 280763 219310 283869 218171 282481 218192 282324 220465 285237 219238 283247 219861 284643 220398 284947 218904 283728 219343 283395 219893 283979 219558 284509 219345 283939 218716 283547 219355 284060 216260 279631 217763 281350 218897 283608 217969 281344 218695 282950 219012 282948 220686 285138 219312 284412 220167 285067 219597 284370 220290 285469 1492
200505 259865 221036 286046 197334 255816 221360 286526 218686 283092 219259 284363 217068 281054 218059 282454 220293 284057 218455 283211 216891 280651 219021 283106 220675 285603 220106 285051 219320 284050 221699 286803 219550 284207 216913 280548 221151 286663 219077 283207 220546 285512 218549 283042 218454 283437 216666 279974 218974 283584 221185 285829 219633 284362 219552 284358 218560 283560 219102 283333 218967 283501 219862 284664 213816 276971 219546 284262 190271 245998 217677 282039 220753 286035 220102 284883 217994 281775 220544 285084 220823 286400 221011 285836 219898 284454 219108 284153 222714 287979 220079 285093 218260 282369 220616 285459 220500 285495 219033 283088 221614 286579 217693 282259 219314 283906 222269 287841 218644 282733 217177 280812 222604 287932 216158 279754 221184 286992 214068 276835 216133 280123 219659 284283 220469 285679 215420 279485 218955 282722 221730 286703 215239 278010 217689 281632 218966 283649 220070 285070 221532 286162 220305 285052 219015 283167 219840 284797 220543 285180 214799 279021 222422 287347 220656 285837 198993 257799 222303 287881 218656 282892 198908 257854 218660 283372 221237 286847 221012 286669 219761 284273 218847 283177 219877 285106 219722 284298 218180 282553 218327 282828 221420 286019 218870 284068 211675 273754 220939 286086 219969 285196 220880 286141 218332 282174 216416 280487 220446 285111 1550
205056 265641 220714 285173 222086 287534 220448 285752 221575 286791 219355 284415 220696 285792 216768 280192 222214 287871 221332 286158 219893 284056 198766 257144 215294 278538 218814 283555 218811 282917 220766 286446 214141 277318 220402 285622 214510 277018 218785 282238 217379 281382 218202 282515 222042 287482 217027 281534 217987 282568 218428 282150 219137 283578 220366 285599 219920 285471 217311 281076 217220 280502 220056 285591 221302 286212 218126 282329 220285 285257 217361 281532 218412 282643 222744 288865 211109 273040 219762 284918 220439 284905 210605 272485 217892 282007 220351 285649 220630 285893 220207 285145 221347 286695 220219 284516 219228 283965 221348 286543 222093 287978 219615 284478 220530 286064 220672 286169 218657 283077 218844 283215 221041 286007 221660 287021 217489 281768 218110 282827 220614 285810 219872 284857 220294 285253 221390 287467 218834 283002 220993 286220 220065 284549 218816 282854 222039 287834 222087 287730 220399 285718 221004 286044 216280 280457 221884 287594 221589 287628 217216 281787 219875 284047 219947 285014 222168 287945 220660 285237 220711 285601 218268 282217 218889 282652 219317 283358 215292 278540 220337 285041 216989 280609 198814 257325 216261 279741 219879 284351 219241 284194 220285 285384 220084 284854 222563 287928 222204 287659 222940 288933 218615 283123 222314 287930 222271 288055 222229 287047 1466
220720 285352 197326 255030 222128 287765 198272 256059 220918 285607 222749 288773 222476 288636 222069 287759 219629 284488 221605 286432 221737 286396 221071 286406 222704 288481 220744 285836 221146 286299 211862 274360 220797 286004 221279 286164 222332 288598 223171 288817 217655 281643 222857 288239 222389 287802 214760 277130 211522 273357 217774 281949 222266 288103 219930 284873 217422 281466 209154 270451 217420 281703 221200 286338 220585 285251 217790 281745 221305 287037 222137 287390 220691 285485 222652 288637 218351 282870 222515 287530 222574 288300 221316 286420 220577 285481 221227 285982 221029 286337 222022 287559 220570 285492 220038 284991 221139 286451 221170 286402 213418 276305 218711 282868 219528 283510 218633 282546 220242 285555 218015 282555 221058 286464 217202 281294 221118 286949 219293 283801 221237 286192 212428 274858 222189 287714 222651 287955 217892 281874 221312 286759 221857 287616 222936 288260 217422 281100 222743 288481 215562 279389 222690 288440 222139 287902 216508 280868 222793 288380 224329 291252 222190 287270 220713 285963 222912 288875 221087 285782 223117 288630 219755 284344 211948 274448 222138 287522 218447 282590 222869 288505 201523 261190 222203 286539 218778 282831 222392 288208 219328 284341 220301 284739 219742 283870 219680 284072 223453 289482 219911 284954 220876 286126 220438 284688 222793 288005 221141 285900 1579
220885 286047 222925 288452 221300 286067 221126 285926 222114 287546 222951 288791 223387 289041 223083 288894 220407 284864 222851 288618 222361 288179 222203 287404 219820 283669 220627 285920 202283 262049 221232 286013 218507 282921 221102 286546 223482 289331 223629 289545 223956 289857 219811 283964 222998 289038 223608 290151 220128 285303 222110 287200 200968 260053 221770 287181 220597 285844 222117 287269 222999 288615 222370 287448 221233 286057 221238 286714 222200 287574 219776 285169 223308 288361 216437 279948 223406 289514 220417 285385 222567 287836 223734 289107 220772 285760 218705 282691 223704 290322 223690 290139 222692 288500 222231 287882 223332 289330 221085 286204 223604 289352 221595 287087 222206 288240 220812 285832 222527 287929 223288 288892 212318 274794 219861 284683 223585 289720 217953 282102 221630 286455 220321 284982 222650 288289 220231 285258 222178 287958 209919 271449 169033 218947 221577 286656 224678 291090 221144 285676 223828 289809 221575 286349 222408 288347 222408 287920 222868 288670 222079 287467 221034 286292 222335 288300 223331 288222 220579 285245 221626 287681 220495 285331 222686 288803 223448 289989 224468 290465 222984 288508 222037 287433 219024 283395 216272 280317 222085 287095 215269 278643 223472 289341 214927 278061 221820 287335 217340 281669 221807 287378 222521 287792 219012 283598 223554 289854 222311 288106 1506
224820 291011 223837 289158 224134 289824 216661 280609 217549 281739 226334 293088 225143 291071 224174 289942 221451 286475 221130 286294 223410 289384 221422 286368 223580 289862 222774 288645 221151 286824 222101 286987 224006 289983 222611 288135 222548 288143 224944 290900 224797 290990 223180 289770 223450 289209 221157 285838 223599 289713 222738 288164 221733 287379 223079 288943 222093 287870 223165 289326 224391 290754 220912 286271 223067 288867 222602 288330 223229 289287 219770 285355 203201 263089 222194 287299 224090 289875 223719 290303 224296 290498 224770 290231 224780 290816 220072 285358 224146 290659 223063 288812 222495 286849 221041 285965 223220 289208 221686 287182 219605 284071 222768 287744 219838 284201 222334 288204 221310 287002 221172 286477 224140 290304 221992 287363 217066 281399 222727 288733 223578 289677 221622 286762 223566 289022 221692 286983 224044 289887 223178 289640 225148 291841 217905 281640 221114 285377 222814 288142 224544 290442 222167 287752 223749 289906 221916 287643 223162 288974 223344 288320 219998 285209 223329 288953 225356 291793 223122 288973 221295 285736 224191 290599 221484 286056 223280 289380 203167 263005 224026 290307 203049 263223 221691 286770 222285 288349 221653 286817 218721 283086 224149 290715 224201 290856 222214 288037 219130 283343 222859 288054 221394 286596 224896 291445 222142 287143 223215 288854 1578
224664 291229 222445 288371 223355 288759 223114 288830 224546 290669 224275 290663 223171 289377 223007 289006 226177 292646 224244 290134 224127 290309 169427 219868 224560 290704 221032 286046 223262 288780 202360 262439 224080 289718 219031 284274 222495 288054 224187 290148 218662 283036 225339 292171 222423 287819 223598 289464 223675 289996 225531 292138 221150 286171 225442 292112 217358 281150 224218 290104 220565 285381 223381 289284 222427 287452 224551 290887 222418 287871 223131 288796 223087 288748 225769 292385 220961 285366 221261 286124 223472 288959 223023 288034 215963 280052 225505 292056 223570 289378 224743 291200 224497 290637 223605 289690 226118 292487 221622 286781 224046 289722 221424 286611 220880 285174 220166 284862 219957 284651 219538 284021 222412 288155 224339 290612 225439 291729 203141 262475 219225 284048 223538 289018 220287 285013 223840 289757 221949 286868 224030 290093 221492 285877 224816 291198 223358 289420 224637 290525 224061 289827 220068 285316 221883 287888 217416 280789 224213 290027 221937 287382 224444 290772 226045 293197 225797 291605 222098 287670 223368 288689 222246 287582 219265 284169 221987 287370 225330 291621 220890 286255 221829 287093 221898 287516 221380 286373 222397 288054 223446 289652 223173 288998 223806 290378 223415 288726 221522 286868 203099 263262 224353 290144 222376 288200 223225 289298 223753 290102 1485
225088 291758 224070 289809 225106 291988 223813 290318 224339 290816 224119 289906 221311 286267 225576 292557 222690 288694 222834 287256 223201 289439 224865 290920 225047 291437 213950 277118 225625 292236 224513 290758 222687 288597 225056 291296 225347 292077 223656 288757 220201 284736 223418 289551 211820 274217 213674 276772 220622 286182 224597 290263 224610 290966 226293 292995 225861 292725 225000 291563 226339 292838 226080 292997 225686 291901 222791 287876 224571 289862 224273 290800 224628 290717 223574 288713 225035 291333 226865 294324 222395 288224 223521 289152 222199 287450 210536 272185 223030 288136 226613 294051 221606 287147 225233 292053 224457 290995 224726 290763 216015 280152 224428 290911 222850 288226 227037 294178 224931 291080 223983 290397 223661 289640 224947 291462 223930 289928 223400 289024 225890 292520 225215 292041 223647 289992 222815 288983 223255 288747 225294 291939 225874 291616 223571 289779 226225 293760 224832 291297 222987 288574 222874 288257 225842 292338 218915 283103 226504 293246 222877 288655 225692 291431 225878 292799 218747 284123 220726 286262 227315 293547 224092 290745 225668 292710 223556 289493 224835 291696 225780 292622 220015 284877 227039 294099 223504 289205 223394 289460 222023 287502 223526 289498 226787 294531 224482 289755 225133 291281 225689 292208 221536 287040 222963 288790 224740 291176 223224 288358 1614
223918 290310 225590 292075 216171 279279 224578 291533 226525 293266 223337 289590 225308 291116 226019 292585 224370 289773 221610 286793 225737 292911 224464 290748 223593 288753 226956 293506 225766 292056 226757 293428 170825 221474 224103 290106 227327 294859 226487 294395 226437 293565 224307 290966 222720 288169 225728 292247 222725 288392 223814 289181 227534 294479 224979 291576 223839 289934 225559 292435 226908 293448 226277 293317 225646 292420 224635 290649 223919 289343 227154 293864 222565 288302 223563 289314 225897 292671 224211 289750 225268 291081 225541 292888 224989 290727 225708 292393 224863 290945 225671 292287 225773 291852 225498 292057 221707 287077 225108 291587 220364 285941 222579 288175 226762 293602 203138 262453 225525 292207 220244 284959 223479 289391 223193 288395 150085 194054 223496 289600 223451 288723 225219 291340 223639 289499 227429 294435 225332 291874 223620 290037 226217 292489 227097 294521 225446 292564 225118 290986 226157 292431 221785 287375 227876 295541 223875 289762 225186 291253 220346 285185 222353 287609 224883 291197 224560 290110 222302 287395 225539 292327 204063 264372 170607 220895 224829 290857 222081 287637 226491 292690 226310 293449 224820 291179 225074 291253 225349 291490 226279 292860 226424 293006 227987 294719 226116 292058 221491 286599 224332 290424 225922 292807 226447 293465 225487 292047 226352 292563 1427
225605 291820 223547 290055 225049 291505 225639 292800 227380 294710 223232 289120 224525 290159 227495 294872 223595 289848 224964 291386 226234 292566 171160 221532 224290 290142 228611 295793 227847 294414 225136 291297 226003 292506 225817 292226 224122 290479 228091 295636 226724 292968 228709 296592 224769 290887 226277 293113 206138 266361 227883 295576 217401 282011 225336 291796 225613 292217 224415 290717 222944 288720 226479 292777 215070 278597 226017 292500 225789 292558 227576 294981 227080 293552 224738 290234 224549 289927 225066 290607 226084 292006 225987 292837 225793 292595 227802 295805 225273 292238 227576 294722 226877 294448 228517 296551 223622 289343 224913 291053 227575 294886 223658 289343 228157 295917 228234 295016 222761 288279 227368 294247 227771 295146 224359 290708 222490 288467 226213 293412 223094 288747 225793 292556 224550 290919 223015 288050 225872 291605 227341 294254 228126 295377 225460 290626 224968 290662 226664 294235 224610 290174 172302 222835 225288 291183 228926 296805 226086 292957 227024 294044 223462 289033 225954 292845 227486 294131 227110 294403 228234 295888 227376 293866 223215 289393 227979 295346 205127 265191 228875 296831 226099 292435 225340 291377 220007 284784 227278 294705 227252 293909 228445 296245 219692 284086 224855 291020 226502 292495 225025 291250 223028 288606 204409 264962 226360 292782 227525 294766 1676
225105 291734 216201 280632 221346 286637 224147 290495 225407 291536 224931 290968 226921 293524 222005 287270 227838 294855 226813 293309 226045 293041 225160 292182 226677 292863 228753 296688 227190 294309 226903 293736 228295 295836 226484 292897 226199 293221 225694 291714 224884 290788 225195 291637 222350 287611 226627 293328 228619 295922 226901 293311 225109 291403 227665 295264 228324 295907 223934 289986 224889 290717 221621 287121 228804 296617 227622 294281 226512 292927 225793 292368 226931 293266 226430 293662 228117 295463 226656 293481 228033 295578 223076 288095 226438 292562 225366 291736 226206 292235 227001 293840 222680 287817 228036 295495 227350 294606 228074 294892 204721 265407 226024 292913 226251 292767 222527 288830 227945 294135 226690 293772 227540 294665 227150 293221 227246 294644 223637 289796 228078 294971 224328 290313 228473 296135 226334 293381 228824 295465 227130 294141 226023 293024 226558 293373 227017 293875 226553 293174 228045 295452 226678 293570 205909 265700 228717 296330 228856 297065 224335 290459 226582 292429 228078 295632 227321 294983 226516 293070 225266 291992 227084 293740 226319 292933 218945 283000 226510 293651 226935 294022 224573 290473 226837 293867 227394 294766 227199 294316 227060 293958 225135 291859 225934 292644 228410 296141 222821 288184 227212 294270 228357 295183 228198 295809 226172 293432 221520 287268 1429
228199 295820 229063 297145 226398 291931 228275 295924 228347 295839 227606 293985 228107 295674 228082 295819 228196 295675 230453 298456 227316 293945 225517 292116 228174 294961 226594 293666 226283 292740 225063 291249 227660 295362 225402 292319 226601 293179 228702 295981 228488 296060 225233 290870 229156 297112 229427 296988 227879 294872 227908 294895 229159 296282 225035 290675 228124 295564 228104 295385 228570 295968 228079 295286 226871 293802 227373 294024 227454 294729 229101 296715 228457 295232 229649 297251 228589 296453 228743 296633 228685 295233 226921 293543 228387 296373 229068 296743 227089 293295 225730 292421 228577 295765 229282 296970 218803 283269 224306 289848 226837 293783 228388 295640 226110 292907 221693 286737 228680 296207 227108 293706 227056 293701 224993 291366 226583 293350 228166 295407 230082 298108 228637 295820 226729 293600 229968 297820 226871 293479 225259 291035 226994 293644 226968 293260 230515 298325 226761 292725 225665 292177 228975 296594 226529 293758 227418 294060 229837 297606 227557 294288 228643 296190 213472 275322 226756 293556 227336 293595 227203 294321 229933 298078 228537 296274 229430 297404 226258 292716 218788 283797 223090 288138 224290 290310 226227 292730 225298 292104 229989 298259 228302 296055 173280 224541 226059 292323 226990 294000 226748 293767 230608 298254 224986 290517 228057 295799 226252 292962 1584
230228 298042 230772 299533 226752 293543 229140 296215 230729 299048 228502 295483 227366 293974 229660 296885 229451 297240 222371 287939 228766 296103 228841 296318 229686 297550 227818 295376 208053 269886 228500 296148 225380 292225 229478 296671 219360 284262 223736 289024 230802 298458 228578 295951 228758 296089 227330 293475 227840 295039 227114 293946 227504 294958 229484 297654 225834 292386 227461 293739 227214 293977 230270 297970 228293 295986 226106 292598 227618 294127 230587 298496 229646 297575 228495 295909 228368 295914 231635 299457 228954 296489 228435 296251 228421 295822 228850 296441 229897 296797 226735 293327 226621 293132 230045 298222 225426 291433 229595 297317 229189 296829 230111 298071 230041 297515 229771 297791 229575 296583 227590 294978 230869 298685 229570 296821 229951 298499 230275 298378 227306 294052 230320 297680 227078 293688 229676 296918 228683 295221 228701 296252 207640 268290 228340 294885 225800 291613 227346 293973 229757 296986 229549 296849 229235 297209 228197 295070 227475 293942 225886 292310 226329 292453 228630 295595 227257 293598 230396 298211 229100 296950 229815 297607 230270 297942 226984 293723 229374 297723 228056 294551 228305 295594 229097 296317 227829 295103 230269 298122 223605 289538 225922 291679 230594 299398 229834 297716 230012 298524 231601 299698 230498 298551 224823 290868 225086 291095 228102 294662 1579
228787 296312 232230 300679 228915 295854 231488 299899 230288 298267 227701 294504 229131 295978 224981 291654 230924 298113 207645 268915 228049 295251 228498 295737 229581 297118 230601 298475 230177 297277 229909 297704 229490 297203 230268 298063 229987 298144 222437 287584 229435 296307 229693 297428 230588 298721 231236 299416 227956 294722 228848 295531 231305 299727 230331 298299 229349 297109 224643 290856 229099 296279 230308 298193 231677 299912 229928 297575 227051 293235 227105 294034 229794 297697 231444 299379 230283 298706 226676 293394 228289 296167 223486 289712 231254 299935 230245 298533 227710 294442 227601 295130 230369 298340 229634 297668 229629 297945 227229 293915 227776 294999 230162 297770 228857 296603 228871 296439 222975 288551 229949 297648 228375 295571 229822 298025 230610 297954 224075 289986 228904 296043 228744 295471 230020 297674 229751 297345 231560 300077 229413 297293 230586 298235 229910 298756 230158 298045 228725 296234 230526 299240 230619 298664 230394 298286 231620 300007 227512 294110 228376 294900 229781 297199 227826 295294 228917 295846 229720 297224 231534 300272 230267 298373 228246 294956 230383 298215 226341 292737 230838 298906 228342 295801 228206 295405 230787 298500 229647 297222 227269 293984 230682 298465 225390 292284 230479 298374 228645 296145 229377 297050 228365 295994 219688 283916 226329 293031 227928 295102 1670
230847 299198 229809 297801 227680 294639 230502 298232 230745 298928 229622 296702 227504 294575 231359 299255 227604 293794 228469 296004 228708 295900 224224 290362 226326 292963 230017 297803 227066 293427 232288 301388 227917 295079 230044 297249 230025 297847 230802 299634 230397 298583 230809 298608 231112 299900 233027 301167 231782 300010 227266 294271 230543 298281 230255 297839 221343 286250 229549 297450 229658 297612 227910 294834 231640 300035 230512 298597 227758 294794 229510 297122 231816 300366 228090 295317 230827 299035 231235 298719 230304 297787 229675 297404 227050 293859 231100 298757 229232 296577 230697 298061 226263 292398 228854 296161 228578 295517 228641 296043 231565 300087 227306 293382 230691 299146 228235 295243 225319 291397 231880 300588 232179 300583 230280 297945 230248 297362 232340 300848 230089 297451 231458 299252 226924 294456 220189 284951 225028 291912 228717 295677 231288 299431 228740 296201 200044 258286 231346 300050 231480 300010 229387 296941 230709 298879 230129 296971 230517 298727 232259 301361 227113 294004 207335 268404 225382 291318 229825 298048 227932 294881 222421 288010 231316 299330 229190 296155 228332 295251 227709 294470 228599 295591 230556 298061 227449 293926 231528 299939 229566 297627 229026 296340 229083 296922 231121 298557 227454 294423 229622 297397 230631 299066 229550 297832 225625 292575 226563 293220 1619
232301 301361 230218 297479 229610 297576 231370 299343 231686 299208 215903 278970 230147 296959 230961 298537 230320 298568 230284 297491 229184 296532 229239 296817 231359 299471 209315 271090 232080 300059 232168 301016 228417 296067 230212 298023 232404 300988 226720 292818 227406 294403 232958 301482 232871 301864 218889 283286 231329 299383 225861 292190 229401 297016 232390 300246 229689 296859 231500 300611 230158 297710 230020 297577 232461 300429 231198 299250 229638 297724 230677 298055 227211 294145 231720 300154 232891 301072 231739 299467 228030 294650 232065 301248 232278 300798 232764 301666 228730 296044 231238 299437 230333 298236 233392 301694 230664 298448 233186 302144 229782 296708 228651 295756 233047 302098 231806 299927 231712 299492 231190 299438 226707 293201 229769 296626 231288 299562 229101 296459 231747 300299 231404 299509 231944 300714 230501 298442 231737 300428 224132 289211 232301 300597 224602 290457 230002 298039 228372 295633 231061 298971 232555 301000 232670 302065 228777 296037 220494 285604 231276 299725 230547 298932 231422 300142 208938 269769 231887 300119 232090 300873 224644 291332 229081 296971 230389 297539 226503 293121 229591 297201 233192 302303 232345 300749 230907 298524 231223 299739 229877 297700 220421 286550 230028 297686 232217 300040 225611 291987 230346 298116 231019 299627 232584 300669 231263 298824 231935 300815 1625
227509 294676 225514 291870 231867 300179 225880 292310 231553 299663 233188 302018 231193 299505 232142 301348 230321 298494 230976 298816 225450 292065 232432 300322 231613 299463 230657 298426 231489 299812 232806 301341 227777 294754 231839 300439 233369 301175 230627 298621 233123 301791 232913 301631 231579 299595 231298 299121 231594 299018 227539 294524 229359 296771 231231 299583 233473 302582 229597 297395 232915 301649 232421 300583 230342 297642 231652 300610 231466 299988 231897 299984 230609 299031 233168 301837 228868 296384 231907 300707 233734 302508 232273 300608 232184 299883 231380 298876 222085 287308 232704 301282 234133 303185 231579 300288 228573 296041 232456 300641 233539 302387 231159 299295 232796 300405 232104 300398 232963 301623 230763 299134 220002 284454 231905 300147 233826 303131 233685 302655 229451 297282 231824 300890 230462 297946 224551 290174 221469 287032 231406 299630 230021 297514 229791 297930 233121 301198 230913 298607 232591 301157 233004 301076 230520 298359 230379 298049 232425 300653 233715 302692 230601 298164 231360 299434 231944 300207 233135 302240 234859 304574 230619 298308 233445 301698 233437 301799 233781 302791 233278 301697 230409 298097 232431 300368 228981 296432 231938 300235 229383 296364 232191 300691 232190 301269 232242 300589 231344 299773 234264 302874 233118 301680 227719 294956 231608 300429 231254 299465 1729
231577 299926 231240 299573 234558 303700 210929 272572 228891 296433 232935 300554 232223 301225 233748 302635 230912 298945 233544 302517 232400 300836 234069 303204 232730 300774 231421 299891 235247 304788 234658 304111 227385 294620 232474 300744 231597 299265 220158 284463 234991 304659 232906 301689 231482 299147 231077 298924 233810 302560 234059 302816 233721 302335 235602 305353 233040 301321 233149 301161 230334 298245 235904 305654 232420 300830 233631 302679 232329 300782 231557 299674 227833 294800 231255 299286 232653 301241 233451 302381 231986 299983 176645 228577 232992 301501 229225 296540 231303 299504 233667 302854 233158 301464 232548 301478 228072 295419 234715 303679 233786 302840 233981 303276 233144 301210 233986 303328 233364 301533 234081 302838 233703 302546 228490 295407 232750 300938 228078 295221 232654 301346 229600 297687 231474 299639 231040 299729 233537 301923 229436 296988 228648 295633 233382 301909 232352 300979 227294 293707 232788 301526 234382 303729 233053 301900 231067 298895 225652 291999 231595 299760 234361 303125 233542 302716 232195 301177 210781 272223 233186 302099 234294 302953 230808 298287 232005 300039 231815 299828 233755 302197 231867 300419 230155 297791 233125 301874 233229 301909 234174 302553 229711 297485 231717 300186 232451 300349 233132 301488 231168 298655 232145 299701 228629 295864 232061 299611 230750 298856 1700
234986 303292 235955 305289 232480 300901 233132 301699 235334 304257 231040 299249 212626 274516 233069 301829 231715 300230 235273 304597 233258 301927 232064 300444 237407 307699 229476 297080 236869 306246 231935 300746 234810 304362 233515 303076 230194 297628 235476 305542 235769 304922 235365 304549 232361 301053 234204 303979 235160 304631 212137 274923 177089 229449 207704 268954 233190 301824 233740 303004 232142 300454 234738 304130 233130 301519 232458 299918 233298 301868 232423 301542 234212 302222 234938 304006 231608 300345 230960 298884 234079 303227 232789 300814 227552 294699 235893 306151 233294 302315 234623 303643 234520 303039 230366 297769 234992 303718 229339 297096 235444 304872 221745 287203 233411 301977 235567 304730 232035 300040 231568 299611 231894 300227 233877 302780 231975 300345 233329 301334 230777 298887 232217 300746 234345 304131 222783 288555 231372 298854 229489 297502 234354 303903 233469 302685 234658 303225 233188 301877 229926 297204 230325 297916 223669 289769 231606 299721 231626 299924 231311 299126 231279 298979 233850 302774 227664 294879 235162 303839 232087 300770 231195 299233 211871 274667 234169 303199 236804 306825 234550 303623 234420 303043 233634 302144 232762 301093 231858 299458 232948 301448 234617 303919 230156 297458 234080 303079 233919 303240 213167 276064 232741 301503 232053 300898 232551 300186 233478 302440 1670
234321 303332 234879 304803 234431 303785 231620 299665 235926 305827 232080 300186 233439 301954 233307 301712 235200 304771 233734 302584 234096 302990 233793 302025 231926 299139 230063 298499 218042 281800 232856 301003 234720 303720 235545 305622 233327 301435 234381 303484 224857 290552 229335 297036 231385 299506 231020 298462 232587 300831 228708 295821 234182 303064 234171 302983 232997 301142 233546 302334 230570 298216 234318 303334 234474 303541 235531 304452 235512 305575 231997 300524 234708 303951 230507 298113 235528 304633 221396 286011 234535 303792 236657 307733 233987 302935 234449 303731 232296 300824 236212 305629 233678 302656 234113 303286 235335 303890 234693 304151 235612 305204 234165 303341 232676 300600 233316 301726 230254 298032 235426 304939 234600 302842 232576 301621 235555 305546 232731 301070 234256 302777 235677 305221 232069 300654 234868 304320 235719 305413 235132 303780 235396 304065 233833 303080 233555 302748 235633 304988 236087 306222 235211 304541 231658 299773 235152 304525 234517 303914 234145 303594 235087 304405 233929 302831 236129 305105 230682 297650 233817 302955 232580 301624 236349 305665 223018 287853 230036 298047 233123 301879 233195 301318 227245 294380 229407 296977 233527 302480 224013 289355 234530 303985 234003 302741 230996 298637 231879 299777 233565 302733 222185 286718 234842 304120 235249 305248 235079 305000 1530
235166 304331 225270 291782 236087 305766 236370 305446 235848 304459 233261 302292 236301 305822 226746 293491 237272 307263 235155 303563 230423 297840 233769 301919 236352 306010 238179 308909 235471 305133 236268 305529 233791 302809 237055 306592 234473 304010 232687 301409 236690 306251 176712 228832 233581 302402 232516 301270 236512 306308 233535 301825 233159 302050 235227 304473 234848 304676 235440 305561 232946 301295 228927 296785 233843 301992 234253 303210 235829 305790 237064 306386 236116 305986 232963 301318 234502 303335 235170 304601 232808 300749 234179 303323 233652 302837 234500 304135 236277 305335 236339 306437 234396 303227 234629 304506 236230 305373 232421 300665 236218 305570 234803 304298 234095 302935 236853 306905 230542 298864 235326 305197 234395 303336 228855 296496 229310 296458 232882 301086 233006 302329 237197 307230 235260 304673 233406 302473 233522 302489 237746 307219 235794 305992 233063 301720 236338 306158 232154 300016 223366 289362 227875 294836 225112 290911 233081 301030 234450 303714 237415 307428 234114 303543 236474 305637 225811 292701 232389 300482 237306 307127 233875 302708 234700 303207 235608 304456 235365 305091 231178 298517 236281 306157 231589 299787 234809 304149 234975 304036 236736 306588 235868 305514 236439 306071 234467 303324 233560 302407 233426 302528 237000 306830 234458 303838 235005 303884 236787 306632 1662
237036 306477 237469 307756 236364 305395 214468 277065 234170 303015 238445 308771 231423 299516 228640 295924 236334 306658 234960 304283 239309 309808 235087 304251 234473 303204 238171 307964 236089 304942 236557 306127 237032 307028 238644 308758 231648 299600 235736 304971 237536 306754 179307 232118 237616 307119 232988 300961 237678 308034 234892 303806 234598 303683 238283 308158 231059 299272 234714 304098 236565 305493 229851 297691 234652 303299 234857 304324 238695 308844 238051 308283 235931 306278 234431 303320 232914 301300 236847 306183 235683 305277 237750 307627 235865 305064 233022 301590 232433 301120 233906 302728 237082 306165 236916 306791 235435 304317 233928 302787 236241 305436 235903 305515 238057 307876 231483 299974 233908 302198 235475 305363 238253 308832 234915 304059 237372 307727 234101 303023 235989 304941 234844 304456 229832 297579 235549 305344 237156 306777 237992 308340 236188 304615 237288 307138 237370 307552 232765 301378 237200 307143 234980 304006 233142 302136 234997 304874 236976 307453 233379 302593 237762 308077 234384 303697 235884 305999 238995 309554 238657 309100 235823 304574 236284 306366 234790 304346 236704 306536 235545 304790 237793 308049 234142 302895 231864 300630 235008 304252 235823 305145 236841 307234 233581 302757 236530 306032 236194 306086 234964 304171 234192 301828 236144 305860 236658 306617 236341 305732 1645
236327 305907 233144 301462 237734 308579 236023 305249 233775 302322 235301 304771 180714 234244 223918 289636 235274 305102 237079 306952 235145 304364 236553 305796 238071 308516 234108 303595 236556 306155 235725 305305 214483 277088 237365 307223 236672 306396 237428 307155 238495 309041 234378 303573 237694 306515 235574 305055 236195 305775 236625 306511 214030 277254 230332 298058 235339 304658 237910 307664 238678 308803 235633 304618 237988 308227 237604 307195 179361 231962 239737 310507 236177 306008 236750 306342 235989 305164 237427 307306 236481 305665 236540 306972 234907 304058 239073 309398 236586 306554 236611 305358 235058 305286 237301 306676 238022 308319 236710 306213 236659 306197 239095 309358 232894 301442 235123 304395 238228 309243 235586 304837 236248 305418 237385 307643 237565 307194 234929 304554 237928 308365 234787 303839 236568 306039 237394 307058 234215 303419 234557 303513 236610 306148 177183 229434 233738 302675 239067 309894 237393 307220 235944 305278 236665 306965 236093 306086 236791 306163 236791 305953 236956 306762 236547 306271 236928 307339 235167 303934 236462 306106 235092 304274 233920 302699 236692 306712 235307 304143 235193 304288 237802 307900 236161 306124 237268 307674 238313 308344 236793 305826 237750 307891 227491 294033 238499 308653 235506 305679 235451 303906 237087 307639 234834 304097 231515 300019 234350 303484 1661
236732 305627 239833 310920 224377 291007 236883 306420 239886 310310 235155 304402 238029 308392 236414 307052 237350 307583 234597 303403 238962 309366 237012 306476 236508 305298 237304 307274 236922 306700 238499 308637 235633 305053 238808 308915 226473 293237 236312 306471 235484 304286 237403 307649 239877 310231 236813 306763 235803 304651 238826 308951 236827 306734 238692 309362 237594 307228 237565 307926 238228 308918 233800 302842 238238 308389 236904 306049 238578 308195 238671 309561 214979 278601 236596 305989 237540 307472 236334 305665 238657 309215 232116 300189 240173 310048 239526 310064 239153 309618 239026 309894 236679 306370 238104 308196 239251 309079 237325 306808 237791 307246 225293 292087 235893 304792 233208 302344 239121 309562 238600 309197 232361 300939 238594 309473 235830 304663 231406 299181 237661 307934 236256 305175 237440 307960 238894 308672 235585 304961 235100 303440 235588 305108 235901 304499 239108 309247 237352 307576 236575 306884 238633 309079 237686 307895 236514 306670 238655 308690 237286 307047 238989 309937 232191 300640 238368 308631 238228 308709 238476 308816 237017 306746 238657 308638 238040 307919 236314 306051 235894 305923 238208 308645 238331 308506 231482 299368 238211 307751 236437 305989 236619 305092 237600 307152 236005 305569 236157 305179 238881 309373 237113 306229 237837 307206 235305 304526 238431 308798 1621
240364 311235 235378 304273 241997 313464 236098 304986 235505 303704 238915 308993 235990 305828 238462 309176 236276 306168 238992 308609 237472 307669 238160 308901 236082 306129 236217 306084 236857 306335 179728 232457 236101 305482 238822 308980 238253 308819 236309 305603 239007 309433 239010 309594 238248 308083 238448 308363 239129 309966 237266 307603 235964 305728 237770 307029 227535 294435 238881 309375 236968 306747 238601 309031 235250 304528 238432 308170 238706 308774 238775 308955 235940 305338 237544 306963 237428 306779 236967 306279 240899 311835 237056 307032 239411 309602 240565 311181 237727 307893 239752 310109 239468 310279 236658 306846 234468 304087 236471 306422 239444 310563 239935 311167 238374 308827 238534 308517 239431 309889 238697 309521 236366 306251 239603 309475 236579 306102 238851 309821 240253 311493 239047 309415 240044 310239 237165 307126 238246 307940 238178 308374 240138 310700 237927 308020 237922 308463 239335 310225 236508 305042 238640 308217 238992 309421 239873 310796 240272 310345 238035 307436 238160 309067 231126 299163 241194 312826 239998 310254 239198 309584 239769 310642 237854 307740 238183 308305 238476 308644 238983 309587 240093 310766 237801 307197 238671 308457 236670 305654 227163 293689 237990 308594 238275 308210 240180 310918 239102 308749 236878 306592 239349 310162 237416 307350 239697 310593 236287 305632 1742
241246 312914 239576 310077 239254 309281 241262 312216 238131 308271 240146 310184 234065 303195 238391 308137 236981 307409 238209 308818 238632 308270 230049 298249 240025 310647 238761 309506 237455 307782 238789 308706 238285 308217 241719 312454 240286 311326 235629 304679 241177 311849 241008 311898 238225 308310 235464 304397 236482 306003 236061 305540 226346 292284 240407 311156 238933 309133 238829 308796 238386 308520 238665 308960 238675 308875 238406 308579 238083 308771 230241 298328 236498 304844 240479 310536 238683 308671 240064 310732 241491 312553 240125 310408 238930 308828 238187 308794 238973 309510 242544 314276 238774 309591 240967 311820 238406 308382 240293 311009 237328 307722 236989 306515 240513 311701 237883 308010 238867 309100 238960 308653 240876 311929 217481 280905 239431 309822 238501 307870 241272 312323 237654 307025 237649 307085 238975 309068 238494 308890 236463 306410 238798 309379 239412 309853 239693 310159 239121 309949 237254 306353 239549 310481 238330 308417 239694 310469 240858 311918 240769 311979 240592 311374 239726 310691 237903 307743 239130 309599 236118 304924 241121 312793 238197 307529 239874 310359 237563 307772 240257 310536 237428 307193 237471 306744 240287 311397 239234 310255 239241 309547 236435 306543 240237 310734 239503 309702 237470 306644 237670 307068 237812 308481 233912 303216 235987 305882 239852 310721 1639
238600 307991 240541 311780 240939 311866 239968 310410 241658 313555 240181 310944 239611 310118 241173 312468 240720 311175 239729 310219 238458 308861 241141 311655 238093 308316 238468 308974 240639 311115 239868 310156 236640 306034 237996 307965 241302 311996 234069 303108 244021 316301 241573 312766 239329 309159 239621 310484 237063 307044 239822 311024 239006 309513 241541 312750 241619 313203 241517 313146 237978 308665 240124 310967 238366 308942 240724 311159 241309 312727 234229 303213 241641 311931 238117 308147 236375 305836 240931 311319 239782 310047 216912 281002 240798 312029 242197 314262 240344 311429 241649 313455 240246 310405 238810 308299 241395 312819 239094 309037 240559 311475 241185 311498 238868 309590 239787 310616 240363 311045 239056 309321 240245 311455 238645 308907 241226 312283 240722 311369 238865 309020 241656 312938 235874 305064 240417 311418 239470 310498 239364 309021 240002 310873 237036 306995 240540 312134 240731 312047 236536 306483 217739 282062 241467 312150 240809 311309 239945 309960 239619 310458 240682 311914 240720 311193 183066 237089 240124 311138 240150 310940 241471 312601 239952 310652 238271 308508 239741 310632 235280 304107 237089 307111 237278 306005 242524 313759 240475 310949 239057 309649 238812 309200 237710 308244 241641 312552 238466 309199 243119 314332 241030 312649 240821 311805 240704 311295 235795 304441 1636
240023 311676 240035 310925 241150 311573 241457 312878 238506 308214 241437 312482 240025 310425 241158 311920 242809 314714 241800 312736 240150 310885 236173 305056 236405 306341 239281 309891 239807 309478 237791 307742 239595 309757 240519 310925 240152 310553 239781 310571 239600 309908 240516 311733 239107 309771 240818 311402 242392 313546 238041 307905 238641 308548 239271 309742 240827 311523 241957 313703 241782 313941 240521 311439 236880 306556 238950 309394 241259 311815 240979 311765 238913 309541 241289 312289 242244 314187 239690 310208 242629 314460 243150 314634 241775 313219 241884 312393 241648 312907 241699 313035 240926 311894 240140 311648 241667 312698 239165 310101 240339 311950 241259 312551 242029 313289 238682 309157 239922 311296 242547 314414 240219 311371 242304 313273 241299 312134 241537 312056 240507 311538 238906 309064 242041 313114 242087 313102 238808 309360 240359 310664 239751 311026 240681 312038 237688 307048 242114 314045 182174 235943 214957 278306 242413 313726 243439 314664 243709 316067 243172 314548 240803 311668 235951 305408 240229 311433 238586 308023 218055 281717 217487 281049 240644 311848 238070 308208 242656 314045 238417 308396 241025 310921 239984 310101 235952 305866 242979 315115 237995 308333 242282 313624 241520 313150 240780 311326 242516 314586 241836 313036 241600 312241 237194 307272 238091 308681 240778 311458 1746
243360 315316 243897 316712 216267 279271 240964 311537 242575 313505 240045 310982 241848 313259 242152 313253 236910 306305 229654 296374 242328 313939 241365 312416 240323 311133 242774 314079 243528 314683 244139 315547 242236 313559 220596 286116 243399 315116 243173 314717 241692 312983 239843 309839 236225 305870 241659 313207 242841 314295 241002 311808 242621 313813 239013 308725 241592 311793 236663 306704 242106 313892 240739 311756 231704 300302 231699 299931 241837 313111 240735 312052 240729 311686 243347 315046 239877 310743 240500 310592 242348 313660 240940 311732 233969 302793 241537 312551 242699 314299 241605 312609 240239 310954 235775 305044 239768 310834 242925 314559 240950 311830 240779 312089 240561 310574 241333 313041 242080 313755 238142 307837 238699 309539 239421 309193 240424 311639 230278 297564 240570 311678 243608 315955 241833 313406 243570 315138 238651 309236 240448 310699 239938 310875 240757 311616 242654 314131 240124 310327 242439 314319 242005 313606 241508 312523 241795 313155 242749 314124 242498 314765 239125 308960 241629 312498 242034 312516 243914 315461 227275 294048 237945 307210 240880 311989 239457 309701 241274 311342 244855 317289 243132 315027 239614 310141 241279 313044 236965 306508 241711 313279 238507 308611 241691 311903 241897 312768 242620 314338 242704 314183 234069 302877 231594 299572 240104 310579 237669 307072 1612
243416 315413 243036 314336 241856 312691 241009 312326 244411 315980 237825 307929 242171 313877 240990 312124 243568 315337 242228 313868 244419 315451 239172 309262 241526 312385 242345 313912 239548 309827 241242 312165 243747 315542 240460 311445 243446 315680 241234 312183 243982 315511 183584 237662 240250 310734 244660 316733 243001 314699 237059 306481 243442 315206 233321 301953 244331 316730 242161 314124 240506 311580 243217 314931 243921 315434 243011 314157 243280 314746 241593 312687 240372 311033 243093 314789 239322 309211 242419 313961 241989 313386 244763 317144 242890 314327 242067 312945 239968 310443 242260 312862 238417 308482 242408 314055 242307 313142 237610 306718 242162 313762 243867 315252 243774 315989 241415 313051 241836 313203 242571 314318 240757 311257 240208 311184 241854 313651 243852 315286 241801 313506 243876 315419 207653 269020 242981 313640 239347 310044 243264 315150 243110 315331 241217 312124 241084 312291 239712 309458 243510 314755 237578 306974 240033 310701 242493 314004 245087 317691 242284 312922 241047 312117 243133 314033 244221 316537 240951 312271 243262 314694 243152 315377 242654 314373 243732 315920 242219 312456 241562 312786 244517 316584 241276 312592 241391 312481 240616 311051 240064 310047 242938 314602 242846 314159 242885 313475 243342 315559 242800 313845 240188 310703 241105 311858 242097 313301 243701 316628 1797
237620 307648 243142 314789 244094 315408 243799 315654 242919 314787 222437 287754 243908 315109 241493 312689 240213 310952 243166 313983 244353 315347 244827 317276 244684 317049 241459 312920 243202 313886 242423 314167 240765 310793 244499 316497 242079 313616 245209 317623 245326 317716 240610 312218 244541 316629 245443 317956 244883 317009 241796 313123 240564 311004 244412 316215 239163 309833 245728 318221 241313 311998 242365 313263 242815 314529 243719 314712 243508 314842 239659 310065 243210 314323 242606 313936 240678 311872 242143 313855 244404 317199 245019 317072 239721 309860 241051 311688 242887 314741 241618 312397 241381 312243 239514 310459 243469 315559 243056 314762 243796 314871 244560 315945 242617 314723 221556 286863 244591 317404 242078 312479 244169 316156 244253 316246 246436 318622 242441 313551 241099 312616 246171 318729 245119 317023 244230 316327 221245 285929 238841 309357 244169 316281 245126 317645 243828 314793 243177 314191 241169 311874 244275 316215 241534 313047 237880 307870 244313 316053 219467 283563 244141 316417 242512 313922 244426 316143 239256 309660 245225 317704 233600 302486 243265 314432 242880 314890 243251 315434 245432 316681 245402 317313 242991 314805 243489 315376 244248 315849 245097 317164 241858 313263 242224 313902 245991 318887 239222 309838 244649 316928 243533 314990 240879 311425 244854 316887 239397 309664 1710
244140 316210 244604 317195 241200 312381 244384 316442 238245 308487 225949 291622 244663 316704 243918 315637 242877 314649 243175 315233 243231 314813 246496 319667 242857 314353 242734 313783 242704 314568 241476 311955 243010 314613 239087 309160 244464 315997 245396 316854 244797 317059 242374 313701 242769 314069 243770 315183 246321 319150 242858 313828 246138 318572 244403 315810 244008 316316 244292 316328 244699 316540 242770 313428 243953 315812 241817 313664 245204 318031 237614 307882 244525 316252 245343 316923 241816 313083 241202 312461 244257 316183 245512 317411 244435 315963 242734 314225 242108 312893 233296 302086 245461 318047 245630 318153 244162 316464 244672 316261 245501 317953 241652 312490 246793 319936 244067 315478 243264 315238 240503 311397 242259 313639 243205 315915 244046 315346 242392 314023 244067 315397 244815 316488 245071 317091 245022 317279 246137 318792 239060 308317 245502 317807 246844 318894 245125 316589 243568 314862 241968 312638 236374 305906 241010 311978 243019 315233 241749 312774 243470 314580 240170 310671 244652 316418 232738 301465 243207 314969 237092 306649 245526 317513 247946 321745 245546 317933 240836 311959 246651 319331 244533 315965 240833 311393 238747 308680 242247 313307 242706 314022 243450 315304 244980 317441 244497 316503 244093 315630 244131 315900 243046 314877 245414 317180 245867 318441 239848 311165 1710
222031 287603 244134 316217 244605 315700 245929 317980 242228 313394 243998 316170 241122 312375 242132 313638 233286 302360 246018 318554 240079 311075 246903 319237 246156 318849 246103 318344 246687 319094 246422 318516 242184 313168 246999 319708 239284 309261 246041 318468 246239 318817 243123 314849 246688 319447 243346 315694 244380 316302 246775 319743 244842 317567 244373 316704 186064 240437 243529 315124 244919 316520 247004 320265 243073 314023 244271 315794 242352 313787 246385 318227 242642 314323 246026 318638 243885 315790 244209 315808 238720 309331 244651 316919 244320 316903 244348 315989 246227 319227 221941 287106 247805 320449 244918 316056 228574 295838 245151 317388 244546 316065 246228 318871 245161 317872 244589 316282 246442 319230 245699 318362 244741 317466 246301 318825 247489 320152 243914 315892 244944 317167 241877 312629 245867 318627 246689 319698 222485 288168 245657 318519 246104 318460 245014 316784 238395 309302 236214 305769 244230 316515 245713 318614 246486 318067 247374 320381 244530 316379 244379 316386 244612 316758 243991 315086 243792 315363 243369 314365 246679 319215 242494 313015 244239 316232 240354 311990 243388 314671 246382 318713 245086 316947 243247 314373 244003 316249 244744 317509 244371 316406 243168 314487 245312 317862 240882 311883 245071 317424 244916 316755 246043 317827 245442 317915 246718 319212 243433 314908 1747
246883 319683 240597 311767 244435 316769 248034 321408 244493 316609 243449 315487 246368 318590 246586 319168 244903 316599 245059 317578 186963 242235 243243 315199 243622 315221 243911 315539 246215 318950 243243 314156 246789 319258 248219 321429 247576 320821 242543 313356 244684 317026 247549 320634 246686 319728 245943 318551 243485 315180 246162 319577 248247 321596 245039 317574 242768 314244 246841 319240 246776 319431 240216 311135 247388 321039 245814 317806 239225 309219 244993 316997 246533 319440 246087 317630 241924 312959 245633 318183 244166 315688 223897 289351 245386 317880 244207 316524 247069 319311 244543 316533 245810 317297 244935 316429 245016 316936 241558 312988 247762 320817 245419 318237 246842 320066 233276 301977 246449 319352 244171 315611 247005 320068 244961 317603 247165 320675 246046 317748 243025 315365 247968 320897 222679 288204 241850 312549 246047 317587 247697 320721 247627 321472 242110 313008 243891 315672 246139 318352 246790 319386 245702 317817 241406 312424 243621 315643 246600 319007 248788 322488 246607 319398 244742 316804 242882 314226 246109 318690 246945 319839 245006 317271 244194 315482 241982 313562 246393 319021 245222 318305 231747 299878 247849 320853 223387 289231 248665 321947 244260 316432 241969 313488 246020 318615 244345 316264 248239 321699 244443 316689 247153 319463 243263 315374 245215 317435 245087 317771 1838
244581 316300 244681 316921 245154 316755 239930 311190 241914 313131 249753 324160 244746 316947 246766 319390 211031 273060 249649 323208 247193 320125 244692 316163 247107 319928 246405 318903 249151 323143 241588 312696 246445 318717 248505 322099 246772 319376 247093 320009 247067 320386 240966 311818 247881 321529 243652 315560 245297 317566 246629 318653 187904 243626 237521 307680 246921 319783 245381 317436 241936 312052 248582 321954 240339 311190 245604 317941 248459 321602 245644 318130 246863 319713 248277 321559 246491 319100 248696 321878 249426 322922 245801 317378 246614 318887 247020 319606 246746 318965 240343 311155 245675 317493 248362 321260 247944 321203 240643 311690 247129 320138 247630 320730 241438 312187 245233 317634 246714 319069 233544 302321 245787 317735 246655 318486 247143 319387 248733 322422 246768 319596 248715 322373 247766 320315 248004 321130 239460 309859 247601 320104 247172 320402 247955 320548 245559 318380 245446 317461 240163 311211 245918 317676 247891 320776 245138 317513 243860 315051 245835 318162 246872 319754 244056 316296 244233 316214 248157 321207 245628 317772 247327 320464 246253 318859 247073 319538 247471 320269 243526 315426 246291 318740 247497 320917 248082 321054 245144 316260 247150 320462 245986 317475 244682 316107 216999 280341 245986 317991 247099 320519 247839 319829 242784 313905 248425 321253 249981 323788 1893
187218 242598 245241 317121 245153 317332 246360 319233 247218 320220 247938 321314 246440 319186 248802 322754 249300 323322 245769 317826 248426 321182 247698 320799 245154 317048 247826 321370 247171 320492 246354 319020 247104 319981 244394 316627 249132 322793 236609 306348 246560 319220 246699 319787 221424 285718 246769 319437 243511 314588 249661 323480 249165 322105 247749 320533 247423 319780 248518 321418 247306 321189 247458 319609 247871 321122 241150 312084 246951 319298 251394 325281 250249 324123 249960 324127 225830 292302 247915 321509 244034 315208 245858 318729 246431 318673 245586 317824 248912 321800 246140 318374 249548 323180 249857 323805 247285 320442 247463 320093 247886 321544 247518 320602 247473 319972 248933 322835 247658 320668 244374 316666 243610 315539 248247 321292 250088 323279 245705 317223 248146 321415 246457 319423 248794 321808 249646 323111 247697 320659 249785 323822 247726 320273 248619 322138 224597 290721 248276 321542 247037 319580 245738 317998 249004 322081 245957 318247 248123 320559 247970 320860 248898 322361 246002 318724 248183 320394 244933 316411 247608 320446 242433 313122 245901 318101 244948 316568 245580 318483 240191 310586 249076 322467 248449 321462 246561 319268 242690 314037 244686 316137 249069 322870 248335 321539 247870 320509 247795 321470 249449 322577 244038 316125 221953 287281 246104 318790 249135 321872 1785
248911 322332 249958 324040 249118 322433 248284 320950 250390 324578 243393 315180 247680 320596 248402 320749 242209 312792 248315 322084 239274 309890 248038 321134 248811 323332 223604 289462 247692 321006 250700 324647 243035 314299 250048 324083 242496 313597 244868 317035 249713 323433 249348 323282 250288 323794 247237 319950 246810 319368 249978 323612 248902 322104 235995 305057 248907 322491 247824 321345 248287 321611 246401 318320 246552 319335 245823 317472 248265 321482 247942 321712 244768 316677 247166 319865 248802 321363 248972 322661 249919 323914 248612 322040 249644 322394 244381 316103 246888 319396 247050 319627 249522 323008 248966 322517 249911 324289 248328 321390 246433 318261 249443 322977 248835 321554 246793 319075 247223 319360 248869 322848 248385 321954 247803 320734 248602 321983 249087 321469 244616 316481 242440 314120 249624 323390 247756 321067 247701 320779 247364 319716 247057 319412 250024 323930 247135 320018 250242 324186 246509 319452 247790 320779 247502 320750 250035 324239 241266 312352 247747 321091 247589 320340 250141 323744 247264 319178 243817 315963 238063 307561 249051 322561 249279 322663 247341 320654 242289 313059 247280 320614 243932 316118 244401 316676 249988 323607 247665 320768 247436 320290 249334 322926 250182 324010 248987 321870 244912 317102 246840 319463 248982 321527 249148 321735 251029 324854 248417 321839 1790
251112 325099 247687 321402 247318 319546 249260 322739 248605 321747 250120 323114 250178 324394 245830 317628 245966 318471 252354 326873 251608 325869 247889 320462 249477 323239 251469 325067 249567 323048 248535 321836 246538 318769 249797 323574 248546 321410 249510 322844 250560 324327 250656 324621 249075 321958 251751 326558 250189 324041 245456 317245 248966 322617 247700 320874 247129 319441 246799 319209 249062 322117 247818 320493 248641 322352 250878 324673 248342 321977 244701 316067 248843 322104 250149 324173 249678 323303 249111 322673 250641 323862 247076 320069 249063 322586 249340 322307 250375 323259 246050 318338 251574 325485 251439 324873 251574 326066 246252 317860 232822 300948 250207 323741 249207 322222 248407 321578 250464 324520 249162 322530 249576 323228 246354 317901 248153 321342 248991 322426 248513 321817 250795 324503 248692 322193 252113 326727 245502 317528 249420 322963 252387 326264 243839 315782 250665 324802 248529 321715 247284 320122 244907 317587 249335 322119 248747 321882 248630 322028 251262 325387 250530 324444 250193 323381 247000 319789 248219 321420 249096 321881 248139 321367 250226 325058 248620 322275 247639 320236 246234 319102 248786 322429 246430 318001 247852 321059 247055 320404 247530 320150 250097 323390 249290 321982 250922 325328 244374 316414 250794 324598 251117 325683 249565 322263 250110 323592 250800 324796 1781
251012 324635 251687 326574 249498 322920 249788 323365 249051 322580 227711 294585 248812 322184 252345 326449 248474 320798 250309 324154 247018 319237 249186 322396 249701 322911 249687 323701 250379 324143 250029 323436 247976 320761 246001 318213 248855 321828 249549 322702 249348 322776 232841 301303 250017 323137 248273 321266 248757 322633 252068 326127 252135 326241 248366 321253 249871 323600 249165 322518 249829 323277 250125 323917 253138 327677 250386 323842 250374 324176 235188 304465 252438 327169 243549 315446 233607 302631 250571 324484 247466 319885 245034 317156 249834 324372 249219 322794 249625 322580 250790 324465 252222 325912 246522 318830 245303 317192 248916 321762 250231 324674 251147 325051 246788 319659 250182 323624 251355 325272 251171 325027 188505 244320 250595 324270 246150 318567 252039 326146 250198 323511 249003 322622 249218 322916 248216 321589 249988 323511 248726 322388 251609 326197 223537 289318 246525 318485 250006 323572 211283 272631 250493 323537 248629 322258 246246 318968 250546 323731 249392 321734 245876 317863 250977 325309 250843 325431 250328 323529 250073 323751 248910 322116 254040 328673 250298 324351 250827 323763 243052 314226 249755 323126 249626 323397 188718 244244 251091 324882 251182 324483 248420 321437 248831 322090 250272 323831 252147 326884 250470 324499 249651 323406 248509 321694 247077 320017 250773 324699 1586
250926 324441 250719 324425 253073 328592 250908 324396 252616 326492 252176 326984 252156 327094 252658 327165 247816 321043 252652 326353 252038 326023 245477 318231 249414 322528 250547 324005 225721 292217 249469 323077 251800 325681 249482 322544 248131 320676 251952 326473 243771 315464 237099 306649 249983 322992 253917 328752 251939 326182 250579 324384 250368 323926 250267 323738 250705 324342 246055 317847 253089 328545 251410 324551 252629 327973 249893 323145 245773 318302 252702 326767 252667 326724 253365 328118 251895 325653 239153 309194 251070 324905 249667 323019 250480 323814 253295 327056 250305 323903 249857 323714 252326 326738 250529 324250 250756 324142 251796 326132 251045 324452 252769 327303 251865 325866 252516 326959 243926 315863 253343 327541 251395 326265 252539 326845 249140 323001 251988 325944 248831 321824 190296 246471 251473 325141 245313 317864 248415 321432 251693 325683 249893 323699 249089 321855 252087 325491 253526 328199 250646 324107 251049 325154 250547 324459 250676 324495 253452 327048 248603 321873 250890 324455 249860 323578 251721 326324 249079 322110 191267 247413 252556 326669 250243 324597 250160 323943 246446 319630 251100 324479 249309 322934 245362 317236 249519 323293 249497 323149 250123 323238 251874 326380 249367 322237 245670 318402 238520 309193 246272 319031 251112 325356 251824 326050 252018 326018 252527 327114 1870
249484 323328 252036 326449 248644 321952 251271 325217 251427 324584 250537 324701 252381 326174 251959 325853 250640 324052 251443 325482 252534 327503 252379 327093 250267 324145 251558 325610 251785 325952 247102 319486 254030 328358 229487 296886 252455 327104 250026 323744 249986 323032 249891 323909 240333 311090 250876 324935 248158 320950 251576 326541 251393 324869 252031 326601 249097 322267 253223 327848 251466 325829 250219 324128 247352 320382 237374 307263 251888 326332 236676 306652 249632 324123 246062 318424 249016 322342 247452 319766 251490 325933 252662 327058 250398 324144 251692 326608 249784 323095 250274 324576 250134 323930 250971 325343 249398 322996 250984 324547 253729 328916 250462 324620 251231 325171 247633 320440 252313 325889 249804 323698 250624 324601 249931 322773 252619 326796 253748 329086 250264 323457 254447 329883 250784 324745 251547 325920 251318 325448 252518 327120 252049 326094 248485 321304 240115 310243 254201 328901 251040 324840 250707 323996 251844 325978 251371 325096 252575 326471 252673 327001 253097 327239 224274 289790 252768 327034 251229 325094 249305 322566 252186 326142 249122 322793 244985 317086 255655 331353 250336 323671 252326 326858 252955 327198 251639 326078 251160 324585 252685 326583 250987 325165 227561 294703 251371 325030 252280 326087 251784 326366 227591 294194 252931 327010 247245 320184 250785 324265 1710
250561 324426 251976 326382 251381 325765 248669 321533 253010 327901 250417 324118 251268 325112 246151 318860 249726 322752 250574 324549 251182 325345 253393 328392 254029 328846 251979 326553 252200 326187 252176 326618 253029 327626 254533 329438 252656 326671 251829 325333 251079 324480 253059 327664 253247 327753 251731 325271 251511 325560 253410 328020 228486 296138 253330 328575 250439 324520 191766 248205 252289 326532 246025 318570 253593 328369 249937 323424 253387 327667 248668 322055 255038 330205 249889 323412 247405 320456 253663 329063 252876 327366 253279 328620 252516 326838 252692 326028 253293 328285 252067 325890 253366 328467 252486 327042 250317 323756 250136 323658 252113 325760 249603 322486 253750 327988 250929 324856 248729 322600 247410 320240 251610 325587 249547 323069 251222 324599 252246 326843 246100 318550 254096 328941 252726 327425 251545 325665 249695 322780 253976 329170 252634 325919 252559 326615 254456 329368 254448 329156 253886 328482 252900 326975 251451 325595 254611 329786 252769 327146 252581 327134 251286 325281 250698 323777 252910 326581 247948 320964 252639 327373 250941 324453 247956 320904 240556 311397 253550 328151 251779 326303 253336 327732 250663 324430 252272 326442 253269 326717 249277 322486 249686 323130 249096 322155 250760 324758 251171 324411 251629 325714 252717 327584 253348 328059 252785 327003 251815 326564 1774
254902 330467 252111 325639 249878 323078 248061 321549 240373 311033 251483 326236 254619 329456 253687 328566 253064 327481 249310 322182 253958 329128 251515 325046 251648 325786 252309 326832 253121 327256 248458 321990 251105 324354 254442 329271 250841 324400 251373 324883 254704 328720 249408 322673 254091 329247 230746 298421 254301 329188 250755 323977 254732 330335 253311 327225 252625 326706 255005 330152 254189 328472 253137 328049 252418 327069 252293 326749 250037 322844 253024 327641 230245 298798 252607 326291 253683 327880 255075 329894 253733 328622 253976 329658 254075 328711 252420 327083 254322 329369 253555 327853 254062 328320 244618 316584 247999 320951 254481 330157 253383 328069 254260 329177 254458 329396 254655 329731 255336 331138 252677 326884 253226 328588 248576 321349 253882 328991 253604 329098 254419 328776 249930 323065 255070 330139 253641 328011 252532 327299 253417 328159 253756 329046 252689 326835 253524 328152 253836 328705 250953 324311 253742 328331 253804 328536 254042 328315 253581 328801 250543 324593 252481 327000 228752 295844 255634 330603 253906 328725 251548 325412 251502 325291 254338 330025 251343 325087 255997 330918 252880 327859 253711 328274 247553 320393 250411 324085 249946 323692 254286 329295 253326 327217 254671 330000 253004 327115 249947 323694 250885 325005 254165 329335 250773 324557 251888 326729 254462 328776 1749
251566 326217 251299 325107 252471 327275 254227 328678 248953 322509 252769 327593 253487 328236 258151 334446 253550 328143 254736 329752 254799 329683 253296 328374 253703 327733 253120 327590 255685 330542 255638 330648 253198 327480 253094 327567 254981 330374 252566 326969 253581 328447 243047 313635 254384 329128 246829 320282 258116 334338 256282 331714 250477 324463 247269 319194 252822 327313 253298 327749 255728 330841 252960 327881 255656 331449 256032 331489 254105 328803 255376 330476 255251 329968 255902 331861 254812 329773 255328 330710 255361 330229 254186 329353 254687 330351 254547 329624 255969 331530 253351 327992 254874 330323 254444 329258 250476 323076 255439 329774 241638 312714 249671 322904 253056 327092 255008 329959 249125 322213 255169 330768 253570 328166 250777 323981 254011 328198 251164 324408 254010 328402 252155 326755 254567 329239 255029 330263 255903 331124 256105 331345 251646 325572 255722 330988 253981 328105 252854 327899 252342 326990 254128 329529 253806 328643 253453 327925 252437 326675 253537 328777 253208 327660 253224 328618 254632 329485 252845 327506 251923 326037 255043 330627 253982 328337 253800 328812 256022 331594 252891 327633 253836 328484 252072 326515 251127 324852 252928 326597 216721 280450 249085 323024 247598 320277 255844 330652 255355 330944 255170 330106 254875 329889 251112 325144 251806 325130 252009 325687 1779
251374 325337 252141 326276 257204 332932 254324 329065 257652 333755 253815 328288 256138 332501 257448 333269 253416 327291 256810 332290 256625 332087 252916 326789 252657 326733 252270 326087 255578 330981 254985 329611 255593 330858 247753 320709 253820 328664 254797 329353 256705 332669 230946 298967 255440 330135 251253 325548 245108 317114 254034 329194 254956 330308 256550 332887 255027 331131 255751 330656 253645 329174 256780 332041 254303 328994 249969 322884 254537 329838 251749 326101 255017 329696 257551 332399 255182 329625 257021 332999 255205 330040 250041 323656 254497 329348 255508 330962 254521 329825 256429 332306 254856 330303 256655 331247 250468 323580 256817 332282 253899 329505 254391 328950 256115 330559 255541 330225 254339 329077 253800 328579 255052 329688 229042 296548 254182 328929 252463 326212 253661 328121 253698 328238 253871 329220 255069 329901 257087 332576 253553 328178 255674 330959 255549 330910 256236 331911 252037 325656 254782 329896 253323 327781 255857 331421 252542 326138 255491 330479 256676 332692 256065 331959 254414 328894 255143 329707 254814 329390 253796 328391 256416 332300 256962 332795 257906 333865 255025 330784 256376 331876 254312 329398 254074 328902 255340 331244 254919 329911 256569 332444 229859 296990 256522 332010 255342 330333 255237 330489 257426 332353 257936 334389 254872 330700 256264 332381 253438 328140 1838
254475 329396 254171 328809 256318 332274 245632 317563 254400 329336 256674 331929 257639 333651 255348 330378 252075 325924 249032 322854 249719 322632 256864 332269 254536 329872 253885 328824 255161 330831 257338 333209 253039 326646 255785 331000 251407 325408 255382 330357 253079 327968 255408 330241 244957 317428 250154 323237 254798 329476 255526 331483 257914 333366 255039 330281 255944 331130 256494 332144 254868 329872 253123 328099 253117 326733 254116 329292 256529 331503 234197 302609 252818 327573 257356 332600 254669 330146 256006 331145 180838 234016 255043 330553 251455 325366 256075 331708 254454 329394 256092 332087 252945 327193 252987 327141 252027 326015 256245 331447 255396 331208 256352 332132 254107 327994 253932 328031 255094 330245 256765 332594 255239 330675 231744 300396 250913 324961 255481 330256 258284 334882 255767 330445 255431 331126 257436 333653 192270 249146 255000 330490 256946 333815 254006 328261 229122 296681 252696 327255 255613 330476 256548 332451 254934 331144 255993 330520 257969 335113 256646 332411 256182 332056 256591 333141 257787 334342 255305 330624 256730 332136 256727 332029 254847 329372 256177 331481 255234 330967 252343 326665 245000 317196 256887 332735 252631 327339 252555 326787 254972 329474 255185 330324 251023 324135 258391 334928 252557 327135 256364 331559 256512 332394 257626 334122 254364 329712 254219 329742 1663
255768 330993 258484 334522 259402 336405 232775 301567 257801 333043 256945 333255 256138 331684 254876 329629 257622 334000 256200 331489 258012 334527 256100 330851 257392 333299 252101 326428 232957 301876 255774 331356 256413 332270 256065 331475 256960 333081 255951 331545 255358 330733 258122 333332 254559 329596 254809 329759 251344 326026 256124 331949 254670 328862 256980 333165 250961 324136 256702 331909 256300 331710 253934 328625 251771 325725 256199 332227 258159 334241 249766 323396 254536 329339 254722 329837 258522 334226 258959 335712 248888 321644 256014 331462 255601 331072 257253 332085 257014 332926 257791 332939 255429 330479 255082 329729 255110 330124 257107 332182 254649 330004 256055 331183 252908 326851 258367 334904 256460 330671 256615 331940 256666 331539 259181 335149 256071 331267 255953 331632 258497 335026 257817 333218 256144 331827 257711 332825 259561 335896 259036 335859 254376 329316 256295 331693 256897 332397 255195 329828 258204 334500 254026 328391 255003 329807 257040 332271 256120 331542 259739 336306 253147 328234 256064 330431 259829 336425 253164 327865 254943 329960 256700 332449 259039 335022 257666 333084 253242 328250 257368 332619 255143 329872 254696 329649 259417 336062 253631 327997 254760 329877 257888 333817 256063 331175 255300 330825 256721 332546 256396 331684 251088 324887 254030 329075 257560 332969 255141 330027 1935
258156 334428 259108 335173 258567 335166 232587 300407 257663 333658 260002 336512 257824 333673 259231 336142 258779 334896 259516 336308 254576 328553 258317 334450 259306 336155 256807 331821 259415 336154 257606 333756 248257 320755 257360 333236 258045 334065 258592 334842 255030 329947 257472 332907 258813 335349 257144 333259 257553 333518 258690 334801 256985 332848 258273 334070 253421 328115 257373 333519 258351 334458 255696 330736 259701 336575 259420 335587 258498 334764 259630 335431 257862 333890 258155 334251 253149 327383 258515 333932 256786 331633 257831 333318 249649 323266 260221 337308 257931 333532 255964 331115 259106 334766 256287 331928 234422 303013 254862 330306 256482 331562 258810 335418 254943 329561 256392 332405 255611 331336 256616 331704 258680 334775 256728 332740 256897 333176 252059 327027 257131 333149 256691 332392 257197 333023 257741 333277 258191 333414 257324 333456 256336 332042 254738 328973 255691 330455 257632 333947 259523 335199 255315 330817 254361 329340 255416 330275 257503 333451 258118 333067 248049 320998 258500 334191 255284 330474 254187 329307 259530 335777 258093 333484 257289 333423 255353 330554 260333 335944 257876 333236 257420 332978 256990 332814 257027 332364 255374 330127 256996 332491 255745 330079 254730 330449 254444 328609 260173 336902 256351 332202 195539 252739 257964 333684 253144 327827 256108 331558 1801
259032 335719 259179 336683 258904 334829 256003 331315 257207 333445 257801 334187 259519 337188 257185 333090 258123 334115 257973 334109 257503 333492 260374 336840 257669 333021 259081 335631 257113 332995 257045 333037 260282 337370 259585 336259 257406 333137 258071 333837 257922 333795 258971 335319 258938 335168 256250 330805 256472 332345 255589 330925 259998 336525 258903 334603 258999 335871 259929 336787 255683 330488 259447 335666 258114 334344 256152 331421 255205 330367 233619 302304 259579 336863 257468 332673 259633 336313 250961 324835 255869 330999 258957 334402 258577 334750 257861 333666 260081 336267 257102 331996 258580 334746 258084 333791 256916 333089 259199 335859 258272 334231 254982 329447 257329 333268 261523 338708 244837 316509 255969 331638 259071 335985 258984 334504 244429 316424 259482 335461 255956 331113 258920 335994 257064 332541 256413 332368 260404 337760 258223 334627 258394 334557 252403 326808 255254 331110 258365 334900 257710 333066 256867 332709 259022 335719 259376 335972 259041 335379 256176 331066 254896 329700 259698 336041 257224 332430 260941 337724 257503 333979 261048 338031 259136 336081 259120 336193 257456 333039 258458 334859 250228 323958 256631 331996 256843 332201 259628 336195 257985 333598 260218 336724 258294 334066 259792 336171 257608 333647 257231 333531 257309 332569 231372 298951 255850 331493 258560 335220 1837
259122 335357 236746 305708 259310 335535 257983 334078 256455 331243 259339 335631 259431 335168 259604 335886 259683 336435 256009 331457 258429 333744 258993 334801 258951 335778 260338 337220 259180 334791 258640 335004 257154 333319 260294 337766 258924 335820 248227 320716 259742 335797 258019 333864 257873 333072 260301 337314 254381 328397 260006 336781 260290 336756 256320 332211 256073 331900 254296 329247 258819 334508 259094 334416 259797 335961 260528 337629 260787 337783 257483 333634 257723 334342 259666 335519 257794 333466 259454 336759 257289 333155 258362 334868 260456 337119 258886 335198 259698 336312 240465 311184 257342 333859 262299 339545 260053 337133 258969 334957 258452 334175 261002 337626 259521 335913 258961 335563 258632 333781 260175 336805 259158 334803 258592 334377 256904 332876 258095 332739 256076 331172 259460 335340 261167 338628 262481 339518 254817 330032 260583 337070 256704 332650 258206 333145 258954 335253 256915 332876 258054 333802 260991 338249 259554 336057 254935 329851 258935 334681 257175 333087 256895 333146 261295 338691 260233 337383 259072 335351 257638 333172 259911 336773 251099 325455 258215 334270 260385 336516 256961 332830 260506 337590 255876 330918 250153 323815 260222 336908 257415 333383 260196 336681 258590 334185 257287 333264 258602 334861 259896 336272 259918 336186 256991 332302 259450 336493 259412 335592 1848
258222 334237 261081 338661 255110 329739 255236 330316 259717 335772 260483 337086 259858 336193 261160 338302 258247 333809 259500 336083 262228 339349 259759 336196 261494 338154 258795 335200 258759 334789 260675 337468 257446 332772 260305 337145 259476 336099 261552 337532 259427 335366 261680 339207 255753 330870 261261 338275 260847 338088 257732 333836 258915 335367 259644 336236 260730 336790 258689 334847 262075 339782 259095 334935 260657 336844 247154 318824 261699 338947 260299 337290 258349 334057 257973 333648 254553 329612 260840 337816 260296 337579 260596 337688 258396 333983 260311 337185 260026 336086 258187 334068 259428 335632 260398 336970 261710 338633 261340 338420 257917 334535 259657 336526 261040 338542 257768 333843 258222 335238 262857 340130 260707 337384 259024 336236 260252 335977 196909 255117 258520 335141 247991 321254 259846 335571 256634 331661 260973 337425 258503 334926 258162 334260 260370 337593 257540 333823 260001 336574 259505 335085 260667 337603 259007 335027 258750 334487 258669 334788 261363 337244 258565 334540 260565 336799 261200 337945 259984 336900 260858 337895 259665 336701 261715 337556 251010 325026 261705 338217 258357 333634 260196 336963 259973 336920 259056 336136 258149 334422 263383 341462 260100 336327 260238 336696 259305 335119 258264 334003 259844 335370 255753 330383 260722 336875 255036 329713 259103 335412 1826
262052 338469 261357 338724 264239 341709 259178 335682 258659 334803 260629 336890 260690 337078 262094 339764 261605 338697 256048 331416 259170 334851 260913 337885 246494 318893 263194 340408 258606 334561 259246 335500 260377 337370 261049 336983 261796 337531 260750 336828 262556 340186 237811 307912 258021 333330 263497 341613 259413 335342 260599 337391 257592 333408 260096 337022 261167 338192 259841 336697 260969 337116 260804 337977 257964 334070 258615 334539 260220 337404 261233 338249 259844 335208 260257 336775 260871 337499 258714 334663 238318 309332 260109 336539 259962 335818 261515 338342 259637 336168 259114 335191 261596 338118 262542 339546 259435 336080 258759 334864 261431 338878 262498 339540 263303 341261 260688 337467 262539 340682 259955 335716 260167 337235 249804 323655 258954 335043 260733 338062 257123 333291 261597 338619 258323 334505 260485 337050 258153 334233 258973 334711 260039 335835 260615 336854 261222 338349 256005 331563 257549 333004 236520 305431 260546 337890 258302 333746 259599 336260 259170 336133 262510 340109 250718 323928 256452 331785 258345 334798 258148 334036 262285 339528 261019 338031 261673 339642 260233 336803 261850 338790 236821 305965 259560 336296 256004 331593 259158 335174 256284 331073 260624 337764 259437 335708 259240 336079 262124 339383 260000 336717 256358 331888 261183 338417 261285 338819 260314 336805 1829
254714 330128 257054 332294 260540 337270 261109 338066 259305 335150 260981 337667 261946 338902 259961 335961 261578 338713 261854 338640 262775 339867 261244 338331 261924 339297 261111 337756 261781 339618 262038 339734 260144 336730 260901 337267 262504 340227 262358 340032 236577 306765 261457 338514 260998 337918 244467 315249 261148 337998 261964 339285 262714 340925 244248 316720 259419 335831 261594 338485 263745 341413 259534 335609 260945 338226 257481 332775 261851 339258 263057 340459 255886 331574 261976 339341 237442 307790 262359 339748 255559 330963 259751 335452 262032 339299 260819 336961 262243 339745 261799 338614 259043 334662 260512 336998 260313 336859 263202 340788 255718 330593 263782 341819 262891 340566 261003 338377 259251 334887 246246 318394 260297 336542 248234 321008 262116 339630 259573 335087 248599 321683 258720 334474 262652 340019 260904 336832 261881 338825 261177 338211 262214 338654 262269 339499 261434 338048 261862 339181 262323 340097 259770 335827 262989 339968 262690 340321 262861 339522 252169 326620 263207 341193 258786 335308 264721 342695 261184 337509 260361 337641 261944 339183 260284 336676 260784 336705 262331 340001 261435 338592 263369 339938 260634 337313 255309 330588 261025 336477 259470 335626 262708 340407 259450 336111 259110 335723 260628 337615 262405 339920 261789 338896 259973 336026 256628 331868 263456 341220 1837
264804 343490 260252 336445 263677 340933 262804 340556 264945 343398 263722 341295 259941 336981 256779 332060 261613 337698 261947 339362 260662 338033 259417 335855 260353 337009 263959 341544 249148 322587 260534 337407 262721 340148 261387 338565 259240 335547 260768 337523 263656 340395 261685 339376 247641 320630 261660 338810 264580 342288 265101 343592 255679 330187 262853 341042 256211 331336 261984 338534 263696 341989 262416 339838 260439 337118 260215 335627 260751 338209 264157 342608 260859 336427 262079 339150 263119 339857 259484 336549 259184 335432 262019 339564 260514 336711 261676 338925 259875 336029 262035 339368 262356 339976 261631 338299 261026 337392 263391 340289 261748 339150 259843 336362 261011 337645 237518 307501 262285 339419 262151 339119 256145 331758 255314 330173 261290 337679 263882 342064 262585 339290 261665 338775 262916 340268 258586 334957 263200 340477 262904 340325 262328 339096 263713 341720 262110 339055 264412 342377 263715 341204 260293 336843 262890 340482 260632 337632 264045 341291 255482 330662 264398 341894 261259 338482 262454 339262 263340 341461 259797 335961 262596 339788 264686 342478 262644 340054 262072 340021 249954 323137 263743 341124 263532 340767 263194 341002 250238 324439 260875 337865 264340 341503 263718 341248 258188 334294 263386 339990 263220 341542 264733 342885 261620 338463 263036 340311 258701 334384 1692
261668 338137 263442 340410 263904 341477 263044 339870 264374 341501 264052 342174 262498 340362 264204 341516 264719 342941 262368 339571 262485 339763 260059 336425 264961 343130 264549 342736 260796 337526 264280 341358 262504 339694 261386 338972 263211 340805 264167 342771 263531 340923 262525 339212 264334 342319 260537 337039 263553 341104 259932 336997 261557 338485 265821 343352 263258 340692 257854 333761 263084 340500 262193 338737 261399 338295 261114 338411 261708 338490 199305 258009 264507 342471 264179 342561 263073 340234 262171 339237 262359 338782 263085 340992 264112 342321 264163 341648 263866 342070 262330 339431 262158 338991 262279 339040 253757 328212 261565 337396 263670 341427 262294 339528 263071 339819 263393 341598 265300 344057 264820 343183 260881 337315 262539 340140 264150 341195 260101 337006 260512 337180 262182 338663 263647 341038 263884 342041 251370 324669 262754 339582 264124 341857 260444 337097 264117 341135 263382 340869 263856 341632 262807 339954 260722 337480 263787 341626 260875 337627 263155 340549 263703 341427 262831 339810 258583 335006 252341 326559 262851 340186 263079 340668 264838 343963 263982 341317 264162 342163 263109 340836 264323 342994 260148 336536 265483 344443 265507 343908 262605 339982 259909 336845 262334 339358 256313 332199 261191 338293 264094 341635 259537 335439 261907 339175 264820 342443 262363 339512 1918
264995 342948 264955 342580 265348 343051 264138 342237 262720 339758 264497 342421 262591 340154 263045 340738 264185 341966 264385 342301 260116 336935 262847 339986 263655 341119 260257 336579 263376 341303 254011 328518 265667 343945 263021 340433 262815 339692 266716 345214 265165 343459 265211 343527 263725 341296 262734 340096 259957 335880 262413 339817 263533 341402 262122 339229 263230 340299 262073 339232 265691 343334 267016 344482 263443 340614 265138 343721 263609 341654 265404 343140 262965 340480 264123 342157 261294 338284 264063 341291 261077 337873 256845 332430 263626 340435 265627 343542 266417 344679 264638 343325 262503 339587 262326 338510 264053 341125 265667 343599 262771 340347 263557 340782 264639 342670 263327 341037 239871 310057 262450 340004 263521 341394 263763 341182 260495 337284 263815 342212 251192 325835 261063 337474 256107 331630 261580 338288 263183 340744 264847 343153 263023 339481 264782 342930 263456 341189 266844 345903 260248 336732 263224 340931 258636 334814 266909 345896 255658 331541 260912 338003 265672 344371 263757 341276 262454 339444 258499 334935 263385 340362 265113 342940 263089 340696 265523 343777 264397 342723 258013 333483 262424 339402 264742 342249 262112 339483 260741 337023 265426 343634 264213 341190 265159 343637 264392 341859 263096 340489 262399 339682 263621 341347 259954 336453 266394 345550 258170 334577 1853
265345 343214 264914 343212 262974 340122 263459 341494 263339 341137 263320 340875 262498 339995 265370 344217 265816 344320 265078 343931 265335 343689 265808 343668 263199 340818 265383 342913 262852 339713 263344 341091 264631 342585 265717 344321 258721 334302 261960 338980 263680 341339 263110 340878 266805 344594 257640 334114 265553 343079 263247 341244 264691 342362 265353 343459 262302 339563 260106 336543 262814 340539 266879 345480 262264 339768 262938 340345 261185 337785 258485 334127 264942 342424 257653 333532 263170 340014 239516 310276 265717 343320 260739 336872 264594 343340 262890 340053 265922 343948 264879 342168 252446 326092 265034 342852 262730 340200 265060 342455 266328 345153 264085 342065 262833 340366 263211 340588 264337 341773 264010 341777 266547 345653 262863 339822 262163 339284 266713 345647 257652 333522 263196 340720 266522 344853 266859 346069 261913 339376 262519 339726 266738 345389 264820 342224 262801 339890 265774 343738 262699 339941 263162 340668 265841 344500 264518 342358 263377 340965 267075 345439 265358 344096 259399 335666 263090 340324 264956 343203 265559 342975 265228 342300 265585 343408 267788 346118 263303 340894 251845 325613 264145 341497 261569 338817 261729 338590 265639 344107 263802 341166 265782 344383 265102 343459 264812 342721 261869 339374 263659 341697 200356 259237 262711 339481 258750 334343 266681 345154 1837
263824 340936 262219 339337 266549 345311 265635 343662 259857 336857 266514 345103 268457 347147 265598 343308 267233 346021 266890 345004 260419 337938 265161 343890 265759 343973 265719 343989 264480 341777 264563 342861 265435 343292 266980 345265 264146 341475 264156 341477 266361 344234 266232 344442 256754 332465 241458 312532 264627 342491 266185 344241 266103 344844 264880 343002 263885 341386 265263 342871 266278 344215 241593 313550 263572 340663 250105 322851 262665 339755 266531 344632 266515 345610 267238 346014 265149 343598 265264 343288 261173 337957 261585 337950 265184 343172 264149 341482 266073 343466 262809 339853 267228 346390 267500 346061 265661 343557 266385 344889 265159 343749 268185 347649 264031 342153 266490 344858 265990 344324 267118 345417 263849 340670 266617 345482 268387 346947 263133 340275 267761 346094 266252 344707 266833 345380 267416 345993 266069 344900 265360 342774 258060 333630 265619 344104 265210 343239 263451 340619 265894 344595 262822 340025 264280 341784 268262 346716 259503 336590 265916 344002 266638 345297 265975 344623 266929 345674 264103 341718 267710 346331 266322 344710 264414 342664 263939 342037 265727 344009 265698 344042 264653 342638 267004 345404 265684 343893 265549 343761 263256 340731 254277 329305 266190 344635 263170 339921 264532 342973 264128 341250 258744 333163 266616 344958 264612 342068 267760 346418 1862
261858 339361 264584 343033 265882 343074 268145 347065 265053 342622 264707 341575 266161 344625 255775 330546 265007 342666 264934 343526 266749 344626 265892 343581 265179 343615 269431 349052 262053 339250 267915 347551 260771 337843 258672 334438 266324 344994 266630 344610 264488 342408 264391 342410 268243 346353 267175 346742 251301 325242 265007 343036 267237 345178 268631 348528 266171 344467 267879 347062 264313 342498 266689 345025 267120 345567 264851 342485 266242 344970 266026 344253 264914 343250 254350 329419 264922 342808 265306 344117 267096 345666 265788 343775 262724 339755 265863 344482 266854 345133 264690 342222 265546 343279 265459 343499 269332 348167 265051 342760 265834 342908 266903 344852 256263 331998 263373 340488 269252 348616 267287 345239 267001 345402 266275 345294 268425 347843 267357 345930 266354 344694 266750 345721 265500 344034 266531 345017 266853 345333 267611 346524 267372 346868 265652 343452 264895 342192 266533 345269 262803 339520 264284 341702 266662 345064 267630 346598 266203 345242 262655 339574 261870 338431 264808 341613 267301 346404 263601 340854 201748 261318 269153 348502 265088 343548 260958 337908 264680 341843 265710 343900 263750 341199 269427 348780 267643 346532 264359 342313 263904 342029 268992 348090 265394 343114 264134 342061 268217 346846 264805 342422 265587 343309 268826 347438 262928 340756 267755 346654 1928
267643 346375 268778 347410 265336 343297 265525 342866 257333 332453 268169 347504 267876 346805 268291 346853 261933 339849 265346 343854 264195 341868 268903 348623 269313 348742 266924 345997 259324 334907 267378 346362 202611 261856 266394 344886 268753 347513 269652 349440 264459 342871 264890 343150 262103 338998 264581 343007 267260 346514 265958 344648 267938 346622 268500 347654 267052 345562 267937 347021 266616 345322 262468 340350 266458 344094 267320 346545 267632 346873 268350 347284 269352 347700 268516 347905 265569 342630 269257 348394 241817 312749 268445 348522 265600 343485 266095 343639 266239 344545 267632 347069 265849 343984 266240 343948 266376 345041 266005 343770 266065 344406 268221 347138 263912 341170 269033 348009 264343 341880 267177 346413 268848 347400 266386 344737 265227 343259 269858 350085 267684 346798 266983 345681 266949 345501 267072 346319 259813 336316 265990 344233 268621 348233 260840 337724 267528 346495 263622 341879 267422 345732 261582 337865 265156 342624 268748 347616 266158 343643 264212 342152 266386 344041 268450 347803 265899 343941 265313 342661 266865 346223 266650 344643 265784 344013 267541 346427 266828 344905 266488 344056 265836 344348 268548 346927 267381 345954 270486 349325 268859 348623 268376 346424 267149 345608 269564 347966 269857 349024 265822 343161 268758 347757 266777 345691 265676 344262 252729 327623 1852
268796 347700 267888 346769 267318 346071 265590 342928 268495 347414 267014 345140 258335 334394 269590 349538 267052 345802 268653 346964 266083 344290 269864 349403 265162 343362 267938 347033 267386 345473 267382 346364 267573 345450 268379 347192 266080 343847 269954 349670 265372 343329 265854 343506 265909 344167 203079 262659 268755 347766 268162 346266 271675 351701 267888 345873 265128 342644 266921 345183 266655 344972 269935 349121 268708 348680 264324 342290 263734 341052 267274 345646 267934 346747 270090 350119 264080 341300 250432 323662 269881 348385 261246 338298 264882 342605 266231 343658 267663 346206 269267 348695 268553 347309 269632 348450 266625 344234 266842 345617 262974 340431 266907 345820 268035 346683 268828 348682 267708 346498 269724 349285 252167 326313 268853 347673 267715 346937 270653 350819 270847 350012 268534 347364 265501 343348 268593 347495 267583 346800 269182 349082 268665 347009 267510 346311 266628 343973 270230 350849 265897 343827 269075 347868 270553 350534 269486 348569 266471 345160 264202 341157 267855 346671 268384 347387 266798 345485 267450 346413 267539 346609 267123 346223 267563 345795 264626 342666 269621 349618 266736 345622 268138 346971 267924 346821 268510 348236 266505 345314 269779 348819 263177 340229 266825 344962 266355 344699 266853 345813 244475 316511 266348 344543 267457 345880 270475 349305 267026 345635 1996
270057 349148 272005 351746 268364 347119 270147 349363 267137 345067 268247 347730 266844 345651 269700 348966 264238 342229 269465 348725 267939 346935 269208 348260 267466 346146 267575 346241 268569 347731 269195 348491 269603 348886 269186 348443 267554 346869 263240 340200 266926 345688 258762 334907 268340 347700 261703 338366 269576 348490 267778 346407 252253 326158 271188 351307 271050 350989 270387 349939 270573 349675 269592 348137 256695 332167 269073 347870 268022 347148 267356 345902 264844 342573 266070 344331 270390 349850 263589 340976 269980 349493 268282 347294 268673 347932 260823 337249 268172 347207 268809 348044 270022 349108 269750 349713 268706 347866 266819 345234 269546 348441 267795 346903 268117 346069 267952 346936 264576 342585 268451 347648 261869 339005 268754 347984 271212 351636 269044 348504 257794 333753 269214 347813 268619 348172 266644 344912 270199 349431 268811 348246 269855 349158 267660 345872 243728 315572 268864 347801 270757 350837 267174 345161 270685 350572 266909 345839 269125 348095 269372 349115 267477 345547 202772 262476 268559 347458 262676 339414 269694 349080 266210 344203 267861 346310 263762 341780 271542 351673 269620 348113 265786 344363 257228 333142 259786 336287 265150 342696 269976 349360 267829 346893 268407 347590 270140 349315 267692 346371 265264 343051 267396 345534 270654 350199 267941 347112 258894 334893 1817
269373 349045 270726 350887 267600 345902 268435 347398 270585 349664 203917 263737 256966 332531 270186 350491 268396 347573 269235 348504 269968 348975 270337 350382 273485 354220 270609 350872 269254 348653 270772 350745 270919 351030 271119 350697 268881 347705 266324 344016 270700 350277 268654 347729 268044 346102 270970 350005 269352 348557 266048 344064 271057 350564 268093 347510 271332 350727 271021 351605 269521 347763 268268 346640 270476 350033 270317 350332 265951 343212 267344 345862 269833 348675 267656 346753 266646 345032 268262 346705 270161 349526 264208 341210 270585 350079 273121 354003 265784 343293 271751 351086 262347 338932 267395 345458 271014 350841 270661 350101 265315 343453 270731 350960 271480 350589 267448 346003 270906 350833 267924 346273 266168 344704 265483 342034 270666 349348 271174 350296 271513 351982 270974 351161 267637 345795 270166 350202 271089 350697 269406 349492 269854 349652 268777 347715 271218 351234 268184 347677 270022 349895 269296 348536 264143 341745 269034 347884 268099 347414 268450 347627 268353 346722 269383 349150 269615 348736 271591 351771 266010 344399 241120 311907 269627 348028 267119 346019 270262 349862 266473 344927 268261 347258 269571 349049 266202 345012 268123 346740 270533 350918 271582 351785 271635 351725 272006 352655 266354 344704 271731 350862 269296 348946 268824 348433 262583 340102 268472 347037 2041
269191 348382 270574 350119 270722 349832 271133 351098 268189 347302 268722 347687 269963 349420 270637 349798 269412 348762 265245 342659 270318 350707 266712 344457 268957 347602 270933 350538 271869 352113 269902 348248 271485 351909 270431 350537 270798 349800 272177 352447 272705 353883 270960 351180 272842 353381 271203 350537 269142 347954 264370 342222 271797 351365 272875 353092 271630 351995 271712 351066 271048 350580 269880 348564 269995 348374 267502 346371 271764 352469 268709 347948 271365 351370 272598 352560 268769 346972 268574 346937 267745 346297 264371 341315 272431 352598 271581 351031 270383 349390 270290 350011 271207 351063 270353 349344 269900 349521 266698 344778 269120 347586 270320 349512 270745 350746 273888 353808 270204 349743 261470 337922 272453 352050 272333 352710 272119 351909 270564 350379 271887 351913 270046 349061 257157 332196 270104 349788 271574 351118 269538 347731 270030 349382 265211 343854 271394 351501 268861 347562 268710 347570 268828 348050 270387 349349 272176 351876 269970 349215 271247 351208 269150 348330 269915 349108 269412 348814 270062 349076 270914 351003 271215 351389 270262 349716 269859 349034 270337 349777 264685 342627 273247 353874 269611 348780 267867 347037 265536 343831 269468 348985 266881 345664 267009 345491 269506 349176 271479 351204 268802 347801 271075 351275 264538 342627 268900 348066 270721 350758 1791
270637 350183 265619 343713 271419 351534 270164 348544 272302 352841 268689 347698 272236 351919 270907 350419 270565 349994 268856 347825 272811 352433 265575 343565 271827 351754 272007 351998 271887 352378 269179 348325 267915 346884 271974 351321 272308 352252 269127 348410 272433 352167 272506 353338 270798 350248 272797 353317 272808 352343 266896 345244 271217 350605 267419 346174 272148 353025 272382 352681 271270 350130 271554 351978 269997 348697 270610 350393 269073 348012 271698 352206 271843 352391 271464 352038 270918 351417 271934 350948 271385 350753 272463 351981 270792 350247 273097 353579 270020 349549 263399 340556 270457 349686 274334 354892 269022 348306 270292 349962 271548 351398 269528 347755 270137 349836 271815 351707 265400 343158 269556 349239 271442 351077 270420 349824 268773 347657 266908 345718 262106 338596 271830 351781 269448 348955 269662 349851 267891 346957 273069 353335 273853 354213 265818 343909 270578 350873 268332 346863 270897 350826 271891 352070 269241 348772 270681 350242 271273 351079 269112 348657 274472 355910 265601 343604 269174 347699 272403 352513 271471 351641 268418 346763 269272 348500 272040 352068 270207 349101 271134 351142 257617 333457 270517 349883 271155 350429 265041 342957 271667 352150 269474 348502 271354 350901 271889 351064 271977 352480 270347 349316 263963 341691 245485 316564 271875 352571 267468 346984 1997
272482 353076 274223 354582 268664 348443 271080 351135 263284 340419 270560 350102 268126 346966 246026 318588 270539 349909 271373 350756 265676 343560 274749 355440 271078 349871 270156 349673 270552 349991 270736 350648 271833 351950 273191 353068 270894 351120 272179 352627 273537 353912 270761 350974 272776 353640 268495 347344 270480 349685 274510 355696 272183 351979 273852 353781 273186 354121 270696 349910 271904 351255 271525 350315 267253 346282 273115 353907 273093 353515 269784 348287 271214 350712 272874 353108 273127 354097 273066 353470 274725 355582 271719 352178 272067 352866 273271 353014 273189 353773 268167 347023 272688 353769 270372 350538 273184 353072 273225 353837 270047 349339 270867 350124 271238 350659 271651 352078 270472 350002 270338 349856 272018 352079 270804 350425 265731 344366 271919 352063 264419 341339 271752 351221 269787 348688 266303 344635 268774 347971 271186 350862 269789 348741 271821 351170 273259 353890 272627 352807 269987 349267 271888 352485 269742 348796 269940 349416 269677 349128 269790 349808 273831 354901 272041 351773 269086 348713 272769 353428 266267 344124 272455 352611 273175 353754 270530 350030 273520 353681 272115 352194 272709 353147 270577 350023 270749 351017 270356 349507 273176 353687 272875 353302 272755 353282 264559 343142 272486 352337 271916 352286 260256 336203 265816 344146 275597 356799 273473 353779 1948
270651 350286 269490 348647 271131 350815 273565 354028 272336 351938 269228 348561 273534 353683 271536 351211 272397 352981 272303 352137 271177 351791 273185 354463 270084 349270 271519 350800 269212 348701 273630 353880 271568 351853 272506 351821 245455 317429 261067 338481 271834 351661 270791 351105 270886 350770 269615 349021 271252 350712 275430 357100 275590 357121 269517 348824 267877 346473 270713 350584 272715 353299 274171 354715 246037 317855 272180 352468 274009 353957 272822 353169 273415 353171 274550 355102 272518 351750 259373 334668 259983 336915 273187 352546 271103 351123 271627 351642 272476 352708 268661 347816 271156 351241 269477 349351 272064 352612 271459 351631 271957 351308 275361 357063 273769 354362 270398 349960 273089 353591 271657 351946 271486 351555 273607 354602 267766 345965 273502 353748 267684 345763 273069 353175 274828 355578 271610 351164 273847 354269 271701 351547 271410 350765 271630 351963 274281 354646 249371 322934 272079 352678 271692 351933 273005 353187 273681 354020 272639 352481 271461 351283 274298 354140 276806 358430 272510 353387 272107 351461 270321 349276 260550 337581 274658 356305 268776 347466 276793 358272 272243 352898 272395 351848 272746 353015 273901 355056 273973 354497 270341 350370 271611 351333 273659 353139 275326 356536 273805 354772 268942 347928 272244 351612 270949 350746 270781 350743 274349 355134 1897
275507 356111 271643 351603 275352 356921 276006 357314 273926 355172 274590 355713 275171 356306 274021 354873 272705 353084 275906 357589 273413 353892 271368 350548 275447 356622 272955 353111 272910 353673 272417 352812 271937 351082 274341 354498 273398 354288 271622 351557 273852 354827 272995 353799 272912 353749 273033 352806 273665 355331 274866 356232 272698 353059 273164 353803 271911 351641 274802 355175 277245 358572 274554 355479 271376 350859 273456 354233 269735 348042 263195 341130 273505 353392 272920 353000 273498 353477 269520 349210 248182 321181 275281 356444 273853 354810 273953 354406 274869 355940 269529 348304 274081 354585 271504 352055 274369 355824 270812 350622 274313 355110 248882 321378 274099 354620 271809 352170 274937 356218 275916 356156 276042 356489 272457 352589 270831 350444 269115 347852 271811 351748 274375 355206 271319 350905 275934 357410 261690 338179 273480 354014 274831 356584 268622 347622 273052 352574 274698 354909 276045 357141 258901 334653 274738 354784 274285 355675 246511 319109 271995 352358 275215 356880 274854 355197 265905 344141 274080 355016 271959 351200 273637 353022 273807 354395 270015 349441 275253 357159 273864 354692 274213 354937 272064 352285 274956 355997 272469 353034 275211 355483 274996 354954 276137 357730 273879 354727 272564 352159 271323 351034 276209 357246 273986 354768 275088 355867 274484 355289 1987
270569 350326 275047 356283 274582 354322 274896 356156 273899 354971 266745 345511 271562 351704 270823 350438 274494 355246 274891 355399 277053 358968 271218 350884 275192 356975 273947 354858 274812 355319 273608 353332 274082 354817 274676 355861 276399 357676 273478 353737 270468 350151 275206 356718 276431 357496 273226 353565 275849 357228 274952 355798 268827 347279 276917 359167 276059 357372 274880 355793 274588 355522 263004 340911 272568 353472 273688 354118 269711 348559 272227 352562 267125 344869 272690 353400 274007 354617 276505 358283 274884 355430 275064 356130 274243 354531 273692 354235 275179 356183 273114 353477 274147 354759 274456 355125 275381 356937 258471 334896 272634 352081 270738 350960 267853 346386 274505 355071 275717 357655 275522 356614 275092 356050 274444 355883 273359 353937 273415 353998 275021 355157 275939 356317 273991 354842 273881 354622 272879 353063 266646 345420 273125 353552 275431 355934 277492 359196 273700 354089 270699 350001 273294 353358 273556 354677 273239 353230 268132 346657 273630 354097 273854 354525 272935 352972 275173 356014 267144 345079 270855 350260 272053 352040 274542 355217 272992 353444 276980 358774 275605 356333 274747 355707 275350 357082 275710 356762 272009 351658 274407 355212 276077 357482 275892 356294 249623 323353 272165 351619 271193 350829 272626 352923 274998 355859 269522 348058 274760 355361 1828
277853 360546 274625 355234 272090 352057 276227 357585 275320 356334 277384 358395 274989 355998 271773 351122 272653 353326 277479 359756 277868 360339 271600 352085 277666 359703 275054 356511 268473 347554 276747 357990 276991 357949 277698 359452 276124 358009 274567 355728 273944 354121 272419 352720 274022 355065 275360 356516 275892 357800 274731 355872 271802 352020 275953 357901 250111 323066 267793 346326 277814 360467 274677 355260 274871 355779 274024 354838 276783 358843 272402 352569 277302 359172 273196 353531 273668 353422 274919 356120 274057 354827 276238 357309 273780 354987 275544 356095 269924 348360 272292 351937 275777 356940 276026 357344 274855 355288 276697 358425 273634 353268 270548 349826 275212 356662 274233 354318 276246 357311 274538 356131 276673 358494 275250 355874 273109 352902 276581 357750 276656 357442 277051 359000 277023 358312 276788 357750 272842 352576 275773 357470 274080 353815 272577 352755 276413 357394 274486 355266 275520 356788 274451 355138 274321 354731 273836 354080 274426 355293 276646 358383 274987 356172 275978 357291 259182 335371 275686 357317 277742 359293 272524 352492 275893 357149 275731 356641 275178 355545 275280 356257 275753 356819 278391 360688 276016 357401 271390 351581 276273 356978 275121 356161 271554 351417 275271 355537 275677 356929 271999 351713 272314 352553 278615 361099 275463 356911 274330 355711 2025
274822 355001 276405 357686 275705 356612 277377 358510 264468 342132 276284 357600 275171 355867 273313 353528 275138 356423 276244 357639 276848 358589 275100 356284 259943 335825 275165 355462 274882 355373 277469 358451 277413 358832 272393 352240 278696 360707 279764 362145 273988 354369 274552 355092 275857 356957 274087 354452 277565 358606 278059 358856 275481 356296 275404 356291 275898 357536 277467 358614 276565 358261 275140 356842 273944 354757 276974 359143 276051 357866 276822 358390 276618 357591 276086 358402 275936 356638 278795 361155 274717 354521 278277 359983 277251 358439 274209 355125 277006 358427 278533 361670 274476 354816 278012 360451 277292 358696 275287 355904 248819 322007 276636 358335 276972 358545 278386 361461 275791 356473 275977 357238 276275 357916 276343 358262 244982 317319 204217 264289 276560 358288 275789 356969 276716 358036 275878 357026 278457 360498 276694 358836 209042 270770 276408 357330 262925 340161 276207 357822 276777 357614 276132 356822 274550 354915 272867 353014 276286 357445 277504 358845 276725 358832 277669 358920 276925 358423 275764 356807 279322 361820 275689 356195 275217 355445 274350 354722 276630 357529 271215 350821 274579 355682 275034 355968 276396 358568 275939 357255 277501 358703 277263 358219 278701 360637 276119 357292 275774 356577 278432 359578 274475 355324 277118 358750 277229 358793 271221 350501 1974
274075 353963 278397 360996 250373 324278 277208 358929 277912 359736 264065 341703 273474 354489 272964 352996 275612 356791 276625 357929 272653 353188 278258 360430 277207 358910 274754 355251 276185 357878 276817 358524 274077 354875 277414 358621 275693 356316 279879 361077 275631 357115 277011 358292 277955 359128 276240 357487 274777 355588 275565 356741 275822 356955 276621 357445 275307 356781 275369 356755 271839 351935 268947 347760 274675 356248 275660 356802 262961 340919 274014 355472 277588 358551 275823 357022 275316 356525 278570 360718 276805 358138 276152 357343 277296 358331 269278 348115 277002 358681 276714 357967 275384 356207 278571 360672 275670 356556 275258 356670 251236 325484 269559 348489 273528 353706 276804 358260 273755 353886 273484 354290 269657 348514 277102 358617 277242 357934 266135 344072 266596 345040 274714 356339 276574 358496 278269 360611 278252 359495 272255 353048 278855 361407 277604 358800 275920 356987 273756 355051 275585 355842 276587 357639 276939 358554 277584 358658 276439 357788 277640 359420 276855 358694 279200 360723 275562 356748 278763 360077 264160 342231 275140 356084 274650 355600 276931 357774 278872 361363 276543 358006 277125 358730 276346 357373 276911 358240 210137 271858 277670 359434 272099 351571 274308 355136 277082 358753 275892 357583 271978 351216 278102 360426 276444 358001 250330 324490 277020 359089 1999
279174 362055 277307 358533 279702 363008 275821 357151 278261 360355 279515 361965 278006 359488 276890 358717 273442 354021 276920 358437 279185 361451 275819 356163 278004 360072 278275 360052 274928 355859 270734 350219 279329 361228 276314 357239 263537 340775 274493 355511 279158 361696 273674 354393 277715 359813 273404 354254 277495 358643 269708 348437 278720 361480 276267 357950 275977 356709 264618 342412 273734 354836 277534 359467 280247 362873 270507 349704 276648 358435 275052 356677 277283 359386 276764 358961 274236 354635 274524 354590 272761 352314 275770 356987 278479 359718 279433 362385 276900 358387 275011 355641 278189 359426 276524 357583 279685 361154 277570 359123 277330 359364 275486 355482 276816 357756 279606 361651 278602 361102 274027 354604 279805 361781 278499 361389 276620 357864 276886 358709 279110 361741 278668 360884 278432 360459 278481 360288 278202 359711 277588 358787 279331 362239 277160 359189 280492 362561 275583 357036 278981 361669 275666 356524 279590 361081 277932 360166 279034 360409 276731 358341 275627 356351 277743 359353 279385 361333 278017 359851 277848 359748 275184 356100 274781 355736 278715 360553 272286 352762 274066 355243 277757 358945 279284 361062 278344 359897 276930 358747 278689 360888 274912 355613 277333 358811 276971 358518 276586 357194 279388 360864 273410 353858 276646 357135 277063 359133 276972 358816 1829
274344 355090 281816 365017 280863 362961 278614 359875 278171 360574 275886 356479 279020 361151 275369 356405 277149 358222 280873 362882 281418 364790 279308 361685 276349 357287 277059 358496 274096 354554 278155 360778 278915 361391 279219 361147 277916 359900 277337 358632 277967 359884 280773 362943 278706 360490 279753 361570 279058 360538 262917 340412 278505 360722 275668 356633 278575 360751 281784 364593 278070 359841 279837 362467 279416 360722 277513 359228 272982 352675 279490 361676 279092 362118 272500 352363 280563 363139 279085 361413 276099 357547 280846 363666 279316 362087 205129 265674 281280 364147 273225 353140 276803 358502 278000 359872 275645 356758 279309 360618 279602 362047 281020 362903 274737 355449 269355 347831 279112 360368 279170 360543 275574 357139 277430 359146 273423 353397 279975 363077 275720 356137 277343 359377 277264 358331 281894 364270 279433 361633 281073 363967 278526 361012 249595 323044 276196 357622 278304 361160 279468 361490 278434 360447 279614 362095 277855 359503 279568 361883 276506 357893 265220 343459 275394 356773 277453 358134 281659 364300 282218 364390 277924 360455 278384 359784 276861 358658 279293 360617 279143 361625 279055 361632 277194 358612 280198 363115 266351 344965 278355 360059 280428 363033 277307 358960 274563 355235 280084 362270 275143 356247 278392 360014 276766 358406 278969 360240 276688 357697 2115
267395 346032 277696 359333 280169 362416 266282 344463 279748 362027 280671 362674 276054 357510 281518 364213 272647 352826 279395 362350 279992 361566 281644 365100 279996 362189 278021 359308 279526 362193 279683 361977 277044 357749 266800 344793 279447 362078 277210 358200 279095 361144 279073 360807 278548 360701 280693 363328 278845 361648 276123 356904 274752 354784 281335 364959 275906 357453 279761 362352 279907 361672 277409 359418 279540 361285 275325 355735 278932 361179 280909 362875 278936 361287 277835 359199 278829 361284 278977 361418 280436 362405 281115 364013 277446 359577 279821 361913 277339 358483 278183 359392 279614 361287 281108 364178 277483 359185 276906 358149 279415 361989 279882 362334 278272 359422 280251 362971 279566 362070 277802 360162 278823 360312 278331 360293 280505 363248 280442 361797 282077 365263 280863 363093 277397 359099 278031 360318 279902 362505 280203 362417 276322 357739 280750 363346 280237 362792 279706 362806 279528 361650 282256 365829 280534 363812 279738 362902 272249 352669 254556 329256 278205 360384 276058 357089 279893 361828 280378 363199 281475 364948 280045 361801 278274 360176 279924 362191 280507 363217 281309 364133 281683 365005 281152 363489 279998 362410 278722 360933 279556 361772 280879 363914 273884 354096 272781 352789 280349 362321 278296 360453 279893 362887 278352 359606 267139 345558 279994 363294 1888
280046 362158 279551 361870 282117 366089 280685 363948 278341 359875 277892 359798 282196 364621 266735 344722 280457 363262 279099 360678 282422 364785 279926 361613 275149 356416 281546 364185 279529 361508 279156 361065 281419 364351 278246 359800 280599 363660 278808 360942 280409 362972 278283 360435 280002 361490 279524 362587 280950 362916 278979 361138 274697 355531 279932 361936 278271 359798 281090 363553 276621 358103 280478 362623 279725 362465 278940 360809 278192 358835 279076 361475 281565 364942 251422 324970 281996 365522 281885 365397 281292 364701 279235 361659 281144 363679 279192 361433 281683 364177 279679 361499 281673 364360 275917 356893 279734 362522 275650 356977 280286 362618 282006 364498 278687 360444 278943 361464 281566 363841 281454 364008 281186 363369 279010 360548 280729 362964 278058 359952 280618 363501 280578 363546 265827 344324 283210 366840 278651 361128 209021 270533 274693 355951 279239 361292 277538 358630 280103 363406 273709 354612 280559 363926 279349 361695 280429 362000 281104 363715 280678 363654 281981 364031 283430 367557 278521 360686 277034 358379 277679 359518 277822 360192 281886 363915 276499 357516 279269 361674 211383 273265 274996 355570 280388 362580 280758 363464 275968 356550 274598 355268 273356 353895 282348 365268 276862 358407 281998 364689 278527 360460 279124 361377 280746 363420 278491 360178 277860 359455 2001
282468 364520 276078 357663 274709 356088 281730 364786 284125 367707 278341 359692 281162 363548 283101 366617 253531 328600 279133 361564 280688 363172 280542 363672 284357 368171 282556 365812 273799 354357 283263 367593 282151 365876 282181 366005 277420 358774 278596 360837 277980 359948 281339 363885 281073 363331 277271 358856 282747 366538 280579 363440 281270 363798 279854 362021 281889 366069 282690 365685 280346 362683 282412 365550 280884 363075 275029 356401 280195 362670 252961 327692 282628 365820 283295 365967 279379 361295 274543 355416 274991 356938 252869 327782 279644 362028 279571 361688 279621 361544 280049 361970 280868 364325 281862 364053 280595 363579 282538 365623 280224 362477 283210 366706 282787 365485 281957 364662 279999 362287 281667 363742 280597 363421 279309 361707 282281 364684 281178 363485 277300 358166 283295 367271 279635 362401 268231 347535 277849 359832 279554 361431 280544 363511 280065 363176 280536 362618 280686 362254 266010 343468 281343 363815 283441 365916 282094 364400 279034 361642 279719 362405 280656 362679 281372 364569 282733 365756 280679 363533 282336 365857 275980 357473 280365 362171 282993 366780 279698 362147 280283 362108 277799 359974 277894 358997 282651 365669 280760 362486 282225 365223 279829 361518 281388 364187 280375 362208 281125 364296 284115 368613 275993 357370 278529 360319 279702 362088 280635 363272 2003
282014 365338 281578 363807 283809 367274 281367 364217 281125 364070 285248 369474 282465 366060 279474 361164 279083 361863 278515 360124 281986 364479 283560 366633 281509 365520 282539 365273 279617 362108 281303 363573 282416 365747 283151 366982 280290 363495 282528 365888 283749 367566 281288 364937 282833 366713 280369 362830 285519 370133 280665 363126 279939 362430 269004 348153 282102 365333 278577 360433 280308 362739 283416 366195 280031 362134 279203 361128 277628 358619 282531 365662 280699 363970 281755 364629 274916 355627 256507 331945 278822 360139 277372 358751 282754 366573 281846 364127 281790 364288 282210 364866 267453 345548 283756 367245 281582 364693 282656 366152 282474 365265 282054 364650 283338 366830 278455 360168 284093 368215 282294 364638 281443 364193 282299 365004 280647 362136 282433 365561 281322 363370 278217 360026 283012 365511 280482 363679 279427 361644 282360 365638 267254 346089 284672 368827 282077 365144 279560 361781 282998 365872 282090 364534 254190 328312 282189 365375 283888 367037 278184 359724 281009 363473 284986 368449 279536 361770 282854 366518 279893 362105 281818 364072 279136 361529 283512 366953 280986 363898 280822 363891 278458 360682 278234 360819 278109 360371 278983 360838 278570 360817 254953 330029 280391 362661 277616 358463 279911 363204 279687 361596 284372 368469 285207 369651 283283 367551 279748 362154 1874
281809 365287 283907 367183 283841 367123 282168 364564 282863 366680 282184 365617 283545 366688 282834 366063 281042 363822 284025 367584 276015 357211 279838 362152 278878 360593 282870 365884 277927 360373 282831 366634 276455 357596 251868 325630 276554 358256 284331 367456 284093 367720 282068 365785 212785 275276 280967 363416 284972 369707 280709 363046 282327 365342 278820 361631 282953 366683 281634 365011 281713 365050 284210 367633 278264 359805 278664 360934 281035 363446 278894 360788 214230 277402 281464 364971 280389 362026 282788 365794 281540 364115 282570 365226 282250 365739 280696 363953 282624 365878 280263 362650 284885 368673 282206 364371 282116 365617 280959 362229 269323 348437 280360 362407 282492 365456 284900 369337 281607 365202 281061 363123 284484 367978 284726 369165 283518 367384 284248 368192 283269 366410 282400 364972 278802 360893 281536 364640 281193 363581 278558 361378 284657 369035 282066 365286 281530 365326 283092 366394 284001 366841 282660 366313 282497 366041 283981 367004 282466 366503 269665 348092 283311 366622 283215 367395 280336 362801 280360 362657 283809 368062 278771 360061 282417 365444 283346 366302 284177 368090 282354 365593 283050 365981 281949 364364 255409 331165 283750 367923 283477 366545 281044 363453 282955 366749 283587 366445 283049 367454 283229 366494 282681 365318 285969 370615 283865 367562 282292 365719 1950
282932 366309 281508 363216 284634 368902 282150 364537 255705 331132 282696 365907 284235 367801 283234 366838 283511 366357 284438 368507 280784 363396 282289 365795 284309 368369 283069 367255 279989 362832 283203 366180 286362 370175 285443 369605 285054 368508 285186 369215 283363 366461 284240 367236 284298 367987 284182 367774 280144 362374 278961 361445 283266 366752 284672 368976 283193 366236 286916 371104 278541 360357 282970 366843 285572 369152 280514 362984 282872 365902 282925 366190 280977 363618 281751 364824 285118 369140 283657 367310 281542 364729 282453 364821 284765 368997 283521 367104 282191 365116 283471 366833 282469 365591 284291 367737 275838 357390 282421 365072 283562 367411 281031 363630 281942 364256 284697 368608 284675 368221 269939 348987 284971 369076 281012 364102 281464 364330 281616 364568 283649 366602 283077 366464 281065 364273 278357 359832 281257 363303 285073 368773 282178 365118 284695 368124 279114 361018 283232 366075 282454 365526 282254 365990 281932 364464 282826 366038 283086 366901 285589 369043 284619 367465 283361 366018 278887 361837 273889 354224 284853 369175 285100 369389 283612 367017 284088 367872 283004 365532 278569 360578 282339 366118 275036 355643 281295 363767 282649 365722 283691 367601 213946 276906 285530 369754 283074 366677 280301 362856 280717 363687 285202 369324 284515 367905 284897 368291 280799 363209 2052
282072 365036 279784 362310 284484 368280 285556 370044 283829 367144 256512 332829 286462 370669 281337 363845 285182 368885 282530 365324 283642 367244 282524 365073 272729 352609 282668 365923 284420 368608 284984 368371 286732 371214 286373 370514 285359 369634 284078 367746 286746 371671 272848 352371 285184 368385 286432 370973 285803 369982 284238 368144 283982 367578 283705 366977 283755 367339 285099 369514 287488 372323 278813 360492 285935 369311 284662 369090 284783 369000 285021 369797 285476 368744 283274 367427 286116 370224 283470 365727 282328 365462 286440 370529 283089 366572 278650 359842 284932 368020 286766 371014 282542 364803 284896 369304 282999 366075 282301 365504 285273 369664 284950 369423 279918 362441 283068 366300 284158 367764 281070 364145 281460 363553 280616 362363 284674 368001 284013 368145 284922 368814 284551 367397 279579 361993 282054 363833 283194 366664 283480 366911 286374 370522 283757 366966 284177 367758 284697 367693 285636 370219 284924 368966 284329 368350 284433 368514 285210 369470 283384 367076 282600 365245 286152 370873 285196 369518 287127 371199 279517 362040 283476 366553 285680 370179 285257 369606 282787 366220 281975 364934 285490 370215 282054 364744 284414 368138 282192 364363 281983 365218 285825 370357 283073 366216 283055 365498 283992 368064 282309 365677 285879 370246 283107 366561 279346 360661 286737 371110 1951
284749 369204 284886 369146 286775 370605 283423 367355 285250 368288 285010 368564 284127 367787 283283 366845 285991 370276 284720 367746 283473 366897 285681 369467 285640 369316 287326 371809 285100 369729 285381 368997 282824 366053 279137 361194 284854 368254 283951 367171 284919 368251 280449 363050 282692 365060 288527 373748 288081 373626 282071 364860 282979 366412 282036 364221 283044 366180 283239 366689 284550 367917 284259 368103 287240 370932 284615 368101 279916 361460 284934 368848 278894 361473 285533 370071 286384 370551 285149 368560 285413 368931 285637 370318 282057 364551 285080 369671 280556 362420 284118 367283 289540 374946 286464 370337 281505 363997 287605 372481 285366 369498 284492 368482 282903 366490 286499 370194 285788 369328 284551 368182 285538 369176 286399 371383 286183 370070 283293 366431 281786 364532 286568 370663 287072 371012 285550 368948 287082 371042 287567 371973 272604 353104 284467 368460 284725 368270 286644 370542 285956 370580 287289 371138 284910 367706 283655 367029 286108 371089 287432 371878 283732 366957 286609 371036 283246 366729 286287 370263 287243 371960 284740 367987 283228 365953 285075 368309 284345 368319 283844 366525 284583 368177 287965 372546 284886 368126 285782 369189 285964 370266 270449 350093 286034 370316 282408 365417 285044 368415 277979 359871 277694 358809 271881 351053 285513 369390 282435 365731 1999
286133 369791 285279 368727 285687 369004 286912 372197 288809 374402 280253 362779 284883 368503 284609 368005 286695 371156 287996 373277 287258 371962 286051 369787 283988 367523 287159 370972 284776 368979 285704 370345 287909 372969 285001 369064 282636 365547 285407 370189 281383 364401 286387 370394 285701 369912 283967 367059 285777 370296 284744 368542 286756 370170 285097 369340 283000 365761 283067 366458 287189 371665 287874 371767 287010 371147 283258 366412 283011 365211 285188 369277 283824 367321 283289 366647 283906 367051 284426 368024 286549 370551 283541 366597 281632 364261 285545 369861 286218 369511 282770 366288 284488 367397 289175 373916 288264 373214 286710 371131 286201 371045 285143 368973 286920 371921 280898 363514 286753 370580 257898 333538 286584 370307 288634 372783 283381 366879 289214 373714 286979 371431 285125 369302 283704 367209 284318 368124 271867 352394 285510 369742 283224 365948 288460 373780 286143 369948 286818 371250 289105 375316 287165 371802 288327 373550 284674 368565 285801 369836 286290 370979 286878 371776 281282 364114 285203 369329 282303 365397 286141 369686 287950 372509 282023 365357 285571 369619 286314 371365 279642 361370 285775 369835 284104 367903 286522 371075 287676 371995 281309 364005 284930 368727 284471 367292 286790 371575 286136 370680 288327 373929 285882 370142 285807 369689 286391 370215 282139 365829 1997
286688 371822 286957 370988 285980 369316 286438 370882 285657 369829 283922 367798 285528 369489 281721 363568 285880 369795 269448 347987 279459 362170 275995 357282 282159 365391 288089 373156 286970 371656 286792 370872 281474 364687 286941 371026 289281 373198 285737 369415 287662 371873 282780 365499 287065 371501 217331 281176 287566 372822 287724 372409 286463 370999 284834 368033 287023 370890 287786 372827 283237 365868 287856 372785 286820 370851 284920 367909 283426 367129 280031 362780 289258 374957 287692 372557 261875 339658 287058 371587 286713 371400 285838 369977 284478 367650 271589 351269 287537 372633 286806 370574 286014 369929 286806 371275 289179 373938 287013 371044 287921 371625 287032 371378 285881 369951 286865 371133 286533 371029 282646 365438 285913 369822 285016 369289 283336 366996 285777 369077 289077 373906 282765 366128 286279 369999 286797 371244 275706 355566 287265 372360 270143 349364 284709 368744 280283 362088 288721 374651 286149 370165 286063 370648 284389 367507 287960 371053 287325 371826 284612 368547 286255 370279 287744 372443 287421 372179 287112 371576 286058 370424 284107 367708 286897 370809 283420 366738 284387 367266 286902 370789 285566 369715 284921 368132 286104 369804 273113 353533 286969 371357 283686 366101 286583 370626 287494 371351 286657 371114 288800 373775 283787 367427 285995 370339 286573 370957 287061 372594 2004
285991 370337 286515 370908 284217 367603 286774 371505 288227 373446 283354 366822 287015 371560 288159 373229 283932 368148 284102 367097 288723 374272 286795 371183 286523 371474 286602 371037 260546 336020 275185 355994 288873 373390 285939 370292 282249 365014 286538 370750 278941 360835 286940 371020 284382 368856 283343 366422 286777 370818 289579 375010 285760 370029 288701 374491 289181 373741 289169 373420 287618 371975 288280 373366 285782 370454 281234 363815 286210 369615 287941 372731 289348 374812 288013 372790 290332 376374 286784 370348 284045 367913 285963 370121 285908 369950 287108 371431 286364 370588 286361 370537 287098 371697 268109 346653 287874 371296 284910 368919 288727 374222 286720 371114 286923 371064 289665 374730 285879 369760 287400 372227 271202 350855 287708 372086 283844 367269 289098 374711 287876 373008 285710 369633 285903 369837 287385 371297 285219 368608 284731 368440 289295 374817 284090 367917 288867 373874 290375 375583 278684 360830 286580 370892 287183 372462 289111 374128 285744 369567 289437 375307 287584 372360 284993 368453 288238 372713 285195 369908 289631 375511 286519 370352 219355 283638 289403 374937 287357 372037 288535 373788 286391 370475 286451 370571 288543 373170 290222 375416 279482 361805 290292 376289 289594 374089 287629 372166 288147 372166 286175 370210 289867 375130 285156 369195 290156 376548 286977 371014 1997
260492 337264 289242 374205 290638 375519 286121 370791 287026 371472 288422 373393 286122 370184 287703 372342 288717 372542 288286 372787 288725 373879 287017 371804 289526 375223 285913 369621 287508 372260 285471 369782 288601 373694 289701 375066 288076 373101 290424 375399 286202 370415 289976 374548 283825 366515 284993 368184 287779 372232 288170 372867 286243 370649 260737 337554 286156 370329 289625 374193 286422 370720 286762 371086 274476 354731 287970 372035 286650 370837 281932 365188 284906 368205 290813 375908 285508 370087 289003 373643 286683 371217 290464 376270 287318 372038 290530 376665 288745 374264 287818 372224 285711 369951 285921 370028 288592 373876 285386 368712 288366 373487 289051 373860 285935 370162 287400 371896 289338 374232 286108 371103 286890 371584 287005 371754 288498 373257 288357 374042 288340 373308 288777 373783 289172 373785 285144 369300 288403 372757 290430 376378 284556 368213 286776 371451 289603 374435 286555 370586 288978 373794 286650 370883 288121 373398 286938 371201 284563 367866 288010 372099 288795 374559 288328 373342 289019 374353 289370 374971 290088 375993 288751 374584 289380 374721 267655 345899 290678 376708 288281 372828 285081 368830 284228 367360 288746 373521 289802 375471 285848 369756 284675 368211 286150 370006 288596 373058 289557 374866 287785 372380 287889 373123 289051 374358 290371 376506 288669 373566 2006
287032 371313 291352 377538 289543 374740 286228 370858 288614 373251 288052 372897 289636 374746 287654 371548 290131 376147 291340 377138 288494 373440 291161 378207 289072 374155 287217 372245 284134 367652 291083 378266 287133 371423 220519 285471 290529 376190 288499 373678 289485 374286 285536 369506 292098 377677 283424 366574 291633 376921 287281 372131 289300 374243 263009 339884 288884 373861 289516 374629 284405 368259 288527 373777 287789 371638 286121 370546 288695 372763 286630 370646 289214 373909 219803 284743 289186 374208 287095 371647 290063 375935 288785 374160 287417 371878 289842 375543 288126 373463 263988 341513 290586 375581 290752 375911 289085 374356 289485 374980 288910 374497 287362 372206 284701 368250 285197 369277 288239 373586 275695 356773 287054 371232 287532 372411 291854 376898 288592 373400 290381 375591 285737 369342 289150 374180 287561 372378 288466 373467 287781 372169 289618 375033 289157 374716 283989 367729 283342 366093 283082 365891 286826 371337 292501 377963 285697 369788 289397 374381 286913 371686 286995 370542 289924 375434 288700 374121 292069 378532 290042 375322 286921 370963 287332 371943 286289 370274 284258 367122 289253 373847 280819 363327 289542 375045 288872 373147 288142 372829 285613 369077 279279 361327 287955 371708 286839 371590 288911 373927 290446 376056 289382 374655 290618 376971 283455 366917 290888 376970 1990
292189 378710 288902 373221 292003 377940 284719 368581 289413 374208 289650 374855 292675 379043 287209 371301 290360 376200 290661 375659 290172 375442 275200 355870 289864 375176 289481 374176 289184 374587 288270 373096 288844 373546 285940 369367 291592 377461 286764 371136 288116 372611 289456 373897 290361 375753 261928 338063 290125 374756 287982 372796 291180 376700 292326 377678 289873 374780 288632 373130 292372 378031 284944 367959 283967 366396 287745 371751 287874 373042 288305 373074 291295 377259 289690 374494 282550 365366 288472 373288 291165 377374 289739 375315 289446 373436 289178 374434 285096 368088 288948 374665 291798 378303 283206 367124 290311 374959 286693 371287 291522 377238 274464 354421 280740 363362 289654 374451 290949 376298 290330 375401 289595 375203 289885 374403 289619 375535 290610 376015 290512 375821 289087 374169 291755 377007 288055 372593 284903 369494 288944 374436 289163 373631 289944 374880 290578 376451 288949 373733 287305 372047 288668 374154 288986 374687 289365 374174 292411 378606 289083 373867 290214 375826 264771 342226 290170 375831 292297 377619 292818 379463 289830 375328 289986 375765 287371 371992 291277 376470 290361 375705 290135 375023 289365 374227 289207 374350 287800 371427 291342 376761 289478 374402 290808 376961 289832 375203 291162 376453 288700 373178 289818 375251 286690 371347 290180 376061 287468 372076 2170
292919 378752 291818 377317 289074 374035 290715 377532 289362 374838 289783 375246 293008 379134 290584 376076 291229 377312 292479 378305 290179 375389 291794 377966 288922 373546 291624 377603 290643 376952 288756 373906 279547 362006 290673 376579 287986 373025 288341 372167 289850 375811 292790 379647 290625 375801 291617 377757 294136 380524 293775 379634 290218 375605 292459 378945 289857 374798 288664 372535 291434 377234 293382 379818 293669 380143 294273 381471 289322 374615 220680 285756 291401 377866 289579 373544 280986 363799 288443 373172 287528 372582 288179 372648 289032 373177 290880 375685 289273 374673 289251 373899 290188 375806 292554 378717 290242 375414 292447 378237 290418 376388 291121 376752 289979 374815 289797 375007 290410 376086 288771 373287 292049 378594 292734 378829 294052 381153 291298 377208 286047 369845 288053 373014 272172 351604 292383 378116 285215 369070 288661 373431 290382 376039 290308 376485 291374 376581 289730 374961 286288 370299 277369 358908 290706 375279 288889 373560 290214 375651 292551 378102 290768 376852 293267 378977 289381 374171 289425 374042 291234 376424 289809 375391 291394 377317 278047 359801 290844 375695 291622 377957 277317 359008 291606 377711 289632 375106 288757 373564 290270 374710 291624 377279 280784 363004 286932 372047 284012 367818 289530 374433 289809 374860 292653 378987 293355 380099 292928 378954 2061
293679 379556 294107 380489 284777 368519 291982 378348 292518 378373 291415 376928 291240 376713 292778 379397 292362 379005 290026 375197 290971 377166 294962 382381 292614 378438 293186 379893 293087 379155 291075 376826 289426 374827 291877 377910 288894 374229 291482 377643 288691 374223 291025 376764 286928 371767 292260 377951 293326 379563 293026 379144 292802 378979 289685 374699 293497 380669 292475 378118 292113 378698 292805 379104 291050 376547 289104 373171 292117 378260 290896 376506 292021 378610 296089 383752 291483 377999 289643 375252 278800 360626 291313 376937 292656 378720 290421 376530 292420 378795 287863 372619 293879 380193 290251 375077 286887 370370 292268 377565 293949 380425 290065 375682 288530 373220 293270 378962 291647 376927 293198 379406 292062 378102 292862 379585 291502 378294 292486 379005 290689 376642 290876 376324 291400 377864 279470 361066 288683 373209 292052 377021 292677 377590 293581 379775 293019 379569 294185 380627 288452 372779 293152 379011 291206 377198 290623 376545 291084 376815 291727 377207 285491 369591 291763 377808 293740 380321 289653 374518 280143 362203 288869 373745 293448 379986 292434 378112 293628 380406 290600 376233 286314 371290 293312 380494 290747 376392 290948 377787 288592 373178 291649 377705 291019 376435 291390 377251 292958 379367 289425 374367 287927 372799 293424 378936 287068 371267 291840 377482 1931
292050 377953 291929 377817 291195 376509 287189 371857 291821 377605 291369 377459 294250 381384 290437 376293 293336 378739 288413 373807 290027 376221 264635 343377 291186 376624 291049 376023 287721 372821 294522 381652 292219 378338 290438 375705 292806 379387 294582 381838 293807 380194 287281 371421 288740 373840 292331 378759 292172 378643 293608 380245 292195 378750 291801 377778 293859 380412 288391 372307 289473 374268 293330 380174 293007 379761 292198 378180 285194 369041 282371 365366 287920 371906 291237 376615 292917 379353 293296 380146 294969 381703 291432 377513 295068 382700 291981 377465 286734 370655 292443 379074 290784 376672 293384 378802 290285 375345 287387 372349 290553 375792 292520 378552 292638 378607 286666 371399 291391 377083 292314 378141 289824 375020 289957 376069 293044 378918 293370 379917 291510 377305 293290 380529 292887 378640 290430 375953 283553 367283 292312 377554 296514 383369 221104 286712 294244 381370 290046 374789 295087 381875 294026 381103 292085 378015 296023 383129 293700 379592 292592 377881 288749 373202 290273 374991 289160 373898 292562 378871 296980 384357 291501 377063 293842 380510 291663 377643 266831 345376 291029 376665 292961 379229 293170 379608 291775 378190 290105 375122 293154 379742 294108 381426 293568 380223 295599 382213 293496 379672 290677 376419 292499 378310 293846 380440 292127 378551 294292 381296 2136
292243 378333 293183 380375 295083 382109 295403 382268 292853 378638 293660 380765 292617 379189 295996 383776 294030 380304 292015 377898 292032 377219 290630 376361 292285 378840 292758 379195 266431 345248 291325 377738 291279 376459 289075 374231 293100 379572 263403 341053 293008 379212 293896 380234 291641 377323 294563 381537 291718 377673 293145 380109 293803 379860 293411 379360 292971 379137 292744 379102 291971 378418 294616 381311 294897 382280 292339 378486 289492 373666 289583 374148 294889 381797 280930 363359 291863 377504 290781 375868 294600 381668 289118 373362 292873 378436 291591 377299 295729 382986 295386 382532 293300 380096 294600 382003 293963 380970 291950 378011 284388 367943 290435 375262 294622 380876 291718 377278 292326 378727 291479 377795 293484 378996 295533 383118 294671 381069 292539 378478 265284 343678 292451 378947 289855 375025 288905 373958 293779 381197 292330 377719 291866 377506 291787 378417 290880 376277 292671 378404 292445 378944 289442 373761 293309 380198 294321 380714 290389 374694 295203 381752 291598 377613 221505 286858 290813 377084 290153 375154 294220 381004 292682 378037 295135 382300 295748 382464 292394 379012 280738 363855 292914 379789 292332 378851 295140 382770 290125 375091 294788 381163 292574 378140 290681 375530 292430 378804 292828 379256 293808 379956 293514 379425 295257 382856 293124 379560 295122 382377 2124
292340 377715 294774 382093 292410 379186 293655 379478 290192 375631 294111 380822 292818 379159 296537 384142 296831 384933 294315 379930 296128 384008 294795 382136 293982 380932 296608 383718 223782 289549 290233 376208 296356 384607 291547 377222 268246 346725 295904 383326 293722 380251 292320 378231 292273 378234 292116 378664 293061 378158 223909 289712 295209 382424 291007 377038 294490 381283 292968 379478 296142 382631 291250 376302 293942 380596 294583 382150 298483 387072 291778 377498 293084 379298 294554 381522 293155 379579 294583 380818 292747 378778 295995 383813 292491 378744 296848 384167 294638 380633 291792 377374 294211 381708 291434 376858 296699 383171 294051 379487 289045 373854 293309 379597 294812 381077 292394 378196 273048 353734 296226 382347 292010 377784 288733 372653 293775 380371 294817 381290 295990 382588 294058 381209 281374 364280 292937 378521 294002 381050 293287 379803 294322 380400 295528 382309 293442 379618 292400 377629 296551 383537 291944 378002 292720 378189 292707 378864 294954 381803 292394 378953 294544 381433 285207 368252 295025 382185 293159 378590 286223 371061 288233 372572 295473 382239 295681 383104 292931 378332 292434 377878 295774 383109 290118 375359 294955 382076 296168 383479 288451 374201 292987 378720 294625 380754 295272 382141 292518 378502 291457 376927 287655 372417 295276 381857 294383 380917 292132 377379 2029
293655 380110 283301 367100 294667 380685 296277 382997 297487 385122 294149 379690 294287 380550 294013 380458 278246 359546 296134 382460 293019 379414 296718 384573 293805 380630 292759 379401 292512 378004 289746 375586 296662 384426 293774 378944 292885 378978 295265 381509 293112 379497 294538 380980 294432 381018 224630 290784 290418 375305 294901 382096 288985 373497 294767 381462 295889 381708 296503 383241 296857 384386 291640 377719 295795 383123 291100 376781 294774 382570 266012 344626 292843 378518 289826 375579 297276 384412 295933 382934 296374 384168 294669 381591 288490 373672 297680 385550 295331 382100 295148 382222 296533 384011 296524 383584 296228 383729 222668 288391 294119 380993 294245 380496 295335 382891 294968 381519 295475 382476 294091 380675 292724 378614 290267 375600 294792 381197 294724 381663 292148 378346 295412 382144 291749 378038 295327 382789 298057 385558 294775 381722 284696 368437 295075 382314 296270 382764 292674 379075 291387 376978 291975 377687 267901 347531 296397 384145 296379 383347 287329 371298 294226 380926 296001 382780 296204 382411 293455 379253 282286 365062 295953 384087 291494 377794 293056 380016 295640 382819 294289 381415 290598 376530 294346 381550 296536 382920 295208 381705 296259 383977 295231 382559 293200 379160 296031 382759 296607 384254 293302 379275 286026 370231 294022 380073 295230 382207 294662 381097 1884
298241 386046 296737 383078 297499 384772 295450 382186 297616 384851 294401 381216 296074 382983 293395 379893 291863 378076 296690 384314 293785 380068 294634 381567 296460 383778 297786 385351 284152 367076 295023 381924 294652 381406 297317 384903 293847 380976 296336 383774 292426 378624 293364 379405 296392 382977 292701 378808 297309 384354 298240 386584 297148 384525 290236 374849 296999 384802 294352 380682 297684 385061 296712 384747 295944 382370 294182 381204 295672 382103 296161 382329 296104 382600 295830 382491 296784 384281 295264 380800 295412 381923 294190 380726 295631 382375 295675 381926 296146 382889 296176 383137 296599 383535 295437 382660 295868 383593 297637 385717 294801 381014 297387 385101 296430 383486 292366 378351 281385 364574 294290 381583 297048 384813 295060 381469 297700 384371 295536 381967 292435 379041 295215 381923 296098 383008 295539 382594 296405 383670 268111 345967 291587 377661 295660 382409 292838 378477 292401 377744 296865 384602 294896 380823 296714 384445 293268 379270 295574 382330 295563 382653 293928 380834 297338 384478 295309 381737 297255 384288 293329 380324 294962 381800 294069 380166 296216 383379 292899 378637 296117 383161 295578 383143 296440 383769 290583 375392 294684 380396 296180 383146 294472 380223 295352 382513 296888 384183 292714 379439 297226 385192 294129 380863 289732 374392 294948 382064 296104 382655 2169
298952 387640 296136 382870 299160 386436 297699 385499 295806 383023 299974 387325 296087 383291 297586 385160 294462 381554 296784 384623 294312 380713 296042 383164 296450 384119 296597 384252 295018 381170 291538 376714 296985 384559 294988 381911 294254 379977 299119 387264 299543 386969 293641 379391 298211 385132 278218 360089 297608 385656 292396 378642 295336 382339 295921 383263 296887 384180 297097 384753 296761 383059 296905 383908 292017 377351 295776 382537 294901 381771 287436 372243 297071 384309 290253 375312 295910 382508 297160 385496 300263 389455 289338 373947 300284 388455 298019 387140 297861 385762 294446 381373 292929 378083 295244 382282 295633 382622 296615 384227 295868 382779 290466 375395 299530 387374 292745 378503 297317 384497 295061 381465 294201 380621 298793 386219 295876 382931 300844 389411 290532 375105 295807 381782 297373 384948 294492 380895 294945 381612 295227 382466 295611 382283 283535 366756 297526 384257 294486 381044 293515 379628 289973 374836 297293 385746 295992 383010 296287 383842 296983 384032 295399 382040 295867 382731 298127 386229 295874 382425 294573 380782 296384 383863 293176 379634 299130 387367 295838 383379 292666 378888 293958 380890 297857 386209 295971 383278 296202 383078 291131 376549 295158 382554 289529 374914 298611 387245 297661 384788 296978 385012 294221 380956 296689 383918 295346 382174 281529 363465 2077
295727 382734 296441 383291 295394 381970 268725 347800 295922 383030 297901 385798 286705 370903 295325 382365 297799 385664 291266 377248 298183 386358 294199 380852 299408 386704 297311 385750 297420 384568 297680 385785 298652 386710 297453 384988 296524 383920 292181 378054 295434 381830 298026 385317 298670 386883 298815 387564 296748 384634 267079 345004 295125 380096 292435 378780 296346 383000 295991 382631 295326 382574 297067 385324 295583 382320 296974 383057 297282 385232 296296 383558 269133 347803 295439 382007 295609 382803 298484 385682 294274 381279 300515 388950 295222 382088 299118 387433 296268 382986 295309 381006 297957 385113 292753 378161 297823 385512 297931 386056 299580 387817 296835 384369 295236 382482 297442 385534 296243 382793 296895 384218 298896 387331 298917 386558 296316 382937 297929 386142 294009 379990 298889 386633 297851 385955 296275 382888 269077 347787 293626 380158 297112 384543 298013 386108 299543 387821 298281 386378 298822 386443 296555 383587 298163 385884 299649 387635 299583 387379 297855 384830 297197 385553 301104 390500 298372 386493 297993 386247 298342 385835 298527 386498 294205 381011 296719 383649 296723 383667 295853 383503 298751 386331 295226 382833 296197 382333 269964 349290 300262 388389 280374 362849 293163 379521 297831 384774 294541 381677 299155 386987 296348 383924 295441 382498 299076 386195 296155 383210 2098
299238 387235 295853 382264 297645 384848 298276 386180 299492 387679 299753 388869 298779 386307 296418 382540 297020 384712 297314 384628 295455 382570 299232 387650 294919 381478 296904 383694 297394 383777 295954 382089 295887 382723 298784 386856 297614 385329 300881 389597 297930 386239 296385 383608 297118 384734 297041 384473 300599 388936 298488 385761 298269 386040 297043 384944 294605 381483 296934 384307 297331 384732 298657 386500 297960 385647 298706 387038 296323 383775 299597 388204 301256 389554 297676 385534 297565 384863 283720 367279 298568 385263 296724 383739 298099 385619 297905 385655 297891 385533 300499 389027 301594 390789 299822 388473 297979 385249 297951 385764 296835 384160 298213 386670 298262 386781 271271 351313 298193 385590 295497 382339 297885 385217 294928 381006 296746 384585 297650 385240 300846 390201 296184 383245 298029 385175 295832 382587 296258 382969 296257 382769 301337 389137 295428 383279 297271 385321 299945 388595 297689 385264 297266 384891 298139 385754 298656 387008 299056 386677 296285 383484 297757 384184 300878 389949 296540 382984 292602 379093 297397 384960 298685 386578 299846 387613 298091 385672 297854 384576 296623 383958 296840 383295 299756 388834 297485 385863 291776 378177 225545 291748 297596 385564 269681 349697 300334 389105 298214 386550 286317 370802 298855 387314 295661 383486 298104 386533 298653 385753 2120
298783 387156 297740 384836 297000 384348 293943 380193 298924 387493 296490 383153 292000 377835 296488 383033 300967 389962 300597 389622 300276 387824 297900 384879 221602 286685 297312 384051 300769 388970 297686 385304 296815 383235 295721 382976 300351 388480 299683 388381 271212 351275 289855 375551 295829 382699 290174 375327 296638 384596 301275 390813 297664 385391 298676 386009 298175 385735 300444 389531 297582 384629 298784 386085 299459 387426 283422 366909 301637 389853 299873 388501 301605 390677 296026 382534 268058 347049 294392 381063 298123 385115 297575 384833 299198 387044 299473 387060 300811 389506 298119 385933 298216 386570 300628 388952 299421 387591 286156 369914 293217 379617 299786 388069 296492 383409 300957 389193 297283 384207 299886 387204 296989 383885 298464 386685 301813 391389 298252 385463 301400 389576 298951 386871 301704 391026 293580 379934 295727 382815 302368 392453 296586 384512 295381 382099 299022 387007 299559 388188 298945 386949 300113 387942 296790 384349 296470 384469 300064 388806 298315 386034 299051 386961 299414 386575 299370 387776 291364 376565 299296 387749 294266 379402 298753 386456 295426 382850 298570 385953 300913 389922 299197 387141 295693 381745 295914 383236 301062 388960 297648 384464 298738 385200 300900 388373 299849 388702 301029 389239 297809 385436 296986 383295 301194 389943 299132 386906 299313 387474 2133
298236 386394 299341 386426 300599 388919 299849 388677 295972 383369 295835 382000 301698 390640 291872 377671 295008 381672 299406 387530 293026 379318 296957 383739 270545 350041 300033 388520 296912 383685 301243 390045 297450 385017 300389 389452 298983 386713 298160 385716 297702 384723 299483 387975 297401 384819 298887 386365 296406 383278 298259 386379 299607 388374 293631 379966 297763 385991 301118 389637 296973 383066 301133 390443 294625 380655 300292 388219 295115 381429 298625 386123 297136 384401 301133 390125 299925 388248 300542 388807 300627 389911 297679 385491 299236 386553 297688 385608 300960 390150 296256 382971 299381 387866 299906 388100 299505 387766 301973 390725 300439 388861 298489 387024 301071 390413 268463 348091 299706 388233 300748 389580 301254 390117 298080 385876 272759 353467 281676 364695 299294 387525 298693 386380 297108 384697 298168 386080 300223 388674 301025 389096 198004 256045 298056 386447 301971 390752 298715 386941 295245 381643 297200 385068 302357 391906 299370 386823 301509 390438 291060 375894 299489 387422 295274 382676 301053 389331 299278 388057 298547 386667 300709 389669 299848 388005 295740 383281 299063 386765 299536 388078 301182 389252 293936 379996 296701 383389 301939 390127 298476 385997 297837 385600 298287 385363 300285 389109 300186 388487 299219 386900 300636 388842 299624 387038 300819 389212 300459 389031 2081
291605 376899 300158 388525 300281 388735 300569 389401 272223 351222 300675 388978 300933 389237 300397 388566 303100 392533 300885 389652 300415 389094 301600 389603 302764 392101 302076 390685 300470 389050 303428 392331 292937 378766 301757 390276 298918 386044 302268 390492 302478 391906 296887 384363 302004 391036 303175 393105 299510 388279 299038 387570 301386 390328 301857 389972 298387 385653 302169 390199 303659 392827 300558 389273 300856 390218 300874 389663 224888 291014 301723 391192 300398 389408 293807 380325 302692 391195 294492 380970 294203 380801 295091 382118 303688 393060 295267 381389 299020 386912 294509 380074 298955 386843 301942 390848 302152 391064 300655 389632 298976 387205 292677 378445 299533 387126 299654 388012 301411 389826 286784 370778 302728 392344 299839 388037 304115 392704 301253 389602 297160 384855 300808 388858 300841 389325 298108 385732 299074 386979 299983 388127 299020 387306 301244 389475 300049 386866 295481 382242 299838 387933 288104 373454 295404 382300 299154 386557 298627 386021 301665 389984 296087 382931 300484 388869 297926 386019 298685 386065 293342 379261 304262 393441 299219 387411 301962 389922 302380 391133 286884 371137 299883 388579 299115 386953 293544 379274 300747 389038 303409 392580 299882 388855 300569 389126 299247 386671 300131 388722 301925 391093 292433 378730 300369 389208 300127 389091 302616 391895 2127
298843 386734 303693 393555 301741 391071 302725 391475 298430 386086 295822 383267 286124 369563 299635 387112 304181 393270 298802 387116 301926 391283 303099 393102 215405 278772 299565 387668 301438 390258 303757 393583 301903 391134 302427 392100 301804 390542 301168 390070 302038 390729 299669 387379 299219 387146 299839 387909 299449 386839 301663 389919 298353 386576 304963 394441 296760 383548 301133 389181 288253 373032 303347 392444 285187 369117 287164 370660 301933 390844 302043 390985 300019 388380 302552 391735 297113 383925 297992 385586 298546 386187 305106 394966 300334 389457 301834 390903 303239 392506 300794 388915 301342 390378 303151 392532 301254 389472 300650 388180 296159 382920 300142 388055 301642 389753 303927 393569 300385 389208 302642 390904 300707 389660 302274 390856 282822 364991 301702 390299 303695 393198 299882 388773 301507 389772 299510 387906 301404 390532 303315 392796 304028 393371 287066 370808 301375 390151 299740 387605 300543 388676 302861 391466 300763 389311 294228 380328 300709 388625 302891 391787 303737 393250 297213 383884 302110 390917 301450 390158 300469 388921 300866 388928 299661 388218 298612 386477 302423 391457 299154 386691 299324 386970 298676 386130 303268 392639 299417 387018 296036 383480 304122 394116 301225 389849 300440 388888 300027 388171 301956 389451 300121 388331 300364 388811 300463 389283 301656 390199 2066
302775 390571 303598 393151 304012 393824 300863 388886 301269 389774 302757 392035 304328 394151 304681 394082 301660 390043 297598 384089 304020 393853 302912 392025 301804 390832 303230 392281 298351 386654 301011 389510 299309 387391 304892 394924 302850 392346 302779 392171 302252 391311 288468 373578 303082 392706 302987 392614 298553 386612 301525 390313 302643 392145 301709 390350 300920 389291 302688 392094 303210 392018 300343 389174 301604 390417 300552 389041 300835 389546 302131 391401 299260 386478 304401 394672 288835 374241 289824 375167 298856 387142 299898 388355 303210 392796 303069 392444 302349 391239 302944 392196 301887 390886 302139 390312 303567 393781 302244 392337 302097 389873 299933 387835 303034 391956 301175 390160 302778 390770 299544 387917 302003 390822 300344 388291 302104 391548 300519 389394 303731 393522 304999 395371 294148 380401 303700 393785 299114 386873 299986 387792 301184 389832 298682 386841 302060 392043 303571 392139 302891 392205 301239 389980 304501 394995 301631 390675 301797 391089 297199 384342 305528 395228 300090 388683 302855 391888 302583 391403 303949 393513 300005 388314 302307 390560 287895 372687 296922 384289 303684 393747 302647 391345 302909 392493 297540 385360 301880 390833 303184 392412 296091 383341 301337 389930 299711 388047 302129 391392 301023 389647 301031 389623 300477 389193 298225 385694 301717 389878 2131
302340 390685 302177 391925 299994 387679 305075 395172 303340 392704 302729 390671 302560 391092 301959 390757 303171 392354 301975 391121 306212 395795 304478 393862 299662 387398 304581 393847 300784 389389 305105 395336 300797 389899 303219 392530 302474 390511 302564 391917 303673 392875 305378 395234 303640 392893 305532 395343 296651 384363 302060 390770 299103 386761 303923 393037 301296 389423 304466 393819 306798 397735 301687 390205 305528 395096 300311 388744 303942 392768 297694 385172 301798 390190 301962 389804 303041 392203 302927 392284 303071 391708 305237 394473 298305 385944 302607 392506 300937 389536 303836 393169 299887 387382 304599 393380 301298 389732 303764 392566 304887 395286 303721 393459 288559 372977 301505 389519 301804 390829 301448 390297 305332 394952 305261 394655 303123 392948 302002 390217 303360 393001 307709 398706 301807 390746 297121 384659 301772 390780 303687 393449 305150 395569 292873 379069 302689 391610 302443 390772 299641 387414 230306 297960 305095 394334 303702 392413 298624 386211 299232 387069 302019 391186 301618 389900 302173 391318 298897 387132 302599 392142 301541 390197 302629 391773 301539 389975 302997 393008 305029 395366 304624 393773 303586 392911 302265 390856 303713 393243 303614 393137 301577 390637 302384 390651 301560 389026 303275 391668 302300 391654 297430 385238 303222 391998 302361 391032 288444 373018 2081
303470 393299 303908 393096 302912 391024 305953 396622 305195 394819 298523 386094 303061 391833 299932 388372 301178 389106 305500 395288 303030 392758 303216 392415 307062 396535 274054 354208 304870 394848 303784 393246 300473 388788 304945 395319 303304 392556 304047 393195 302266 391202 303942 393904 303191 392984 304498 393469 300649 388555 302074 390541 304773 394792 302520 391150 307174 398000 305604 396095 304825 394581 299731 388448 303606 393512 301998 390833 303933 393382 302177 390636 305012 394851 298237 386327 306122 396630 304395 394112 303531 392616 300538 388095 300735 389063 303101 392134 301059 389726 303465 393032 303442 393037 305549 395815 302959 393193 304421 394582 303585 393021 306252 396151 303733 392479 305091 394487 301371 389716 301001 389354 305763 395469 304199 394091 303381 392932 303295 392776 302452 390990 304549 393881 228912 296471 300962 390041 307677 398562 303746 393078 303291 392128 302898 392639 302292 391337 306718 396287 302886 392280 305497 394699 305179 395198 304705 394480 304330 393378 302112 390591 305671 395337 305319 395410 304624 394257 300183 387510 305550 395516 294101 380681 301332 390149 297567 385283 303688 392837 299642 387249 295673 382567 303416 392384 295817 382541 303008 391743 307089 396621 301841 390741 301629 390819 305212 395360 302046 391411 301017 388855 304409 393547 296603 383898 303261 392817 304423 394140 2078
303608 392888 297987 386601 298368 385405 291164 377866 307243 397614 304630 393134 303014 392978 307583 397586 303332 393862 304408 394469 304184 393785 304634 393637 302148 391304 302861 391690 297562 384513 304045 393006 304049 393179 302833 392088 306213 396137 301722 390070 303545 392337 303122 391643 305499 395786 304841 394672 300865 388960 306611 397571 302458 391728 301313 389753 304945 393764 303336 392945 306027 396001 307631 397530 306918 397388 306082 395516 298275 385664 307513 397998 304607 393572 301259 390234 305926 395842 303627 393217 305792 394837 306625 395381 276797 357349 304052 393227 307334 397460 305688 396084 307717 398427 304668 393749 302492 391015 290401 375328 304475 393611 304667 394353 301040 389973 307498 397908 306536 395959 306357 396627 303294 391509 304924 393950 306410 396507 306439 396599 296841 384433 305409 395547 305167 395703 303264 392296 304053 393820 305344 395092 304284 394394 304578 393791 303912 393297 305268 395182 305281 395699 307614 398088 305095 395500 306994 397560 302824 390917 304994 395464 304828 394708 304878 393860 303885 392988 304708 393968 302974 393122 303775 392473 298554 386076 303974 392298 301438 390590 306472 396753 305140 395118 304643 394620 301618 389733 303175 392533 305283 395367 305033 395326 304821 394807 306546 396593 301126 390068 305052 394560 307549 397685 305696 395064 306905 397451 302760 390552 2061
303697 392654 302936 392344 302013 391162 305894 396549 305866 396016 304994 395334 306065 396220 305114 395019 304120 392991 304194 392978 306433 396571 306546 397084 305654 395197 303594 392910 303732 392807 306959 397947 301629 391054 305751 395189 306878 397427 299700 387857 305095 394842 305034 394867 304099 393866 295308 382133 306989 396448 307244 397990 306363 396612 305467 395137 306478 396417 306797 397471 308342 398775 306931 398190 306090 396204 297654 385382 305039 394819 302586 391818 271898 351738 304615 394128 306998 396526 307004 397251 305772 395624 307892 398974 304372 393328 303130 391855 303619 393288 306510 396849 305830 396198 307504 398432 305882 396108 301490 389669 302514 391173 307210 397887 305586 395962 305193 395438 305872 395770 307941 397645 307079 397457 301202 390161 305151 395046 306459 396886 307187 397764 308208 399075 305255 395557 306140 396225 305128 394385 300993 389641 300211 388315 304480 393489 304233 393998 305230 395744 305960 395875 303807 393518 302130 390131 305595 395473 302326 391112 305451 395053 308240 399286 306039 396080 303272 392252 305599 395596 305208 395360 299274 387365 304489 394305 304334 393691 300849 389301 303788 392195 303433 392245 306027 395643 305550 395935 307368 398346 304063 393557 303328 392022 303642 393806 304007 394092 305645 395851 304168 393528 304448 394218 303888 393292 305506 395104 308487 399596 2067
305808 395386 302534 390622 305176 394848 304102 393676 305787 395383 298800 386962 292914 378431 308029 398459 308427 399627 304725 394494 304731 393639 304248 393563 301812 390324 307830 398550 309058 400191 303134 392448 306184 395247 306093 396679 307945 398036 307607 398084 307150 398215 302529 391238 297642 385115 307129 397004 304691 394822 307659 398614 293869 380571 308620 399687 307822 398282 306196 396438 305652 395431 306854 397302 303866 393750 306796 397133 304800 395220 304844 394133 307703 398450 305897 395407 306936 397583 308717 399326 307803 399025 307619 398074 305640 395822 306592 396476 301620 390541 306884 396210 307665 398587 278008 359004 304400 393999 305140 395037 305080 394815 308186 398424 307415 397740 303523 391593 304235 393598 303344 392780 308368 398210 304687 394105 306512 396619 308106 398064 307889 399060 308931 400329 304282 393757 261428 338098 306068 396495 300202 387692 309097 400820 309212 399842 309250 400113 308095 398458 305232 395378 300693 389232 306326 396952 301652 390527 305059 395505 305834 395353 309299 400591 306350 396082 301658 390175 305052 393926 305477 394520 302616 392160 301784 390798 306692 396615 306465 396288 306353 397232 307716 398647 304000 393232 305628 395685 306731 397282 303552 392799 305706 395537 304947 393437 278990 360365 308473 400008 305167 394387 291455 377275 306911 396453 304556 394807 295775 382946 2139
301225 389743 309539 401062 304659 394776 308885 400100 307024 397533 307051 397797 308032 397728 305827 395927 309467 400328 233458 302094 308093 398221 308304 399214 307132 397650 308475 398826 305847 395798 304007 393486 298631 386339 307617 397806 304918 393995 309942 401829 307616 398322 302095 390910 309757 400853 308241 399121 306955 397028 306164 395338 307948 397713 303707 393344 308785 399896 307516 397786 304098 393680 307177 396977 307272 398341 306017 395421 308671 399927 304812 394142 302751 391320 306323 396939 301457 388840 304749 394265 305310 395696 289540 374311 307452 398638 308263 398451 306364 395080 305271 395363 307761 397398 308972 400092 308220 399434 307247 397720 308563 399228 299833 388387 309270 400490 308232 399182 308348 398996 306872 397034 305770 394794 308135 398930 303712 393162 310549 402047 305369 394501 306203 395738 305314 394296 306768 397238 304868 394313 306885 397202 307303 396976 307251 396669 309280 399451 310763 402555 306623 396943 309448 401413 300764 388808 307066 397778 305754 395761 308677 398858 304448 393660 306448 396761 301226 389472 308401 399461 305215 395446 306137 396543 305576 395959 305743 395956 306281 396770 305918 395968 303455 392086 304116 393760 307224 397855 307544 398637 309086 399313 310086 401388 300503 387751 306272 396179 305640 395784 310969 402457 308464 398957 305660 395354 303707 391990 305092 394278 2200
308945 400601 308288 398651 306955 397274 302665 391242 309481 401251 306105 395630 303150 392169 306979 397143 304600 393930 308329 398282 308548 398162 303974 393506 305603 395105 306577 396685 306350 395515 273524 354385 309430 399674 308197 397922 310781 403374 306099 396070 309634 400298 303439 392465 309794 401390 305598 395931 307636 397639 304993 394878 308970 399877 307428 397537 308401 399763 307650 398285 307779 398664 308019 398149 310760 402834 308470 399023 305590 395182 310551 401974 308614 399714 308354 398145 309285 400953 306565 396864 309438 400467 305118 394454 308109 398610 310182 401725 299961 388756 307917 398943 300693 389496 307020 397673 305868 395361 310076 402005 308326 399384 307017 397073 308491 398374 306589 397215 309954 401771 307504 398415 301408 389655 308641 398815 308875 399954 309205 400063 309419 400682 309078 400272 308990 398985 309161 400547 307323 397949 294154 381714 310221 400529 310282 401499 309239 401153 310317 400591 307682 397696 291473 377696 307912 398952 307695 397577 306084 395388 307031 398503 308262 398761 307185 397637 308033 397615 307135 396871 306440 397039 309424 400163 307239 397701 309514 400590 306396 395226 304814 393670 302678 391409 308070 398199 308111 398758 310878 402838 307297 396811 306438 395999 304259 393606 308616 400041 306473 396442 308045 399040 307186 397698 308486 399464 306800 396896 308653 399522 1998
307762 398445 306211 395264 309154 399802 312131 403992 304376 393685 309326 400843 308636 398741 308341 398603 309131 400296 310080 401512 310474 400970 309866 401271 305658 394867 309669 401024 308898 399698 308530 399371 311297 403168 308307 399612 309890 400745 308903 399322 300989 389618 308354 399146 307061 396577 295254 382450 281425 363687 309386 401076 310659 402045 308979 400207 232882 301636 307442 396392 306582 395729 306941 397899 310895 402462 307698 398569 306332 396459 300341 388487 309394 400350 307302 397609 308311 399084 302304 391071 310304 401679 311968 404663 309085 400420 308910 398860 309942 401304 309907 401335 307883 398295 301726 389857 220013 285218 303532 391886 311155 402087 306119 395465 310284 400675 308858 400552 307930 399057 306749 397416 303904 393167 309239 400423 308926 400518 311017 401752 308908 399144 308979 398864 308684 399392 309546 401311 302186 390754 311316 402876 309820 401111 306634 396622 310480 400886 310146 401877 306970 396951 308338 399166 306432 395865 303372 392097 307824 397949 293321 379481 310985 402972 308510 399520 292162 378331 307774 398591 305540 395358 309722 401016 306801 396853 233196 301950 309046 399412 308144 398816 294368 380646 304594 394276 308309 398668 309179 399256 303235 391810 311307 402370 303720 393036 302144 390740 310259 401740 304402 393143 309604 400993 307361 397966 310376 401176 308748 399757 2228
307902 398504 312402 404947 305931 395666 309191 400437 311308 403371 310895 401952 306014 396009 308036 398945 309245 400106 309375 400246 308457 399095 312055 404440 309972 400972 310215 401559 308512 398681 308256 398588 308554 398811 310001 400832 306568 397079 311160 402502 304771 394632 308730 399836 311820 403166 310533 401552 309110 400596 310579 402813 304410 393853 307949 397823 309624 400397 304381 393155 306618 397503 308380 399132 307125 397644 311266 403481 309953 399884 308451 398612 309250 400602 309958 400106 308334 399011 308148 397579 309710 401100 300093 388359 308071 399248 310038 400813 304027 393673 308817 399094 310688 401922 306069 396322 307669 398794 309226 400424 304055 393608 306980 396574 309339 400624 305762 395612 234699 303656 308413 399317 303648 392952 311609 403778 307264 397309 311600 403100 308376 398986 309226 401089 310726 401896 310870 402903 309626 400345 308652 398002 309409 399763 310483 401973 308793 399633 309871 401076 309493 399191 312235 404490 304889 395217 308774 399232 310714 402223 310437 401290 309662 400340 308235 398717 311032 402222 311605 403108 310284 401380 308316 399578 304590 394084 309051 399137 310450 401775 310374 401698 309476 400398 307849 399125 305905 395965 311275 401926 310449 401219 306643 395403 307077 397472 311828 402975 306126 395845 309649 400450 308877 399797 309037 399962 301794 390351 310119 401262 2133
312056 403165 279117 360647 311699 403802 310963 402415 309892 400723 311266 402058 310533 402612 310491 400806 312329 404092 303314 392228 309687 400449 308789 399527 311873 403627 304092 393385 307310 398060 310860 401834 309498 399790 309240 400282 310509 402598 308672 400024 307235 397205 302482 391479 310122 400264 309209 400423 310306 401958 305557 395262 308878 399778 306834 396732 311753 403890 310229 401738 310853 402507 310624 400844 311006 402793 311819 403567 311267 403457 308294 399198 310080 401509 309439 400868 309523 401098 310646 402237 310728 401471 310278 401596 310395 402177 305494 395968 310206 400734 312975 405743 303572 392808 308958 399953 311103 403162 311566 402915 301897 390672 309158 399499 310461 402193 308573 399729 308911 400143 309810 401260 309405 400644 304348 393633 312062 403907 308966 399868 310404 401990 310232 401377 310419 401011 310709 402518 310159 399915 312756 405268 311402 402103 313365 405686 304807 394707 312281 404007 311673 403057 311507 403413 312435 404129 308068 398365 311470 403656 311485 403373 309657 400972 310197 401979 309505 400535 302859 392057 311194 402613 313079 405679 305999 396427 309789 400884 308995 399832 312611 405155 281140 363325 312457 404242 310955 402203 311109 402338 311099 402508 313517 405076 283118 366314 307951 398166 304456 393986 311750 403690 307295 396715 311101 402165 310013 401221 308957 400082 2103
313567 406057 310072 400972 308664 399748 315945 408959 307134 397791 308493 399743 309330 400606 311515 403171 312437 404424 312427 404237 312686 403668 311401 403914 306775 397070 309357 400260 310744 401717 312521 404615 310127 401693 310015 400930 311170 402505 313125 405609 306281 396024 306848 396659 308376 399587 312925 404020 310132 400819 295941 383253 309699 400776 309522 400622 312574 404688 311551 402721 308354 398327 310259 402516 313759 405994 311629 403705 313905 406561 312277 404473 309653 400748 307935 397518 312022 403487 308176 398352 308942 400157 309797 400040 308814 399969 308462 399085 311019 402161 313209 405907 313081 404737 311062 401836 311993 403919 310596 401269 311624 403733 307812 397818 312320 405062 309012 399566 310076 400578 312120 402760 310829 401765 310343 401978 312087 404109 309258 399990 308317 398061 313309 405369 310270 401812 310276 401013 312497 404839 307520 397818 312792 405544 312228 404201 314396 407112 310762 401838 283493 365946 313497 405417 311699 403322 311487 402538 312693 404682 310125 400393 309418 400418 310380 400283 311037 402714 311550 402740 308016 398744 312793 405472 310512 401939 309845 400760 313371 405054 309166 400134 309312 399753 312272 403693 306966 397694 302487 391449 312898 404832 308199 399526 312567 403822 236024 305793 312491 404256 311395 402719 306055 396668 308682 399751 310681 402637 311607 403396 2236
310654 402366 310331 401059 308648 398048 313158 405365 313955 405899 312519 404308 314691 407469 312786 404707 315749 408809 308377 399680 311547 403847 314438 406854 308941 399620 311921 403854 305618 395274 313869 406035 311615 403148 312739 405310 297171 383809 311271 403086 310003 400500 312137 403499 312911 404536 311839 403686 302460 391141 310580 401570 313981 406732 312905 405286 297380 384958 314379 406875 311412 403536 312205 403906 313429 406219 313025 405037 315129 409113 308141 398668 311479 402757 306661 396237 310975 402740 311796 403871 312396 404628 311974 403627 312900 405037 310467 401867 309629 399852 311961 403677 313024 405649 312270 404539 310513 401759 311913 404921 313704 406044 311157 403429 311518 402840 309953 401416 312859 405660 313369 404992 312351 403843 298086 385236 311393 402399 309270 400215 312277 403780 309707 400983 309106 399442 312740 405330 313106 405499 310389 400731 312593 404791 307219 397642 309906 400179 309371 400191 310068 401214 306754 397485 311246 402777 313119 405586 312813 403901 311602 403307 311105 402137 313468 405634 311745 403012 313153 405796 314837 407100 312888 403544 311616 403488 311571 402455 313088 404921 312838 404224 310614 401417 311512 403138 311257 402887 308912 400078 308261 399430 307930 398062 309861 400754 312626 404126 311533 402544 309164 399412 303996 394083 309800 400595 312365 403803 311871 402848 2101
311683 403242 308785 399232 312186 403351 304360 393040 315247 408257 315276 407922 313525 406106 309185 400035 314392 405963 311953 404240 314394 406673 312597 404166 315091 407392 297428 385086 313635 404799 312605 405006 311770 403387 310119 401553 314390 406230 312147 403955 312331 404022 313868 406342 313952 406596 312694 403895 313574 405080 307375 397578 313408 405678 312844 404745 312581 405142 312756 405112 314857 407635 311996 404438 310228 401041 313763 405637 312706 404596 312643 405211 314441 406746 312049 404064 312777 405182 313677 405854 315836 409657 311967 403836 309314 400129 313913 405681 311407 403412 313638 406209 312158 404072 310782 402351 311754 402932 313551 405661 312268 404680 313260 405442 312764 404620 311798 403263 310659 402697 312177 404149 313183 404821 310418 401802 304045 393120 311317 403231 316020 409094 310116 401035 311202 401824 310318 401282 312849 405455 313035 405457 312692 404793 310205 401614 310407 401607 311341 403245 314380 407310 312843 404582 311841 403022 310685 401137 312122 404259 307554 397848 307061 397500 311057 402176 313554 405835 311203 402983 306608 396942 309353 400342 314672 407722 311744 403382 315649 407793 312341 404768 312703 404300 312376 404956 312473 404709 313013 404286 310761 401978 310842 402680 311758 403652 312774 403498 308747 399900 304996 394615 312097 404378 309741 400208 315662 408834 311231 402820 2084
314220 406308 314725 407174 314641 407805 313171 405117 315113 408281 309116 399967 316867 410645 316759 409577 314874 407278 313971 406522 315551 408521 308451 398665 313229 405761 316090 408876 315318 409049 313842 406424 312950 404226 314186 406003 312391 404451 307549 398044 313603 405927 311291 402367 313023 403960 314443 406761 308768 399957 311756 403016 314363 406665 315630 409019 310795 401812 311474 402132 310908 402549 310530 401811 315655 409346 314362 406371 315244 408464 312156 404319 316136 409757 316685 410048 313483 404735 313426 404917 303531 392506 313331 405584 311929 403348 315121 407892 307291 397273 314180 406324 314612 407702 314613 406788 314724 407848 315233 407474 312875 405480 313319 405048 315426 408906 314602 407708 312879 405623 313220 404071 313702 405702 317030 410715 298722 386089 315257 407787 313569 405967 312882 403923 312610 404343 315899 408056 312650 405401 237683 307797 314270 407076 315153 408318 315534 409199 315371 408119 310725 401845 314933 408139 308527 398421 293645 380339 310109 401473 313598 406235 306550 396617 312390 404755 310263 400834 314817 407438 311006 402090 313166 405578 314302 406767 317194 410622 303827 392658 309635 400507 313509 406121 295676 383543 315222 408206 313184 404337 313276 405852 297296 384414 313151 406235 312906 405816 312735 404769 311644 404010 308770 400555 315481 408527 314473 407551 316110 409463 2270
312516 404383 313302 405649 303932 393437 313683 406336 306960 396540 317720 412001 314511 406542 310950 402914 312798 405204 312303 405167 311158 402376 312151 404150 314311 406299 312930 405723 311284 402128 313986 405308 316698 409190 308458 398366 315672 408260 312702 404320 312370 404594 316400 409397 316226 409052 313544 405049 314049 406477 316338 408156 316380 408651 318407 413640 315743 409332 314748 406539 314186 406856 316356 410153 314026 406328 314596 406389 314517 406754 294634 380848 313773 406077 312381 403885 314508 407116 315753 408787 313736 406015 312365 404292 315492 408145 317427 411740 281835 364073 283825 367675 313914 404905 312164 403820 313493 405735 317014 410471 318135 411791 314432 407013 317224 409941 313333 405625 315178 406803 313704 406613 316853 409949 314657 407133 311643 403109 314023 405887 313022 405512 313484 405445 312084 403437 312366 404505 309736 400534 314797 407897 313299 405472 313607 405529 315232 408266 302333 391300 313389 404435 313669 405688 306976 397909 315451 408629 314025 406999 316560 408599 316927 410321 313332 406160 314478 406992 314771 408023 316174 409007 314102 407213 314268 405679 315482 409115 314769 406527 311110 402862 310831 402838 314112 406578 314708 407018 316927 409518 312686 404317 314504 406592 314910 408052 317093 411514 314753 407004 315113 408302 298990 387354 313343 405912 310189 400144 304668 394639 2213
315404 408833 314409 406676 315287 408316 317297 410790 315611 408558 316106 409475 309494 400325 317315 410703 311246 402732 314082 406811 312282 404185 314746 407900 315280 408246 315089 407423 314284 406950 313800 406818 314539 406520 316923 410820 317066 411109 316034 408985 309123 400254 315669 408766 313037 404652 316442 409534 310492 400662 317594 411362 314229 406199 316596 409658 315374 408959 314338 406927 313624 406562 316778 409553 317144 410600 315860 408766 317983 411538 316181 409431 314266 406933 316258 409748 313085 404382 311528 403227 315781 407891 312704 404060 315116 407075 310920 402256 311687 403371 314002 406860 316471 409145 314923 406583 316088 409491 315647 408474 314681 407213 317640 411387 314765 407537 308319 398823 316863 410210 304511 393976 315113 407444 314800 407065 307858 397930 315868 408230 315790 409020 315672 407888 240409 311970 317410 410287 312452 403972 317480 411684 313480 405722 315671 408021 316626 409438 317720 411614 312956 404130 313934 406456 317786 412118 310003 400864 316176 409794 312757 404257 316060 409578 316236 409661 314376 407869 316335 408934 316561 410309 315496 408981 315593 408188 315604 409379 310110 401624 316873 409286 316317 409320 314012 406880 315105 407627 315226 407113 317769 410987 308471 399406 317697 411557 316917 410543 314107 406481 313891 405456 317630 411628 311341 401896 306276 396031 314044 406756 2316
316605 409059 317777 411332 317649 410404 316852 410447 318151 412033 315638 408118 311758 403617 318610 412632 313170 405399 314238 405237 314505 406784 317990 412402 306770 397264 319302 413276 315203 407244 317871 411398 315693 408359 316587 410324 315030 407428 307475 397688 312490 404334 313177 405143 317593 412059 318152 411910 307871 398769 313104 405176 316689 410229 315386 407881 316115 408286 315814 409033 318185 412000 311731 403370 317047 409186 314655 407443 314041 406484 315742 407938 317338 411259 316121 409676 317774 411867 314196 407011 315634 409065 317017 409603 315889 408830 316074 408961 317439 409975 309809 401166 317895 410997 317970 411659 317217 410849 301723 390974 317045 410631 314149 406564 314958 407676 317738 410127 318514 411760 313820 405929 316971 409170 319268 413527 314238 406413 306747 396818 317683 411885 314895 408000 314855 408037 316639 409845 315093 407301 315376 408035 317259 409931 317147 410837 311809 403563 314377 407274 315619 407711 315008 407091 298510 385771 318034 411426 315257 408331 315461 407720 309273 400435 316995 410721 313621 405188 317397 410515 313182 404782 313865 406225 313854 406747 314352 407080 316841 410421 306001 395172 302711 391789 316428 409206 317609 411111 318124 412589 315276 407960 315363 408462 314895 407436 313579 405747 317599 411057 316786 410387 316593 409081 315802 409137 313413 405203 313188 405381 2170
317410 410962 316067 409370 315225 407884 314635 406886 313866 406104 316762 410196 297873 385972 307980 397054 316461 410139 317297 410222 316689 408718 315320 408035 319451 413218 313144 405559 315252 408427 316111 409099 316554 410162 315867 408367 318035 411956 316125 409570 313213 405419 316802 410843 312685 404506 318023 411400 315633 408810 313129 405647 318805 412687 315665 408205 315631 408633 314014 406605 315875 408707 317519 411064 315680 408492 315790 408047 317164 409227 318340 412077 318444 413059 239557 310059 318774 412410 315676 409130 316987 410524 310709 401524 315382 408712 317897 411771 316710 409891 314581 407010 319089 412360 319046 413705 314814 407220 313655 406395 316021 408701 316825 409589 317282 411217 304081 393514 316517 409690 306119 395262 318418 413174 317454 410331 317146 409981 320194 414142 317440 411181 313154 405444 314388 406705 314602 406678 319132 412638 312675 404151 313834 405955 317206 410723 311750 402950 286254 370754 315052 407800 315814 408547 316027 408711 314238 405571 316125 407959 312284 404134 320234 414960 316456 408593 315959 409026 315049 407496 317109 411332 319260 412857 316924 409422 319574 413296 318461 412692 314495 407948 317474 410972 316038 408788 316621 410376 313170 405699 310049 401789 314566 407598 316930 410378 319700 413319 314471 406212 314706 407308 319074 414074 316887 409836 316655 409523 320005 413017 2123
301638 389934 314972 407754 316764 410085 318347 412238 309712 400801 315747 408370 312676 404244 311140 402698 316504 410107 318143 410919 316033 408869 317637 411401 315228 408250 318373 412444 301830 390295 318164 411974 318883 411694 321046 416179 311921 403400 313946 406137 318076 411776 317423 410254 316557 409775 317321 410455 319608 413266 318884 412267 317806 411843 317135 409593 320011 414576 317704 410091 283943 367282 320147 414802 316801 409423 317277 411111 314191 406431 318734 411716 319124 412421 315999 409349 318745 411878 318977 413171 319773 414338 318281 411150 316689 409821 317042 410472 317470 410861 317331 411047 317356 411134 319164 413012 321000 416084 317113 410506 316338 409858 314021 405655 241256 312679 317319 410103 317919 411662 319684 413980 317518 410832 320863 415571 317178 411559 316550 409896 311132 401801 317488 410729 317773 411541 316819 410323 311273 403126 319447 413672 318872 412733 315395 407776 315488 407293 317335 410757 319810 413503 317128 409975 318881 412683 289290 374571 315643 407489 314960 407620 317668 411666 321020 415735 316240 408600 316963 410844 318780 412594 316192 408799 315851 409061 319441 413782 320891 415319 313854 406286 311945 402474 318027 411376 315518 407998 313890 406575 315267 407312 316385 409136 316607 410726 316341 410281 315176 407582 319191 413761 297936 386316 315060 407838 318318 411875 315890 408952 2146
317245 410609 318336 412256 320029 414354 319725 412563 319291 413018 310871 402244 316603 409881 320132 414372 316100 407605 321196 414427 319335 413137 315862 408835 318639 412412 317834 410767 319144 412521 320247 413619 311626 403165 309956 401110 321092 416350 320476 414506 318239 411365 317822 410696 316568 409947 319446 414011 317118 410647 317589 411677 316686 410288 319668 413932 319107 413528 317815 412081 316775 410889 312386 404085 319137 412233 317468 410705 319460 413723 319565 413485 315152 407984 315040 407997 313752 406087 320476 415383 317660 410930 319297 412338 318813 412115 319434 413702 318806 412947 318598 412065 318589 412653 318969 411602 318959 412932 318626 411540 314152 406272 320326 413782 318261 411684 318999 412912 313367 405395 319402 413804 321195 415293 322317 417520 317710 411921 319547 413895 316788 409960 311432 403820 314973 408001 318508 412487 321830 416823 320845 415560 319537 413234 317961 410931 315910 408915 320508 415675 316178 409115 320054 414427 313173 404916 281301 363636 317745 410149 320455 415508 317952 411358 318770 412352 315877 408795 317917 411433 315777 408360 321022 415996 318316 412381 318295 412131 320391 414690 320466 415110 317714 410867 315832 409536 319246 413262 318479 412386 321679 416157 317940 412053 318034 411429 310699 402135 319468 413395 317841 411879 318659 412480 319195 412816 317813 411359 312776 404510 2233
316000 408535 318356 411837 318644 411826 318890 413578 316276 408697 319168 412403 313818 405919 318568 411815 320001 412852 319503 413709 318774 413362 317558 411120 317780 410494 312970 404374 318295 411523 320179 414294 321063 415674 319035 412808 316933 410376 318454 411993 320101 414542 320612 414706 320646 415269 317164 410098 320078 414123 314327 406691 317026 409487 321826 416512 321381 414756 323103 417931 318384 411603 314063 406217 318180 411666 317262 410638 317650 410681 320584 414560 320560 415162 318304 412444 315396 408212 319818 414169 318150 410925 319739 414306 320811 415551 320394 414994 318404 412036 322797 417828 320184 414142 314852 406609 319695 414045 319166 413384 289730 375079 316485 409117 314128 406333 317953 411723 321442 416583 321461 416798 321867 416431 320534 415034 318412 411922 323842 420272 318272 412398 320131 414214 315678 408752 320106 414235 317206 410742 319701 413094 318832 412597 311268 402177 315849 408508 316616 408991 317897 412534 319914 414612 317195 410065 318338 412606 307239 397437 318568 412119 317076 410437 318650 413349 314993 407327 302210 391289 320386 415185 319691 412895 319975 414587 304210 394284 319384 412432 313948 406936 320676 415341 319149 413391 319023 413053 321161 414653 320670 415656 289290 374097 289804 374161 321648 417290 320238 413537 318132 410829 321791 417126 318139 412154 315931 409370 318427 412297 2138
320417 414260 322663 417470 319320 412754 319990 413384 318098 411471 319447 413672 322996 416846 323495 418866 320744 415298 320950 415026 319033 413136 320069 414152 304806 394026 320330 415124 320018 412896 319168 412720 315679 409012 320220 414490 318532 411965 319753 413410 320335 414840 324262 419931 322362 416557 316126 407512 321059 416161 321015 414276 320886 416085 318955 412636 319484 413161 318575 412681 322261 417682 321795 416650 322929 418029 322319 417068 318815 412592 321088 415853 318889 412272 318732 412319 322114 416626 310959 403035 321009 416153 316950 410029 319069 413132 320734 415251 318342 411559 320421 414861 317356 410251 321662 415841 320545 414857 317583 411084 321075 415705 319402 412883 319591 414355 321764 416460 319034 412846 322272 417507 319348 412504 319156 413124 320881 416248 319821 413631 298753 386553 320544 414883 288828 373452 317437 410966 320803 414832 319080 413090 318739 411750 320224 414278 319556 413150 321715 416225 319327 412829 323255 417963 320425 415042 322011 417408 319616 412405 290041 375352 321379 415931 323588 419335 317768 410617 317951 411824 312775 404794 319502 413264 321624 416712 323447 417657 322641 416762 319530 413835 321462 415902 319698 413132 323180 417804 325021 420913 227929 294746 320536 414769 316938 410855 318094 412034 320208 414029 313956 406365 316551 409449 319322 413162 321824 416684 320171 414359 2222
314602 407132 319974 414090 322448 417694 321582 415584 321046 415894 320626 414217 321042 415903 321569 416729 318649 412816 318885 412545 321502 416358 322209 418358 316606 409341 317170 409979 324186 419305 320456 414330 315232 408323 321704 415509 315757 409266 321314 416077 318353 411546 323017 417136 305522 395193 320291 414021 319181 412718 321155 417042 318204 412935 318713 412763 322991 418205 319221 413623 317916 411816 317118 410671 318545 411532 315231 407866 321409 416004 320675 415515 320857 414014 315776 408859 319063 412507 318174 411104 320638 413652 316876 410292 322929 418357 320690 414180 317589 411396 321125 416521 314944 407590 318595 412421 318803 412428 318930 413063 317382 410025 321502 415354 319079 413221 320319 413109 318472 411670 323009 417121 321525 415442 305471 394995 322521 417645 320532 414600 322913 418711 319864 414653 322782 418760 317804 411352 313261 405055 319979 413919 318431 411601 321068 415563 320655 415724 313321 406068 321028 414634 319124 414443 320315 414448 317555 410957 321070 415120 323975 420152 319328 412723 323331 417715 321774 416284 322007 416910 321805 416779 316714 409891 316868 410250 323642 418822 321389 416427 319519 414145 317671 410739 320512 415209 319508 414118 322954 418167 314898 406372 321811 416762 322289 416531 320926 415272 321395 416158 319120 412455 314840 407003 321893 417325 321756 416111 321061 415716 2351
324311 420124 318389 411695 320510 413810 322306 417209 324432 419865 321198 415390 321188 415769 322569 417614 320847 415525 320863 415503 322830 418383 319592 413721 321785 415989 318994 412897 318060 411202 315990 409215 321650 415995 320761 415666 318680 412664 320566 414721 321139 415998 322717 417306 323294 418413 319828 413730 322703 418118 322669 417750 305699 396219 321768 416413 324380 421064 317747 411325 321865 415698 318733 412949 319508 414124 320718 415484 320954 415477 321800 416971 321324 416277 319421 413981 243431 315200 318243 412049 321527 415816 320791 415397 321653 416478 304238 394125 320269 414789 318007 411445 321717 416042 323811 418770 324386 418637 319446 413571 320710 415575 320751 415453 323323 418773 321709 416308 323648 418627 323845 418353 321551 416570 321179 414866 313928 405850 321887 417627 322740 417925 323138 419181 322219 416724 321595 416806 321964 416554 321046 415887 322130 416870 324289 420067 322421 417750 321271 415668 321281 416012 315380 407526 323575 419072 322617 417757 314168 406923 322580 418427 319178 412933 318628 411399 324121 420105 321169 415598 322266 417333 323506 418103 321654 416568 324201 419733 319773 414029 321373 416426 319804 414117 321744 415327 321326 416110 319728 413194 317149 409923 321344 416863 323775 418538 322877 417634 320019 413596 316863 410493 324182 419436 320343 414661 321856 416525 323426 419034 2309
320997 415299 323515 419359 322947 417190 322123 418049 323178 418378 321780 416606 321821 417641 320500 414546 322008 416672 312686 404227 321308 415558 321754 416571 306983 397159 325488 421545 325082 420471 323462 419087 324549 420207 323460 419484 322181 416196 324672 419111 318654 412551 321734 416135 324331 419607 322340 417121 325890 422260 321413 415346 321508 415077 321947 416038 316081 409774 321539 415392 324204 419034 322634 417768 322534 417267 322711 418181 321878 417096 320517 414774 324098 420135 323239 418625 316976 410358 324764 419844 322278 417122 322720 417441 324695 419791 294709 381286 319801 413229 323549 419141 321321 416228 244804 317028 321789 417004 321611 415595 244470 316473 321983 417272 320549 415218 324668 420557 323038 418076 320749 415261 306328 396975 321780 416104 323540 419487 325102 421094 323216 418248 323130 418216 324080 419235 325156 420689 318361 412363 320875 415587 319785 414251 319528 412786 323468 418268 324861 420849 322710 417615 325023 420432 321484 415629 323410 419876 323687 419159 322108 417109 316677 409044 324380 420155 324105 420401 310583 401882 323481 418822 322250 417891 314848 407773 317923 411977 314898 406709 322914 418417 321715 415802 322001 416699 322398 416103 321789 416420 320116 414247 322066 416175 322534 417867 316513 409398 317293 410385 320748 415040 325365 420925 321849 416379 320612 415525 318060 410812 2307
320810 415226 327042 423475 323139 418422 320925 414992 247064 319729 322764 417666 323543 418149 318807 412207 321201 415287 324541 419288 323628 418745 322836 418066 321122 416246 326340 422638 322111 416623 324070 419763 326274 422452 322999 418627 325289 420123 323390 419195 322366 417893 325536 421008 325818 421041 324662 418961 318191 411253 323961 419044 322595 417525 323367 419005 320016 412921 324216 418912 322719 417623 325206 421122 325362 422003 321665 415747 324103 419529 321404 415959 325071 420529 321995 416559 325865 420908 322329 416831 325115 421229 325247 420400 292871 378529 323792 418840 323272 418927 314209 407369 323808 419260 323534 419604 321075 415714 323454 418119 324761 420685 320644 414664 324426 419351 322737 418564 322579 418288 323098 418515 323395 419077 322897 417106 324163 420265 321744 417093 323491 417837 317491 411140 320417 414769 325170 420659 319849 414147 317246 410587 325135 421349 325809 421495 323355 417425 324921 421001 314240 407074 319157 413904 322718 417744 325937 421486 325692 420871 317059 411072 323083 417340 308990 399877 322135 416973 325918 422329 321973 417131 322210 416189 320799 415032 325233 421221 324077 420285 321299 415888 321797 416300 323228 418655 326272 423231 319135 413211 321953 416040 324272 419865 324608 419934 318784 412941 321881 415876 322568 417280 324261 419123 317622 410759 323819 419316 323847 419231 2316
324682 420796 318551 412750 324366 420577 325780 421855 325450 420890 327437 423726 325469 420538 292828 378870 325553 421475 323912 419487 320412 414149 327204 423480 321795 416337 324639 420363 317023 409810 323277 418522 318437 412131 324392 419998 320669 415403 324554 419652 325220 420892 322560 417771 321457 415849 322431 418095 322268 416852 323583 417332 322155 416327 319865 413566 325222 420322 325338 421565 326400 422920 326133 422538 323671 418220 322622 417791 321745 416104 325832 422215 325252 422221 322717 418040 324352 419821 325297 421001 325768 422672 320327 414374 321221 415169 323922 418867 316854 410409 322753 417640 293042 379366 321598 415896 325823 421585 324107 420259 293241 379572 322278 416307 325598 421630 321499 416109 321938 416508 323379 418996 322585 417110 324825 420206 314544 407085 321816 415932 324049 419108 324535 420395 325506 420562 321236 416611 325358 421690 323980 419417 325010 419997 321694 416381 321479 416710 326912 423121 323769 419156 324294 420252 318928 412788 323236 418558 326235 423126 324751 419816 322598 418136 324583 420916 324869 420839 320702 415423 325295 420057 320607 414731 325152 420305 323908 419165 326617 422578 325311 420784 324079 418909 322725 417636 326076 422084 323225 418055 323769 419718 323513 418172 324618 420415 321231 415819 318257 411422 325140 420420 295550 382810 325320 421411 325098 420946 325044 420382 2204
327997 425114 327324 424756 328093 424797 321114 414522 323597 418946 295059 382807 322780 418128 324326 420377 326115 421482 325747 420685 326293 422773 327885 424214 326648 422901 326368 421655 322064 416002 324958 421288 309864 400489 325270 421023 319344 413535 324633 419830 322616 417165 327348 424047 324333 420307 323264 418412 324076 419835 321037 415344 324641 420731 327099 423314 322812 417520 325025 420839 323608 418924 324017 419232 324621 421064 322499 417887 327182 423878 327396 423127 326063 421868 315834 408866 328409 425523 327560 423539 324659 419178 325857 422280 326591 423027 322731 417154 309492 400844 327146 424277 323077 417845 323142 418844 326724 421858 322674 417426 325787 421768 326924 423818 327646 423923 324552 420719 325919 421329 325711 421701 324087 419320 323551 419134 325751 421331 323577 418173 310504 401178 325423 421038 317987 412402 325831 421166 310004 401883 296079 382740 320198 414951 325379 421340 325354 421522 326196 422710 323430 419017 322545 417014 325267 421585 327402 424152 326809 423195 323373 419127 328518 424533 324243 419788 325387 421544 324701 419954 324492 419633 293524 379795 296559 383748 326335 422454 326834 423176 327060 422786 327992 425305 325029 421126 322961 418535 326024 421448 322364 417548 324064 419008 323521 418938 323061 418033 324312 420189 319225 412384 327687 424419 324137 419113 322777 418226 324008 419413 2274
326528 422115 327031 423859 320441 414748 325335 420813 322235 416889 321267 415582 323325 418891 293584 379878 326983 423279 328947 425622 325262 420211 326909 423563 323879 420375 326267 422495 324444 419457 321147 415723 322932 417687 326667 422585 325908 422388 326158 422650 324546 419707 321097 415560 324975 421280 323071 418089 327102 424126 325201 421255 327373 422535 327031 424228 325709 421693 324664 419728 323747 419408 326157 422050 326476 423048 325991 421383 320224 414040 324886 420655 324532 420685 325363 420561 323125 417051 307040 397287 326701 422792 327791 424340 324053 418727 326420 421812 325009 420343 328187 424987 323297 417970 326943 423209 324764 420098 324798 420067 325875 422263 324262 419847 326178 421449 328266 426130 327128 423956 312863 405657 324331 420248 323199 418523 324573 420225 324975 419900 324657 420963 323821 419367 327939 423798 325938 421972 325975 421625 326984 422658 322698 418115 325741 421046 323002 418150 319446 413276 326783 422819 323331 418353 319946 414529 326820 423271 326229 421853 320231 413995 323752 418881 326643 423423 328247 425076 327399 423853 314166 405657 326373 423476 322343 417612 327030 423448 329865 427442 327929 423731 324626 420282 322912 417784 324156 419772 322765 418232 323079 418243 328231 425313 328300 424895 326968 422608 329047 426802 325407 420992 321832 416464 292867 379296 324901 420120 320404 413652 2300
325468 420869 321770 415473 325890 421981 318894 411753 328376 425674 329262 425930 326945 423408 327412 424279 325939 422873 326729 423622 319760 413538 324217 420367 326020 421915 327094 423447 325189 421213 323286 418294 327032 423322 325057 419738 322858 418312 327908 424698 326348 421863 327858 423879 324837 420296 293882 379457 325409 421095 321213 414906 323802 419014 325715 422150 328517 425911 325482 422309 327374 423094 298772 387105 323788 418900 329043 425835 325340 422418 326017 422288 323956 419451 325738 421985 326645 421815 326021 421415 327365 423385 328101 425051 316346 409982 325723 421434 327677 424344 326342 422669 325437 420786 326971 423001 325998 421426 328997 424785 293529 379981 327426 424584 326854 423216 328023 425708 322960 417870 326337 421958 324055 419888 329246 425932 329946 428085 328073 425036 326433 422464 327239 423671 327135 422998 328131 424352 330082 426719 324001 419120 326487 422047 327862 424288 327327 424032 324572 420564 323114 418345 324578 420622 320914 415071 323824 418972 323959 419330 325427 421045 326573 422391 321027 416566 323335 418515 325553 421217 325017 419487 325787 422052 324250 419012 248925 322703 328235 425108 326620 421811 321465 415590 325343 421380 322580 416948 324281 419980 323398 419218 325393 421388 324539 419377 327104 423957 327833 424470 327575 424258 328039 424103 326032 422550 325829 422084 324435 419911 2295
326155 422515 326423 421783 328062 425151 328121 423367 330462 427984 328146 424967 329242 425248 329853 427312 328459 424784 318614 412155 325756 421455 318927 413589 328257 424531 328442 425118 326502 422619 329371 426026 326060 421398 330531 427703 328587 425238 325913 422191 327023 423367 327821 424089 329049 425557 327383 423273 328311 425056 321758 415709 325344 420228 329176 426360 318587 411409 325141 421609 327204 423467 328528 425088 330349 427822 296771 384825 325406 421118 327533 423145 328567 426502 324918 420348 323946 419308 327896 424525 326075 421303 326831 423090 327329 422094 323668 418915 328297 424686 329245 426212 322446 417918 329821 427434 326778 423257 330088 428020 326838 423110 322238 417394 327225 424630 321352 416003 329218 426769 327008 424097 327749 424608 327955 424505 329346 427651 329031 425958 328659 425734 328146 424015 329397 427311 327483 423077 330608 427508 328159 423978 330040 427651 327535 424572 329516 425960 327087 423441 321172 415377 330722 428745 327188 423222 326367 422386 326813 422510 324601 420557 322933 418479 330290 427187 328731 425299 326642 422731 327340 423973 326868 423406 321676 416186 323936 418635 327222 423644 326421 422591 328357 424579 329487 426463 330018 426789 329638 427182 328339 425359 326680 422323 328168 425249 327635 423440 322132 416900 329079 426254 326087 421828 326782 422548 325847 422152 326415 422022 2321
322989 418665 328349 424708 330655 428582 326661 422841 330959 428482 325852 421815 330064 426891 328466 425466 323276 418657 327637 423783 328793 426213 330122 427712 326523 421743 322612 417255 330303 427502 316065 409152 326675 422197 327770 423650 330045 426996 328057 424384 325471 421184 328225 424373 318131 411040 322875 417952 327944 424583 326765 422735 329807 427638 326748 422478 329122 426103 324190 418754 328190 424464 326350 422393 330256 427585 330975 428722 330729 428129 330389 427004 325817 420388 330152 427871 321828 416199 330357 427548 328021 425294 327580 423713 326869 423350 324488 419375 325729 421831 328970 426290 328474 425697 320347 414611 318467 411759 330446 427421 327904 424341 327457 423734 328865 424934 327016 424069 331313 429070 330394 426719 325887 421783 328055 424701 327988 424479 330207 427163 329734 426525 330201 428006 322893 418241 318955 412782 325980 421455 330430 428905 322871 418299 329039 426185 328048 424580 329868 426957 330862 428561 328419 425022 328482 425796 325471 420917 330156 427720 328569 425485 328607 425342 329471 426001 330620 427878 328877 426395 328086 424885 296998 383410 327199 424182 327750 424358 324125 419034 313942 406657 318760 412665 328022 423838 327113 423036 329823 426585 315792 407517 328545 425387 327224 422482 327282 423793 331813 429114 329681 426181 327657 423650 321485 415116 329870 426653 332555 430267 2308
330062 425964 332836 431077 326444 422923 326780 422597 327554 423478 327236 423586 327587 424007 328519 424848 330416 428527 329982 427339 332209 430158 329532 425421 327647 424049 331431 429245 313460 406045 324791 420012 328195 424686 331099 428940 330759 428344 330590 428453 298808 387105 329168 426402 326137 422551 327206 423307 327341 423495 330411 427316 325852 422007 327060 423225 330924 428858 328442 425286 327618 423643 326407 422607 326837 422670 329339 425961 329839 427182 326113 422125 330493 427677 330066 426831 328062 424383 312132 404441 326285 422096 311517 403366 330859 427201 329229 426670 325738 421424 329634 427248 327521 423369 330643 427599 331165 428414 330907 429398 315201 407556 327777 424214 329477 426052 326500 422113 299196 387398 328630 424393 330833 428204 327535 423947 323573 418828 330086 427433 329815 426634 331071 428176 330056 427279 329753 426504 328602 425463 329316 427064 327487 423653 329198 425402 330472 427452 323812 419189 326555 422940 330060 427168 329108 426263 328826 425440 329692 426145 329044 425838 327658 422937 333425 431779 326596 422559 327945 424752 326479 422333 330072 427588 323775 418532 330835 428170 327009 423546 330083 426602 329821 427430 329663 426649 330471 427028 328014 424961 330289 427016 331326 428174 330376 428216 332054 430197 326893 423264 328573 425845 331095 429000 328952 425657 329062 426392 329901 427442 2262
328418 425093 330531 427299 322628 417554 330993 428943 330506 426854 328911 424422 326121 422540 329825 427070 333118 431235 324284 418405 326652 422164 332562 429661 330327 427964 330264 427294 332486 430410 331337 428515 329755 427170 330557 428067 329654 426130 330288 427952 327054 423343 331944 429976 328532 424657 332563 430149 330963 428832 326287 422779 327140 422991 330587 428392 331246 429196 332463 430618 328529 426194 329072 426597 327169 423597 334326 431874 329644 426745 328259 424740 333574 431734 332441 430595 330325 427251 330077 427254 327230 422562 323341 418096 331413 429193 328289 425042 333180 432035 330892 428038 327945 423469 330805 427714 331433 428895 331894 429583 327830 424187 330576 427547 331467 428863 328935 426846 330166 428383 328185 424156 330896 427281 333645 431754 332210 429408 329489 425856 329134 426031 334246 432664 330483 428004 332483 431391 321200 415424 328459 424343 331566 429316 329646 426728 327604 423782 332761 430151 323427 418383 330514 427636 329231 425552 322970 417874 326594 422429 330593 427187 327652 423295 333241 430276 330441 428252 329378 426619 331628 429741 329618 426987 331268 428970 327944 423767 332402 430905 329006 425675 330944 428476 330726 428504 332814 430337 330806 427703 331058 429119 247776 320463 326850 423923 332597 430321 331223 429436 332375 430034 319389 413204 332684 429877 326787 423120 328509 425680 2424
330301 426986 330114 426259 330233 427162 330133 427267 331345 427847 329850 426520 333468 432484 326920 423242 333655 431908 325971 422151 330575 428120 331372 428514 329220 425893 331471 429659 334102 431600 331775 428768 330646 427559 330471 427843 329863 426076 330062 427169 324732 420050 329512 426000 330617 428733 327256 424272 330582 427763 330851 428286 327106 422879 299029 386191 326585 422657 328885 424881 331948 428655 330861 427454 329091 424434 329509 426283 329825 425778 332080 428841 326228 422164 330920 427651 330157 427035 330266 426806 328377 425623 332963 430481 331943 429955 332106 429994 329179 426036 328168 425361 250143 323834 326432 421869 330232 427655 330188 426578 330193 427216 320673 414834 328451 423978 303572 392646 327180 423415 331735 428828 333424 431104 330679 428246 297193 384339 330208 427969 332257 429151 328746 425385 331578 429246 330651 428507 332512 430577 331809 429294 333719 432331 327833 423567 331912 428860 326979 422498 327501 424055 332664 429986 331998 429680 328436 425495 331250 429367 325067 421025 328918 426637 327992 424824 334745 434375 332195 430356 329375 426047 333002 431281 330109 427582 332375 430139 331250 428727 329667 426738 332227 429577 328868 425088 329239 425177 330770 428864 332886 430882 331613 429019 328210 425437 327967 424709 325774 421197 330299 427496 328813 425426 330265 426665 328815 425081 327631 424205 2316
326346 421659 332807 430652 332105 429876 334050 431899 332219 430981 331729 429459 330335 427790 328766 425819 330996 427547 321213 414767 332328 429776 333612 430992 332425 430748 326044 422328 251535 325563 329965 427848 332917 430180 327838 424855 330839 428046 332270 430138 330563 428377 330933 427862 331153 427899 333570 430865 331354 428297 331854 429710 328849 425140 330402 427608 323733 418083 327996 424607 330900 427298 332471 430155 319474 414032 331536 429314 332138 430250 330973 427562 327830 424103 332689 431211 329882 427260 330567 428401 331891 429342 332524 429341 335619 434581 331220 427854 327825 424277 330707 428256 333961 432340 331696 428228 331991 430001 331503 429038 333952 433271 331051 428910 325265 421304 328530 424681 331920 429199 328234 425625 331238 428657 332499 429412 330819 428713 328411 425588 327539 423644 326813 422971 329028 425890 333112 431645 331762 429620 328386 425048 333492 432027 323428 418677 329888 426305 332771 430012 330603 427797 326584 422340 329050 425816 332938 430098 332177 429382 301095 389644 333607 431494 327186 422905 330386 427598 333521 430880 334162 432940 326663 423026 330207 427141 329982 427443 328406 424885 333981 432497 330385 426645 331877 429076 326963 424142 326696 422338 332842 430257 333742 432380 328679 425270 330694 428224 332475 430060 331334 428379 329896 426631 333622 431357 325636 421324 331483 429330 2327
333251 431191 331421 429198 334975 434086 334402 431622 338184 437555 332038 430289 330900 428121 332835 431331 318434 411820 332301 430114 331138 428185 327440 423747 335372 433711 334666 434059 323605 418543 331131 429164 333894 432872 332814 431145 334637 434273 332481 430299 331112 428193 335995 434346 322689 418286 334067 432495 334852 432849 326533 422004 322180 417216 323897 419557 331032 428748 325407 420480 333289 431442 328121 424510 329866 427673 329443 426130 336088 435657 325060 420100 334341 432439 333597 430910 334667 434232 333641 431765 332941 431479 332045 429045 334266 432793 330791 428176 333431 431123 332768 430199 334194 432926 333079 431688 332792 430605 331393 428379 328410 425126 334407 433365 329016 424977 332424 430272 329800 426824 332680 430421 331605 428810 331821 429434 329072 426114 325967 422078 329256 426897 326572 422257 334237 432203 330190 427124 329871 427272 333371 431150 330948 428414 329793 427407 332190 430068 331549 428720 333605 432208 331844 430566 332191 430139 333541 431510 332761 430202 334451 432317 331211 429517 331128 428654 334085 433773 326463 422594 328824 425133 330508 428451 328750 426034 332731 430084 330812 428371 333769 432858 332567 429589 331522 429580 332283 431004 335818 435727 333386 430831 333008 431196 331717 428761 332900 430676 334074 432896 330372 426803 332490 430462 332884 430535 331503 429657 333838 432110 2465
333256 431691 335608 434214 331901 428718 335702 435229 331434 429235 334230 433144 333748 431907 333692 432317 332284 430040 332377 430782 333270 430939 332638 430512 332637 430325 330890 428361 329839 427074 330026 427317 327892 424134 326720 422945 329342 425832 334939 432756 334705 433386 333715 431855 336778 436418 334261 432982 325176 419965 333018 430635 330871 427705 333376 431793 331356 428765 327356 423150 331861 429903 332559 429960 335138 434149 329413 426208 335301 433726 334147 431889 331383 428559 333907 431446 332311 429633 334595 433665 336501 435555 330505 427466 331950 429763 333825 430903 333504 431978 332838 430075 335877 433946 335572 434566 334584 432918 334614 433636 330112 427562 327093 423926 335207 433715 334853 433449 334861 433628 334756 433466 331892 429755 330452 428109 326473 423415 330997 428334 332240 429550 332420 430296 332396 429759 332305 430089 330166 427574 332274 429760 332486 430245 335271 434456 332209 429125 329524 427106 336173 435215 332381 430119 331252 429130 332518 430393 335013 433190 333177 431444 332548 430869 336432 435338 335513 434813 332180 430478 335735 434891 331905 430123 328898 425133 333641 432071 330155 426317 335302 434104 334113 433362 335592 434331 330129 426221 336961 435216 337482 436215 331274 429047 332579 429940 334780 433514 335347 434029 336455 435177 333976 432847 326430 422383 328431 424434 330272 427773 2376
332236 430844 328161 424009 336351 435820 335480 434832 337186 436030 336373 435468 335571 435141 331588 429263 337191 436053 332376 430571 332224 430207 333620 432393 334516 433035 330041 427666 334564 432626 334516 433441 320084 414402 333137 431622 329656 427419 333766 431617 334189 433347 334994 433210 333669 432377 331273 429151 332591 430852 336385 434885 302540 391706 334474 432924 332191 430279 336878 434879 335677 435027 334241 432649 329780 427069 334541 431680 337094 435999 334339 433297 331779 428201 335457 435217 336330 434624 334410 432294 330906 428397 334678 433758 333330 430664 334917 433646 329500 426281 334444 433257 332864 430766 331821 429102 334187 431659 333988 433209 332283 429170 334183 431504 334229 432055 332270 430582 335147 432542 334574 433136 336643 436552 327628 423337 331476 428440 332150 429901 334336 432753 334265 431978 302513 391744 330312 426971 298465 385929 334161 431799 332992 430911 335142 433930 336094 434966 333879 431774 333633 431065 334389 432393 334753 432794 334808 433467 330177 427796 334420 432846 333990 432467 336245 435703 331422 428686 336636 436773 335671 434097 334449 431635 330893 428657 317163 411041 336222 434347 332822 430001 331756 430320 254134 329354 335406 433993 333942 432690 331122 428495 331442 428676 332460 430252 336150 434500 337104 435941 336973 436393 331672 428459 337437 436069 333962 432690 327791 424011 2309
331740 429057 337280 436404 333866 432766 247973 320284 334205 432519 333515 431839 338077 436722 335173 433559 334310 432595 335666 435132 333454 431898 332005 429895 332612 430277 336649 436200 331163 429263 336263 435139 331983 428884 335835 435033 332727 430363 334987 433079 335655 435124 335381 433740 334946 432547 336017 434097 335454 432922 336557 435286 333559 430931 338947 439435 333536 431269 335538 433317 333753 431591 335586 435566 334126 433126 336064 435699 335714 434848 334590 433347 333227 431636 335319 434752 336413 436545 331848 428351 333213 431870 255165 330863 328208 425389 333988 432410 333560 431151 336560 436425 333252 432057 336915 435965 334077 431760 333272 431412 337133 436685 336202 434683 337283 437458 335951 435138 335822 434676 331990 429605 333263 431349 335973 435206 330082 426769 333595 432207 335889 434132 336225 434587 334093 432795 334234 432185 334422 432899 334139 433800 332952 431436 328504 425260 336920 435740 336514 435435 333097 431394 337467 437411 334817 433382 338142 438363 335752 434049 335863 435139 328714 425516 333959 432351 337906 437943 334049 432052 332292 429821 332702 430512 331275 428516 333888 432189 333151 430647 335582 434761 335676 434921 336928 435296 334915 432460 334061 431702 335292 433585 334978 433257 334294 431731 326896 423329 336993 435341 334626 433421 335100 433608 337303 436596 317727 411707 330306 428234 2433
333158 430973 336060 434700 334103 432927 338791 437097 331504 428664 337060 436484 334542 433281 333537 431344 328447 425361 332451 430710 335315 434289 335645 433582 337743 437510 337167 435157 254009 329232 314757 406605 327923 424110 335287 432945 332736 430894 334834 432250 336127 435575 335536 433317 334606 432940 336040 435374 336932 436249 335966 434616 337513 436937 334018 432160 332465 430570 335319 432791 335559 433986 305126 395749 332236 429592 336684 435823 335776 434046 335059 433494 336396 435350 337005 436164 338027 437232 334393 433079 334306 432631 333802 431120 337123 435226 335968 434906 334536 432485 336880 436098 333500 431553 336645 436150 334733 433287 336746 435296 328058 424832 337042 435784 337864 437587 335956 434632 302685 391469 334529 431865 334532 433040 333313 430750 334862 434303 332450 429541 335806 434693 335377 434823 321645 415779 333564 431662 334539 432694 338197 437831 332763 431094 333061 429678 336266 434877 336332 434220 339029 438438 336204 435600 326820 422425 334544 433085 337684 436784 334108 433064 334992 434031 332314 430381 336959 436644 333773 432414 337922 437650 337412 436675 332460 430264 336246 435404 335350 433481 335996 435260 337193 437194 336970 435550 336696 436126 334830 433244 253237 328097 337381 436691 335531 435182 335875 435372 335768 435633 333746 431619 336363 435188 332443 430631 335924 434054 335442 434670 2399
337099 436333 335186 433808 338334 437627 337649 437692 337564 436709 333805 432623 333128 431093 303919 393629 334287 432499 335660 433871 338393 437567 336338 435363 334486 432757 335807 434741 337836 437756 335344 434023 335608 434392 335038 433272 335307 435071 336489 435023 332375 430012 338460 437813 335030 433244 336026 434748 334662 433337 336062 434427 333424 431137 334820 433258 318547 412237 336249 435628 338089 437825 334925 433461 338499 437483 338074 437161 337279 436805 338244 437510 340480 441007 333400 431955 335617 434443 338406 436936 339742 440486 336818 435608 336113 434975 333529 431510 334508 433117 337378 435968 336182 434195 337210 435759 336291 435602 336665 435467 306823 396644 339221 438876 337058 436547 336774 435923 337174 436460 336455 435984 332500 429950 336899 436189 332156 430313 335544 434389 331328 428319 336613 435256 334658 432984 336997 436274 338827 438041 334152 432317 338585 437480 331484 428519 332482 430577 334135 433345 338189 437633 334698 433777 338008 437949 333967 432338 331878 429183 338821 438916 334604 433004 337639 436361 337408 437405 254775 329758 320234 414505 339120 439017 337961 436929 309574 400392 335638 434610 335884 434751 336961 435517 335790 434551 336272 435600 339200 438653 332186 429950 338182 437519 336812 435989 338614 438668 337162 436386 338255 438836 325061 420351 336575 435294 329863 426980 337210 435952 2384
338313 438427 335381 435042 338189 437093 332311 430702 338950 438572 338990 437865 338211 438225 338329 437827 338093 438809 337243 436428 336958 436056 336002 434837 334959 432788 337895 437403 338150 437523 336301 434832 334015 432294 335927 434481 337953 437657 321938 416856 335978 434783 337838 436636 335510 433886 334572 433485 333008 430962 337055 435819 337360 436464 342062 442245 340198 439575 337886 437354 336654 436240 338390 437834 336045 434664 335595 435075 335389 434193 338117 436878 335841 434758 333899 432079 329232 425881 336243 434523 337968 436613 338496 438122 333455 431704 336612 435253 322197 417663 340008 439403 338725 437903 336490 435784 336081 434834 338015 438146 335041 433693 335369 434152 339241 438652 336901 436776 335876 434466 338228 437778 337306 436503 338652 438971 335301 435003 337721 436693 336908 436050 331606 427674 336284 435074 340869 442143 337956 437383 337665 437303 338841 439408 337241 435498 332231 429547 340918 441583 334158 432306 333689 431637 338904 437896 335348 433682 336343 435192 333754 431767 336124 434157 338319 437790 338059 437570 335717 434378 338821 438166 334911 434258 337513 437082 333831 432427 337519 436892 338284 437297 336078 434178 340247 440840 335583 434291 338202 438350 336995 435500 307431 397589 338921 439297 337126 435924 336970 435599 335120 434596 337219 436976 339172 439495 318451 412212 337304 436459 2484
340699 441525 334550 432919 335839 434368 322308 417896 338628 438394 336309 435439 338454 438415 335109 434020 339901 439861 341154 442240 338144 437011 336652 435656 339883 440456 338207 437249 336941 436298 337985 437956 338954 438203 340919 440373 333828 431718 255490 330316 337715 437769 341293 440972 338677 438266 332382 429748 339261 439051 340896 441408 330819 428403 339408 439237 336313 435011 334000 432890 335455 433552 339450 439272 340718 440809 339343 439211 307932 399587 336170 435278 338514 437550 321123 415103 340749 440862 336374 436392 335988 434326 337944 437805 340239 440874 334508 433158 336503 435409 322970 418235 339677 438967 335006 433415 339248 438339 337492 436013 335913 434921 337293 436347 339639 439262 335498 434770 335791 433804 334268 432609 340127 439937 336961 435786 337431 436879 341072 442017 336878 435352 332798 430412 339415 439346 338654 439105 339870 440200 339915 440017 335931 434442 338475 438745 331866 429196 341498 441749 335029 433684 334569 433598 333673 431588 335473 433924 340854 442575 336221 434777 336792 436190 341402 442385 335812 433759 331938 429787 327422 423124 336625 435563 335762 434318 337057 435745 337095 436521 336640 436773 338791 438134 339376 439561 308293 398570 337905 437577 337836 436841 339073 438902 338582 437576 337828 437634 339073 439367 332113 429711 342214 442742 334281 433198 336352 435526 337124 436064 2317
339282 439444 334051 432445 340867 442266 340190 439813 340839 441146 336403 435611 341178 441341 333297 431214 338652 439040 340447 440392 306285 396906 339368 439189 335743 434857 339917 439440 309306 399776 337448 435645 339050 439548 336656 435764 338713 438885 340554 440783 342203 443273 334216 432897 339932 441009 338923 438687 332706 430568 339637 439642 340918 441260 337156 435805 336991 436375 337222 436481 333112 431986 339184 438017 336789 435504 336999 436074 340762 441124 333668 431684 340823 441084 338728 437600 337713 437288 338817 439127 338405 438214 306543 396139 338730 438753 330376 428017 341659 443020 341499 442006 337346 437094 335770 434181 336942 435210 337437 437308 337755 437182 338899 438313 337576 436607 341260 440696 340365 440220 337987 437501 341488 440872 331805 429158 337122 436410 325203 421144 338258 437289 339862 439666 335777 434310 337009 435556 325167 421209 330013 427047 339912 439084 340144 440671 338924 439015 338064 437238 336242 434399 343901 444532 339883 439888 342282 442010 342351 444131 335398 434699 340788 442010 322586 417212 338208 438194 337039 435409 338590 438093 339868 439742 309035 400837 321397 415487 340150 439757 339510 440358 341100 441793 336219 434045 341017 441472 336206 435179 335749 434179 337636 437595 332984 430524 340767 441530 340162 439387 337540 436234 340619 440446 342609 443119 339176 439992 341609 440676 2495
340346 439823 340362 440202 339431 439708 340428 440968 341237 440953 336766 436069 340324 440527 339835 438745 341251 440953 341897 441533 340939 441233 338880 438491 338014 437748 337799 437041 339152 439494 334776 433169 307671 398446 340979 440336 342460 442842 338022 437907 340682 440572 340848 440361 339335 439629 341226 441898 340409 440612 339884 439515 342058 442941 331302 429345 341150 442030 340043 439615 340143 440236 340883 440771 323790 419074 341337 441577 321589 415493 341490 440989 340692 440068 337256 436589 340518 441352 337722 437333 337341 437075 339737 439857 342586 443117 341508 441361 339287 438319 334500 432663 335335 434162 339567 439316 341141 442358 339902 440208 337098 436627 339414 439188 340218 440907 334987 433280 338287 437957 338914 438206 342239 443964 339187 438926 338128 436943 339628 439396 339721 440302 339345 439576 338772 438924 339016 439178 338536 438236 340594 440594 331703 429291 338677 438665 337887 437939 339281 437580 340549 441236 337376 436756 338895 438693 340555 441096 341019 442041 334681 433604 339983 438605 337374 436476 338713 438605 337263 436674 338771 438929 339317 439180 338822 438221 336392 436214 340065 440548 337866 437399 329331 426496 339210 438847 327123 424194 341291 442656 340795 440452 332037 430095 339690 439985 336079 434683 341763 443027 333297 431057 339753 439684 340174 440055 338873 438738 339081 438411 2313
339671 439430 342535 442150 341715 441701 307450 398142 339829 440349 339326 439479 341314 441951 339426 438628 343921 445030 343628 445209 340178 440436 333767 432800 335219 433700 344057 445874 335933 434832 338893 438317 344088 445546 340166 439712 328235 425451 339099 437625 338121 436778 340784 441637 341249 441410 338526 436885 341269 441323 342268 442096 338859 438539 342959 444237 338764 437826 338054 436527 340586 440441 338597 438843 343897 445278 337248 437166 338782 438478 337728 436869 340933 440619 338825 438553 340319 440064 330857 427235 336826 436240 344819 446841 341348 441760 343613 444155 338572 437892 341601 441404 341385 441713 338722 439020 336886 436258 335980 434827 336515 435341 342621 443701 342001 442954 342798 443070 341994 442596 344667 445500 340977 441553 342557 443539 342534 442586 338692 436888 341529 441524 333895 431687 340558 440866 338747 438296 342537 442518 338902 438250 332314 429866 338825 438158 340164 440376 339492 440062 339151 439589 336771 434286 335276 433053 340522 440241 342421 442614 342623 443605 341767 443042 330960 428377 336465 435183 339919 439766 337928 437250 257432 332977 336388 435675 343028 443866 338167 438128 341680 442279 340889 441675 337164 436241 341040 440597 339213 439702 336394 436006 341129 440707 338271 438178 342014 443176 342341 442518 338131 436559 340706 440264 340046 441263 343399 445191 343009 444483 2324
343968 444811 338714 438141 343660 444089 339645 440778 338883 438336 335284 433984 342888 444250 339200 439081 341592 441804 340698 441042 337109 436284 336303 436013 339618 439688 338740 438715 311321 403078 342514 442534 342061 442267 342381 442536 342788 444190 342504 443504 342652 443668 341418 442456 342087 442762 342597 443409 343868 445116 336881 436401 341506 441480 343782 444282 337640 435918 343072 444137 341019 441315 341696 443001 341972 442659 342389 443669 341602 442028 342251 442076 340351 439450 323926 419373 340810 440528 340100 439546 339828 440038 339045 438973 337976 437667 340736 441792 335347 434568 341153 441266 340356 441164 340771 441247 341799 441652 341215 441313 340167 439670 341633 442522 338914 438554 337598 436599 337484 437066 334666 433210 341378 442491 341933 442814 341206 442122 340943 441072 338868 438915 339504 439390 340624 440753 338317 438140 340647 440986 341078 441106 340861 441314 338891 437957 341877 442415 341171 440819 342869 444382 341382 442404 340439 441307 339373 439671 341305 441697 341011 441408 338800 438764 344031 445231 322872 417092 344780 446907 339275 438906 335185 433521 341664 442206 343785 444829 343702 444765 343400 443423 336349 436005 345140 446512 340407 439852 343480 444679 339380 438662 343125 444862 341284 441192 341155 441892 338223 438084 341473 442574 343415 443407 342016 442486 343417 444399 341953 441088 2350
338923 438745 340178 440434 341543 441977 340433 439858 342425 444277 343488 443117 341796 442439 345139 446552 338860 438769 304920 394766 342482 442839 343638 444806 343846 445624 340400 439968 338710 438253 341434 441800 342523 443256 341755 443170 335038 433960 344678 446450 344339 444902 341560 441295 341027 440435 342626 443846 340790 440948 306154 395109 333993 432023 342355 442640 342143 442768 343280 443116 343074 444119 343269 444803 342542 442400 346467 448079 342964 442888 339447 439630 342515 443895 343411 444974 340533 440168 343050 442786 343833 445861 343217 443387 340731 440382 342621 444272 336552 435383 343111 444021 341230 440497 342448 443609 343493 444207 340060 440362 330011 426866 344534 446078 335857 434410 339396 439099 343426 444721 341303 441801 341906 442595 344717 445996 344877 447441 341086 441988 340566 440685 344696 444939 341760 442647 343632 444661 338012 437565 345201 447235 342084 443355 337415 437239 342011 442460 341023 441728 342441 443445 342236 442780 345070 445190 337454 437696 340691 440219 343851 445691 342086 442902 339842 440010 343869 444772 339522 438544 342125 441767 341898 442715 344414 446256 343369 444840 342528 442993 343193 443746 342087 442952 342618 443611 343822 444658 342521 442720 342226 443533 340920 441485 336543 435416 343205 444273 340882 441521 339556 438942 323083 417958 342973 444212 343245 443779 339544 439938 2561
343102 443842 345210 447613 341389 442159 341818 442514 342158 442926 341511 441830 339725 439801 343395 444611 345338 446820 345081 446772 346226 449433 345039 446086 340440 440377 344039 444881 345542 448426 343120 444712 342526 443439 342457 442754 336543 435213 342438 443485 342360 443943 343656 445060 339912 440789 338808 438624 341864 442286 344815 446396 341619 442434 341779 443143 340356 439860 344823 446150 343573 444852 343862 445010 344745 446227 343953 445157 341442 442166 338419 438283 344997 446590 345693 447156 340552 439537 343427 444461 344733 445988 342261 442777 260826 337923 343856 445015 340507 441077 344355 445470 339631 440219 342387 442770 341788 442935 341663 441876 345123 446475 342838 443407 340998 440531 345020 445552 343248 444004 338929 438473 344997 446195 343440 444246 344042 444966 344628 445892 343723 445774 343638 444552 342916 442961 343036 444390 343869 445137 342713 444092 343191 444033 338871 438500 342061 442611 339978 440350 343175 444811 337973 437286 344191 445483 343500 445144 340626 440730 344894 446374 343360 444570 342313 443059 343274 443769 345636 447819 341004 441101 344591 445809 333185 431754 341014 440470 343773 443686 344127 445160 341639 441295 343243 444618 342133 443808 338553 437548 340634 440966 346937 448833 344056 444821 340228 440423 343856 445065 340450 440357 339400 438857 346233 448249 328716 425294 341927 443013 2438
342976 444177 343385 444433 344050 445017 344873 445957 339609 439516 339978 439848 345697 446936 342025 442686 345975 447465 342646 442071 341069 441033 342624 444196 342944 443335 344172 444931 344413 445685 342305 443432 341292 442593 340147 439939 338760 437569 347851 450797 338367 438176 340222 440121 344476 446401 344695 446079 342736 443724 345404 447074 340350 440846 333915 432403 340517 440156 342373 443334 343232 443582 343443 444606 345965 447232 342488 443538 345519 447478 347143 449799 342984 443777 343465 444979 342626 444886 344431 446265 339504 438948 344649 445354 345481 448305 340623 440729 345886 448108 345556 446637 341504 442925 345686 447525 342134 442140 309544 400792 343663 444282 343113 443207 339558 439272 331647 429604 339211 438686 341860 442210 342633 443028 342767 443734 346617 448082 345788 447866 345069 446199 344607 445895 347819 449305 342973 444457 343366 444616 344372 445862 342096 442636 343609 444876 343651 444804 344732 445353 346800 448713 345748 447374 341222 441845 339975 439619 343714 445005 345227 445430 337250 436846 345358 447198 341332 441479 259359 335626 344630 445493 347430 449748 339213 439094 344236 446445 343998 445158 343864 445950 346269 448015 340878 440931 341634 441877 345086 445271 341514 442789 344554 445845 342580 444031 343376 443524 345061 446402 345266 446930 311379 403383 344359 445082 344765 447072 344633 446332 2499
344344 445524 336020 434419 345001 446630 344648 446357 343552 444004 345581 447724 344454 445778 344529 446047 345317 447012 341302 441542 332319 430401 344037 444948 340699 439891 343921 445361 347831 450603 344047 446392 338141 436620 346630 448543 344146 445453 344763 446540 339247 438808 345992 448392 344490 446169 345617 446973 344713 447063 344528 446303 341574 441197 345446 447147 342749 443612 309903 400894 344591 445496 329819 426586 343492 445003 344431 444949 347288 449607 341567 441692 342992 443751 347627 450202 343783 445296 335899 433879 340097 439659 343110 444123 342419 441460 345610 447462 333167 431376 343908 446271 343456 444442 343299 444444 346807 448791 337288 436633 342705 443091 341314 441182 346132 447576 344011 445090 341922 442172 343033 444288 345065 446657 345369 447640 344718 445744 343636 444467 338720 438535 343838 445529 345678 446145 310057 401435 344883 445788 343953 444592 343120 443961 342428 443042 345527 446873 343794 445799 343690 445014 347203 448922 346674 448027 346605 448974 346637 448199 344078 445970 346084 448464 344073 444402 339520 439946 344444 446345 344497 446229 344812 446274 344171 445528 346492 447393 345323 446939 345094 446364 339624 438139 345611 447131 344334 445195 341146 442110 344441 445202 344027 445558 345959 448460 337759 437718 346554 449353 343096 443656 344216 445168 343218 444893 343928 444874 344913 446381 2434
345823 447627 343712 444660 347580 449687 345888 447304 346344 447303 345076 446237 345793 447133 342977 443759 337449 435943 343622 444926 346437 449078 345894 447904 347605 449317 347382 449486 336509 434987 343309 444658 345165 446653 343854 445149 339118 439022 344284 445386 345357 446871 342882 443451 342761 442632 342701 442917 343013 444705 330636 427521 344241 445097 343612 444775 327231 422905 344200 445368 345243 446809 343799 444782 262299 339799 344877 446621 310422 402130 347905 449789 341269 441178 346445 448677 347402 449172 347634 449759 343881 445168 344892 445502 342821 444217 348379 451563 342814 442020 348644 450356 339426 438684 347292 448396 335206 433249 348918 452627 346569 448761 345575 445725 347172 448566 334435 432202 342244 443531 346306 447570 344937 446451 341982 443384 345668 446778 346798 449502 346702 447974 346143 447572 347129 449414 344483 444964 347615 449582 347010 449461 345871 446295 344356 445341 343737 444532 346132 447864 346068 448114 345511 447472 346787 448372 342963 443960 343285 443626 345588 446475 348049 450551 340102 439979 347407 450836 344725 445619 345708 447199 344815 445899 343507 444502 342374 443638 347160 448914 345766 448001 345147 446470 347557 450528 347396 449016 340116 440063 347313 450359 345889 448057 331258 429129 346901 448274 348539 451840 344772 447286 347347 449811 346035 447987 344865 446652 344915 447076 2396
344349 445230 346951 449190 349699 452846 348538 451710 348039 450943 347927 450508 342327 442063 347774 449094 347079 449154 347165 450178 348446 450845 340085 440486 345453 446536 338188 437728 347293 448893 336948 435624 348504 451828 348386 451456 342723 443785 347858 449450 343187 443506 347072 448577 345778 448317 344155 444609 344043 445042 344036 445535 347561 450196 341426 440723 347316 448832 346430 449005 345395 447604 345891 446803 342813 443555 346806 448667 350969 455623 344227 445554 345386 447409 345124 447364 345646 447026 347241 449775 346154 447576 348993 451979 346063 447811 344468 445005 348454 450570 347796 450348 347279 449850 340570 439894 345260 447512 338349 437336 344380 445126 345122 445977 346254 447815 346912 448763 350175 453001 345574 447419 344592 446112 347122 447717 342391 442457 347017 447710 346299 447923 345550 446278 346702 449128 343277 444272 346743 449741 347725 449505 348133 451054 344758 445827 345276 446216 346458 448040 346731 449567 350012 453234 344820 447031 347080 449308 346904 449020 345768 447046 346287 447929 342060 442377 347319 450375 336999 436137 340575 441158 343753 444301 346049 448735 347303 449842 349093 450720 340779 440793 341558 441900 348584 450639 306667 396654 349007 450779 349310 451429 345185 446553 345154 446191 344624 445514 345746 447817 345218 445889 344964 445878 347052 448907 349822 452673 347582 449752 2365
348421 451652 345947 447130 342196 442572 346624 449346 345796 447393 350071 452791 346259 448422 350127 453114 346606 448588 346017 448182 348190 450829 313887 406091 347195 449453 341396 441676 347427 450252 347491 449516 345708 447671 347848 450650 346720 449176 348067 450638 346417 447446 345716 447082 348088 449909 329152 425362 347115 449524 348026 450508 346080 448100 348904 451134 344120 445229 345091 447374 349222 452833 344434 445782 346019 448145 342636 442973 346966 449472 351332 453630 348097 450834 347242 450316 346571 447564 349237 452554 344759 446469 344733 445726 347265 450619 346324 448746 348556 450949 348791 451283 349187 451247 351517 454577 347877 450215 349905 452177 349317 451364 343764 444270 348856 451284 348289 450932 345163 446396 342940 443579 345728 446709 326751 422306 346960 449087 346195 447450 345817 447311 340129 439176 347922 450080 348985 450680 347889 450872 341626 441703 347894 450642 341310 440910 342398 443244 349576 451794 347114 450172 348049 451149 343719 444946 348277 450754 343776 444691 348207 450833 343211 444108 350106 452492 345572 447202 345663 446720 348749 452061 345436 447834 346170 447561 345158 446791 346858 449032 344540 446614 347327 449839 338999 439383 344772 447198 348987 451966 348055 450084 347766 450677 347219 449687 345945 446180 347984 449829 347405 450308 347335 449269 347703 450314 350083 453065 346332 448803 2302
346568 448542 346583 447386 339924 439595 348950 451035 345387 447812 349101 452156 346109 448312 345483 446745 346334 448298 336176 434587 349127 451180 348964 452674 348260 450310 348708 451279 352893 456974 346296 449216 346027 447955 350792 453321 350046 452401 353054 456547 346873 449056 346811 448988 347346 449671 348476 450345 348760 451640 348495 450975 348164 449490 346432 448196 349817 451536 343703 445072 346351 447999 348641 450447 333596 430925 346219 447669 333213 430651 348725 450203 347131 449417 345765 447046 347863 450039 349187 452322 348368 451386 349045 452240 346742 448366 349766 452897 349616 452460 349520 451622 347927 450187 348417 450633 343726 444503 345027 446595 350356 453268 343623 443700 346146 447974 344255 446071 344841 445055 348079 449745 345738 447329 349532 452505 350055 453993 343996 445361 341984 442343 349177 451217 340354 440957 346986 449501 346741 448234 346613 448313 342356 442868 349366 451896 345297 447353 348375 451068 344475 445630 346262 446515 345844 446945 346061 447541 346481 447283 349555 453048 347636 451064 346205 447992 345437 447319 346262 448312 345204 446691 346579 447843 346934 449197 347021 448745 347060 449235 345336 446457 345188 446697 345634 447432 346804 448602 349531 452447 346323 448594 346208 447714 350406 453239 340768 440920 348047 450719 345737 447535 345767 447401 352270 455951 343496 445112 345064 446660 2524
350353 453006 347788 450463 347671 449889 348008 450369 351909 454786 350637 454504 350069 453482 344170 444756 317091 409178 348175 450816 351641 455135 345947 447325 347828 450987 346795 448291 350027 453168 348875 451019 348481 451605 346032 446269 351210 455740 343382 444874 349396 451666 347387 448050 343561 445448 350267 453916 347205 449097 340420 439520 347697 449609 348631 451449 345288 446783 352303 456857 347450 450110 350203 453351 346819 448183 348257 449863 314902 407836 343106 443589 350723 454714 350799 454008 350727 453786 349103 451831 349946 452734 349283 451960 348868 451935 341909 442813 348136 450155 350101 453352 339879 440289 350219 453586 347920 450597 353807 457314 342670 442709 346277 447795 349130 451884 349440 451854 346575 448323 346788 448610 344290 445639 348032 450745 347290 450114 348893 451215 330530 428036 347432 449703 349830 452078 351233 455413 347751 448874 339626 440044 350287 453519 333284 430947 349177 452671 348481 451043 342133 442774 347574 449470 347104 448637 351418 455452 345228 447121 348787 451227 351401 455109 348912 451469 348373 450042 350526 453636 346438 448085 339757 438855 352519 456714 349627 452322 351580 455181 352426 455796 351178 454218 347795 449445 347453 449923 266515 345141 312524 404565 348923 452343 348526 451147 352183 455580 329967 426802 347190 448694 349688 453187 343033 443219 350805 453546 346350 448323 2391
349712 452229 348687 451344 316218 409234 350856 452935 350006 453501 351124 454492 349649 452666 347357 449714 350280 452966 351338 454785 344679 445219 351716 455559 348468 451353 349764 452995 349293 451571 349083 452255 348507 451374 351455 454755 350894 453866 351649 454381 353620 457358 349564 451219 348546 450960 331419 427955 342225 442616 349960 452597 349544 451881 350234 452949 350742 452965 348851 450811 345507 446672 350446 453611 349919 452519 348881 451841 351073 453936 349915 452922 316233 409477 348352 450289 349472 452502 348661 451767 347331 448597 348725 450956 350366 453387 352011 455844 334589 431963 349490 452271 349681 452185 351719 455201 348528 451519 349085 451425 343678 444207 348544 450332 341181 441578 352293 455808 349685 452929 349668 453066 352226 455078 349123 452355 349868 453285 349564 452340 346496 448511 347968 449576 348773 451021 345169 445969 346369 448258 349654 452567 347810 449477 349037 451076 350888 453952 348473 451011 351026 454948 349818 452503 350116 452233 349483 453343 342002 442552 346209 447769 348762 452017 348933 450556 343595 444661 351352 454759 352209 456490 348646 450947 350636 453682 350309 454074 351849 456256 346881 447951 350243 452903 348252 451053 343065 443579 352078 456663 315350 407500 349570 452575 346159 446934 343385 444327 348601 450867 348669 451382 349903 453760 344268 445575 349420 452476 344635 445998 2365
354610 458858 347440 448546 349092 452245 354066 458485 351999 455285 348252 450363 345043 446876 350787 454372 351621 455187 349984 452894 349705 452194 351682 455411 350359 454127 347760 449977 349052 451755 352505 456493 350699 453371 350881 453799 350809 453935 346850 448783 349701 452410 353830 457470 347478 449583 353080 457172 344423 446273 350661 453717 349395 452341 351572 454161 349333 452504 338494 437403 351030 454318 348702 450966 351129 453976 352081 454567 351637 455358 350074 452386 352306 455804 348373 450951 352728 457343 350946 454621 344908 446353 349845 453349 352223 456058 317440 410592 351832 454561 343560 444837 352684 456280 352405 455261 351021 453873 263897 341705 346936 448233 350692 453416 315363 407876 344076 445757 351132 454634 348506 450872 344299 445107 353104 456426 337964 436552 350171 453417 347887 450190 350938 454913 352999 456980 347349 449571 351121 455215 350390 454327 352061 456271 351415 453689 350997 453512 351335 454187 345101 446356 350768 454385 340325 440350 352962 457184 347971 449477 353357 457548 352432 456277 348055 450628 347561 449304 350014 453209 353852 457644 345649 446377 343609 444716 346811 448412 348405 450719 350205 452062 351211 454585 352644 457288 348121 450351 348254 451356 351800 455911 352595 456376 347645 450041 350263 453340 344463 444794 345668 447465 351808 454887 350105 452822 349348 451880 349844 452670 2609
351949 454293 351355 454849 347649 449831 350944 453753 345438 446280 351586 454616 351239 454723 348474 451510 351250 455178 346371 447711 340351 440583 354413 458993 344769 444839 344146 445329 352300 456971 351602 454342 350429 452915 350562 453735 348301 450076 350640 453100 347729 448971 351214 454219 354153 457688 348680 450611 352582 456611 351149 454412 349012 451416 351611 454777 348951 451315 350272 454243 349452 451433 348213 450325 348513 450873 353431 457842 345946 448177 347331 448762 352227 455551 320456 414293 348534 450128 353369 457084 353479 457276 351815 455819 353192 458124 350734 452971 353220 457084 353248 457845 352128 456528 335858 434906 344527 445727 352127 455903 350385 453313 350441 454180 349188 451024 353384 456620 347941 450389 350477 452575 352539 456862 352276 456091 354658 459273 350269 452971 353270 457875 354163 459022 348825 451410 350192 452488 350195 454162 332918 430252 351832 455539 351197 454861 346738 448430 351820 455914 354401 458647 353580 457137 347956 449672 355249 460108 346580 447932 344307 446147 352956 456092 348597 450170 348629 451768 349765 452410 349648 453013 347308 449741 338230 437146 350235 453234 349133 451917 351072 454444 350706 453730 352539 457086 353695 458467 346887 448906 347887 449894 351558 454656 348858 452352 353552 457179 351538 454505 350788 452771 350609 453913 352346 456905 348339 450033 349202 451327 2745
348749 450735 353727 456860 351750 455838 349935 452930 351071 454592 353323 456593 349235 452461 352185 455803 354327 459096 346443 447943 353603 457785 354317 459049 352183 455027 352447 456254 348824 450978 347346 449267 344052 444787 349627 451422 351621 455332 351087 453837 352289 454982 354112 457459 354206 457989 352921 457295 348818 450672 351423 455264 353450 457347 352368 455301 349767 452199 351796 454507 341512 441645 353098 457309 349450 451888 350442 454172 351625 454822 267676 346892 353524 457023 349868 451985 351768 454844 348177 450516 351362 454150 351766 456200 352549 455342 343181 443231 351733 455470 346603 448155 348075 450587 349410 452852 353233 456680 350969 453488 350513 452615 352835 455827 351304 454930 352636 456173 351397 454691 354971 459697 353065 457583 343110 443485 350834 455068 354031 458683 348391 450310 349332 452160 348919 451275 348886 451693 353463 457210 353545 458354 352699 456663 352118 455970 350793 454408 354062 458584 349916 451743 352745 456240 318183 411943 349648 452778 352407 455637 353242 457226 332647 429815 350074 452860 353027 457435 333535 431552 349148 451913 339732 438956 352831 456880 348111 450245 346794 448501 354072 457666 351025 455865 352725 456870 352096 454727 351393 455571 352902 456655 349143 451731 350547 454435 353033 456644 353039 457214 348901 451333 351452 453991 352397 456202 343629 443595 350031 453169 2520
354371 459283 337910 437925 356387 460658 319662 412986 351816 456899 349781 453302 352723 456180 353786 456803 354126 458246 354830 458944 350581 453625 339216 438906 353545 456542 352598 456865 352673 455930 346128 447759 353180 456829 342731 443553 351720 454262 354251 457623 350407 453688 352379 455202 352804 456825 353022 457042 350683 453653 350236 452702 346935 449463 354395 457366 318904 412648 355620 459082 353968 457646 351841 455206 355707 459922 355322 460117 354211 458694 355204 459984 350527 452936 355402 460738 353056 456681 350605 454530 351897 455517 351000 454081 351798 454291 353389 457692 351276 454623 355054 460908 351552 454810 354851 459861 354537 459853 352569 455745 352299 455660 351307 455446 356460 461839 349715 452742 353260 457458 347289 449249 353090 456687 349964 452048 350278 453237 347628 449062 355991 461091 348100 450309 348442 450855 352570 455987 351526 454439 352767 456451 352769 456377 351482 455714 353395 457033 355396 459128 355848 460212 352086 455096 355007 459683 352102 455247 350994 454323 354049 457911 352537 456044 353065 456568 351136 454784 353929 459068 354584 458708 354255 458640 353549 457468 355784 461017 344387 445811 352543 456042 346619 447721 350395 453357 353847 457927 355707 460557 352428 456654 352273 455491 356689 461412 354252 458632 355917 460966 353648 457866 354150 457658 356114 461447 354619 458101 350014 453364 2460
358061 464076 353383 457266 355414 460214 357214 462375 347515 449040 352828 457069 354770 458659 353977 458180 344818 445287 354732 458882 354978 458525 267325 345832 354656 458825 356242 460646 336976 435501 351244 453870 353518 458136 354650 458700 334427 432349 349321 452946 348380 451051 352780 456804 352722 456121 348588 450334 350901 454125 356156 461975 353638 457636 354199 458774 351853 455424 352090 456462 356025 461124 354521 458672 353790 457530 355385 459911 354461 457820 354988 458821 348571 451283 356486 462013 353682 458231 353531 458184 349260 452571 355468 460213 353451 457880 351818 455117 356161 460597 348617 451212 356313 460136 349937 453167 334587 433116 355902 460947 344537 445218 357411 462556 356221 461711 352049 454843 335897 434805 344524 446844 352690 456344 351391 454480 350865 454094 355718 460395 353995 457842 354363 458312 352021 455255 337383 435938 355720 460211 353030 457308 355182 459985 355023 459649 351117 453750 348778 450633 351528 454556 353429 457924 350912 453559 355615 460047 351476 454903 354554 459834 352947 456757 355908 461758 340817 441219 348936 451632 339117 439066 356359 461019 354525 459353 354976 459405 356450 461435 351849 455521 353632 457783 314680 406786 355593 460544 351751 454647 356782 461221 353496 456962 348586 451984 354562 458946 354950 460063 352932 457147 353276 456810 351831 454670 352067 455632 353933 458676 2496
351335 454931 352967 456533 353553 456893 348301 450498 354836 459615 356749 461658 354732 458382 353634 458451 354467 459601 351946 455019 354033 457569 352922 456409 338439 438129 357815 462627 354930 459201 354063 458427 353805 458161 353560 457172 353570 457056 355854 460168 354602 459299 357195 462599 354400 457502 354969 460120 356565 461150 355610 461446 357522 462699 354928 458888 355638 460515 354767 458805 356443 461420 351413 454850 353327 457505 352258 454946 353116 457024 352878 456666 352600 456715 354167 458893 355887 460083 357330 462417 353478 457914 348213 451144 348555 451510 352014 455455 354527 459504 353776 457435 357877 462679 349334 452481 269227 348558 355572 460829 354348 458718 352701 456643 352924 456241 353543 457193 357216 461965 347297 448500 357278 463141 357302 461913 346346 448256 355133 459984 353582 457967 351006 454495 355345 458880 354329 458798 354752 459634 353644 457379 339702 439872 357504 462637 354514 458318 347137 449857 350598 452659 353198 456368 356306 461120 348270 450967 352729 456362 355160 459483 352541 455977 342707 443251 353159 458282 357037 462029 354765 459303 354228 458450 349804 452090 355901 461461 357839 462474 354581 458365 354631 459040 348335 450533 354983 460305 351204 454370 354025 458317 317870 412096 355192 459912 351619 454845 353570 458368 354343 459432 356577 461263 352787 456349 335259 432823 356471 460984 2489
357956 462902 353714 456781 355217 458221 357705 463346 352329 455429 354716 458001 353945 456706 357938 463618 355608 459762 354757 459662 354034 456888 356072 459617 356059 461544 354124 458091 357135 462171 354608 459212 355260 460642 355309 459881 357293 460976 358318 463441 353745 457900 357435 461557 357221 461810 354004 458336 352709 456511 354952 459488 358763 464984 354975 458965 357972 463461 355766 459690 354764 459752 356569 461019 357916 463706 357682 463676 353838 457854 350592 454594 354040 458044 354116 458351 350479 452582 354303 458382 350409 454423 354943 458172 347520 449292 358910 464390 355613 459882 355158 459094 354991 459566 354574 458362 352869 455951 355357 460275 355173 459549 356454 461878 354095 458634 354915 459868 356558 461852 351588 454958 356488 461425 358746 464088 345590 445836 356802 462414 354395 458123 354003 458617 351771 454784 350306 453132 357673 463643 356865 461329 352582 457285 353207 457530 356246 459525 355863 460371 352030 454729 356042 460946 357545 462639 356731 461421 355450 459680 356427 461468 349241 452198 352955 456210 358196 462766 355548 460131 348356 450808 355624 460839 357462 461890 355115 460306 355945 460904 357832 462254 356311 461021 353314 456943 354865 459948 356029 459902 358415 464111 320430 414294 353369 457732 354890 458329 351744 454380 357512 463241 355191 458935 354184 459268 356158 460665 356837 462187 2509
358738 464068 357039 461799 356511 460816 355383 459302 359415 464617 356041 460278 356533 461634 358109 463348 356823 462343 357003 461663 353535 456762 358894 464475 354422 458185 356675 460730 270799 350581 355105 460011 353100 457060 323177 418413 354466 458898 358231 462906 355235 460031 354386 458854 356232 460940 355660 460934 355619 459106 355838 460240 355330 459714 356875 460643 353790 457835 354874 459171 355004 459753 355502 460714 353984 458329 323934 418861 337997 437548 358271 464096 356730 461460 354459 457983 354654 458929 354112 458105 356739 460654 354111 458674 358038 463141 357994 463419 354963 459544 354762 458377 358307 464016 345430 446814 323125 418227 356454 461038 355569 459823 355325 458933 347674 450607 355727 460029 359832 465472 352115 455419 357845 463636 357246 461408 354174 458480 355609 459845 349597 452232 358651 463343 356390 460732 349664 452710 360111 465653 358521 463483 357212 462014 356425 461689 358453 464208 324155 419413 357856 463389 359346 464871 359662 465712 357620 462973 357802 462666 356908 461407 317765 410988 355821 459944 350417 454124 356603 461462 355118 460153 347953 449659 357575 462779 349557 452479 358987 463719 353665 457097 349633 452352 359142 465138 354950 459466 359540 466300 357263 462142 356293 460836 354612 458454 356915 462216 357992 462245 351602 454494 356031 460320 338553 437101 353314 457200 357341 462431 2468
354335 458422 341350 442800 356455 460134 358937 465357 357539 462528 357721 462422 356140 461073 356356 461225 353948 458020 355110 460344 356492 460538 357703 463067 356699 461993 356994 462531 355868 460531 356660 461997 354858 459136 355470 460149 355653 460014 358343 463856 356361 461139 354548 458746 354055 458500 360939 465966 359030 465414 350779 454757 349310 452130 359954 466642 359643 465263 353234 456741 358946 463445 353975 458224 359930 466418 359984 466245 355076 458674 357651 461700 356908 460671 354108 458701 354501 459297 354544 458276 357567 462893 360279 466190 348728 450263 355305 459570 358029 462354 357329 462226 354836 459240 358298 463711 359687 464233 355494 459615 358467 464270 354832 459674 358540 463407 351784 455604 340347 441501 353746 457922 356389 461163 353158 456993 347800 449644 357400 463117 356082 460399 354113 458549 356785 460792 355196 458569 356464 460893 323080 417661 357606 463041 354503 459152 356201 460555 355854 460411 357365 461637 355059 460294 340919 440725 356935 461714 357920 462011 355655 460958 357387 462141 355314 459938 354564 458262 357995 463595 361016 466013 354804 459199 359854 465267 356247 460623 359930 466183 358790 464922 354644 460281 356486 460748 358421 464140 355514 460467 357023 462311 357298 462094 355622 460526 359904 466350 348153 450152 357886 463367 355884 460523 358028 463020 357624 462876 355549 460679 2428
362720 469988 356317 460580 356723 462127 360010 465867 355359 459539 358545 464054 358427 463308 357586 463448 360191 465996 358463 464477 358930 465147 357303 462744 353114 457864 321815 415756 355944 459378 358123 463330 358549 463364 359980 466506 360040 465385 359359 465326 355969 461046 356486 459842 357983 463396 357507 462704 360584 467704 359318 465458 357875 462268 356032 460067 361274 468267 354866 458376 357001 462792 359439 464503 342004 443137 349906 453204 359063 464605 357306 462288 360386 467047 354596 458670 354097 457498 356989 461769 356830 461885 356512 461186 354152 458712 356637 462103 357360 462238 358279 462663 356925 461761 356168 461720 357447 462639 355367 460348 358049 462722 354559 458975 357379 463155 357831 463071 357594 462955 355785 461141 357699 462881 359025 465009 359630 465131 353655 457511 355976 460961 356150 461181 353897 456924 350119 452398 352954 455434 344022 445054 357304 462607 357812 463154 360214 466486 358604 463928 342477 443345 359531 464966 359530 465811 354162 458023 359007 464564 343476 445046 355424 459978 357808 463307 351976 455701 357279 462758 356876 462258 355637 459279 356295 461052 356338 461200 361707 467997 357493 462313 355479 460366 359307 465600 358976 464534 361548 468171 355380 460136 353749 457481 354510 458978 360492 466890 357279 461887 358537 463623 359517 466216 358383 464675 357473 461589 358315 463732 2516
360604 466916 359954 464370 355694 459155 355026 459493 356592 460954 356951 462505 357684 462956 354164 457727 359518 465705 357981 463855 358644 463730 355300 459651 356325 461780 360226 465959 360777 466244 325740 422125 356683 461253 358819 464798 349060 450981 361463 466736 359948 465282 355244 459628 358870 463553 359290 464947 358188 463570 357391 462941 361893 468925 356433 460752 361172 467965 355932 460686 362406 469713 356622 461975 354649 457983 360289 465219 357434 463424 351808 455877 360090 465688 358940 464861 359567 464796 358218 462387 359038 464317 357793 463155 359417 465042 357267 462290 357858 463109 354411 458145 352984 456510 357619 461923 359554 465078 361699 468511 356617 461197 354088 457087 360605 466474 359144 464237 360751 465957 356277 461105 358315 463846 355596 460066 357212 462643 356270 461157 356757 462434 350951 455094 360319 465919 358095 462990 356481 461897 353132 457595 361276 468148 357608 463248 356703 461669 353259 456632 359926 466127 354957 459727 360295 465834 357986 463603 353989 457315 357836 463390 358182 464129 355765 460995 360069 465160 354577 458898 359145 464593 358367 463002 356222 460877 360678 467199 358457 463259 355642 460085 359641 465244 361892 467958 360992 467410 362323 469089 361603 467130 361436 467731 356936 461930 360144 466428 359466 465496 350887 454038 355680 459978 358670 464661 355208 459677 355573 459757 2439
358106 463624 359630 465767 359010 465272 358167 462978 358434 464648 356273 460697 358611 463071 357915 462913 256609 331945 359664 464926 351922 455729 361607 468078 361949 468822 360417 466916 361456 468648 357172 460752 358256 463741 360021 465106 361242 467016 359531 465557 358329 463952 358559 463274 362124 467149 358327 463225 360712 467049 353345 457575 359078 464748 357109 463066 354695 459751 356409 460666 361772 467796 359178 464413 359166 464605 359585 465908 361205 467310 360434 466851 359638 465787 359608 464854 361835 467730 355754 460347 359206 463934 360828 467029 358213 464197 358174 462710 271617 351775 360703 466933 352855 457023 356375 462432 360126 465577 357177 463058 354046 458652 354463 459176 359202 464665 360706 466416 359897 465759 353540 456752 359086 464454 355732 459235 359055 465719 356445 461640 359947 465918 361985 468106 356425 460306 360468 467060 360041 465805 361794 468361 361219 467278 356877 460600 356924 461324 360354 465998 358017 462931 360186 466425 355344 458600 359861 465599 354110 458292 359923 465624 358776 463472 361540 466770 360153 465778 358409 463634 359953 464984 358845 463785 358480 464205 360675 465827 355367 459573 360005 466682 359047 464455 355909 460573 356137 460553 361383 466899 356394 460295 361891 468239 356644 462065 356747 462229 359717 465674 358499 464053 355740 460073 359843 465600 357557 462662 361796 468421 2566
359274 465129 360079 466077 359116 465263 355686 459653 359229 464001 361258 467193 358996 464917 354324 458190 361022 467420 361042 467241 363324 470462 361159 466634 354704 459301 360528 465789 362617 469474 361661 468053 360966 466206 273603 353976 361082 467198 356647 460901 361590 468039 358735 465298 272315 352582 358768 463639 344123 445648 360059 465957 361049 466345 358992 464850 362252 467991 361631 467278 362712 469871 361200 467561 360791 467546 359785 465214 363124 470086 359061 464111 361400 467882 360051 465731 356613 460863 361500 467640 359699 465600 358604 464115 361012 467482 361179 467021 307969 397843 358733 463815 362510 469185 361233 468471 357840 462798 359921 466019 357714 462358 362490 469698 358111 463501 361914 467976 324505 419697 353464 456745 360028 465455 359440 465641 353691 457349 359481 465485 362942 469836 360569 467012 361243 466352 352692 457035 363284 469462 359013 464953 359685 465184 359953 466008 363280 471080 358665 464438 362856 470643 359940 465336 360505 466107 323318 417748 356806 462470 355652 461098 360260 465764 360299 466751 355763 460827 358116 463782 358637 464423 357162 461851 360834 466266 360984 468095 361306 468137 362266 468940 324953 419879 358423 463655 358517 462660 360687 466192 361309 468129 359256 464709 359357 465004 358059 462991 357180 462518 361149 467533 359488 465142 354587 459444 361701 468468 360831 466732 2537
360649 465536 361944 468165 361423 467553 361675 468121 360326 466679 361416 467803 361439 466624 357165 462581 361572 468644 361112 467892 358819 464544 362279 469281 358652 463476 343599 444641 358591 465050 357537 462160 360809 467334 360349 467118 358451 463763 359885 466433 362737 470843 365515 473245 361594 467428 361043 466865 357229 462859 364257 471071 354691 459404 360421 465620 361762 468563 357042 461400 350951 453034 360019 465718 342291 443182 357302 462736 359027 466291 358458 464877 360867 466954 357930 462459 365042 472366 363309 469830 361253 466913 359309 465350 358316 464260 361726 468329 359688 465734 362328 468483 359124 463989 357580 462791 360910 467009 360493 466337 360941 466366 361696 468458 361986 468038 357284 462402 359298 465287 356781 462661 361308 466744 356516 461659 343051 443856 356691 461906 346087 448017 361003 467840 357432 461553 361072 467203 353392 456780 347871 450336 359473 465321 359600 465181 341879 442040 350810 454553 359121 465591 359447 465925 361875 468237 363738 470571 361898 468850 361540 468157 343620 444668 360070 465587 362618 470244 359416 465723 360673 465294 361981 467995 360958 467136 361169 467183 360495 466176 360229 466042 357195 461801 361243 466925 362330 469299 358886 464549 362312 468321 360789 467205 359980 465649 361049 467157 359261 463633 360646 465762 361562 467632 360536 466792 358331 463383 362224 469170 2587
361947 468606 363345 470652 359299 464778 359887 465366 358372 462926 359871 466029 356724 461786 361622 467650 358952 463754 364181 471649 356658 461405 364460 471141 361361 467958 361442 467460 361471 467668 362965 469744 358943 464739 359838 465120 361490 467912 358553 463576 363111 471050 364066 470732 363702 470351 360053 467021 360635 467423 359974 465879 359445 465441 353446 457077 363370 469887 359285 465644 364320 470999 353714 457830 360550 467874 362715 469558 360328 465854 363965 471387 361179 467863 343595 444618 365075 472192 361801 467729 362091 468998 358453 464116 325270 420424 360047 466523 352170 456244 362254 468796 363525 470902 359957 464562 359764 465921 361808 468443 360525 466543 361126 467727 364065 470519 363040 469519 363350 470448 359896 466529 362707 468512 364985 473385 359879 465707 360530 466484 360428 466365 363040 470737 362311 469358 362184 469247 361987 468474 362567 469593 364620 472585 360559 465479 363840 470645 363455 469590 354560 459364 362328 469354 363583 470244 361572 467870 356931 462149 361628 467355 362754 469961 361967 467400 362049 468498 355341 459488 362468 468501 361624 467720 361996 468176 362600 469425 363743 470883 360720 465866 362594 469237 355507 460924 360354 466055 358744 464046 359925 466041 362892 469799 356128 460945 356898 461974 357684 462013 364932 471887 353553 456318 363089 468405 363941 471228 360529 466583 2573
359441 464655 361480 467205 363238 469943 361692 467590 363565 469992 363175 469032 365618 473156 362878 469910 357919 462277 363402 469620 362546 469103 362527 469458 362943 469970 360943 468086 350851 453938 358896 464199 361505 467641 363349 470772 363157 468980 365298 472699 255226 330000 362562 469027 363530 470317 364122 470929 364128 470369 360945 467624 359325 464484 363078 469691 364680 472327 364771 471378 357334 462626 362600 469248 357810 463079 364175 471865 359945 465420 360035 466053 361065 467410 363679 470816 359216 465124 361693 467751 363229 469740 357706 462119 360198 466658 365334 471969 357932 462431 363297 470522 362909 468891 363972 471175 362644 468768 361470 466787 364263 470570 359544 464229 363019 469971 366586 474915 359399 464621 363051 469586 363312 470903 360943 466987 362980 470285 360440 466469 362102 469436 360190 465853 360865 467900 363180 470105 359800 465324 364182 470762 362829 469911 361063 466487 275120 355619 355889 458745 363601 470459 360365 466135 362506 468844 348738 451551 360439 466433 362820 469641 362265 469612 362174 468087 363935 470919 361561 467922 363101 470237 361201 467956 357523 462727 345739 447845 355157 459503 366000 473027 363911 470153 360002 465954 358664 463410 356628 461717 365787 473925 363571 471128 360613 466433 362890 469697 364039 470727 362358 468771 360269 465913 357525 461974 364297 471591 359232 465407 2469
362009 468226 364021 470228 367012 473707 364631 471783 364847 472517 362312 468902 361763 467182 360332 465930 275380 356657 349254 452089 360861 467266 364637 472531 276214 357499 362158 468728 366405 473619 364297 471935 362780 468600 364381 470615 363555 469770 366228 474239 366202 473873 363927 470846 367366 475495 361864 468571 363461 470102 361429 467789 362822 469751 362948 469914 364054 471611 360834 465743 358855 464792 362488 468452 355171 459637 363786 471733 362940 469086 364063 470991 362438 469105 362155 467933 346900 449595 360872 467446 364514 471543 363899 470593 361947 468647 364030 471206 363286 469760 361164 467521 356931 462789 366264 474454 355770 461634 361909 468982 365193 473647 361529 467975 362123 468733 360051 466315 363070 470316 360734 467059 364020 471805 367433 476844 365734 472644 363099 470562 366464 473229 362841 469094 361619 468164 366822 474654 361771 467751 360437 466386 359002 465049 357167 462057 361696 468181 366757 473871 366819 474490 359114 464276 361106 466193 363050 470106 364705 470845 329021 425473 364038 469915 364427 470738 354641 458473 363142 470082 365197 472606 362875 468880 362816 469372 362631 468200 358545 463575 365422 473425 363076 470340 365566 472862 361657 468250 362461 469167 362391 468904 364409 471747 364134 470590 365593 473559 361850 468296 367530 476494 364288 471261 361864 468469 363269 470188 363759 470593 2565
358644 464028 365502 472463 366406 473478 364981 472114 330093 427143 344529 445983 366674 474656 359129 464388 364751 472363 363073 469530 362769 469149 362155 469485 326948 422830 362538 468652 362332 468261 363666 470546 363352 470947 363234 471144 362661 469345 344844 446134 363510 470420 365684 472561 365788 474367 362457 469964 362963 470129 362240 469333 359668 464356 364793 471998 367104 474685 361684 467542 365352 472992 355259 458914 363532 470818 363690 469232 366914 474651 365156 472010 360697 466706 361216 467394 365101 471624 365955 474212 366621 475653 361354 467111 365628 473995 360721 467247 364351 471106 366297 473716 349135 451889 362358 468102 365453 472069 366986 475702 366004 474466 361865 468046 363764 470506 363604 471037 366900 474879 365465 472885 365275 471994 365565 472520 361022 467873 364110 471784 360172 466745 360811 466567 357573 462908 364578 471635 367031 474488 366587 474369 362198 469334 362999 470459 362116 468611 358711 463899 363432 470197 364346 471276 360665 466710 339721 439687 364666 470923 364525 471070 368263 477051 362995 469416 360921 467669 360503 466350 363155 469217 364090 471422 361258 466566 362640 468619 365570 472377 358290 463633 365817 473145 346162 447884 361698 466609 330032 427792 361962 467756 367275 474751 367020 475050 364098 469507 361513 467873 362882 469532 364323 471679 359695 465233 363163 470007 354896 458880 2577
365597 473084 366989 474989 362809 470045 357404 462786 358534 463219 366466 473454 364290 471899 361690 468559 364857 472000 364505 470982 355355 459665 366789 474870 365272 472512 366146 473165 363451 471242 365126 472623 361983 466776 362384 468119 369403 478254 365036 472552 362180 468915 361122 467177 366969 475002 364333 471346 368180 476483 365797 472432 366488 473912 364520 470762 358377 463296 365062 472955 364800 472080 366248 473254 359327 465253 360575 466574 362583 469295 364344 470632 366753 473698 364703 471932 364137 470578 362958 471016 359500 465942 366148 473417 359311 465695 366645 474169 360862 467404 365286 472304 364665 472534 365531 472708 363665 470680 366119 473909 365105 472254 363822 471296 359571 464835 360731 467039 364924 472430 364691 472290 365650 473501 328375 425244 364933 472184 357890 463473 366331 475480 366072 474335 361806 467329 361488 467544 363647 470378 367930 475504 365825 472724 364545 471906 346990 449467 361355 467402 359399 464623 366680 474574 364185 471710 364006 470902 274882 355755 361405 467805 361596 467446 366317 474884 366350 474003 365755 472001 364598 471307 355476 459305 331146 428973 364434 471702 366122 473824 366731 474489 363169 469729 363206 470825 362905 470215 363577 470140 367715 474781 363745 471065 368223 477264 364147 471290 366445 474134 365455 473279 365616 472872 361461 468098 366102 473763 364580 471946 2651
368769 478152 367782 476146 356746 461554 361263 466984 366311 474059 359032 464499 365050 471600 366362 474325 365768 473392 368488 476386 366731 473890 366754 475525 361433 468320 367806 475941 365380 471986 364741 471331 365818 473392 365977 473491 367185 475273 364586 471256 364176 472405 359445 464824 362714 469055 365275 472519 358128 464209 363284 469545 366849 475245 365579 472834 365869 473087 363348 470446 363943 471247 362225 468905 357927 462759 366203 473985 366256 473972 365522 471879 366737 473725 359328 464493 363666 471170 364878 471756 367179 475639 361670 467415 278311 360175 366891 474278 366506 472830 361535 467703 363058 469888 364107 470427 366826 474708 363451 469099 332342 430313 366221 473969 274295 354615 365695 473230 363394 470473 365768 473337 363090 469301 367639 475953 363774 471454 364952 472624 365989 474308 360856 467045 368377 476633 364131 471788 368142 475608 358720 463638 362469 468709 364907 471155 367804 475328 368081 477106 368865 476771 366546 474293 368306 476724 363904 469804 365285 472093 365692 472275 358531 463004 365183 473087 367121 475124 366659 475000 367097 474456 361838 469005 360536 466329 366630 473019 361548 467805 363476 470586 357653 462875 360630 467054 368152 476243 364158 471300 359573 465055 368777 477257 368673 477834 354463 458460 365946 473000 363429 470300 368540 475967 364947 471717 366507 473610 363326 470395 2669
366729 475407 367170 475384 368652 477608 368019 475592 366860 474834 278475 360648 367464 474641 360236 465727 365820 474467 366783 473896 368124 475115 368335 476736 366219 475246 362588 469025 366649 474680 366304 472802 367553 475553 370736 480369 360009 466539 367617 475556 365250 472345 369580 477886 366428 474445 368052 476887 366970 474882 364873 471316 368067 477089 278266 360087 358072 463224 366405 473509 368487 477039 362535 468634 361483 468032 369960 478816 367491 474655 368921 478023 366029 473460 371701 481427 364539 470788 366895 475307 368180 476096 367442 475657 364958 472869 367300 475429 365688 473423 367924 476656 363460 470574 365927 473756 365203 473132 365693 473256 368211 477011 367523 474596 367543 476377 364236 471663 368703 477653 370047 478516 368759 477808 367638 476078 366786 474839 366997 475114 365271 472257 363962 471471 367216 475057 364620 472073 371049 480472 366586 474540 366059 472767 368595 477464 361717 468081 366464 475248 367264 475658 368253 476500 364872 472505 365336 472326 364359 471553 368430 476573 368573 477127 359576 464943 367899 476173 365162 472091 368489 476855 360021 465332 366421 473547 273166 353744 365334 471976 367981 475970 331738 429441 369554 478839 368829 477042 365594 473879 367302 475807 368427 476627 366173 474475 368514 476337 367000 474388 360143 466538 367731 475931 369278 478199 367293 474781 359360 464318 2498
369442 478529 370631 479455 370749 479597 367125 475120 368270 477016 369655 477775 371369 480848 360382 466223 370375 479625 370419 480601 368022 475271 365866 474177 366815 475073 367711 475062 364746 472645 367841 475713 366494 473827 366236 474600 368541 477350 369718 477809 370733 480245 368076 476477 366046 473650 361617 468262 367263 474474 370927 480147 365810 473226 350526 453582 357559 462775 369968 478312 367863 475699 329516 425696 367145 473611 365663 473007 364287 470895 368717 478036 368418 476842 369205 478127 367766 476957 359853 466156 367564 475486 370303 479156 369044 476723 365541 472463 364868 472414 367142 475542 344196 445298 332626 430477 365865 473521 370699 479735 366688 474857 369226 477461 363113 470400 367570 475898 366896 474286 362502 469154 365409 472545 368243 477171 325950 422046 366026 473710 366865 475063 367820 475005 364523 472145 365253 472485 366726 474767 368246 475880 364403 471923 371095 479559 367388 475132 363648 471013 363426 469633 368229 477100 358970 464343 369616 478656 367764 476940 368712 477435 367161 473787 366186 472305 366983 475055 365853 473934 366697 474133 365986 473414 370425 479632 370644 479316 362290 469235 366179 473802 367590 475539 362053 468975 368328 475904 366195 473478 370282 479644 368821 476071 367768 476295 366164 474063 368483 476745 370279 478567 368234 477611 365930 473185 368191 477289 368164 475904 2496
368714 476801 370830 480215 371053 480995 363302 470339 366231 474557 365734 473338 371509 480910 370422 479117 369109 477065 366410 474790 368269 476506 369925 479286 367181 474861 375029 486065 368295 475611 368357 476331 371035 480130 369861 479230 371749 481674 369223 477749 369220 477499 369651 478481 368599 476895 369412 476845 364162 470049 364137 471613 367835 476760 358060 463279 370202 478738 371019 479497 370528 478660 362675 469178 362425 469825 365828 473139 369939 478899 367778 476172 367785 476343 366784 474886 369904 478755 368412 477184 370548 478343 367751 474956 364140 471412 368407 477105 366834 473766 367408 476056 364862 472096 347749 450215 368657 477012 369208 477908 368052 476932 365217 472881 369790 478164 366483 474477 366844 474474 369026 476913 371875 481936 365800 473339 367742 475741 367020 474729 368032 476373 366950 474350 360143 465750 372939 482155 360492 466300 366183 473253 371244 480694 370366 479241 368708 477505 368999 477633 367619 475397 368648 477202 367548 475259 365013 472393 368980 478180 368600 476882 367768 476108 369973 478717 370293 478615 366410 474355 370751 479758 371062 480704 369649 478081 362286 468706 370895 481074 369277 477829 369610 477002 369407 478306 366097 474513 367552 475516 367838 477471 368748 477267 368581 476389 365886 473331 368692 477444 331651 428091 333248 431379 366925 474629 369790 478572 367120 475107 2706
367675 475786 371060 479527 368250 477017 370516 479810 369440 478307 366636 475572 371192 481343 369273 477605 372247 481357 370964 480027 367878 476698 366666 474796 367546 475453 361182 466801 360934 467123 367457 475179 369802 479713 370048 478888 365747 474056 368837 476929 366569 474702 369105 477892 368484 475985 368244 476640 366723 474175 369595 478511 368932 476832 371189 480413 373358 483112 365602 471989 369647 478958 361897 468651 368195 475532 369349 478034 370099 479059 369628 478148 365930 473068 368064 476878 370104 478942 371367 480384 369454 478050 370107 479877 332622 431165 370576 479206 366677 474655 369907 478517 371796 481524 368242 476447 363643 470567 366931 475182 371668 480458 371939 482113 369795 478101 367459 475321 369467 477756 367565 476518 367456 475532 363176 470254 367738 475922 370222 479724 367915 475230 369128 478485 370104 477835 366908 474242 361970 468121 366964 475153 371307 479155 367744 475224 364996 472297 366198 474026 364495 471383 368833 476722 367814 476925 369438 477607 357572 462314 369025 476960 368271 477208 369948 478687 362697 468655 369971 479834 371646 480478 372846 482585 372045 479903 371028 480176 370513 479358 369676 477727 367336 474732 369558 477758 369101 476531 369655 478139 369288 478089 367432 474648 364302 470508 371192 479268 366972 475906 366916 473793 367324 475114 365845 473990 366384 473364 368781 477364 2479
370924 479903 368169 476459 368045 475599 368940 477456 363315 470239 368792 477296 372407 482281 369090 478175 373118 482758 365894 473245 368671 477182 367098 474243 360957 467072 373340 483953 369297 478400 367130 474393 370497 479873 367835 475792 363551 470371 365878 473149 369965 478806 354683 458602 367905 476263 372598 482250 335465 434987 368397 477386 363019 469377 372128 480901 370451 479362 369418 477985 370021 479450 365262 471485 366080 473913 370364 478219 368610 477185 370454 479769 370923 480175 365966 473067 368277 476475 352154 454364 371568 480501 275515 356613 373213 483879 366413 473890 370346 479237 369007 477781 368236 476334 371099 480219 368383 477197 367488 475840 371024 480480 371151 480933 370261 478486 371287 480711 368616 477221 369996 478541 366883 474832 370402 478891 370861 480244 368741 476737 370696 480148 372435 483332 368498 477249 367085 474943 367733 476255 371295 480703 364719 472435 368083 475552 372189 482465 370310 479794 369279 477879 368262 476330 370588 479394 370376 478144 369080 478027 370821 479961 368585 477070 371576 481046 368976 477424 368372 476524 372660 482154 366628 474478 367781 476142 367714 475639 369572 478207 364992 472640 370704 480454 368744 477783 360309 465076 372420 481426 369727 477188 370888 480851 371027 480255 368813 477244 370543 478363 368521 477645 330313 426777 371557 481461 364574 471162 371901 481133 2556
367942 475731 371325 479607 371452 480505 371999 481011 371541 480424 369814 479078 373019 482325 372685 481229 368115 476036 373314 482903 372052 481197 369665 479770 366993 475214 371545 482378 348699 451825 371554 479558 371893 480986 374103 483885 370100 479258 363474 469379 373035 482528 368443 476405 365065 472157 373135 482967 372472 482505 371503 480774 369258 477784 371709 481146 368509 476905 374740 484853 371920 480631 372184 481977 368441 476671 364793 472210 369584 478773 372915 482547 370742 479762 282277 364765 367413 475122 366536 473186 372199 482077 371065 479904 370885 480273 368916 477101 371290 479873 370843 480010 366751 473508 370920 478973 372009 481005 373698 483882 355038 458845 368454 476824 367551 475404 372479 482240 372039 481525 368347 475860 373112 483120 371609 479997 373434 483831 368073 476081 369535 478646 372719 482590 370345 478813 367346 475144 375008 484525 370986 479626 369865 477987 371970 481699 373288 482096 374075 483095 371549 480285 368945 477117 371373 481172 369658 479154 335175 433558 371340 480542 371966 482314 370805 479564 371190 479320 370117 478505 370649 479781 371926 480647 372216 481159 370256 479087 373212 483452 368812 477318 370283 479888 366572 474085 373582 483398 372489 482166 373298 482844 364819 472772 368254 476591 368918 477247 370346 478779 370834 480278 357214 462010 373768 484007 367015 475114 370334 479060 2586
373745 483789 370513 478767 371783 481278 374092 483667 370480 479518 368546 477497 367484 474383 367769 475056 372955 481987 281808 364451 371728 480776 372491 481958 369953 479120 371286 480781 374566 484575 362511 469010 372156 481914 370400 479478 371235 480653 369997 477829 366335 474344 370861 479737 370302 479768 365752 472848 369684 478088 372668 482219 373493 483673 369944 479071 373697 483333 373396 483209 370332 478637 366902 474256 371572 480826 368188 477002 372630 482041 368559 476577 370336 478993 372581 483032 372060 480478 375428 485310 368081 475436 370694 479974 365667 473449 370434 479486 372408 482189 352052 455793 369483 477522 369472 476732 369399 478401 368868 477315 365052 472235 367856 475937 373628 483565 372453 482293 374264 483640 372184 480170 369784 478964 374705 485389 368562 477115 371433 480073 374709 485218 337382 437111 370653 480306 369481 478452 365239 472674 371560 480061 370930 478916 369856 479173 370384 479714 369414 477780 370321 480214 376357 486721 368853 476705 374490 485096 371820 481655 371797 480763 372496 481376 373796 483481 354746 459759 367669 475257 375014 485445 370979 478910 373086 482727 371167 480330 374708 485176 368120 475669 371080 480360 374869 485685 370525 479633 373766 484308 369153 476796 372170 482400 281891 364963 373267 483053 373626 482960 370607 480193 370728 479805 370073 479266 333650 432289 279289 361351 2628
370830 478703 369440 477860 373635 482729 374298 484382 374608 485168 360272 465638 375338 486265 375690 485189 373760 483532 374042 484399 370357 479591 373010 483227 370848 478988 374827 485180 374046 482970 372732 481795 373246 482950 371056 479855 375192 484662 371794 481628 373031 481917 369031 477396 370614 479927 372726 481617 374252 484045 368689 477272 367209 475279 373677 483739 374458 484177 366028 473058 369569 477084 372127 481184 372437 482864 368710 477358 375380 486481 374008 484553 370743 479256 373919 483949 373361 483082 367084 474673 368667 477478 375229 486354 371851 481278 373094 481998 369046 478267 371349 480444 373509 482640 375310 485800 370845 478901 374214 484209 372409 481904 374146 484723 375130 485794 369669 478788 371198 480835 369055 477769 373263 482553 373006 482258 371974 481495 367564 475347 373175 481677 370132 478643 373254 483559 371128 480127 371948 481297 372702 481880 363676 469694 371560 481531 374027 483362 375730 485895 370213 478815 372548 481801 372024 482318 375815 484983 373168 482405 369672 478492 369045 477836 371671 480986 372457 481379 372884 481665 357321 462840 374111 484617 371629 480479 368141 476089 365903 473890 371078 479522 375058 485883 372254 481114 363421 470522 370790 480260 369337 477348 374899 484640 372858 482636 372005 482360 372736 482332 376213 485361 370334 478548 374732 485129 366294 473583 366915 475718 2528
373530 483375 373387 482325 375845 487386 377422 487497 376328 486122 378500 489818 373129 482631 372938 482623 371130 480024 373427 483521 281891 365198 370559 478582 375595 486389 371948 481089 371822 481050 365658 472676 372306 481721 372150 481674 368651 476347 368167 475931 372326 482708 371390 480363 359105 464928 374716 484618 368758 476661 372711 481863 371456 481161 373596 483221 374287 484454 371911 481422 372606 482147 375621 485369 373375 482547 369552 477947 371785 480103 372243 481421 372940 482396 374645 484984 370530 478882 376460 487425 371708 480287 371611 480556 374377 485180 374317 485029 371991 481951 372343 481070 366822 474731 370977 480114 370538 479335 365311 472763 373355 483249 359498 464809 371151 480995 373814 484526 374374 484104 375198 484863 372114 481716 373631 483285 373488 482764 371800 480510 370238 479085 376436 488246 373572 483034 371981 482100 376119 487557 373389 482647 373648 482928 376030 486793 372586 482512 365823 473374 375490 486693 369341 477860 373337 483353 370377 479066 375586 487024 370455 478632 371080 479089 373577 483471 371504 480724 367568 475212 373303 482302 376333 487959 371010 480774 373711 482473 373351 482514 371981 480901 374808 484398 373815 482620 377897 488853 368459 476926 375947 486164 374735 485727 362211 469078 374473 483664 373875 484413 373517 483808 375335 485323 372205 481773 371458 480474 370904 479957 2594
375069 484456 371671 481132 370968 479911 372484 482226 374208 484499 364783 471334 354411 459159 371419 480898 374270 484200 373139 483179 370392 478404 375189 485172 374157 483921 375512 484711 373733 484333 375796 485811 375105 485672 373510 483572 371872 480861 374674 484477 284031 367803 375563 486108 377901 489352 373074 481904 375221 485802 373807 483944 371734 480048 377074 488648 374735 485241 371024 479584 373718 483574 374305 484914 376798 487903 372125 481156 372787 481805 372625 482732 372081 481549 375115 485761 374757 485356 374738 484678 370182 478353 370280 478052 372973 483087 375322 485916 370339 478814 374991 486036 372997 481905 374122 484863 372188 481998 373082 482157 374550 484268 363476 469919 363027 468379 373701 484311 374789 484971 373683 483241 376995 488091 373410 483459 376070 487540 378001 489878 374232 483374 369630 478778 364911 471435 373810 482807 371401 480488 368681 476303 373843 484412 376272 486389 372621 481610 374270 483513 373720 482560 377538 487899 374597 484047 377909 489260 373943 483000 369801 478734 376711 486847 375099 485445 340839 441249 376395 487612 374105 483670 374249 484542 373275 483312 374017 483197 373378 483314 372188 482032 373442 483495 376575 487558 370064 478476 373227 483505 374249 484609 375428 486104 373980 483606 374181 483893 369209 476812 372329 481764 367844 476486 374327 484223 371947 479760 365708 473370 2561
373536 482257 370517 479745 374698 484139 374584 485321 377648 488667 376335 487288 368563 477076 369568 477685 373968 484559 378887 490285 375447 486277 374046 484030 377300 488569 374848 485710 377330 487034 377957 489136 372747 482252 371368 480341 372610 482315 376210 486868 377914 489522 368729 476990 375501 486752 376902 487523 375349 485415 374646 484553 379210 490810 373736 483966 376708 487168 365702 472384 346384 448071 370839 480147 375836 487197 370137 478716 375330 485095 372729 482820 369417 477151 378292 489725 371801 481094 374124 484153 374739 484133 377414 487848 374607 485560 373936 484223 373226 482252 376934 487176 376093 485963 377656 488019 340408 440436 370753 479189 375553 486972 376132 487081 375445 486002 374525 484878 372980 483215 371756 480526 374254 483611 372642 482138 374144 485259 375863 485833 377382 487298 370176 478269 377115 488158 338214 438126 354944 459290 375337 485771 376342 486739 372160 480740 372664 481317 373934 484121 369193 477632 377301 489190 365473 472640 375113 484785 377422 487787 370475 479692 374227 483771 373007 482886 377008 487990 373980 483951 372437 481806 374125 483776 375452 486151 372525 483017 374501 484689 375899 485866 373877 482926 375720 486268 375253 485776 358123 462298 368747 476544 377206 488096 376378 487182 370733 479235 373828 483123 374130 483695 374486 484580 375833 485483 369703 477539 376509 487905 2442
374586 484166 374371 484377 368871 477050 374724 484823 374989 485398 372371 480153 379013 490764 377256 486957 358346 464622 376499 487284 370519 479070 373362 482286 374031 483334 371586 481017 377016 488063 369998 478963 376801 486455 375335 485686 375754 486286 378941 489518 376579 486812 376836 487617 375588 485284 377034 488318 375563 485972 375895 486965 369885 478396 376069 486630 373128 482234 281745 364840 377398 487533 376731 486907 375350 484784 376848 487253 377639 488807 377226 488258 379331 491533 377449 488212 373349 483390 375939 486988 377353 488047 372299 481435 340380 440629 373959 482860 378108 488246 376313 486848 377027 487592 378187 489734 376990 488017 376938 487861 380043 491919 375175 485741 374575 484793 376006 486251 373589 483076 378533 490619 372734 482132 372634 482333 376025 486728 374100 483413 375730 486685 376956 487196 358382 463403 374862 485542 376666 486630 359370 464157 371253 480425 376830 486842 372108 481924 369451 477852 373962 483840 374603 485200 377067 487456 370266 479358 374976 485461 376655 487762 371279 479447 373012 482514 377224 489236 375358 485202 376234 487542 372484 482748 366165 474660 377426 487424 373248 482471 374269 483263 375590 486230 374652 484879 378266 488761 373613 484140 377360 488594 370610 480008 379146 491080 375109 485274 375515 485501 357923 463574 375434 485483 378450 490450 369865 478773 375814 485686 2716
374197 484202 380650 491623 377833 487939 378572 490119 372529 481842 367635 475485 372498 481213 378786 490218 377950 488259 367655 475807 377018 487311 375229 485903 378634 489206 378429 489809 372583 482553 379580 491425 337383 435943 373325 482592 378341 489295 373344 483100 376304 486953 285338 369528 374815 486080 377307 487448 373435 482176 377417 488637 377252 488381 378050 489081 379989 492542 375036 484213 379416 489882 372755 482104 374389 484571 378336 489883 285773 369762 378656 490396 379113 490790 375559 485894 368267 476599 375225 485446 378371 489102 376597 486908 369839 479264 377988 490571 374073 484091 369643 477660 369625 477530 375511 485872 376212 485836 369456 478142 377801 489536 378955 490343 376863 487027 282960 365521 377780 489155 376278 486990 375101 485219 379077 490736 375379 485060 376777 487312 377573 488446 359823 465673 379046 490907 375091 485385 379066 491135 378961 489412 375147 486514 377445 487421 380247 492491 378063 489677 377262 487611 376243 486295 378331 490130 373356 482784 379564 491249 372815 482543 373869 482790 378299 489020 377130 487158 377791 489470 376707 487762 378670 488988 375628 486087 376925 486985 372923 482261 376889 486878 375510 486227 371640 479659 378090 489277 375669 487357 375303 485177 375997 486066 376064 486780 372940 481618 373300 483482 378313 490210 376975 488155 373484 483343 375297 485183 374460 484398 2604
376658 487427 377532 488353 374078 483903 372025 482079 375765 486927 375834 487117 379858 491321 375919 486154 378010 489523 380495 491086 378121 488085 378304 489960 378452 489049 374633 485485 375141 485538 378818 490213 373942 483995 372670 482279 375859 485481 378348 489850 363640 469676 380302 492657 378418 490070 376580 487704 341054 441014 375903 486091 378590 490041 376130 487299 375305 485863 381299 492440 375019 484601 372074 481530 379909 491806 377556 487836 379842 491436 376044 487546 372411 482049 375757 486918 378326 490169 375954 487229 372701 480381 376899 487524 373657 483527 353173 457307 379238 491054 376359 487414 376830 487423 375321 485182 377128 487968 380232 491631 377987 489339 374612 485330 341249 441107 377913 489380 339388 439039 377533 489270 287356 371831 381337 493128 377662 489058 378851 489998 374791 485020 377252 487570 371476 482133 380727 493331 380365 492855 379252 491035 381118 493525 377145 487355 376474 486794 374098 484495 379670 491787 373435 482927 376940 487585 376244 486660 379168 491066 377469 489234 378454 490848 372971 482052 379584 491539 369815 478626 377021 486483 378703 490203 380469 491881 377202 488096 376291 487617 379076 490845 379450 490449 378612 491125 379853 491818 380495 491766 379052 490770 378280 490256 377299 487952 351326 453653 377225 488479 380832 492197 379143 490799 378054 490000 378636 488459 374751 484583 2711
340391 440359 376462 486026 379800 490928 377061 487867 377974 489288 376226 486882 378578 488709 379104 489483 378023 489163 377499 487970 379305 491365 379303 489734 379460 491407 376006 486805 371542 480775 379785 491091 370733 479783 285878 369823 371611 479155 376431 486649 378004 489968 373824 482215 377732 488387 370324 479095 380623 493226 380103 492389 376723 486557 378837 490810 377814 488830 377534 487589 379571 491815 378313 490457 380636 492672 377070 487571 374245 483390 373878 483127 380039 491772 377726 488886 380344 491120 379228 490790 378445 489825 378806 490308 380352 492268 379430 491026 381762 493436 378113 489539 376993 488030 374621 485115 381185 493909 379782 490518 374969 484909 376694 486108 379546 490282 373296 481847 377283 487154 377667 487882 379680 491247 379860 491255 380251 492453 378472 489937 379936 491891 381482 493238 375041 484911 381943 494899 376619 487360 376794 486356 379181 490059 378919 489316 380931 493201 376939 487523 379842 491145 377155 487339 379504 491206 372368 481752 381229 494598 377376 489145 375193 485852 380157 491524 378075 489140 370692 479236 377093 487473 361803 468595 377229 488553 378269 488748 377662 487487 375474 485702 374891 485506 344552 446038 372153 481339 374257 483295 378816 489251 374925 484932 360939 466538 379023 490472 378168 490525 376718 487144 380971 493380 368857 477493 373741 483328 372344 482038 2633
378043 489506 379483 491276 378648 490014 381488 493021 378439 490245 376612 486470 380976 493118 373653 484162 378527 490122 376713 486871 380430 492516 381376 492940 380506 491630 378559 490614 381607 493266 378013 489528 377141 488556 378433 490248 377849 488528 377906 489659 377147 487940 379783 490435 379875 491791 383968 497009 381050 492574 379740 490773 381128 492624 378209 490140 376639 487639 376997 486964 369658 478252 380633 493391 340561 440921 378163 489427 378857 490885 374927 484789 382469 495417 376853 488410 340264 440146 380835 492279 377742 488960 378059 489412 380641 491216 380025 490580 379695 491527 382638 495311 373541 482942 377325 488627 379562 491135 380376 491314 379541 490511 383280 496400 375681 485812 268770 347882 380873 492829 373396 483197 376690 487401 380278 492911 361144 467260 377212 487689 374067 484179 374847 485182 381972 494589 377301 488425 379737 490638 378833 489716 372857 481860 379956 492444 382319 494239 378300 490537 380587 492641 377723 488739 382909 495512 382055 495110 382223 495011 378782 490365 376441 487227 382267 493634 381553 492796 381535 493498 379770 491010 377904 489455 380953 493499 378782 489920 380006 491704 377895 488827 377050 488028 380573 491993 381575 493208 376364 486004 373374 482184 381411 492897 369149 477779 377568 488931 373606 483939 379964 492022 377622 488065 378737 489963 382513 494735 379407 491533 2525
381091 493966 381826 494942 379979 490537 382065 494723 380419 492279 380530 492118 381398 493597 379604 491146 380621 493730 381067 491637 379417 490377 381230 493016 377821 488563 377052 487325 379920 491080 380190 492652 378969 489853 378735 490625 380651 493403 380483 492076 377772 488265 375389 485576 379972 492054 383452 495052 380683 491773 382750 495590 370795 480168 378374 490266 381545 493519 380058 491462 383225 496269 378498 489550 377381 488366 378222 489778 382145 494786 376133 487230 379110 490317 381711 493899 379986 492318 379032 489931 382527 494740 378341 489604 352600 454833 382652 495245 378817 490214 379215 490888 382923 494844 382572 495438 377625 488764 379086 489964 376849 487848 381861 492924 382442 495094 380724 492262 378717 488787 380999 493741 378896 490133 380045 491978 382937 495050 361497 467577 378285 489370 381459 492508 379616 490982 378623 489950 374507 485040 377570 488296 380072 491561 374763 485513 379012 490279 379674 492073 381096 492552 380355 492596 380743 492234 375550 485182 379696 490484 371698 480775 373428 482577 377981 489016 371229 480625 380686 491638 378726 490286 376642 486955 380624 493224 383063 496061 379896 490142 381360 492792 376654 487420 375846 487120 363855 469781 383689 497098 378421 489098 379368 491092 377074 487774 378215 488941 378924 490239 361757 468671 379596 491665 384721 498464 372516 482377 375210 485772 2646
380684 492602 382358 495047 377449 487722 382971 496171 382375 493924 382704 494300 383253 496400 380262 491510 382605 494679 377990 489156 371690 480994 381060 493583 363292 470184 380247 491462 383141 495116 379162 490756 380271 490268 383379 496863 380133 491949 381203 493398 377878 488068 382822 494210 377560 489110 384001 497499 382415 494972 372924 482029 378823 489915 379028 489554 381789 493811 378335 489968 378946 488690 380003 490229 380747 492934 377282 487957 383123 495658 380547 492066 379034 490664 370997 479858 379261 491216 380954 492797 378772 489502 378949 489606 376380 487119 382793 495087 381056 492974 379547 490626 380899 492513 380585 491349 382473 495260 381647 494191 378697 489807 376308 487273 380167 490926 381581 492805 370640 480429 376230 486582 288239 373164 378519 489420 376973 488251 366521 475137 364850 472733 371891 480879 376773 487949 382861 494561 382279 494738 382066 493426 380284 491981 378707 489846 383270 496846 380385 492448 382301 495124 383519 496370 383673 495967 381367 493269 381689 493803 380883 493166 378585 489852 381302 493659 380235 491609 381184 493047 378808 490544 382706 495798 380289 492221 380578 491830 376626 487151 381704 494446 378567 490595 382355 494294 377708 489322 376323 487100 374211 483167 383332 496544 381105 492731 382650 494422 381142 492942 372295 481991 380259 492629 378416 488756 380088 492501 378387 489209 2656
383169 494843 380197 493057 383144 496028 379435 491680 383317 496603 379439 490004 383387 496846 383474 495764 382530 495662 378454 489728 381788 494122 382244 493960 372199 481755 380260 492233 384662 496667 380149 490415 371939 481357 382367 493823 382212 494003 380471 492323 381666 494351 383651 496108 381183 492711 382457 494372 380357 492901 380509 492168 380790 492527 374925 485669 377101 487511 384435 497606 381826 493069 288456 373591 379392 490774 382690 494996 380960 492650 381027 493792 382055 494700 378114 489059 379458 490926 376740 487083 380414 492356 380438 493334 384174 497010 378016 487667 381796 494433 382251 494691 345864 447820 381533 494531 379496 490902 381601 493043 374801 485704 379627 491691 365431 472536 381738 493687 380453 493087 375429 485458 379083 490816 383022 495929 381017 492697 383514 496165 381351 492994 383939 496429 379565 491246 377274 487893 383640 497148 385055 499094 383890 496762 384914 498955 377553 488625 383645 496299 376733 486491 384362 498135 380605 492860 381961 494279 381711 494105 377367 488617 381208 493362 382434 494721 379672 491160 378390 490042 378570 490035 384060 497369 382029 495246 382425 494448 380933 492303 364150 471121 380050 491457 384136 497022 381251 492534 383273 495960 381433 493923 378956 490366 382059 494340 381419 494367 380681 490996 346803 449241 378921 491419 372287 481421 382865 494676 381322 492937 2514
381424 493392 386222 499543 384174 496767 381021 492987 385884 499163 383828 497439 384576 497118 379811 492346 382368 495574 380811 492758 384292 497991 382999 495121 380933 493242 381989 493119 383064 495772 379972 491574 385306 499174 380311 492173 380267 491950 384546 498487 383798 496671 381467 492863 374439 484536 384429 497952 380798 491855 380782 492537 384825 499375 379678 490900 373742 482686 383321 496201 385904 499091 383111 494792 383798 494730 384219 497220 381058 493119 379970 491560 382288 494956 377971 489492 384508 497375 383370 495945 387033 500566 381572 494682 386270 500089 379931 491462 381058 492667 380211 491892 377640 489972 365323 472422 385711 500262 386406 500077 381842 493008 380492 491869 383916 496894 378432 489427 381895 493156 382291 493560 382700 495278 381874 493203 382184 494821 379373 490397 376544 487654 379673 491287 290423 375879 382914 495858 386275 500252 384570 497014 383801 495651 376944 487721 286543 371136 377667 487225 344449 446280 377194 488377 381123 493239 383187 495499 383656 496154 366249 473345 382839 496109 383775 495535 381141 492409 382980 495561 384957 498622 344961 447023 377437 486939 378045 488954 380750 492966 380552 492359 385874 498638 378930 489837 381640 494476 381735 494124 380103 491107 380098 491891 378582 489989 384342 497656 383301 495558 383517 496021 379027 489588 380501 492068 384221 497508 383573 495323 2643
378314 488800 385936 498775 382826 495712 382457 494768 385591 498893 382268 494806 385278 497820 383752 496401 385194 499360 386693 500168 383871 496963 385397 498732 383486 495357 384367 497034 384600 498041 381679 493577 384598 498721 386074 500160 382557 494393 381366 493325 386138 500272 380834 493271 386008 500072 384641 496781 380557 491976 384012 497749 379064 491333 382878 496359 377384 487979 383312 496285 387172 501778 382896 495340 381771 493932 376750 486299 384241 497185 382186 494660 386530 501150 348331 449630 383345 495550 382686 495265 386908 501640 383865 496915 382244 494382 379688 491307 386183 500106 382661 495857 379749 490885 381273 493760 383836 496944 374518 484659 380103 492265 383837 496954 378785 490251 384161 496555 387117 500762 383932 496299 380595 492763 383077 495196 378435 489571 384751 496949 348708 451652 380275 492408 383616 496320 386575 501333 385484 498058 381362 494305 384713 496321 383777 496907 381123 492897 385461 499631 383209 496086 382990 495162 381503 494065 382113 494756 376232 486915 385257 498517 382582 495350 380519 492063 382532 495055 384417 497228 380467 493222 380957 493043 386998 500926 381663 494715 384151 496342 384239 497671 379159 490361 378777 490844 382003 494276 380870 493062 383202 494063 383870 497469 384248 497626 385416 499058 386968 500736 377723 488892 380394 492592 385746 499042 384221 497376 380728 491891 2686
385951 499962 385793 500192 379320 490869 382057 493427 384867 498324 379438 489647 383514 494735 370744 479088 386803 500548 386297 500632 385346 498541 383638 496885 385979 499886 384413 497387 378611 489945 384253 497092 384640 497050 380075 491176 379902 492053 381224 494302 385637 499563 385357 498111 379672 491074 381141 492996 381065 492441 384116 495914 382500 495570 381481 493673 384267 498396 363061 469493 374825 485014 382741 494429 385501 497924 344790 445372 382965 495310 374445 484713 381789 494194 379755 491331 382651 495513 386901 500740 387899 501621 383344 494999 385569 499796 385112 499466 254996 330228 381153 492741 387339 501524 381924 494118 379682 492113 382213 494590 381898 494608 384229 497478 384262 497411 383497 496131 382203 493486 381480 493890 380594 492351 380717 492559 383187 494857 384722 497232 385181 498428 385786 499390 385548 499853 384977 498244 382269 494442 385506 499352 384896 498055 381178 492976 382122 494067 379387 490770 384647 496922 383192 496202 384588 498300 382965 494519 381568 493343 382437 494601 387516 502277 387409 501813 386295 500304 383789 496866 379460 490931 374802 484707 382303 493949 386308 499652 384191 497743 379693 491234 384503 497360 382849 495057 378866 490093 385601 498436 384596 497028 384664 497051 384157 496452 382072 494905 384305 496807 383636 497037 386902 501192 381505 493972 385091 499040 382943 495383 2629
377275 487698 387621 502388 385776 498321 384311 497282 386116 499219 380954 492104 384318 496760 385718 498162 387756 501865 383691 496202 383779 496278 384889 497201 292112 378381 385575 499511 387570 502267 377787 488236 386077 498858 383921 495897 384200 497226 379549 491377 386913 500764 386692 500511 380797 492745 385913 499443 368528 476350 386825 500997 384718 498033 382682 493969 381971 494625 384485 498247 383042 496097 380830 493244 381963 493702 384573 496936 383607 494829 378815 490211 385062 498643 385785 499879 366187 473567 379850 491470 387700 501680 386343 500616 386394 500139 382430 494561 380301 492737 380474 492978 388816 502509 386158 499304 386199 499892 386525 500956 383110 495943 379353 491285 387796 502196 384416 497775 387046 501485 383714 496203 383341 495748 386716 499912 383754 496800 389058 503788 381548 493519 384632 497377 383164 495417 386199 499713 384208 498516 383237 495426 384426 496681 376296 487937 290598 375644 386228 499614 379208 490695 385744 497977 383285 495249 381453 492111 378737 490088 383334 495599 384547 497638 383461 495922 387357 500681 385154 498246 383513 496553 384574 498154 385378 498179 384990 498403 382390 494026 381459 494694 386886 501090 349693 453137 384597 498470 384883 497650 387599 502112 384028 496247 390140 504464 386035 499082 381811 493587 364016 470248 381394 493283 384414 496185 385619 498922 384182 497292 2541
382937 496029 387697 501027 387888 502379 384656 496713 382735 495139 387030 499743 385956 498592 382488 494825 387607 500087 384899 497979 384410 496863 385764 499737 387980 501173 384249 497404 387592 502304 386966 500647 387424 501546 386811 501126 384258 497589 388610 502277 387289 501595 386630 499576 384763 497073 385900 499592 386525 499411 383873 496373 381188 494070 384076 497285 387089 500323 383972 495997 384688 497984 372579 480645 384507 496089 386867 501566 383825 497020 385091 498757 385420 498990 384193 496930 381861 493902 382924 495924 380906 492089 387388 501012 384578 497873 386910 501868 383954 497204 387362 501330 386140 498647 387122 501561 386466 499380 382528 494880 386006 499739 383398 495803 389072 504223 385750 499682 379823 491403 349625 451924 350140 453020 385690 498731 374813 485110 386727 501032 384481 498182 380839 493542 386712 500829 387031 501249 376364 487659 381947 494358 377040 487002 385399 498570 379076 489915 386937 501428 384951 497657 387163 500979 382319 495017 386470 498987 382492 495050 384647 498289 383535 496522 385867 498590 383661 496945 382479 495140 385573 499846 389122 503013 387057 501394 384216 496590 382119 494486 384823 498527 383795 495873 386966 501624 369787 477663 389048 503963 386196 499499 379461 491599 367306 474985 386035 499714 385128 498015 380961 492260 382138 495101 388171 503154 388447 503216 383286 495863 2613
387795 502361 383242 495680 375202 485066 381457 493460 386083 500319 385730 498425 383616 495759 376429 487415 386082 499199 385627 499140 369102 477359 380595 491347 381084 493658 389213 504292 380444 492059 387836 501586 382531 495335 388926 503747 384391 497806 382517 494387 389025 503621 387653 502229 382081 494045 388500 502049 385466 499515 383932 496447 386707 500595 387989 501630 388589 502472 388551 502428 383391 496469 387657 501148 386361 500196 385163 497771 384786 498453 388652 502097 383018 495474 386378 499734 386808 500370 387232 500358 380474 491292 388266 502444 387624 501246 387498 501893 383211 495626 384795 498452 386118 500666 386849 500454 381363 492862 384950 496776 386641 500878 370979 479412 382312 493866 386250 499810 389894 504221 382904 495587 368870 476893 387174 500227 383657 496091 387784 503097 378845 490339 384397 497331 386757 500063 388718 503856 386550 501036 386625 500685 380676 493723 384320 497158 385142 497576 384728 497262 371650 480892 385199 498368 386391 499197 380482 492828 385839 499554 387539 501888 386302 498912 387410 501182 385626 498081 386164 499290 383301 495639 387161 500626 384037 496343 385619 499380 377394 487375 383835 496056 378799 488218 383665 496386 389918 504697 387167 500088 387822 501161 386191 498739 363711 470887 387393 501800 387647 501775 390243 504938 387775 502066 386470 499356 386558 500208 383354 496449 2772
387040 501702 386590 500244 385407 498888 389440 504738 388153 502466 385212 498366 392105 508734 386523 499686 387022 499961 351279 455070 387237 502549 391492 506742 386684 500988 384672 497765 387617 501887 384435 496959 387155 501291 386228 500277 385913 499761 387715 501538 386962 501884 386832 500041 385212 498766 387467 500867 387301 501546 387133 500999 356061 460089 391630 506581 378377 488216 389209 503419 389286 503175 383741 496959 390868 506327 386398 499872 385983 499586 388047 501065 385187 497900 384732 498066 380069 491568 385076 499410 388812 503151 388586 503613 384701 497425 387141 501028 391496 506627 385703 500084 380779 492790 385467 498882 382168 494122 388153 500965 385688 499774 389805 503431 378511 490306 385431 498241 385171 497766 388264 502444 389043 503785 388537 501740 381803 492704 388293 502940 386987 500445 386512 499607 362535 468383 389444 503341 385869 499447 381961 494075 388048 501624 385504 499213 386756 500739 384257 496957 387385 501139 389259 503332 385014 497858 389833 504533 383089 496358 380868 492442 389234 503511 388268 501885 387575 500441 385477 498891 382828 495977 388798 503362 383400 496198 383973 496188 382049 494868 377010 487079 370116 478919 389342 502930 386855 500298 388137 502034 383555 496062 383999 496639 384033 496643 385551 499048 388913 503610 385838 499036 391763 506457 384243 497153 387031 499798 389519 503616 2531
389848 504043 386957 501102 387936 501687 388927 503515 369411 477387 388661 502357 387729 502182 391217 505630 389175 503752 390986 505919 385741 498734 389472 503287 391204 506332 369884 478481 389621 504750 388436 501542 390071 505320 389311 503938 389917 503238 387519 501328 384344 497675 386754 499881 391826 506632 387661 501719 386696 499645 385555 498784 389959 503937 381038 492972 386902 499713 392001 507683 385014 497801 385822 498990 389235 503583 389804 504951 391593 507171 387665 501843 389097 503181 390718 504803 391082 504734 383500 496873 351601 454633 386584 499302 387147 499920 382690 495385 385300 498073 385834 499246 385623 498897 383791 496704 385511 497932 384984 497963 387051 500910 389659 502862 387850 502494 386044 500024 388939 503897 384988 497085 387540 500949 385642 498754 385582 499086 385314 498749 389673 504868 390480 505535 389375 503603 389783 504382 385243 498295 385724 499024 381441 494082 387650 501564 384788 497221 388152 501831 390030 503798 380629 492601 385822 499441 387257 500247 388233 503074 389862 505165 389236 503869 388340 502935 387861 501796 387763 501937 386949 499743 387433 501397 389091 503779 386694 499412 384156 496832 389517 504516 384065 497330 388469 502107 388435 502826 390999 505838 391791 506511 380723 491381 370824 479175 387903 501815 390958 505162 388296 502108 388003 502472 386468 500271 381993 494056 384333 498004 2643
390043 505283 389035 503526 389137 503219 387647 501413 385538 498010 388821 502413 389359 503334 392492 507047 392569 507391 386827 501095 390447 504761 387707 502008 392110 506539 392224 507332 387217 502121 383238 496039 378927 489778 391489 507348 385943 500010 388085 502500 383032 495568 390259 505979 390932 505084 391905 507711 387267 499744 391591 506273 382732 494732 389062 504411 387712 502062 387711 501642 383061 495790 388598 503697 386351 499772 388394 501893 381862 493632 389505 503816 387807 501897 382988 496221 392038 507325 388386 501959 390723 505445 388671 503011 387984 501921 390716 505331 389657 504261 388558 503011 389137 502927 391306 506938 386265 500167 385008 497619 391447 506530 391676 507473 391764 507810 391567 507060 370406 479352 390372 504728 389300 504098 387825 502180 390151 504975 384160 496569 388606 502308 388322 501924 384519 497677 384434 497567 385949 499111 296178 383460 389754 504578 391672 507612 390151 504334 369383 478457 387488 501898 385828 499079 387266 501601 390577 504950 390083 504200 388678 502469 385551 498933 390433 504366 386024 500181 385681 498196 387101 500192 390563 505741 387707 501160 389796 503246 386568 499656 388223 501116 388513 503001 390648 504015 389245 503044 388025 501712 384838 497680 386898 501212 388930 503953 388313 502789 389015 503824 387445 500567 386653 499869 387609 502126 390326 505275 391221 506458 2670
387475 500082 387711 501588 389700 504338 387950 501915 387018 502047 391287 505556 389582 504646 372086 481916 390451 505082 389375 502993 387844 501736 390342 505475 388875 502274 393393 508825 388699 503551 391504 507411 388811 503766 389002 503587 391341 506470 391838 506144 387764 500331 391143 504880 389367 502906 390161 505488 395026 511436 367354 474690 393217 509116 377404 488218 390291 504542 393640 510158 388528 502515 388979 502957 388582 502012 392123 508063 388644 503021 386918 500808 353248 456712 385996 497923 378907 490757 388459 502625 385665 499070 353231 457712 389917 504534 389099 503763 392202 506695 391533 507515 391816 507205 382793 495552 389354 503686 388862 502457 387846 502171 390423 504889 388319 502561 382937 495537 384582 496646 391524 506633 386397 499627 389808 504925 387858 502247 389681 503663 388903 503867 371172 479857 390462 505718 389285 503815 392899 507562 391023 506242 389289 504189 387254 501645 386454 499053 392716 507432 390519 504309 391705 507636 384566 496828 372144 480844 389737 504638 388899 504392 392082 507661 389605 505196 387512 501689 390800 505348 381070 493119 389279 503818 390226 504799 389861 504695 388212 502529 388875 502357 391638 507019 389607 504027 390478 505533 391774 505996 390805 506375 390386 506434 385292 498573 381238 493488 391065 506571 389939 504473 386402 500546 388275 501538 393963 509659 389332 504192 2657
391473 507127 390038 504406 390300 504751 392636 508201 391479 505964 390887 505075 378612 490229 389476 504581 393008 508562 390387 504163 390158 505462 384731 498337 392128 507753 383571 497039 392109 506589 388100 501612 390408 504086 389750 503935 385353 498894 391547 505999 393074 507232 383630 496719 392018 506846 391547 505550 386957 500739 388252 502817 391599 506871 392664 507496 386073 499946 387028 500410 388616 503492 391925 506792 389844 505234 393177 508237 388940 503352 371474 481365 392401 507608 390874 506063 389375 504074 389881 505015 388171 502143 394794 511182 392373 507154 392753 507697 391198 505976 391348 506415 392158 507503 393007 507994 389828 504363 387336 501137 394077 509136 391885 507200 393077 507795 394179 509538 391646 506839 391352 507781 385488 498645 389084 503311 394149 510059 387098 501055 393198 508662 296910 384349 392751 508564 388604 502060 389649 505240 391065 505874 390999 505582 393006 509062 382726 495200 372894 482824 387502 501113 389697 504057 392622 507371 389238 504108 388467 503334 393145 508058 382574 495334 389196 503562 387559 501238 381936 494208 392826 508810 387873 502110 391296 506392 386332 499807 392780 508380 394087 509049 389283 504422 392724 507722 385096 497499 387585 501126 391046 506048 390787 506052 391535 505923 388212 502353 391753 507725 391209 505822 390499 506265 384905 498171 393567 510678 388198 501437 2669
393522 509795 389497 503455 389999 505249 391560 507450 389697 504375 394396 510610 392087 507381 394085 509857 388885 502478 391916 507350 392867 508419 379986 491676 389952 504786 384977 498430 393290 508289 393513 509513 390440 505484 390783 505948 379954 491282 390326 504618 387043 500800 393534 507988 388409 502755 392532 507426 394312 511165 373713 482482 390972 504881 382080 493765 391247 506078 391680 506280 388317 503013 393972 509051 389883 504036 384737 497211 391428 506494 389586 504595 392491 507156 391639 507291 393784 510110 389194 504160 393203 508110 394030 509472 391261 505705 389853 503968 386944 501415 391566 505924 394836 511502 392370 507644 394335 510018 394822 509874 393700 508485 381782 494298 394180 511175 391150 505608 394127 510244 389845 504858 390678 503960 390531 505983 390461 505833 390038 504956 392676 509345 393663 509114 391364 505619 386407 499504 388467 503215 391707 506843 388957 502709 384899 497349 392271 507692 391901 506924 387744 501461 388544 503072 389729 504637 394424 510018 391544 506877 295835 382670 387341 501400 390323 504731 391655 507278 383273 494795 390780 505663 392187 506966 392114 507330 393794 509025 390182 505605 390436 505070 386176 499474 390651 504074 392943 509582 393256 509917 376442 486500 386691 500368 391235 506867 392314 508159 394695 509806 388686 501913 388437 501535 392765 508227 391257 505201 395023 511079 2797
389914 504077 391449 505728 394861 510628 391312 506550 393303 507574 394498 510098 391477 507016 390254 505178 388313 502159 392648 507484 395252 511118 387545 500997 393181 508737 391284 505076 394934 512263 395166 511596 393120 508945 393054 508829 389124 503084 390177 504901 391012 506452 391919 507553 295049 381859 390999 506586 393713 509492 394587 510773 392312 506590 391406 506435 391365 507200 391558 507348 388016 502183 393781 508949 392511 508071 391577 507194 389285 504331 374084 484984 394962 512379 394088 510122 390801 505608 391975 508310 391090 506486 393246 508807 392711 507440 391878 507708 386092 499017 394323 509639 389618 503387 354988 459090 394233 511450 392522 507630 396754 513706 389946 504606 390823 505008 395029 509908 393565 509285 393924 510414 394017 509311 390944 505629 395375 510957 390446 505903 389372 503339 392915 509295 374560 484360 392598 507739 394680 509876 389931 505108 394466 511087 392647 508061 390727 505631 392123 507657 389368 504669 394219 510810 393187 508916 390980 505158 391728 505484 393309 507968 389742 503973 393992 509603 388317 501856 392810 507978 390027 504877 393185 509883 392838 507524 391084 505647 391890 506856 393323 510051 385591 499455 391379 506740 390600 505765 393101 508360 393660 510005 396146 511954 389267 504685 388611 503182 390253 505292 395618 510985 394660 509751 396780 513123 391650 506967 390107 504977 2674
392423 507909 391863 506627 392721 508033 391315 506323 389885 504955 379238 490642 396888 513308 391235 506172 394904 511882 393522 508751 392233 507707 392007 507548 388196 502852 393648 508586 393858 510619 392123 508636 394269 510566 391403 507000 396799 513610 396514 512106 395455 510822 394811 510816 393352 509423 298338 386239 391369 506880 389767 505238 391424 507250 388804 502413 393464 508292 394903 511080 392976 507648 390131 504651 392927 508598 391022 505354 391719 507454 392621 507786 389526 504014 388590 502873 394580 510579 389815 504622 391234 505495 391906 507664 384813 497338 391146 506512 385591 498824 394497 511008 394331 509473 393715 509132 393876 509378 394767 509886 392125 507227 387852 501904 395025 511120 393013 507538 384015 496198 390252 505111 387206 500736 388362 501752 394575 511093 394926 510246 396244 512034 391090 506282 394050 509047 393140 509424 384756 497571 393853 509296 393895 509355 391673 507345 392523 508157 395401 511783 391780 505987 393312 509162 391807 507860 393744 509398 392700 507703 394613 510115 393269 508074 392570 508375 392173 506869 395274 510998 394196 510325 392850 507385 395597 512142 391589 506898 387133 500888 394446 509762 392992 507803 394471 510352 392475 508374 389975 504845 395466 512036 385085 498077 393107 508766 394558 510840 395856 511480 395596 512109 392198 506036 391550 506640 390499 504199 389777 504860 2638
386049 499731 395117 511057 389842 503272 393664 509373 394059 510633 392661 507882 392871 509132 398305 516184 391765 506645 391886 506554 395097 510605 391675 506020 390361 504413 392133 507718 390817 505227 393579 508271 395964 513109 391731 507540 389055 502983 388947 503842 393031 509126 392709 508071 396506 513147 391813 507234 397097 514151 394221 510916 393989 510675 390590 504727 396207 512699 392343 508512 393537 509101 388622 501916 392858 507750 390141 504735 392652 507296 391366 506122 394174 510328 395723 511491 391059 505502 393832 509861 396310 512921 390340 504919 392799 509475 393125 508480 397631 514330 392849 507566 394565 511267 393504 509406 394509 510711 394641 510872 390934 505152 394777 511453 394405 510386 394380 510937 394405 510362 389682 503352 390359 505281 392450 506970 397196 514434 395122 510779 394488 510458 395838 511748 390752 505555 394546 510308 393044 508289 298087 385358 396058 512863 394236 509898 393188 509061 389030 503099 390154 504709 392570 508272 394525 510452 387731 500509 394178 509995 394816 509506 395043 510766 393461 509066 396306 513589 390579 505174 392577 507429 397016 513639 394072 509089 396261 511301 396483 514361 392946 508360 395292 511317 392928 508950 393785 508686 389306 503619 395386 511306 394381 510240 397677 515413 381147 493516 392583 507222 395432 511743 396905 514355 393797 508570 390251 504667 393154 508785 2668
389474 503930 395845 511704 388267 501461 396724 513621 397993 515453 393540 509425 393997 509917 395187 511710 397133 513489 393443 509138 395618 512013 396265 513354 397256 514572 386553 499941 395890 511285 390460 505865 394786 511080 396128 512428 397819 514891 394384 511315 394369 510085 394646 510660 395824 512584 391980 507183 392401 507035 394190 509223 396329 513335 395236 511121 397180 513279 377149 488214 396326 512626 391300 506087 396302 513821 385527 499202 384579 498492 387558 501899 394374 509970 393990 510717 395157 511418 354947 459334 396003 512659 396751 513876 395449 512037 397314 515266 392817 506915 391802 507190 394549 510087 398024 515361 392825 508811 393828 509603 388445 502097 384408 497373 393637 508884 393670 509296 394660 510950 388534 503003 384736 497277 395105 511440 395964 512635 393235 508984 395360 511841 397221 513428 395604 512550 394518 510216 392804 507714 395678 512428 389490 505125 393003 508977 394789 510078 394633 509309 388183 502112 395824 512205 389002 503737 392758 508435 395084 511393 395366 510981 393841 509265 391174 505316 392363 506462 394298 510790 392628 508072 399078 516211 396856 512914 393124 508149 395021 510855 392266 507402 396012 511642 396610 513337 394665 511114 395869 512474 395803 511693 394296 510106 392961 508173 392376 508035 397082 514407 392552 508506 394405 510367 385623 498721 394336 510229 397254 514451 2830
389619 504670 395168 511515 393930 509517 399073 516735 399647 517076 397937 514458 359626 465944 395744 512090 392776 507499 396705 513196 397158 513952 395183 510547 395101 511246 396215 512405 399682 517209 387758 500336 393561 508980 394698 510703 391842 507157 393782 509978 393427 508826 397942 515003 396018 513440 396485 512920 390399 505940 392893 508269 391354 506587 396153 512130 395648 513213 396885 513904 392214 507617 393603 508952 396768 512417 397054 513890 397350 513354 394796 511011 393632 508892 397342 513787 394778 511242 387556 501496 398038 514570 394687 509556 394132 510707 396506 513130 397332 514872 399784 516758 395792 512243 396812 514078 398460 516111 393473 508970 394449 509762 395601 511705 398537 515095 394672 510941 395022 510815 396680 513865 396064 512676 395874 511793 398264 515613 397896 515214 394215 509408 393478 508576 394221 509540 396022 511743 397617 514816 396425 513338 398272 514633 391963 506482 397051 513753 396221 512253 394243 509679 393891 509234 395087 510333 393664 509768 393272 509291 397132 513887 396096 512880 395582 511794 398174 514531 395835 511576 393965 509154 398554 515492 377206 488022 396037 512423 395368 511730 394325 510586 397075 514775 388947 503835 386213 499626 390879 505032 398296 515098 381083 493763 386215 499834 399878 516084 357023 461243 393988 510224 386992 501038 395484 511738 398887 516834 394695 511144 2707
386970 500915 395061 511200 392147 506890 395844 512094 397864 514938 389383 504323 396682 513606 399981 518261 396451 513006 397476 514131 399061 515764 393320 509282 400743 517705 395285 511718 398095 515012 396555 513385 398792 516451 395668 512148 349431 452125 400514 517170 399605 517760 388528 503710 392252 508329 356384 460500 398275 516159 396444 512244 397487 514155 395713 512340 398435 515531 395556 512338 394737 511301 393698 509101 392593 507971 299917 387816 396178 512639 398612 515929 397415 513880 398365 516094 386495 500194 395035 511745 395322 511657 400573 518236 394673 510395 395866 512472 400382 517563 398531 515525 392473 507606 397585 513205 393711 509346 396592 513542 398418 516026 392828 508083 398046 514108 394447 510366 395526 511482 392930 506385 397910 515065 397163 513371 396721 512916 398160 515380 398229 516616 396867 513459 397299 514263 395030 510227 396413 512938 396670 514296 396066 513176 394743 511261 398062 515222 397233 513426 399493 516626 396657 513676 397948 514929 396436 512998 395027 510163 396353 513293 393362 508738 395442 511441 392403 508355 395832 511993 395098 511181 387862 502114 396324 512683 393616 509067 397548 514659 396585 512805 393365 508508 384531 497731 393305 508886 397039 514657 393107 508920 395766 513129 396868 513389 393584 507853 396238 513210 396512 512876 397625 515132 397285 514380 393642 509371 400557 519053 2631
386309 500208 393101 507549 397382 513797 397969 515057 401294 519798 399393 517172 395177 512371 396202 512412 389463 504271 399772 517300 397606 513589 396455 512864 397724 514972 398110 515809 387427 501567 395161 511625 392975 508576 397425 513565 396268 512645 389651 503804 396047 511078 393829 510034 386634 500865 395176 511209 397001 514601 399354 517789 398875 515563 398366 515637 389806 503648 388100 502357 398384 514448 397863 514498 397593 515438 396990 514972 397868 515116 396341 513399 396831 513467 398184 515588 400334 518598 393598 508711 398051 514405 395536 510781 395636 512034 397997 515096 389166 502681 391011 506473 348645 450274 396122 512182 395220 512113 398326 514068 394235 510700 398227 514604 394019 510538 397007 512683 387793 501999 396019 512003 358778 463972 389633 504706 395041 510710 391957 507150 391540 507168 395547 512073 395465 511672 397404 514654 398398 514864 398359 515326 393653 509589 397131 513957 394477 510608 397506 513542 398745 515696 396179 512063 358312 464018 396482 512065 397729 515050 397508 513567 397748 514233 398401 514807 397727 514752 395807 512183 397182 514149 400645 517522 400148 516126 397306 514605 397870 514226 398219 514517 400155 518453 396015 512219 398397 516081 394323 510550 400951 519268 394971 511280 399770 517950 397181 514070 397624 514363 389108 503196 392334 507283 397534 514435 395337 511859 394800 510609 2870
395079 512256 398329 515721 401239 519437 395773 511767 397553 513677 360191 466569 397881 515308 398113 515501 402174 519962 398305 515323 397734 514407 398053 514898 399684 516683 395934 512756 396033 512986 399839 517208 398522 515755 387789 501213 398219 515449 398341 515612 400587 517543 398334 515473 399000 515112 399145 516851 399858 518329 397473 513950 399681 517099 397412 514748 398734 516016 393948 509350 398889 516004 400335 517238 395421 511993 399286 516420 399363 516095 398937 515480 376864 487574 400051 518553 396236 512904 396910 513765 395701 511949 399334 517784 395583 511743 396115 512084 398872 516849 395773 511757 395317 511175 395823 512674 373591 484127 399351 517575 399014 515708 394925 510121 397119 514212 397128 513810 397907 514618 389417 503511 397515 514272 393432 509298 395710 512256 398643 516532 388403 503382 386648 499428 399515 516261 357446 461871 396199 513248 397747 514964 402284 520976 401782 520878 392193 507719 400651 518331 393692 510020 398975 515662 399820 516653 388430 502691 398769 515746 397756 515453 398951 516662 397506 514961 396400 511794 399917 517330 394820 511467 399647 517741 400283 517713 395401 512008 399302 517029 396489 513240 391572 505907 398326 515160 394498 509742 394844 510781 400106 517591 400028 517595 398086 514224 401821 518925 400439 517613 399174 515485 398235 514966 400346 518060 398652 516181 398284 515972 2925
400620 519164 398289 515231 398556 515631 398596 515784 398438 516630 394771 511236 378131 490116 399202 516342 390101 504405 400137 518460 396084 512273 402547 520244 396183 513188 401027 517896 397521 513660 398453 516273 396177 511814 399091 517322 398522 514468 399324 516665 400785 517950 401598 519890 399162 517078 393157 508461 393785 509542 394185 509872 400443 517179 398644 516810 395103 511179 398872 515056 396008 513640 397975 515466 398487 516557 397534 513233 397656 514463 401386 519235 392534 508301 393229 508674 399237 516427 380482 493407 397200 513276 401178 519993 397330 514231 399015 516968 399104 515991 398374 516222 400575 517555 396287 511927 398297 514553 398194 515122 395495 511619 401164 518691 399727 515443 397322 514408 392599 507425 401594 520806 389570 503980 388720 503089 400908 518405 397009 513183 403384 521450 395483 512098 396876 513355 396793 513142 396978 513804 394946 510688 399404 516753 391167 505010 399426 515681 393469 508986 399547 517324 397234 512816 401174 519175 393898 509292 395849 512749 398427 514107 397816 515364 399527 517133 400006 517456 393508 509605 400360 519157 395294 512248 400307 516862 394438 510168 379349 490609 398944 516832 397351 514329 392316 507970 397952 513958 400536 518311 399657 517705 299791 388192 401726 519925 400275 516800 400752 518411 399193 516352 400740 518792 400287 518206 394963 511051 392787 507974 2860
400380 518498 399889 517225 403081 521357 401126 518959 392294 507348 401297 518010 393653 509224 399599 517867 403916 523011 363239 470164 400213 517510 399324 516753 400623 518642 398432 516116 396645 512301 396751 513738 401017 519899 399602 517377 399254 516250 395841 511972 397167 514039 399250 516069 394680 509873 398988 515402 398084 515329 397701 514830 400222 517263 360866 467270 400626 517937 398937 515960 397560 514864 399474 517604 400151 517312 400013 517142 400293 517928 399409 517375 394377 510147 401313 518726 393659 508088 391167 505170 357458 462143 400205 517883 398317 515167 398932 515550 400612 518596 398873 515525 396253 512612 400227 519040 400960 518088 399692 517621 400182 517600 388663 503031 400798 517501 401226 520189 395466 511804 400437 518682 398241 515150 390008 505454 400879 519087 398328 514507 382881 495379 394124 509861 396860 514042 398942 516384 401356 519964 398867 516482 400690 518399 400921 518972 397489 515057 401157 518122 398638 515986 401551 519913 400196 518609 399226 516085 392153 508412 399880 516668 399342 516967 400172 517218 397658 515362 400073 517207 398925 515993 396599 512522 400511 518824 396189 513368 397189 513569 403132 522046 399932 517254 400673 518820 399549 516108 401416 519421 402041 519970 396633 513679 400189 517395 373369 483213 402535 520520 401028 519134 400924 518414 401919 520175 401334 519847 398520 515349 2744
400243 516658 397218 513910 401076 518543 401510 520055 399089 516838 391674 506634 398845 516263 403163 521763 400244 518000 401304 519754 390333 505739 360924 467385 398249 516492 401412 520120 398497 515669 402911 521970 399709 517372 302403 391333 398636 516163 389206 505017 402531 520520 395644 511191 401786 519564 399238 516065 396094 512842 393602 508685 398769 515149 401216 520065 400871 518421 398557 515960 403584 522746 398899 515870 403238 521628 402200 521261 397525 514679 398084 514309 399919 517989 398945 514361 397937 515182 399819 516999 396725 513613 399669 517208 399805 516242 403133 522138 400725 518001 399793 517899 400460 518417 397479 514719 403290 521228 400954 519610 401852 520587 401053 517545 398758 515667 401876 519579 396613 512716 398336 515229 403146 522123 403231 522311 403261 522072 403019 521547 400774 518371 403749 521316 398872 514717 400757 519118 399016 517006 399365 516922 400804 518339 386561 500835 400940 519242 394516 509326 404302 524254 401926 519866 400624 517924 401375 520216 397181 513006 401205 519493 398819 516513 397450 514096 382517 494173 402569 520551 398025 515706 395063 510697 401709 520004 398365 516270 400791 518483 399862 517566 395885 511334 399069 515586 398369 515080 402190 520813 403185 522412 399953 517618 400870 518158 399978 517775 399266 515940 398289 515000 400078 518245 392683 508620 398896 515743 400434 517211 2875
405102 523977 397932 514346 403848 523415 391212 505399 402829 520849 402398 519701 399729 517755 395508 511388 402927 521533 404502 524162 403782 523429 400949 518452 401318 519156 399076 516388 401629 520556 402646 521083 404043 523216 395983 512083 394582 510508 400202 517721 402786 521685 400030 518004 396994 513626 381073 492128 404219 523774 395617 512270 401847 519863 402316 521059 398497 516130 403032 521344 399587 518230 398870 515310 399136 516341 398287 516135 399159 516578 395356 511493 403103 521623 397565 513501 399631 517030 404476 522771 399662 516536 398739 515537 401183 518370 400487 518057 400775 518358 401828 519560 399793 517548 402227 521281 400574 518784 397810 514276 401252 518765 400110 517866 399870 517324 405233 525327 399761 517111 400240 516712 397531 513686 399078 516090 405731 524829 403061 521960 402579 520628 396658 512249 402022 520871 400905 519272 400806 518698 406417 525510 399267 515376 404661 523439 401725 518540 394039 510132 402782 521497 403864 524256 399716 517658 399409 515943 403263 522185 401765 520162 401700 519595 399052 516202 390251 504532 395341 512221 400229 517552 403936 521781 401337 520166 402117 519640 396052 513038 400638 518046 401317 518628 402943 520193 399380 516263 401170 517998 397785 515505 404125 523593 402476 520357 400404 517906 399669 516756 363663 469337 402315 520650 400686 517633 398666 515866 399001 516309 2734
404950 524059 397480 514433 400830 518132 398976 515703 397119 514552 400384 517328 400767 519523 402156 520473 400295 518165 403116 521989 403191 521872 397185 513491 403897 522493 402797 520260 405151 524582 399098 515358 401015 517938 401213 519295 403284 521232 402524 522329 400084 517689 400530 517734 400588 518953 402422 520259 398509 515719 404840 524011 401049 519768 401315 520666 399570 517323 400918 517597 403002 521862 401312 518709 402734 520838 399974 517347 402232 520280 304854 395178 403060 522060 402264 519841 404028 523400 400338 518820 400372 518159 402058 519849 405708 525559 401357 519142 404311 522385 402174 521300 401387 518442 404965 524391 362482 468725 395190 510256 401494 519148 403473 521905 398828 516648 401999 519457 400469 517746 401488 519877 404790 523680 402275 520735 404175 523556 399726 516754 403536 521825 403443 521996 400723 518214 399540 515728 401475 518714 402160 520036 403669 521462 400020 517896 398629 515705 399089 517004 404652 524441 399954 518190 401998 519408 404715 522941 402682 520587 391309 505951 400173 518840 400943 518204 401468 520076 402736 521789 401914 520837 398164 514162 400888 518427 401272 518510 401343 518908 405285 525049 399817 517289 379373 491040 396283 511773 400253 517914 403014 520651 402370 520785 401137 519011 401173 520088 400186 516953 403322 521914 398696 516142 403690 523170 397845 514482 399173 517295 2769
398980 515741 400185 518163 403152 522965 402403 520456 405880 525535 405120 523586 406560 525876 406431 525206 403475 521487 405178 524323 397498 513411 401696 519825 404402 522556 397960 515076 400464 518383 398526 515673 402374 520547 399833 517277 400019 516816 400755 518279 404990 522869 404102 522139 401264 519366 403456 522530 384982 497817 382379 494745 401620 520258 403513 522088 403912 521828 404093 522114 398705 515470 406157 524686 397525 513737 406875 526384 403340 521257 403798 522731 405093 524083 402096 520200 405498 525486 401254 519158 402911 520929 398156 515521 400588 519009 404687 523801 403701 521946 399942 517727 404942 524513 395083 511626 400852 518568 403333 520817 406053 525647 402101 520106 403495 522688 400155 518168 396376 512283 391481 505338 404330 523560 406291 525393 405075 525006 403529 522197 403307 522408 404931 524497 404808 524264 404017 522945 404080 523848 402754 521944 401602 519502 403013 522018 398334 514749 401406 519235 400088 517066 405171 524126 403834 523027 402627 520554 403860 522547 401218 518933 396884 513940 398663 515456 399317 516989 401371 520030 403193 520980 402533 520950 404379 524328 395290 511821 405465 524777 405310 523841 399178 516874 404420 523182 399902 517184 395608 512423 404976 524377 407304 526303 402103 520609 401076 518688 387392 501320 400406 517157 395368 512051 403075 521630 402593 521081 403296 522098 2797
402779 522307 366737 474300 406518 525966 403592 520984 399966 517730 394205 509995 403388 521919 400971 517826 404882 523097 403581 522912 405328 524622 403295 521832 404471 522976 402647 519912 403635 522824 401689 519817 406011 525388 364350 470764 402224 521252 402869 521766 405150 524653 400514 518436 404435 523440 398222 516025 405583 525907 403037 521412 403675 520980 403763 522738 402232 519590 400406 518954 404496 522806 397940 514256 399990 517448 400746 519686 405510 525511 405641 524078 405601 524884 405416 523687 404100 523515 402167 519694 401731 519515 402515 520272 405043 523030 402678 522102 400871 519055 402135 521473 400950 518749 400582 518760 395263 510162 398872 515969 399443 516590 406861 527255 397320 513183 404701 524139 404242 522272 402851 519984 398481 516162 403220 522155 405056 523176 391468 507123 400569 517600 404451 523808 363337 470581 403532 521383 401770 519792 404513 523455 406488 525721 402942 520083 393727 508725 398508 515406 402471 521260 354195 458501 405964 525662 402416 520467 402389 520383 405550 524072 401155 519224 407238 526519 405466 522825 406147 525445 395262 511412 397882 515813 404035 523339 403618 523031 404362 522923 402239 519965 401341 518903 406742 526299 400469 518401 404403 522515 403209 521392 404872 524317 402005 520368 407335 527517 399449 516724 407316 526867 403857 523303 402087 520370 404357 523006 401107 518081 2788
387703 501691 405081 524838 399795 517334 396731 513585 406691 525280 406039 525775 402386 520446 404471 522767 402457 521205 403109 522205 409128 529887 405790 524633 405281 523859 401702 520120 407596 528172 402080 519899 406780 526363 404017 522916 407981 527973 407600 528324 398169 515793 402862 521309 405351 524700 406921 525915 399615 516919 403047 522072 404219 523918 403543 522852 400506 517787 400971 518216 396046 511907 384344 497881 408364 528627 406097 525572 392166 507300 404064 522782 400051 517434 404579 522948 400676 518272 403284 522110 400739 518363 406948 526193 406404 525534 404072 521676 404539 522476 404465 523918 396265 512010 406218 524606 400273 516954 392088 507113 402071 520387 406902 525895 405481 524801 407812 528614 402568 521601 405003 523491 405513 524941 404188 523027 405138 523836 403602 521306 387505 501243 404998 523902 397358 514558 398759 515457 402035 519727 402397 520673 404868 523495 404648 523038 404973 523560 405683 525697 405610 524858 402935 521691 400291 518658 403362 522363 404290 524204 404035 522512 400931 518852 406497 526547 402264 519758 406622 524952 405566 523821 403427 521376 403413 521809 395768 513111 403831 522989 404607 523165 405990 524764 366273 473610 406880 526095 404402 522613 404914 524355 404951 524900 403856 523334 366383 474487 398054 515290 407617 527264 394376 510817 403501 522241 406819 525731 403697 521414 2854
400307 517677 402852 521656 404481 523655 406196 525026 405121 524436 407233 527489 407469 525956 404718 523737 401620 520401 404907 524178 405297 525285 401675 520031 404894 523515 407033 526440 406710 526506 402621 520640 404456 523014 407180 526357 406319 526027 403884 521470 403711 522651 407378 527861 406636 526184 403489 522147 404205 523795 406647 526711 408906 528771 402426 521158 287865 372428 402703 521601 398086 515743 403453 522168 405357 525942 403698 522492 402023 519886 407848 527845 404437 522589 403440 521549 405645 524262 407901 527994 405925 525356 410231 530036 406815 526756 404635 523858 404491 523112 406027 525983 365747 473569 409519 529581 400370 517760 398790 516327 401682 519297 404741 523513 405273 524779 387461 500736 408344 528012 404744 524122 404376 524261 405329 522806 405413 524264 399666 516738 404839 523236 408572 528347 406200 525240 403708 522722 387432 501017 403466 521314 403562 523001 407404 526199 407887 527111 407856 527013 400024 517697 405948 525548 404713 523620 404549 524424 406176 525948 405950 525643 404978 524171 408025 527993 387342 501125 406351 525386 407081 527636 403741 522718 402456 520758 405610 523822 406783 525555 307008 397237 407611 527070 404817 523652 404500 523404 406115 524832 404394 523055 402693 521991 405604 524865 404670 523367 402376 520126 406129 525191 398486 516048 405991 525331 403209 521379 405792 524950 2755
