648 817 667 858 713 920 682 845 670 849 600 732 682 843 691 869 625 767 704 893 674 872 614 767 617 772 622 767 650 823 730 949 703 877 637 806 636 794 538 684 679 878 666 837 517 646 652 846 672 864 702 897 535 678 574 713 608 754 656 804 654 821 679 836 670 860 677 888 586 725 492 619 703 904 775 1001 541 686 653 830 669 829 672 869 601 730 637 798 696 867 545 691 675 833 726 928 626 780 624 778 539 677 609 754 680 855 638 783 617 782 625 778 640 775 543 702 619 792 611 771 682 884 493 610 692 897 534 678 552 708 647 806 703 890 667 844 632 790 706 910 501 629 638 801 706 915 675 873 628 800 652 827 722 927 534 682 549 700 666 846 681 886 551 700 693 856 629 765 616 772 586 732 688 885 626 781 710 891 587 746 509 637 647 813 576 726 655 807 709 893 619 761 540 679 632 759 698 867 659 843 10
1381 1705 1500 1899 1333 1671 1267 1544 1431 1846 1301 1597 1434 1813 1362 1703 1498 1937 1536 1940 1457 1819 1353 1701 1419 1816 1429 1803 1419 1799 1429 1777 1442 1807 1076 1329 1311 1608 1122 1408 1277 1589 1306 1607 1449 1840 1456 1852 1478 1872 1449 1831 1136 1409 1354 1662 1326 1643 1392 1736 1365 1687 1388 1744 1473 1878 1407 1767 1318 1622 1379 1714 1436 1814 1069 1330 1390 1744 1503 1946 1493 1886 1356 1687 1369 1703 1324 1623 1472 1837 1364 1727 1516 1949 1462 1848 1161 1457 1400 1741 1458 1802 1111 1420 1426 1790 1401 1788 1416 1788 1086 1368 1450 1819 1351 1699 1416 1798 1283 1594 1284 1562 1378 1698 1331 1638 1394 1768 1412 1733 1327 1685 1450 1846 1492 1863 1255 1520 1406 1815 1405 1779 1367 1748 1398 1739 1368 1679 1373 1735 1344 1683 1465 1884 1441 1806 1427 1808 1152 1444 1354 1681 1396 1725 1396 1773 1255 1577 1385 1744 1459 1847 1287 1588 1290 1601 1499 1900 1332 1656 1357 1714 1421 1816 1400 1763 1418 1771 1336 1722 1499 1906 1451 1809 1418 1807 1487 1891 1109 1377 5
2193 2692 2191 2739 2122 2635 2100 2615 1710 2120 2320 2899 1673 2061 2117 2585 2314 2864 2071 2589 2279 2871 2253 2828 1755 2163 2277 2875 2137 2665 2434 3061 2153 2647 2038 2559 2251 2813 2118 2635 2112 2618 2250 2810 2264 2815 2114 2624 2246 2779 2085 2575 2020 2488 2179 2710 2208 2735 2148 2654 2139 2626 2168 2669 2170 2709 2162 2700 2190 2742 2069 2571 2264 2821 2124 2649 2267 2823 2323 2925 2197 2735 2287 2901 2355 2941 2257 2847 2199 2703 2165 2679 2098 2630 2193 2702 2177 2721 2200 2691 2135 2659 2180 2718 2047 2524 2103 2597 2272 2849 2183 2692 2191 2739 2242 2794 2127 2628 1734 2172 2113 2653 2399 2999 2158 2695 2017 2480 2230 2749 2096 2667 2057 2559 2168 2722 2112 2602 2057 2512 2167 2695 2237 2765 2172 2660 2041 2531 2190 2735 2129 2649 2269 2805 2297 2853 1734 2141 2273 2800 2181 2737 2086 2560 2362 2922 2264 2866 2325 2884 2090 2573 2311 2898 2085 2621 2174 2694 2132 2642 1754 2173 2161 2703 1957 2421 1789 2219 2209 2772 2096 2630 2212 2732 2220 2752 2220 2786 1685 2115 0
2892 3581 2996 3759 2949 3655 2845 3511 2823 3440 2776 3408 2935 3671 2818 3473 2894 3567 2914 3654 3035 3798 3075 3849 3040 3787 2385 2921 2956 3724 2928 3597 2973 3679 2381 2965 2888 3591 2923 3690 3079 3807 2236 2767 3120 3910 2789 3458 3069 3801 2921 3592 2940 3583 3063 3850 3065 3869 2999 3740 2890 3560 3008 3731 3073 3839 2956 3683 2976 3670 3010 3789 2810 3508 3043 3792 2976 3697 2997 3702 2847 3484 3152 3980 3113 3843 2889 3541 3109 3863 3048 3757 3074 3870 3123 3970 3067 3821 2756 3382 2910 3603 2906 3570 2971 3669 2987 3706 2897 3581 3083 3844 2843 3536 2743 3368 2825 3434 2884 3557 3120 3893 2954 3696 3098 3880 2282 2830 2939 3639 2805 3410 2699 3370 3003 3750 3095 3887 2800 3523 2843 3533 2826 3487 2871 3572 2474 3109 2945 3677 2872 3504 2992 3648 3044 3744 2944 3612 2838 3494 2917 3626 2942 3704 3089 3849 3137 3930 2910 3603 2943 3742 2666 3330 3174 3935 3030 3801 3038 3756 2964 3706 3057 3790 2957 3656 2895 3511 2874 3531 3097 3832 2954 3667 2952 3606 2985 3759 3090 3848 0
3751 4651 3917 4886 3744 4628 3825 4761 3860 4786 3681 4598 2940 3669 3794 4752 3795 4709 3752 4643 3592 4447 3797 4755 3767 4669 3723 4599 3860 4774 3810 4752 3479 4264 3458 4324 3767 4663 3709 4565 3662 4473 3752 4631 3898 4777 3727 4618 3641 4459 3750 4631 3749 4626 3728 4677 3779 4756 3741 4694 3698 4567 3820 4770 3733 4620 3748 4646 3897 4804 3854 4668 3809 4798 3723 4613 3788 4683 3625 4517 3746 4637 3773 4673 3718 4565 3842 4737 3897 4843 3759 4634 3693 4590 3701 4625 3689 4579 3923 4870 3849 4755 2766 3399 3670 4523 3942 4886 3836 4794 3935 4904 3823 4756 3843 4781 3872 4884 3559 4387 3794 4706 3476 4288 3937 4960 3750 4647 3687 4601 3799 4701 3903 4855 3874 4790 3684 4569 3765 4661 3900 4890 2985 3723 3860 4803 3590 4435 3738 4650 3576 4364 3482 4316 3819 4775 3899 4899 3622 4433 3703 4577 3981 4944 3737 4633 3766 4579 2763 3420 3470 4282 3662 4541 3709 4515 3728 4631 3711 4632 3865 4770 3475 4342 3976 4915 3737 4634 3842 4808 3887 4779 3881 4831 3715 4638 3847 4759 3703 4513 0
4459 5467 4560 5678 4589 5642 4725 5947 4730 5836 3546 4404 4577 5662 4356 5396 3499 4333 4553 5585 4475 5523 4536 5623 4436 5475 4262 5229 4628 5726 4688 5863 4550 5591 4763 5888 4191 5134 4455 5446 4597 5654 4580 5576 4378 5341 4194 5168 4895 6067 3574 4394 4429 5487 4412 5386 4615 5678 4550 5639 4595 5734 4629 5716 4307 5305 4652 5781 4310 5263 4505 5530 3455 4222 4614 5765 4688 5789 4599 5666 4629 5711 4490 5516 4503 5567 3664 4504 4658 5758 4481 5640 4585 5715 4134 5055 4717 5794 4364 5407 4307 5306 4448 5535 4369 5423 4440 5454 4572 5617 4613 5813 4615 5740 4567 5677 4685 5864 4537 5636 4612 5735 4524 5685 4646 5706 4581 5705 4502 5527 4575 5648 4700 5824 4799 5945 4439 5549 3634 4497 4607 5769 4555 5643 4513 5539 3584 4458 4583 5678 3593 4498 3473 4301 4699 5805 4537 5627 4663 5782 4584 5639 4490 5542 4607 5666 3635 4475 4598 5548 4437 5511 4481 5579 4686 5793 4444 5447 4512 5515 4498 5551 4676 5749 4592 5670 4714 5834 4607 5643 4375 5304 4728 5827 4531 5640 4534 5654 4530 5624 0
5355 6585 5315 6549 5470 6839 5235 6495 5480 6821 5480 6835 5441 6722 5464 6775 5324 6568 5415 6811 4162 5133 5804 7217 5471 6811 5530 6837 5159 6375 5463 6803 5204 6383 5518 6895 4912 6038 4908 6068 4222 5241 5424 6724 5199 6406 5447 6705 5461 6825 5369 6643 5052 6223 5286 6535 4117 5111 5364 6632 5510 6865 5514 6816 5206 6463 5453 6723 5209 6381 5264 6475 5309 6587 5474 6734 5556 6858 5627 6987 5425 6732 5175 6374 5438 6756 5535 6925 5472 6769 5469 6837 5307 6558 5149 6411 5309 6473 5285 6594 5316 6544 5179 6360 5122 6320 5421 6806 4155 5079 5558 6892 4169 5145 5434 6760 5428 6783 5598 6903 5222 6431 5374 6573 5236 6496 5376 6674 5308 6576 5193 6392 5335 6609 5462 6676 5544 6850 5237 6421 5322 6511 5280 6517 5430 6685 5406 6682 5308 6542 5476 6793 4219 5206 5204 6354 5170 6395 5448 6744 5355 6569 5260 6459 5251 6522 5208 6455 5086 6297 5413 6647 5392 6686 5120 6345 5263 6534 5172 6392 5601 6979 5319 6578 5451 6714 5391 6684 5380 6611 5400 6768 4149 5142 5460 6772 5328 6632 5339 6566 0
6046 7497 6361 7913 6183 7677 6396 7957 6079 7528 5962 7409 6381 7951 4735 5838 6280 7843 6109 7578 6004 7394 6004 7540 6058 7504 5976 7391 4740 5866 6164 7628 4894 6057 6213 7794 6199 7787 6025 7460 5977 7372 6470 8021 6230 7688 6189 7651 6339 7832 5875 7361 6176 7617 5968 7434 6237 7848 6150 7635 6132 7645 6124 7658 6198 7599 6272 7735 6121 7620 5940 7399 4805 5917 4868 6007 4846 5979 6027 7457 6142 7602 6435 8063 6251 7822 6185 7656 6306 7812 6134 7594 6195 7724 5992 7473 6132 7532 6238 7757 6322 7853 6335 7839 6294 7853 6381 7873 6128 7558 6271 7809 6091 7567 6407 7937 6092 7576 6127 7494 5830 7256 6397 7880 5982 7336 5549 6845 5909 7293 6366 8034 6509 8128 6025 7497 6127 7606 5921 7381 6100 7551 5990 7360 5959 7433 5646 6980 6253 7750 6389 7968 5882 7289 6043 7468 5792 7165 6272 7778 6199 7738 6203 7716 6223 7658 6276 7792 6053 7548 6244 7777 6361 7958 6170 7627 6416 8028 6225 7765 6017 7512 4316 5343 6437 8005 6177 7569 5697 7011 5531 6782 5789 7243 5785 7152 6363 7840 6167 7649 179
7261 9017 7071 8704 6894 8543 7170 8830 6947 8649 6491 8079 6966 8612 7086 8766 7254 8966 5362 6638 7088 8807 6675 8266 6491 7977 6771 8464 7094 8740 7102 8880 7069 8743 7080 8902 7137 8820 6872 8468 6737 8306 6947 8623 6847 8461 6923 8587 7445 9208 6990 8748 7017 8622 6948 8598 6800 8365 6594 8135 7194 8915 7258 9067 7093 8845 7077 8787 6978 8725 6957 8683 7075 8754 5182 6427 7063 8758 7061 8799 7050 8772 7028 8687 6982 8680 6801 8380 7040 8813 7028 8811 7190 8912 7155 8978 7083 8736 5589 6902 7271 9088 6955 8622 6687 8308 6601 8041 7152 8910 7191 8876 7046 8804 6855 8551 6844 8605 7027 8708 6844 8398 6922 8634 7011 8627 6715 8296 6880 8501 7041 8638 6446 8024 7104 8815 6896 8586 6892 8530 7010 8708 7089 8776 7012 8719 6954 8598 6906 8534 7155 8817 6998 8684 5433 6687 7087 8815 7034 8773 7052 8720 6637 8217 6883 8464 7091 8753 7167 9015 6897 8506 6757 8423 7064 8695 6863 8584 6967 8620 6984 8729 6971 8665 7001 8662 7237 8954 6913 8564 6578 8170 6853 8513 7073 8797 6918 8561 6812 8424 0
7893 9737 7982 9849 7675 9474 6106 7569 7767 9694 7698 9529 7815 9643 8008 9919 7843 9685 7830 9705 8073 10009 7609 9341 7965 9909 7777 9540 7861 9660 7819 9617 7781 9594 7748 9500 5860 7280 7996 9919 8220 10219 8026 10023 7445 9143 7959 9838 7988 9881 7572 9303 8033 9966 7800 9657 5984 7362 7958 9879 7900 9795 8058 10018 7594 9391 5981 7369 7952 9865 7924 9768 7763 9624 7903 9804 7946 9854 7919 9823 7965 9812 7433 9227 7843 9756 7280 9016 7793 9620 7720 9610 8059 10121 7262 8986 8059 10017 7803 9685 7519 9412 7719 9526 7899 9713 7602 9349 7839 9661 7832 9684 7772 9691 8049 9957 7935 9778 7746 9570 7792 9692 7758 9531 7926 9775 7675 9519 7601 9337 7650 9400 7808 9691 7645 9502 8105 10063 7475 9283 7979 9855 7849 9771 7768 9578 7949 9853 8130 10061 7972 9881 7901 9806 7718 9601 7699 9567 8062 9923 7544 9361 7990 9864 7575 9270 7911 9883 7625 9368 7595 9315 7975 9934 7614 9416 7656 9508 7712 9478 7641 9380 7599 9351 7954 9840 7259 8950 7788 9662 7813 9530 7885 9719 7789 9636 7581 9387 7463 9192 0
8685 10819 8594 10606 8413 10363 8641 10691 8534 10521 8825 10933 8533 10542 8362 10298 8596 10644 8607 10620 8535 10547 8136 10035 9094 11352 8125 10027 8087 9908 8541 10587 8869 11007 8727 10785 8793 10972 8005 9878 8671 10681 8673 10774 8536 10600 8458 10392 8730 10835 8143 10031 8117 10056 8543 10604 8581 10688 8508 10498 8631 10695 8453 10394 8421 10323 8138 10022 8373 10310 7834 9732 8834 11047 7788 9520 7983 9799 8506 10521 8596 10544 8465 10497 8629 10647 8510 10504 8838 10956 8398 10387 8524 10521 8551 10623 8236 10237 8438 10365 8804 10854 8710 10783 8567 10600 8458 10357 8462 10393 8635 10677 8720 10839 7924 9717 6605 8131 8765 10726 8566 10661 8062 9869 8334 10275 8590 10648 8891 11055 8248 10174 6764 8335 8183 10061 8423 10380 8620 10533 8692 10717 8987 11196 8768 10834 8643 10705 8211 10050 8481 10488 8788 10841 7902 9746 8524 10505 9149 11324 8680 10723 8939 10990 8649 10831 8821 10888 8236 10178 8803 10962 8580 10690 8520 10500 8937 11054 8708 10754 8652 10747 8551 10524 8659 10635 8803 10980 8806 10841 8399 10287 8606 10665 8580 10663 8758 10894 8626 10806 151
9496 11743 9653 11876 9096 11185 9482 11695 9284 11354 9177 11230 8755 10727 9774 12072 9332 11449 8882 10906 9370 11574 9315 11527 9450 11638 9420 11673 8815 10866 9393 11615 9419 11572 9582 11882 9710 12049 9538 11935 9029 11110 9522 11804 9196 11370 9125 11277 9369 11576 9416 11534 9480 11768 9779 12035 8924 11017 9692 12009 9183 11316 8889 10932 9421 11642 8726 10674 9383 11614 9328 11534 9028 11031 9542 11885 9395 11567 9507 11805 9402 11622 9322 11544 9519 11798 9631 12062 9256 11329 9683 11930 9538 11702 9475 11690 9350 11512 9415 11619 9470 11682 9356 11635 9356 11547 9426 11551 8926 11031 9172 11340 9352 11498 9554 11703 8717 10731 8735 10760 7283 9033 9532 11909 9466 11794 9435 11714 9665 12041 9511 11782 9469 11707 9237 11357 9409 11671 9131 11215 8889 10868 9607 11945 9501 11789 9326 11631 9421 11594 9806 12065 9666 11936 9055 11139 9491 11714 9182 11228 8498 10414 9406 11659 9225 11367 9533 11817 9318 11552 9291 11425 9713 12028 9390 11716 9450 11633 7373 9128 9655 11871 9445 11602 9256 11434 9918 12190 9011 11213 9401 11696 9274 11535 9429 11602 9795 12122 9457 11717 0
10672 13205 10484 12887 10393 12742 9383 11640 10388 12844 10155 12532 10360 12875 10344 12710 10120 12550 10370 12855 10336 12870 10297 12700 10371 12841 10034 12317 10032 12357 10286 12683 10160 12480 10081 12443 10596 13009 10276 12705 10125 12511 10323 12776 10290 12691 10043 12342 10240 12621 10130 12566 10026 12369 10453 12878 10040 12353 10281 12732 10165 12460 10259 12560 9411 11543 9368 11522 10121 12447 10000 12270 9929 12264 10187 12578 10311 12726 10197 12571 10493 13024 10038 12486 10357 12795 10134 12552 10160 12510 10162 12539 10108 12525 10171 12515 10016 12340 10170 12612 9711 11911 10286 12714 10043 12389 10167 12517 10434 12923 9975 12251 10270 12595 10016 12350 10177 12431 10306 12698 10294 12762 10291 12686 9965 12312 10686 13245 9723 11674 9667 11988 10178 12573 10141 12558 10556 12979 10084 12365 10214 12736 10062 12301 10462 12882 10176 12656 10336 12695 9672 11955 10102 12406 10303 12613 10135 12445 10325 12660 9990 12350 10164 12660 10464 12909 10156 12546 10424 12846 10614 13058 10083 12503 9839 12109 7792 9649 10033 12475 10483 12985 10262 12707 10384 12828 10248 12636 10350 12753 10220 12602 9603 11880 10294 12697 10357 12775 10088 12430 153
11092 13785 10801 13281 11144 13771 11309 14049 11005 13549 11236 14051 10304 12776 10971 13503 11356 14218 10882 13389 10961 13512 10952 13509 10855 13363 10837 13355 10491 12954 10951 13506 10968 13609 11361 14082 10935 13504 11218 13885 10739 13252 11322 14055 11275 13901 10850 13432 7927 9838 11320 14085 11191 13871 10807 13304 10785 13228 11331 14048 10708 13227 10762 13179 11142 13840 10989 13611 10840 13403 11241 13903 11292 14053 11250 13961 10854 13543 11102 13675 11009 13597 10740 13195 11101 13778 11069 13701 11168 13751 11085 13625 11194 13847 10479 12938 10878 13339 11235 13904 10752 13332 11244 13863 10766 13303 11217 13796 11095 13675 11213 13953 11369 14177 11174 13726 11340 13938 10987 13546 10890 13414 10820 13333 11334 14024 11109 13629 8612 10614 10525 13046 10866 13388 10172 12517 11061 13629 11064 13588 10888 13503 10587 13072 11052 13655 10857 13465 11160 13754 11267 14027 10548 13116 11251 13924 11166 13900 11259 13961 11087 13747 10825 13271 10543 12947 11295 13995 11113 13733 11284 14021 10653 13139 11118 13712 11304 13994 11128 13764 10940 13467 11088 13723 11170 13755 10766 13314 11312 14033 10740 13318 10535 13019 11320 14059 11071 13824 11067 13758 73
9128 11252 11573 14227 11934 14797 11755 14516 11740 14523 11997 14939 11839 14557 12208 15153 11988 14806 11744 14555 12020 14799 12346 15237 12131 14891 12039 14852 8879 10922 12023 14981 11862 14621 11632 14346 11928 14644 11787 14424 11863 14590 11905 14804 11996 14879 11915 14656 11571 14209 8209 10085 11974 14791 9123 11235 11552 14127 11342 13877 12101 14908 11749 14547 11939 14664 12027 14869 11983 14716 11982 14862 12024 14823 12044 15030 11749 14484 12001 14745 11724 14591 11859 14672 10875 13439 12074 14899 8803 10843 10974 13623 11436 14228 11856 14656 11965 14705 11770 14574 12129 15006 12045 14896 12002 14814 12059 14869 11891 14610 11901 14593 12273 14986 11616 14251 12017 14909 12039 14806 12008 14841 11643 14392 12239 15148 11948 14654 12104 14936 11643 14481 12008 14834 11729 14379 11606 14189 11489 14214 11931 14649 9184 11393 11797 14610 12131 14969 11949 14798 11893 14761 11631 14243 11690 14340 12052 14988 12007 14800 11813 14592 11787 14588 12009 14821 11618 14332 11687 14485 11877 14811 11605 14314 11808 14486 11824 14552 11983 14905 11421 14117 12008 14924 11858 14561 11876 14599 12054 14882 12078 14922 11661 14515 12028 14951 11877 14702 11443 14103 72
12810 15845 12393 15346 11851 14471 13149 16363 12760 15804 12976 16063 12427 15297 12933 15924 12593 15502 12667 15635 12952 16028 12978 16110 12728 15780 12715 15665 12885 15971 12601 15537 13024 16123 12772 15746 12929 15971 12643 15630 12969 16013 12810 15850 12887 15913 12753 15673 12376 15274 12717 15740 11796 14498 9503 11714 12403 15176 11638 14353 12870 15889 12885 15940 12758 15761 12753 15790 12233 15140 12727 15698 12662 15768 12796 15990 12698 15581 12699 15815 12831 15950 13162 16275 12687 15739 12167 15008 12518 15529 11918 14645 11697 14461 12621 15672 12394 15281 12837 15843 12988 16044 13038 16123 12574 15377 12511 15385 12928 16065 12934 15984 12893 16026 12611 15715 12572 15567 12860 15926 12860 15981 12180 14971 12436 15451 12536 15495 12512 15388 12570 15503 12258 15067 12132 15027 12859 15924 12540 15490 12612 15538 12469 15433 12740 15843 12532 15353 12711 15725 12671 15629 12980 16023 12682 15598 12803 15700 12762 15825 12746 15812 12647 15654 12502 15511 12563 15486 12303 15307 12727 15757 12869 15934 13249 16406 12499 15354 12353 15243 12897 15946 12844 15980 12639 15607 12782 15776 12695 15666 12664 15636 12621 15628 12203 15092 13169 16194 12674 15742 91
13094 16168 13516 16675 13889 17256 13534 16712 13624 16911 13748 17043 13232 16571 13127 16102 13664 16905 13491 16695 13448 16608 13517 16745 13711 16983 13751 17070 13658 16879 13532 16850 13672 16971 13374 16463 13408 16656 13840 17178 13759 17081 13060 16152 13625 16800 13508 16730 13234 16386 14073 17458 13375 16576 13562 16738 10293 12666 13536 16711 13549 16727 13399 16499 13539 16688 13086 16146 13735 16916 13496 16778 13076 16178 13593 16789 13934 17235 12926 16096 13368 16631 13820 17147 13639 16868 13338 16453 13951 17256 13652 16946 13782 17085 13637 16812 13379 16588 13220 16153 13368 16452 12463 15374 13658 17037 13556 16824 13846 17138 13815 17208 13665 16857 13120 16203 13589 16841 13917 17187 13395 16521 13682 16882 13046 16163 13703 16916 13477 16691 13432 16685 13402 16618 13788 17123 13110 16278 13533 16751 13449 16562 10481 12904 13295 16466 13393 16524 13491 16734 13426 16509 13250 16273 13588 16805 13298 16370 13317 16545 13596 16912 12324 15153 13792 17185 13344 16509 13340 16606 12642 15676 13615 16984 12866 15959 13507 16545 13495 16749 13451 16620 13304 16462 12319 15149 13506 16682 13459 16790 13792 17053 13669 16972 13580 16885 13529 16828 13652 16877 89
14626 18118 14525 17939 14310 17589 14562 18046 14185 17477 14557 17982 14726 18023 14363 17797 14179 17632 13940 17303 14566 18055 14887 18507 13911 17005 14369 17848 14213 17593 14396 17764 14290 17708 14409 17837 14746 18302 14629 18129 14182 17462 14504 17967 14166 17408 14731 18076 14651 18083 14761 18305 14001 17256 13983 17138 14640 18159 11086 13667 11178 13823 13503 16600 13974 17229 13690 16815 14308 17767 14126 17477 14025 17372 14341 17637 14485 17977 14010 17306 14942 18529 14287 17675 14362 17828 14343 17795 14368 17825 14384 17767 14794 18321 14236 17631 14009 17245 14347 17677 14689 18103 13847 17020 13409 16632 14359 17813 14738 18160 13578 16829 14148 17401 14517 18054 14469 17931 14394 17963 10915 13496 14450 17909 14154 17407 14375 17879 14381 17692 14143 17424 14133 17471 14679 18155 14299 17646 14531 17995 14085 17425 14246 17626 14183 17576 14052 17283 13431 16590 14171 17571 14133 17382 14462 17974 13985 17390 14640 18007 14629 18134 14016 17307 14557 17983 14283 17508 14577 18142 14385 17746 14139 17534 14161 17437 14274 17462 14388 17606 14620 18090 13629 16862 14265 17571 14349 17785 10988 13616 14311 17600 14486 17898 14523 17771 14547 17864 14195 17624 99
14929 18481 15155 18681 15329 18894 14883 18325 15191 18815 15566 19285 15194 18705 15539 19286 15083 18562 14121 17403 15281 18745 14156 17433 15133 18563 14877 18434 15098 18761 15151 18691 14834 18342 15175 18686 15549 19171 15333 18955 14451 17995 15261 18804 15478 19108 15597 19336 14965 18361 15003 18461 15356 18991 14914 18396 15123 18596 11300 13950 14543 17978 14991 18394 13869 17081 14822 18297 15032 18636 14922 18353 14803 18191 15394 19044 15088 18443 15287 18888 14735 18205 14707 18172 14957 18638 15422 19105 14031 17220 15248 18661 14995 18413 15133 18780 15010 18572 15050 18663 14500 17879 15425 19074 14572 17990 15046 18595 15252 18637 14142 17344 15489 19145 15227 18807 15312 19061 14722 18197 15381 18926 15308 18854 15430 18978 15180 18691 14803 18155 15111 18516 15140 18724 15156 18769 15200 18751 15674 19556 15336 18756 14942 18483 15130 18696 15059 18507 15340 19001 15606 19371 15287 18831 15006 18397 13900 17112 14821 18313 15297 18984 15425 19081 14787 18294 15264 18832 15081 18650 14121 17418 10825 13269 15161 18695 15306 18857 15497 19196 15425 19167 14804 18090 15067 18623 15134 18669 14080 17499 14755 18118 14437 17791 15115 18669 14993 18514 15190 18780 90
15744 19463 15938 19738 15443 19017 16397 20244 15713 19413 15759 19363 16180 19928 16230 20100 16073 19834 15772 19371 15914 19700 15829 19528 16001 19786 15064 18480 15948 19804 15970 19655 15484 19051 16125 19969 14584 17865 16043 19888 16172 19927 14668 18137 16041 19896 15769 19409 12185 14971 15595 19247 16183 19974 15274 18786 16015 19835 16044 19765 15336 18885 16017 19785 15435 19011 15850 19602 16033 19872 16263 19992 15714 19321 15865 19636 15935 19689 16207 19988 16399 20301 16000 19752 15970 19768 16284 20113 16092 19991 16424 20331 16242 19947 16163 19952 15656 19287 16309 20094 16439 20339 16336 20227 15293 18914 16082 19926 16435 20244 16251 20099 15905 19488 15743 19358 16320 20206 15564 19198 16048 19885 16286 20046 15458 19025 15921 19737 15735 19352 15797 19449 16046 19799 15919 19692 16083 20088 14865 18228 15806 19435 16169 19873 15430 18982 15947 19685 11940 14772 15921 19590 16305 20181 16336 20154 16492 20305 16082 19772 16420 20317 16072 19753 15113 18707 15034 18554 16532 20534 15895 19589 15577 19218 16109 19898 15688 19374 15275 18817 16111 19919 16230 19997 15367 18830 16087 19929 16126 19979 16186 20037 16039 19873 16070 19802 15971 19589 16185 19985 0
16903 20848 16931 20832 16813 20595 17051 21043 16672 20612 17020 21013 16633 20487 16162 19911 17001 20953 16425 20262 13134 16176 16537 20392 17023 21161 16678 20472 16092 19607 12883 15912 15944 19655 16520 20347 17262 21323 16855 20811 17063 21027 16807 20602 16940 20873 16787 20726 15223 18761 16887 20708 16694 20505 15682 19203 17097 21052 17175 21224 17098 21165 16398 20107 17082 21199 16908 20921 16553 20408 17151 21144 16946 20919 16823 20757 17117 21107 17045 20941 17170 21084 16992 20942 16707 20523 17131 21134 15996 19699 16237 19946 16872 20918 16514 20283 16913 20819 17095 21079 16928 20774 17024 20795 17376 21604 17083 21054 16799 20877 16643 20523 16506 20382 16967 20752 16577 20489 16619 20669 16870 20803 16827 20788 17102 21247 17098 21123 16616 20449 16743 20782 17130 21144 16692 20498 16623 20438 17231 21273 17109 21360 16668 20492 16979 20844 16408 20118 12926 15889 16313 20055 16509 20419 16615 20587 16663 20607 16146 19903 16631 20377 16745 20697 16912 20917 17042 21060 16344 20199 16890 20843 16871 20913 16214 19951 17251 21384 16867 20723 17191 21220 17097 20925 16717 20654 16798 20601 16834 20697 16510 20284 16698 20676 15416 19067 16990 20918 16779 20687 156
17258 21232 17577 21636 13014 16131 17587 21709 17842 21846 17167 21112 17173 21065 17784 22035 17966 22046 17748 21932 17359 21269 17732 21788 17991 22221 17557 21617 17574 21665 17344 21337 17328 21201 17505 21557 16480 20369 16687 20647 17622 21694 17854 21959 17767 22105 17894 22110 17505 21443 17835 21963 17639 21694 17969 22245 17386 21323 17854 21892 17947 22104 17074 21006 17934 22103 17511 21516 17059 21058 17076 21059 17847 21960 18128 22345 18032 22319 18172 22477 17623 21771 18025 22316 17620 21752 17246 21260 17970 22244 17588 21780 17607 21782 13531 16649 17703 21739 17399 21522 17306 21282 13743 16826 16543 20392 17780 21926 17471 21502 16769 20586 17751 21883 18052 22354 17778 22021 17474 21537 17639 21620 17769 21945 16663 20567 17702 21789 17371 21366 17478 21492 17813 21910 17668 21891 17500 21740 17094 21009 17126 21040 17791 22022 17454 21425 17428 21406 17535 21483 18019 22297 17091 21159 17685 21739 17558 21580 17429 21616 17178 21166 16980 21022 17370 21358 17754 21877 13479 16607 15919 19667 17905 21968 13581 16669 17747 21925 18059 22267 17591 21656 17526 21520 17505 21625 17796 22164 17421 21378 17936 22033 17829 21980 17824 21830 16981 20839 16754 20566 156
18201 22435 18113 22242 18188 22363 18657 23021 17047 20926 18557 22836 18432 22631 18527 22774 17971 22147 18029 22304 18206 22415 18559 22933 18470 22743 18420 22662 18448 22628 18784 23105 18408 22763 18299 22463 18786 23167 18320 22584 18435 22794 16932 20860 18174 22407 16884 20747 18412 22827 18751 23196 18494 22934 18825 23382 18284 22469 18113 22312 18324 22586 18660 23078 18505 22983 18523 22795 18024 22242 17587 21708 17057 20971 18385 22716 18819 23223 18590 23006 18450 22667 16860 20929 19167 23759 18704 23038 19007 23441 19086 23615 18508 22799 18694 23144 18861 23308 18884 23371 18129 22315 14118 17384 18460 22860 18813 23205 18887 23336 18469 22613 18377 22610 18616 22897 18505 22863 18447 22906 18572 22968 18981 23574 18044 22188 18602 23039 18605 22806 18544 22811 18509 22860 18568 22859 18847 23257 18105 22358 18022 22340 17797 21964 18160 22386 17737 21875 17979 22210 18788 23344 18550 22988 18519 22934 18485 22743 18860 23345 18254 22428 18708 23242 18368 22692 17921 22160 18489 22926 17908 21905 18657 23083 18749 23148 18562 22930 18298 22642 18633 22905 18838 23264 18639 23044 18599 23037 18821 23066 18092 22349 17499 21666 17062 20984 18531 22786 18235 22369 0
19238 23783 18389 22714 18945 23415 19155 23691 18381 22618 19466 23980 19596 24251 19290 23831 19557 24196 18160 22274 19516 24030 14245 17512 18190 22477 19508 24068 18154 22436 19341 23900 18222 22614 18974 23391 19287 23675 18434 22790 15099 18660 19503 24082 19643 24336 19466 24096 19284 23851 19690 24219 18841 23037 19265 23828 18711 23009 18393 22731 19549 24060 19023 23428 19015 23469 19604 24228 19256 23617 18825 23273 19502 24210 19274 23743 19294 23893 19264 23673 19356 23947 14702 18145 19566 24009 18936 23345 19498 24068 19579 24243 19231 23619 19072 23544 19193 23778 19396 24004 18149 22277 19301 23719 19860 24638 18540 22864 19326 23814 19191 23710 19518 24139 19374 23933 19050 23485 19564 24192 19511 24179 19070 23587 19387 23883 19230 23694 18887 23344 18859 23159 19292 23816 19050 23646 19471 23924 19269 23908 19607 23990 15106 18584 19259 23602 19484 24247 18923 23314 18840 23334 19905 24521 19131 23576 18974 23309 18471 22812 18736 23088 19609 24207 19270 23592 19459 23977 19164 23624 19137 23645 19187 23674 19196 23598 18900 23267 19337 23869 18553 22842 18817 23084 19171 23562 19436 23859 19589 24215 19186 23726 19237 23649 18585 22946 19159 23665 19352 23820 158
20297 25113 20421 25236 20792 25704 20580 25386 19097 23709 19981 24745 20155 24982 19864 24471 20098 24672 20469 25394 19810 24318 18697 22872 19870 24435 20441 25179 20120 24666 20089 24704 18978 23315 20382 25151 20033 24768 18870 23044 20376 25104 20184 24996 20502 25214 19579 24275 19542 24073 18448 22572 20225 25020 20584 25330 19717 24321 20103 24826 19717 24265 20560 25329 20236 24962 20395 25158 20037 24804 20028 24603 20150 24921 20101 24925 20027 24636 19788 24399 20317 25140 20521 25394 20158 24804 20076 24856 19966 24611 20696 25526 19882 24461 20158 24907 20153 24873 19671 24272 20071 24811 19376 24146 20773 25691 20175 25030 20266 25013 19074 23604 20218 24958 19719 24330 20365 24962 19984 24727 20461 25201 19956 24616 20124 24858 19993 24573 20322 25144 20208 24927 20235 24921 20475 25290 20367 25165 20180 24706 19864 24394 20129 24866 19721 24236 20666 25369 19732 24136 20279 24965 20278 24967 20034 24578 19948 24676 20050 24620 20324 25162 20081 24644 18446 22571 20199 24847 19798 24387 19956 24596 18517 22855 19480 23911 20093 24603 19880 24380 20477 25306 19600 24247 19932 24572 20084 24620 20483 25446 19795 24360 19449 23908 20076 24687 19890 24536 20132 24790 235
20692 25438 20861 25643 21185 25992 20809 25521 21038 25975 20990 25978 20587 25348 21286 26318 21379 26401 20741 25463 21088 26146 20928 25771 20593 25396 21390 26377 21013 26005 20689 25529 20514 25301 20830 25611 20483 25152 21029 25886 20839 25595 21286 26207 21071 25985 21199 26208 21287 26263 20641 25302 20591 25448 20817 25851 20911 25834 20952 25820 21995 27102 20386 25167 21153 25910 20968 25794 21100 26123 20527 25349 20947 25807 19479 23893 20995 25947 20874 25673 21130 26009 20464 25214 20530 25150 20805 25691 21209 26063 21078 26052 20978 25735 19741 24381 20384 24936 21034 25681 20580 25372 20827 25654 20940 25819 21147 25949 21414 26380 21239 26280 20284 24960 21522 26513 20701 25425 21094 25961 20713 25499 20885 25653 21245 26064 21310 26475 16248 20072 21116 25996 20902 25558 21067 25897 15905 19510 21156 26097 20895 25703 21300 26393 20565 25466 20991 25943 21157 26026 21354 26310 21053 26103 21070 26104 21170 26243 21023 25950 21031 25893 21081 26067 21229 26043 21033 25987 19703 24285 21359 26328 20940 25702 20951 25638 21023 25844 21199 26245 20702 25552 20823 25614 21279 26177 20805 25497 20642 25541 20482 25133 21013 25982 20988 25682 20796 25785 21144 26003 137
21094 26077 22039 27304 21817 26946 21918 27047 21830 26884 21966 27191 21577 26434 21369 26310 21743 26774 22200 27242 22080 27214 21354 26258 22211 27452 21839 27126 21770 26909 21439 26411 16822 20779 21686 26772 21562 26537 21272 26279 22047 27187 21531 26509 15347 18969 21864 26917 21719 26950 21465 26254 21918 27009 21271 26219 20953 25746 21646 26386 16895 20909 21832 26749 21842 27011 15412 18993 20733 25454 21366 26415 21930 26950 21851 26925 21052 25961 21249 26218 21450 26541 22051 27095 21931 26984 21746 26965 21601 26688 21995 27005 21866 26897 21820 27073 22344 27601 20215 24929 21579 26678 21746 26851 21993 27160 22016 27036 22079 27368 21978 27167 21781 26799 20494 25314 22045 27243 21988 27182 21895 27072 21474 26482 22201 27425 22068 27280 22116 27380 21550 26537 19561 24067 21517 26452 21438 26412 21927 27056 21471 26487 22120 27501 21861 27031 21835 26911 21107 25713 21867 26934 22112 27287 21637 26899 21560 26552 22329 27612 22060 27153 21920 27037 20949 25914 22269 27449 21419 26496 22030 27197 22062 27171 22267 27490 21483 26521 21118 26131 22217 27474 22245 27516 21568 26485 21835 26956 21757 26738 21671 26732 21946 27120 20204 24990 22373 27733 20525 25279 102
22534 27842 22779 28085 22916 28190 22198 27348 22409 27707 21693 26733 21788 26755 22880 28352 22944 28294 22691 27933 23285 28839 22279 27572 21456 26458 22820 28125 22389 27723 22884 28163 22480 27660 23053 28562 22727 28000 23191 28589 22849 28276 22950 28513 22460 27691 22710 28072 22459 27672 22733 27845 22290 27425 22388 27534 23259 28701 22737 28007 22719 28046 22238 27427 23143 28574 22275 27550 22895 28233 22659 27937 22789 28209 22173 27199 22702 27981 17200 21250 22780 28184 22795 28212 22576 27895 22309 27599 22821 28091 22663 27980 22939 28448 22724 27989 23235 28793 22345 27528 21601 26564 22139 27321 22722 28056 22909 28351 22799 28065 23053 28416 22195 27294 22561 27997 21567 26580 23352 28710 23060 28409 22759 28203 22868 28296 22653 27988 22598 27738 22592 27816 22729 28078 22846 28204 22087 27281 22150 27343 22114 27306 15377 18944 22761 28065 22557 27947 21936 26966 22225 27363 22562 27912 22578 27886 22451 27785 22773 28155 22663 27823 17574 21622 22959 28308 22994 28301 20972 25720 21273 26454 22600 27951 22161 27251 21970 27147 22980 28445 22477 27628 23012 28326 22293 27520 22826 28201 23043 28432 22924 28392 21052 25909 22312 27723 20942 25704 22983 28431 157
23324 28655 23291 28790 22873 28112 21994 27303 22431 27598 23379 28909 23633 29187 23784 29379 23072 28461 23702 29154 23553 29041 23479 28919 22907 28249 23204 28595 23250 28552 17472 21544 18150 22442 23605 29145 23415 28954 23243 28711 23330 28790 23836 29580 23133 28651 23274 28766 23043 28464 22936 28366 23320 28835 23609 29015 23223 28657 23645 29000 23618 29187 23774 29192 23424 28848 23417 28834 23463 28949 23123 28449 23544 29011 23461 28960 23471 28873 23254 28634 22698 28094 23370 28829 21075 25912 23224 28538 23457 28796 23511 29019 18073 22229 23307 28726 23347 28785 22176 27348 23841 29496 23772 29242 23276 28728 23531 29191 23109 28530 23540 29051 23553 29092 21633 26607 22507 27665 23734 29308 21402 26321 23426 28834 23193 28560 22810 27936 23546 28939 23678 29250 18058 22249 23589 29118 22815 28082 23114 28473 23404 28841 23154 28677 23931 29706 23177 28524 23409 28831 23081 28495 23186 28571 23922 29577 23474 29015 23233 28624 23573 29097 23741 29464 23597 29154 23409 28927 23667 29168 23662 29170 23420 28690 23121 28558 23886 29468 23678 29235 22245 27513 23508 28991 23570 29124 23470 28990 23769 29387 22997 28288 24290 30041 23841 29429 23263 28690 23525 28837 157
24283 29962 24549 30326 24053 29761 24469 30167 24298 29872 24501 30278 24461 30000 24303 30059 24460 30183 24623 30450 24626 30577 23865 29271 24387 29970 24155 29916 24290 29954 23970 29616 23864 29344 24161 29579 23255 28816 24411 30040 23753 29294 23851 29367 24349 30061 24455 30097 24271 29869 24556 30278 22983 28208 24621 30478 24364 30076 24237 29736 24577 30380 24360 29853 24555 30191 24765 30352 23902 29405 24283 29955 24492 30460 24465 30400 24362 30088 24499 30099 24729 30635 24302 29968 24571 30378 24072 29855 24649 30418 23773 29189 23992 29515 24413 30174 23975 29681 24665 30396 24485 30112 24114 29796 24490 29965 24145 29711 23698 29233 23369 28985 17708 21829 23854 29348 24207 29825 23583 29100 24193 29832 24438 30097 24523 30430 24016 29577 23871 29575 24631 30336 24574 30237 24258 30038 24809 30648 24431 30254 22898 28368 24274 29817 23500 28799 21540 26451 23951 29427 24079 29623 24377 30000 23114 28487 24400 30128 24166 29704 24493 30243 24280 30041 24334 29979 24600 30406 24081 29796 23926 29496 24823 30521 24526 30184 24767 30546 23438 28794 24428 30220 23904 29513 24471 30036 24432 30240 24150 29566 24834 30677 22243 27485 24141 29911 24294 29970 23932 29577 177
24853 30686 24968 30553 25036 31108 25354 31278 19287 23797 25111 30741 25192 30831 24789 30375 25235 31036 25028 30752 23721 29259 24812 30542 25112 30857 25748 31939 22419 27575 25018 30864 24709 30505 25317 31289 24848 30555 25760 31640 25267 31062 25545 31574 25300 31413 25189 30976 24928 30638 25141 31083 25752 31786 25868 32148 25365 31339 25284 31224 24373 30027 25360 31272 25011 30749 25068 30866 25408 31463 23842 29502 24875 30698 25105 30893 25484 31288 24965 30673 24647 30460 25631 31358 24974 30775 25348 31359 25503 31604 25067 30951 25309 31325 25085 31099 25000 30692 24430 30076 24761 30697 23324 28673 24506 30259 24661 30442 25157 31028 25062 30985 25651 31510 25386 31283 25420 31388 24815 30708 25042 30769 19317 23760 25052 30836 24970 30707 25109 30893 25108 31098 23805 29323 24039 29459 24944 30622 24488 30056 25652 31607 25811 31807 24914 30604 25135 31046 25019 30882 25249 30965 24726 30601 24713 30479 24081 29657 23879 29555 25598 31556 24392 29984 25173 30981 25958 32141 24810 30514 24698 30606 24917 30718 25483 31414 24963 30560 25442 31420 24316 30035 23907 29537 25016 30783 25283 31029 26097 32253 25240 31084 25336 31349 25507 31494 19090 23512 24613 30356 132
25356 31134 25654 31561 25576 31423 26182 32330 25909 32109 26651 32936 25984 31942 25455 31419 26305 32366 26069 32067 26037 32114 25607 31692 25527 31727 25426 31427 25932 32014 26275 32423 26320 32436 25465 31480 25417 31317 25768 31865 25669 31584 25965 32266 26375 32701 26503 32821 26535 32894 25925 32039 25580 31607 25376 31201 26082 32127 25517 31468 24666 30532 24266 30115 25661 31665 25800 31894 25729 31744 26107 32402 25730 31816 25890 31948 24508 30193 26288 32537 25382 31220 26134 32232 24559 30181 26248 32440 25593 31555 25264 31106 25951 31916 25777 31769 26117 32176 25283 31190 26178 32479 24010 29592 25790 31884 25866 31968 25798 31730 26137 32368 26378 32557 19726 24323 26036 31971 24247 30063 24577 30165 25558 31649 25828 31906 26427 32649 26181 32256 26810 33296 26681 32797 25776 31773 25794 31865 24203 29933 19608 24257 25261 31209 25723 31776 26412 32556 26260 32570 25813 31774 24932 30794 26439 32560 26106 32168 25512 31394 25782 31838 26146 32268 25774 31769 25848 31896 25924 32009 26426 32735 25749 31542 25402 31365 26155 32144 25162 31130 26364 32485 25497 31102 26085 32185 25569 31531 19959 24510 26082 32210 26194 32292 26058 32291 25645 31590 25895 31936 168
26756 33055 26791 32982 26785 32927 27294 33631 25200 31084 27165 33519 26900 33269 25957 32106 26525 32752 26825 32978 24721 30397 26363 32547 26718 33057 26693 33111 27210 33708 27089 33576 27005 33485 25909 31820 26889 33269 26632 32815 26678 33016 27029 33475 26843 32805 27187 33605 26285 32353 26941 33332 26632 32826 24657 30256 27194 33591 25789 31881 27035 33124 26822 33004 26957 33280 26946 33444 20497 25276 26429 32743 27196 33422 25882 31800 24607 30330 26741 33091 25711 31588 26336 32639 26721 33107 26968 33343 26321 32374 26730 32996 27112 33666 27030 33197 26690 32884 26461 32624 25665 31559 25121 30757 27142 33422 26736 33079 26438 32542 26944 33249 26604 32650 26101 32021 26341 32569 26776 33116 26483 32613 26748 33067 27089 33312 26873 33245 26744 33001 26925 33326 26510 32585 26900 33225 20484 25195 26760 33019 26824 33036 25129 31149 27048 33300 26882 33125 26649 32783 26684 32977 26851 33011 26592 32751 27108 33602 27157 33547 27103 33457 26193 32340 26854 33192 26376 32620 26753 33091 27062 33438 26042 31928 27261 33566 26053 32021 26380 32784 26782 32970 26608 32762 26950 33214 26767 32773 27293 33776 25238 31043 27034 33318 26980 33316 24978 30723 25820 31932 207
27119 33176 27745 34280 27017 33158 25687 31691 27146 33464 27789 34263 27413 34008 27284 33608 27938 34373 27634 34050 27931 34532 27468 33910 27412 33980 27344 33688 27692 34213 28137 34552 27824 34232 27282 33503 28022 34578 27839 34393 27059 33347 27716 33917 27773 34172 26907 32987 27076 33408 27649 34171 26262 32427 27539 33990 27463 33783 26851 33144 27377 33657 27515 33655 27616 34096 27476 33994 27710 34175 27735 34357 27578 33870 27722 34094 27510 33960 28142 34855 25723 31725 27526 33802 27783 34174 27229 33503 25896 31863 27709 34032 27541 33807 28280 34784 26705 32902 27508 34038 27849 34244 28114 34837 27927 34592 27771 34380 27851 34242 27612 34199 27916 34599 27820 34371 27742 34110 27742 34122 27423 33782 26401 32273 27804 34381 27352 33793 27896 34347 27680 34075 27222 33433 21039 25821 28090 34612 26988 33257 27685 34105 27246 33539 27789 34275 28178 34721 28039 34566 25359 31212 26818 32866 27877 34326 25687 31555 26792 32987 26692 33023 27376 33512 27194 33645 27076 33510 27032 33480 27569 33933 27370 33855 27169 33581 28147 34589 27432 33884 27422 33794 27976 34335 26718 33070 27690 34260 27618 33956 27725 34134 27849 34392 27466 33961 20582 25304 27647 34167 47
27504 33848 28440 35162 28345 34992 28719 35489 28760 35380 28005 34474 28324 34827 27878 34044 28043 34545 28195 34662 28691 35359 26752 32915 27243 33618 28483 35234 28480 35164 26454 32396 28307 34978 28300 34787 28368 34930 27776 34293 28575 35082 27922 34485 28283 34581 28803 35377 27506 33876 28912 35758 28301 34893 28925 35487 27817 34264 28796 35331 28672 35393 28279 34910 28586 35211 28200 34836 28155 34623 28113 34542 21771 26866 28498 35076 26607 32854 28044 34679 28111 34755 27625 34087 28497 35110 28265 34836 26953 33184 27840 34429 28337 34937 28536 35198 28439 35202 28163 34633 28282 34773 28490 35313 27650 33905 28399 35048 27502 33921 28560 35118 28644 35236 28332 34744 28215 34665 28528 35193 28463 35067 28772 35469 27866 34118 28105 34702 28648 35367 27942 34423 27994 34337 27347 33608 26737 32809 28619 35219 28221 34650 21754 26798 28098 34521 28194 34815 27644 34008 21730 26744 28153 34590 21783 26733 27254 33718 27780 34085 28114 34775 28249 34825 28581 35211 28744 35454 27597 33816 28324 34771 28129 34585 29010 35929 28477 35191 28033 34512 28176 34777 28480 35175 28406 35108 28541 35045 27801 34457 28124 34683 28297 34898 28148 34693 28704 35260 27981 34437 310
29289 35960 29522 36519 29562 36463 28365 34823 28749 35271 28889 35497 28619 35143 29786 36723 29300 36062 28632 35264 29468 36446 28577 35121 28769 35483 29060 35642 29108 35843 29710 36563 29784 36839 29948 36896 29369 36182 29732 36649 29353 36277 28966 35686 29361 36352 28330 34768 22255 27429 29343 36077 28433 35062 28891 35475 26946 33093 29155 35988 28291 34683 28969 35666 29247 36098 29513 36401 29534 36582 29595 36348 28590 35166 29738 36584 28924 35597 28338 34948 29683 36628 29126 35825 30090 37093 29329 36216 22521 27851 27042 33315 29257 36135 29234 35949 29071 35913 28795 35585 29750 36651 28435 35008 29300 36205 29040 35849 29456 36111 28692 35165 29617 36411 29288 36244 29287 36123 29404 36185 29138 35991 29238 35928 29177 35960 28999 35811 29318 36062 29570 36519 29180 36073 29006 35727 28677 35181 29153 35975 29709 36783 28742 35508 29553 36446 29477 36442 29261 36128 29117 35925 29267 36177 28718 35451 28836 35487 29663 36728 29031 35773 29457 36340 29562 36498 28903 35623 29621 36511 29256 36115 29373 36104 29780 36810 29628 36482 29319 36034 21526 26575 29896 37104 28548 35227 29607 36545 29229 36057 29094 35720 28240 34857 29472 36362 29497 36225 28724 35517 160
30079 37017 30323 37510 30263 37463 29676 36650 29842 36697 29681 36613 29676 36548 29564 36508 29592 36575 22803 28093 30222 37139 30136 37170 30409 37420 30758 37907 30770 37840 30307 37360 29374 36198 28962 35532 27711 34125 28875 35636 30429 37524 30100 37151 30629 37797 29655 36436 30501 37673 30407 37517 30863 37975 29515 36375 22978 28251 30102 37097 29860 36769 29985 36932 30039 37154 30155 37069 30782 38179 29769 36839 30592 37906 28784 35588 29418 36102 30303 37388 30514 37465 27149 33507 29876 36785 30084 37150 30405 37578 30399 37559 29719 36646 29962 36736 30193 37179 30268 37218 30631 37787 30317 37436 29926 37033 29763 36543 30761 38235 30395 37545 29893 36963 29936 36886 30448 37517 27676 34102 30154 37207 29814 36639 30043 37142 29678 36540 29621 36558 30957 38282 27940 34451 30107 37284 28174 34663 29438 36274 29967 36582 30164 37320 30098 37143 29695 36581 30508 37600 30358 37434 30161 37258 30441 37605 30510 37396 30401 37435 29382 36286 29646 36295 30150 37226 29962 36794 30449 37521 28655 35270 28451 35242 30311 37671 30507 37630 30181 37363 29816 36775 30164 37289 30293 37326 29702 36622 29246 36144 29857 36917 29910 36754 29870 36852 30051 37105 30329 37473 217
30895 37989 31016 38215 31063 38458 30332 37472 31200 38576 30419 37486 31325 38669 31387 38673 30914 38077 31188 38366 31257 38630 31094 38559 31120 38453 30500 37683 31459 38741 30650 37684 30568 37674 30709 37899 30620 37487 30989 38007 31066 38316 30765 37992 30997 38131 31437 38733 30668 37854 31163 38266 31209 38417 30771 37672 30967 38289 31695 38917 31560 38936 23720 29257 31182 38517 29751 36651 30836 37803 30785 38029 30577 37692 31302 38383 30650 37829 30719 37863 30733 37766 29413 36065 30396 37525 31127 38440 28963 35647 30722 37833 31128 38331 31047 38395 31259 38467 31078 38426 30443 37548 30972 38059 31148 38468 31434 38505 30908 38099 31120 38363 30848 38007 30824 37949 30824 37937 30933 38112 30824 37940 30928 38151 30021 37065 31055 38239 30895 38141 30192 37379 30966 38252 30054 37044 30920 38139 31222 38629 30803 37940 30833 37977 30525 37682 31601 38797 30762 37971 30641 37698 31136 38289 31167 38458 30812 37864 30970 38137 31104 38369 31047 38135 31430 38728 31014 38185 28714 35199 29783 36677 30788 37916 31334 38696 30702 37634 31307 38538 31338 38741 30583 37645 31189 38578 30395 37598 30656 37767 31251 38492 31142 38344 30842 38104 30801 37995 30884 38116 194
32321 40006 32012 39641 31838 39225 32150 39668 31603 39020 31778 39361 32123 39601 32048 39331 31663 38955 30824 37920 32052 39672 31657 38962 31767 39008 31912 39333 31158 38529 31214 38638 31628 39047 31793 39384 31705 39100 31841 39104 31676 39150 32222 39698 32098 39489 31420 38720 30709 37622 31891 39169 31523 38844 32006 39644 31193 38478 31992 39456 31785 39234 32120 39475 31267 38597 31899 39306 30682 37675 31607 39094 31875 39129 30782 37606 31899 39234 31989 39247 32293 39640 32193 39469 32262 39759 29101 35841 32076 39481 31694 39174 29116 35944 30792 37889 31686 39083 31777 39241 31888 39404 24669 30280 32390 39990 32369 40043 31495 38861 30961 37811 32186 39855 32321 39895 31788 39023 31389 38649 31599 39069 31389 38467 31956 39458 31990 39583 31774 39170 31894 39218 31596 38965 31475 39062 31798 39113 31813 39457 32126 39695 32067 39527 31161 38181 24395 29998 31888 39358 31557 39076 31902 39182 30788 37795 31480 38739 31534 38789 31680 39074 32062 39631 31859 39347 31904 39296 31643 38834 31418 38830 31763 39087 31467 38829 31519 38643 31432 38788 31284 38575 31154 38355 32330 39755 31854 39378 30003 36899 31775 39136 31830 39319 31964 39484 31506 38517 29595 36562 214
33014 40826 32540 40066 32238 39721 31995 39365 32648 40300 31884 39403 32314 39891 32607 40278 32760 40581 32829 40351 32470 40018 32466 39971 32909 40651 32813 40280 32068 39582 32399 39757 33093 40813 32174 39681 32077 39393 32855 40244 32580 40184 32425 39794 32439 40101 32748 40428 33087 40845 32194 39549 32962 40560 32931 40611 32820 40505 33088 41077 33119 40814 33037 40849 33096 40776 32646 40158 32704 40227 31437 38608 32760 40630 30927 38281 32541 40064 32462 40016 32543 40083 32942 40674 32448 40112 32773 40455 32734 40339 32499 39860 32693 40413 32958 40451 32320 39714 32833 40417 33115 40892 32607 40155 33109 40684 33052 40784 32751 40444 32697 40318 32404 40004 32030 39277 33016 40712 29969 36789 32419 39820 32629 40131 32119 39686 32447 39843 33021 40533 32679 40298 30882 37997 32462 40097 29578 36435 30857 37940 32568 40118 32748 40248 31320 38547 33033 40435 32964 40630 32538 40070 32263 39806 32918 40671 30912 38167 32742 40324 32865 40604 32379 39854 32343 39693 32263 39617 32484 39747 31879 39217 33282 40869 31759 38901 32973 40568 32255 39599 32637 40219 32150 39461 32465 40051 32532 39977 31545 38939 33204 40870 32000 39354 32318 39956 31719 39042 33196 40913 168
33198 40930 33525 41413 33338 41137 33308 40896 33315 41042 32842 40403 33571 41511 33524 41306 32893 40582 33005 40693 33395 40988 33611 41461 33549 41341 32750 40488 33469 41401 33775 41629 33605 41505 33667 41563 33598 41453 33111 40740 33470 41138 33660 41472 33003 40650 33663 41495 33412 41064 33994 41804 33199 41007 33357 41238 33537 41514 33019 40512 34154 42100 33893 41774 33168 40859 33546 41425 33580 41408 34305 42197 33498 40991 30552 37459 32797 40391 33219 40771 33636 41428 33947 41767 33523 41306 33338 41089 31599 39042 33508 41411 33314 40971 32985 40456 33581 41232 34038 41853 33542 41528 32269 39713 31040 38321 33935 41727 25653 31601 33340 41115 33565 41432 34224 42272 33260 41124 32905 40491 31186 38384 33966 41575 33255 40921 34087 41998 34096 41907 33916 41776 32884 40393 33135 40823 32827 40324 33235 40975 34376 42385 33260 40928 33336 41132 31651 38744 33695 41559 33164 40647 32998 40756 33427 41172 33654 41295 33801 41608 33104 40714 32411 39797 33564 41489 33413 40970 33013 40705 32834 40534 33164 40745 33322 40984 33444 41133 34083 42034 33616 41558 33211 40868 33785 41592 33259 40786 33640 41475 32502 40182 33105 40778 33798 41627 30821 37784 33211 40800 252
33650 41243 34406 42446 33814 41643 34465 42078 33885 41762 33696 41610 34353 42092 34007 42044 34124 41936 34615 42549 34891 43031 33383 41267 34694 42950 34202 42223 34168 42156 35012 43313 34617 42824 33918 41513 33626 41495 33430 41098 33822 41652 33525 40995 34731 42794 33962 41882 33918 41816 33022 40838 34508 42560 34845 42926 34057 41806 33960 41713 34388 42337 34318 42324 34180 42087 34160 41941 34324 42391 33213 40756 33316 40974 34484 42676 34413 42173 33519 41350 33559 41522 34755 43064 34413 42329 34344 42113 34362 42388 34274 42074 34429 42061 34532 42428 34451 42492 30652 37753 34346 42214 32909 40540 33410 41275 34365 42290 33803 41791 33672 41323 34464 42347 33925 41660 34210 42191 34132 41938 34335 42275 33416 41254 34532 42626 34506 42554 33870 41740 34700 42723 34001 41916 34227 42042 32172 39749 34377 42450 34215 41975 33782 41543 33612 41429 33926 41811 24188 29879 33989 41788 32085 39610 32941 40534 34513 42589 34332 42108 34369 42244 33568 41283 33980 41763 34318 42306 34321 42341 33704 41577 34277 42283 34198 42100 33291 40966 34357 42380 33902 41592 34249 42261 33778 41537 34271 42162 34173 41930 34427 42319 32357 39686 34429 42461 33777 41685 33928 41865 224
34863 42848 34788 42989 34951 43114 35331 43640 34970 43283 35437 43702 34674 42682 35035 43169 32383 39989 35043 43148 35247 43674 34315 42074 35036 43382 34922 43223 34626 42463 34988 42987 35287 43672 35621 43862 35026 43037 35594 43814 34605 42707 34788 42641 34257 42246 34727 42930 35069 43102 35608 43689 35555 43561 34850 42765 35075 43560 35201 43171 35457 43851 34630 42844 27268 33509 34793 42570 34907 42988 35180 43270 35578 43950 34386 42375 35632 43897 34177 42015 35554 43885 26708 32928 36115 44451 35511 43858 34870 43092 35255 43414 34301 42307 35165 43311 35394 43395 33822 41625 34609 42609 34863 42686 34663 42599 24560 30197 35437 43650 34776 42832 33818 41652 34687 42661 35457 43726 33025 40801 36024 44317 33920 41936 34468 42253 35263 43347 35164 43462 35093 43267 35384 43553 35153 43024 34710 42723 34660 42697 34688 42669 35317 43339 35855 44085 34730 42806 34656 42480 35844 44396 35986 44428 35358 43550 34992 42890 35454 43708 35832 44103 34613 42687 35044 43178 35345 43655 35303 43388 36143 44531 33318 40941 35509 43830 33033 40634 34829 42874 35129 43040 35398 43490 35677 43889 35394 43702 34578 42597 34706 42422 35028 43207 35464 43880 35427 43626 34995 43261 158
36322 44827 35568 43672 35854 44249 36187 44437 35276 43339 35749 43938 35938 44086 34759 42861 35825 43971 35747 44206 26307 32427 36201 44597 35680 44031 35813 44062 35493 43675 35841 44287 35115 43343 34477 42579 35260 43395 36047 44335 36764 45282 35846 43936 36580 45220 35890 44178 36419 44907 35819 43895 35626 43872 35938 44146 35978 44468 35629 43908 35136 43349 35929 44286 36160 44808 36260 44780 35583 43848 36343 44571 35635 43895 35858 44046 36135 44420 35628 44063 35854 44345 35337 43346 35801 44192 36814 45461 35477 43565 36734 45241 35910 44520 36021 44300 35460 43639 35435 43559 36156 44603 36115 44453 36356 44808 35562 43692 35786 44177 36176 44685 36833 45721 35290 43486 36035 44365 34741 42611 36229 44484 36366 44532 35127 43262 36091 44511 35546 43625 36148 44671 35666 43732 35742 44042 34633 42676 36127 44449 36185 44591 36344 44927 36362 44964 34894 42904 36000 44403 36508 44759 35334 43699 36795 45392 35478 43764 36341 44966 34216 42052 35908 44098 33614 41189 35115 43165 36340 44627 36084 44300 36266 44668 34465 42432 36055 44275 35650 43906 36383 44748 36673 45260 35623 43958 35393 43417 36184 44668 35964 44308 35691 44014 33934 41673 36045 44565 36519 44802 317
37343 45821 36332 44862 37560 46149 37467 46079 36564 44864 37297 45959 28440 34982 36568 45283 37124 45869 36581 45065 36947 45466 37022 45709 36639 45088 37038 45421 36354 44945 37557 46237 36993 45644 37158 45749 34701 42804 36923 45297 36610 45082 27866 34378 36908 45333 36718 45094 28325 35058 36751 45082 36477 45030 36736 45321 27701 33949 36660 45103 36463 44977 36948 45816 37075 45623 37150 45791 36971 45307 36660 45197 36621 45116 37097 45845 36935 45518 36781 45372 34944 43090 36345 44788 36443 44957 37227 45834 36928 45486 36980 45696 37083 45711 34225 42023 36604 45038 37153 45738 35605 43820 36661 45257 36786 45311 34696 42707 36726 45176 35839 43957 36521 45054 36276 44725 36915 45399 35280 43478 36706 45114 37070 45679 36357 44751 37011 45630 36395 44857 35780 44112 34806 42876 33769 41434 36921 45462 36386 44787 36923 45441 36744 44998 36934 45469 36054 44324 36066 44435 37314 46069 36910 45254 36791 45141 36192 44601 34180 41996 35996 44252 36885 45534 36133 44438 36594 45156 36983 45541 36555 44866 36525 44971 36481 44782 35891 43990 37255 45982 37076 45642 36952 45553 36414 44846 35490 43525 37016 45562 36584 45248 36754 45335 36384 44827 35979 44228 36652 44996 231
38238 47033 37332 45816 37582 46165 38286 47077 37991 46525 37656 46269 37417 46165 37853 46636 38125 46874 37701 46510 37145 45755 37380 46103 37682 46447 37869 46475 37748 46421 35252 43180 38243 46926 37749 46336 36970 45527 37415 46064 37950 46870 38059 46830 37044 45685 37224 45900 38101 47128 37685 46599 37973 46810 36752 45345 37356 46093 28569 35101 37252 46015 37377 45942 37370 45959 37512 46079 37857 46747 37068 45491 38019 46840 37129 45851 38266 47121 37985 46650 37958 46522 37414 46053 37686 46325 36742 45397 37243 45616 35031 43193 36521 44853 36721 45009 36530 44976 36333 44768 37549 46278 38224 47205 37834 46786 28577 35238 38173 46898 37470 45893 37284 45962 37161 45662 37752 46422 36777 45264 37611 46360 37498 46202 37762 46794 37810 46663 37172 45736 38064 46883 37349 45913 38212 47117 37471 46062 37615 46292 38061 46843 37813 46604 37876 46574 37550 46267 37295 45988 37288 45930 36952 45293 37304 45902 37780 46302 37701 46466 37893 46760 37923 46552 35096 43149 37016 45639 36860 45429 38239 47075 37742 46395 37752 46528 37223 45751 37738 46586 36943 45465 37677 46375 37216 45865 37650 46522 37253 45966 37841 46624 38043 46913 37898 46844 36947 45560 37722 46502 247
38426 47221 39064 48058 39115 48320 38498 47404 38728 47539 36173 44555 38550 47347 38321 47159 38301 47155 37490 46178 38351 47275 37717 46594 38581 47373 38256 47362 38566 47578 38946 47986 38786 47774 38333 47289 38303 47089 39177 48154 38042 46797 37474 46116 39227 48367 37640 46209 38190 47285 38888 48006 37305 46060 38906 47958 37979 46755 38052 46666 37332 45942 38259 47020 38351 47373 37656 46234 38266 47170 38887 47901 38242 47148 38011 46770 38762 47710 38092 47164 37735 46440 38230 46947 37118 45571 39014 47997 39304 48496 38655 47498 38547 47521 38419 47336 37283 46124 37229 45737 38390 47074 38832 48014 38298 47385 39317 48393 38844 47925 37209 45796 38887 47895 38569 47558 37842 46753 38377 47207 37366 45756 38634 47361 36241 44515 39085 48115 39080 48125 37983 46699 36841 45300 38744 47808 37587 46168 37829 46791 38417 47295 38240 46981 38556 47568 38150 47278 38836 47669 36126 44721 37568 46097 38061 46862 37811 46272 38834 48136 38628 47418 37758 46587 38655 47588 39145 48073 39427 48378 37737 46440 39068 47906 38736 47665 38206 46936 37579 46251 38235 47013 38325 47154 38321 47226 37485 46269 36928 45364 37341 45854 37506 45964 38401 47384 38654 47521 38759 47812 177
39200 48109 36808 45319 36340 44775 38204 46967 39277 48128 37747 46475 39278 48316 39127 48092 37895 46645 39654 48898 39140 48009 30288 37216 39382 48229 39139 48199 39123 47966 39514 49086 38466 47370 39750 49056 39417 48465 39699 48991 39064 47964 39469 48727 38615 47371 39554 49008 38577 47401 39487 48732 39277 48391 39543 48665 38308 46899 38902 47885 39633 48646 37330 45971 36653 45095 38750 47745 39803 49081 39292 48464 37778 46331 38998 48169 40089 49436 38885 47829 39568 48838 38697 47726 39755 48865 39500 48552 39286 48032 39796 49085 39817 49167 39233 48270 39239 48448 39319 48642 39591 48662 39253 48406 39771 49061 39736 49134 39627 48875 39528 48755 37282 45944 39115 48266 39586 48740 38681 47560 39490 48507 38475 47469 39447 48505 39766 48696 39414 48685 38144 46887 39187 48319 38573 47400 39385 48558 39127 48265 36622 45057 39108 48208 39091 48007 39621 48835 38897 47890 38785 47670 39307 48512 39909 49055 39591 48761 38642 47396 39193 48282 39627 48698 38329 47282 39336 48162 40170 49469 39202 48099 39820 49106 38838 47827 39907 49010 39230 48243 39199 48297 28817 35459 38705 47641 39481 48570 39555 48885 39311 48380 39765 49130 39246 48322 38896 47849 39570 48369 300
39858 48781 40303 49628 39888 49086 40084 49262 40284 49515 40477 49785 40653 49956 39590 48527 40179 49402 39893 49306 40143 49330 39239 48097 39883 49090 38946 48094 40274 49417 39202 48288 38224 47044 40445 49787 40144 49415 39722 48773 38655 47595 39792 48731 40593 50012 38214 47006 40146 49473 39912 48892 38851 47803 39606 48931 30635 37835 40386 49680 40597 49971 39656 48802 40778 50214 40027 49240 37773 46521 39757 48846 39945 49134 40346 49577 40153 49395 39885 49101 39530 48535 40219 49568 39123 48183 40539 50123 40012 49284 39730 48874 39001 47712 39026 48020 39812 49061 40531 49992 40106 49404 39886 48947 40153 49436 39422 48445 40036 49424 40021 49125 40892 50296 40314 49662 40086 49485 39879 49125 39578 48835 39695 48899 39883 49103 39886 49131 39766 48839 40361 49615 40518 49703 39028 47918 40481 49968 40082 49446 40380 49888 39671 49117 39761 48837 40253 49754 40342 49588 39373 48439 40659 50149 40463 50162 40524 49751 38581 47212 40251 49820 38823 47701 40096 49245 39935 49086 40030 49157 40563 49982 40317 49801 40151 49191 40404 49832 39975 49289 39673 48727 40390 49771 37167 45739 40334 49714 39677 48803 37622 46423 39899 49119 38188 46624 40635 49869 39525 48772 271
40764 50290 31314 38440 41152 50548 41051 50538 40696 50123 39205 48265 38939 47847 40959 50372 40676 50083 41001 50622 40583 49843 41155 50824 41068 50534 41051 50260 41624 51260 41178 50752 41227 50764 41807 51237 41099 50823 41588 51373 41179 50678 40779 50170 40781 50193 40614 49943 41199 50781 40882 50176 40706 50210 40191 49498 41556 51165 40542 49611 40692 50434 41354 51122 41264 50831 40432 49782 41141 50717 40829 50258 40280 49540 40409 49635 40092 49462 41421 51032 39163 48329 31525 38873 40909 50429 41614 51301 40136 49518 40729 50006 40933 50591 41864 51660 40933 50169 41014 50558 40811 50020 39721 49104 41073 50392 41663 51357 41122 50665 40442 49655 39484 48499 41564 51218 41714 51411 37891 46760 40621 50003 40862 50288 40633 49867 41229 50965 41787 51447 40385 49671 41254 51112 41368 51190 41759 51459 41743 51341 41685 51269 41312 50951 40831 50240 40899 50256 40970 50429 40352 49715 39429 48628 40780 50191 40794 50086 40706 50079 40116 49482 40612 50033 41300 51101 39502 48854 41139 50701 40364 49745 40526 49913 39700 48994 41323 50969 41208 50827 31324 38616 41154 50657 40592 50003 37961 46721 40853 50109 40118 49502 41272 50967 41280 51011 41023 50478 40799 50074 202
41186 50782 41365 50775 40758 50272 41777 51383 41813 51554 41929 51667 42118 51722 42524 52493 41405 51044 42119 51880 41406 51035 42505 52516 41031 50397 41823 51484 42281 52133 42521 52325 42447 52468 41812 51661 39231 48395 41741 51464 41683 51434 42159 52000 41807 51669 41826 51573 41467 51055 43115 53265 41406 50965 41812 51426 41923 51555 41675 51351 41404 50806 42027 51780 41690 51251 41687 51155 41555 51014 41402 50871 41634 51493 42880 52629 41387 50948 42407 52305 41867 51398 41385 51021 42287 51993 42371 52350 41785 51301 41741 51460 42556 52773 41265 50663 41649 51139 41297 50769 40900 50166 40682 50184 32087 39600 42177 51955 42021 51663 41955 51689 42139 51726 40460 49808 40252 49365 40763 50182 42083 52015 42047 51716 41141 50678 41758 51472 41575 51395 42649 52474 41413 50995 41850 51645 41376 50975 42003 51748 41383 50932 41042 50322 39355 48713 41993 51915 41345 50926 41479 51109 41952 51843 42737 52766 42160 51958 42436 52308 41675 51288 41433 51248 31772 39112 41615 51339 41484 51257 41551 51257 41640 51399 42108 51952 42132 51886 42369 52170 41030 50336 42020 51498 41685 51132 40920 50350 40968 50545 38652 47553 41876 51523 42055 51860 42232 52030 41142 50882 318
42885 52636 40142 49408 41980 51769 42296 52028 42368 52084 43068 53023 42036 51748 42576 52487 42518 52502 42697 52644 41632 51252 42267 52124 42452 52228 42234 51941 42551 52381 43157 53081 42959 52894 42922 52939 41668 51243 41899 51655 41719 51470 41671 51519 42758 52542 43177 53368 42337 52168 43043 53117 43081 52913 43151 53145 42437 52199 42707 52563 39429 48516 42067 51508 42233 51909 42126 51949 41618 51267 42353 52161 42299 52004 42600 52278 42479 52476 43186 53547 40983 50555 42901 52882 41886 51704 42532 52296 41977 51648 41742 51420 42900 52711 42590 52654 43377 53535 42514 52396 43412 53494 42671 52515 41941 51755 42586 52440 41697 51166 42654 52338 42973 53193 41124 50717 42792 52863 41773 51451 41236 50543 42558 52274 42501 52472 42613 52822 42359 51969 42176 51751 42660 52634 43332 53295 43583 53510 42747 52388 41734 51451 43130 53123 42597 52549 43232 53394 42465 52312 41264 50614 42822 52892 42677 52579 42478 52182 41583 51235 43145 53082 42212 51883 42443 52590 42249 52054 42863 52979 43151 53007 42643 52543 40075 49470 43581 53815 43085 53137 42917 52943 41730 51405 42668 52467 41766 51161 43545 53671 42600 52263 41800 51298 40364 49754 41917 51572 43285 53251 285
42599 52466 43895 53957 43678 53843 43441 53469 43874 54102 42743 52518 43266 53221 44074 54261 43171 53072 43482 53444 44167 54381 43479 53604 42533 52349 43356 53498 43458 53396 43572 53815 43257 53243 42711 52435 43862 53851 41264 50620 43581 53529 43558 53676 42953 52811 43184 53205 43933 54200 44119 54310 43518 53493 42951 52656 42817 52694 42470 52307 43514 53664 42730 52473 43363 53264 43465 53459 43565 53288 42916 52843 44015 54219 33280 40980 43395 53327 43517 53912 43349 53452 43993 54057 44274 54725 42113 51642 41726 51243 43543 53634 43894 54305 43545 53604 33720 41689 43198 53363 44196 54314 42495 52383 43577 53641 42901 52725 39495 48603 43252 53295 42057 51817 32998 40583 42010 51717 43715 53901 43688 53762 40628 49687 44127 54182 43552 53312 43195 53064 43756 53806 43762 54118 43763 53709 42492 52198 43528 53650 42828 52624 43742 53658 43858 53885 43628 53671 42995 52916 43526 53655 43687 53791 43714 53836 42563 52565 43076 53022 44591 55028 43797 53999 43260 53298 43620 53840 44087 54119 43664 53775 43696 53740 41520 51143 43785 54024 43345 53576 43682 53800 44170 54197 44321 54528 43018 52904 43515 53439 44592 55262 43303 53424 42320 51985 43742 53925 44505 54973 297
44727 55483 44973 55138 44402 54566 44010 54300 41670 51322 44025 54189 45267 55799 44030 54102 44688 55023 43975 54175 43790 53946 45263 55684 43855 53823 44530 54915 43833 54016 43093 53072 41148 50638 41347 51065 45186 55848 43693 53740 44446 54891 44504 54883 44118 54059 44520 54919 45014 55357 43551 53695 44885 55326 44302 54252 44876 55485 44668 55115 44999 55422 44531 54878 44985 55380 44676 54962 43926 54211 44584 55006 44445 54428 43948 54000 44242 54615 44871 55310 44548 54762 43717 53708 45294 55745 44030 54089 44072 54484 44393 54834 44680 55194 44344 54722 43514 53536 43228 53163 43885 54047 44618 54928 43699 53778 43409 53430 43368 53299 43420 53688 33915 41768 44053 54127 44315 54442 44529 54949 43814 53892 43599 53737 45226 55770 43884 54153 44124 54674 44517 54922 41890 51356 44034 54397 45043 55560 44415 54726 43331 53337 44650 54972 44125 54174 44636 55090 42868 52957 43864 54064 44013 54232 44485 54581 44392 54438 43762 53849 42800 52633 44433 54822 44141 54539 44623 54641 43458 53515 44462 55037 33910 41737 43447 53174 45508 55873 45005 55580 44169 54627 44585 55052 44075 54339 44068 54593 44235 54596 43935 53885 43436 53460 44113 54118 42239 52025 44494 55074 300
44132 54363 45209 55703 44529 54849 44267 54601 44782 55284 45154 55516 45527 56073 44477 54875 45613 56211 44159 54584 45313 55922 45151 55686 44962 55606 45773 56246 44989 55604 45604 56254 45486 56231 45212 55794 44332 54832 44511 54934 46075 57056 43269 53375 45365 55888 45433 55953 45277 55550 46191 57076 44907 55384 46044 56989 44352 54664 42314 52243 44047 54428 45075 55742 41976 51713 45421 55979 45624 56000 45836 56478 44997 55428 45448 55883 42587 52499 44237 54527 45077 55493 45472 55846 45090 55601 45263 55730 45616 56251 44035 54008 45215 55694 45124 55473 44764 55376 44452 54644 45277 55624 44558 54659 44673 54945 44598 54959 44784 54816 45624 56058 45282 55790 45307 55582 44948 55512 45310 55710 45846 56427 44998 55574 45646 56503 44970 55280 44174 54536 44665 55172 44756 55340 45310 55760 44848 55233 41295 50693 45090 55700 42041 51625 45533 56217 45242 55918 44457 55033 43507 53697 44165 54174 45417 56155 45278 55974 44715 55084 44521 54702 44898 55068 44531 54863 44316 54502 45318 55789 44394 54649 45526 55970 44093 54217 34442 42493 44727 55063 43933 54056 45518 56277 44597 55008 45160 55555 46019 56816 44881 55335 34341 42226 43735 53680 44775 54969 44488 54793 304
45787 56541 42677 52422 45174 55610 46197 56786 45735 56413 45911 56420 45736 56390 46123 56718 42416 52348 46229 56953 45705 56291 45723 56231 45490 55872 45580 56015 46399 57352 45713 56389 46700 57408 46411 57281 42885 52547 46675 57643 45684 56457 45960 56323 45754 56123 46384 57343 45928 56603 45908 56639 46578 57422 45475 55952 46475 57208 45762 56426 45905 56669 46293 56690 45405 55957 46322 57079 44917 55492 45681 56391 45213 55610 46166 57069 45123 55466 45461 55853 46243 56942 45738 56277 45636 56214 45112 55652 45888 56416 46510 57322 44817 55158 46269 57098 45961 56679 46873 57860 46018 56507 45490 55956 45535 55846 45568 56235 34620 42747 45979 56807 46013 56654 46322 56945 46107 56865 46085 56420 45933 56627 46417 57078 46229 57072 46306 56963 45821 56196 46050 56678 42284 51944 45942 56567 45033 55376 44947 55469 44375 54648 46010 56793 45256 55830 45684 56150 45788 56431 45535 56050 46321 57025 46128 56984 45919 56294 46156 56665 43915 54038 46196 56832 45118 55322 46071 56393 45770 56384 44710 54998 45647 56304 45773 56470 44321 54548 45993 56573 45674 56436 45019 55559 45835 56773 46195 56942 46299 57139 46057 56566 45907 56458 46277 57096 45632 56175 46590 57263 283
46733 57711 34423 42487 46061 56479 47104 58101 45784 56373 46306 56902 46307 57040 46427 56981 44755 54983 45887 56317 47410 58624 45787 56290 47128 58126 44751 55091 46901 57708 43578 53615 46983 57720 46372 57259 47100 58398 47292 58508 46606 57372 47224 58176 46798 57711 47462 58530 46861 57766 46832 57927 46651 57495 45885 56292 46637 57464 47062 57988 46431 57228 47296 58178 44122 54334 46760 57505 46067 56986 46791 57451 46464 57271 47232 58283 48327 59436 46484 57409 46686 57503 44107 54512 46687 57590 46838 57728 47232 58410 45567 56191 46856 57853 47123 58114 46109 56885 44779 55109 46787 57735 46877 57631 46920 57961 45858 56505 46357 57126 47653 58971 47124 58335 46683 57433 46877 57437 45543 56135 47813 58850 46411 57133 46598 57248 46191 56800 46845 57550 43890 54058 47828 59015 46267 57119 46027 56619 47435 58432 46771 57562 43549 53632 47413 58635 46647 57458 45961 56611 47474 58476 47825 58985 46848 57783 46769 57720 46338 57132 46745 57723 43945 54097 46477 57518 47169 58175 47077 57738 46434 57048 46989 57763 47612 58665 46464 57254 46653 57478 47248 58374 46201 57074 47357 58243 46584 57605 44835 55193 46304 56963 46753 57824 46694 57429 46768 57683 47269 58379 334
46659 57660 48011 58882 47124 58013 47894 59187 48219 59515 47815 58892 46943 57906 47020 57960 47771 59119 46843 57520 48338 59422 46662 57654 47669 58932 47631 58905 47592 58643 46408 57090 47727 58812 47489 58495 47749 58743 47170 58060 48256 59454 48350 59591 47724 58626 47412 58358 47624 58581 47063 57891 47366 58495 46626 57381 45506 55974 46758 57715 46760 57478 47837 58671 47253 58028 47734 58660 48033 59358 46763 57612 46798 57664 46568 57343 47518 58374 48268 59565 47497 58481 47266 58255 47210 58210 47636 58767 47890 58777 47437 58237 47653 58640 48006 59304 47237 58107 46730 57468 47171 58285 46535 57186 47805 58986 47251 58246 48444 59867 48079 59543 48302 59176 47219 58255 46931 57774 47173 58235 47971 59166 47088 57925 48196 59103 46948 57804 47609 58623 47480 58599 47492 58573 46977 57716 47524 58331 47360 58160 46392 57008 46307 56990 47263 58341 47826 59039 46837 57599 47099 58133 47774 59042 47821 58628 47833 58899 47666 58749 47553 58536 48273 59721 46952 57559 46565 57313 47386 58458 48685 60105 47418 58541 44844 55089 47220 58171 48217 59299 46420 57155 47944 58967 47860 58891 46310 56996 47649 58574 47890 58692 36210 44492 47780 59012 44332 54505 44556 54888 342
47568 58409 48721 59738 47769 58719 36664 45063 48658 59714 47815 58762 48544 59723 47877 58728 48751 60089 47374 58076 48860 60273 49425 60886 48655 60074 47972 59168 47806 58784 48289 59470 46748 57433 49040 60442 48460 59637 48697 59942 49057 60394 48502 59754 48482 59862 48652 59840 48354 59504 48548 59918 45340 55715 47924 58752 47676 58888 44904 55239 48798 60085 48778 60352 47868 59208 48996 60490 48996 60263 46737 57538 47843 59206 48311 59707 46738 57449 48161 59483 48032 59042 48579 59863 48636 59748 48083 59091 49207 60667 47724 58957 48213 59191 48596 60139 49089 60740 48496 59659 47554 58598 48689 59839 48439 59350 48582 59715 48624 59995 45343 55729 37597 46459 48321 59697 48435 59881 48881 60355 47929 59147 48257 59540 46718 57835 49237 60536 47383 58261 48637 59806 48453 59669 47986 59115 48504 59829 48596 59726 48728 60077 48471 59674 48640 59875 47976 58848 49048 60334 47772 58882 47550 58485 48969 60638 46992 57706 48120 59208 48650 59971 49334 60843 47859 58956 48242 59563 49576 60800 47928 59036 48662 60057 48124 59356 49650 61043 48540 59890 48230 59432 47806 58955 47462 58768 48908 60257 48827 60307 49703 61104 48857 59891 46161 56738 48179 59439 48954 60551 310
49642 61006 49552 61047 48724 59753 48397 59677 49067 60111 48632 59897 49609 61280 48788 59948 48563 59937 49238 60652 49258 60691 48838 60143 49370 60897 45462 55953 50426 62180 37147 45643 49156 60700 49148 60563 48212 59325 49963 61460 49587 61087 49069 60448 49595 61102 37808 46633 49135 60147 49197 60517 49571 61108 48259 59302 49319 60807 49357 60905 48172 59495 49596 61175 48557 59676 49258 60696 49081 60420 48854 60544 49697 61672 48798 60193 47654 58699 49800 61415 48667 59736 49069 60613 48628 60069 49096 60334 47181 58173 48287 59305 48875 60337 36407 44829 49027 60406 49309 60659 48574 59962 49507 61027 49926 61252 50121 61740 49664 61313 49806 61275 44916 55252 49649 61155 48676 60077 50342 62010 49246 60462 49445 61057 48564 59589 49331 60854 49733 61389 48406 59601 48958 60415 37841 46615 49953 61201 50028 61600 48524 59556 48945 60268 48315 59622 49495 60902 49711 61125 49735 61227 49651 61482 48824 60135 49534 61212 49848 61364 45584 55632 49168 60597 48538 59987 49478 60974 49387 60524 49602 61280 48452 59739 48401 59731 50032 61663 49545 60914 49421 60786 49192 60641 46011 56873 50300 61952 48732 60031 49394 60610 48583 59962 49740 61363 49648 60947 49219 60726 317
50128 61925 48174 59231 49745 61254 50094 61557 48410 59529 50581 62593 50281 62146 50775 62617 50296 61873 50636 62296 50202 61893 49771 61147 49424 61125 50563 62460 50880 62649 49364 60993 50040 61363 50630 62639 50281 61873 51125 63209 49543 60847 50583 62348 51016 62715 49624 61287 50717 62339 50324 61950 49668 61062 49778 61220 49663 61235 50122 61847 49449 60963 50748 62430 48469 59723 50185 61870 50062 61539 50397 62085 49138 60374 50156 61917 49614 60985 51031 62986 50437 62200 50075 61655 50655 62611 50922 62723 50045 61973 50948 62893 50262 61874 50902 62769 48222 59557 49907 61267 47450 58243 49771 61574 50302 62243 50633 62455 49292 60643 38182 47117 49946 61140 49797 61381 50464 62043 50268 61734 50284 61859 50218 61952 49431 60766 50316 61918 49411 60676 38074 46810 49712 61041 49046 60269 50423 62041 49858 61410 50351 61952 49151 60327 49134 60497 50089 61762 49777 61070 50082 61799 49299 60893 49381 60856 48651 59938 50297 62252 48847 60214 50960 62566 50738 62546 49977 61703 49361 60669 49356 60409 50724 62495 50275 62082 51118 62909 51109 63048 50303 62071 49770 61409 50319 62154 50299 61975 49698 61051 50329 62004 50594 62272 49259 60769 49578 60831 49521 61344 339
50630 62572 50598 62404 51309 63328 50550 62439 51084 62934 50466 62338 51103 62873 49913 61670 50646 62549 51415 63566 51219 62951 51559 63520 50927 62571 48784 60009 51397 63573 51200 63290 51172 63003 51222 62841 49908 61593 51376 63150 50518 62143 50768 62724 51238 62911 49504 60972 50516 62221 50660 62243 50304 61956 51703 63912 47752 58758 49752 61429 38652 47568 51396 63378 51486 63595 50622 62430 51262 63152 51392 63250 49405 60674 50473 62258 50898 62581 51620 63328 50568 62388 50036 61657 52000 63944 50274 61862 51409 63332 50001 61616 51490 63466 50122 61354 51472 63340 50721 62652 50999 62899 51295 63493 51073 62736 50718 62449 50454 62199 50436 62154 50567 62566 51148 63019 51156 63245 51045 63160 50950 62895 51718 63677 49939 61460 50619 62188 51377 63395 51988 63860 50435 62162 50733 62485 50913 62639 50860 62526 51442 63385 49446 60656 49335 60846 50159 61684 49532 61022 50354 62108 51402 63144 49806 61042 49659 61161 51741 63662 51102 62822 49997 61603 50307 61938 50717 62676 51525 63337 49356 60741 51390 63238 49852 61328 51124 62828 50732 62729 50285 61751 50693 62274 46458 57314 51275 63132 49362 61051 50582 62373 50435 61983 51452 63629 51810 63847 39132 48277 328
51527 63528 52562 64714 52478 64466 49969 61696 52777 65099 50940 62609 52319 64579 51686 63513 51152 63086 51372 63321 51772 63823 53072 65406 49610 61110 50066 61586 51870 63499 51762 63967 51247 63138 49498 60942 50650 62374 52439 64562 51394 63338 52294 64365 52492 64857 51412 63194 51772 63798 51879 64015 51459 63368 51496 63343 52214 64004 52050 64264 52341 64365 51177 62928 50884 62332 51819 64059 52166 64097 51172 62963 51910 63829 50555 62046 51843 63895 51076 63135 51808 63845 52313 64522 51903 64190 50994 63037 50448 62044 51467 63352 52379 64659 52792 64919 51901 63851 52349 64551 51855 63876 51237 63456 47619 58806 51166 63216 50381 62318 52111 64215 50903 62713 51967 63992 52157 64512 51146 62780 51580 63484 51912 64059 48719 59822 52051 63921 50423 61888 51579 63565 51644 63706 51099 63073 51368 63166 52950 65110 51434 63258 50224 61868 50268 61701 50266 61986 51743 63576 51781 63993 52372 64533 52086 64129 51960 63859 52119 63928 51349 63193 51419 63156 49870 61313 51724 63647 51110 62995 49828 61209 51549 63752 51182 62925 52054 64196 50224 61896 52318 64243 51687 63925 51736 63824 51783 64211 52376 64516 51265 63162 51290 63273 52072 64206 51785 63757 52091 63971 339
52781 64872 52930 65005 52569 64901 52194 64391 52165 64159 51899 63993 53539 65974 52950 65098 53323 65668 52113 64272 53031 65157 48842 60110 52100 64182 51663 63653 52985 65403 53823 66284 52588 64991 51806 63565 53003 65184 53150 65515 52253 64604 52609 64752 52942 65106 51770 63816 52087 64339 52898 65027 53091 65585 52905 65304 52902 65232 52359 64294 52817 65385 51937 63882 53477 65981 51192 63140 51436 63184 53213 65465 52791 64814 51436 63150 53907 66253 52663 64477 52499 64819 52062 64006 52529 64958 52224 64072 53147 65438 52723 64990 51996 64296 53339 65722 52484 64661 52536 65078 52993 65034 50657 62090 50936 62941 52747 64843 52562 65041 52551 64843 52072 64347 52620 65011 52950 65391 51229 63076 52349 64395 52397 64202 52231 64090 52831 65277 49165 60422 52147 64204 51531 63395 52648 64762 52276 64588 52075 64026 52385 64525 52257 64308 52257 64444 52279 64186 52693 65149 51770 63716 51775 63766 50547 62063 52030 64076 53431 65777 52956 65244 52743 64881 52573 64558 52648 64841 52012 64163 52798 64881 52382 64432 53701 66173 52867 65213 52542 64758 52347 64612 49793 61151 50577 62298 53276 65793 52131 64414 51616 63643 51533 63328 52362 64523 53389 65993 51870 63959 355
52750 65008 54305 66644 53836 66295 54268 67072 52613 64953 53912 66684 53606 66087 53103 65370 53733 66067 53795 66314 53896 66202 52703 64926 50808 62638 53060 65446 54132 66568 53088 65313 53610 65947 54117 66834 52919 65337 53292 65782 53269 65781 53324 65597 53368 65532 53785 66354 53463 65813 53538 66012 53052 65384 53706 65975 53788 66293 53102 65359 53249 65609 53208 65236 49963 61501 53198 65477 52914 65263 52909 64960 52813 64571 53638 66279 53326 65731 54750 67429 51072 62852 52996 65209 50855 62744 52962 65098 52358 64397 53999 66641 54216 66780 53708 66261 53162 65775 53591 66141 53590 65948 53862 66228 53553 65834 53993 66595 53280 65809 53351 65819 54109 66794 52951 65266 40902 50377 53670 65877 53994 66417 54040 66631 52954 65221 53555 66169 54205 66423 53963 66496 53552 65779 53723 66111 53856 66339 52115 64142 54012 66737 53627 66262 52597 64688 52951 65196 53098 65416 52766 64785 53345 65651 53966 66749 52444 64241 53524 65944 52571 64970 54166 66687 52633 64927 53817 66008 53983 66519 53357 65811 53485 65786 53245 65381 54039 66324 54135 66766 53150 65270 52575 64936 51822 63734 53885 66587 53809 66220 40516 49933 53409 65949 54200 66408 53533 65922 54388 66874 379
52254 64032 54386 66903 54293 66766 54630 67290 54621 67129 53798 66246 54852 67357 54238 66793 54500 67283 54687 67257 52578 64581 54774 67185 53226 65439 52227 64209 54402 67130 53753 66120 54141 66593 53636 66093 54368 66616 54167 66761 54232 66881 54306 66588 54966 67828 54076 66398 54946 67669 53045 65162 53993 66537 41336 50914 54548 67394 52815 65037 54235 66575 54783 67393 54361 66676 54586 66986 53425 65701 53582 66031 54038 66476 54542 67309 54985 67786 52929 65188 54086 66633 54475 67062 54452 66816 41387 50875 52982 65198 52807 65039 54869 67667 49267 60690 52836 65201 54088 66668 54307 66958 51901 63971 54315 66797 54644 67366 54622 67303 54254 66496 54087 66902 53869 66487 50683 62614 55166 68093 53428 65991 54362 66891 53994 66589 54739 67515 54710 67313 55316 68060 53894 66207 53265 65468 54480 67328 54417 67181 53739 66241 53377 65700 54826 67892 55362 68037 54580 67389 54968 67647 51834 64165 53942 66574 53935 66250 54126 66551 54491 67104 54807 67333 54941 67872 54730 67359 53933 66643 54905 67832 53660 65974 54535 67333 54543 67160 53395 65760 55004 67743 54829 67634 54026 66547 55389 68252 51761 63828 53162 65251 54461 67162 54611 67308 53102 65270 53725 66364 371
54440 67271 52029 64168 54573 67003 54735 67278 55578 68290 54594 67030 50973 62606 54990 67754 55569 68257 55676 68415 55791 68686 54231 67242 54667 67140 53835 66229 55290 68019 55404 68360 55482 68483 55412 67992 55617 68592 55220 68272 55781 68693 55497 68204 54867 67709 54519 67179 55600 68488 55043 67963 55456 68182 54827 67585 54631 67225 54847 67808 55970 69036 54719 67610 54802 67641 55453 68346 55341 68050 54504 66986 54158 66756 53998 66454 55570 68452 55572 68503 54552 67200 54305 66916 54902 67590 55644 68662 55339 68260 55033 67989 55743 68475 55655 68592 55517 68183 54998 67588 42558 52461 55169 68063 54687 67455 55400 68087 54723 67266 55594 68398 55321 67934 55018 67862 55742 68640 55255 68146 54442 66791 52457 64622 53620 66129 55568 68545 54942 67756 53253 65757 55691 68246 53735 66128 54563 67221 54295 66667 55029 67783 54503 67038 54606 67038 51488 63547 54024 66481 54986 67915 54172 66664 55629 68686 55885 69032 55028 67781 56382 69701 55568 68462 54446 67272 56125 69062 54598 67170 55376 68019 55227 68075 56125 69178 55246 67855 54703 67594 55305 68347 55721 68873 54771 67845 54036 66408 54946 67485 55309 68207 56386 69474 55348 68082 54262 66885 54741 67548 322
54518 66859 56901 70090 55352 68084 55970 68951 56449 69498 56508 69232 56654 70054 56071 68885 54785 67346 55927 68848 54950 67726 55627 68231 55358 68101 55858 68464 54413 66616 55368 68076 56303 69483 56734 69983 55786 68812 57079 70360 56695 69712 55671 68918 55801 68981 55677 68743 56430 69564 56805 69794 56371 69141 56330 69154 56289 69394 56015 68812 56361 69575 56467 69603 55616 68643 55515 68357 55906 68838 55408 67979 57022 70351 55728 68448 55909 68950 56640 69541 55760 68222 55969 68794 55819 68657 52616 64878 42615 52419 55270 68006 56236 69316 56141 68797 56292 69392 56724 70062 55926 68606 56383 69294 55456 68473 56653 69762 56172 69335 55613 68452 55150 67815 54600 66889 56314 69125 55948 69061 55834 68708 55910 68626 56539 69521 55667 68730 55314 68459 55837 68855 56477 69654 55469 68102 54730 67483 52409 64381 56258 69261 55415 67976 55958 68980 55767 68832 56068 68978 55578 68461 55613 68395 56321 69401 54783 67457 55731 68724 56381 69402 55521 68529 56669 69772 55117 67938 56500 69626 55905 68851 56186 69178 55879 68858 56043 69215 55156 67912 56648 69896 56838 69929 56471 69264 56572 69677 55269 68309 57060 70541 56336 69326 55865 68677 55021 68020 55850 68759 342
57348 70692 57395 70850 57393 70605 55665 68481 57509 70710 57621 71017 55121 67877 56398 69400 56302 69161 51715 63473 57012 70131 57817 71314 56618 69458 55700 68521 53329 65309 57405 70534 57293 70424 55666 68531 57239 70637 55210 68144 57766 71296 57511 70504 56513 69749 56605 69892 56454 69591 57201 70384 55927 68941 57260 70157 57277 70868 57450 70931 55893 68774 56973 70298 57360 70797 53403 65960 56451 69520 56611 69371 56446 69589 57850 71182 56022 69222 53130 65322 57237 70605 57039 70196 56932 70200 56619 69822 55521 68258 56697 69968 57581 70887 56982 70125 56821 70070 57059 70545 56397 69335 57511 71066 56858 70196 56525 69590 55149 67819 56295 69185 57409 70986 56382 69591 57261 70628 53272 65790 57790 71009 56034 68807 57695 71233 56345 69308 56842 69883 56523 69653 56353 69463 56461 69664 55738 68595 57207 70508 54323 67009 56003 68901 56524 69601 55298 68284 57343 70405 56978 70139 56446 69513 55647 68352 56262 69498 55578 68452 55933 68478 57054 70507 56003 68661 57068 70313 57076 70223 56215 69103 56297 69044 42688 52549 56768 69860 57968 71625 57950 71430 56930 70093 56692 69927 57037 70365 57109 70322 55856 68766 57047 70430 57254 70602 56105 69085 43213 53298 472
57484 70708 56173 69079 58104 71792 57495 70885 57393 70999 57860 71209 55147 67705 57728 71062 57397 70593 56886 69962 58067 71717 58379 71953 56700 69779 56756 69734 57934 71084 57453 70887 57210 70408 58011 71579 57443 70679 56822 69939 57159 70558 56785 70137 56922 70035 56187 68953 57031 70347 53706 66006 58217 71508 57101 70326 56919 70179 54114 66381 56498 69373 56483 69775 55201 67798 57073 70111 57352 70714 58833 72451 58286 72021 53690 66185 57458 70726 57659 70889 56884 69841 57022 70323 58179 71742 58472 72197 57651 70805 56558 69598 57982 71329 55998 68929 58506 72075 51459 62877 57210 70559 57293 70391 54602 67021 58105 71377 55676 68438 56914 70128 57742 71103 58353 71710 58754 72076 57098 70216 57417 70770 57343 70655 57130 70211 57921 71470 57307 70626 57505 70884 57566 70813 58299 71753 56350 69457 43483 53391 57761 70981 57612 71054 57483 71100 57620 71230 57394 70773 57803 71301 56692 69556 57844 71388 58058 71555 58119 71513 58712 72170 55423 68338 57595 71098 57438 70624 56750 69854 56756 69735 57489 70777 58852 72234 54012 66973 57311 70574 42492 52257 57483 70833 57095 70494 57452 70628 58033 71464 44325 54445 58404 72030 58426 72032 57601 70819 58291 72000 387
58962 72517 55033 67735 59098 72864 57683 70968 58198 71655 58899 72621 59182 72803 56233 69208 58400 71893 59055 72746 57176 70214 58439 72017 59691 73690 58882 72606 58921 72679 59418 73176 54758 67450 57920 71463 58428 72221 58601 71876 54894 67701 57582 70971 58685 72121 57597 70622 58728 72611 58445 71745 57459 70549 58054 71502 58304 71761 59142 73016 58990 72940 58452 71786 57076 70397 58340 72020 58266 71483 57258 70419 58858 72212 58276 71768 59077 72772 58248 71886 58538 72189 57515 70989 58892 72446 58806 72492 57142 70369 57330 70511 58032 71774 57129 70270 59154 72841 56508 69377 58101 71427 58512 72264 57949 70957 59418 73305 58814 72359 58920 72538 58677 71940 54577 67432 53847 66133 58370 71677 58133 71556 56840 70037 58866 72439 58975 72458 56903 69900 57803 71322 59065 72817 55422 68188 44712 55126 58643 72403 57857 71213 59097 72796 58800 72229 58661 72077 57591 71014 58912 72693 58898 72322 59001 72686 59346 73451 59731 73345 58394 71797 58923 72697 58930 72618 59538 73330 59386 73226 58391 71750 58746 72452 57694 70917 56906 70086 58230 71617 58807 72421 58866 72682 57501 71128 56211 69024 58845 72560 58384 71723 57406 70802 58677 72285 58910 72816 58991 72684 287
59329 73160 58889 72583 57997 71429 58781 72275 59652 73599 58964 72227 59423 73333 56038 69093 57938 71169 59047 72720 59376 73127 59424 72950 59471 73440 58938 72786 59972 73958 58764 71987 59538 73134 59361 73013 59101 72527 59558 73429 60345 74226 59759 73718 59332 73127 59769 73509 58798 72288 58503 71982 59161 72619 58340 71672 59583 73684 60152 73807 57919 71386 59256 72998 59260 73017 59518 73180 59298 72920 59571 73159 58831 72634 59823 73613 59238 73024 59664 73631 60070 73997 58994 72768 58894 72721 59918 73692 59524 73088 58228 71736 60120 74132 59582 73502 59039 72416 59972 73810 58238 71721 59471 73102 59929 73781 59050 72430 58375 71726 59104 72676 59447 73276 58491 72137 60292 73959 59265 72860 59080 72692 57976 71301 57901 71336 58800 72664 59377 73130 58640 72321 59462 73452 59245 72935 58622 72273 58262 71657 59549 73373 59963 73825 59180 72927 59219 73164 59056 72618 58867 72471 59337 73360 59415 73121 58959 72542 59024 72758 59236 72952 55782 68670 59388 73018 58990 72784 58488 72191 58265 71659 59796 73977 58836 72396 58849 72384 58692 72555 59816 73614 57738 71125 59146 73172 59561 73406 59532 73196 57968 71402 59147 72645 45014 55350 59570 73260 59820 73505 500
60587 74355 59235 72700 59829 73904 60217 74088 59790 73550 59841 73778 61013 75049 56177 69317 55850 68717 59775 73528 60128 74098 59776 73666 60204 74020 61132 75427 59645 73538 60283 74147 59599 73367 59876 73896 60429 74375 60103 73964 60142 73996 59135 72691 60777 74688 58950 72461 56184 68930 61223 75184 57983 71246 59690 73780 59481 73188 60371 74264 59714 73569 61083 75396 56580 69810 59918 73964 60103 73909 59572 73362 60519 74477 59453 72814 59774 73355 60681 74991 60814 74928 60340 74234 60607 74762 60143 74137 59674 73540 59897 73918 59637 73731 60093 74100 59974 73950 58971 72673 59377 72988 61327 75564 60435 74279 60193 73852 60548 74448 58851 72277 59564 73678 59166 73019 61337 75171 58879 72578 59912 73578 60466 74380 61321 75411 60624 74688 60619 74426 59303 72931 59887 73806 60085 74079 60404 74507 59116 72866 57796 70978 60804 74859 60343 74482 59967 73615 59150 72698 58439 71812 59912 73753 58899 72407 60977 75549 60575 74336 59045 72480 60103 73946 59960 73885 58581 71983 60426 74103 59793 73823 59878 73899 60380 74500 60165 73935 59784 73465 60126 73937 59731 73733 56591 69719 61083 75222 60023 73805 60278 73826 60318 74168 60618 74754 59662 73353 46045 56802 422
61653 75753 60462 74564 59879 73300 61068 75158 61139 75839 59822 73571 60400 74333 61216 75473 59622 73146 60043 73957 61881 76377 60188 74216 61304 75592 61969 76187 60464 74398 59470 73040 59142 72436 60637 74519 56779 69842 60576 74510 59547 73404 60062 74001 61124 75313 61775 75801 57649 71277 60641 74787 60583 74294 61236 75447 60863 74760 60491 74408 61408 75446 60738 74881 60050 74225 59354 73111 57151 70520 59367 73213 60592 74532 61854 76432 60398 74397 60898 74593 60513 74419 61848 76105 60973 74987 60202 73993 61165 75263 61172 75470 61494 75798 60964 74853 60029 73763 61570 75922 60994 74734 61165 75469 61576 75777 60402 74201 61795 76018 60233 74126 60722 74789 61321 75314 60035 73709 60903 74988 60786 75112 59991 73771 61181 75376 62211 76743 60786 74625 61326 75369 61122 75068 60313 74232 61706 75923 61448 75520 59507 73462 61679 76110 60436 74547 61162 75349 62093 76253 60499 74330 60842 74999 61861 76048 60437 74754 61839 76108 60802 75106 61187 75411 60578 74856 57132 70298 60877 75096 61505 75845 61428 75760 61019 75067 60591 74703 61038 75548 60412 74384 59187 72957 61349 75732 46371 57140 59461 73054 61876 76108 61280 75567 61118 75608 61714 75917 60817 74939 409
62112 76372 62290 76842 61540 75759 61809 76170 60175 74018 62188 76582 60667 74261 60903 74735 62260 76389 61341 75394 61526 75776 57395 70471 58079 71431 62081 76412 61676 75968 62206 76661 56863 69948 61616 76137 57996 71477 61777 76460 60940 74813 61423 75671 62305 76544 60905 74637 60498 74267 60823 74849 61386 75465 61555 76050 61573 76101 60104 73986 62206 76695 61318 75197 61415 75515 62540 76790 62072 76469 61103 74970 60775 74847 61956 76424 60282 74185 62015 76504 60910 75029 61950 76517 62818 77215 61399 75384 61922 75980 61845 76104 62245 76379 61711 75686 61198 75354 60644 74575 61628 75988 61993 76024 62356 76622 61197 75244 61964 76316 62009 76245 58675 72093 62015 76617 62076 76512 62136 76640 62023 76196 60888 74864 61361 75271 62199 76584 61850 76123 61284 75364 62413 76851 61669 75657 62172 76348 62486 76691 61276 75460 62416 76727 61463 75702 61849 76369 61982 76467 63050 77468 62497 76695 61995 76266 62430 76903 60878 74782 61893 76241 61568 75607 62016 76617 58195 71578 61272 75382 60110 73691 46971 57813 61605 75619 62353 76814 62872 77598 62664 77268 61689 76238 62844 77114 61081 75392 61662 76026 61925 76362 62442 76877 62419 76769 61806 76314 60152 74164 332
62816 77362 62758 77235 62762 77075 61573 75851 58488 72206 63664 78356 63494 77946 62978 77283 60945 75081 62958 77687 62032 76407 59906 73810 61053 75376 63134 77859 63597 78014 62951 77090 57504 70512 62264 76557 63089 77656 63207 77656 63488 78024 62429 76747 63201 77645 61591 75743 62664 77119 62826 77596 63488 77951 61540 76015 64206 79465 63807 78696 62481 76767 61716 75823 61945 76343 62710 77430 61427 75664 62548 76920 61981 76423 63467 78302 61946 76058 64076 78632 60666 74669 62775 77219 61841 76201 63786 78616 62073 76656 63215 77768 62461 76913 47723 58657 62292 76823 62702 77254 60215 74183 63825 78645 62048 76387 57883 71298 58222 71455 62754 77328 61701 75967 62863 77423 62273 76517 60437 74375 62619 76663 61815 76263 61808 75848 62050 76062 62571 76974 63239 77791 61070 75142 61949 76287 61133 75055 62707 77035 62545 77004 62922 77315 61482 75582 61986 76333 63211 77693 63168 77563 62524 76915 61820 76120 62668 77169 62112 76406 62881 77430 62491 77116 62715 77206 59310 72731 62625 76970 61238 75472 63937 78593 59775 73363 62901 77380 63017 77289 61936 76371 62984 77505 61177 74889 63221 77940 62909 77037 61074 75194 63698 78344 62587 76753 62217 76474 62559 77052 499
63161 77551 62501 77118 63499 78208 63639 78287 61912 76204 63444 78214 64584 79513 62882 77338 63457 77954 63767 78438 63014 77662 63850 78280 62864 77432 63242 77700 63604 78411 63529 78222 63242 77851 63971 78908 63792 78734 59736 73351 63293 77858 63957 78838 64163 79136 62694 77426 64052 78736 62011 76438 63641 78232 63451 78053 63919 78336 63848 78544 63707 78503 63607 78358 63564 78410 63467 78158 62871 77503 63406 78277 62349 76853 63443 78257 61857 76014 63689 78057 63060 77568 62807 77360 63845 78618 61988 76358 62770 76847 62984 77471 61683 75965 63742 78494 64220 78966 63616 78339 64041 78947 63650 78556 63959 78759 63716 77966 63342 77881 63666 78471 63387 77783 62564 76899 63254 77815 62601 77292 63435 78109 63438 78236 62935 77452 64141 78822 64135 79162 62540 76940 62557 77064 63454 77768 63245 78054 63734 78598 62570 77120 64018 78669 63215 77512 63787 78643 63784 78676 64335 78995 63884 78647 63942 78549 60103 73979 61464 75923 61765 76107 63286 77961 63890 78431 64228 79519 63217 77598 63140 77394 63780 78193 63250 77745 62948 77600 64463 79162 62975 77565 63382 77976 62802 77111 60632 74468 63598 78287 63551 78410 63951 78663 63219 77697 62944 77435 63164 77757 342
64292 79218 63327 77799 64484 79173 64108 79044 63822 78623 63345 77929 64303 79018 62001 75979 64341 79151 57604 70805 64500 79102 63966 78823 64401 79328 64599 79201 62560 76762 63930 78608 64846 80200 64623 79179 65541 80683 63430 77909 63054 77581 63796 77860 64799 79825 64518 79625 63148 77536 65206 80026 63990 78705 44766 55076 62620 76946 48868 60089 63605 77991 64133 78919 61802 76172 64938 79894 63443 78195 64318 79589 61959 76243 63593 78394 63831 78259 65763 81041 64727 79572 65145 80178 59140 72653 64527 79537 64405 79288 64938 79716 64251 79382 63441 78069 64494 79253 64237 79089 65072 79855 63833 78858 59732 73760 63881 78519 63406 78009 63098 77739 64558 79402 63833 78654 63697 78442 63866 78638 62522 77118 64390 79219 63798 78688 63655 78260 48685 59800 65452 80619 64754 79909 63258 77853 65496 80825 65137 80369 64202 78889 64596 79603 60189 73982 63238 78086 62644 77249 64269 79092 65421 80439 63548 77958 65506 80679 64754 79654 63915 78561 63680 78254 65050 80376 62741 76992 64274 79074 63556 78458 64556 79661 63892 78136 65084 79940 64654 79575 64128 79145 65087 80376 64734 79686 64786 79768 63377 78072 64670 79535 63988 78637 63588 78273 63882 78938 64392 79148 492
64053 78866 65059 79734 50053 61553 64729 79712 65071 80031 66390 81478 65209 80447 65134 79989 65001 80103 64166 78800 64728 79626 65912 81465 66461 81820 65920 81169 65155 80151 65550 80996 49557 61054 63568 78245 65177 80205 65051 80240 65407 80562 65642 80671 65522 80473 64249 79077 64224 79318 64599 79351 64623 79252 65322 80440 64983 79803 65747 81207 64049 78599 65648 80503 65080 80162 65896 81024 63563 78360 64184 79058 65453 80513 65546 80889 65405 80309 65410 80398 65331 80030 65003 80036 61040 75106 66257 81452 65547 80867 64858 79723 65349 80518 62840 77282 65659 80620 65152 80400 65592 80993 65192 80266 65751 80919 64448 79097 66004 81206 65041 80091 65003 79758 64509 79373 65463 80790 65960 81292 65383 80541 61571 75882 65998 81057 64961 79789 65117 80082 60651 74654 66605 81785 64223 79054 65420 80515 63995 78876 64831 79721 65310 80311 65893 80973 64715 79506 65042 79873 66280 81741 65202 80415 65327 80427 65673 80870 65623 80458 65141 80271 65486 80587 64565 79505 64737 79357 63975 78755 64920 79750 65438 80454 65153 79869 65999 81095 64029 79059 66008 81204 65229 80159 65417 80691 63817 78590 61156 75280 65866 81046 65959 80991 60179 73873 64963 79861 63858 78603 332
66559 82089 65722 80950 66088 81434 63236 77668 65346 80517 65711 80755 66004 81148 65504 80466 60518 74185 66490 81508 66175 81543 63611 78103 66237 81574 64834 79792 66529 81829 66078 81216 65048 80159 66408 81765 66700 81896 65371 80430 61155 75093 66467 81922 66181 81339 65641 80742 65864 81175 50812 62576 66052 81302 66516 81758 65443 80636 66133 81394 65389 80636 65417 80796 66217 81379 66393 81557 65914 81284 65500 80579 66557 82017 67118 82412 66057 81262 65599 80372 66003 81246 66372 81513 66681 81968 65112 80061 66341 81569 66537 81996 65847 81129 65307 80311 66458 81860 65775 80866 64815 79641 64685 79540 50355 62074 64526 79492 66608 81892 66779 82335 61756 76209 65516 80406 65813 80749 65982 80909 66682 82025 65995 81215 66255 81338 65929 81024 65635 80710 66803 82314 66333 81659 66708 81987 65560 80589 65736 80804 65581 80368 60811 74715 65257 80215 63618 78316 65630 80734 65767 80831 66198 81722 66557 81915 63296 77804 66977 82409 50045 61648 65405 80587 64804 79795 66030 81048 63897 78323 66826 81961 66598 82066 66432 81664 66788 82100 66721 81818 65823 81138 66077 81558 49951 61409 66952 82349 67047 82597 65592 80696 63619 78153 65483 80594 66846 82270 65844 81075 500
67542 83182 66305 81606 66810 82451 67466 83197 65946 81366 61615 75360 67413 82995 67747 83321 67113 82965 67545 83133 67200 82563 64794 79775 67927 83712 67317 82705 66298 81464 66433 81808 67700 83265 66293 81625 66523 81707 67756 83430 66716 82158 66597 82030 66886 81921 66779 82527 67056 82664 66697 81979 66091 81052 67093 82475 67288 82891 66283 81550 66164 81410 65792 80757 65511 80819 66761 82095 66255 81550 67827 83614 66564 81909 67275 82830 66297 81350 66026 81218 66565 81876 65585 80596 67138 82522 67385 82768 67431 83219 67363 82795 67520 83017 66320 81673 66342 81965 66332 81598 65967 81073 66070 81098 67526 82970 62172 76532 66029 81244 62750 77281 67110 82834 67604 83171 67761 83408 66660 82076 65897 81042 67207 83028 67272 82739 66827 82229 66156 81462 63230 77756 66873 82428 66902 82172 64642 79305 66248 81486 67826 83391 65870 81037 67164 82522 67384 83272 65337 80447 67498 82902 67257 82635 67473 82825 50835 62503 66442 81528 66658 82066 66495 81850 66371 81576 62345 76710 66441 81862 67256 82675 67196 82930 67738 83040 65672 80725 65290 80252 66365 81489 59715 73458 64803 79837 66446 81653 66466 81489 67798 83442 67663 83144 66348 81634 66731 82209 67516 83257 494
66048 81571 66955 82403 67791 83432 67198 82692 67947 83529 68256 83951 68259 83855 67970 83669 68674 84656 67739 83123 67936 83403 68217 83944 66501 81759 68991 84947 68442 84128 68189 83989 67760 83443 68305 84046 66271 81509 67610 83333 67260 82825 67770 83543 67740 83712 67664 82950 66983 82402 67121 82394 67770 83495 67524 83601 68116 83779 68052 83635 68331 84422 68388 83911 68311 84137 66762 82088 67775 83556 68277 84100 67364 82909 68034 84128 67411 82870 67371 82849 68042 83668 67002 82558 68590 84258 65828 81077 67223 82898 67989 83461 68778 84543 67260 82766 66285 81248 68332 84244 67925 83569 66916 82415 66815 82254 68045 83783 67347 82892 68554 84234 67114 82448 67862 83535 67685 83074 51322 63169 67711 83426 67670 83196 64097 78944 68896 84748 67541 83353 63399 77943 64750 79479 67630 83150 67748 83164 67967 84046 65996 81236 67045 82153 68155 84081 67510 83118 67916 83686 68364 84203 65790 80794 67157 82643 68057 84037 67294 82636 66715 81798 67086 82621 67654 83361 68680 84519 62655 76880 67346 82701 66857 82304 67950 83798 68669 84340 68631 84631 68130 83782 63748 78404 67594 83105 67536 83141 67844 83198 68272 84534 68022 83362 67616 83106 67716 83202 67075 82338 449
68676 84552 64374 79265 68913 85108 68310 84148 69205 84991 68550 84078 68840 84549 67968 83688 66080 81389 51847 63956 67455 82994 68525 84352 68683 84420 68869 84781 69260 85476 68851 84724 68774 84487 68064 83532 67266 82439 68442 84011 68341 83984 68817 84645 68188 84086 67783 83413 68098 83759 68019 83493 68500 84288 67338 82655 66723 82062 69068 85058 68767 84614 69134 84972 66914 82444 67295 82799 52033 63881 69337 85258 68482 84391 69110 84974 68395 84264 67623 82980 67717 83352 68802 84624 69302 85245 66802 81850 68374 83917 68453 84095 64131 78881 68219 84156 52653 64797 67963 83542 68675 84435 69747 85786 69221 85013 65807 80680 69519 85560 68671 84526 68729 84665 68470 84258 68418 84158 67170 82489 68695 84530 67955 83832 68596 84425 69785 85676 68946 84683 68441 84086 68304 84144 68434 84585 67608 82907 68080 83631 69256 85206 63760 78455 68687 84613 68888 84792 67953 83598 68190 83849 69261 85204 67396 83027 68261 84357 68675 84383 68821 84866 68388 84060 67909 83422 69757 85823 69277 85305 68937 84913 66699 82097 68097 83903 67572 83062 69954 85914 67013 82440 66695 82121 67918 83347 67885 83512 68357 84333 69214 85098 69001 85010 69237 85035 68239 84235 68121 84133 439
69661 85575 69440 85428 65441 80369 69407 85588 69854 85811 69168 85031 69478 85531 67885 83719 69798 85797 68792 84446 69764 85771 68599 84393 69780 85932 68455 84127 68567 84510 70045 86037 70203 86273 69579 85343 69580 85301 69244 85374 69054 85048 70110 86369 68700 84691 63910 78870 69675 85826 67949 83508 69929 86130 67222 82736 68177 83759 69048 85077 69676 85870 69081 84754 70125 86150 69226 85061 69539 85402 69681 85868 52690 64843 69439 85599 69232 85417 70371 86587 68981 85044 69041 84782 69693 85741 68285 84112 68803 84642 70067 86365 69428 85305 70102 86365 70289 86386 69187 85334 68661 84482 69796 85850 69239 85169 69760 85695 69938 86027 69767 85909 69183 85424 68587 84670 68963 84880 66778 82232 65684 80676 69821 86037 69955 85883 70432 86567 70144 86091 69559 85453 69345 85322 70064 86153 68122 83571 70105 86137 70036 86533 67332 82780 69585 85877 70265 86292 69347 85246 69637 85535 69818 85851 68367 83959 69931 85647 68803 84316 69683 85948 68806 85018 68745 84364 69337 85476 67962 83636 70183 86291 69261 85454 69963 86104 70034 86089 69420 85577 70112 86208 69876 85953 69840 85864 69889 86022 70315 86829 68704 84382 69731 85872 69541 85604 70093 86472 69270 85475 445
69387 85398 69963 86178 69895 85612 53787 66165 70861 87054 70723 86868 70582 86633 68870 84457 70853 87459 63238 77992 71261 87607 69994 86060 70640 86709 68629 84480 70174 86298 69056 84948 70375 86561 69515 85215 53653 66047 65930 81040 69913 86199 64983 79895 69611 85224 69808 85958 70506 86664 69722 85724 70390 86638 70366 86720 68602 84160 70675 87075 70783 86751 70296 86551 71111 87357 69426 85497 70201 86411 69293 85342 70086 86442 68993 84779 70970 87440 70353 86639 70646 86718 70084 86181 71291 87689 69818 85888 68971 84898 69199 84978 69972 86222 69011 84725 70767 87080 51068 62782 68677 84372 71247 87697 70597 86902 70880 87191 69680 85741 69635 85470 68921 84733 69964 86308 71100 87208 70018 86243 69909 86273 70670 87262 69750 85941 70220 86317 71295 87420 70285 86226 70624 86746 65388 80376 70114 86442 70567 86866 69929 85987 70381 86877 70795 87141 68020 83157 69696 85731 70604 86992 70766 87171 64507 79464 69517 85637 70308 86552 70511 86660 69920 86139 69370 85519 70614 86952 71056 87516 71063 87496 69801 85799 70961 87260 69131 85199 70834 87346 70153 86306 70960 87653 68526 84229 70638 87044 71030 87472 70138 86166 53483 65679 68647 84355 71299 87470 70857 87265 332
71433 87764 70682 86873 71565 87986 71793 88032 70294 86121 71554 88109 70890 87418 70539 86863 71326 87829 70457 86733 70800 86864 71540 87969 72175 88722 71766 88105 71978 88606 70407 86519 70354 86507 70641 86847 71034 87440 71580 87818 69584 85662 70644 86450 70648 86933 71623 88549 71761 88258 70306 86228 66682 82096 71481 87857 70265 86400 65859 80991 71293 87620 70980 87415 70600 86816 71880 88384 72138 88815 71334 87877 69816 85705 69277 85256 70837 87163 70374 86835 71312 87637 71554 88124 66139 81259 70084 86303 70166 86214 70725 87119 70329 86614 70741 86786 70835 87055 71002 87617 72056 88732 70442 86689 71680 88224 70471 86834 68409 84075 71284 87865 71811 88249 71670 88594 70347 86578 70922 87309 70040 86121 71491 88061 70717 86942 72414 89079 70625 87081 71192 87693 71572 88016 72656 89574 70758 87028 54477 67065 71307 87753 70727 86896 66421 81784 70202 86632 72642 89509 72405 89284 71531 88035 70498 86894 71676 88417 71136 87619 70948 87252 71045 87012 70502 86714 69361 85428 71276 87792 71193 87775 70232 86584 67227 82429 71185 87833 71232 87589 71706 88504 72011 88820 71907 88584 71047 87767 71642 88266 68791 84526 70503 86783 65475 80695 69879 85778 65476 80635 587
70605 86946 68594 84455 71914 88489 73213 89699 71795 87844 71778 88066 70686 86868 71991 88564 72055 88826 69278 85190 71065 87311 72104 88861 71691 88455 72263 89001 72460 89360 71912 88472 72881 89583 71352 87791 72528 89182 71620 87906 70315 86591 72997 89823 71322 87901 70990 87205 70476 86612 71934 88936 72176 88830 71923 88335 70717 86716 70305 86659 71805 88092 71931 88110 70429 86400 72326 89057 71823 88409 71885 88124 70639 86912 72365 89221 69244 85241 70756 87263 72536 89159 69835 85714 70792 87100 71010 87574 72400 89313 72059 88612 71764 88399 71644 88285 72973 89886 72574 89475 71172 87238 71177 87633 72142 88820 72184 89152 69379 85314 71957 88666 72389 89055 71419 87755 71429 87568 69459 85474 71575 88069 71853 88573 71641 88102 71356 87710 72386 89045 71843 88238 71519 88149 72197 89217 72376 89130 71677 87939 71994 88516 72180 88586 72333 89065 70751 86780 70956 87264 71334 87955 71344 87718 71238 87726 71347 87689 70132 86344 70421 86693 70835 87140 71305 87586 71450 87967 72653 89246 70302 86686 71708 88267 72632 89460 71985 88494 67028 82620 69523 86117 71693 88349 71938 88733 71213 87559 70804 87168 69743 85843 71613 88032 72451 89542 71836 88553 72272 89048 454
73328 90084 70305 86751 73127 89972 72817 89842 73273 89986 72506 89225 72463 89006 73052 90080 73059 89817 72191 88442 73330 89994 72372 88701 73531 90151 72555 89334 71720 88162 73167 89717 72676 89504 73372 90171 73574 90599 72269 88477 71935 88452 70789 87131 73245 90010 72898 89560 73651 90506 73431 90480 74014 91035 73018 89849 72795 89757 72619 89434 55482 68368 72458 89131 71982 88602 73144 90167 72764 89551 71936 88326 72689 89747 72584 89400 72719 89746 72290 89056 72422 89225 72919 89556 73787 90643 72742 89526 72037 88750 72994 90082 73722 90392 73017 89785 72546 89403 70222 85964 72248 88914 71029 87205 71421 88088 72321 88888 72625 89241 72962 89585 71971 88412 73697 91158 73573 90610 68485 84184 73039 89883 72748 89830 72763 89496 71188 87718 73304 90149 72247 89225 72727 89358 73728 90981 73013 89637 73474 90396 73584 90224 71454 88132 73339 90188 72891 89649 73027 89679 73640 90811 71965 88507 72589 89513 73166 90209 72382 89362 73403 90235 72878 89364 72941 89937 73193 89956 73591 90651 73373 90015 72860 89462 72166 88368 71908 88461 72836 89586 72645 89091 72662 89532 71356 87599 73185 90035 72069 88172 73141 90060 72972 89533 66822 81977 72988 90050 73793 91083 456
73075 89526 72512 89115 72847 89618 73535 90421 73968 90945 74099 91176 73305 89904 73750 90852 74245 91275 74408 91814 74572 91473 74297 91269 68889 85009 74320 91170 72232 88745 74582 91922 73324 89806 73523 90454 73213 90090 72422 89104 73475 90766 74175 91337 73614 90454 72273 88681 73609 90482 72918 89732 56055 68970 74079 91152 71647 88377 72869 89622 72734 89245 72756 89357 73143 90127 72761 89452 73575 90618 73625 90664 73519 90564 73570 90587 72959 89881 73977 90616 73522 90423 73922 90879 73070 89709 72995 89813 70860 87385 71522 88208 74291 91228 72740 89157 73150 89966 73466 90447 74161 91240 72390 89328 72558 88963 73794 91175 74423 91681 74383 91194 73918 91078 74331 91485 73882 91024 72805 89558 74573 91852 68445 83852 72899 89664 56139 69095 72642 89009 73044 89947 73894 90871 72314 88607 72542 89161 71038 86984 73301 89957 73468 90332 73550 90256 73780 90824 73789 90786 73249 90110 71751 88283 72900 89734 73452 90289 73318 90060 73382 90136 73446 90168 73753 90686 72184 88818 73723 90330 73715 90940 69821 86081 73612 90837 73528 90909 72107 88669 72510 89236 73703 90893 74123 90906 72952 89632 72692 89310 71739 88231 73714 90802 73448 90420 73116 90052 74453 91858 491
74730 92091 73454 90371 75227 92454 72448 88982 74391 91520 75712 93115 74429 91335 73322 90013 73356 90142 73659 90889 73951 90788 74791 91939 75305 92711 73135 90068 73818 91084 73436 90134 74549 91849 74445 91432 71819 88268 74889 92249 70948 87350 74280 91500 74862 92380 73445 90220 75318 92863 72543 89397 74653 91702 74234 91493 74449 91379 74275 91169 74817 91977 73447 90212 75227 92595 73852 90766 73629 90186 73945 90973 73458 89990 72231 88847 75366 92955 73798 91270 75030 92263 74979 92338 74580 92050 74970 92215 73627 90464 74717 92029 74563 91781 74914 92176 73799 90455 74583 91723 75192 92676 74254 91268 74437 91758 74699 92087 74271 91449 74030 91141 74069 90944 73435 90453 74013 90891 74437 91592 75333 92403 70513 86703 73007 89792 74728 92118 74451 91507 74587 91908 72316 88854 74585 91933 73954 91038 72957 89633 74632 91632 73484 90313 75135 92616 73773 90752 74231 91492 73632 90701 74268 91266 75134 92276 73701 90899 73974 90819 69526 85462 73195 89930 73932 91030 73300 90392 73927 90732 72269 89072 74782 92297 75200 92620 74335 91419 74130 91518 73451 90321 73477 90252 73450 90501 73672 90953 74189 91395 74517 91677 74475 91886 73849 90415 71683 88281 73928 91130 373
73412 90367 75328 92428 76848 94608 75094 92525 74873 91913 75027 92550 75595 92916 75541 93108 75367 92566 75781 93379 75137 92545 73832 90332 76368 94030 75779 93112 74817 92031 75315 92818 75424 92766 75816 93240 75570 92686 74074 91304 76513 94394 75313 92432 74476 91838 73703 90453 73983 90857 74849 92189 75834 93416 75317 92730 74317 91285 75144 92334 75560 93068 76765 94264 75447 92813 75129 92639 75422 92893 75807 93427 75735 93130 72739 89172 75141 92373 75868 93432 73221 89879 75501 92993 75637 93247 74166 90971 74015 91042 75905 93622 74291 91394 74259 91266 73246 90150 72654 89284 76518 93941 75352 92576 70628 87240 74752 91952 74511 92004 74207 91115 76617 94407 75434 92730 75618 93013 70102 86386 73802 90980 73277 89941 75479 92790 75701 93155 74538 91512 75389 92997 74851 92572 76606 94120 76063 93687 74079 91102 75000 92511 75082 92531 74161 91043 75326 92669 70370 86763 75818 93511 74808 92252 75813 93603 70457 86570 76208 93383 75732 92770 74397 91682 74748 91760 72494 88726 75114 92014 57528 70578 74349 91557 75427 92523 75010 92748 70156 86511 75497 92742 75214 92785 74514 91629 74799 91950 76082 93704 75365 92735 74801 91902 74923 92351 74784 92098 75281 92329 578
75858 93305 76278 93847 76192 93908 76557 94093 75724 93201 76579 94142 75505 92708 74909 92190 75992 93391 75077 92208 73433 90550 76946 94859 76460 93862 75886 93265 74994 92186 76063 93614 72350 89162 76803 94299 76606 94125 76437 94150 76567 94183 74469 91960 75128 92220 77514 95244 76194 93710 74802 91834 76959 95134 75711 93165 77316 94890 76985 94808 71331 87799 73311 90001 76763 94473 76472 93952 76844 94424 73702 90623 75902 93431 76383 93831 75181 92509 76835 94643 75897 93550 75772 93361 76270 93823 76894 94377 75644 93388 76076 93334 73545 90531 76216 93544 75286 92185 75635 92680 76141 93729 75847 93300 76947 94203 76574 94147 75266 92303 74078 91210 75924 93218 75959 93063 76519 94026 76468 94013 74813 91794 76459 94034 77622 95398 76083 93509 73380 90337 74753 92360 75876 93331 76327 93730 75241 92373 75775 93444 75955 93401 76299 93958 76268 93739 76625 94102 75336 92189 73569 90482 74176 91289 76544 94375 76239 94194 75955 93344 76266 93724 73948 90938 75555 92869 75726 92989 77080 94492 75958 93045 58116 71651 73713 90908 75878 93416 76613 94476 76371 94024 73201 90041 76460 93799 75018 92088 75071 91999 75135 92208 76443 93661 76325 93862 75985 93367 74371 91171 410
78193 96005 76499 94354 77489 94842 78053 95958 76649 93692 76677 94326 76749 94346 77139 94848 76816 93981 76669 94064 58793 72420 76673 94371 77271 95356 77050 94977 76799 94421 76547 94264 77417 95084 74486 91832 76996 94718 77590 95416 76219 93484 76177 93629 76711 94244 77168 94815 76347 93759 76976 94509 73973 90973 77686 95240 77460 95303 76927 94501 77269 95139 75711 92910 77218 94783 77180 95178 76935 94405 76836 94722 76710 94541 77286 95155 75864 92939 77711 95780 77286 94883 78088 96021 77456 95256 77525 95492 77584 95180 77959 95626 76884 94355 75312 92450 76872 94225 75078 92754 77540 95681 76973 94089 76328 93980 76797 94283 76519 94234 77432 95123 75723 93276 77610 95699 76264 93702 77009 94969 77538 95562 76620 94202 77207 94904 76528 94021 76893 94531 74016 91155 75766 93204 70015 86093 77612 95310 75908 93137 77178 95275 75680 93122 77683 95529 76755 94140 76707 94711 77665 95901 76094 93683 77633 95458 74373 91576 77083 94733 77664 95672 77327 95477 76605 93924 73507 90403 75688 93083 74635 91656 76959 94733 77095 95043 76804 94341 76915 94546 76107 93937 76536 94264 76870 94546 76599 94222 76586 93967 77561 95435 75365 92456 77361 95275 76496 93680 77736 95465 480
76092 93487 77815 95711 77455 95071 77431 95462 77994 96067 77738 95657 78014 96233 77042 94740 77393 95210 78098 96300 77706 95867 77107 95077 76886 94473 76488 93695 78271 96349 77713 95852 78658 96783 78178 96099 77270 95209 77950 95796 78954 97066 78863 97340 78533 96847 77938 95969 77542 95574 77535 95824 78639 96722 77872 95416 78185 96070 59035 72538 77323 95221 76473 93855 77972 96027 72266 88748 76099 93587 77354 95349 77704 95211 78878 97169 78827 96748 75457 92578 77733 95741 77331 94970 78275 96450 78836 97090 77247 95371 77234 95129 78798 97114 76692 94463 77916 96105 77423 95475 78593 96228 78023 96160 78014 95766 78391 96213 76938 94712 78736 97056 76959 94901 77955 96029 78098 96214 77689 95701 77935 95760 79104 97606 78146 96337 77887 95978 77188 94625 77825 95818 77105 94616 77380 95109 76854 94759 78805 96894 78730 97003 78346 96303 77456 95430 77769 95729 73406 90140 77906 96220 77950 95886 77957 95738 74840 92027 78066 96046 77943 95969 77954 95564 77375 95281 79119 97400 75111 92396 77997 96106 59000 72557 77351 95147 76773 94163 77549 95262 77368 95195 76679 94252 77094 94877 77824 95363 78941 96814 77216 95096 76608 94151 77365 95251 77545 95433 77931 95904 506
78079 96188 78622 96753 78734 96706 74175 91209 78841 97016 79583 97910 79571 98031 78106 95815 79179 97195 77777 95627 78693 96842 77978 96034 78863 96972 79422 97636 78764 96870 76987 94581 76932 94546 77617 95767 73918 91228 78752 96897 79280 97259 77641 95518 77809 95859 79847 98206 79204 97374 78705 96908 79113 97294 76875 94676 78257 96320 76479 94290 78383 96504 77337 95050 77456 95292 79247 97576 60041 73604 77285 95423 78773 96924 78890 96712 78610 96661 73778 90696 78243 96247 78988 97441 78145 96173 77920 95996 79809 98551 77922 95830 78795 97021 71843 87990 79412 97917 77622 95366 79116 96741 78479 96389 72709 89647 77562 95229 77533 95428 77596 95216 79733 98200 78102 96184 78355 96664 77168 94843 76592 94214 78752 96938 78301 96207 79363 97513 79059 96880 78544 96542 78736 96834 77964 95856 78625 96814 79398 97673 78572 96653 77367 95057 78430 96493 77675 95721 73356 89915 76543 94149 79335 97840 79465 97904 78129 95901 78783 96922 78805 97019 79610 97945 79000 96767 78719 96920 79250 97423 79437 97497 78243 96340 78632 96720 76984 94738 79218 97381 78588 96559 77858 95504 79512 97922 77958 95856 79388 97489 77980 96025 71551 87971 78983 97271 79230 97296 79476 97869 510
79796 98268 78342 96333 79394 97567 79470 97702 77672 95783 78732 96997 79663 98296 80328 98613 79363 97816 79731 97975 80031 98128 80403 98712 78116 96114 80269 99003 80101 98705 78458 96448 79803 98311 80230 98735 79165 97081 79882 98514 79185 97575 80309 98961 79177 97437 79352 97261 55308 68031 78793 97191 79190 97485 79256 97497 79934 98293 79357 97654 77597 95604 80653 99472 79582 97935 80948 99824 79553 97522 77139 94938 80258 98713 79739 98084 79981 98632 78612 96761 78878 96907 77960 95471 80102 98438 78830 96921 79210 97353 80214 98769 79778 98123 80134 98453 78754 97386 76343 93895 80077 98465 80319 98972 79328 97758 79638 97940 78501 96415 78736 97044 79468 98036 79930 98289 73464 90446 79319 97356 79757 97790 78085 95741 80314 98445 79905 98084 78574 96760 80172 98634 80456 99101 78463 96839 79190 97124 79411 97948 79559 97482 79578 98084 74181 91295 79190 97239 79465 97831 80386 98430 79762 98063 79120 97490 80677 99089 79641 97887 79410 97908 79968 98455 78509 96463 79069 97407 79979 98562 79329 97554 80601 99057 79511 97665 80127 98780 80065 98660 75832 93102 78529 96900 78514 96633 78604 96539 79764 97920 79161 97760 80227 98598 78468 96341 78482 96437 78511 96734 484
75656 92868 81413 100092 80157 98427 79639 98036 80104 98632 80619 99044 80527 98680 80184 98856 79502 97814 80324 98509 81013 99883 80413 98751 78869 96863 79969 98244 79587 98094 79870 98312 81109 99784 80381 99238 80042 98228 80882 99188 79880 98158 80561 99405 79554 97893 79880 98436 80312 98892 80310 98462 79682 98172 79328 97674 81427 99900 81645 100279 80027 98604 80050 98735 79957 98357 78677 96907 79267 97181 80248 98530 78883 96905 80665 99156 79717 97954 79704 97772 80032 98457 80892 99721 79785 98180 80103 98207 80401 98589 79226 97453 79550 98251 79937 98583 79990 98643 80281 99221 61361 75400 80385 98885 80007 98293 80871 99210 77449 95051 79367 97504 79064 97258 80716 99513 80622 99084 80194 98579 80712 99524 81216 100128 79385 97407 80012 98614 79334 97512 80867 99308 79608 97860 80237 98583 80572 98895 80995 99871 81022 99814 78292 96291 80977 99815 79033 97464 81096 99754 80371 98913 77507 95209 81138 99365 79868 97991 78297 96352 80128 98798 79230 97974 80488 99091 80125 98535 80262 98757 78736 96677 79693 98173 79241 97324 79465 98036 80479 98895 80682 99206 79894 98451 80363 98834 81146 99714 79703 97902 81533 100498 79389 97764 80013 98414 78165 96126 80279 98785 477
77048 94559 80551 99236 80537 99147 81327 100164 81236 99701 81676 100323 81362 99864 79894 97984 80394 98900 81183 99595 81443 100220 79565 97651 80369 98827 81289 99882 81804 100909 62297 76703 79924 98207 80997 99077 81190 100058 81611 100300 81478 100204 81706 100435 82056 100959 81044 99784 81659 101089 81766 100912 81282 100273 82007 100802 71577 88026 75015 92058 78384 96532 75341 92816 81676 100842 81380 100235 80187 98617 82220 101549 81113 99817 81806 100483 80660 99185 81133 99754 82166 100743 81183 99970 79834 98126 81524 100201 82348 101209 81571 100275 80186 98151 79176 97525 80590 99518 81585 100388 81109 99821 80766 99086 78417 96711 82145 101045 79357 97740 56773 69784 76500 94081 82060 101272 81548 99989 81617 100518 81172 99768 79608 98036 81125 99951 81710 100567 81639 100688 80461 98850 80958 99611 80569 99191 80615 99282 81638 100604 80795 99443 81747 100913 80271 98818 82017 100695 81399 99860 81628 100681 81601 100385 81933 100886 81861 100810 80532 99108 81399 100087 61818 76018 81165 100010 81622 100163 81669 100377 81600 100233 81143 99956 79915 98054 81392 100013 80529 99109 82242 101306 80527 99066 82006 100989 81284 100011 80361 98977 82073 100680 79801 98306 80786 99473 80261 98791 81511 100346 659
80942 99472 80748 99294 83273 102429 82552 101564 83288 102667 81096 99488 82796 102164 82142 101258 80199 98620 83112 102110 83022 102004 80402 99180 81838 101043 81169 99720 83329 102725 83071 102098 79748 98205 82059 100808 78616 96808 80876 99542 82039 101204 82419 101656 80896 99712 81629 100231 82265 101509 82171 101229 81587 100702 80699 99140 81856 100918 81906 100900 82718 101966 81790 100250 76128 93778 82272 101301 81982 100403 77844 95841 81529 100271 82085 101027 62632 77055 82135 101009 81383 100378 81621 100429 82285 101147 78379 96477 81784 100269 82712 101674 81676 100757 81753 100729 81066 99878 76436 94081 83730 103083 76441 94145 81734 100506 80889 99633 62544 76632 82648 101664 81885 100718 81262 100092 82121 100917 81870 100705 82141 100655 81074 99540 81640 100735 82698 101644 81650 100387 81108 99663 81768 100767 82186 101141 81971 100923 81702 100101 83090 102016 82708 101463 81498 100641 82011 100622 81613 100379 82701 101739 83729 103159 82550 101158 81650 100532 82060 101129 83128 102255 81540 100601 81198 99917 82931 101879 82449 101919 82707 101917 80942 99599 81068 99406 82359 101374 81949 101089 81236 99773 82415 101422 82321 101513 82871 101755 82265 101549 80363 98835 82032 101044 81293 99990 82256 101183 82069 101081 522
83459 102739 81868 100643 82302 101352 82092 101054 82928 102177 82043 100635 83094 102152 82137 101160 81782 100331 78366 96322 82446 101558 83215 102127 84401 103768 83265 102485 81517 99825 83745 103262 82495 101707 82437 101505 81904 100437 81733 100684 81078 99876 81986 100865 83276 102670 82344 101341 82701 101942 82507 101171 83306 102723 84291 103783 82358 101334 83772 102853 82325 101256 83755 102983 82291 101477 83327 102431 81968 101045 82752 101878 82434 101608 83530 102577 83239 102433 83678 103245 82043 100591 83015 102053 82404 101337 82696 101558 83833 102834 82835 101966 82481 101301 83437 102469 83583 103110 77052 94857 82948 102140 82798 101557 79446 97655 83224 102567 83713 102847 81936 101163 83264 102638 83086 101682 81603 100152 83218 101978 83495 102885 83608 102908 83974 103641 83253 102315 82374 101122 82985 102235 82085 101037 82743 102089 83509 102916 84038 103390 81870 101091 82582 101699 82730 101950 77473 95485 84563 104016 83095 101969 83097 102443 82278 100876 83852 103174 82350 101499 81631 100320 82963 102057 83025 102055 80428 99159 81433 100425 83071 101756 81892 100910 81398 100058 82215 101281 82272 100948 82536 101600 83019 102080 83864 103241 82292 101305 83402 102469 82576 101591 80768 99386 75315 92564 82928 101759 82908 101932 515
83052 101734 79453 97486 84139 103479 84225 103655 84606 104393 83938 103445 83106 102394 84392 103380 81398 100346 83989 103561 83795 102925 82456 101465 84270 103846 83600 102722 82348 101402 80757 99259 83980 103306 82883 102083 82945 102158 83557 102818 84175 103694 84063 103135 83482 102678 81378 100271 84002 103438 78065 95742 83560 102803 83025 102277 83079 101933 83727 102820 84052 103120 84122 103420 82944 102365 83604 103227 80764 99255 83597 102727 84338 103663 84929 104168 82880 101882 84555 104071 80528 99244 83886 103215 84683 104114 84362 103865 84846 104465 63147 77653 84342 103692 82635 101456 83465 102618 85210 104817 84238 103494 83532 102805 85069 104663 83088 101874 61458 75717 83496 102951 83600 102991 78176 95910 84833 104562 82619 101046 83676 103152 82225 101372 83212 102331 83006 101972 83686 103027 82723 101710 83873 103461 83348 102312 83930 103318 84106 103822 84021 103168 84566 103850 83326 102490 83749 102832 84416 103904 82416 101615 83042 102348 82987 102138 83782 103091 82579 101505 80641 99462 81421 100071 83769 102648 83194 102639 84620 104376 84876 104281 83851 103215 84092 103400 84118 103709 84284 103966 82654 101462 83853 103071 78997 97102 63642 78338 84434 104001 84129 103521 84474 103995 84540 103912 84843 104385 84016 103303 521
84323 103667 83790 103310 84177 103816 84018 103345 84198 103699 85112 104883 84100 103767 78720 96839 85067 104689 84501 103927 83514 102727 85158 104983 84353 103808 82709 101813 85629 105219 83080 102202 83943 103190 85368 104855 84859 104631 84522 103865 84143 103634 84549 103869 85586 105151 79408 97593 80492 98880 83784 103037 82947 102105 84719 104172 85128 104435 83449 102964 85372 105130 83977 102709 85433 105129 85670 105256 84998 104567 83555 102803 83071 101603 84675 104402 83840 103347 81413 100030 84603 104142 85797 105697 83465 102520 84718 104032 82425 101176 84266 103712 83634 102741 85408 105006 84520 103756 84816 104476 85398 105152 84276 103884 82954 102073 84557 103862 85044 104700 83520 102802 84410 103788 82139 100888 85793 105432 81072 99918 83777 103067 83740 102734 84269 103678 84456 104122 84452 103633 84107 103843 84837 104194 84791 104816 85140 104731 85197 104660 85176 104558 84756 104526 85307 105180 83811 103447 84627 104317 83906 103195 85460 105276 83513 102830 84933 104410 85906 105788 82934 102093 82084 100944 84304 103840 85154 104976 81057 99778 84463 103476 85086 104721 85557 105182 85552 105053 84864 104376 84968 104459 85462 105040 85328 104726 82237 101253 83683 102442 84225 103398 84341 103578 83813 103217 84091 103393 83749 103256 479
85889 105598 82594 101621 84213 103605 84494 103879 86222 106126 84312 103440 81746 100609 81803 100683 86608 106777 85021 104762 84229 103294 84751 104371 86254 106228 85254 104959 85368 104857 85520 105482 84773 104471 86238 106192 84431 103950 85092 104358 84199 103487 85502 105606 86046 105565 85029 104694 86673 106501 85450 105089 86138 105935 84776 104084 78661 96454 85382 105135 86216 105697 85164 104947 84774 103965 85092 105222 85668 105278 86502 106311 86266 106082 85415 105232 84882 104246 86568 106788 85719 105302 84076 103129 86385 106029 86060 106292 82745 101682 86096 106291 84622 103912 84149 103578 84898 104336 83681 102982 85411 104956 83863 102894 85530 105543 84498 103915 84437 103580 85388 104725 85849 105146 84937 105005 84242 103799 84381 104070 85141 105103 85863 105156 85044 104917 85695 105527 86738 106557 65096 80021 86024 105897 86184 106086 84448 103994 86190 106101 85675 105447 85336 105130 82901 101918 86160 105748 86051 105845 85490 105191 79338 97832 84266 103519 84277 103948 85984 105594 86392 106495 83985 103411 85424 105023 85047 105018 84861 104572 84154 103285 85053 104639 84892 104712 85634 105501 83471 102593 84922 104503 85600 104842 84481 103905 85954 105871 86583 106537 84421 103576 85244 105046 85920 105457 86057 105798 82769 101935 473
86706 106465 84931 104191 86261 106325 85455 105232 85355 104682 87108 107115 87515 107763 85848 105495 85089 104718 83582 102566 84388 103547 87454 107487 83796 103433 64869 79726 85650 105341 86077 106055 85446 105320 85646 105404 87362 107555 86996 106773 86992 107020 86900 106861 83870 102945 84598 104235 86651 106299 85587 104832 86150 106371 85947 105716 85831 105835 83796 103134 85638 105325 85431 104810 86740 106746 86458 106530 85229 104516 88289 108630 85803 105603 85361 104867 85844 105256 83628 103163 86007 105705 86000 105650 84818 104395 87247 107459 84737 104223 86503 106449 85722 105527 86036 105716 86495 106515 85544 105001 86261 105694 84346 104160 85650 105172 65350 80447 87321 107548 86455 106199 86263 106138 86674 106814 85621 104987 85064 104554 86303 106081 83593 103000 86058 106180 86000 105917 85524 105228 86347 106268 86490 106439 80974 99860 86873 107109 87240 107260 86381 106381 85952 106052 86420 106398 85877 105823 85697 105424 78755 96847 84766 103784 86302 106559 85943 105792 85045 104792 85368 104962 85676 105546 77403 95099 86866 106930 85386 105021 85580 105261 86713 106481 86699 106906 85484 104624 86159 105972 86539 106073 85491 105052 82526 101577 83603 102686 85416 104930 86629 106272 85973 105808 86161 105868 85084 105008 86613 106561 648
87019 106544 87315 107102 86134 106177 87246 107553 87822 108117 85073 104416 84031 103364 87268 107149 85265 104801 86638 106665 88537 108703 88446 108980 86203 106251 86295 106050 85862 105647 86816 106676 86935 107012 84269 103669 87165 107100 88040 108326 86563 106161 86899 107206 87157 107652 82169 101144 81335 99626 87074 107002 85389 105197 85244 104888 86146 105902 87604 108194 87011 107098 86007 105591 88274 108554 86025 105913 88039 108598 66584 81989 87146 107623 86226 105908 86770 106670 86018 105542 86171 105989 87326 107423 79463 97838 87538 107706 87204 107244 85503 105161 86935 106820 87438 107817 87367 107300 88462 108729 85979 105546 86961 106617 87813 107795 87835 108231 86104 105727 86429 106551 86417 106390 87957 108375 86597 106565 86974 107190 85855 105560 85164 104812 87020 107312 85515 105151 66523 81832 86614 106358 87113 106889 88074 107944 86808 106816 86920 106657 83626 102749 86927 106759 83334 102163 86785 106812 87407 107929 83296 102139 85515 105248 86574 106918 87279 107146 87355 107369 86095 105647 87234 107199 85808 105193 86994 107032 86857 106649 86586 106532 87958 107990 88941 109444 85475 105229 87406 107687 87175 107121 86884 106798 87597 107972 87575 107902 87025 107074 88040 108272 86752 106599 86372 105940 85101 104463 87131 106914 521
87569 107755 87639 107605 84978 104544 86654 106569 88513 108881 87954 108388 87220 107353 82442 101328 86597 106542 88319 108916 87631 107864 89023 109366 85512 105300 87360 107681 89420 110368 88642 109057 86048 105440 88816 109291 84780 104354 87409 107906 86199 105926 87243 107131 87454 107808 88740 109191 87627 107961 66675 81989 86800 106595 88073 108454 88752 109083 87531 107972 84720 104115 87143 107289 66909 82426 88442 109054 87175 106969 86973 107186 87539 107713 88352 108774 87215 107511 88806 109231 87627 108169 87247 107233 86808 106526 67049 82563 86598 106719 88279 108404 88523 109038 88288 108563 87547 107926 88073 108321 87893 108462 88026 108368 87673 107992 87442 107716 87941 107993 86997 107018 88183 108553 89084 109593 86897 106893 87111 107104 86913 107038 86934 107198 88750 109006 88755 109205 88064 108599 86270 106013 80784 99364 88846 109203 87409 107179 86684 106456 88714 109458 87963 108354 87373 107424 66227 81444 88283 108549 87517 107827 66890 82375 88689 109443 87768 107675 88763 109000 89027 109856 87158 107422 87931 108202 86722 106625 87568 107730 85967 105580 87513 107578 87448 107644 87641 107865 87024 107093 88404 108758 87561 107783 85084 104649 88405 108904 87641 107903 88536 108844 87087 106866 87820 108236 89048 109702 88454 108251 477
87303 107375 89182 109939 89513 110376 87770 108075 89634 110381 88045 108429 88624 109056 89818 110634 87974 108406 88111 108534 89042 109720 89941 110493 90001 110673 88490 109023 89024 109541 89477 110061 88892 108947 88123 108534 83217 102593 88467 109002 88939 109409 89063 109546 88576 109275 89074 109529 87896 108363 88215 108748 88894 109572 88315 108654 89948 110787 87640 107466 89053 109446 87886 108031 89032 109599 89720 110368 88819 109262 88872 109390 89174 109560 89202 109812 87981 108437 88171 108322 87853 108357 88707 109249 88992 109986 87427 107775 89395 110225 89163 109733 88266 108795 88887 109663 87923 108178 89658 110005 88381 108541 88452 108865 88209 108369 88473 108846 89125 109774 88152 108767 89814 110440 87726 107513 89367 109617 87038 107097 87816 107870 87733 108097 88491 109166 89412 110055 88545 108797 88685 108953 88446 108982 88837 109219 87919 107984 88201 108477 89258 110177 89071 109732 88712 109259 88673 108626 90012 110781 88347 108806 88307 108550 89120 109433 86252 105790 90458 111513 90211 110861 88450 108495 88473 108999 87680 107842 89078 109376 88682 109240 88044 108308 86711 106682 88829 109349 87650 107613 87572 107423 89291 110035 88714 109546 89785 110732 88901 109216 89146 109818 89337 109780 88005 107932 88739 108920 89231 109840 637
89490 110062 89036 109303 88926 109443 90435 111210 90141 111073 89153 109535 90129 110989 88648 109052 89412 109496 89349 109925 89470 110146 89705 110578 89691 110760 89279 109618 89535 109645 89410 110296 89467 109923 89626 110400 89003 109126 88107 108111 89453 110121 90575 111356 89844 110413 81913 100650 89628 110297 89064 109710 85000 104244 86538 106387 89034 109507 89513 110564 90324 111080 90000 110884 88263 108680 90631 111189 89261 109794 90252 111089 90279 111351 89739 110266 89703 110390 89652 110300 88988 109694 90162 111086 89676 109983 87402 107556 88302 108432 87732 107850 88219 108289 89897 110806 90607 111071 89812 110102 88765 109492 89571 110474 89584 110242 88885 109241 90043 110648 87896 107964 87352 107508 89181 109744 89198 109705 89500 110142 89166 110027 89350 110106 89584 110366 89920 110559 89573 110023 89022 109570 90139 110609 89086 109699 86601 106889 88977 109511 90411 111362 90047 110744 89270 109953 89143 109847 88496 108757 89379 110264 90659 111218 88906 109207 88188 108520 89683 110571 89185 109943 88320 108731 89750 110539 89837 110727 88623 109018 88862 109441 88449 108441 90716 111647 86370 106242 90179 111042 88692 109213 89490 109924 87650 107467 90686 111444 89747 110012 87874 108094 89790 110621 88919 109494 90677 111563 90302 110953 470
88636 108793 90256 111269 88510 108910 91009 112522 91014 112153 92008 113584 89909 110624 90097 110806 90819 111675 91244 112275 89419 110025 91583 112550 91002 111488 87165 107246 91797 112754 89202 109796 90277 111373 89747 110510 90411 111278 90860 111279 90626 111157 91411 112859 90699 111651 88266 108571 89314 109616 83144 102305 88437 108510 89371 109676 89725 110482 90677 111578 89754 110831 89571 110450 88972 109542 90868 112037 90126 110885 89745 110642 89761 110096 88569 108990 91553 112590 90755 111476 90263 111355 89766 110655 90672 111519 89676 110483 90463 111503 90256 111554 85238 104388 89071 109705 91781 113031 90553 111458 90464 111131 89453 109981 90144 110872 88941 109684 89531 110403 90445 111557 91188 112364 89807 110726 91278 112463 90528 111464 69262 85219 90092 111138 88942 109715 89963 110789 90774 111624 90861 111811 89991 110315 90630 111688 90594 111857 90178 111109 87455 107651 91767 112757 85909 106026 90239 111228 90702 111565 90103 111174 89720 110533 88830 109437 88298 108571 87886 107965 90883 111919 91419 112479 90861 111653 90558 111399 89909 110094 87576 107737 90120 111036 91502 112330 91978 113074 90345 111318 88795 109276 90277 111651 89966 110452 87416 107712 90774 111607 88455 108924 90719 111998 90280 111092 90090 110808 88877 109264 637
91740 113063 92123 113026 91216 112321 85537 105531 90682 111456 91602 112857 91442 112644 90628 111639 88218 108692 91976 113403 90515 111466 91151 112151 91657 112981 90164 111093 90849 111815 90670 111639 91966 113098 92013 113488 89561 110239 90440 111185 90626 111425 91377 112517 92113 113565 90369 111434 90317 111160 89279 109878 90680 111759 91872 113109 90989 112053 90515 111083 89282 109862 90047 110843 90305 110818 90748 111422 90660 112046 91616 112692 90799 111813 91264 112556 91210 112035 92235 113703 92826 113930 90999 112357 91297 111858 90706 111685 69777 86026 90702 111950 92811 114203 92421 113911 90640 111808 92186 113436 90907 112172 91795 112923 90549 111602 89994 110939 92314 113324 91776 112606 91498 112644 91693 112894 90611 111657 84858 104580 92566 114024 92108 113549 91342 112720 89640 110487 91727 112770 90563 111550 92240 113689 91398 112456 91403 112473 91546 112562 90189 111058 89014 109764 92631 114250 91370 112688 91713 112850 90582 111599 90481 111172 91564 112580 90988 111844 90877 111724 90429 111355 91108 112277 90342 111092 91244 112737 91617 112226 91661 112702 88634 108845 87386 107780 90346 111207 90418 111769 90981 112300 89449 110072 91787 113489 92075 113133 91925 113102 90165 111075 92301 113504 90952 111914 92448 113609 69686 85761 635
92688 114003 92829 114215 92627 114312 92545 113923 92567 114188 91041 112018 88370 108646 92062 113323 91971 113386 91347 112252 89207 109652 89154 109793 91544 112896 90537 111553 91429 112449 92345 113154 90106 111012 92945 114363 89352 110039 91262 112322 70484 86776 89377 110075 90762 111807 93486 115294 90932 111388 92333 113432 92078 113238 91568 112625 70457 86638 92757 114351 90929 112155 91002 112578 91776 113078 91127 112415 93747 115376 89741 110569 92272 113474 91722 113010 91501 112984 92432 113786 91247 111906 91725 113071 92289 113884 85943 105569 91721 112887 92967 114490 93559 115255 92543 114316 91950 113482 90950 112016 91194 112315 91588 112495 91869 113135 91659 112894 92576 114265 90984 112196 91899 113175 92941 114779 90535 111381 92079 113297 91906 113282 91589 112680 91233 112498 92430 113818 92872 114516 92050 113259 91361 112752 92549 113983 92727 113887 91909 113203 92920 114562 91251 112228 68876 84869 92654 114175 90483 111485 92615 114162 92553 114100 91756 112866 93600 115120 85211 104557 92544 113888 91013 112245 91947 113382 91342 112153 92899 114422 91259 111966 93006 114809 91214 112040 92073 113697 92001 112927 91759 113341 90529 111364 92898 114279 92681 114139 89408 109702 92576 113984 90214 110896 92565 114177 92823 114413 91924 113312 582
91321 112452 92819 114401 94309 116086 93773 115284 92962 114678 91697 112631 91429 112198 92451 114019 92918 114281 92248 113823 93497 115114 91817 112834 94159 115599 93192 114853 92392 114158 92949 114591 91053 111985 92119 113380 90461 111427 94163 115860 92434 113765 93463 114940 90472 111327 92770 114262 92947 114442 92955 114404 92551 113883 92669 114459 93226 114761 92864 114244 91569 112600 93502 115153 92279 113602 87327 107627 93000 114758 93458 114687 93064 114633 94145 116098 93586 115019 93181 114738 92903 114424 92498 113755 93328 115157 92467 114198 93589 115178 92018 113297 94154 115717 92210 113274 91982 113109 91734 112991 93307 115043 91808 113277 92847 114597 93521 115311 91081 112368 90955 111895 68047 83594 93575 115330 92545 113562 91924 112881 92650 113940 92336 113994 91461 112435 93371 114693 86870 106782 93320 115031 93754 115346 92545 113948 93643 115104 89235 109951 92664 113912 93056 114545 92105 113196 93506 114861 89992 110935 92083 113293 93392 115075 92615 114219 89596 110007 92798 113918 92488 114061 91393 112435 91079 111940 93268 114947 91595 112824 90888 111659 90225 111073 93696 115624 92816 114217 92925 114604 92981 114631 91511 112617 94155 115764 93069 114225 93747 115464 92548 114063 93033 114742 92122 113508 92935 114639 92563 114086 530
92853 114163 92601 113973 92351 113196 91765 112545 94147 115934 93479 115073 93272 114439 92640 113797 93879 115479 93299 114789 91260 112259 92741 114315 87752 108097 93224 115154 94554 116036 92861 114129 92992 114536 93341 115360 93783 115536 94409 116380 94343 115953 94801 116869 93760 115798 93188 114881 93860 115162 91405 112188 95005 117047 93576 115530 93213 115228 92273 113770 94287 116023 93165 114865 92843 114182 93691 115049 93369 114813 91666 112786 92917 114150 94451 116238 94457 116210 94862 117019 94856 116563 93489 115290 94744 116909 93579 115476 92846 114115 93269 114790 94211 115993 93544 115120 94110 115844 95487 117268 93208 114701 93850 115434 93700 115956 95010 117128 94862 117309 93212 115094 95059 117241 94348 116054 93165 114577 92111 113314 94433 116221 92754 114287 94368 115938 93596 115325 94415 116424 94187 116064 93709 114924 93289 115200 94435 116416 91776 112700 92978 114192 93847 115583 85436 105026 93988 115409 94928 117201 87691 107696 94310 116208 92754 114280 91553 112651 91938 113227 93926 115995 92742 114010 93053 114606 93544 114859 95040 116784 93612 115486 88731 109479 93509 115033 94104 115820 94021 115914 93613 115087 92751 113982 93864 115463 92978 114263 91688 112572 91305 112427 92407 113845 93670 115212 93307 115090 93979 116032 741
94595 116403 93769 115066 95266 117099 94939 116667 93864 115863 95500 117517 94786 116826 95072 116850 95513 117598 91313 112095 95455 117622 94863 116711 94446 116240 95916 117918 92517 113886 94601 116417 94570 116320 94740 116648 94749 116712 95904 118130 94503 116616 94505 115979 93271 115096 96044 118283 94580 116582 92925 114299 94656 116444 95430 117730 93452 115151 95431 117415 92282 113391 94985 116735 93902 115688 93673 115389 93387 114832 93933 115689 91031 111771 92936 114375 94408 116213 95426 117396 91425 112757 94888 116920 94781 116957 94295 116002 94144 115874 95071 117101 94289 115839 93501 115020 94847 116754 95598 117684 93846 115428 92917 114414 95382 117326 93919 115651 95410 117181 94915 117106 92586 114201 95368 117321 94943 117012 95919 118439 94343 115882 94106 115704 94333 116077 94680 116536 93656 114974 93800 115275 94998 117066 94080 115722 94617 116402 95235 117210 96366 118513 94227 115990 93254 115091 94152 115934 94126 115773 94805 116932 92918 114233 93165 114852 92464 113878 94911 117082 93041 114269 93287 114583 94363 116401 89146 109636 94498 115908 95047 116941 93109 114736 93635 115243 95309 117330 95906 117573 92532 113494 94192 115657 94738 116639 94326 116353 94693 116584 94315 116214 95483 117578 92172 113319 93659 115626 95171 117291 636
95738 117642 96376 118705 93558 115163 94319 116183 95677 118029 95334 117129 95464 117788 96616 118905 96687 119094 94725 116537 94984 116939 96021 118242 95270 117453 94509 116262 94564 116158 95989 118008 94686 116503 95322 117232 95795 118088 96013 118031 94467 116056 93849 115359 93317 114900 96010 118367 95983 118028 95641 118023 95255 117067 95612 117799 95756 117760 94962 117043 95015 116636 96496 118814 95216 117156 96748 119036 95654 117842 94309 116193 95948 118101 95900 117954 91510 112286 95034 116937 72663 89618 96254 118424 95125 117175 94917 116764 96329 118676 94852 116759 95474 117702 95733 117756 95917 117959 95629 117941 94344 116122 94322 116222 95919 118278 94279 116382 96285 118356 94644 116393 93916 115562 94447 116541 88351 108657 94761 116868 94767 116740 97189 119546 96358 118740 95117 116975 96208 118320 95311 117326 95070 116896 95932 117818 94285 115673 96181 118223 95034 117117 95220 116764 93154 114462 94611 116465 95603 117658 95685 117988 95438 117564 89211 109300 91696 112943 89344 110048 94978 116903 95142 117353 92513 113728 95039 117307 94303 116048 92776 114456 94462 116298 95171 117153 72989 89615 95769 118044 94992 117022 95591 117481 96285 118434 95418 117364 95434 117492 96669 119029 95513 117472 96361 118344 95512 118101 94559 116491 658
95630 117874 93282 114431 96090 118453 95870 118174 97747 120012 96900 119264 93816 115541 97612 120218 95374 117655 96366 118692 96241 118493 96610 119002 96840 118921 96603 119303 95274 117268 96888 118995 94770 116529 96750 119340 96112 117867 94708 116590 96816 118797 96911 119649 95462 117026 95866 117864 95673 117891 89231 109593 96473 118907 95778 117929 95488 117804 96820 118976 96068 117847 94839 116890 97497 119590 95286 117146 93926 115206 90035 111005 94947 116554 97270 119673 95138 117154 96490 118932 96363 118608 96653 118816 96471 118717 92753 114288 97917 120395 96781 118951 95155 117263 72961 89787 97082 119843 94144 115877 97088 119997 95843 118084 95716 117942 97442 119958 97182 119466 96540 118885 96094 118024 96539 118898 95494 117617 96812 119423 96290 118581 95625 117557 97242 119910 95719 117811 97875 120766 96844 119169 97003 119563 97633 119956 96958 119491 95147 117063 96161 118410 97147 119546 96363 118692 90267 111007 95495 117569 97202 119972 97479 120076 95906 117800 96010 118088 96803 119350 96071 117642 96790 119262 96624 118794 95972 117999 95385 117466 95990 118023 96953 118982 96399 118509 95136 117317 96780 118921 96554 118826 96925 119343 96700 118930 97137 119591 97003 119665 95737 117707 95493 117716 95112 116921 95293 117361 95236 117049 672
96974 118990 98039 120447 90659 111338 96685 119119 95416 117440 97664 120411 97003 119755 96433 119082 97431 119642 98556 121452 96256 118266 96970 119386 98614 120956 97316 119947 95208 116892 96394 118203 95186 117316 90318 111245 95507 117482 96908 119211 73342 90290 96460 118913 96393 118933 97298 119226 96930 119160 94898 116653 98003 120327 97850 120489 96352 118734 96672 119152 98057 120511 96123 118318 96633 119048 98468 121170 93869 115561 97344 119698 90202 111077 96737 119054 97159 119690 97130 119464 97365 120224 96160 118447 95959 117946 96511 119017 95473 117575 96509 119110 97661 120406 97862 120463 95445 117343 97735 120476 96061 118416 96393 118162 96365 118403 97638 119968 97870 120319 96503 118692 96928 119479 96108 118382 96070 118060 96246 118016 96968 119323 96590 118998 96443 119075 96074 117983 94886 117124 97952 120577 95568 117580 97097 119322 96511 118932 98236 120953 97043 119309 97376 119492 97315 120081 96418 118908 97535 120214 96629 118974 95665 117617 97991 120371 96057 118237 96920 119320 99274 122042 97787 120202 97845 120511 97312 119794 97131 119306 95553 117679 98805 121659 97769 120176 96560 119120 97420 119974 91358 112503 98240 120545 97964 120701 96688 119279 97555 120243 95908 117901 97976 120361 97635 120464 98347 121334 97675 119767 665
97158 119636 98076 120706 95930 118042 98508 121314 99307 122122 97970 120532 97511 120143 97858 120229 98421 121104 97874 120933 98012 120601 98289 120803 96561 118828 96623 118896 97541 120029 99254 122147 95427 117209 97877 120263 96778 119072 97569 120019 94808 116419 98243 121045 98393 121016 97293 119936 96865 119173 98415 120997 95280 117480 97352 120190 98125 121033 98693 121744 96875 119228 97985 120583 96979 119320 91816 112715 97158 119481 98678 121347 98654 121571 98573 121219 98426 121286 91733 112905 98052 120850 97754 120302 97145 119270 97761 120591 74756 92215 98121 120688 97884 120659 98558 121440 94826 116738 98242 120962 97254 120091 98815 121363 97015 119113 96335 118260 98296 121071 96928 118916 97749 120051 96440 118988 97708 120533 97371 119867 97264 120005 95244 116887 98641 121427 97642 120014 96816 119327 96752 119108 97860 120493 97104 119411 97379 120139 97776 120138 98066 120569 96508 119014 96741 119170 94846 116731 98851 122018 97880 120442 96517 118930 97970 120522 98390 121301 98444 121457 96842 119212 94001 115719 94881 116429 97596 120242 99479 122381 98384 121054 97463 119620 97596 120315 97013 119678 98074 120996 96977 119131 96607 118688 96304 118107 97926 120894 98835 121677 93554 115034 98333 120996 97639 120508 96920 119301 95218 117196 504
98603 121848 98772 121738 95675 117393 98437 120982 96440 118703 97904 120579 99607 122606 99654 122157 98290 120756 97841 120136 99420 122361 75477 92788 98393 121466 98072 121005 99044 122075 99633 122313 98614 121368 98334 120592 94140 115589 98809 120985 99149 121892 99360 122135 97786 120486 96588 118815 98563 120709 98447 121275 98454 120813 97255 119701 98857 121501 96488 118836 96942 119183 98656 121077 99186 122331 97440 119804 98457 121097 98757 121583 98649 121778 98264 120723 98157 120673 98077 120908 99214 122458 98349 120692 99580 122591 98125 120331 97516 120165 98854 121833 98693 121395 99146 122093 97451 119334 98701 121766 92007 113231 99541 122458 94145 115722 98737 121193 98318 121216 99755 122907 98183 120795 97029 119346 98140 120901 97796 120340 99196 122313 98415 121419 99643 122512 98875 121657 98580 121319 99344 122152 99659 122877 100048 123010 100131 122971 97760 120280 98091 120979 98544 121437 99587 122516 97387 119813 97775 120023 99329 121728 98919 121843 97992 120408 98819 121491 96045 117990 96985 119555 98267 120550 97605 120126 98827 121438 99082 121790 98092 120869 99158 122169 98698 121837 98672 121452 97541 119768 98849 121597 98281 121167 98022 120704 99382 122466 97891 120681 99156 121962 96999 119336 99256 122232 98522 121488 98885 121300 763
75292 92729 97988 120712 99982 123332 100572 123580 99919 122759 99860 122821 99915 123103 99485 122631 92869 114248 99576 122550 98697 121472 99869 123216 98844 121761 99385 122508 93748 115887 98650 121062 99614 122841 100766 124043 99182 121960 99451 122580 98456 121204 99740 122385 100159 123498 100917 124326 98133 120430 98764 121293 96825 119077 100283 123586 99041 122013 98924 121568 97812 120320 99325 122688 99337 122216 97165 119383 98054 120715 98503 121214 99243 121943 99700 122563 99854 122801 100754 124202 98967 121718 99258 122193 96724 119378 98766 121578 99731 122848 97837 120345 100623 123944 99448 122867 100099 123163 97450 119763 99313 122145 99340 122222 97669 120226 98687 121417 76117 93831 100190 123202 100463 123256 97837 120621 98416 121196 99295 122513 100106 123222 97993 120702 100553 124170 99388 122157 99325 122465 100430 123603 99103 122016 99898 123206 100585 123897 99479 122546 99079 122164 95233 117511 98522 121059 98921 121687 100561 123607 100408 123670 98887 121493 98981 121582 99646 122404 100131 123248 97847 120391 99822 122846 91128 111806 98999 121940 98930 121920 99041 122119 98946 121646 99297 122155 100903 124629 98029 121015 97914 120601 100474 123137 93245 114680 100010 123308 99968 123049 96591 118664 100436 124012 96435 119104 97797 120303 98597 121121 662
101479 125040 101258 124360 100745 123914 100962 124335 100738 123876 100577 123902 101349 124558 99737 122640 100398 123436 95090 116984 99027 121976 101011 124538 100109 123153 98388 121126 98977 121819 99960 122893 101178 124182 99880 122937 101574 125068 101635 124995 101238 124572 100718 124045 100506 123641 99438 122010 100501 123826 98926 121887 102142 125874 94624 116447 100415 123677 101822 125493 100151 123089 98908 122228 99776 122900 101482 124425 99761 123018 101165 124338 101588 124674 99824 122938 101277 124600 100916 124622 101402 124974 97652 119961 96112 118278 100609 123814 100801 124485 99686 122798 100984 124297 99667 122794 101810 125223 100695 123999 100367 123766 102061 125869 101279 124795 99126 121837 98337 120938 101146 124566 100052 123297 94230 115751 102225 125882 100313 123239 101296 124773 100754 124365 100114 122931 98644 121115 100931 124130 100254 123376 100541 123961 100515 123753 100456 123891 100848 124105 99892 122738 101342 124948 101077 124619 76727 94287 101344 124813 100513 123315 100869 124235 100132 123209 100852 123922 97294 119599 100133 123094 99314 121766 99586 122485 102231 125856 100827 123993 98519 121069 100155 123610 100622 123758 100350 123729 101148 123830 99390 122621 101937 125184 100601 123847 99654 122635 100400 123812 76380 94037 100770 123955 96405 118328 99600 122692 100324 123215 579
98211 120984 99044 121959 101926 125594 101991 125384 101443 124738 102256 125586 102705 126355 100013 123210 101655 124977 99239 121889 100670 123876 102582 126334 100748 123621 99086 121613 100756 124296 100387 123354 100903 124435 100778 124185 100061 123093 101965 125228 100868 124361 100923 124246 101136 124539 102444 125860 101353 124823 102570 126517 101615 125303 101239 124434 99923 123253 97584 119965 101701 125162 101079 124304 102149 126021 101372 124935 101824 125349 101677 125063 101314 124699 101143 124490 102637 126247 100056 123189 100755 124033 101155 123855 100512 123738 102523 126055 100256 123548 76954 94685 99880 123128 98876 121244 99974 122908 95088 116935 101564 124615 100671 124044 101997 125611 101130 124640 97862 119833 101250 124434 101785 125770 100505 123669 101038 124508 101012 124284 100789 124047 102080 125541 101521 124910 101990 125453 100601 124024 101136 124191 77102 94688 101343 124448 101107 124285 101513 125089 101834 125399 102757 126436 100703 123586 101390 124694 99643 122618 102299 125733 95134 117355 99124 121798 100172 123154 101852 125267 101275 124614 93180 114508 97092 119640 97297 119891 101899 125415 100319 123685 100223 123305 98149 121127 101983 125445 100859 124296 95322 117400 102000 125600 100915 124446 101546 125215 98572 121249 100817 124252 100753 123892 101323 124834 101919 125433 100218 123066 736
102292 126050 102692 125775 101508 124861 101085 124210 95564 117673 101084 124329 102106 125412 101327 124732 102000 125436 102724 126500 102194 125892 102217 125424 97758 120374 100415 123564 101077 124293 102847 126679 100219 123280 100683 123848 101588 125172 101052 124253 98221 120838 100206 123354 101364 125130 101850 125411 102233 125764 101315 124646 100443 123319 103329 126825 102023 125429 101652 125159 99244 121837 102125 125851 99297 122253 101490 124799 101349 124715 98526 121056 101375 124473 101806 125607 94718 116656 100854 123837 78380 96287 102312 125922 100973 124466 102347 126100 100214 123327 101575 125073 102142 125557 102537 126468 101614 125282 101823 125311 101241 124349 102600 126310 102761 126495 101167 124500 102247 125710 101281 124150 102470 125645 101004 123935 104145 128306 99921 123321 100605 123810 100710 123935 98312 121131 101389 124596 100799 123798 100971 124376 100974 123676 101375 124729 103139 126924 102298 126263 103489 127554 103639 127564 101901 125271 102394 126238 102579 126528 77825 95771 102663 126547 102750 126505 102001 125495 102823 126544 104046 127876 102902 126502 101279 124514 102208 125653 101822 125101 101426 124768 100536 123634 101367 124534 94634 116642 102618 126370 101279 124878 101270 124588 100692 124000 101666 124936 102839 126410 101917 125301 102293 125949 102668 126599 102098 125836 101065 124582 679
99031 121306 102787 126634 100377 123543 102465 126234 102053 125708 103277 127345 103204 127381 101660 125192 103507 127506 102480 126161 102450 126125 102097 125772 103917 127615 101780 125269 103566 127604 103639 127451 101949 124849 103015 126862 104690 129117 102480 126554 102155 125527 102848 126313 102320 126198 102723 126340 102600 126087 103634 127684 104364 128932 102639 125930 103135 127125 93099 114181 102603 126236 102695 126294 102904 126885 102547 126394 102507 125999 102367 125861 103260 126589 103258 127083 104319 128463 101338 124416 96379 118514 102163 125449 102175 125736 102301 125873 103931 127902 101729 124945 95937 118044 103237 127149 103960 127689 103523 127625 103082 127123 102769 126531 104707 128986 102178 125969 101764 125172 103388 127007 102225 125983 102628 126528 102043 125807 96993 119403 103844 127467 101763 124695 103672 127194 104522 128559 104059 128045 103534 127756 101440 124957 103315 127061 101503 124831 98197 120779 103742 127862 99012 121966 101957 124975 102657 126212 103396 127224 103313 127250 103667 127592 102856 126689 96481 118538 102585 126157 103688 127527 101923 125583 102225 125942 103609 127395 98952 121412 104368 128292 103003 126644 102092 125423 102990 126647 101813 125392 101966 125500 103913 127682 102561 126231 103250 127085 101733 124716 101182 124581 102705 126379 102137 125709 103172 127560 102489 126224 697
104654 129065 103082 127048 104816 129060 102185 125775 102746 126255 102293 125893 103714 127729 104356 128247 102643 126163 105782 130012 103043 126930 104237 127811 104569 128669 104308 128589 103651 127549 104074 128018 102901 126428 103776 127800 103118 127227 104066 128335 103080 126992 102524 126108 104257 128576 102729 126466 101975 125318 104043 128138 103847 127326 104315 128297 103684 127075 104391 128643 102361 125954 103200 126704 103501 127234 104579 128222 103942 128004 103699 127802 101878 125505 102758 126613 103373 126573 104494 128830 103916 127919 104279 128462 104418 128226 104316 127950 104716 128596 100527 123593 103562 127216 103998 127982 104966 129168 99954 122890 105310 129501 103765 127383 102106 125358 102761 126097 103606 127631 103972 127896 102826 126576 104173 127974 103919 127980 103743 127812 102805 126536 103683 127600 102675 126345 105514 129774 101655 125237 103575 127534 103784 127887 103835 127711 104643 129376 102850 126635 103426 127087 104015 128254 103133 126544 101022 123922 102998 126645 97656 120111 103193 127034 102832 126437 104165 127893 103516 127625 104508 128770 101188 124740 100610 123940 103809 127968 103656 127801 103076 127086 103020 126539 102546 125821 104505 128678 103959 128136 103926 127443 104394 128530 103674 127925 100958 124283 104209 128212 104900 128936 103817 127932 102346 125855 104511 128234 102326 126017 550
104492 128383 104031 127938 104704 128889 104528 128687 104607 128625 97487 120080 105226 129681 106249 130586 103221 126812 104997 129221 104201 128190 104182 128533 101286 125091 104276 128033 104604 128424 103206 127256 104390 128321 106110 130474 104303 128571 105448 129743 104949 129148 104336 128401 103880 127839 104061 128366 103426 127181 101650 125347 104054 128547 105212 129635 104646 128908 105757 130243 103852 128164 104636 128858 98366 120870 103698 127529 104544 128959 104502 128188 104903 129252 104589 128939 104719 128864 104240 128081 104681 128345 105187 129286 105227 129016 105342 129815 104307 128691 103675 127520 104211 128233 102683 126502 106615 131064 105803 130317 104357 128444 105029 129374 100479 123819 103699 127655 103698 127365 103841 128090 105184 129069 104426 128592 103324 127032 101053 123983 104700 129270 103321 127122 102282 126054 105145 129527 105157 129255 106353 131011 104118 128096 103884 127977 105007 129213 103571 126852 105703 130268 104846 129191 102174 126114 98139 120745 104008 128189 102283 125783 103377 127261 103197 127431 105162 129342 103371 127540 104264 128214 104588 128758 103147 126630 102816 126631 104419 128703 103515 127550 101652 125094 100030 123075 104494 128577 104812 129355 104573 128875 104435 128427 105196 129377 104917 129378 79709 98046 99414 122243 105147 129811 105951 130368 103982 128048 104141 128180 832
105804 130409 99272 122168 104564 128884 105381 130065 105134 129537 105855 130333 105793 129895 106109 130454 105807 130209 106107 130485 106026 130386 106224 130645 105337 129538 106090 130689 106530 131188 104530 128510 104300 128410 107035 131266 106627 130886 104832 129101 105374 129960 104839 129136 105688 130068 105422 129488 104924 129274 106315 130648 106592 130957 102789 126576 105670 129957 107606 132025 104393 128263 103819 128059 79699 98152 106179 130628 105195 129493 80226 98520 106004 130754 105957 130230 106292 130668 105702 129798 105153 128987 106768 130971 105562 129933 104478 128601 103357 127198 104427 128208 105217 129400 106997 131712 106217 130628 105876 130361 105640 129336 104686 128840 105284 129315 105927 130021 105488 129486 103440 127075 106195 130702 105351 129676 105447 129804 104729 128704 105135 129390 106027 130916 103252 127196 104565 128395 105428 129781 104755 128845 105010 129124 99309 122218 105777 130153 103523 127224 104899 128851 105104 129402 106219 130601 104084 128379 106064 130834 107432 132080 106323 130597 106365 131122 104666 128606 105614 130022 105373 129460 105076 129451 104666 128872 104774 128902 104949 129373 104686 128457 104892 129352 105078 129333 105495 129747 105311 129389 105318 129580 105362 129341 103383 127230 103087 126955 105551 129996 105942 130752 103985 127491 104288 128151 105771 130300 105494 130030 668
105016 129289 107768 132169 106645 131224 107591 132327 106463 130969 105514 130106 104862 128824 106144 130614 105716 130239 107086 131882 105613 129849 106611 130958 106162 130775 104942 128975 105486 129786 106099 130447 105674 129901 106651 131193 106286 130675 105490 129743 106586 131180 105570 129929 106503 131021 99480 122653 103756 127823 105111 128904 106973 131751 105942 130481 105362 129830 106352 130955 104149 128176 106405 131141 104503 128350 105604 130095 105710 130226 107004 131741 103630 127414 106297 130538 105678 130094 106013 130478 105503 129908 105878 130077 106750 131437 106366 131000 107001 131585 106207 130274 105311 129609 105864 130268 107227 131692 106195 130888 106872 130965 105341 130071 104239 128340 105403 129719 107279 131887 104829 128960 106598 131359 105656 130335 106631 131027 106302 131039 105570 129866 106431 131428 104412 128509 106195 130580 106228 130641 105522 130034 106193 130627 106581 130996 107272 132091 107374 131969 106427 131164 108016 132984 105687 129834 104538 128410 105826 130174 105857 129938 106447 131066 107334 131786 106556 131364 106718 131652 106141 130132 98849 121517 97938 120148 105006 129437 107889 132836 106123 130391 104234 128238 107236 131874 104908 128847 105711 129995 106713 131031 107040 131419 108094 133070 106435 131228 105853 130266 106231 130341 104732 129019 107130 131928 106734 131137 105890 130516 703
107765 132363 105680 129978 107657 132366 108225 132843 102361 125980 107225 132217 106786 131440 106198 130572 105428 129908 107646 132807 108296 133496 107250 131896 106760 131509 107533 132494 107069 131737 107528 132346 104888 128762 107981 132987 107484 132171 105159 129238 106475 131104 105824 130464 108131 132878 105871 130166 105157 129480 105983 130230 108300 133281 107979 132753 106460 130929 107207 131620 108774 133799 105741 129972 106036 130383 106391 131006 107931 133061 108312 133331 106616 131265 107732 132683 106756 130942 107829 132795 106402 130755 101164 124248 108294 133332 107727 132928 107785 132621 107525 132373 107201 132232 105748 129736 106443 131105 104532 128680 107248 131783 106082 130246 107876 132830 107071 131704 107265 131814 107114 131797 108111 133156 106802 131197 106256 131110 107240 131737 106468 131417 107666 132328 107672 132362 107069 131828 107682 132361 107757 132594 107603 132575 107058 131698 106993 131243 107797 132707 108347 133439 106304 130385 107459 132172 107028 131608 106919 131520 107710 132387 105715 130013 107689 132589 107343 132112 106737 131742 106624 130840 104689 128725 107980 132985 106538 130879 97846 120448 104250 127740 107685 132753 109212 134460 107070 131442 108895 134000 106837 130999 106936 131420 106337 130962 107607 132751 108456 133746 100880 124137 103517 127435 108189 132760 107501 132020 108089 133230 764
104460 128371 107643 132597 108381 133621 109175 134372 107374 131932 107799 133067 105645 129358 108683 133957 106867 131432 106613 131102 107166 132118 108581 134039 108119 132717 107286 132059 107486 132092 108567 133921 108917 133793 108016 132581 108609 133945 108584 133705 104300 128164 107303 132173 108980 133883 106814 131605 101544 125043 108230 133330 107294 131798 108333 133431 107623 132482 107873 133095 108423 133379 107926 132961 108997 134051 109009 134069 107945 132707 108231 133149 107854 132675 107210 131892 106947 131547 107246 132015 108928 134194 107524 131916 108637 133617 107787 132711 107670 132677 108447 133722 108848 134192 108902 134012 107231 132038 107782 132995 107262 131760 109144 134051 107695 132098 108523 133076 109031 134289 108393 133109 106584 130973 108030 132977 108663 133448 108444 133630 108404 133355 109198 134070 106345 130792 107796 132841 108501 133717 107521 132182 107332 132488 108701 133928 109133 133707 108264 133152 107159 132187 107554 132057 107230 132114 108217 133082 107131 131809 105803 129962 106234 130582 107597 132487 107224 131846 108223 133403 108135 133251 108545 133642 109136 134465 107758 131944 106798 131073 108547 133443 108669 133794 108116 132819 108124 133157 108203 133410 109372 134579 107647 132553 107860 132463 107585 132496 107924 132737 107930 132915 107553 132508 105671 129890 106598 130637 107656 132662 690
108586 133981 107775 132605 106896 131182 100295 123397 109302 134353 108307 133239 101601 125268 108412 133332 109162 133986 109583 134640 108289 133434 109761 134700 108711 133776 109093 134109 109850 134739 110324 135680 108380 133470 100346 123458 107896 132872 108396 133697 109530 134384 107229 131793 109288 134147 108951 134085 107947 133189 108809 134048 108642 133468 107901 132941 108180 132734 109552 135095 108884 133735 110010 135199 107731 132347 102535 125797 107617 132742 108731 133655 109433 134452 108723 133672 108912 134099 109261 134629 108736 134221 107463 132479 108155 133340 82485 101395 108436 133204 109083 134155 106693 131023 109000 133923 107695 132120 108761 133933 109285 134470 107328 132150 108404 132981 109377 134776 109004 133895 107943 132949 108360 133244 108659 133294 109375 134604 109716 135394 107983 133149 110120 135439 105246 129167 107849 132673 108956 134242 109146 134325 110491 136077 109836 134885 108613 133679 109416 134583 110070 134777 109246 134456 108574 133492 109233 134305 109153 134338 109372 134523 109336 134794 109515 134725 108923 133734 82974 101939 104363 128463 109145 134368 109818 135182 105074 129380 106871 131421 99582 122704 109606 135083 107082 131499 109003 133842 108868 134108 82288 101322 108570 133710 108072 132939 109814 135198 107219 132306 111122 136705 109280 134447 106396 131029 109939 135091 107935 132681 694
109294 134410 109145 134180 109534 134506 109743 134649 107092 131307 111067 136830 110523 136188 109561 134823 109268 134497 109611 134735 111015 136913 109579 134446 108469 133305 110331 135684 109277 134172 108758 134060 110140 135046 108053 132926 109130 134419 110981 136243 109536 135008 111628 137133 109327 134584 108352 133376 109249 134576 101039 123981 108306 133217 109339 134742 107990 132598 109093 133896 108559 133685 108908 133700 110184 135722 110263 135609 111577 137258 109158 134565 109638 134710 109258 134496 109895 135025 110317 135349 107007 131502 109921 134926 109570 134907 109283 134575 106193 130602 102463 126155 108883 134228 110553 136185 109148 134062 106083 130411 110448 135996 111056 136408 110263 135406 107094 131579 110293 135685 108126 133104 110257 135668 111042 136482 110338 135578 109409 134729 109914 135365 108240 133421 109082 134661 109146 134109 109844 135330 109230 134642 109996 135637 109449 134555 109462 134722 110425 135989 108514 133437 111210 136695 108135 132997 109810 134737 109910 134762 110142 135221 110569 136000 110072 135389 110296 136105 109392 134369 110184 135417 108505 133441 108771 134079 110243 135695 110093 135502 110076 135444 108972 133475 109340 134671 109532 134474 108076 133150 109623 135202 109050 134347 110370 136021 110802 136044 110498 136075 109341 134624 109446 134908 106464 130871 111493 137049 108342 133439 647
110932 136808 109907 134809 110484 135782 107742 132448 110541 135958 108646 134186 110966 136677 109538 134987 108859 133585 83536 102716 109347 133852 109420 134216 109524 134492 110558 136256 110614 136160 110820 136542 111439 137015 110352 135216 82756 101981 110695 136383 110202 135737 110584 136156 109697 135190 110834 136396 111271 136791 112099 137780 109330 134742 110942 136151 111407 137154 111913 137740 109228 134289 111870 137377 110039 135333 109696 135061 111077 136529 108578 133909 110860 136635 110606 136038 109987 135305 111937 137958 108501 133387 109938 135613 109029 134046 111974 137803 109366 134260 108742 133604 108387 132686 110712 136345 110474 135976 111365 136939 112263 138562 110511 136075 112275 138291 111845 137442 110725 136140 109082 134600 111570 137161 111418 137007 109867 134811 108573 133584 111243 137169 109861 135194 109412 134954 110812 135931 109981 135676 109741 134667 110320 135805 110969 136192 107566 131799 109768 134657 109776 135069 111081 136453 109543 134942 110012 135526 110183 135539 111100 136923 110630 135959 111217 136367 110023 135190 111606 137342 110824 136420 110786 136135 112150 138034 111116 136968 110617 135978 111185 137250 108697 133772 111789 137572 110317 135673 110657 136084 111351 136921 111042 136487 110689 136230 110034 135519 111866 138015 110225 135689 111345 136743 111964 137650 110914 136438 110002 134982 778
110951 136638 111298 136797 110945 136592 111073 136461 104208 128335 112500 138330 110057 135638 112564 138744 111368 136703 110518 135697 108779 133581 112348 138082 110635 135993 111358 136704 112031 138067 111879 137796 110796 136342 110982 136431 109497 134529 109498 134402 111708 137435 111650 137420 112030 137868 111328 137215 110195 135519 112621 138539 110310 135555 109545 135012 111563 137357 110715 136109 109344 134654 104382 128243 109732 135259 110140 135755 111418 137032 110755 136467 112586 138472 111572 137696 111802 137448 110102 135317 112188 138227 111396 137145 110382 135920 110889 136373 109707 134784 111297 136287 112233 138057 112509 138072 111003 136711 111532 137216 111770 137348 111355 137019 104742 129057 112287 137901 111765 137600 111824 137441 111125 136563 111880 137871 110866 136276 112352 138222 109245 134241 110786 136606 111438 137088 110361 135425 112714 138972 112334 138213 111418 136988 111189 137033 113124 139182 112793 139041 111655 137679 111189 136781 102569 126160 111142 136556 111615 137378 111810 137529 84637 104157 109903 135242 111411 136954 110373 135734 111764 137173 107329 131811 111707 137437 111630 137298 111315 137062 111193 136663 108768 133464 111381 137322 109633 135134 111171 136952 111048 136683 112116 137561 110354 135779 110678 136035 110622 136157 112288 137701 111373 137231 112165 138127 107074 131704 112205 138485 723
111251 137185 110972 136843 112079 137557 110932 136325 111731 137638 112614 138501 112595 138597 111750 137572 112201 138222 111794 137576 108755 133651 111493 137117 112975 139273 111376 137170 112613 138683 113857 140305 111436 137104 112436 137967 113697 140289 112382 138656 112299 138384 111881 137650 111746 137687 111782 137235 112895 139056 111732 137453 111333 136652 111921 137234 112908 138458 110616 135921 112595 138920 109641 134669 111376 136911 112195 137908 111935 137760 104008 127860 111751 137257 112652 138503 110912 135972 112661 138817 113803 140148 105624 130230 111842 137412 112485 138463 111154 136566 110554 135853 109938 135298 112851 139179 111241 136872 111326 136904 113233 139007 112171 137837 111679 137026 112742 138550 112737 138757 112810 138850 113592 139323 111055 136920 112093 137822 111685 137715 108472 133419 112432 138759 104876 129275 111266 137012 112004 137993 112446 138386 112642 138800 112941 138828 85404 105116 113056 139275 113535 139735 110887 136555 110926 136794 111897 137600 111081 136188 111631 137380 111127 136917 110931 136428 112067 137549 110810 136459 112103 137748 111220 136912 113557 139626 112165 138060 112047 137853 112224 137963 112107 137767 112158 138168 113321 139687 111287 136932 111853 137698 103295 127089 111896 137796 113330 139439 111950 137437 110540 135705 112339 138207 112221 138426 111311 136884 111604 137608 659
115001 141243 112650 138688 110467 135734 112967 138929 112786 138737 112854 139226 109482 134559 113171 139430 113830 140259 113270 139685 114191 140478 112145 138001 112879 138730 114083 140600 114640 140876 103474 127274 112993 139043 112889 138758 113203 139136 112454 138638 113703 140070 112824 138641 113313 139638 113563 140292 111187 136721 113300 139387 113251 139809 111249 136843 113615 140058 114493 140943 114190 140517 114310 140334 112084 138267 113131 139194 112049 137953 111634 137503 111641 137578 104780 129207 113492 139344 113141 138914 113976 140314 112345 137749 113158 139403 113141 139083 113367 139668 113190 139250 114513 140907 114258 140550 113320 139553 110600 135956 113416 139478 111669 137488 113724 140059 112671 138793 113675 139923 112897 139068 113752 139857 114584 141060 112133 138061 113230 139473 110965 136043 111154 136800 114609 140882 113442 139623 113571 139502 111507 137079 113852 140295 113488 139459 113895 139781 113646 139938 113797 139727 111941 137095 115209 141617 113185 139738 109504 134569 110256 135297 113571 139760 113083 139181 112415 138052 113238 139108 113825 139504 114282 140508 111369 137100 113622 140168 113619 139447 112870 139227 113910 139764 112559 138706 114023 139887 109221 134529 113188 139240 112673 138453 114188 140763 113254 139380 114244 140813 113874 140288 115486 142249 113230 139053 114409 141092 113249 139539 782
111653 137484 113750 140181 113805 140053 114879 141185 112412 138617 112406 138616 113172 139285 115866 142465 114573 140486 115496 142148 112929 138743 111378 136845 113051 138766 114464 140779 114312 140742 108587 133224 114547 140828 113491 139664 113988 140458 85724 105622 114087 140293 112847 138659 113667 139877 109879 135335 113838 140426 114811 140971 115877 142934 114760 141173 113471 139344 115909 142546 113613 139713 111952 137829 112214 138203 114374 140707 114281 140382 113805 140200 113152 139315 113927 139644 107519 132172 114265 140653 110284 135979 113979 140391 113489 139630 113446 139297 114847 141249 111099 136572 113625 139787 113853 140389 109173 133944 112568 138143 114935 141519 114740 141119 113498 140008 111790 137495 113618 140006 113800 139966 113046 139093 113300 139398 112806 138571 114550 141190 111581 137568 114445 140908 112698 138870 113737 140480 114986 141357 114830 141221 113780 139708 111490 137129 113544 139291 113849 140243 114325 140591 86991 106962 115228 141834 115308 141428 111872 137576 114267 140451 114260 140654 115496 142277 114398 140705 111885 137558 114132 140803 113906 139662 113650 139637 111948 137806 115034 141347 115062 141930 111761 137524 113964 140353 112923 138806 113792 140103 113849 139909 112199 137707 112947 138867 113181 139083 114531 141137 111579 137160 112657 138605 113217 139486 87242 107334 109477 134661 714
113141 139185 115070 141941 113820 140030 115958 142793 114137 140659 115540 142053 107505 132423 113900 140637 115165 141302 115332 141540 116186 142734 114774 141448 116085 142515 115155 141480 114996 141645 114630 141037 115092 141936 114198 140187 114681 140997 113817 139934 113347 139213 113974 139900 116754 143490 109619 134874 116582 143260 113141 138897 114984 141522 115134 141746 116280 142921 115304 142019 111360 137074 114185 139983 113635 139845 112291 138381 115323 141749 114708 140737 114284 140554 113093 138868 114785 141245 115348 141796 111886 137508 113845 140112 115554 142185 115560 142158 111956 137724 114484 141043 115026 141899 116186 142589 113732 140003 114048 139988 112927 138628 115600 142110 115312 141873 114894 141614 115346 142111 115524 142146 113732 139631 114216 140415 112793 138905 114870 141767 115301 141679 115927 142190 114962 141501 115172 141768 115343 141443 114175 140684 86391 106199 113460 139440 115398 141323 114862 141371 115181 142064 115459 142207 115312 141934 115500 142033 114150 140462 114050 140096 115816 142552 115297 141865 112222 138055 114728 140899 114943 141552 115943 142203 114495 141099 114885 141628 114863 141563 115290 141913 114562 140651 113771 139719 114420 140848 115448 141932 115958 142708 114781 141198 114145 140029 113646 139893 114058 140254 116273 143030 115609 142141 114997 141175 113911 140272 113630 139483 665
115958 142363 113788 140076 115340 141963 114768 141600 116074 143056 117292 144361 115742 142209 116176 142588 115472 142128 115165 141938 114942 141246 114435 140660 116666 143332 114841 141151 115054 141832 114131 140282 117405 144153 117330 144189 113454 139524 114329 140513 115159 141898 116604 143422 112170 138555 112942 139104 114500 141471 112272 138115 116681 143129 116081 142666 115789 142452 117534 144148 116283 143174 117098 144245 116458 143362 116416 143150 116284 143062 115935 142788 116441 142967 116593 143748 114274 140409 115819 142332 116101 143011 112269 138304 114861 140851 112393 138145 114182 140250 107281 131872 116696 143421 115472 142241 117039 143574 116537 143371 116888 144079 113801 140232 116396 142980 114299 140552 115170 141480 116885 144444 117305 144277 118198 145226 116615 143629 114155 140286 110593 136094 113272 139362 115566 142252 116470 143551 113515 139653 116254 142911 116741 143949 114364 140919 110973 136077 115551 142144 115550 142717 115657 142417 115108 141343 115250 141472 115353 141520 114919 141347 114803 141514 116849 143648 115652 142417 114833 141487 115523 142035 112659 138853 115637 142432 113555 139591 115998 142529 114565 141366 116540 143521 116064 143058 115477 142283 116853 143696 114741 141046 114817 141154 117058 144269 114929 141208 110984 136453 115607 142171 114174 140467 115402 142162 115578 142231 115543 142002 837
115814 142544 116620 143697 114413 140857 116347 143115 115566 141915 114600 141300 114250 140779 116677 143249 117116 144468 117253 143791 115882 142058 113945 140260 118011 145264 117393 144424 115646 142599 110551 136090 116979 143434 116158 142973 115250 142083 115450 142048 117297 144391 115729 142562 116115 142650 117354 144467 115858 142735 114938 141453 116364 143230 117005 143372 117466 144497 116785 143351 116786 143391 116744 143451 115789 141945 115363 141885 115351 141989 117126 144074 115882 142283 116384 143423 116814 143689 116434 143161 114818 141248 115737 142669 115816 142482 117305 144388 115052 141578 116926 144073 115581 142582 117063 144311 116411 143184 115396 141968 116671 143805 111592 137283 116605 143416 117391 144282 115830 142673 117485 144059 116133 143253 112427 138357 114151 140529 117602 144399 117273 143958 116490 143634 117211 144323 117256 144377 117336 144497 113844 140242 116800 143557 115477 142093 117892 145585 117280 144157 117014 144121 114990 141668 117526 144260 115280 141880 114053 140025 115191 141607 117489 144527 115520 142327 116993 143439 116134 142910 116539 143440 115036 141707 118217 145167 115370 141851 115601 141766 114880 141312 107657 132314 116280 142691 116094 142384 114006 140160 116942 144035 117389 144650 107117 131650 116569 143159 117560 144664 116312 142922 115386 142039 113994 140321 116396 143454 116279 143045 743
117484 144292 116711 143577 114755 140790 117480 144645 116406 143294 116287 142831 118639 146250 117911 144995 117297 144423 117233 144598 117641 144746 118882 146414 117245 144596 118888 145943 117207 144605 89285 109770 116275 142683 117971 145582 116705 143970 116574 143387 116296 143139 117761 145104 117497 144638 116378 143037 116468 143323 117294 144474 117205 144195 118055 144911 116188 143259 115616 142230 117447 144786 115734 142509 116668 143494 116422 143441 118780 146442 118940 146036 117360 144394 116101 142810 118102 145402 118086 145139 115327 141993 117593 144740 117174 144311 117131 143903 117240 144376 116610 143508 115391 141814 116208 143208 109388 134004 117032 143778 116656 143675 115771 142383 116423 143257 115306 141851 118182 145703 117175 144294 116467 142781 117978 145264 116579 143595 116849 144072 117424 144308 115653 142044 116666 143664 117242 144489 115239 142085 117151 144123 117874 144739 117336 144094 118694 145674 116450 143232 117040 143899 118468 145818 116276 143104 115985 142627 119059 146583 116447 142829 115799 141741 117037 143653 116149 143087 118150 144963 116828 144157 117111 144232 117592 144858 116081 142887 115961 142673 116417 143447 108484 133238 116868 143881 113436 139677 116987 143994 115184 141770 117521 144856 118307 145239 117087 144239 117004 144015 114786 141222 117928 145266 117952 145009 117857 144999 116905 144299 680
118293 145203 118381 145641 118398 145498 118450 146256 117383 144717 117502 144111 118955 146562 119112 146341 116819 143897 117375 144224 116802 144012 118708 145924 117331 144045 117293 144323 116764 143612 117998 145626 117717 144229 119486 146756 117349 144495 118196 145657 119349 146946 89509 110147 118458 145584 120024 147493 114738 141350 117413 144056 116193 143036 119090 146415 119388 146547 119643 147210 118301 145936 116894 143694 117970 145470 118001 145149 119753 147058 117406 144290 120246 147804 118194 145044 118083 145603 118821 145504 113849 140265 116273 143246 119098 146140 115704 142157 116785 143845 116369 143547 117823 144707 117719 144814 117273 144193 116801 143671 117951 145085 117917 145031 116701 143439 116661 143544 118168 145239 119767 147195 119301 146328 117358 144388 120167 147721 88499 108685 117123 144409 117355 144375 120657 148258 117175 144009 119750 147160 117867 145217 115670 142001 118528 146006 117241 144345 117339 144564 116968 143958 117774 144784 118646 145758 119252 146602 116713 143871 118750 146291 118702 145884 117329 144111 118103 145118 118038 145300 116373 143013 119202 146706 116642 143896 119074 146147 114149 140446 117674 144477 118854 146387 118308 145152 118662 146181 115362 142129 119648 147240 119961 147866 119084 146598 117236 144017 119177 146368 115397 141797 108506 133597 117187 144073 119475 147173 117251 144247 810
118870 146181 117619 144678 115404 142080 116851 143827 118617 145717 119036 146097 118200 145316 118748 146368 118639 146074 118167 145526 119651 147487 119517 147272 117858 144580 121468 149163 119330 146756 111753 137540 118767 146402 119153 146696 117975 145468 120138 147665 116288 142728 121178 148770 119076 146428 119701 147363 120439 148386 119261 146781 118665 146039 118186 145576 119679 146876 118125 145122 120047 147653 118897 146419 117053 143982 119030 146410 119690 147100 120793 148401 119073 145909 117666 144559 120563 148037 119578 147210 118639 145781 118337 145553 118462 145542 118254 145491 90578 111409 120895 148909 121517 149123 119618 147205 117442 144367 118319 145554 117830 144496 118068 145188 115606 141805 117450 144003 120483 148332 121276 149427 118710 146384 118050 145082 110436 135666 119227 146637 118312 145918 119781 147095 120219 147718 120498 148130 116803 143322 119736 147208 120059 147976 118521 145463 118645 146063 111645 137146 119460 146852 118863 146330 119079 146439 116641 143266 116342 143485 116807 143276 120169 147977 119497 146734 118238 145387 119556 147055 117392 144263 119842 147129 117777 144933 119009 146562 119879 147704 120640 148227 115667 141756 117663 144635 119583 147408 118703 146154 117980 145098 117008 143895 118952 146747 119304 146481 119396 146789 118176 145205 119181 146619 115113 141671 117222 144037 118542 145926 743
120296 148162 118329 145718 120268 148175 119556 146765 120689 148099 118375 145395 120248 147945 120435 148193 120581 148384 118240 144981 111249 136699 120016 147623 91879 112980 116924 143946 119048 146461 117360 144202 119527 146696 120377 148155 115550 142371 118414 146004 118050 145353 118445 145623 120063 147730 119393 147219 120289 148275 118034 145022 116149 142730 117697 144537 120370 148276 118945 146245 116337 142818 119598 147401 120051 147268 120582 148485 118328 145806 121119 148940 120021 147565 120804 148898 110648 135839 119487 146912 118995 146407 119641 147529 120946 148800 119247 147177 121259 148949 120200 148157 121038 148712 118178 145258 119917 147095 118632 145940 119191 146212 119744 147662 120408 148174 120651 148182 119020 146457 118159 144845 90707 111485 119916 147405 118729 146157 121651 149548 119911 147002 122190 150467 119285 146779 118530 145848 120394 147866 121078 148894 120085 147571 119879 147502 120621 148370 118965 146382 119420 147156 120152 147683 115092 141687 119808 147425 120455 148213 120700 148265 120059 147698 119959 147118 119285 146802 110362 135855 120100 147380 118714 146023 119731 147291 118936 146868 115632 142462 120343 147844 119887 147110 119546 147184 115501 141861 117827 144835 120586 148394 115614 141872 117909 144638 121521 149168 119588 147175 118302 145738 119354 146874 120210 147266 118766 145804 113428 139514 793
121734 149874 121217 149330 120851 148779 121196 149281 119780 147185 120696 148685 120452 148299 119217 146569 121257 149033 120297 148352 120914 148566 121272 149119 118938 146022 121967 150044 120523 147314 118726 146455 121258 148947 122354 150523 122642 151289 120897 148633 121533 149974 120118 147839 121953 150195 120367 148003 121078 149095 120350 147819 120692 148429 120799 148524 121015 148826 121860 149802 121016 148751 119546 147333 121977 150300 121519 148950 120438 148284 120855 148124 121106 149496 120840 148682 121379 149076 120892 149159 121792 149675 122551 150602 119985 147829 121566 149453 119460 146958 119655 146735 121832 149734 121116 148461 121072 149009 121651 149581 120495 148297 118190 145087 121224 149203 121182 148718 120841 148842 122137 149892 121271 149265 121364 149233 121206 148960 115692 142276 121175 148838 120910 148559 119663 147138 120667 148443 118523 145637 121469 149854 119289 146461 120473 147910 120278 147608 121231 149416 117536 144720 121259 149485 120847 148836 121436 149535 116527 143618 119193 146207 119611 147273 119868 147557 121971 149911 120392 148301 120133 147627 120875 148137 119036 146553 119223 146343 120589 148012 119570 147188 121085 149069 120604 147998 119700 147249 120256 147470 120935 148366 121362 149181 120542 147882 120346 148002 121333 149465 121518 149582 121831 149856 121659 149236 121865 150141 120874 148796 696
121282 149062 121812 150012 122786 150842 118326 145607 123087 151495 121571 149568 121295 149230 122494 151089 120562 148648 117085 143717 121239 148626 119935 147553 119228 146927 123076 151216 121815 149693 119883 147126 121547 149798 119587 146757 120203 148000 121359 149472 120786 148621 120048 147833 116476 143086 122428 150790 122460 150958 119983 147543 120084 147688 122108 149898 122105 150378 120170 147821 119792 147344 121104 149274 121437 149906 120716 148267 121998 149815 120742 148263 118441 145424 116650 143113 120775 148625 121428 149263 120598 148157 121222 149200 121638 149565 121160 148843 121796 149610 113660 139635 122003 149861 121000 148740 122187 150167 121915 150181 121534 149459 119963 147681 118846 146425 122561 150778 120620 148463 122220 150313 121627 149127 119466 146782 121060 148988 121865 149784 121967 150440 121887 149876 114803 140935 121593 149261 121395 149581 121451 149302 113950 140076 122289 150154 119967 147598 121644 149224 112699 138603 120950 149181 120366 148094 122186 150080 121283 149601 122631 150533 121581 149571 121680 149657 121985 150836 121364 149085 114989 141055 121017 148642 92689 113883 119387 146867 119233 146816 120839 148674 113589 139716 113483 139854 120914 148799 119595 147108 121293 149204 122506 150582 120691 148219 120271 148039 120752 148613 120796 148777 121741 149620 121275 149052 120597 148560 119140 146786 907
121941 149723 121824 149679 123266 151127 123165 151525 120012 147938 122552 151060 121225 148890 122588 150756 123186 151608 121215 149299 122077 150122 123724 151946 120914 148517 118470 145859 124105 152420 119209 146588 123220 151260 121757 149908 124542 153180 122739 150492 113432 139288 120458 148479 122160 150345 123083 151483 122403 150465 121841 149848 122414 150815 123030 151492 123715 151870 121740 149441 120117 147822 121443 149375 122949 151238 122331 150412 123341 151391 121938 150058 122572 150427 122930 151212 122787 151546 122436 150534 122422 150593 123401 151585 120924 148965 122516 150981 120348 147968 122964 151428 124064 152181 123980 152708 120741 148625 121354 149070 120988 148680 123264 151602 122986 151171 121006 148944 123137 151486 123288 151272 122784 151044 121649 150026 122810 151024 121375 148880 124218 152633 121762 149452 120476 148173 120864 148564 88594 108722 121927 149983 121378 148854 123973 152940 122131 150601 122494 150403 120757 148425 122252 150606 122272 150500 123785 152383 122937 151367 123305 151344 122114 150359 121354 148675 123828 152240 123265 151686 121762 149546 122023 150091 123439 151681 124163 152705 123182 151556 120187 147967 122382 150752 114035 140347 121412 149467 124344 153037 122194 149989 119767 147312 121987 150628 111358 137013 122940 151162 120734 148484 122506 150888 119439 146645 122790 151132 122339 150450 771
123826 151939 123514 151933 122966 150870 121359 149216 121299 149219 123262 151623 124966 153599 122845 150785 124629 152993 122792 150574 124121 152503 122455 150947 123929 152605 124864 153283 119479 147087 122271 150406 124280 152826 123504 151998 119241 146949 123064 151633 123301 151933 122515 150820 123375 151358 122451 150661 123571 151605 123713 151837 123213 151772 121973 149858 123570 151594 124340 152911 121639 149336 122647 150645 122850 151159 123161 151316 119004 146289 122523 150213 123109 151486 124233 153105 122443 150620 123955 152483 122380 150469 123627 152292 122741 150996 121432 149723 124267 153217 121839 149709 123399 151936 123359 151428 121480 149025 122239 150487 121567 149654 123988 153251 123341 151196 122077 149911 93340 114795 123667 151932 121992 150380 122659 150794 123475 152228 123213 151654 124797 152759 115089 141334 122331 150533 122453 150553 116102 142712 123323 151832 122010 150466 123574 151837 122173 150160 121872 149921 119772 147463 122935 151624 122887 150789 120496 148185 122578 150917 120807 148058 123628 152077 122383 150174 121076 148603 120165 147672 124311 152619 121017 148815 122984 151035 122770 150956 122713 150610 118490 145692 122775 151073 124039 152636 123320 151391 124010 152425 119458 147104 124673 153393 122862 151342 123299 151745 122675 150634 124476 153109 123055 151389 124649 153050 123967 152460 123770 151912 789
122639 150830 123298 151582 125286 153668 123933 152441 125645 154210 122272 150545 123305 151784 121719 149354 124354 153025 124781 153467 124054 152819 125793 154375 122958 151223 119311 146464 123916 152186 122541 151052 123673 152251 123204 151097 124238 152360 122976 151132 120747 148351 125633 154505 123634 151947 123938 152676 123817 152363 124845 153798 124899 153390 124239 153160 123667 151999 93544 115086 122662 150746 123749 152318 124631 153505 122618 151120 125859 155266 125576 154673 124572 153018 120813 148797 123179 151675 125146 153695 123177 151839 124435 153043 119829 147638 123552 151770 122106 150143 123000 151256 120065 147549 123570 152092 124134 153045 124151 152526 124295 152871 122648 150833 122515 150879 123543 152159 122760 151258 124917 153402 123440 151491 124361 152995 123870 152137 123365 151077 120778 148433 123684 151948 123320 151280 123719 152242 123848 152706 124324 152959 122393 150677 122827 151158 123389 151446 124081 152457 125118 154001 123259 151623 122086 150276 124388 153229 122527 150480 121261 149173 126210 155488 125007 153965 120505 148153 123412 152113 123540 152123 121048 149186 124455 152621 122961 151285 123471 151638 124719 153406 125532 154225 123769 152156 122910 150723 123034 151802 125653 154534 124779 153398 124331 152727 122969 151314 93841 115313 118992 146451 125305 153498 124141 153116 123053 151232 125846 154911 733
123701 152186 124280 153252 122308 150274 124276 153136 124485 153509 125355 154451 124687 153471 125032 154477 124513 153372 126089 154896 120218 147858 125845 154433 121416 148958 124009 152404 125430 154535 126130 154772 126440 155841 125347 154031 122552 150485 125499 154098 126282 155389 123184 151248 123738 152136 125026 153579 125510 154516 123061 150970 124566 153546 125707 154137 125807 154956 125304 154116 124571 152853 124315 153225 124718 153430 125127 153837 124695 153509 120905 148632 123906 152395 125078 153376 123012 151315 124273 152854 127183 156307 122001 149740 126119 154555 125633 154535 122837 151397 124805 153742 125318 153888 125333 154202 124742 153508 117603 144698 118308 145503 123693 152060 120700 148204 125315 154040 124898 153945 124563 152974 124887 153789 124652 153084 124492 153158 116147 142895 125570 154841 127384 156395 117881 145135 124559 153264 126590 155274 121795 149840 124573 153618 125439 154331 125936 154578 125445 153874 125363 154153 125881 154946 125582 154747 124821 153468 124137 153211 125582 154635 124219 152284 124973 153350 123571 151627 127083 156068 124270 152503 124153 152300 126810 155488 125240 153920 123630 152034 123608 152304 124101 153034 120299 148302 122836 150923 125436 154208 126180 155428 125028 153647 125588 154541 125653 154912 124726 153174 123874 152303 125211 153977 125572 154608 126113 155162 115420 142130 848
126747 155652 124664 153543 126610 155263 124488 153218 126772 155853 124976 153539 124551 153735 127153 156332 126619 155271 123068 151533 123453 151679 127168 156484 125872 154722 126369 155092 126635 156023 117953 144731 125857 154676 126898 156436 127367 156401 124085 152591 126785 155804 126043 154839 126942 156132 126160 155376 125970 155291 128029 157632 123622 151959 125356 154519 127221 156736 125115 153988 122542 150607 126377 155391 126349 155012 126446 155246 124000 152611 126065 155419 125525 154754 126115 154873 125019 153888 125336 154191 126465 155176 123930 152688 125525 154219 126817 156009 126739 155350 127695 157212 126005 155006 122629 150495 126034 154891 126451 155269 124387 153132 126258 154720 125071 154306 124425 153295 123815 152086 125667 154396 123282 151483 126228 155193 126163 155072 124544 153203 123047 151333 124215 152440 123501 151856 126002 154547 125502 153878 127407 156615 115967 142537 126045 155565 125700 154871 124970 153723 124356 152234 125625 154172 125926 155154 126580 155413 124641 153298 126438 155661 126086 155354 124851 153170 126760 156175 125938 154542 125610 154720 126464 155580 126392 154908 124429 152936 126599 155509 124599 153406 126945 156122 123475 151624 126004 154416 125559 154413 121405 149149 123824 152208 124735 153938 124316 152845 124489 152900 126466 155186 124547 153058 125597 154740 126388 155315 124633 153087 752
126577 155508 126755 156147 122769 151272 122326 150373 126685 155707 128244 157395 127881 156848 125678 154927 126007 155081 127152 156448 127509 156672 126968 156031 127908 157039 127725 156721 125372 154066 121805 150066 124894 153610 125429 154545 126642 156047 127629 156520 127208 156845 125408 154296 124644 153332 125992 154786 127157 156745 124771 153126 125114 154040 124918 154039 127241 156360 126537 155980 126364 155349 121041 149086 125943 154762 124879 153543 125740 154689 127583 156756 124403 152956 125871 154600 123353 151916 125870 154692 125696 154621 127054 155915 127157 156674 125033 153867 128401 157937 127681 156873 126735 155286 119294 146723 125502 154545 124804 153491 125568 154142 126420 155614 126351 155163 127033 155843 125848 155059 127408 156150 126352 155477 124657 153326 124239 153106 126497 155309 128137 157144 127125 156191 127318 156544 127345 157119 124455 153010 126575 155992 127401 156637 120330 147885 128570 157908 126604 155532 124746 153288 128901 158326 127796 156990 126760 155900 127099 156535 126984 156063 124569 152866 126794 156384 87360 107467 126570 155796 127477 156553 126745 155730 128044 157041 126513 155635 124887 153828 127493 156316 125338 154039 127747 157366 127765 156476 126697 156109 126352 155432 126018 155286 126944 156249 126128 155319 125630 154675 117058 144205 125991 155035 125717 154384 125894 154775 128111 157873 700
127100 156581 128086 157484 128700 158495 127959 156917 128609 157855 128695 158200 127088 156298 123178 151608 127175 156339 125060 153824 125575 154039 128277 157321 127153 156448 127003 155912 128215 157312 127578 156656 127253 156730 126957 155992 126899 156198 127615 156683 123153 151089 126247 155176 127401 156582 126985 155849 127110 156269 126515 155845 128131 157278 126443 155663 128169 157799 127434 156918 126609 155583 126220 155353 122994 151014 124079 152525 127973 156897 126179 155112 128623 158213 127545 157034 127728 156851 127480 156876 126413 155055 126525 155728 128011 157417 127767 157673 127395 156570 125282 154126 125743 154586 127198 156395 127803 157088 127484 156980 128226 157541 128514 158200 129112 158751 129929 160047 127613 156508 128390 158302 125980 155052 127784 156656 126057 155448 125709 154813 126917 156181 127784 156717 128307 157580 126621 155644 127198 156396 127684 156608 127888 157355 127125 156689 126492 155625 123962 152284 125371 153966 125755 154713 128226 157327 127710 156939 125009 153511 126323 155390 127304 156256 127571 156680 127991 157598 126726 155968 127517 157055 127313 156360 125748 154519 126471 155786 126037 155163 129336 159316 127867 157347 127728 157149 126544 155600 126598 155603 128227 157731 123543 151933 126782 155923 128323 157778 126728 155690 128544 158267 125842 155030 126856 155866 127149 156102 125922 154814 859
127504 156514 127152 156414 126999 156442 129813 159615 126216 155270 128537 158310 126558 155349 128556 157898 123786 152368 127659 156624 128001 157046 127817 156984 129047 158956 129007 158793 126801 155937 129903 159557 129734 159953 127487 156673 128026 157423 127020 156167 128713 158162 129216 159095 129463 158981 128320 157762 128051 157417 127100 156381 129035 158686 126472 155487 127529 157209 127584 156829 128112 157794 128430 158179 126897 156389 127467 156834 129479 159197 127678 156975 128756 158722 129766 158958 128147 157791 127197 156909 129088 158734 127579 157071 128049 157738 126700 155616 129883 159908 128376 157900 127520 156442 128546 158320 128038 157498 126372 155102 128798 158212 127853 157418 128743 158496 126541 155419 126992 156310 124718 153419 127840 157357 128104 157736 128891 158522 131604 161567 127858 157386 123749 152610 128376 158168 127464 157041 127035 156263 126559 155165 127995 157428 97308 119534 128174 158157 128792 158258 127629 157503 128706 158116 118702 145883 129066 158715 127695 157254 129976 160084 125329 153948 127101 156323 129010 158583 128114 157547 128639 158006 129341 159187 126924 156000 126910 156118 125494 153875 129171 159612 130013 159641 128080 157741 127144 156545 128137 157302 126996 156165 128413 157717 129003 158637 128229 157896 127018 155959 127302 156058 127152 156766 128413 158099 128827 158252 129065 158800 884
130840 161113 128725 157574 129730 159382 127867 157444 121587 149596 128634 157991 130904 161324 128703 158657 128627 157914 128106 157592 127853 157382 128840 158342 128770 158657 130507 160828 126887 155992 129908 159939 129112 158779 129076 159044 123930 152087 123471 152017 121351 148835 129103 158860 98922 121784 127957 157228 130427 160169 129167 158625 129974 160018 129301 159474 129787 159755 127398 156807 128039 157266 129372 159179 129832 159611 127824 157016 130328 160390 127520 156821 129305 159082 129974 159900 130176 159973 128030 156998 127816 157153 129207 158712 129046 158688 129289 159084 129059 159048 128903 158894 128090 157319 129580 159265 128363 158047 129053 158763 125825 154655 127537 156164 128393 157852 129571 158933 130399 160719 124804 153561 128277 157560 122730 150613 122998 151177 128706 158426 129842 159855 129477 159453 131318 161619 97763 120029 129073 158395 128377 157370 126120 155213 127608 157190 127591 156995 129487 159397 126122 154798 127144 156025 129027 158756 129030 158512 98185 120751 128827 158440 129559 159465 128216 157262 129099 158540 130284 160178 128562 158368 128550 157729 130987 161332 128011 157210 131122 161235 128085 157654 123884 152332 127728 157219 128487 158175 121408 149196 129406 159086 128898 158530 129064 158966 128252 157916 128461 158233 129342 159203 127367 156509 119849 147346 129241 159058 130231 160479 825
131188 160596 129408 159227 129894 159684 129592 159143 126687 155461 129486 158766 129279 158623 129132 159290 128761 158351 129019 158723 131417 161039 98693 121483 127791 156992 128911 158234 129265 159404 99413 122103 130460 160402 129850 159706 126774 155810 129199 159228 130694 160648 129426 159476 130205 160209 129952 160227 129518 159405 129799 159920 129757 159438 129890 160089 130090 160047 130013 160040 129023 157936 128692 158051 130084 159758 128522 158066 126635 155563 128456 157847 130165 160336 129200 158809 129209 159028 129024 158727 130697 160287 124096 152471 130410 160297 129283 159079 130563 160605 130288 160287 130773 160969 127409 156412 99222 121958 128886 158521 129574 158990 129436 159246 130873 160637 130849 160788 129443 158824 131386 161825 130143 160286 128394 157802 127994 157396 131224 161199 131134 161374 128966 158508 129574 159771 131342 160879 129743 159923 129926 160065 127791 156876 128799 158341 130729 160604 129635 160048 129453 159565 130627 160820 128618 158447 127436 156572 129975 159403 131404 161672 128541 158764 130518 160949 130134 159795 98688 121304 128556 157943 132096 162236 129444 159535 129769 159669 128752 158503 127849 157365 128736 157965 132035 161750 129529 159174 131376 161022 130614 160719 125408 154598 130716 160625 129674 159069 126464 155480 127354 156713 128572 158371 129508 158907 129369 159332 131625 161459 764
131143 160740 130902 160929 132122 161766 131215 161128 129411 159087 131676 161558 99336 122182 128827 158191 130255 160133 130083 160055 126681 155795 132551 162974 130190 160116 131400 161568 132193 162782 130315 160364 131641 161924 131855 162356 132047 162164 130789 160515 130806 161285 129977 160408 130413 160112 131681 161765 129867 159195 132104 162041 131006 161029 129781 159432 131443 161397 130718 160514 130150 159758 130628 160595 131096 160987 131342 161226 129613 159323 132555 162852 131458 161311 130355 160442 131102 161413 130454 160403 122648 151007 130298 160454 130376 160606 130170 159391 130742 160973 131264 161373 128751 158198 131551 162069 130435 160077 132751 163350 127470 156326 128288 157902 131028 160678 130827 161057 130815 161363 132702 162765 131660 161902 127355 156418 131724 162018 129854 159807 128938 158378 128830 158594 131322 161562 131003 160811 132687 162942 129880 159728 127979 157204 133266 163675 128960 158723 131905 161832 130872 160534 130680 160511 130966 161163 129665 159173 131430 162096 130460 159976 129066 158915 130249 160024 130417 159953 129121 158906 129557 159262 131021 160912 130573 160687 128686 157896 130252 160326 132027 161716 130063 160003 131765 162152 130732 160637 132178 162461 130146 160107 128935 158982 130077 159476 130609 160559 129594 159166 129643 159755 131143 161188 131127 161446 130956 161072 131477 161547 795
131087 161251 100316 123423 132376 163252 131768 161810 132178 162364 126018 154442 131109 161203 133015 163416 129889 159581 131572 161899 131523 161300 131988 162232 130177 159896 123082 151363 131331 161892 132218 162228 130445 160288 131927 161551 123728 152063 130461 160773 130992 161160 131021 161221 130279 159853 132078 162061 131869 162169 130383 160519 131539 161719 132384 162905 130148 159640 131462 161951 124129 153191 130257 160095 130454 160644 130593 160417 130663 160818 130000 159894 130996 160347 131661 161900 132187 162671 131005 160735 131486 161642 131671 161582 129174 159438 130302 160556 131745 161928 130424 160075 132235 162387 131864 162337 132374 162570 133457 163688 132126 162570 132276 162952 130845 160860 129563 159578 132845 163016 126842 156056 128334 158125 132569 163524 130591 160031 132456 162741 131279 161708 130147 160354 124394 152478 131407 161135 131825 162155 130518 160628 126705 155826 132611 162976 132072 162355 132369 163420 127778 156938 130090 160104 130918 161062 130362 160083 132783 163227 132761 163208 133289 163678 132292 162678 131386 161288 132768 163083 129970 159806 132333 162123 126452 155244 132744 162796 126428 155393 132228 162311 129674 159388 132998 163801 132235 162734 132563 162995 132049 162840 129592 159545 130012 159310 131661 162106 131030 161272 131076 161351 133362 163440 130050 160031 130793 160588 131360 161418 883
133166 164069 131399 161724 133322 164116 132471 163331 133589 164390 131937 162685 132293 162510 132063 162258 131680 161970 132564 163032 132728 162802 131111 160916 132395 163095 129913 159577 132382 163033 133051 163809 132283 162687 130488 160803 131520 161398 130855 161221 132894 163539 132108 162357 131515 162032 134014 164851 132833 163311 131023 161083 131766 162196 132089 162627 133586 163890 132565 163171 133322 164047 133647 164136 132368 162868 132451 162992 130949 160565 133204 164001 133114 163746 132572 162831 123075 151590 132026 162317 131648 161626 131115 161739 133393 163726 133061 162927 132604 162726 129734 159689 132056 162387 131503 161832 133484 163912 131994 162456 133482 163887 132165 162923 133435 163935 131388 161377 132667 162559 132303 162304 131084 160750 131032 160647 133598 164410 131729 161874 131163 161208 132768 163118 131701 162102 131939 162209 131340 161610 131815 162290 131244 161541 130258 160034 133166 163763 130852 161027 132023 162424 131788 161981 122240 150734 133876 164271 134108 165174 132607 163324 132383 162454 131995 162687 128695 158158 131167 161839 131167 161044 131733 161716 134001 164638 133690 164415 133081 163767 130742 160606 131945 162534 133710 164318 131197 161305 130391 160032 133284 163667 131602 162041 132224 162623 133285 164105 132127 162590 133078 163728 131967 162347 133803 164901 132840 163439 132854 163323 792
134292 164915 134222 165181 133137 163364 130254 160090 133964 164783 131354 161360 132982 163383 130306 160292 133782 164588 133740 164239 134628 165246 133430 164181 133918 164859 134498 165234 132765 162394 129627 159486 132714 163207 133276 163651 131168 160639 133520 163794 101609 124897 131884 162047 133649 164030 133203 163725 132226 162450 132965 163493 132818 163136 132549 163337 133260 163721 132342 163064 133597 163971 134913 166185 134029 164699 133299 163872 130554 160838 134474 165116 131578 162082 130381 160397 129863 159725 132086 162782 133230 164094 132458 163083 133074 163716 131108 161084 135534 166690 134317 165175 134460 165336 101565 124919 132622 163266 134056 164685 134913 165990 133597 164599 132768 163616 131763 162439 134486 165179 133644 164063 134346 165622 131654 162122 135394 166619 132977 163393 134429 164942 132807 163160 133729 164599 132647 163385 132159 162873 133380 163945 131578 161319 132980 163459 133266 164173 133952 164138 131751 162095 131685 161859 135201 166508 134300 165125 134034 164614 135144 165927 132612 163096 133828 164231 132475 162910 133563 163922 132308 162646 133455 163852 133332 163609 133204 163966 133106 164212 133760 164777 132192 162974 124480 153272 133189 163722 133722 164919 132394 162349 133045 163036 134672 165778 133747 164594 133344 163584 134424 165282 132557 163166 132165 162822 134265 164925 134140 164906 793
135795 167174 134436 165047 135715 166808 134397 165448 133014 163717 133805 164275 134212 165195 133048 163771 136598 168272 132676 162938 130205 159963 132951 163471 134375 165008 133538 164328 136193 167340 132468 162356 134789 165385 134883 165713 134788 165634 134880 165707 135015 165134 132852 163681 135590 166286 133972 164638 134506 165602 130412 160547 133997 164615 101769 125076 133326 164059 135853 166969 133302 163988 132762 163794 135332 166863 135006 166092 132795 162853 126253 155169 134154 165504 132677 163542 134661 165268 136187 168029 135116 166347 133043 163696 134494 165620 135498 166545 132680 163023 131487 161245 134906 166212 134649 165638 130069 160185 133682 164575 134407 165461 133614 164754 133747 164850 134163 164866 134202 164934 134241 165341 134094 164236 133100 163761 133557 163918 133634 164484 135059 166218 133028 163231 133260 164065 135528 166577 134144 164785 133288 163684 132286 162872 133702 164395 133989 164791 131714 161958 134311 165161 134163 165122 102932 126456 133611 164586 133587 163646 133512 163910 135174 166002 133395 163647 135050 166170 133669 164676 135032 165999 134096 165070 134706 165313 133203 164147 132769 163200 132603 163020 134774 165434 132370 163094 135757 167010 132491 162898 135113 165596 132787 163262 133041 163491 132993 163742 134338 165033 133861 165241 126803 156011 134055 164991 134408 165912 134571 165423 928
133661 164267 136487 167635 134581 165571 135179 166396 132778 163068 134262 165248 134397 165463 134015 164799 135784 166487 134749 165831 137253 168545 135379 167007 134392 165199 133884 164995 136002 167219 135028 165889 127521 157089 136506 168177 134806 165946 136134 167800 135407 166280 132352 162682 134187 165355 135416 166915 136832 168265 134683 165946 133774 164855 136757 167952 125213 154318 134646 165466 135046 166151 133635 164019 135737 167419 133840 164491 134699 165619 134733 165855 135099 166306 132788 162576 136765 167771 132461 163080 130835 160558 135705 166736 130792 160624 134267 165345 135008 166252 135666 166979 135529 166492 135849 166993 135453 166814 135863 167273 134677 165844 135063 165865 137800 169734 136664 167861 135394 166772 134053 164731 136547 167464 134142 164779 133162 163585 134781 165392 133086 163467 134723 165538 133161 163702 135137 166287 126416 155630 136585 167752 135181 166310 135131 165950 135876 166865 135015 165766 135178 165992 133857 164473 136991 168714 135270 166435 132247 162387 134088 165003 136194 167227 135003 165400 133967 165463 135860 166394 133854 164578 135435 166352 135750 166798 129317 159223 133024 163624 127914 157380 134211 164516 133430 163483 132054 162373 135293 166130 134514 165429 136657 168154 134359 165544 129591 159673 136476 167594 135206 166770 134300 165402 133991 164710 136076 167693 136807 167925 847
136397 167260 134530 165520 134888 165816 137403 169085 136727 167971 138410 170478 128865 158613 134660 165903 134932 166087 134900 165914 135746 167099 135728 167314 135199 166392 133664 164430 134972 166128 134789 165378 134882 165838 137035 168167 137145 168315 136770 167819 137440 168856 134001 164408 135170 166191 136491 167509 130393 160850 135615 166714 134633 165679 136036 167266 133875 164752 134960 166045 135772 166877 126511 155657 137289 169033 134523 165408 134811 165842 135753 166389 136344 167746 137240 168904 134932 165856 134056 164931 130599 160592 135381 166658 135761 167005 135583 166229 135982 167604 135056 166124 135932 167536 134644 165565 136709 167997 136188 167334 134823 165517 134981 165579 132406 162989 136313 167190 136309 167509 137609 169251 136266 167492 138094 169886 135092 165632 131899 162200 134358 164944 130729 161059 135744 167314 134862 165832 135161 165881 136187 167435 136313 167712 135387 166885 134051 164979 135241 166422 136375 167408 135276 166294 132649 163219 134481 164959 133998 164976 134059 164894 135968 166621 137177 168056 135383 166653 136779 167838 134725 165080 134747 165841 137630 168914 136330 167754 135843 167404 135738 166997 131741 162226 135725 166708 135513 167160 137823 169505 133693 164825 136502 167856 136386 167618 133384 163718 134713 165171 136001 167496 135451 166642 132910 163425 125771 154182 135862 167014 803
131793 162079 138091 169944 137498 169216 137577 169208 137922 170037 136852 168299 138048 170080 137834 169579 135502 166713 137081 169043 138022 169496 134979 165519 136587 167826 135900 166982 137431 169134 136747 168107 132016 162887 136870 168152 137631 169132 127422 156493 130555 160339 135959 167073 136455 167528 137131 168662 133118 164304 136140 167562 134567 165125 138436 170074 134473 165286 135117 166213 135667 166852 136812 168325 137255 168385 135212 166295 134747 165581 135888 167316 135163 166250 135764 167072 131683 161852 136081 167817 137396 168764 136019 167375 136446 168452 136278 167452 135730 167321 137741 169424 136146 167495 135814 166881 135046 165928 134249 165330 138287 169737 136226 167575 133671 164519 133844 164710 133862 164506 138395 170155 137720 169243 138607 170493 137804 169486 134420 164971 138579 170107 135768 167181 135678 166939 136390 167694 138688 169960 137753 168983 136860 168011 136458 167826 137960 169626 138644 170522 137455 169481 133920 164416 135207 166211 132320 162770 136038 167581 137219 168771 137797 169657 134345 165086 138509 170298 136366 167804 136643 167996 137088 168348 137383 169023 134381 165077 136088 167764 136473 167713 136350 167683 136866 168166 133565 163829 136938 168475 136872 168451 135186 166392 137663 169415 136550 167245 137305 168406 137112 168311 137641 169141 136155 167509 135671 167360 136973 168208 953
138158 170066 138039 169241 138213 170132 136795 168061 138593 170577 136529 167924 135035 166185 136131 167548 138574 170655 137106 169114 129954 159710 137723 168964 137397 169025 137842 169622 138577 170163 137983 169359 137916 169791 139195 171168 134652 165562 138197 169971 138086 169367 138575 170526 136783 168339 134761 165688 136845 168286 132987 163778 136997 168479 139318 170818 137186 168784 137705 169152 137921 169746 136459 167340 136604 168159 138659 170235 138785 170227 137566 169088 136353 167907 139031 171075 138874 170892 137909 169315 137073 168224 136722 167976 138886 170434 136178 167462 137281 168807 138888 171141 138700 170009 138748 171119 137840 169885 134891 166255 104593 128634 139494 171404 132665 163085 138454 170264 138209 170020 139294 171547 137736 169471 137671 168930 134735 165353 135863 166697 137995 169836 135573 166330 139485 171535 138522 170398 136984 168597 137126 168631 136281 167154 136887 168282 136678 168285 137667 168879 134780 165993 138192 169427 136190 167665 136911 168490 128820 158617 137697 169380 138762 171174 138364 170046 137214 168368 134228 165277 138887 170389 137028 168597 127165 156328 136745 168455 137611 169277 137672 169426 135647 167045 133806 164761 137290 168742 137120 168763 134032 164094 138281 170537 137815 169482 138733 170735 138514 170542 138326 170306 133631 164172 132652 162822 133162 164436 137718 169203 870
138590 170229 126861 155824 137156 168349 137247 168338 139221 170982 137609 169043 136575 167847 104513 128385 138351 169997 138042 170011 138022 169919 137668 169896 138052 170339 139413 171233 138716 170567 135096 166241 138112 169750 137831 169609 136932 168347 138620 170950 137724 169097 138336 170391 137074 168506 136433 167575 138546 170358 137067 169304 139288 171263 137588 169307 137986 170176 138237 169849 137805 169715 129283 159154 138273 170134 138169 170142 138768 170121 136913 168045 137727 169517 134727 165121 139342 171167 137237 168944 138442 170072 139015 170670 136931 168120 136778 168931 137334 169032 138529 169997 139878 172093 139514 171494 135850 167020 138912 171105 139491 171414 139015 170912 140353 172925 140302 172817 138545 170678 138428 170287 137324 168753 137213 168294 139292 171618 137633 169388 137757 169477 138285 169842 138968 171214 139000 170843 137596 168678 138172 170050 139345 171146 138398 170513 136917 168316 139194 170869 136881 168442 138365 169700 130093 159988 138653 170043 137727 169266 138491 169849 134827 166053 139597 171598 129237 158870 140356 172472 140040 171938 140114 172524 139928 171966 137939 169390 136196 167615 140333 172293 136637 167838 138669 170440 140262 172652 135241 166187 105519 129682 135938 167246 138093 169312 138753 170850 133329 163737 136987 168278 138540 169775 137707 169333 132961 163632 138983 171391 790
140094 172002 137758 169120 138716 170225 138595 170696 137785 168632 141154 173444 133684 164355 137190 168756 139503 171711 138725 170530 140294 172525 128753 158535 140060 172476 138655 170618 139524 171597 140906 173134 137219 168956 138626 170685 141074 173357 139911 171901 140237 172380 138564 170011 139836 171777 139600 171795 138026 169881 105479 129798 138579 170589 140451 172846 105662 129910 141185 173583 138095 169912 137665 169253 129256 158803 140650 173023 139317 171573 140023 171989 139897 171579 139399 171671 138939 170768 140089 172047 140239 172487 139147 171163 136931 168460 131482 161964 138577 170587 141222 173502 138895 170541 139118 171264 137862 169572 138584 170682 137484 168604 139062 171157 138999 170446 138399 170411 140842 172849 140261 172117 139909 171447 137366 169374 137923 169842 140158 172367 138484 170327 139297 171112 141290 173916 137358 168409 136480 168074 137422 169078 140645 172787 139990 172149 138267 169999 138884 171031 140794 173064 139832 171515 137359 168619 128984 158792 136847 168331 135147 166023 138645 170407 139423 171356 140328 172829 137231 168216 140564 172956 139358 171494 138861 170564 139517 171603 139421 171527 139255 171426 138690 170042 138138 169732 140297 172051 139894 172223 139475 171453 140278 172314 139573 172299 140693 173104 141316 173699 139879 171925 138688 170145 138790 171115 137608 169427 137885 169405 907
141105 173329 138695 170771 138115 169763 140405 172736 138768 170853 139077 171031 141255 173687 141059 173407 140076 172343 139683 172149 140688 173097 140429 173079 139252 171322 140973 173240 136479 167834 135563 166468 140451 173042 139163 171572 141298 173249 141289 173827 137087 168405 139615 172010 140315 172586 130591 160759 140811 172855 139911 172260 135821 167275 140030 172198 140451 172262 139337 171738 140556 172768 138483 170047 140311 172318 138713 170727 139459 171103 140147 172502 140374 172518 140318 172636 140252 172463 140833 173303 141653 174515 140139 172131 137752 169869 140067 172752 138624 170216 139248 171497 141520 173698 140132 171885 139935 171720 139312 171509 140320 172616 140169 172338 139856 172327 131312 161706 139484 170946 137714 169553 140879 173047 139541 171225 129214 158910 139377 171858 137870 169957 138827 171218 140035 172539 139855 171786 141743 174264 138793 171056 140055 172558 141120 173757 139415 170964 139233 171344 141635 174081 139136 170875 141143 173631 140301 172397 141206 173689 140807 173028 140547 172882 140709 173020 140913 172961 140151 172678 138733 170774 141630 174256 140071 171724 140203 172293 141160 173321 141094 173278 135132 166614 141265 173420 140452 172816 106646 131154 140499 172377 140232 172592 139686 171932 136699 168019 139466 171096 140291 172333 139950 172465 140834 173329 140451 172458 141242 172986 793
142123 174817 141356 173758 138841 170654 139809 171774 138477 169845 140576 173028 138501 170001 140939 173468 140560 172896 142330 174793 142480 174550 142073 174629 140917 173234 139698 171452 140383 172842 139720 171999 139460 171238 141555 174185 138897 170794 140979 173684 136202 167642 141056 173532 141734 173911 141156 173322 141347 173907 140364 172355 133007 163395 141057 173177 143801 176322 141479 173931 139254 171602 140114 172260 141438 173970 141270 173652 141044 173467 139856 171567 135853 166917 141977 174225 141354 173393 140060 172306 140261 172511 141144 173570 140974 173390 142758 175263 141340 173718 140194 172332 142119 174338 142930 175404 141715 174405 139997 172438 140153 172408 140956 173598 141690 174533 139731 171379 141483 173758 140311 173054 140969 172991 140223 172580 142466 175111 142206 174874 139079 170816 139825 171859 142676 175950 140190 172679 140954 173404 138162 169602 140069 172159 140422 172519 138411 170068 140563 172871 140458 173026 142374 175064 142383 175366 143041 175507 141826 174755 140706 173287 141354 173977 139125 171101 139800 171839 141144 173281 139173 170930 139410 171370 141374 173647 140308 172598 141211 173110 141881 173946 142488 175500 140811 173314 142110 174731 138479 170377 140758 173114 143133 175897 141075 173758 139672 171899 143047 175848 140568 173037 139910 172293 142902 175643 141526 174312 136315 167243 950
142174 175060 136026 167479 141306 174079 140991 173302 139340 171259 141371 173718 142958 175816 139680 171345 140090 172312 141596 173971 141764 173908 140656 172820 140102 172062 142966 175932 140099 172226 140252 172356 142039 174935 139206 170922 142015 174409 139180 171813 142662 175339 141666 174195 144108 176786 142073 174769 140608 172981 141334 174049 143425 176722 140941 173404 143640 176526 141983 174309 141414 173687 136929 168613 142406 175383 141938 174263 139645 171689 129825 159377 141227 172945 141516 174031 142486 175122 134634 165445 141456 173636 140633 172847 140440 172771 140698 172987 141875 174764 142203 174425 140325 172178 141768 174363 140929 173401 137810 169403 141677 174136 141366 173319 142861 174976 142362 174868 107716 132339 142345 175729 141037 172778 140832 173363 140582 172869 142810 175643 142492 175124 141175 172992 140055 171993 142577 175465 142082 174869 137448 168742 141614 174266 141979 174543 140558 173075 141555 173431 140125 172543 142210 174479 107561 132422 141268 174077 142350 175392 141906 174692 139104 171217 141000 172758 141262 173710 141154 173571 140132 172285 140287 172337 142349 175268 141435 174315 139987 172141 140744 172942 140637 173128 141483 173916 143381 176616 140150 172447 141370 174425 143557 176500 138028 169823 140975 173506 142740 175761 142058 174637 131479 161635 141511 174034 140702 173706 141952 174643 914
140737 172366 143386 176438 141696 174603 141401 173671 142459 175032 143938 176746 141972 174249 142583 175704 143404 176320 141489 173788 141377 173553 141707 174809 143346 176109 143313 176420 144553 177439 142825 175972 143317 176151 144235 177002 142707 175683 140413 172729 143665 176954 142630 174914 142466 175666 142572 175641 141756 174048 137146 168939 142243 174147 142249 175170 142354 175408 142630 174884 143556 176114 143676 176523 143124 176340 137389 169075 143420 175949 142066 175036 141657 174317 140863 173434 142586 175496 142214 174923 141184 173430 143954 177159 141631 173942 142482 174608 140301 172653 141149 173511 144231 177545 144652 177732 143359 176406 142949 175935 142101 174989 142911 175845 142663 175640 144219 177370 141248 173599 140820 173189 142496 175468 143650 176542 141631 174382 143181 175776 142501 175203 143353 176420 143213 175666 139441 171173 143248 175571 143367 175904 142758 175336 143234 176295 143220 176016 143499 176708 144755 177935 140359 172813 138817 170839 140542 172833 141702 174128 143679 176861 140416 172520 142550 175435 142591 175436 143643 177027 141466 174361 141766 173857 144751 177718 143575 176770 141556 173733 144225 177254 134089 164854 142024 174880 142903 175952 142782 175807 142072 174661 132998 163546 143246 175577 141724 173693 141794 173853 141842 174258 143413 176363 142262 174824 143717 176604 142831 175374 1023
144459 177504 143463 176178 143127 176297 144075 176919 142610 175190 142240 175056 141224 173927 144035 177180 143619 175942 144996 178153 143527 176556 142505 175329 142770 175734 143024 175610 144159 177202 145687 178927 145117 178734 145846 179141 145987 179393 143358 176339 143563 176594 141653 174090 141874 174621 143590 176144 142353 174849 141134 173673 145828 179014 143395 176213 143228 176560 141536 174007 143190 176773 144439 177090 142576 175305 144577 177470 143729 176684 143337 176644 134720 165020 142514 175580 143486 176156 132056 162405 143629 176513 144183 177446 139737 171558 145384 178878 141652 174606 143468 176686 143483 176774 144502 177887 144583 177455 138064 169591 133338 163508 143948 176918 143807 176968 144850 177920 141002 173689 144165 177117 141778 174406 143929 177010 143462 176578 144295 177291 143560 176370 142907 176185 143161 175749 140560 172802 142865 175920 141747 174303 142338 174986 143994 176561 144257 176817 139142 171224 140828 173288 139030 171481 143102 176392 142473 175117 143760 176135 144393 177420 139466 171542 145433 178466 142919 175358 143373 176072 144550 177560 142893 175700 144728 178155 143236 176057 142121 174588 142365 175131 143739 176606 142444 175092 139425 171283 143216 176341 143778 176969 141588 174513 143002 175630 144314 176826 142507 175171 143269 176174 143695 176862 141919 174525 144467 177357 145277 178339 826
145455 178442 146109 179776 145819 179188 144720 177529 135993 167115 143153 176327 142515 175318 144103 177014 144929 178012 144713 178013 144907 178217 142912 175891 144768 177884 133017 164016 144262 177625 141169 173444 143520 176395 143668 176831 143834 176378 145967 179648 144850 178310 144035 177365 145324 178728 144372 177983 143742 176484 144591 177890 145039 178421 109664 134936 142587 176049 144668 177938 143309 176405 145442 179177 145403 178489 142645 175518 142851 175389 143832 176841 144162 177025 145686 179514 142418 175196 145461 178775 142909 175688 144697 178198 145060 178457 143299 175914 144635 178126 145424 178793 143920 177028 144074 177591 145653 179195 144157 177135 144580 177626 145734 178960 145763 179143 145641 179078 142350 175201 145087 177896 146258 179332 144186 177688 144444 177428 143497 176537 137452 169179 142648 175851 145060 178866 144632 177579 145949 179319 142137 174469 143428 175856 140948 173410 142693 175478 144018 176140 143579 176840 109086 134113 144203 177720 143476 176733 141470 174204 145253 178818 142886 175807 141948 174649 145403 178630 144483 176892 144965 178158 145842 179570 144938 178296 146480 180153 144888 178485 143263 176311 143802 177391 139193 171438 145556 178648 145452 179334 145851 179039 142812 175532 144699 177727 144081 177352 144315 177509 142972 175685 143312 176236 144800 178061 142096 174413 142825 176083 989
143021 175688 145899 179203 145919 179359 143185 175932 143798 176472 145513 179171 145509 178634 143989 176507 144473 177798 146683 180574 144359 177515 145379 178937 142188 175191 146493 180067 144414 177713 144732 178163 141758 174070 145672 179207 144613 177331 145708 179349 143253 176244 143907 176949 146963 180490 146280 179592 142637 175226 145996 179430 139024 170618 147064 180555 144578 177991 145611 178934 144173 177273 146159 180254 144115 177140 143621 176518 144432 177706 142760 175510 144710 177845 147261 181213 144894 178063 145938 179565 144919 178259 144138 176911 144340 177922 144620 177697 144359 177684 145741 179613 143504 176187 146204 179379 138584 170353 146323 180072 144449 177601 145892 179782 146901 180352 145506 178644 145476 178782 146492 179958 145092 178561 146785 180016 144637 177569 144873 177835 144659 177873 144901 177711 145821 179389 144622 177658 144381 178068 146140 179520 146243 179986 143895 177204 110863 136322 144950 178270 142077 174224 145436 178750 143401 176138 108559 133467 145872 179377 143820 176590 145165 178730 145778 179295 145050 178191 144292 177691 143236 175856 144543 177684 141912 174218 110557 135962 135029 166529 145298 179008 145052 178467 146334 179663 143757 176590 145655 178822 142367 174640 146714 180106 144906 177804 144044 177378 144358 177509 110486 135845 143264 175568 141611 174413 143006 175955 144914 177946 1026
141646 174094 145939 179437 146963 181046 146275 179485 145171 178765 145072 178245 143922 176661 146012 179622 146743 179831 148740 182632 147722 181882 134282 165156 146848 180556 145308 177791 143525 176648 145178 178690 147208 181258 146926 180100 146629 180702 146034 179935 144819 177940 147139 180756 144313 177716 146592 180251 145874 179559 145432 178682 147284 181026 146500 180448 145489 178364 147709 181313 146025 179908 144626 178039 146677 179715 144816 178245 145564 178718 145938 179332 147444 181106 146272 180033 146221 180388 147612 181668 141232 173681 146249 179922 143862 176877 147435 180988 143755 177105 148064 182146 147390 180955 145610 178815 146587 180422 144204 177503 142498 174921 149109 183002 146541 180230 147002 180533 143513 176499 145337 178615 145302 178734 147102 180570 136302 167547 145397 178585 147890 181323 145938 179864 146128 178672 143977 176823 145396 179021 147473 181077 142607 175376 146460 180422 146125 179334 145321 178538 146758 180830 146429 180337 146979 180446 145360 178783 145155 178132 146796 180495 142546 175158 148007 182060 145211 178913 144141 176960 140941 173029 147543 181498 145282 178926 144068 177111 146301 180428 146849 180432 146414 180247 145692 179238 145279 178788 146195 179518 141458 174138 147124 180553 147420 181235 144862 177909 145501 178701 145355 179033 146671 180160 146453 180234 143288 176225 145246 178257 961
147640 181184 148310 182187 146143 179624 147401 181131 146780 179899 145983 179683 147087 180819 144027 177566 146636 180614 143539 176449 146139 179722 147203 181402 146565 180206 146609 180262 136107 167638 146445 180052 146390 180171 145996 178929 145733 179178 147790 182140 148786 182885 147179 181010 146912 180262 142862 175738 148627 182687 145742 179606 146771 180412 147721 181296 147325 181058 142112 174880 137358 168741 147389 181479 144773 178352 145939 179807 146795 181072 146791 180211 148632 182272 147478 181207 145399 179355 144924 178598 145474 178793 146367 179727 148180 182625 146015 179676 149663 183824 141976 174773 146481 180245 146959 180939 145591 179407 145542 178418 146767 180863 146160 179691 147607 181542 147239 180708 143598 176542 147034 180528 144724 177935 145553 179041 146461 180333 147252 180776 146355 179969 148266 182267 148516 181836 146018 180015 148911 183172 144609 177323 147869 181053 146899 181251 146454 180749 110867 136445 145599 179260 147231 180917 148038 181982 146902 180406 144348 177649 144969 177758 146577 180795 143383 176444 148080 182310 146536 179851 148256 182710 145710 178732 147110 181262 147887 181458 147142 181104 147550 181541 147121 181159 148073 182289 147746 181925 146349 180204 146715 180828 147444 181501 146133 179949 146688 180615 146041 179701 146477 180469 147984 181993 146428 180098 147177 180528 144876 178206 871
142884 175826 148139 182274 147943 182430 144959 178113 145189 178362 148380 182081 146001 179454 147278 181226 146917 180492 147093 180794 147865 182032 148896 183244 149451 184172 147300 180664 145785 179133 146986 180380 146292 179233 146577 180410 143818 176807 147328 181329 144623 177783 147984 181613 146621 180271 148733 182715 147754 181820 147459 181350 147432 180736 148118 182056 145883 179797 145406 178357 146256 179686 147018 180781 149263 183183 146010 179606 145627 179088 148964 182954 143238 176036 148433 182508 149240 183476 147554 181485 148393 182407 146459 179433 144503 177923 148332 182473 148731 182848 146998 180507 147875 182053 148241 182238 147922 181994 148304 182374 146638 180320 147749 181610 148834 182778 146978 180607 146242 179516 146788 180613 148643 182275 147462 181323 148303 182604 146124 179324 147419 181048 148528 183025 148797 182572 147115 180894 149262 183357 146799 180564 147680 181574 145641 179067 146168 179548 146606 180582 148616 182460 148679 182910 136339 167744 147982 182084 147731 182031 136579 167758 144898 178139 146426 179883 143548 176399 136274 167260 150607 184807 147808 181147 147802 181848 148331 182557 147570 181400 147488 181268 144211 177332 147133 181456 147433 181203 112398 138187 146082 180324 147096 180861 147219 180849 148035 181761 143605 176153 146432 179884 147820 182044 147217 181068 146967 180582 145708 179509 995
147362 181644 146763 179815 149372 183053 148900 182897 146805 180533 147899 181721 149267 183771 147430 180730 147572 181648 147013 180519 147824 181954 132971 163376 147165 180802 147055 180834 150127 184695 149335 183447 147366 181274 139305 171334 147790 181982 147805 181797 142044 174662 148124 182073 149134 183383 148485 182359 148593 182638 149207 183590 149008 183235 148752 182553 149827 184349 147404 181087 148668 182766 149730 183869 145252 179026 147277 181168 147984 181745 149302 183635 148423 182375 147758 181735 150147 184387 148417 182097 148946 183308 147962 182417 145643 179129 137566 169226 149030 183637 148132 182601 149256 183407 147295 181305 148504 182954 148218 181818 148658 182983 147813 181214 148966 183172 150066 184330 146312 179657 147168 180868 149388 183654 147393 180742 147732 181043 149425 184053 139022 171273 146103 179631 149613 184194 146083 179755 147170 180958 147799 181863 147319 181331 147037 180908 148448 182764 148577 182950 150908 185571 147035 180542 147890 182161 149151 183033 144997 178419 149517 183328 147749 181355 148705 182186 150044 184071 147305 180818 148764 181921 146013 179242 149278 183306 140790 172987 146603 180332 147226 180980 148088 181876 146896 180393 146987 181035 150923 185378 148807 182991 148351 181926 150087 184682 149329 183367 147773 182118 148820 183185 150135 184728 148425 182535 147696 181903 149058 183585 978
148768 182322 149854 184248 149001 183296 150165 184777 147196 181088 149554 183829 148402 182653 149587 183923 149958 184650 151104 185605 138552 170627 150232 184639 151121 185766 150784 185629 138547 170669 148474 182510 145963 179229 149474 183178 147237 181077 151200 185372 149255 183652 149721 184061 152050 186472 147609 181664 148724 182612 149275 183936 149642 184009 149064 183290 147788 181544 150279 184961 147681 181232 151276 186276 148551 182039 149606 184006 150262 184012 149711 184236 149391 183015 149642 184024 147745 181543 148310 182890 149047 183227 149169 183311 148333 182258 148737 183208 149643 184105 147434 181301 150669 185186 148837 182773 150671 185278 149767 183867 149840 184275 149767 184164 148477 182406 151032 185324 149740 184117 148917 182893 150128 184614 148821 183175 148638 183154 150372 184343 150531 185388 148866 182559 148582 183028 147563 181630 149450 183766 148458 182604 149335 184077 147722 181756 148360 182278 150950 185201 149628 183855 149093 183014 148233 182074 148375 182797 147556 181511 147693 181268 140065 172057 148735 183440 150664 185492 150000 184566 148782 182140 148896 183688 147474 181222 148859 183056 149485 183933 147748 181359 148753 183060 149528 184067 150773 185442 147461 181211 150603 184966 148796 183022 147445 180973 150547 184713 148819 182644 148060 182099 150641 185047 112881 139146 149378 183792 148378 182601 1023
139708 171875 149170 183776 148664 182920 149865 183910 151223 185682 150440 185014 150118 184254 150022 184635 148866 183303 150778 185461 151517 186481 149109 183370 150016 184635 150242 184369 149193 183858 150255 184968 147946 181914 149795 184315 150807 185423 150696 185649 149354 184052 151146 185603 149296 183595 151784 186808 150604 184884 149855 184307 151058 185528 148304 182451 150566 184734 151010 185585 151481 186360 148194 182420 150257 184954 149958 184150 148355 181740 149851 184004 151086 185696 145552 178827 149526 184152 148847 183246 148634 182639 150785 185216 152011 186699 151110 185486 148470 182322 150127 184758 150492 184892 149606 184554 147576 181417 149714 184030 152049 187067 151779 186273 149604 183646 149147 183106 148848 183266 148386 182618 147655 180980 149224 183284 150153 184329 146708 180813 150386 185021 150897 185667 150159 184233 151986 187090 138102 169827 147903 181997 150930 185257 113793 140030 150740 185090 151375 186044 148873 182534 151542 185845 148556 182961 148121 182380 114207 140446 147199 180142 148418 182453 150335 184927 150505 185362 149523 183626 149347 183677 147453 181373 150124 184550 151035 185542 149906 184521 114530 141132 148462 182184 151799 186385 150152 185044 150742 185388 151142 185637 148238 182312 149631 184245 149926 184359 149510 183552 149132 183490 149608 183870 150407 184218 152460 187662 150011 184452 970
151273 186430 152474 187724 150050 183932 148475 182683 151101 185717 150508 185139 138727 170648 150798 185183 149793 183862 150325 184884 146384 180227 149565 183604 152203 187052 140964 173331 151051 185672 151321 185946 148029 181799 150939 185674 151356 186089 149750 184565 152768 187155 151318 186417 151403 186068 148265 182203 150127 184465 150861 185684 148377 182394 152856 187983 150672 185396 152127 186847 152188 187290 151771 186656 149831 184511 113255 139245 151566 186199 150138 184682 146679 179983 152291 187352 150793 185625 150822 185685 150498 184912 151160 185953 150772 185383 151877 186642 152004 187302 150139 184642 150619 185314 149665 184468 149905 184972 151245 185864 147899 181820 152937 187797 153071 188056 149105 183639 152656 187291 150693 185547 150939 185383 150091 184106 151272 185900 149363 183459 151298 185886 150230 184799 150370 184494 145248 178515 149356 183601 151231 186294 151653 186171 149182 183376 151143 186006 151579 186456 150151 184975 151702 186524 152036 186504 151330 186151 151280 185788 150444 184739 146560 180070 150146 184364 149113 183487 149525 184003 152300 187561 151805 187000 151951 186765 151017 185743 151405 185815 149995 184829 151196 185845 151303 185532 150888 185263 150726 185139 151111 185997 149635 184127 150582 185377 149545 183761 151279 185601 152555 187753 151138 185857 150651 185880 148173 182233 149784 183691 841
153189 188350 150334 184940 152454 187645 152275 187803 151736 186094 152343 187421 149899 184333 152142 187095 150927 186063 152219 187263 153566 189133 152970 188400 152000 186945 151851 186462 155427 190924 152769 187996 152797 187583 149247 182816 151955 187304 151001 186093 152240 187162 153030 187548 153528 188700 153204 188417 152202 187009 154203 189483 150914 185277 152492 187447 149336 183752 150376 184983 149739 184252 152928 188208 150893 185669 150376 184988 151265 186161 153233 188470 152142 187371 151839 187223 151847 186928 149670 183772 151245 185641 150940 185289 151595 185551 153778 188923 151441 186301 150897 185214 152417 187249 153324 188099 153162 188254 151860 186781 153596 189022 145403 178502 151282 185698 151349 185944 153573 189006 151704 186456 148797 182665 151933 186781 151898 186853 148821 183157 148270 182434 152800 188107 153176 187992 150922 185617 152911 187979 150872 185553 149913 184103 150941 185613 150757 185514 153985 188918 150541 185073 151970 187245 151619 187019 150664 185358 151549 185680 152382 187311 153095 187956 153403 188653 150465 185129 146144 179521 144624 177765 151546 186093 150520 184761 151642 186379 153224 188508 151586 186535 152795 187733 150706 185036 151831 186521 151834 186700 151500 186757 150631 184954 151879 186603 153829 188939 150273 184967 150783 185221 152778 187433 115565 142133 150112 184457 115559 142039 1112
152996 188158 152850 188319 152205 187000 150562 185264 152772 187722 150667 185213 153987 189040 151877 187115 153306 188558 153310 188068 152591 187578 151430 186206 153429 188674 151577 186076 151123 185816 148202 182199 153360 188301 152995 187996 153924 189401 152969 187953 152143 187753 150787 185373 152165 186506 149867 184133 153269 188554 151224 185986 151037 186049 150595 184567 153966 189580 151060 185947 153758 188755 151645 186576 151613 186147 154462 189915 151504 186523 152270 187226 153178 187838 151397 186276 154134 189958 152084 187385 149425 183944 154277 189752 152196 187152 151485 186381 153038 188403 153526 188894 154164 189488 153028 188235 150902 186008 150944 184864 153611 188714 141194 173472 152012 187004 151528 185865 153752 188414 154925 190455 152613 186959 151853 186673 153113 188552 153107 188124 153214 188594 141950 174800 153386 188564 153374 188237 150780 185578 152172 187264 152746 187270 152126 187202 150982 185363 155188 190752 151740 185690 152026 186826 153334 188284 154194 189527 142007 174357 152437 187658 152792 187891 148701 182729 151720 186691 151895 186732 153315 188461 154159 189343 152323 188012 150299 184904 152825 187439 150649 185429 152322 187786 153909 188909 151731 186792 151925 186896 151783 186158 152215 186618 151872 186767 149176 183534 152423 187176 150520 185127 153851 189432 151906 186806 151262 185942 153682 188685 983
153210 188663 149856 184867 152973 188113 153669 188490 154412 189391 154026 189424 153599 189052 152269 186914 153302 188263 152254 187145 154057 189638 151743 186585 151601 186273 151704 186504 151969 186831 152771 187678 154381 189858 143152 175408 152678 187351 148838 182945 154359 189185 155652 190806 152899 187394 155209 190527 153117 188151 152836 188421 155887 191408 154744 189897 154451 190430 155234 191003 152102 187146 154519 190592 155278 190749 153985 189307 151007 185997 152087 186755 153301 188802 153657 188876 153894 189289 152465 187858 154909 190737 153047 187389 155453 190994 148628 183025 154027 189379 152299 187187 141896 174388 149216 183614 155425 191216 153953 189051 150525 185126 153401 188678 154692 189473 152007 186902 154520 190045 151477 186310 154064 189305 152876 187607 151770 186634 154136 189941 154275 189608 154324 190043 152478 188072 151931 186754 152004 187209 152922 188370 151215 185807 154365 189850 153165 188663 153416 188440 153819 188442 154043 188880 152154 187515 152803 187615 153337 188410 152612 187764 151786 186175 117192 143969 154182 189222 154430 189548 154692 190299 152679 188002 150833 185373 154418 190146 153260 188752 116714 143591 154186 189421 153318 188399 152584 187335 153400 188270 155627 191330 153469 188411 116792 143555 152066 186753 155635 191213 153318 188084 153289 188628 154370 189728 149741 184151 153227 188559 866
151632 186021 155184 190445 155396 191044 152005 186729 155350 191159 154770 190483 142801 175377 155614 191103 153847 189155 157461 193327 155908 191564 154755 190177 154651 189565 153721 189212 155651 191142 152746 188075 153986 189256 154699 190064 156032 191631 154169 189449 154284 189302 154197 189888 155265 190297 144159 177477 152971 188201 155672 191106 153894 189505 154668 190526 151971 186963 154420 189655 155935 191337 154323 189637 156288 191750 151391 185978 155242 191073 152859 187944 153751 189430 153103 188762 149144 183650 153751 189244 156341 192332 150991 185783 116534 143459 154854 190715 154508 190632 155078 190849 154906 190546 152969 187507 157104 192981 155160 191090 155454 191173 153817 189414 152301 187222 156591 192165 154796 190418 153445 188624 155024 190799 144667 177333 155303 191004 153965 188726 155609 191383 155405 191063 154477 189588 154696 189640 152068 187361 154767 190556 155486 191148 154528 190197 155728 191734 153569 189178 154849 189935 154388 189889 154550 189995 153013 188053 154980 190132 152267 187329 154922 190016 151632 186002 154234 189636 153950 189285 153616 189127 153545 188805 155890 191440 152170 187141 154546 190170 154179 189455 153995 189608 152916 188292 155346 191185 150344 184882 156740 192582 154636 189942 155497 190808 156374 192435 150067 184510 155459 191431 153347 188603 153543 188749 154963 190700 154500 189843 953
156679 192958 156689 192394 154257 189754 157205 192820 154697 190435 155462 191242 152411 187143 156596 193070 154666 190142 155513 191134 155594 191558 152941 187657 151776 186347 151203 185890 157323 193286 154149 189429 154955 190447 154326 189508 156836 192314 154058 189454 154655 190285 155492 191220 154142 189543 153140 187990 157287 193290 157099 192976 154572 190168 156082 191729 155813 191900 153003 188505 157290 193046 155815 191241 154755 190415 155471 191373 154901 190301 154947 190039 154112 189630 155635 191297 156604 192385 150741 185322 154484 190232 155003 189996 155577 191302 153626 189188 152557 187241 154789 190144 154597 189775 155194 190296 155215 191177 154006 189346 155546 190918 153048 187972 156452 191735 155167 191084 118809 146146 154610 190487 155007 190317 151623 186539 156657 192676 154328 189947 157880 193831 155544 191161 155731 191374 153447 188640 154344 189894 155975 192099 154828 190602 154167 189864 154945 190454 151819 186663 156658 193033 153871 189222 152618 187163 149005 183253 154941 190508 155376 191237 155927 191223 154259 189888 156137 192155 154658 190506 151506 186416 155353 190795 155730 192135 155757 191745 155626 191489 155037 190847 154909 190578 155092 191034 154060 189272 155352 191095 155584 191403 152282 187526 153889 189536 154356 189503 156165 191744 155379 190621 154343 190000 155451 191156 155120 190831 155302 190964 1077
156028 191348 155576 191704 155712 191643 156642 192022 156885 192624 156616 192579 157458 193161 154813 190708 155680 191059 157404 193883 155487 190750 156728 192570 155946 191682 155123 190776 155446 191291 153979 189649 155588 191288 158040 194198 156027 192021 156936 193054 155432 191178 155232 190456 155470 190786 155144 191156 157518 193078 156073 191819 156590 192369 154771 189999 156094 191828 158324 194383 149624 183983 155672 191183 152793 188343 156614 192615 153061 188154 156293 192369 157406 193393 153979 189611 150148 184412 154583 189986 154415 190041 156478 192412 157761 193721 155673 191712 150163 184708 146805 180503 156791 193323 156086 191636 154257 189881 149668 183896 156576 191685 157473 193856 155606 191240 155815 191624 153876 189081 157091 193017 155742 191398 155970 192270 154758 190293 156535 192347 156019 191725 155120 190855 156721 192687 154384 189860 151134 185811 155637 191520 154731 190249 156344 191766 142756 175257 157958 194245 156367 191809 155815 190629 154838 190402 154616 189875 157608 193835 156238 191914 155591 191677 154725 189614 155804 191965 157246 192968 157411 193279 154527 189828 156833 193049 151201 185951 154977 191093 156484 192226 157142 193191 156945 193382 156961 193315 157003 192406 154713 189960 156978 192908 156866 192917 155870 191475 155931 191364 154171 189652 153750 189353 157325 193000 157387 193530 158862 195341 1171
158689 195478 153246 188282 155538 190936 155931 191952 157502 193611 156956 193024 157003 193115 119249 146622 158052 194674 156900 192244 145641 179587 157866 194651 157348 193778 157337 193589 156734 192967 156566 192319 156970 193290 153747 188718 154737 190296 157854 194119 156768 192696 157502 193293 157713 193969 154406 189808 157587 193303 154986 190992 155314 191506 155408 191092 157875 194825 157663 193881 156996 193233 155308 190719 157301 192660 159248 195857 154460 189444 156780 192584 156506 192950 158657 194500 156981 193106 156837 192330 157793 193893 156329 192251 155734 190971 155863 191530 156471 192351 155307 191531 157481 194104 156259 192352 158066 194349 155751 191111 154741 190298 155470 190564 156805 193038 156767 192605 154417 189690 156678 192876 157600 193543 154304 189450 157229 193452 156963 192797 155768 191578 155716 191293 158120 193927 156134 191745 150781 185609 157285 193814 157301 193369 153706 188809 154938 190475 157498 194066 153734 189152 158097 194629 157689 194090 153799 188943 156983 193172 156321 192774 155127 190712 155176 190599 157927 194122 153968 189215 157491 194021 154697 190186 157870 194091 156265 192196 156177 191593 157347 194207 158628 195233 158530 195056 159749 196586 157146 193277 157566 193778 156355 192920 157405 193269 156673 192895 157179 193701 156661 193025 157305 192790 157107 193409 157401 193072 155891 191329 1001
158946 195260 157627 193616 157248 193512 157892 194226 157549 194061 158218 194836 159787 196283 158547 195151 158492 194692 159316 195499 156878 193014 158192 194415 157160 193462 157244 193432 157443 193488 157024 193545 158260 194708 152315 187548 157508 193601 158051 194146 156395 192208 148071 181686 158104 194666 157299 192925 157938 194071 157261 193022 157789 194195 157836 194105 157259 193475 156711 192865 153032 188336 153073 187583 159883 196077 120097 147426 156845 193139 158318 194899 157980 194443 155036 190064 158690 194979 157904 194288 156094 192045 158574 194877 159073 195099 160596 197052 156022 191471 159209 195456 153989 189093 156036 191730 158232 194038 153612 188864 157282 193766 157879 194391 155960 191767 157535 193582 157869 194112 158769 194899 157629 193790 157908 194110 158332 194328 159346 196003 119598 147181 145476 178688 156712 191821 159190 195168 156213 191956 156323 191377 154227 189476 155659 191246 156978 193477 153962 189128 158386 194550 158547 195338 157445 193994 157104 193090 158717 195252 157523 194074 158181 194192 158752 195366 157526 193521 157989 194212 158917 195306 156895 193063 156105 192180 150937 185662 155887 191564 158589 195363 158157 194411 158031 194469 151418 186197 158432 194880 156014 191788 157759 193834 156117 192079 158118 193628 118944 146401 157272 193339 155034 190092 158150 194327 158621 195090 155699 191250 993
157365 193451 156008 191647 157962 194389 157825 194395 157552 193373 119646 147251 152811 187812 160401 197322 157492 193264 158758 195640 159767 195843 160618 197701 159318 195707 160178 197198 155078 190745 158504 194417 158296 194447 159604 195793 158451 195172 160346 197102 159140 196042 157457 194111 156138 191885 158808 195205 157421 193777 156906 193169 153244 188656 158771 195438 158982 194686 147257 181389 156078 191997 147415 181431 159236 195714 156644 192220 155976 191750 157958 194550 158463 195142 159642 196765 160478 197934 160515 197385 156755 192584 157623 194151 159990 196509 158322 194872 157763 193662 159738 196555 159576 196035 157643 193856 158615 195344 159878 196630 159499 195606 159330 195653 153564 188702 158881 195335 160416 197028 158448 195043 158287 194732 156397 191635 158829 195844 157570 194009 157483 193279 157516 193333 157557 193903 159022 195409 157720 193522 147742 181649 159015 195746 156783 192620 156866 192955 157506 194136 159799 195996 157130 193481 158656 195033 157090 192714 158569 195393 159076 195555 159850 196433 159572 195721 159524 196372 157699 193783 160058 196531 158085 194418 160027 196537 159002 195216 159243 195793 160343 197643 159135 195792 157923 194637 156101 191868 160214 196938 148052 182428 154351 189727 156616 192956 159980 196865 159055 195847 154429 189794 157962 194434 158707 195137 159500 196069 160795 197662 1016
161678 198998 161230 198164 158887 195106 157690 193708 154197 189073 158004 194005 159367 195857 159261 196123 160679 197242 159838 196866 158928 195439 158687 195113 158730 195131 159083 195716 160055 196840 156775 192282 159175 196179 158282 194597 158277 194673 160336 197282 159984 196933 158562 195139 159212 195811 160419 197668 159116 195228 158422 194672 161788 198900 160156 197228 157052 192924 160337 197027 160287 197051 157336 194017 148212 182244 148509 183092 158617 195190 160244 196945 158734 195015 157945 193888 120857 148682 158599 194929 148463 182711 159655 196007 157965 194529 160279 196666 158083 194637 159220 196155 159029 195250 161392 198896 120640 148452 154195 189637 158233 194805 159233 196490 160409 197109 159709 196628 162010 199252 159486 196126 159107 195764 159688 196796 159784 195780 151269 186170 159544 196110 160487 197401 159030 194957 158936 195327 157789 193823 160642 197024 156667 192778 154112 189609 160057 196576 159595 196500 158255 194254 160089 197052 158996 195572 157938 194087 158588 195346 157875 194171 158931 195047 157534 193482 160699 197655 157987 194370 159478 196094 159811 196629 160059 196679 156547 192259 156889 192059 159603 196237 157339 193209 161400 198164 158672 195518 158184 194412 161466 198030 159888 196650 155125 190582 160987 197917 159725 196852 158052 194007 160442 197040 149213 184071 158684 195223 157629 193921 1149
160174 197241 160002 196327 160584 197776 161325 198403 159167 196165 158517 194862 155873 191995 155618 191534 160311 197092 163664 200916 161838 199095 159322 196203 158686 195251 159186 196070 159632 196557 161355 198662 159770 196675 157741 193929 161208 198537 159689 196461 160933 197568 161150 198010 160659 197794 160244 197019 160397 197426 158616 195611 162397 199727 159908 196254 161312 198212 159804 196736 163172 201024 158811 194742 159568 195341 159544 196290 157192 193222 159176 195875 159516 195909 160476 197261 158715 195365 161350 198568 158131 194602 159579 196705 160385 197091 161670 197866 161012 197596 161484 198699 161645 198973 158428 194962 159994 196653 157295 193933 160727 197521 159329 195615 157415 193422 160631 197103 159270 196066 158491 194929 161169 198259 159160 195575 157231 193363 160523 197692 160169 197193 160674 198082 161802 198846 158202 194411 160247 197258 159739 196618 158909 195260 160126 197277 160535 197822 160381 197066 160727 197349 159239 195348 158536 194984 162877 200510 159218 195860 160123 196981 159387 196582 161137 197880 159648 195986 159961 196349 148485 182420 158703 195369 159594 195997 158798 194518 159342 195694 158562 194503 160278 196725 160299 197164 159742 197034 160763 198105 158041 194472 159739 196495 160779 197347 159481 196358 162064 198990 160724 197468 160350 196892 161407 198453 157513 192827 159995 196068 1078
163021 200507 122106 150173 163020 200234 160213 197110 163236 201173 161682 198323 161565 198799 162150 199568 159889 196152 161864 198957 162203 199602 161306 198393 163167 200667 161302 198393 158014 193896 160899 197969 160079 196894 161218 197847 162264 199851 159968 196792 158403 195077 159927 196261 156438 192360 160470 197007 161149 198219 161771 198790 160784 197480 162060 199351 161168 197921 160010 196773 154945 190583 161661 199138 160945 198002 162920 200339 162466 199239 158968 195148 159707 196563 159387 196052 161215 197859 163104 200760 163385 200484 162549 200110 160988 197785 162558 199796 155453 191407 159923 196980 148141 182045 160230 196840 160560 197326 123033 151537 158481 195019 160276 196710 154923 190740 158344 194288 159332 195466 160439 197720 161057 197460 161233 198342 161142 198381 158582 194701 160688 197516 162561 199942 161199 198412 163363 200904 161889 198530 162715 200280 150783 185302 160398 197441 158507 194561 161182 198108 161668 199334 162893 200129 162429 199708 161458 198248 160293 197130 160419 196822 159729 196733 158157 194691 162261 199655 159831 196460 159813 196533 161773 199039 163374 200624 161175 198000 160030 196336 158149 194611 162919 200491 158310 194577 162070 199431 162332 199994 159861 196100 159932 197112 160490 196529 162393 199341 159890 196586 161981 199102 159769 196137 162440 200063 160563 197149 161611 198903 1095
161567 198857 163260 200497 158985 195540 162124 199252 163552 200369 163083 200523 162795 200463 162941 200316 160595 197743 155332 191067 161970 199039 162403 199939 163085 200599 162671 200288 160091 196766 163663 201407 160385 197531 160749 197425 164191 201444 163607 201158 162337 200102 161133 198542 160543 197799 162047 199423 159989 196566 161078 198300 164062 201698 159037 195644 161197 198741 156838 192879 161528 198975 161812 198542 162769 200510 151561 186589 159040 195809 159658 196200 163772 201457 162772 199991 160312 197397 161592 198760 160233 196787 162668 199747 159402 196195 160925 198011 161306 198225 162871 200049 162367 199145 161298 198450 162915 199846 162047 199666 165052 203188 161821 198574 161561 198972 162213 199125 152181 187129 160883 197793 162151 199396 162220 199643 163181 201024 163778 201639 159748 196416 155635 191156 160665 197566 163088 200857 161950 199174 161674 198990 161521 198663 160170 197326 163983 201789 163660 201812 162339 199346 163294 200588 161919 198630 159942 196842 161639 198726 160185 197171 161559 198028 162296 199696 160860 198057 123805 152485 162444 199605 163168 200628 162040 199604 159737 196131 162491 200398 160792 197749 161143 197940 161609 198464 160652 197634 162409 200191 160840 198075 161818 199360 161449 198869 163029 200334 162797 200185 158305 194261 161848 198492 162095 199732 160774 197735 162688 199512 997
161972 199161 161707 198877 161848 199112 163937 201175 163910 201588 164034 201771 163995 201786 159717 196483 164421 202125 163685 201124 163442 201213 163377 201096 162283 199697 160515 197155 162012 199519 162179 199643 162903 200664 162991 200832 163242 200611 163624 200751 162506 199711 161380 197834 155885 191792 161478 198469 160270 197137 164482 202186 163909 201010 164276 201719 162850 199619 162896 199858 162858 200670 163437 201165 164674 202117 161090 198072 150427 184696 161210 198076 162469 200045 160769 197999 162333 200036 164130 201798 152362 187186 163005 200827 162571 200233 161630 198590 163252 201104 162818 200236 162973 200221 163262 200492 162190 199749 162462 199852 160406 196646 161735 198969 163774 201459 161284 198317 155440 191318 162363 199913 161757 198553 162468 199877 165150 202846 164021 201700 147789 181457 161956 199224 163577 201451 162939 200043 162494 199973 164900 202728 157958 193859 165075 202350 160589 197435 161168 197960 162485 199729 152671 187732 163255 200534 163054 200615 162615 200115 164213 201677 159671 196091 163379 201271 155324 191592 163920 201722 163160 200698 162838 200658 163234 200735 161353 198294 162342 199930 159578 195969 162012 199401 161257 198140 162665 199713 162594 199403 161979 198732 165272 202943 160608 197345 162120 199264 162782 199973 163578 200936 163290 200859 163451 201125 162382 199616 162606 200459 1170
164710 202464 163241 201070 163085 200610 163054 200628 162580 200096 160319 197035 164240 201730 164132 201921 162502 199869 164592 202130 163655 201330 160720 197456 163261 200904 165092 202592 164699 202549 165399 203250 164372 202588 163484 201525 164670 202796 163472 201261 163051 200633 165019 202860 164691 202353 163614 201431 162753 200132 163731 200954 162950 199513 163970 201862 162909 200638 164749 202136 165128 202811 162860 199802 161761 198964 162163 198964 162214 199866 163337 201240 157844 194586 162151 199819 164346 202298 162994 200261 162511 199347 162539 199806 161371 198944 163666 201563 161994 198891 164985 202329 159229 195960 161144 198062 162111 199204 163885 201366 164001 201584 164285 202085 163322 200669 164375 202037 164794 202268 163876 201275 164322 202293 165781 203854 163162 201216 163441 200900 150728 185222 164468 202404 163741 201407 163555 201517 165679 203379 165085 203228 162407 199907 163277 200354 163876 200784 163936 201787 165112 203322 162891 200609 165320 202861 162918 200595 164477 202708 152139 187159 165091 202603 163545 200698 164886 202864 163268 200945 164570 202284 164073 201661 162728 200113 165041 202917 157563 193911 166426 204615 162770 199980 162851 199991 163040 199916 164466 201943 153182 187971 162569 199975 166305 204371 165051 202626 164241 201435 164715 202764 165495 203884 163661 201383 162729 200377 163407 200895 1099
163111 200737 152215 187397 163165 201180 163788 201700 161578 198684 164986 202995 164213 202177 165442 202855 162889 199760 161933 199140 160090 196852 153632 189043 163460 200973 164036 201706 164175 202122 164582 202377 157501 193671 163092 200925 165605 203867 164235 201887 164681 202605 165387 203769 162063 199808 167483 205603 164853 202846 160195 196630 166420 204398 164594 202904 164440 201828 162301 199866 165614 203586 164315 202681 162738 200212 165580 204020 165375 203638 164381 202267 161323 198425 160176 196747 165537 203571 161921 199067 165593 203141 165724 203655 162529 199245 164631 202756 163323 200803 163763 201461 163905 201621 162518 199614 165839 203902 163146 200861 164426 202372 164316 202348 163974 201690 161812 198411 162157 199484 165599 203684 165514 203503 163863 201150 162583 200275 162738 200705 165016 203294 165326 202652 162668 199921 164495 201815 167514 205804 163380 200969 163629 200920 164077 201350 165958 203855 162666 199691 165382 203077 165324 203414 164448 202306 164650 202772 165544 203506 163841 201394 165336 203548 165796 203807 163297 200852 160129 196233 163994 200964 165160 203077 162965 200458 165228 203554 163465 201215 163588 200505 164166 202053 165138 202988 164570 202454 165311 202888 164972 202673 166228 204318 165297 202990 164705 202296 162522 199473 165151 203177 163102 200921 164429 202102 162229 199710 160396 196856 1109
165646 203748 166521 204771 165233 202624 164302 202314 163551 200997 165700 203761 166729 205166 165350 203026 163044 200809 162710 200175 167284 205298 164818 203041 166338 204568 167879 206262 162962 200470 166602 205007 165289 202765 164377 202507 165704 204204 163692 201363 166843 205106 164541 202405 166444 204528 164568 202385 163801 201760 164950 203116 164686 202236 162555 200141 124704 153433 165018 202795 167378 206413 166537 205005 165779 204234 167853 206279 163668 201308 166137 204438 161697 198985 166709 204111 165852 203698 164251 202113 165613 203498 164053 200696 167749 206225 163859 201824 164364 201929 167199 205402 164424 202303 165543 203050 165525 203648 163957 201645 165784 204044 163815 201396 167574 205502 167304 205363 165035 202874 165320 203650 167650 206031 163694 201615 164076 201887 165255 203130 166363 204649 164879 203318 166404 204383 164405 201976 165513 203474 166674 205111 166414 203945 166542 204650 165055 203196 166542 204821 166715 205246 167058 205763 163204 200397 152075 186590 166355 205213 167062 205479 166642 205501 164478 202046 164553 202507 165741 204221 163685 200940 165063 202659 165810 203855 165287 203649 165224 203013 165569 203700 166315 204762 164384 201685 164192 202118 163867 201832 165313 203283 167120 204898 164795 202414 166844 205064 163447 201031 164211 202413 168174 206602 166556 204601 165802 203489 164416 202514 1115
156227 191894 165575 203615 167493 206025 167074 205605 166695 204910 166571 205159 165811 203687 167007 205128 166706 205266 166951 205477 165975 204032 167907 206612 166292 204467 166144 204252 166013 204557 165874 204345 167434 205381 165571 203718 165666 203814 164229 202413 158517 194548 168164 206943 166281 204524 163101 200526 165782 203745 164799 202897 149657 183991 153445 188531 164180 201261 166201 204380 165746 203364 166918 205378 164349 202260 168566 207316 168367 206615 165433 203192 167226 205969 164461 202290 167375 205756 165584 203551 165482 203598 166668 204368 162490 199696 166289 205045 159946 196567 165234 203112 165860 203910 164982 202646 155487 190790 166578 204743 167409 205536 164566 202659 167591 206025 165465 203715 155979 191645 164810 203229 167005 205453 166507 204877 164002 201733 168458 206739 165809 204377 155532 191292 166051 204416 164847 202715 166440 204900 168044 206964 167936 206573 163906 201570 161168 198167 166735 204840 165249 203242 167479 205324 165743 203797 167773 206426 163913 201756 166416 204061 167267 205907 168611 207146 166420 205379 167702 206142 167357 205864 163409 201017 166703 204788 165752 203880 166849 205370 166692 204960 166166 204607 166839 205379 164678 202131 166159 204791 160136 196662 168073 206378 167430 206382 166126 204745 163640 201268 166108 204044 166492 205024 167509 205616 166235 204939 164583 201948 1003
165460 203601 168027 206423 166847 205275 155723 191362 167245 205211 169560 208193 166489 204151 161551 198600 167690 205989 168512 206944 165789 204064 166189 204154 166022 203645 165908 204124 167153 205690 166422 204298 166311 204529 165117 202951 166742 205163 166366 204753 169545 208055 167233 205554 162400 199136 168164 206776 169028 208483 165738 203528 165268 203006 163746 201510 167704 206104 168451 206911 167835 206393 165312 202923 167907 206471 166728 204970 166438 204389 165069 202813 164536 201576 165890 203806 167399 205204 166840 204736 168150 206990 168249 206185 164618 202698 157157 193438 167422 205893 168936 207633 167049 205412 154733 190533 166770 204163 164780 202156 166963 205518 166171 203754 166498 205194 166998 205273 167148 205688 167848 206153 167082 205585 168542 207430 164064 201500 165364 203398 159404 195908 167620 205960 161168 197779 169015 207614 166724 204758 155079 190342 165431 203110 169608 208402 165396 203526 166167 203853 166616 205134 167178 205637 167395 205882 167485 205726 166910 205160 166269 204711 167894 206284 170158 208713 165978 204473 166325 204726 168629 207745 164860 202668 165529 203801 164897 203240 163142 200964 160224 197398 163255 200433 165150 203191 169071 207885 167178 205943 166125 204220 167902 206855 167814 206089 166203 204399 167123 205468 167130 205428 167213 205655 168095 206892 165391 203801 167349 205619 1000
170542 209365 169612 208580 168008 206415 166585 204562 156485 192621 166340 204252 168492 207046 156607 192572 165088 203123 166768 205512 169399 208444 165648 203771 167396 205715 168811 207618 166811 205133 165424 203490 168929 207871 168928 208159 168092 206419 168747 207716 168832 206954 168324 207105 167992 206779 169553 209351 168347 207204 168169 206781 169055 207735 167133 205056 168357 207169 167611 206428 168600 207111 168343 206856 168623 207167 168434 207672 163257 200802 169248 207611 168961 207839 165451 203508 169918 208771 169695 209054 168160 206773 168297 206578 162612 200254 168940 207525 167295 205891 169191 208251 165184 202670 168078 206480 165848 204102 166996 204965 160883 196900 168943 207650 165681 203976 167011 205856 167458 205532 167015 205413 168800 207306 165972 204538 163916 201697 167795 205367 168403 207362 169097 207772 168756 207885 166986 204998 168726 207378 167698 206371 169558 208375 165669 203848 168773 206816 167591 206136 167171 206265 167159 206197 167989 206584 166994 205307 169587 208313 168697 207512 165362 202559 168675 207851 162082 199621 165519 203355 167992 206285 168117 206867 167847 206428 167678 206196 169538 208092 166935 205509 169234 208276 169195 207623 165618 203006 165521 204038 166070 203828 166176 204215 163182 200299 168521 207256 168489 206576 168215 207360 167447 206318 168174 207073 166550 204869 167884 206607 1166
165635 203603 168008 206121 168422 207342 167992 206462 169818 208124 168683 207146 170622 209325 168038 206549 166399 204562 168297 207227 170142 209245 169266 207725 169508 208457 165697 203671 169853 208293 168145 207078 165689 204333 168803 207709 168441 206906 171141 209834 167426 205896 169399 208939 167268 205782 169265 207798 170233 208840 169307 208287 167174 205947 168703 207170 169276 208060 169845 208068 166511 204664 169257 208343 168562 206969 166842 205022 169116 207389 166629 204913 168525 207160 170514 209608 169345 208288 167903 206443 168786 207518 168406 207008 168562 207238 168550 207543 168370 206882 167086 205523 162810 199672 169569 208401 169269 208416 169899 209158 167704 206406 168753 206896 162976 200649 170850 209955 169522 208437 170854 210110 167042 205565 168738 207913 169527 208534 170351 209814 169350 207374 166535 204801 169857 208702 169410 207949 168558 206662 169348 208461 168171 207017 168652 207271 167519 205914 169129 208264 169706 208851 168372 206403 122224 150268 166885 205421 168674 207178 167988 206736 168244 206743 157259 193811 168134 206580 168886 208008 167841 206472 168167 207264 169356 207954 166805 205249 159067 195175 168194 206723 167646 205797 167557 206350 170121 209072 169307 208188 168244 207389 163761 201783 166608 205075 169921 208383 170431 209426 167130 205291 166686 205141 169216 207757 169055 208019 169588 207965 1094
168463 207334 165032 202731 169479 208190 163583 201053 169893 209746 169848 208369 171111 210760 170239 210162 169897 208863 167985 206683 167356 205806 170838 210381 167901 205994 168713 207133 171429 210391 169930 209598 168890 207912 168485 206973 168628 207540 169111 207968 171229 210457 169313 208040 172076 211773 170214 209545 169363 207772 170077 209358 169196 207787 157363 193607 169410 208014 170098 209306 168006 206801 168660 207716 168940 208052 168693 207707 169156 207857 168560 207041 170399 209118 167715 206810 157623 193260 169367 208621 167150 205849 169844 209407 170519 209755 168567 207808 170526 209284 167124 205563 170831 210274 170538 209890 159131 195496 171991 211795 169363 208573 169504 208206 168534 207671 171050 210747 169510 207889 170542 209055 171648 211488 167912 206944 170151 209668 170204 209267 169477 208541 171905 211492 169202 208076 168721 207716 169541 208300 168369 207401 171503 211454 169940 209376 170195 208564 161599 198709 167900 206709 168694 207373 169476 208837 169979 209186 167890 206774 168524 207132 168669 207423 164271 201808 171245 210252 169102 207975 156946 193362 167108 205651 168157 206291 167975 206454 172226 211676 167716 206325 166686 205127 168396 206914 170393 209777 169397 208279 169235 208139 168412 207086 168865 207760 165928 204326 169774 209120 169854 209035 163531 201174 168388 206768 167926 206513 168756 207634 1069
168555 207451 171136 210096 170076 208896 170063 208704 169730 208223 171993 211569 166212 203918 163921 201368 168965 207456 171295 210935 170560 209842 169947 208641 171271 210492 169044 208048 167561 206227 170216 209557 170701 209863 168094 206888 171459 210759 169527 208215 170203 209172 172802 212190 170635 209800 168903 207935 169777 209094 169413 208130 171265 210644 170080 209113 169930 209294 160594 197448 169329 208371 171847 211337 168963 207757 169960 209082 169931 208876 170406 209721 170301 209336 169429 208165 168964 207950 163117 199953 170672 209716 167881 206189 157924 193689 172308 212241 172073 211641 171533 211064 169989 209085 171646 211216 167889 205948 170141 209619 170979 210134 172618 211646 172134 211938 166234 203951 172122 211822 170071 209819 171190 210824 168814 207661 168987 207360 169651 208695 171379 210266 169840 208816 169326 208188 168456 207240 159478 196316 171855 211109 168685 207722 165321 203443 170906 210151 169180 208194 169613 208419 171075 210153 168715 207456 172106 211950 171616 211297 168099 206939 171138 210764 171086 210697 164789 202823 160322 196977 172230 211703 170188 208930 170113 209587 167350 205909 168893 207217 170016 209081 170861 209879 171774 211510 170836 210203 168127 206605 171447 211197 170721 209352 167298 205939 130025 159780 168118 206120 168618 207359 168757 207689 169548 208122 171076 210476 171606 211201 1060
172009 211722 170792 210062 170912 209880 171225 210013 170873 210277 172473 212386 171677 211231 167754 206486 170359 209624 173302 213199 173730 213332 170350 209905 172630 212751 172059 211383 173805 213824 171448 210767 173369 212849 172599 212471 171410 210292 169912 208809 171703 211599 170665 209878 171550 211015 170180 208687 171741 210944 169883 208224 170095 209274 170991 210390 172184 211608 171191 210633 171751 210524 171376 211300 170422 209518 169744 208775 172563 212167 170954 210427 168740 207069 172660 212191 173524 212863 169549 208163 170261 209225 170551 209961 171693 211157 171285 210952 172092 211086 166707 204737 172587 212270 169507 208353 172931 212500 169691 208576 170210 209242 171915 211809 172561 212168 170613 209956 171095 210351 171805 211382 172439 211786 169804 208852 171416 211472 169421 208700 170527 209627 171837 210721 169537 208869 162130 199898 169692 208619 171996 210655 170575 209843 172502 212601 168485 207031 171916 211663 172759 212369 172360 211919 171689 211182 170993 210517 169746 208506 171145 210802 171669 211224 172889 212757 170542 209656 170822 210363 173722 213298 172160 211188 172532 211508 170239 209515 172733 212070 171891 211190 172019 211225 173338 213530 173269 213340 171073 210603 170785 210313 166292 204326 170699 209727 169159 208116 171057 209792 171880 211320 172615 212300 171689 211299 167702 206248 169962 209136 1109
172760 212043 170929 210246 174065 213317 171771 211303 172440 212177 171540 210791 167461 205783 173789 213209 171734 211069 169297 207934 170174 208882 173175 212743 171392 210479 170839 210348 170822 209920 173031 213173 173986 213714 171184 210645 172691 212368 171963 211582 172606 212672 173505 212982 174096 213950 173187 213091 172180 211873 170803 209750 171050 209875 171674 211294 171834 211618 171981 211542 171496 211079 172711 211731 173117 212500 171975 211774 173907 213020 171932 211112 172282 211896 172427 211761 168861 207455 172108 211913 170023 209369 171052 210619 172033 211417 173346 212723 173655 213706 172099 211842 172509 211813 174246 214180 172180 211902 172435 211451 171968 211905 171388 210848 166381 204469 171524 210990 172158 211874 172809 212876 171400 210910 171065 210704 174111 214410 171476 210990 171975 211669 172679 212711 161327 197681 171915 211836 171948 211485 172236 212291 172323 211925 172109 211866 171838 211553 170696 209703 171083 210592 130485 160650 169530 208635 170963 210597 172434 211065 170744 210426 170210 209041 172957 212909 171591 210906 172177 212125 172315 211848 172903 211937 172040 211449 170971 210184 172778 211749 128850 158370 172668 212421 172885 212932 172175 212036 171252 210831 170441 209287 174662 214979 173429 213314 169746 208246 172292 211716 171936 211188 167985 206179 172783 212793 173019 212415 171336 210422 996
173539 213067 172829 212770 172816 212397 173026 212959 174409 214294 173556 213161 172264 212205 171382 210852 173598 213532 174257 214280 174609 214434 172812 212768 173896 213582 174796 215295 173309 213495 174094 214437 171205 210448 168969 207573 169753 208633 167637 206552 172474 212103 173900 214123 170728 209639 172959 212404 171875 211279 173526 213751 170387 209670 172321 212246 172311 211557 172765 212626 168034 207013 173605 213732 170687 210565 172653 212576 172105 211533 170855 210114 175649 215502 173929 213998 175295 215549 174770 214924 175430 215993 168074 206328 171480 211006 173681 213565 174265 214313 172210 211931 170933 209787 173870 213603 176327 216736 171401 211064 169914 209173 170822 209799 172318 211801 172917 212852 173770 213303 169651 208587 172277 212025 175686 216017 173189 212759 171367 211141 172054 211337 171444 210527 172679 212688 174835 214734 171418 210977 174692 214764 173409 213277 175026 215074 174017 213907 172599 211972 171661 211229 172396 211324 170288 209360 173631 212673 172894 212546 173297 213144 174730 214418 173295 213820 173865 213810 170830 210112 162659 199972 172417 211983 174678 214630 173260 212502 173186 212799 172983 212275 173907 213436 131789 162141 172217 212434 171067 210559 174855 215181 175265 215183 171854 211623 171657 211585 170508 209285 172320 211818 172193 211965 169811 208494 173458 213628 172616 212489 1170
173856 213110 175360 215729 167932 206832 172835 213083 174542 214361 174083 214380 170594 210066 172698 212163 174256 214635 176687 217553 173590 213106 131944 162350 174274 214624 172673 212300 174194 214316 174851 214710 173704 213279 176156 215852 174418 214792 172408 211597 175069 215534 174590 214527 175947 215978 174251 214630 155761 191731 171624 210891 174415 214223 176171 216493 172603 212324 173489 213185 172359 212349 173945 213450 174030 214158 171061 210675 172525 211441 173636 213433 173643 213706 174661 214673 175359 215457 170634 209693 172724 212433 174260 214583 172447 211787 172871 212777 175371 215504 172332 212369 173280 212757 162018 198947 173506 213454 171755 211193 171569 211514 171847 211305 172799 212617 171861 211406 166149 204365 175644 215744 162168 199219 175022 214811 174670 214890 171713 210881 172297 211578 174952 215312 175280 215224 173070 212716 168093 206045 173579 213557 167910 206120 174115 214134 173375 213467 173417 213290 172089 211772 174018 213489 175848 215989 171330 210271 175381 215926 171553 210935 175177 214706 171032 210673 171530 210072 170902 210817 170253 209144 173701 213656 175211 215838 174812 214308 174811 214937 173433 212814 174046 213618 162963 200036 173651 212997 174793 215527 174059 213790 173219 212658 160726 197621 174667 214892 174612 214229 172865 212716 170905 209929 174186 213996 174517 214899 169463 208167 1163
173520 213186 163870 201855 175358 215715 175195 215265 173354 213667 174387 214074 174944 214810 175795 215598 173769 213852 175903 215874 174487 214391 173255 212852 174985 215144 174747 214572 174294 214046 173660 213114 173465 213031 175853 216429 173125 212754 170645 209656 174940 214765 175070 214864 173930 213316 174806 214889 175323 215828 177557 218242 175768 216406 176310 215920 174095 214012 173612 213782 175784 215623 172866 212304 172846 212438 174237 214431 172259 212024 173396 213467 173607 213286 174061 214451 172669 212026 173987 214107 175127 215295 174165 214688 175234 215363 174193 213687 173850 213724 176217 216597 174804 215123 175823 216316 174364 213901 173366 212892 174706 214478 174967 214934 171528 210625 174264 214001 176107 216249 175061 215448 173753 213368 175204 215165 175081 214415 173410 213109 174766 215065 174724 215085 175031 215357 174902 215389 168331 207750 171883 210924 173538 213403 173532 213571 175744 216318 172386 212061 172520 212235 175369 215331 168586 207286 169311 208252 171510 211054 173339 212576 174811 214011 173180 212877 173344 213298 175008 215117 174009 214098 163250 200728 174107 214507 173014 212398 176345 216914 175021 215578 174098 214231 173682 213302 167343 205051 174536 214955 173844 214164 176323 216807 173119 212924 174682 214914 170068 209258 174225 214341 172988 213187 175643 216023 175990 216274 132452 162813 1066
176120 216469 175591 215743 173210 212965 175037 215462 132896 163499 174130 213997 174182 214160 176912 216775 177003 217658 172757 212608 173408 213478 171743 211544 174538 214660 174795 215035 175981 216393 175016 215219 173030 213135 175066 215540 176600 217436 177364 218345 175556 215610 174519 214722 161580 198554 176314 216950 172503 212518 176886 217985 175615 215640 175928 216418 174832 214962 174472 214843 177755 218216 174966 215692 173137 212937 165764 203908 176949 217790 173988 213713 173146 212571 177331 218652 174314 213648 169854 209410 173687 214026 177098 217298 173767 213875 176159 216337 174711 214810 173006 212913 173578 213194 169199 208323 176553 216843 175454 215821 174749 215266 176813 217458 174111 213419 175347 215386 176217 216903 174280 214529 173429 213532 175309 215681 173718 213972 163506 201132 176363 216747 177138 217678 175691 216006 174974 214794 176717 216907 175747 215773 176542 217233 176325 217048 174723 214705 175376 215960 175865 216230 177247 217457 175236 214820 174961 214897 174193 214413 174824 215504 163947 201084 175828 215957 173466 212738 170761 210030 174223 214502 175750 216225 173182 213076 177969 218837 175117 215805 173571 213591 176374 216638 177541 217722 176395 217112 173508 213003 176687 217330 175448 215904 169005 207118 175693 216057 174694 214456 176616 216924 175812 216222 173964 213508 176954 217555 174354 214398 1068
175448 216201 172615 211488 177455 217508 176171 216884 172091 211747 169122 207931 174965 215105 177771 218392 175013 215248 175897 216302 176984 218046 176467 217272 175137 215464 175124 215272 177260 217920 177924 219273 173444 213017 173936 214197 173211 212787 176072 216447 176140 217372 174500 214466 176795 217376 176192 216171 178126 219197 175769 215730 175714 216316 176509 217071 177497 217559 177649 218593 177056 217673 177108 217840 176547 216864 174848 214643 175512 216182 174754 214518 173402 212537 173101 212369 176444 217046 175932 215897 175740 216324 174918 215797 176491 217439 176838 217228 179213 220770 176902 217546 176383 216667 176908 217519 178207 219295 178937 219886 177532 217993 176685 216740 166542 204953 177281 218452 174010 213723 177634 218507 175708 216201 172522 211508 176713 217267 134040 165028 176781 217657 176493 217356 175153 215730 178112 218671 174126 214383 175406 215560 177607 218077 177638 218381 175668 215995 177728 218233 176643 216886 176922 217705 174131 213829 175683 216495 176992 217604 175351 215783 173050 212893 175481 216558 176717 217570 176740 217401 178493 220011 174066 214027 177541 218547 176686 217123 177714 218597 175376 215885 176757 216826 175683 215869 177536 218525 178719 219668 176492 216600 175957 216223 177569 218609 176027 216786 174911 215442 179032 219820 176171 216789 170527 209726 178085 218486 177519 218488 1113
176194 216410 179003 220700 175206 215180 177635 218441 177760 217812 175075 215222 175892 216421 179006 219404 178743 219775 173805 213136 173367 213343 178217 219086 178729 219999 177174 218147 174761 215143 174447 214310 177088 217754 178765 219551 176738 217458 175776 216274 177382 218077 178130 218808 175496 215809 177025 217728 175279 216373 173940 214053 176871 217960 177849 218595 178311 218899 176670 217155 177631 218966 177002 217618 175969 216594 176452 217428 178654 219715 177365 218578 165241 203292 178344 219408 176444 217008 176913 218053 176136 216378 174974 215124 178951 219997 177064 218272 178819 219617 177187 217170 178845 219417 177923 219137 176199 216432 177399 218677 176463 216771 177214 217545 176765 217992 179744 221257 177186 217671 177667 218587 175780 215771 172642 212014 176627 216867 163686 201123 177026 217739 177273 217332 178554 219632 164569 202595 176224 216729 178984 220117 178192 219385 176029 216062 174221 214594 176847 217670 176352 217259 174429 213957 176766 217530 171908 210767 176127 216806 178077 219115 175310 215289 176308 216658 175729 216544 178243 219248 170556 209776 177511 218294 176834 217647 170208 209070 176305 217181 176959 217216 174475 214743 176952 217778 176678 216827 178019 219315 178686 219807 175413 215693 177247 218155 172692 212444 178972 219960 174939 215289 174406 214206 175749 216597 177397 218375 175004 215002 1220
174796 214716 177018 218190 176601 216765 179400 220829 178007 219331 178694 219930 177796 218739 176399 217056 176284 216814 175827 216182 178170 219026 176804 218042 178543 219061 178581 219516 177253 218093 177600 218691 178768 219611 179293 220489 174038 213437 179390 220414 178630 219391 177422 218406 177933 219032 180095 221921 179900 221203 176987 217457 177555 218421 178421 218653 179799 221247 178494 219522 176053 216333 176072 216636 179718 220431 177335 217422 180137 221433 179952 220861 179162 219941 180466 221683 179067 220377 178180 219413 176165 217022 179664 221004 134913 165964 178961 220255 177323 217972 177625 218615 178103 219047 177941 218954 170809 210309 177768 218568 179341 220685 178137 218861 177858 218518 178714 219820 177489 218517 174260 214167 176101 216512 176850 217457 178773 219968 177572 218323 177602 218633 178234 218999 175002 215211 178598 219815 176241 216493 178487 219573 177533 218069 176141 216704 176562 216702 179171 220246 178763 219013 175805 216876 177788 219143 175279 215359 178142 219368 178310 219207 165070 203313 176597 217465 167373 205982 175073 214599 177548 218367 179217 220083 177885 218727 178345 219154 177639 218449 175682 216335 170324 209492 178422 219643 178320 218703 178371 219467 175981 216581 177791 218608 179028 220796 179051 220152 179327 221021 135040 166261 176786 217599 180520 221862 178766 220014 178400 219410 995
177434 217630 178572 220090 179488 220650 165805 204199 177576 218694 179534 220917 178189 218584 178333 218830 177498 218189 180489 222168 178439 219675 180623 222224 177899 218083 178550 219470 180317 221442 179259 220313 177634 218118 177323 217668 179902 221578 179429 220481 178387 219393 178602 220295 178978 220267 177452 217700 178017 219105 180059 221541 174379 213816 176759 217304 176950 217288 180217 221696 179659 220969 179370 220499 177666 218712 180555 221499 173811 213743 180527 222055 174441 214013 176517 217005 180367 221657 176742 217116 179961 221420 179224 220185 172081 211471 180207 221498 179367 221083 179168 220322 179987 221486 178281 219418 176560 217020 176895 217023 167187 205604 173613 213274 176929 217564 178927 219726 177519 218444 177078 217460 167143 204993 178597 219711 178471 219021 177771 218710 179326 220716 179827 220509 179248 220379 178327 219075 171365 210269 179029 220279 177704 218715 177625 218320 179191 219826 178367 218325 181263 222524 178059 218599 177095 217236 177373 217658 179762 221491 177651 218536 180465 222239 179073 219734 178012 218474 179201 219725 179585 220172 180370 221639 180341 222294 178571 219849 135830 167175 177810 218555 179041 219923 180034 221728 177537 218395 179427 220478 179121 220686 179737 221394 177674 218186 180715 222249 180786 222861 176600 217237 179416 220850 179167 220086 177269 217266 167401 205930 1108
179420 220840 168141 206658 179453 221103 179191 220432 178867 220287 179898 221226 181551 222640 180755 221487 179951 221396 178859 219199 179231 220766 176210 216598 179763 221019 181257 222998 178168 219383 179311 220389 178184 219552 181644 223222 180836 222381 179726 221178 178788 220013 181969 223274 181673 223445 179302 220180 179368 220767 181245 223514 179316 220142 178467 219636 178318 219408 178163 219319 179946 221571 179022 220392 178064 218732 179104 220250 178260 219148 179575 220390 178340 218927 180159 221217 182506 224567 179671 220847 177975 218263 179961 221165 180231 221715 169133 208330 179628 220893 179839 220533 179366 220837 179613 221111 179285 220649 178802 220265 179679 220988 178951 219895 179377 221041 178068 218806 178388 219038 180313 221453 179189 219916 180717 222641 180654 221879 179934 220693 180634 222337 181215 223230 180150 221716 178543 218813 178566 220005 179574 220866 180103 221748 178898 220498 179754 220578 180658 222116 176134 216531 178228 219060 179645 220550 179348 220089 180669 222273 176997 217893 180347 222091 181761 223437 180531 222575 181601 222719 180299 221390 182143 224129 179360 220059 181349 222776 176519 217855 179335 220244 182135 224000 178277 219377 176534 217056 170851 210076 180320 221057 180429 221317 179708 220690 179753 221097 178656 219760 179042 220016 181223 222941 179535 220695 179767 221282 178796 219536 1268
178664 219732 169522 208137 182570 224745 180343 222319 179342 220888 180783 222754 180713 222967 178315 218992 180674 221508 179286 220276 180080 221509 181140 223076 180185 222290 181617 223738 178701 219832 180946 222620 182483 224660 179103 220937 178336 219535 181696 223436 179574 221311 180627 221948 181292 222288 180898 222769 178452 219189 180728 222060 182004 223184 180544 222134 177094 217951 180250 221875 182210 223610 179771 220808 181192 222908 183215 225271 172645 212192 180443 221693 180412 221580 181200 222555 182826 224392 175230 215217 180952 222235 182780 224718 180940 221994 181063 222709 179810 221458 177199 217613 181413 223279 178759 219961 177219 218192 178736 219793 178823 219895 168153 206305 170223 209816 179233 220175 180881 222582 181012 222678 180155 221957 179762 221099 180949 222503 179671 220693 181013 222538 182398 224243 178989 220000 179121 220248 181133 222869 176717 217255 180564 221802 182706 224351 177734 218858 181739 223460 178937 220372 179959 221221 180648 222225 183065 224899 182500 224300 180905 222831 179460 220910 181002 222861 181768 223432 178915 219722 180434 221842 177693 218757 183655 226065 180096 221296 179116 220281 179991 221869 178532 218844 184402 226459 173167 212775 177125 217089 182073 223615 181447 223248 180718 221681 181228 223097 175687 216325 179637 220693 182399 224319 181708 223501 181040 222873 180708 222484 1167
181443 223234 183794 225636 183938 226114 181100 222864 180754 222524 182320 224191 181180 222932 180973 223035 179271 220487 180066 221033 181651 223942 182991 225237 183201 225097 180793 222585 181503 223064 182627 224163 180966 222484 181774 223522 182912 225011 180411 222381 182263 223381 183177 225217 175505 215895 180165 221364 181125 222910 183324 225203 179151 220677 182224 223701 182805 224468 181316 222505 180301 220875 180554 221501 179513 221012 180972 222378 181120 222838 182491 224502 179403 220933 179951 221590 181539 223550 178842 219568 181560 223321 182511 224237 182889 225225 182201 223481 182015 223174 183127 224861 180845 221596 183075 225016 180834 222330 177006 217607 179645 221151 181310 222871 177761 218753 181515 222982 181889 223585 179362 220615 181005 222174 181175 222669 183214 225883 175751 216050 181794 223816 180726 222298 183551 225664 181222 222803 180043 221699 183247 225005 181787 223937 181185 222517 182461 225180 181408 222763 180137 221432 182087 223465 179948 220855 179782 221208 182114 223674 183092 225316 179148 220038 180684 223168 182670 224471 180307 222188 179190 220355 182263 224428 181003 223016 182064 223783 182108 224575 181217 222848 184120 226031 178117 218809 178036 219202 181487 223643 179907 221222 180690 222027 179333 219562 182591 224268 180635 222726 182790 224752 178286 219397 179614 220880 182500 223991 182237 224346 1157
183200 225539 181103 221754 180298 221511 180750 222434 182935 224645 183053 225146 181255 222778 183486 226278 184413 226991 179654 220449 184287 226567 182813 225179 183329 226003 183974 226513 181067 222692 182188 224057 165458 203813 180570 221467 182038 223807 183453 225278 182700 225208 183785 225691 183601 226483 181666 223255 180788 222578 180818 222571 179276 220583 183181 224817 179536 221266 180222 221806 183332 225238 183326 224698 182192 224648 183898 226182 180050 221834 181529 222569 182877 224495 182361 224155 180487 221272 182271 223718 183653 225932 182390 223793 180781 222470 179492 220921 183341 225057 182679 224305 182514 224518 180939 222356 182361 224606 180306 221414 181056 223011 180902 222571 182943 224920 182625 224132 182796 224261 181926 223675 181774 223678 180508 221990 174786 215363 138604 170403 183351 225948 182712 223934 182218 224469 183879 225662 181775 223307 181124 222961 180616 222415 183348 225166 182417 223650 181740 223338 182645 224508 181154 222778 183631 225448 181173 223038 170698 209562 181851 223891 180509 221736 182246 224315 181714 223316 179348 220590 182333 223909 165198 202469 181726 223991 181906 224050 175869 216224 181064 223064 180676 222911 184765 227746 183296 225474 181909 224028 180714 222356 180304 221767 181128 223270 183447 225234 180082 221571 184195 226902 179515 220434 182121 224008 180680 222147 181952 223935 1151
179939 221545 185804 227874 183248 225043 183633 226572 183803 226327 183239 225400 183726 226076 180577 222031 180720 222636 183949 226003 176118 216829 183017 224923 174371 214453 184410 227168 183123 225456 183570 225486 184009 226145 181998 223848 182464 224185 182065 224532 181701 223084 185171 227444 183219 225289 184251 226433 184778 227657 186292 228738 138593 170614 184616 227003 183435 225547 182772 225166 181335 223201 182672 224891 175171 215471 139441 171483 182358 224301 182582 223883 184281 226201 183741 226994 181171 222885 181852 223984 184840 227523 183240 225208 180879 222752 182414 224624 182556 224935 183720 226293 184264 225985 182157 223969 185564 228137 184212 225751 184496 226667 176566 217025 181058 222714 178620 219886 182114 224133 183731 225979 182836 225125 184203 226741 176745 217169 181733 223686 184351 227295 185046 227945 182400 224201 180674 222421 184731 226759 182926 224395 181318 223455 183783 226394 182435 224773 184087 225834 180571 222144 184503 226939 182770 224420 182041 223607 180350 221725 139384 171638 182827 225146 183801 226112 181742 223577 181724 223405 184598 226685 183076 225329 181609 223859 182244 224716 182410 224133 184527 227323 181220 223052 184128 226614 182085 224021 184577 226352 182220 224476 184345 226876 183521 225643 180691 222520 171116 210180 185576 228373 184915 227348 183196 225555 181240 223267 139380 171475 1059
183729 226072 184268 226106 183778 226239 183014 225300 184710 227027 185326 227921 181318 223191 184961 227813 184410 226094 184750 227202 182432 223509 183558 225971 184561 226602 185575 227700 183221 225540 182772 225689 183122 225455 180974 222472 185179 227675 186013 228493 184660 227306 185358 227755 183607 225431 182443 224847 181323 223729 178852 219939 182254 224640 184418 226624 182639 224986 183805 226252 184622 227465 186443 228842 185438 228354 182908 224669 185212 228053 185028 227747 186370 228881 183668 225371 184432 226443 184681 226939 183563 226079 183380 225687 183113 225370 185443 228409 184894 227254 183780 226487 185822 228040 186474 229259 184291 226088 180130 221490 182320 223866 186095 228970 184536 227400 181920 224064 181836 224129 182538 224857 181643 223325 185381 227164 183198 225575 184644 226812 183281 225669 184095 225838 185909 227666 183663 225500 184770 227231 183310 225652 181659 223138 185045 228072 183313 225441 184075 226310 184076 226730 183542 225829 183903 225510 183532 225887 182439 224611 184863 227150 182949 224994 184235 225797 179946 221286 183860 226146 184310 226550 182425 224697 183900 226351 182385 224697 185431 228484 184361 227059 181078 222556 185149 227478 183425 226075 185108 227698 182703 224349 183874 226164 182569 224857 183530 225749 184284 226290 183367 225878 184943 227172 183054 225046 185123 227680 182706 224344 1243
183777 225884 181825 223782 187342 230418 185428 227908 184048 226669 171613 211213 185775 229202 184917 227896 186443 229067 184052 225974 185421 228033 183633 225956 185346 227998 185025 227500 183290 225975 177935 218819 183130 224643 183165 225514 184763 227605 186686 229533 184549 226720 185111 227874 187606 230906 182698 224613 183560 226241 185450 227997 184131 226887 183869 226215 181808 224080 178823 220156 185315 227812 184415 226896 182667 225185 184151 226457 185796 228586 184859 226675 184327 227049 186500 229589 184472 227157 185275 227158 183397 225741 183659 226210 174174 214597 185190 228098 185853 228701 180358 221240 180993 222647 185594 228697 186424 229531 183559 225592 186700 229898 182722 224549 185518 227859 183044 225296 185870 227899 187278 230716 185132 227375 187053 230001 181657 222501 186542 229285 184931 227848 185709 228671 183236 225701 185110 227602 183886 226825 184178 227137 183735 225801 173454 213088 183320 225510 174653 214646 182621 224872 184795 227156 184951 226948 177844 218676 184065 226890 180709 222767 184701 227908 184465 227317 181645 222782 185879 228531 186154 229146 185355 228179 184326 226970 181793 223392 184714 227723 184883 227070 183822 226039 185247 227812 181481 223063 183896 226280 177522 218181 184481 227251 184504 226693 185003 227648 184188 226390 185074 227198 185502 228306 186958 229934 183057 225097 182911 225388 1030
185260 227790 185981 229313 185580 228448 184503 226961 184819 228031 186551 229136 184659 226931 187489 230825 187307 229901 185227 228098 186755 230233 185889 228656 181932 223965 187072 229896 184808 227055 186866 228803 184602 227300 185474 227982 184537 226655 182400 224647 185542 228360 185967 229082 186877 229731 186062 228758 186169 229108 185529 227946 185676 228783 185876 228672 187328 230229 184960 227361 185037 228027 185618 228459 184270 226735 186546 229590 186487 230010 185209 227756 185830 228162 186592 230188 183874 226752 185233 228230 184744 227798 184850 227190 185143 227754 186925 230543 185244 227589 183219 225264 184877 227408 140116 172083 186124 228983 183493 225882 183956 225927 185096 228134 184111 226642 183837 225857 186523 229636 187629 230904 187244 230192 184982 227458 184364 226628 186583 228918 183441 225028 185894 228255 185717 228470 187378 230250 184694 227051 184625 227339 183429 224965 183045 225611 183076 225398 180594 222000 186388 229736 187767 230497 187692 230902 186766 229173 183389 225769 179881 221404 184040 226260 187281 230550 181402 223177 186393 229199 187451 230544 184755 227439 184732 227393 186997 229743 185510 228029 187598 231267 184164 226486 187440 231033 186812 229440 185690 228453 182617 224748 186808 229742 183766 226348 185389 228174 186193 229421 185497 228678 186205 228705 185946 228495 185753 228571 187001 230305 1160
183296 225275 187108 229692 185092 227484 187054 230717 181656 223280 182737 224831 182856 224757 185239 228127 186293 228796 184555 226942 188196 231619 185318 228021 182619 224102 188317 230792 184937 227612 185829 228858 178579 219687 188995 232362 187360 230304 186750 229873 184689 226853 185681 228567 174646 214267 186130 229200 185363 228059 173974 214321 187807 231538 187777 231090 185895 229078 184018 226377 186454 229219 184914 228128 183871 226200 179288 220621 188009 231295 174314 213874 184727 227504 187577 231139 186393 229583 186005 228602 184052 226215 187283 230548 187009 229806 183768 226063 188740 231868 186284 229869 187894 231555 187341 230304 183320 225143 171207 210762 186870 229917 186010 228925 186635 229374 186311 229552 175395 215518 176905 217909 185086 227363 186612 229497 189053 232744 187377 230626 188832 232054 185029 227848 187852 231153 186570 229557 187483 230837 187535 230763 179801 221539 188903 232511 182620 225297 185769 228745 184212 226774 186248 229380 182831 224996 187387 230013 186471 229442 185913 228709 187225 229973 184559 227523 186945 230264 187715 230998 187355 230646 180640 222456 184533 227184 183985 225890 187624 231187 182118 223526 184772 227509 184580 226842 185544 228331 183353 225049 185175 227621 186846 229739 186950 229939 182498 224925 184998 227412 183565 225696 186760 229955 184780 227617 185684 228740 187562 230102 1344
185525 228085 187693 231043 186192 228623 189261 233052 188356 231858 189415 233424 186131 228987 186571 229189 186223 229134 185358 228352 184597 226501 176900 217530 185871 229151 187401 230450 185813 228637 186883 230064 184428 226310 142874 175808 188842 231664 187390 230902 186229 228469 187264 230018 186262 229095 187156 230068 185176 227340 185487 228568 187254 230161 188653 231243 185045 227514 186703 229009 186499 229734 185706 228813 189868 233230 188717 232088 188554 231918 185724 228366 187646 230392 186243 229073 189041 231857 189124 232049 185393 228009 186328 228729 187544 230868 187080 229970 184611 227422 186815 230277 185374 228361 187601 231027 188920 232058 182193 224527 185919 228737 172623 212007 185914 228800 187078 230040 187325 230371 187520 231037 188242 231047 186635 229692 186161 228354 189467 232761 183623 225949 185358 228270 186987 229918 187750 230824 187030 230446 186252 229270 186308 229197 187950 230529 187532 230231 188042 231052 183412 226079 187952 231343 186500 229670 188156 231201 174188 214603 141603 174244 186668 228326 183636 225902 180407 221965 175354 214941 187927 231343 182890 225494 187418 230112 186564 229828 187863 231174 187995 231510 185233 227675 185547 228132 185411 228407 183513 225835 180395 222369 187280 230831 186847 229897 189688 233660 187707 231131 187156 229943 185661 228472 186889 229989 187145 230299 185490 228194 1227
190925 234744 189431 232563 185009 227736 187692 230461 188125 231681 187005 230584 185879 228979 188229 231364 188416 231841 187049 230254 188815 232246 188139 231742 186744 229772 187681 230855 188644 231874 187292 230163 185914 228740 188425 232062 188171 231352 189873 233532 187723 230902 190102 233627 188173 231813 187534 230704 187820 231121 187486 230331 185942 228899 191007 234211 188257 231685 189075 232262 185846 228202 188279 231605 188826 232564 187728 231140 190069 234209 189981 233217 175768 216347 188786 232541 191238 235165 187996 230980 189477 233105 187980 231451 189719 233288 188124 231509 187703 231068 190259 233674 188140 231519 185655 227913 186864 230295 185994 228101 186411 229117 189093 232519 188232 231378 185012 227610 187027 230219 186117 228909 187907 231124 187151 230615 188151 231617 188004 231298 189108 232573 190374 234108 187977 231592 189066 231883 185351 227923 188519 231775 189399 232886 188390 231220 186298 229086 184745 226998 186643 229909 188599 232236 189103 232604 187130 230701 188400 232233 190002 233550 186048 229497 187932 231403 189125 232453 186028 228663 186513 229710 188153 231400 143276 176239 188171 231472 189089 232491 188490 231511 175345 216052 183854 225881 189140 232747 188008 231232 187954 230954 188120 231383 187349 230630 186256 228911 187956 230605 188551 232272 187835 231094 189582 233252 188808 231668 186031 228677 1249
190105 233561 190091 233792 187706 230592 187830 230357 187825 231406 188038 231057 190209 234257 190101 233416 186558 229730 190573 234464 190056 233666 188779 231802 189825 233258 190781 234244 191018 234383 190868 234250 187214 230442 184820 227553 190011 233640 188406 231650 185929 228769 183664 225131 190503 233954 188167 231562 191733 235269 188534 232525 188972 231963 186737 229726 189521 232944 189186 232380 189048 232151 186873 229757 188295 231750 187848 230637 185656 228109 189096 232582 189617 233502 186296 229315 186933 230180 189758 233064 188551 231961 189886 232952 189358 232923 191070 235222 189147 232120 190531 234198 187315 230367 192087 236242 187727 230719 186728 230460 184078 225862 188674 231791 189630 233059 186988 229820 188229 231244 187340 230267 190576 233577 175717 216159 191420 235355 187437 230581 188924 232366 189349 233136 182677 224567 190830 234287 189087 232275 188879 232140 188968 231880 176157 216928 188950 232789 189738 233765 191524 235272 182849 224914 187680 231130 187772 231338 187477 230802 191263 235164 186437 229019 189512 233021 187255 230305 190950 234388 187788 231164 191035 235264 188738 232345 189076 232384 173432 213223 188635 232212 184933 227640 190553 234485 190526 233784 186905 230010 186444 229292 186985 230165 187921 231307 189630 233020 188870 231795 189271 232858 189094 232977 188776 232493 188799 231251 187078 229877 1174
191537 235499 191831 236099 189766 233432 188101 230701 189074 232502 187994 230739 190593 234045 190583 234310 191080 235213 189850 233152 191052 234566 190158 233801 189863 233152 191762 235425 189815 233855 190481 234643 190063 234013 190338 234251 192382 236960 187254 230188 190855 234400 188447 232407 191795 235687 189367 232715 175087 215502 191000 234687 187851 231119 188082 231143 189874 233869 188719 231920 188565 232252 188348 231709 190788 234921 189145 232384 189671 232684 192195 236396 189841 233397 187426 230651 186092 229117 191625 236069 190484 234789 190358 233793 188010 231416 185771 228499 190259 234114 189009 233041 189815 233409 190725 234561 188926 232701 190787 235060 190684 234722 187112 230527 191808 236313 190342 233803 191057 235278 189201 232963 191998 236106 189865 233562 187152 229813 186222 228587 187090 229961 189834 233807 187889 231275 144069 177154 188371 231485 191260 235066 191034 235271 190202 234450 189603 233577 187837 231094 189456 232949 190270 234132 187421 230699 184257 226587 189557 233094 190744 234192 189359 232846 177627 218502 184401 227073 192472 236620 189650 232818 191038 235212 190213 233124 190578 234041 189378 232586 188402 231805 187462 230432 189845 233959 189405 232823 189119 232850 189050 233082 188231 232022 188845 232655 189119 232041 188073 230667 189774 233122 192329 236360 189450 233285 190504 233913 185732 228015 1174
190705 234926 189235 232541 191255 235559 189956 233698 192054 236549 190787 234671 190674 234811 189095 232512 191135 235576 190225 233644 189688 233225 189969 233744 191527 235753 190348 234227 189284 233366 190048 233365 191099 235373 190215 233905 188619 232080 190287 234302 190409 233885 190561 234599 191461 235259 191066 235002 190480 233828 191401 235209 192519 236737 192067 236227 188900 231938 192094 235941 190373 234176 192487 236920 187527 230609 189197 233029 188420 232057 187939 231584 189353 232626 184741 227306 185912 228374 188067 230717 191156 235119 191773 236337 190494 234004 191206 235057 190730 234447 190721 234794 192009 235523 190477 234432 184628 226895 192903 237006 191726 235904 189411 233256 190032 234014 190014 234622 188854 232345 191307 235759 190045 233741 180209 221501 187359 230544 192577 236829 191840 235601 189923 233431 189013 232206 189057 232564 192024 235905 191610 235394 189697 233528 191965 235850 190517 234273 187317 230522 192064 236685 190535 234838 187387 230263 190129 233988 190577 234742 189141 232937 191039 235090 191424 235452 188776 232073 188335 231892 190126 233801 191063 234791 188763 232389 192407 236854 190342 233887 193435 237934 191117 235452 191634 235431 192723 237060 192047 235878 193188 237493 192019 235618 189713 233556 184887 227897 190553 234533 190158 233715 191622 235319 188087 231303 189035 232439 187699 230185 1195
192525 236860 191955 235821 191513 235462 190885 234700 190242 234066 191134 234952 191867 235399 190005 233850 192168 236168 193035 237223 188950 232546 191549 235051 190683 234487 189744 233238 189482 232441 191336 235835 193256 237899 190108 234103 193715 238252 191558 235984 190557 234387 189852 233839 192631 236995 191569 235296 192240 236470 190392 234090 190818 234430 190814 234368 190621 234148 146386 179954 192264 235989 192026 235970 188445 231592 189357 232127 190636 234638 191309 235763 189164 232191 192305 237147 190388 234330 190251 234235 191866 236169 192672 237221 191723 235853 193149 237045 192190 236116 192897 237459 194438 239429 191731 235757 190843 234822 144361 177696 193893 238172 192860 237152 189220 233315 192918 236808 191076 235431 188291 231362 192400 236486 189608 233164 192180 235686 189263 233020 190748 234447 190561 234405 190444 234324 193433 237648 178852 219819 191082 234435 190508 234068 191319 235546 192711 236933 193370 237911 193448 237875 192520 236776 193002 236962 190725 234278 189809 233396 189846 233789 186619 229609 190516 233983 190175 233800 193322 238699 192376 236225 193954 238187 190296 233633 191410 235502 193924 238332 184787 227051 191173 235511 193542 237972 191920 236469 190686 234553 190418 234285 193987 238723 192686 237094 190591 234350 190648 234088 190141 234129 193114 237595 178803 219433 185244 228093 191280 235577 1135
193200 237855 192964 237358 189923 233388 191486 235629 191391 235501 187989 230846 193035 237397 191819 236210 192284 237125 190456 234834 192553 235982 192202 236853 190441 234206 192260 236082 193015 237517 179329 220546 192453 236903 192463 236798 192283 236415 193951 239024 194407 238733 192331 236699 194094 238375 191947 236158 191858 235629 193548 238354 192117 236763 193486 237723 190341 234199 193830 238297 194018 239281 190459 234230 178765 220206 193098 237270 193790 237755 193035 237740 191826 236247 191422 235557 187840 230908 193408 237697 193093 237720 191022 234781 193265 238166 193363 237152 191238 235344 191610 236063 192482 236255 190419 234364 193012 237395 192576 236917 191085 234881 191368 235115 192021 236826 189014 232224 190261 234017 188972 232123 191657 235401 192922 237336 191791 235976 192714 236803 192862 237740 191990 236697 179706 220945 191659 235838 193998 238168 194705 239186 194170 238391 192493 236239 193629 238377 193532 237859 189941 233182 191283 235143 193217 237139 191543 235433 191743 235677 192395 236311 190774 234841 191401 235444 192508 236497 191842 235680 192667 237082 192755 236880 194216 239020 193354 237824 188089 231519 192144 235771 192133 236174 190168 233737 187279 230320 193162 237841 191607 235961 193125 236950 146559 180137 190092 233766 137303 169154 193301 237979 190892 234531 188505 231832 193417 238399 191472 235403 1262
191799 235918 194675 239756 192504 236400 194810 238959 195118 239820 194582 239610 192997 236894 194497 239088 193572 238287 194373 239049 192437 236268 193392 238076 194340 239188 194799 238931 194271 238458 194498 238933 191725 235635 194160 238687 194368 239036 194276 238777 193618 238493 194686 239388 191445 235876 196146 240992 191510 235906 193009 237503 194985 239393 193011 236680 190236 234179 147499 181487 191230 234800 192706 236975 191698 235713 192069 236014 194305 239128 184383 226127 190829 234658 195285 239782 191421 235483 190596 234330 192665 237249 192691 237241 191320 235376 193355 237519 193814 238087 191496 235599 194223 239111 181321 223486 194625 239438 192047 236552 193984 238669 192957 237792 192376 236106 192668 236971 195197 240438 192443 236787 193228 237396 193205 237730 191210 235370 195880 240649 193843 237502 195297 240392 193138 237243 192559 237324 193212 237344 192284 236341 194200 238543 190938 234934 192868 237215 192536 236187 192916 236495 193666 238001 194237 239381 193178 237409 194078 238131 192079 236401 193613 238351 192173 235882 195757 240311 194777 239459 194035 238421 193803 239090 194844 239799 193031 237217 191979 236336 193006 237431 189581 232988 193606 237529 194437 239212 192261 236798 193693 238561 190833 235141 193302 236970 190510 234567 194178 238924 193960 237987 193033 236509 192888 236461 192322 236625 192860 237367 1218
195529 240260 194413 238736 194822 239687 193577 238346 195179 240025 193368 238153 191928 236720 193416 238591 194118 239284 194390 239038 195304 240137 193897 238800 193597 238473 193305 237611 192085 236828 196440 240879 192971 237285 194836 239332 194857 239643 194573 238810 194369 239269 191652 235303 193655 238022 192624 236627 192239 236461 195354 240126 194137 239105 192101 236149 193236 237681 193436 238040 194250 238856 193294 238312 196548 241616 192594 236668 192517 236408 194137 238823 194769 239912 192169 236555 193902 237962 195065 239269 194693 239818 192648 236624 194449 239121 194133 238813 190328 234027 194980 239975 192920 237276 195153 239798 179432 220505 190568 234200 184077 226262 192979 236819 192207 236502 193854 238537 191098 235169 194923 239632 195623 240942 193521 237947 192762 237024 193001 237313 192489 236766 195184 240095 192470 236375 194282 239122 196933 242497 192652 237456 195758 240697 192341 236546 192499 236183 193647 237437 184233 226758 195546 240543 195198 240066 193213 237939 193824 238126 195326 239977 194164 239306 195558 240481 193728 237976 194668 239054 195393 240338 194233 239107 193477 238006 191842 236171 191632 235572 195623 240238 190081 233483 193340 237618 186880 229815 193244 237975 195775 240959 193632 238335 177802 218446 193496 237568 197062 241909 181569 223066 195203 240140 196356 241258 190539 234481 193377 237763 1184
196277 241390 194228 238602 193209 237551 195410 240421 195111 240190 197011 242359 195032 239647 195135 239706 194291 238910 194043 238523 196446 241364 197093 242049 187457 230416 195619 240067 192766 237374 195425 240515 194309 239105 195668 240604 194199 238403 193649 238347 193544 238392 193703 238575 193564 238094 192892 237341 191872 235653 195786 241186 192979 237817 195480 240102 196420 241875 197758 243159 197143 242474 196951 242336 193103 237395 195323 240846 194877 239468 186548 229492 193319 238146 189201 232332 195796 240370 194962 239859 193405 237701 196602 242011 193999 238060 193998 238612 195822 241156 195679 241358 196306 241312 185523 228097 194373 237866 192366 236397 194330 239466 194418 239446 192836 237011 194075 238543 193906 238443 196141 241258 194100 238285 193359 237658 192954 237443 193382 238070 193994 238643 193425 237809 193825 238246 191909 236012 194651 239274 193219 237814 192379 237118 191419 234885 196456 241877 195470 240039 192116 236156 194284 238421 193555 237659 193974 238656 193491 237410 194230 239271 196054 240966 193614 238505 191231 235136 181926 223030 195780 240673 195613 240433 188327 231749 195064 239341 196146 241168 197046 242240 195902 240945 191598 234872 194803 239710 196534 240706 194385 239305 197734 242999 193926 238284 195274 240274 193902 238395 192910 237301 193846 238758 195680 240456 193914 238392 184847 227548 1303
197063 242777 194958 240305 189741 232888 195861 241141 194696 238905 194350 238951 195094 240277 195990 240795 193878 238328 197170 242172 196726 242072 196478 242161 192496 236788 197454 242940 194597 238927 196244 241910 193712 238623 193783 238393 197920 243158 194986 239415 196884 242223 196151 240713 194898 240401 195489 239954 195318 239957 195887 241111 193464 238066 181185 222544 194482 239449 195986 241018 193104 237353 196620 241685 193398 237343 196963 241944 194391 238760 192856 237292 196587 241953 195198 240200 180525 222054 195209 239470 195998 241051 191220 235216 196352 241031 195469 239923 193936 238543 198245 243255 193872 239029 198941 244934 192909 237201 193757 238148 179858 221588 194765 239794 191419 234892 198484 243352 196685 241214 196207 241291 195054 240028 195342 240534 195819 241198 195204 240286 196201 240986 194430 239437 193257 237293 191475 235434 193695 238217 193244 237729 193100 237661 196516 242001 193162 237778 194815 239794 192191 236471 197062 242826 195639 239881 197463 242772 189268 232984 194283 238771 196096 240623 197565 242915 192800 237457 195834 240876 194737 239378 193461 237975 197152 242425 196554 241258 195688 240737 196471 241575 194132 238388 193764 238611 194575 239636 194496 239440 195578 240564 195420 240073 197101 241963 196374 241819 195576 240029 194852 239663 194649 239498 194048 239060 195926 241251 193940 238434 1142
188979 232710 194199 238770 196695 241956 193260 237046 194124 238326 198185 243694 191118 234698 196934 242107 193209 237323 195901 240944 196926 241774 195587 240865 194273 238945 195235 240355 196383 240531 199465 244703 197080 242410 197449 243134 189223 232391 150123 184623 195835 240769 149513 184007 195826 240882 195393 240525 183042 224790 197868 243641 194488 238695 198320 243579 195545 240383 196495 242103 196734 241908 197487 243234 194578 239512 193861 238185 195353 239398 199030 244279 195982 241340 198995 244519 195542 240714 195859 241340 195347 240582 197257 241901 196420 241621 196604 242506 196101 241273 192868 236928 182516 224524 195881 241200 197660 242988 195381 240208 193749 238252 195112 239852 196667 242092 195795 239967 194302 239145 187184 230057 198002 243540 196586 242099 194941 239791 197307 242488 198820 244067 195805 240943 196392 241646 197732 242750 195371 240647 194814 239599 192731 236726 198773 244289 183285 224851 196703 242224 194228 238945 195925 241415 191519 235589 195522 240866 196542 242072 193729 238095 198898 244621 197262 242122 195174 239935 197550 243425 194070 238593 195373 240692 196092 241432 197831 243058 194655 239745 196943 241700 194926 239858 197091 241978 197058 242513 196383 241514 194417 239363 197413 242546 197911 243907 197392 242944 197545 242645 196318 242017 195759 240632 197837 243085 196996 242267 192856 237130 1220
196133 241516 196587 241869 196414 241754 198253 244049 196043 241270 198568 244514 197653 242955 182287 224415 184418 226291 195288 239864 198244 243890 197381 243148 196165 241317 199348 244319 199025 244440 197152 243008 196277 241800 196660 242206 196464 242034 197461 242871 198064 243019 196961 242817 194501 238870 188819 231833 197015 242605 193857 238127 198553 244412 136885 168228 192943 236952 198740 244012 192399 236506 196488 240743 196607 241981 196728 242006 195491 239788 196621 242005 197973 243316 197655 243368 193718 237795 198950 244386 196823 242371 196911 242057 196110 240938 195056 240062 197670 243050 197651 242378 198123 243345 195775 240536 198057 243232 194960 239797 195874 241123 196711 241834 197664 243360 198314 243651 199147 244551 197527 242666 198167 243772 195910 240573 195693 240695 196129 240988 197410 243058 196892 241781 197304 242054 199422 245351 199456 244951 197789 243395 198559 243672 199076 244382 197695 243751 196194 240715 196419 241635 199675 245276 195332 240266 180937 222426 198449 243701 198635 244507 196063 240847 197505 243007 195627 241064 184116 225552 197162 242879 199675 245448 199049 244618 196737 242490 196108 242097 196808 241645 195389 240214 196755 241866 198565 244396 200450 246113 198162 243387 199512 245182 198002 244047 197083 241751 196609 241487 193948 238588 196400 241963 198184 244124 190727 234614 199153 245111 1265
197724 243242 198427 244578 196186 241256 199895 245510 196319 241894 192978 237594 194822 239407 195369 240439 196997 241872 198143 243746 196445 241501 197811 242952 200555 246677 198804 244138 197959 242978 191660 235179 197815 243314 199526 245039 190759 235122 197624 243377 185325 227891 193467 237932 199804 244801 198763 244765 198120 243412 196834 242122 199120 245020 200485 246753 198199 244178 196932 242111 198100 243313 198814 244608 199903 246332 197859 243427 197983 243619 198040 243913 199626 245469 190064 233323 196563 241731 200251 246278 198127 243032 198724 244677 199397 245057 198714 243856 197149 242686 197894 243386 198989 244584 196052 241500 198528 244493 196920 242078 198202 244190 198774 244557 198005 243629 199779 245111 199070 244521 197454 243056 195798 240558 195639 240744 195884 240613 183800 226220 199464 244727 195758 240509 198581 244612 196899 242335 195584 240898 196683 242038 198837 244146 187159 229743 191666 236028 193930 238316 193783 237988 198372 243552 197332 243446 196825 242599 198621 244520 198493 244234 198747 244905 198767 244302 196890 242239 198515 245001 197221 241899 197826 243405 196950 242534 199690 246116 198805 244600 186289 228662 197339 242029 199521 245181 198214 243028 198660 244331 199682 245488 197714 243048 198947 244648 194669 239609 197385 242610 199160 245070 196712 241658 197892 243819 198192 243733 198000 243411 1242
196418 241719 195746 240529 197445 243104 200728 246468 197689 243352 200018 245714 197424 242378 199125 244841 197062 242366 198096 244106 199708 245356 197539 243180 201633 248267 197311 242619 199378 245237 200211 246129 200426 246759 196689 241767 196257 241836 199075 244190 198292 244130 199525 244678 199268 245090 197622 243311 199821 245777 198686 244428 196976 242607 196833 242230 198904 244382 198711 244436 198652 244731 198345 243228 200915 246940 200246 246433 199743 245142 197436 243015 196434 241963 196744 241925 200025 245416 196888 242082 198050 243944 201580 248222 199588 244961 199928 245771 200301 246006 199394 244992 197521 242852 198538 244396 198146 243541 199880 245838 200851 247267 199560 245693 197694 243334 196834 241839 200088 245490 199676 245794 200927 247390 199239 244461 200732 247184 201091 246529 201662 248160 198540 244165 200382 246488 199729 245568 199410 244629 199391 245050 200208 246562 201614 247838 197717 243281 199329 245090 186725 229404 198341 243412 197089 242417 198505 243855 199452 245707 200432 246914 197370 242837 191583 235864 199312 244604 192665 236921 196704 241269 196636 241530 198773 244144 198860 244588 198015 244006 199787 245348 199983 245550 199091 244660 201140 247499 200473 245856 199787 245688 197221 242054 197762 243417 199254 244568 199350 245622 197529 243241 185063 227617 197617 243022 200517 246425 185331 228199 1272
199762 245678 196604 242127 200666 246366 199144 244963 198237 243759 200400 246870 200547 246598 198023 243235 199406 245243 197433 243251 202091 248393 198630 244568 202129 247998 201113 247091 185930 228807 198163 243924 201588 247556 192450 236541 198711 244853 201790 248084 199974 246052 197319 242300 201152 247231 199641 245008 201839 248605 198434 243709 200446 246867 197590 243446 197094 242361 200384 246565 198715 245212 201384 247403 199218 245910 200500 246712 198170 243817 198383 243666 201628 248588 198649 244038 198438 243664 201177 246937 202275 248537 200924 246981 200210 246418 201592 247478 201491 247936 198625 244817 197695 242982 195993 240666 196292 241026 196806 242132 198657 244458 199826 245721 199472 245182 199379 245189 200344 246011 200134 246602 198904 244236 200195 246209 200524 246984 201173 247650 200607 246904 187313 229696 200950 247289 199802 245783 201058 246868 198594 243697 198409 244226 200336 246640 198336 244150 198225 243836 197427 243037 200337 246381 201837 247909 199625 245522 197413 242612 200127 246139 201571 247732 199576 245733 198254 243917 202655 249887 202535 249303 200066 246311 197269 243137 199323 244957 198278 244365 200146 245765 200422 246929 199995 245924 200600 247105 199748 245126 198873 244065 200471 246957 197204 242523 200225 245910 201906 248557 200401 246881 200378 246198 200087 245362 196467 240911 201373 247544 1297
199321 245500 201904 248141 200466 246876 202605 248437 200053 246266 198072 243251 197921 243571 198762 244950 199726 245375 203290 249761 200192 245757 200397 246441 200029 245339 199907 246238 201964 248192 200851 247426 202043 248458 199576 245899 201468 248001 201875 248243 193552 237923 203282 249889 200943 247315 198861 244249 199118 244551 202072 247931 198830 244576 199635 245684 202044 249008 198286 243936 200448 246883 201880 247891 199327 244387 197601 243319 196579 241618 197967 243384 200472 246719 200051 246344 200482 246729 202667 249435 202192 249384 201827 247928 202499 249067 199305 245124 200737 247198 202481 249371 199863 246156 201832 248158 198394 242975 199530 245489 200137 246600 199740 245711 199586 245136 201751 248387 200612 246907 199400 245169 200230 245827 201952 248030 199727 245704 202369 248260 198894 244776 198627 244468 197575 242990 199311 244998 200133 246391 191556 235695 201787 247408 201098 247034 201274 247827 200746 246553 202148 249006 198537 244475 199377 245125 198969 245068 202400 248737 198895 244914 200339 246051 200040 246296 200446 245897 202125 248691 201928 247984 198279 244028 200445 246554 200946 247348 199135 244873 201081 247186 201486 247779 201727 247768 201097 247225 200756 246917 201168 248116 196350 241593 201970 248303 201302 246448 198708 244360 200684 246902 200545 246965 198865 244699 201096 247311 197211 242663 1200
202591 249819 203079 249718 203885 250538 201679 247785 202165 248723 200932 246987 201983 247787 201037 247254 202314 248769 201929 248220 201345 247588 200555 247010 199858 246278 200665 246495 204498 250987 202670 249756 201551 247747 203640 249906 201193 247389 203359 249895 201107 247143 199348 245074 200156 245874 203839 250553 189286 232350 203662 250753 198787 244600 201930 248209 202313 248834 199362 244819 202875 248823 200537 246562 200694 246513 200906 247129 202626 249483 199099 244726 201719 247613 200571 245935 197500 242357 200125 245779 203376 249661 201960 248032 200808 247127 199840 245997 197404 242684 204594 251274 201655 247914 199739 245285 200900 247173 199767 245710 203481 249485 202712 248621 199472 245080 201500 247161 199843 246190 197855 243119 198709 243900 201722 247643 204371 251349 196579 240966 197512 242843 202093 248907 201044 247615 199928 246925 203054 250201 202910 249250 201955 248369 197360 242651 202825 249260 201839 248859 202523 248883 201278 247970 199599 245588 200472 246450 202540 249150 200280 246300 201460 247551 202274 248641 194350 239172 202059 248930 200084 246270 198399 244249 199574 245274 203961 250450 200106 246157 198518 244365 199337 245070 202492 249132 203724 250340 201267 247620 202215 249059 202471 249068 202673 248650 203110 250097 201187 247652 201556 247904 201854 247330 202563 249128 200266 246606 201297 247585 1230
202944 249856 202149 249104 201335 247933 185801 228339 204121 250831 202605 248510 202362 248780 199129 244911 204139 251381 201648 248743 188000 231656 201013 247376 194960 240150 202004 248261 204374 251263 202967 249272 202655 249278 199232 244719 201076 247647 202982 249660 200049 245542 188227 231436 202897 249425 200944 246221 199933 245806 202994 249925 199557 245793 201898 248466 199849 245750 202070 247840 204456 251473 203328 249578 199761 245955 201905 248417 201129 247285 202462 248814 203015 249818 200388 246350 203402 249829 201012 246414 203638 249482 204195 251245 202736 249031 202605 249065 202550 249339 199044 244743 203272 250170 201268 247908 203750 250538 202850 249829 151756 186827 198589 244056 201830 248696 200974 247405 203063 249802 201873 248246 201054 247332 201238 247770 203553 250099 203771 249959 203643 250235 203811 250685 202509 249053 201195 247057 200818 246677 201495 247916 200736 247099 199333 245301 203835 249999 201249 247515 198485 244302 202624 248980 202497 248979 200948 247072 198401 243979 201443 247846 199911 245661 203136 249305 201899 248030 201394 247866 202253 249001 204536 251854 201576 248146 201411 247833 201538 248072 203198 250444 202940 249543 202419 248099 201067 247285 201996 248308 200482 246323 205895 252862 201872 248364 203799 250456 200019 245730 200174 246284 200973 246632 202216 248907 203179 249167 204584 251800 1267
201442 247925 202474 249075 203962 250935 202839 249502 202507 249382 205452 252530 203344 250014 204705 251106 202370 248078 203262 250143 203807 249894 204658 251925 189919 233506 202070 247853 203689 250946 205040 251999 203249 249896 204200 250976 204902 252356 203521 249901 203270 249640 197315 243248 152030 187038 204354 251331 187745 230940 205383 252154 203108 249458 203408 250290 201655 248110 204866 251700 203159 250381 204162 251135 203851 250945 204923 251670 205771 253388 204712 251914 199350 244723 201003 247517 204403 251587 203014 249887 202413 248750 202729 249225 203112 250019 205183 252523 153706 189077 189521 233104 203503 250337 202326 248768 203206 249941 205877 253269 204234 251495 205884 252934 205598 253098 202890 249636 203293 250426 202406 248356 200959 247070 202738 249517 203697 250103 202579 249508 205698 252772 204217 251504 202966 249132 200971 246579 202604 249344 202545 249286 204702 251772 206476 253549 201124 247976 204359 251236 204117 250665 199782 245941 201133 247563 203220 250079 189546 233369 201192 247254 202385 248769 205446 252889 204833 251974 201699 247783 202454 249050 205233 251981 196321 241945 203154 249344 153588 188671 201007 247256 203030 249648 203726 250803 197922 243579 203597 250646 200526 246293 203432 250292 205026 252383 189269 232931 206184 253287 203964 250608 200131 246413 205215 252375 202580 249018 204863 252034 1274
205244 252171 201963 247840 204511 251030 205748 252765 204903 251365 200622 246793 204616 251811 203608 249886 203732 250922 205047 251603 201807 248144 203336 250535 205691 253112 205069 252162 204726 251637 203575 250368 206044 252972 200895 247086 203515 250744 204172 250420 204054 250711 205290 251752 195835 240056 203919 251477 203541 250303 201811 248178 205929 254205 203760 251108 204978 251669 203557 250707 205506 252418 203353 250175 154757 190373 202639 249241 202060 248016 199336 245385 205953 252681 203119 250359 205185 252390 189417 233352 203798 250720 205242 252486 205878 253209 204093 251416 204800 252057 202941 249915 204548 251575 202522 248537 203131 250192 201636 247466 204836 252055 199972 245432 203011 249207 204675 251905 206488 254346 205882 253132 204748 251706 203520 250932 206043 253407 205243 251682 205312 252169 205196 252127 203009 249632 203825 250736 199033 244440 203634 250470 202744 249435 202552 248712 203264 250216 204955 252058 205387 252102 203878 250764 204568 251814 204427 251477 204888 252520 191931 236147 205311 252109 206656 253828 205707 253562 203729 249949 205290 252093 201260 247472 202861 249415 206229 253542 203988 250175 203656 250202 203885 250565 197187 242539 201032 247297 202343 248655 202954 249680 206742 254262 203553 249861 191661 235354 205341 252544 205134 252083 203910 250953 204253 251573 205020 251537 202387 248374 1249
204791 252011 203233 249790 201119 247315 207411 254598 204222 251022 192194 235952 204277 250732 204035 250886 204311 251482 204250 251675 204968 252014 207107 254421 206219 253906 203539 250274 203211 250076 203061 249521 204879 251636 205743 252774 203901 250673 204236 251327 202750 249266 203176 249718 204409 251210 192112 235491 206877 254484 199614 245464 205699 253354 203310 250473 204030 251630 205251 252635 205590 252567 205818 253349 201977 247998 205722 253170 203579 250535 206194 253105 205148 252162 205783 253265 205286 251975 204762 251842 206539 254126 205090 252420 201793 248273 204762 251620 200925 246742 205651 253300 205003 252317 202480 249104 203206 250146 204444 251573 204909 252062 206343 253479 205631 253080 203342 249818 203749 250692 205786 253711 204192 251486 205644 252511 207146 254355 203951 250820 206136 253208 195859 241242 205057 252436 203616 250107 202051 248378 204789 251819 203612 250374 202382 249401 201461 247562 203830 250616 155853 191496 203672 250339 204967 251681 202243 248777 199449 245492 206737 253866 205545 252113 207641 255803 204677 251496 205686 252681 205606 252748 204746 251866 209017 256782 205275 251373 203190 249686 156185 192274 206931 254432 204362 251326 200828 247168 204378 251841 202019 247838 204364 251516 204859 250809 204621 251784 204766 251868 203933 251325 203048 249495 205157 252232 204065 250956 203658 250695 1367
205046 252142 200218 246070 204420 251597 205111 252264 207168 254830 202987 249912 205458 252466 205423 253063 156688 192665 204610 251962 206460 254511 207568 255350 205251 252394 207742 256096 205891 252822 205534 253126 207123 254967 205373 252312 204215 251678 204059 251131 204965 252151 198892 244501 209170 257060 207076 254368 207105 254466 206090 253215 206242 253263 205344 252550 202907 249679 205862 252889 208492 256524 205929 253176 198538 244254 204005 250877 206469 253741 206153 253431 203129 249572 205162 252261 157368 193530 204383 251343 206153 253768 206562 254162 203639 250531 205228 252593 208123 255890 204863 251532 205611 253115 204408 251373 207811 255191 204818 251691 205445 252674 205256 252364 206736 253906 193246 237052 203578 249999 206460 253149 208528 256730 190444 233992 205363 252802 207237 254890 205274 252077 206606 254189 205301 252483 205006 252394 206329 253702 203806 250487 206546 253778 203040 249081 208268 256597 206059 253194 207723 255193 202569 249099 205813 252891 206233 253931 206797 253912 202708 249483 205247 251970 205865 252954 203774 250665 203312 250158 205636 252582 206607 253479 206171 253889 205444 252893 201651 248503 202910 249664 190413 234216 204047 250807 205839 252866 207611 255238 203288 249989 204271 250952 202656 248840 206728 254601 203271 250408 207169 255194 206308 253719 203349 249713 203307 250027 207263 255066 1413
208123 256260 207279 254649 206051 253452 207717 255427 207828 255188 204800 252391 203300 250271 208890 257233 206578 253387 190481 234024 209167 256847 205397 252428 207087 255144 203196 249762 204100 250824 206602 253716 202928 249180 204453 251747 209199 256819 203793 251037 207992 255494 207757 256277 207429 254830 207786 255586 202830 249703 204436 251630 204750 251981 205337 252692 205524 253100 207397 255624 204140 251199 208987 257095 208510 255728 204668 251437 205519 252149 209914 258042 208869 257239 206774 254589 209453 257131 204271 251536 205485 252617 207778 254879 199897 246008 204924 252143 205503 252795 208112 256216 208478 256402 207325 254336 205886 253184 201856 248028 209883 257905 208261 256114 204452 251546 205993 252810 206774 254128 207173 254741 198302 243683 206690 254343 206677 254443 208303 256189 198140 243372 206542 253352 205061 251873 207375 255023 203483 250408 208433 256499 207200 254376 207486 255688 204905 252002 206719 254682 207923 255502 204229 250986 206080 252846 205611 252859 207869 256139 205204 252383 205945 253008 206701 253369 206756 253905 204541 251565 204803 251976 207082 254402 208548 256875 206963 254769 207072 255063 208600 256448 205266 252046 207509 254519 205539 252551 206258 253583 205998 253881 208645 256736 205526 253083 204917 252180 205445 252818 205708 252712 208668 256419 205933 253266 204797 251461 206963 254567 1285
206185 253602 207642 255350 204677 251543 208481 256543 200965 246746 208867 257113 206879 254532 207928 256129 206396 253709 205812 253177 211604 259873 207158 254381 207610 255353 208028 256246 206566 254278 207859 255778 208417 255694 208923 257043 201807 247913 209127 257387 207004 254631 206865 254956 204861 252157 204305 251571 206773 254188 206115 253828 207571 254742 208537 256392 206438 253732 209820 257915 205683 253883 205833 253160 206983 254632 206927 253866 208543 255921 206103 253771 208813 256883 206864 254732 207070 255264 206949 254928 205793 252824 208010 255678 209033 256960 205998 253451 205915 253519 210641 259006 205234 252306 202154 248957 208815 257287 202640 249281 204443 251585 196705 241858 200761 246683 206907 253831 208939 257243 204259 251268 206271 253684 205925 253077 206427 254091 206733 255072 208521 256409 208827 257243 206797 254609 207692 255633 202533 248607 208513 256614 209216 257521 209659 258420 206226 253453 205432 252894 208645 256585 207784 254861 205963 252872 204437 251687 206692 254359 206031 253441 207657 255521 158381 194788 188242 231584 208880 256021 207512 255290 207357 254774 208976 257616 208159 256187 207889 255932 207761 255559 208581 256417 208639 255623 208303 256151 208115 256062 206632 254949 205725 252820 209126 256586 207049 255172 199947 245234 208805 256996 207040 254348 206989 254412 205666 253205 210027 258191 1325
207974 255267 209028 257635 207085 254081 207334 254461 210796 259624 205749 253147 205295 252539 208686 257290 209519 257364 208329 256228 206958 254607 210848 259051 209276 256942 207346 255139 209992 258471 207667 254859 209382 256657 208138 256529 195352 240484 209548 257478 207666 254899 204942 252274 204923 252490 208263 256376 209686 256963 208306 256166 209789 258374 208481 255481 210460 258790 207610 255230 206311 254295 207721 255434 208596 256293 207788 255921 207110 254662 207978 255623 207221 254687 208561 256616 207045 254470 210060 258496 208486 256064 208776 256554 208240 256374 207951 256049 207721 256187 205142 252665 209034 256689 211054 259975 207334 254966 207442 255066 205593 253249 209095 257033 209141 257249 205076 252346 208771 256790 209183 257377 208618 256671 208774 257047 206996 253894 206004 253117 206681 254247 207041 255097 205950 253018 206860 254589 210483 259358 209154 256934 202955 250071 205726 252926 209325 257154 205460 252765 207630 255413 206537 254062 200958 246932 207233 255447 199179 244980 208105 255893 211893 260129 205605 253439 207388 254728 206835 254122 208758 257241 206983 254759 206719 253975 210307 258325 210191 258083 209053 257977 201502 248183 209194 256661 207484 255394 209124 257187 209224 257080 207516 254768 209471 257247 209785 257349 204609 251473 205902 253462 208973 256591 201516 247711 208965 257106 204657 251387 1290
210718 258650 210675 258870 208005 255481 209279 257650 209466 257833 210450 258342 210268 258918 194982 239581 211086 260338 209675 257888 210068 258084 206797 254387 210332 258347 210942 259042 209337 257429 207170 254930 207575 255201 208641 255932 208990 256966 207902 255980 209689 258657 208391 256286 209352 257754 209414 257528 208936 257575 208641 256912 200596 246542 209380 257586 202616 248583 196838 241363 210638 259593 209427 258191 211183 259923 208053 255809 209181 257419 204916 251560 210724 259480 208540 256627 209054 256778 209922 258276 209256 257575 204246 251415 206610 254265 209597 257785 207573 255426 209524 258021 206460 253960 211206 259672 207889 255487 207288 254865 205715 252820 209213 256810 210872 259292 209491 257646 210358 258524 209188 256928 208714 256735 212371 261302 207364 254961 207027 254411 211020 259021 206339 253733 209617 256863 209570 257889 208424 256462 204520 251381 209263 257195 208907 257495 203313 249853 199872 245388 211561 260231 156611 192850 209413 257022 209327 257481 209599 257947 209255 256909 207732 255243 209286 257549 209676 257809 211017 259689 208319 256236 206075 253354 207891 255057 192964 236983 209394 257926 210691 259126 195555 240057 209384 256746 206407 253872 206093 253503 211152 259017 208854 256439 211392 260205 210360 259294 206130 252910 209693 257539 210297 258554 206197 253164 209976 258339 210508 259718 1290
208052 255994 212256 260810 198789 244776 212513 261282 209633 258003 211234 259985 210209 258544 208916 256993 207274 254865 208836 256477 210993 259840 212384 261589 213938 262921 207053 254340 208831 256952 208464 256113 209603 257592 210681 258433 207433 255638 211955 260862 206755 253879 208038 255904 211908 260128 210416 258928 208922 257290 211496 259975 211739 259965 207929 255797 209291 257510 205930 253598 211521 260029 210943 259975 212242 260605 207263 253949 209593 258178 209851 257957 207939 255926 207435 254526 205878 253418 210125 258466 206253 253980 210283 258613 209515 257524 208023 255932 197535 243262 209043 256578 211691 260198 210039 258481 207306 255114 211312 259911 209152 257164 194995 240199 208192 256172 209747 258504 208307 255910 210508 259083 212156 261084 212671 260731 203006 249699 209603 257691 207007 254495 195145 240178 210869 259274 208380 256280 210121 258586 210018 258492 208820 256879 209809 258005 207709 254917 212570 261351 211400 259738 211645 260281 208539 256442 207064 254942 209168 256797 205375 252811 209427 257827 210698 259348 209452 258033 207453 255430 210093 258209 209782 258648 209651 258025 206928 254696 210022 258346 209439 258244 212029 260956 210664 259337 209670 258658 209042 257538 207586 255176 208990 256753 211698 260510 210509 258713 211737 259917 210079 258040 210809 259179 206034 253553 212552 261138 210056 258080 1251
209175 257888 209395 257391 211227 260160 210718 258723 212096 261142 213010 261610 210254 258877 212066 260686 211895 260201 208949 256485 207523 255006 208282 256072 208784 256854 211333 259632 211357 260480 210763 259616 214412 263546 211802 260969 209849 258056 209275 257295 209977 258434 210004 258008 207102 254808 198340 243638 209879 258088 213119 261349 208260 256269 212472 260742 210253 257670 211350 259886 209977 258554 213483 262392 208848 257071 211126 259949 213078 261491 211851 259886 209187 257234 209912 257275 207007 254835 211086 259684 212809 261746 211121 259688 210018 258433 208001 256166 209371 257676 208970 256974 209369 257947 210880 259605 209219 257322 212512 261560 209659 258218 210958 259245 207617 255465 212305 261085 212319 260757 209881 257733 208226 255845 210996 259484 206387 254150 212129 261039 210005 258124 211523 259891 209862 258240 210186 258789 209272 257139 208156 255562 210457 259087 212574 261009 212535 261285 213702 262825 212809 261618 213778 262839 212435 261278 209456 257168 210283 258039 212116 260900 209582 257389 211473 260493 208265 255449 212788 261861 208442 256210 211455 259779 197048 242416 210438 259150 198969 244756 212146 260446 209825 257447 208056 255745 211679 260177 210107 258554 208822 256739 208402 256393 211655 259630 210529 258894 211312 259343 212589 261123 197076 241913 209250 257223 210961 259502 210211 258481 1494
213537 262341 214157 263385 211502 259850 213044 262324 212760 261983 212038 260098 212821 261918 212830 260721 211254 259601 208700 256594 210521 259132 207649 255452 213336 262313 208488 256806 212579 261172 211300 259212 209955 258380 209816 258166 211231 259824 214133 262798 212319 261483 210191 258522 209998 258230 204000 250939 210884 259600 212239 260855 207900 256306 198844 244112 210085 257956 209444 257492 210799 259421 213306 262092 210109 258107 212072 260963 214198 263473 209581 257930 211947 260942 210863 259364 213418 262175 213210 262486 211219 260117 214763 263945 214937 264027 210051 258284 212566 261902 210830 259588 211851 260524 211475 260294 205580 252902 211478 260576 211894 260372 210780 259317 202170 248787 211253 260013 211720 260075 211251 259563 204960 251580 213231 262310 213958 262734 211440 259943 213039 261580 210055 258528 212006 260453 210006 258166 212452 261231 209735 258247 207722 255319 212930 261625 210016 258272 211293 259418 211995 260270 213124 262128 210147 258553 212840 262279 210886 259277 208874 255586 210715 259156 214009 263167 209106 257259 211841 260602 212003 260660 211301 259787 211390 259749 206221 253685 210442 258804 210619 259369 213981 263149 205800 252898 209408 257488 213257 262310 211624 259901 210333 258161 213739 262254 212232 260438 213134 262293 211275 259519 211045 259906 212701 262001 212173 261426 213643 262810 1285
212446 261902 212699 261255 215504 264559 212573 261837 212227 260668 209633 258129 213995 263582 212181 260636 213408 261730 213459 262132 198206 243895 212651 261283 213340 262291 209116 257664 212367 261679 211005 259447 214322 263490 211211 259810 215389 265139 213498 262809 211894 260528 211584 260342 212220 261511 214541 264277 212902 261386 210786 259079 210869 259387 212469 261420 212175 260865 210423 258832 209754 257752 212239 260618 213396 262687 213353 262516 210339 259059 212007 261350 212030 260321 213111 262337 211767 260271 210733 259748 208051 255503 212318 261211 214028 263564 215405 265298 214897 264160 201996 248363 212753 261411 199123 245300 209859 257609 214008 262445 213073 261357 213883 262678 212782 261278 211359 260384 212636 260897 213091 261602 210540 258735 213165 261937 212186 260742 211985 260389 215381 265016 213068 261607 209919 258349 215167 264213 210776 259608 209214 256746 213847 262128 213458 262379 211886 260965 213016 261351 211263 259366 213512 262887 214014 263073 210382 258890 210882 259239 213506 262746 213751 263717 197903 242710 207999 255508 215338 264626 193908 238228 213774 262167 212312 261276 214357 263327 197070 242028 211878 261140 211067 259089 212728 260836 210864 259395 213528 262419 203473 250604 203351 250205 212360 261456 210278 258597 213278 261792 210631 259472 213962 262774 211732 260562 212901 260983 213863 262720 1270
214563 263990 212833 261794 212005 260107 211227 259397 215537 265331 212880 261823 214935 264609 213168 262152 214787 264383 212367 261222 211616 260237 216208 265347 207817 255873 214984 264985 203245 250049 212302 261170 214965 263934 199440 244588 211739 259863 212197 261307 215455 265044 212168 261044 214468 263908 213604 262513 213016 260891 215480 264347 212640 261669 213429 262254 213135 262121 212510 260794 213214 262699 212881 261439 210270 258950 213187 262603 213888 263607 213531 262830 211789 259973 213276 261864 209754 257588 214592 263487 213102 262109 211858 260409 215914 265370 214276 262941 214897 263767 212862 262071 210801 258682 215015 264235 212579 260794 214296 263634 212850 261158 206398 253545 214181 263560 213610 262616 215034 264923 212322 261739 213118 261409 212194 261041 210724 259114 214642 263734 213279 262435 214131 263403 213416 262600 209161 257338 211173 259784 214708 264151 213221 262771 209871 257997 214689 264450 212933 262033 210752 259281 215080 264381 213394 261947 212745 262016 210905 259297 213907 263168 215155 264133 213161 262741 212344 260879 213669 262147 213312 262359 212145 260488 211694 260537 206364 254081 212151 260913 212537 261363 209519 257752 211899 260774 211248 259548 211241 259616 212653 261722 212468 261243 214013 262864 212893 262116 212401 260710 213448 262523 214956 264384 210014 258551 215980 265139 214274 263101 1454
216303 266332 211751 260555 211229 260275 215890 265156 214463 264203 212364 261399 212668 262178 212335 260658 214105 263162 213049 262468 213947 264009 213058 262425 216286 266179 213584 262465 213853 262272 213315 262183 212480 261619 212206 261749 215514 264888 212785 262011 213261 261923 213456 261480 214536 264172 163441 201087 214282 263849 216002 265007 209991 258442 211783 260576 205691 253252 211789 260731 211840 260343 212965 262651 215322 264416 215179 264731 213927 262677 213429 262644 213859 263247 213680 263284 214351 263516 211619 260692 212844 261802 212399 261164 213758 262956 214758 264266 215739 265434 213368 262541 213739 263575 214071 263063 214838 264410 212641 261350 213097 261403 213198 262247 214472 263977 200256 246355 211209 260057 217066 266814 214911 264238 212573 261761 214149 263161 215951 265216 213035 262140 214496 264226 216001 265337 214333 263611 216527 266312 213860 262247 213572 263261 214591 263993 216698 265954 212069 261086 208362 255606 213795 263057 204786 251540 201300 247585 211989 260874 213634 262345 214649 263614 214714 264566 211889 260767 212597 261676 215642 264535 214456 264150 212743 261834 216543 266354 215687 264940 211785 260562 214563 264459 214935 264291 212460 261483 215354 264864 212515 261493 214401 263550 213534 263196 216712 266567 211314 260138 207149 254846 212350 261080 211388 260090 215151 264459 215983 265592 1319
216195 265755 213119 261982 202008 248311 210997 259230 214816 263836 212627 261013 213478 262741 214276 263787 216069 265914 215047 264937 212175 261492 214657 263708 216493 266265 213830 263317 216668 266840 216671 266589 215422 264754 207595 255611 213810 263467 213738 262957 214621 263302 213944 263164 217736 268403 210561 258846 216783 266436 217051 266753 213573 261903 215313 265079 217142 267002 213710 262865 214180 263102 213516 262796 215441 265355 211292 260091 212178 260589 215768 264600 214865 264156 213034 262695 214705 263705 216004 265796 215562 265488 214177 263943 215280 264260 213109 261909 215146 264424 212375 261256 215879 264911 213385 262232 215161 264613 214416 263965 215888 265495 217198 267127 213153 262233 216556 266661 217159 266913 215151 264440 214914 264558 217299 267421 215422 265387 217494 267640 214532 264020 216832 266466 217049 266799 213718 262826 214471 263976 215186 264644 215030 264538 203174 249647 215070 264834 215067 263884 217883 267667 214937 264291 215066 264667 212232 261244 213326 262921 214437 264142 211867 260774 213845 263033 217061 266810 210325 258751 211652 260316 215222 264520 215784 264891 214827 264040 215584 264901 207172 254580 215994 265143 213381 262785 211631 260074 215080 264184 215034 264042 217112 266828 212774 261427 215920 265374 216181 266195 214596 263971 211189 259685 217887 268063 215482 265510 208363 255826 1347
215234 265091 214746 263986 213667 262879 216593 266142 207160 253895 218135 267832 212581 261443 201148 246933 211394 259629 219145 269143 214048 262750 214133 263982 212969 261140 215943 265307 218068 268213 215982 265576 218066 268161 214636 263625 214161 263045 208377 256382 217450 267014 215256 264395 213731 263291 217548 267842 215079 263773 214608 263968 214329 263496 214416 263603 216939 267040 215426 265088 214680 264951 214646 264365 216075 265852 216675 266492 213880 263294 212852 261526 218648 268851 216336 265892 216676 266433 219017 269166 217078 266735 216612 267005 218204 267726 214896 263978 214743 264364 216752 266752 216182 265814 216929 266411 215318 265107 212835 261466 207097 254720 213304 262816 215150 264197 216678 266182 218365 268338 215199 264907 214529 263093 215387 264819 216404 265416 214461 263273 214787 263947 215626 265224 216314 265610 216001 265507 218096 267596 213063 263131 217555 267511 213444 262277 214167 263819 217077 266954 214794 263999 202657 248397 214638 264251 218289 268074 217045 267115 216184 265826 215492 264523 213439 262633 216622 266673 215259 264512 215534 265580 212258 260818 216951 267616 216624 265823 216672 266540 216877 267021 213613 262857 214458 263957 216276 266006 215742 264981 218264 268059 218081 268781 215433 265023 218121 267741 213625 263006 216131 266220 215979 265961 211469 260393 214454 263596 217006 266749 1354
216910 267022 213703 262433 218069 268152 213790 263087 216429 266417 212511 261865 215496 264968 217096 267638 214800 264540 214909 264255 217771 267649 215555 264765 213818 262842 218432 268337 217870 266775 215508 265274 216833 266788 215737 265400 218019 267934 215177 264212 214768 263529 217023 267196 213358 262342 212630 261831 216798 266606 217963 268353 218979 269133 211215 259953 217234 266664 220627 270764 215924 265756 216300 265777 219857 270806 217707 267593 216501 266372 211373 259531 218447 268227 216717 266582 214605 264302 217748 268143 215529 265424 215491 265203 217185 266362 216950 266930 217586 266903 217369 267558 213921 262682 216281 265958 213111 261873 218479 269253 217375 267785 213709 262518 217170 267221 217933 267789 218405 268155 218482 268535 213183 262371 219239 269731 216966 266791 218539 267950 217897 267484 215165 264865 217196 266681 217901 267831 215590 264996 219609 270020 216633 266599 215616 265014 215602 264353 214179 263302 218919 269495 214108 263481 214600 262929 216248 265847 215152 264815 198814 244367 216514 266763 216755 266223 218673 268981 217572 267362 216586 266641 217929 268336 214861 264102 217896 267816 217419 268023 217884 268114 217603 266940 216849 267069 216278 266512 217596 268159 216217 265566 213417 262690 216772 267124 216628 266677 217776 266968 218519 268483 211512 260270 218251 268403 216085 265670 213874 262550 1391
219474 269712 217103 267489 203239 250131 217232 267268 218644 268528 215122 264720 219288 268948 220664 270909 215694 265279 219789 269870 215172 264518 216334 266644 220232 271037 216577 265501 216994 266994 219191 269678 216162 265748 217980 268300 216130 266311 215551 264868 217725 268313 215678 265382 219573 270172 216251 265956 209289 256513 211704 260205 219766 269487 217859 267723 214163 263485 217565 267605 218828 269040 216314 266128 217404 267636 218119 268486 218664 268972 215166 264566 217234 266809 216901 267006 217950 268834 218498 269101 217341 267212 214603 263598 215544 264422 217619 267775 215202 264150 218958 269053 217517 267758 217730 267947 216582 266396 201198 247340 215281 264765 216741 266590 217567 268027 215593 264609 218651 268423 217826 268048 166386 204517 216841 266236 216644 266719 201439 247902 202260 249078 215126 264933 213967 263016 219449 270080 217924 267210 222018 273064 217475 267506 216730 266511 217861 268134 217982 267919 218448 268344 217788 268409 214085 262812 218467 268687 218232 268795 217667 267807 218212 268296 217474 267249 218022 268159 217023 267426 217925 267390 221247 271636 215762 265091 217560 267822 219641 270192 214736 263896 214031 263054 205532 252808 217736 267562 215090 264531 215136 264324 217457 267027 215356 264573 217712 267508 217215 266899 212339 261102 215073 264797 220197 270629 220258 270701 219520 270161 1233
217186 267134 220365 270918 219198 269404 218572 269567 218397 268414 221259 271930 215938 265415 213988 263142 218330 268359 218899 270006 221518 272379 216743 266957 217841 267931 217450 267426 217042 267502 216385 266752 206937 254655 213861 263050 219349 269463 203275 250073 219078 269883 217508 266647 218045 267774 217503 268137 217377 267102 218253 268365 220149 270590 219349 269294 218527 268384 213080 262207 219410 269342 220011 270748 217738 268016 217263 267560 218585 268770 219420 269457 217683 266930 218011 267827 214003 262669 219689 269507 218858 269617 216504 266348 216400 265812 216924 267290 216710 266643 217266 266513 220078 271147 219944 270092 220192 270218 218499 269076 218984 269522 218326 268175 220312 270841 218497 268634 216746 266469 215850 265284 218122 268122 220005 270589 215783 265682 217694 267580 213768 262307 217622 267887 219332 269390 217718 268204 216323 265931 218224 268215 212578 261413 215777 265465 217921 268388 217911 267971 217044 266875 216218 265784 211553 260126 217869 268468 218923 268674 213842 262587 210285 258853 220618 271236 219380 269773 216953 267323 219821 270076 215569 265608 218799 268460 218995 269226 218527 267928 216856 267354 217955 268171 220265 270370 218355 268223 217468 267702 218447 269130 219312 269384 217629 266794 216214 265645 217134 267435 217019 266716 218985 269132 216103 266184 220793 271635 166489 204600 1429
217798 268139 219955 269574 219069 268888 218544 268934 212653 261656 213494 262710 220230 270609 220446 270489 220040 270895 219770 269938 219845 271043 217268 267032 218862 268910 218942 268772 220729 271056 220489 271288 217468 266810 217281 267267 219139 269540 219717 270999 217841 267712 219940 270068 220089 271326 217613 267928 219169 269180 222242 273242 215974 265891 223001 274730 219883 270758 167787 206414 219564 269620 218682 268765 218393 268992 210303 258741 216236 266371 219326 269566 218737 268062 220464 271835 216252 266100 212433 261172 219859 270267 217614 267771 220699 271326 216636 266854 221309 272517 218162 267948 217160 267306 217331 267271 195620 240154 216871 265903 221545 272729 218974 269092 219477 270119 217359 267493 221026 271780 218138 267669 219149 269081 218242 268182 218991 269030 218117 267767 218143 268329 217900 268017 220759 271895 204113 251188 219870 270352 220689 271243 220595 271822 220847 271437 219753 269877 216756 266945 216966 266757 220136 270791 220625 271669 218797 269133 218435 268867 203531 249744 218300 268091 221534 272245 219304 269274 219542 270240 216165 265073 212376 260986 219753 270574 220114 271147 218918 269257 216460 266486 217719 267981 219912 270988 212918 262147 220307 270663 212734 261960 217584 267459 212344 260712 221122 272262 219232 269660 217054 266987 220766 271649 212147 260790 220262 270880 217657 267859 1430
217740 267497 216621 266718 219769 270207 219210 269807 216116 265181 217414 267052 222529 273378 220379 271000 218793 268412 221614 272133 219284 269301 216945 266534 221682 272060 218972 269352 223191 275290 221774 272323 220883 271879 222997 273779 217949 268385 218339 268686 217259 267260 220565 270695 203978 250331 217900 267568 218546 268809 220766 271816 217629 267492 215265 264845 221128 272309 220155 271278 222925 273618 217197 267411 219866 270496 219382 270293 219397 270317 218448 268752 217873 268190 222902 273895 218557 268278 216564 266304 221367 271826 218948 269359 223758 274738 219653 270239 218506 268844 220724 271686 221545 272432 217233 267467 219188 269641 219749 270056 219232 269241 219660 269652 220097 270151 217062 267614 218447 269267 221041 271786 219667 270020 211186 259925 221274 271948 220331 270284 221835 272182 217530 267613 221575 272394 222392 272985 216274 266178 215908 264831 220259 271048 219962 270696 219086 269661 216775 266336 221101 270975 222771 273465 218132 268462 220208 270220 220841 271073 217992 267915 220596 271247 218801 269674 223233 274141 219924 270303 220284 271078 222083 272625 220696 271273 220358 271115 220764 272087 222381 274250 221140 272192 219570 270178 220227 271066 216391 265845 221308 271785 219062 269615 220976 272119 221614 272372 218830 269168 217755 268191 221116 272352 219718 270124 222082 273159 218842 269412 1384
219919 269893 220077 270842 220698 271150 219337 269265 218915 268785 210024 257976 221166 271305 219313 269340 221606 271687 220442 271473 219880 270285 215989 265879 219947 270510 217236 267372 205522 252730 219992 270818 219551 269912 223197 274246 223211 273947 220130 271010 222306 273118 222607 273333 220928 271666 219794 270260 225087 275796 220782 270869 221256 271118 223548 274665 215866 265479 221188 271817 222322 273118 218549 268932 222527 273222 223278 273680 222145 273603 222902 273888 220047 270131 221016 271383 221437 271807 220174 270737 220522 271322 215843 265211 220246 271126 222653 273274 217274 267448 220852 271248 219215 269739 221146 272350 218476 268619 219914 270747 222935 273884 167870 206244 221997 273103 219239 269650 224420 276343 222224 272940 221346 271605 219632 270740 223868 275122 220840 271815 220523 270737 219784 270365 219934 270874 221861 272505 221310 271905 220766 272050 218673 269160 221250 272699 219429 269969 218896 269455 222232 273335 219521 269889 220733 271618 220174 271225 212792 261773 217314 267544 220415 271260 221679 272384 220526 271413 223947 274752 220918 271884 220977 271821 219636 270127 218360 268843 217951 268277 220588 271458 222295 273319 224012 275334 219808 270477 224519 275818 222733 273551 220963 272248 218866 269595 221644 272692 221301 272034 217587 267165 221685 272622 218981 269166 221178 272519 216940 266452 1372
222797 273791 221071 271989 220812 271726 221838 272340 225298 276179 221178 271660 220330 271014 223435 274718 223371 274396 219688 269967 221804 272135 221700 272622 219707 270130 217780 267085 221451 272471 221379 272422 220892 271834 224164 275578 221836 272586 223219 274007 221359 272523 221613 271873 218969 269014 221968 272586 220208 270662 222525 273859 222399 273279 220167 269925 208315 256283 217152 266546 222112 273169 224674 275778 222824 273787 221803 272778 207257 254797 221834 272718 222200 273541 223333 274018 222718 273363 222917 273631 219280 269757 220239 270868 222365 274066 223802 275169 221245 272299 220226 271537 223475 275272 214274 263129 203216 249939 222557 273708 221552 272682 222901 273629 203594 250420 224565 276424 220732 271774 221688 272748 220048 270728 222391 273565 222023 272595 221038 271868 216923 266999 223155 274912 224120 276144 222768 274085 221848 272727 222561 274119 221654 272516 217089 266527 222344 273211 219605 270240 222470 272756 220066 270841 217512 267525 222373 272824 222684 273578 223132 274252 218790 269327 222697 274175 222853 274072 220593 271318 220190 270368 208072 255564 222693 273968 220412 271473 221702 272650 221966 273136 218782 268939 220923 271360 219985 270822 222298 272537 219463 269545 219575 270372 225229 276079 220956 270845 217718 267792 219941 270806 223779 275183 222054 273241 220473 271385 222194 273130 1275
225094 276125 223551 274640 218696 268499 219590 269285 222831 274268 223659 275181 224116 276128 223885 274712 226223 277756 220320 271289 222065 272582 222182 272851 224141 275039 221037 271665 222315 273633 220005 270574 221926 272424 221172 271912 222313 273859 223637 275131 219996 270283 224105 276147 222411 273244 226261 278578 223748 274313 222324 273171 223996 274976 225988 277384 221258 272069 208906 257397 222243 273026 224382 276479 225256 276653 223398 274383 224897 276516 221798 272886 220395 270996 222681 273621 221459 271896 223991 275140 224240 275230 224978 275939 221500 272444 223632 275130 219217 269080 224086 275240 221653 271972 221937 273368 223977 275285 224863 276402 214554 263673 222780 273467 221987 273167 224900 276951 221810 272886 222731 273605 223480 274908 216793 266697 223127 274806 217882 268553 221632 272638 223526 274650 220926 272030 224329 275839 223658 275803 220581 270991 223150 274377 220202 269763 221321 272003 223505 274311 221648 272922 221486 272701 221405 272424 223020 274380 223763 275236 219719 270377 223737 275278 220157 270587 220783 272103 220010 270660 223536 275005 224125 275970 222858 273766 209060 256760 224546 275850 222043 273141 221096 271658 222197 273661 223854 275054 222754 273974 221745 273102 224337 275769 222728 274132 219703 269819 220913 271494 225523 277403 222776 274079 221909 273073 223689 274759 224053 275803 1425
223275 273878 222746 274030 223533 274504 216512 266233 217765 268109 225335 276469 226311 277466 221355 271634 222367 273759 211641 259660 219927 269789 224298 275601 224343 275858 223679 275191 223907 275564 221881 272427 223790 275868 222294 273502 222151 272982 220504 271311 222931 273339 221022 272532 223650 275266 224960 275979 223409 274100 223825 275732 222668 274295 223914 275275 224399 275405 223670 274438 224902 277040 223256 274921 221207 272454 224443 275628 213348 262216 222054 273369 221804 273015 224589 275752 225196 276785 224562 276364 221195 272066 218457 268240 226096 277737 225789 277452 224851 277196 206273 253441 223222 274630 224488 275940 224670 276462 222851 274666 223572 274570 225236 276123 223694 274770 223121 274394 222332 272609 222993 274882 223070 274448 225046 275838 223625 273953 221952 272832 224729 275645 224055 275796 222304 273414 219842 270074 220181 271165 225459 277045 225864 277612 225908 277972 169134 208139 224242 275784 223631 274928 224127 275581 215055 264579 222390 273578 224219 276376 224463 275370 222904 274210 221788 271715 224179 275798 224586 275944 222649 273206 220172 270289 224376 276448 225120 277181 222255 273209 222504 274106 224270 275724 221591 272071 222820 274132 222380 273783 224320 275147 219674 270493 222634 274097 224803 275917 224852 276867 222049 273444 219417 269906 221827 271954 224154 275451 221387 272481 1513
170494 209503 223467 274678 221127 271309 226186 277183 222156 272879 223797 274889 223836 275214 223428 274654 223596 274573 222716 273658 223867 275969 223704 274806 219994 270466 223235 274569 225870 278317 223997 275603 225839 277797 222030 273172 224472 275459 225158 277232 224047 275824 221515 272053 223225 274778 221904 273093 226648 278555 224174 276206 225915 277626 226145 277779 224761 276455 225843 277718 225104 276895 222046 273367 221095 272021 222553 274045 212252 260622 219905 270558 225936 277953 224962 276160 222643 273700 226156 277547 224027 275580 221871 272151 225148 276829 224226 275646 223319 274719 226742 279034 222560 273499 223227 275238 223154 273719 226154 277254 223619 274298 226065 278359 221803 273133 226017 277580 222301 273170 222044 273226 223738 275025 224294 274843 223561 275406 224217 275865 228632 281597 226300 278185 223646 275204 223408 274424 226392 278470 224681 276694 227567 279750 226543 278742 224054 276258 224140 275717 225945 278077 222987 274434 223901 274770 225377 277082 223784 275314 225128 277253 226205 278588 223481 274808 170779 209903 226919 278782 223539 274861 223336 274725 222772 273232 224826 275876 222427 273273 226785 278365 225552 277280 219298 270061 225220 276961 220913 271551 220842 271630 227829 280039 223881 275384 226427 278268 210211 258290 220959 271740 222119 272213 225176 277252 225715 277389 222988 273866 1429
226683 278213 226322 278654 221097 271621 227938 280345 223833 274874 226923 279460 226374 278245 227914 280142 224131 275072 223723 275192 226787 278271 225570 277307 220890 271612 208593 256579 225963 277677 222992 274448 225719 277749 225822 277842 225092 276358 228338 280708 226099 277999 225719 277786 223678 275473 222970 274417 223912 276066 224770 276350 225838 277765 227221 279295 211313 260032 227800 279860 226567 279025 224368 275852 224505 276331 223015 274108 221480 272350 224665 276142 224502 276543 225899 278119 225306 277026 217581 267378 224956 276964 223831 275425 225052 276870 223994 275505 222270 273058 224175 275551 226036 277897 226112 277901 226374 278669 224063 275884 225378 277463 224333 275346 226204 277523 226182 278353 223700 274796 222109 273050 226503 278565 225713 277425 208631 256479 226331 278404 227371 279363 227074 278693 228419 280928 224163 276097 207805 255603 222057 273640 224965 276340 225874 277276 226103 278854 225752 277681 224180 276230 227555 280258 223347 274845 222307 272967 225088 276632 225229 276820 225652 277087 223421 274332 223745 274402 226143 277924 224684 276877 228214 280064 226199 277859 224959 276869 227520 279539 226187 278416 224915 276734 219085 269793 216117 265748 228313 280622 225852 276814 226354 277743 227204 278897 225764 276821 224196 275757 222859 273896 224952 276791 227232 279487 224864 276545 222476 273301 1460
226748 278490 225164 277101 226120 276861 219348 269776 225939 278063 220111 270433 225171 276072 224674 276427 226503 278585 227763 279179 229487 281580 228105 280258 227556 279842 226974 279541 224348 276160 171317 210750 229022 281337 220022 270903 227373 279729 223549 274465 225202 276520 208992 257093 226004 277434 223887 275711 226551 278934 222709 273474 226585 277266 224797 276604 221957 272964 225967 278060 219690 270252 225102 276845 225899 278029 222888 273883 228007 279653 226690 279514 228489 280464 227920 280280 225576 277402 226321 278714 221974 273302 225520 277705 227408 279838 222315 273329 227329 279492 229309 281529 225353 277380 224271 275336 227234 279456 227193 278577 226766 279324 225482 277048 225560 277441 223199 274124 226219 277426 224123 275433 225488 277237 225150 276967 225145 276716 170824 210261 225995 276981 226555 277668 223833 274595 226772 278633 228017 279699 226068 277429 227962 280364 226468 278580 171695 211245 226590 279008 224424 275848 221086 271045 224969 276308 216158 265843 225449 276966 225285 277307 217280 267289 225841 277783 227782 279869 213139 261291 222168 273198 224551 275563 225169 277321 222364 272892 226685 278129 226065 278263 225711 276988 228331 280067 228097 280473 227331 279749 227289 279432 226534 278064 226318 278020 225044 276621 226682 278696 223174 274505 226724 278531 220539 270697 224149 275684 223430 274719 1439
227922 280608 224035 275314 228660 281192 224983 276625 226934 278651 222230 272769 227416 279672 224459 275941 229643 282146 225768 277399 225214 276489 226452 278888 225916 277888 224064 274917 225581 277630 226905 278682 224703 275945 218487 268821 227973 280271 223895 275061 227513 279715 228113 279607 229856 282697 227632 279037 229396 282170 229440 281281 229004 280830 214164 262978 226634 278742 228227 280313 225865 278305 228152 280538 226436 278105 227220 278990 224480 276007 222889 274190 223515 275336 224041 275376 227048 279459 229237 281919 227559 279843 226305 277794 227214 279265 225375 276765 227550 279634 228244 281016 225659 277318 229472 281656 227948 279761 229001 281448 210283 258372 224480 275738 229281 281622 228778 281268 228622 280594 226282 278676 220392 271614 225430 276978 227641 279558 222929 274172 226779 278936 224255 275737 226220 278219 227489 280100 224030 275449 227315 279603 223367 274524 225689 278103 225856 277898 227092 278720 226683 278408 222412 273581 223671 275058 228287 280925 172754 212389 227934 279645 227851 279849 227784 280173 225428 276787 226490 278589 223821 275196 225765 277036 224826 277018 226656 278945 228377 280898 225576 277519 225466 277303 227740 280768 223386 274536 227206 279446 225955 277482 226362 277734 227682 280061 229064 281769 226713 278646 228260 280467 226521 278913 224917 276768 227709 280049 225273 277195 1328
225039 276909 229598 282109 228800 280905 228500 280803 226110 278342 227981 279879 226686 278990 229554 281870 230511 283258 225704 277341 229614 282672 224595 276606 228340 281212 229082 281789 228296 280038 230126 283271 227994 280321 225838 276796 227027 278938 229574 282113 228392 281069 228451 280788 228149 280755 229255 282218 229027 281663 225779 277461 226113 278374 228030 280276 227278 279419 224312 275741 228191 280284 225966 277820 229136 281160 227899 279574 229212 281357 229594 282159 226518 278086 228403 280695 225198 277100 229496 282045 231495 284105 231126 283928 228625 281212 226819 279494 229498 282038 220403 271423 228058 279854 229536 281687 227392 279427 229699 282517 228493 280591 228928 280734 228643 281681 228055 281027 228930 281650 228631 281134 230207 283390 229093 281525 222888 273832 230181 282823 227171 279281 229048 281374 227784 280138 227255 278870 228282 281058 228516 280868 223908 275611 226574 278601 228126 280491 226876 279168 224517 276050 228863 281404 227917 279402 228944 281249 228303 281128 224186 275872 208766 256500 226140 277871 227289 279006 228694 281024 226205 277979 229261 282263 225733 277994 228551 281103 227094 279799 226772 278162 211841 260625 227449 280077 224255 275565 226540 278414 229783 282015 219442 269822 223040 274247 220490 270191 227222 279756 231380 284096 228222 280084 230065 282432 229230 281864 227011 279086 1422
227013 279275 229638 282109 231043 283874 231491 284402 227819 279864 229040 281285 232212 285267 225842 277416 230225 283070 230076 282515 229576 282161 227917 279901 227551 279101 231199 284560 212513 261099 227582 280108 229569 281616 228008 280605 215196 264376 230708 284117 228953 280742 227089 279127 229504 282940 229138 281911 222845 274215 229963 283025 225772 278027 228122 280879 227758 280757 230161 283214 228122 279706 230156 282758 229072 281813 226354 278511 228582 280638 228245 280938 229988 283763 229780 282794 229348 282010 227950 280704 226512 278218 228483 280838 228026 280300 225624 277248 226545 278077 229085 281920 228123 280835 228778 280637 226688 278818 230860 283743 229327 282148 227501 280316 227709 280505 231389 284607 230627 283706 229402 282121 228271 280750 226671 278392 226188 277693 220633 271888 226618 279219 227980 280200 219283 268524 228753 281438 223795 274830 228475 281455 227195 279624 228863 281063 226810 278798 225594 277357 228447 281504 230771 283986 229348 281736 226962 279191 226536 278167 228642 281222 228589 280599 227248 279731 228595 280317 230220 283002 226851 279259 225829 277624 227706 279562 211354 259488 229184 281054 227625 279754 230579 283999 230428 283281 226740 278804 227700 279829 229798 282448 228524 281313 228835 281342 228225 280122 227298 279502 228877 281110 228974 281396 229454 281659 228988 281876 227614 280296 1515
230780 283615 227023 279235 231027 283921 228857 280783 229780 282071 233551 286585 231410 283863 226860 279029 229649 282406 231526 285230 226048 278197 227727 280034 225703 277651 227634 280030 229480 282319 226191 278443 224518 276304 229792 281745 226160 277811 228609 281090 228563 281503 224699 276245 221100 271847 229969 283008 231257 284437 230888 284078 229355 282365 228014 280635 228363 281005 227980 280514 228091 280143 228487 281208 227630 279977 229331 282064 226506 278540 229805 282504 229128 280867 174227 214441 228510 280567 227091 279690 230419 283783 214470 263166 230984 284560 230042 282828 229322 281976 229593 282329 228698 281108 223125 274538 229379 281879 229962 283218 229564 282225 220363 270892 228269 280808 228028 280803 227413 279810 229277 282178 232749 285906 231161 284536 230306 282855 227009 279072 229033 281807 231393 284254 231865 284611 226928 279253 226720 278682 229597 282730 210077 258176 229838 282598 228220 281029 227060 279424 230169 282415 232019 284623 227751 280170 228231 280898 230669 283300 229238 281605 230600 282876 227355 280292 232340 285731 228028 280794 228450 281582 223518 274230 227543 279454 232014 284370 227623 280099 219656 270347 228335 280772 230932 283636 229234 282218 232429 285749 233071 286196 229349 281193 227269 279502 228516 280765 230638 282716 226414 278689 228815 281235 227156 279231 229805 282449 227297 279488 1465
230041 282787 228828 281386 232410 285700 230129 282907 227814 279985 231338 284428 229190 281659 229517 282682 231295 283795 232499 286130 230454 282316 226374 278634 229892 283216 230610 284089 229503 282421 228507 281029 227626 280236 226353 278296 229080 281577 230609 283564 234285 287158 230818 284086 228419 280891 233810 287217 231472 285139 232595 285728 231083 283804 230838 283787 227445 279673 229364 281827 231058 284291 232314 285975 231865 285498 229774 282731 232989 285665 231353 284695 232585 285668 217398 267128 229434 281936 229293 281739 227376 279747 229473 282649 228581 281423 230879 284492 215770 265643 228849 281631 228880 281050 231063 284266 228754 281138 231746 285158 232580 285466 226896 279089 231657 284110 230959 284364 230539 283422 228853 281328 231775 285062 224075 275625 228486 281068 233371 287318 228358 281070 230641 283134 230346 283075 228705 280576 231920 285598 232356 285932 229603 283056 228328 280490 230224 283252 230136 282663 230275 283481 232247 284825 233985 286912 232831 286549 230662 283179 228816 281932 229619 282409 231929 285460 230527 283357 229908 282153 230568 283617 231011 284398 228992 282119 230640 283371 229549 282530 213273 262560 228134 280763 228439 280589 229055 281817 226447 277546 229178 281851 231449 285140 228661 281074 230458 283761 231983 285102 226974 279158 229820 282945 229093 281849 228056 281096 228274 280987 1375
231447 284350 230003 282569 229113 281804 231393 284782 232732 286711 230230 282879 230260 283579 232187 285637 228311 280502 221237 271973 229282 282450 228406 280118 223594 275244 229344 281749 227761 280463 230928 284465 229360 282548 230401 283345 232151 285841 233109 285974 232459 285605 228805 280934 230459 284268 233559 286771 232005 284785 230720 283604 233248 286286 229180 282127 233541 286920 233637 287234 233689 287464 229856 283703 228332 281107 232563 286218 229296 282132 230323 282607 226547 278427 229880 282677 230667 283257 232259 285640 234651 288870 229845 282614 230300 283544 229127 282018 230071 282751 232040 285855 226417 278815 221693 272750 232807 286235 233020 286385 219388 269770 232312 286106 231397 283641 229633 283002 229322 282115 229962 282460 230867 284021 231058 283904 229030 281725 230902 283856 229911 282889 225059 277001 231067 283979 228823 281636 231582 285162 228706 281399 231268 284297 229806 282044 230818 284119 232173 284869 230648 283411 232298 285000 228711 280769 230312 282639 230732 283621 230780 283850 231827 285016 231774 284480 229623 282456 233293 286862 230480 283007 233166 287242 232234 284933 232610 285454 231690 284947 233557 287223 233218 286385 228202 281079 231295 283508 230334 282134 233698 287379 230600 283436 229491 282550 232025 285229 232820 286242 233770 287136 231272 284681 229360 282319 231932 284929 231200 284430 1417
225409 276287 231624 285072 231973 285557 208932 256874 233188 287072 232041 285070 232292 285770 232260 284703 226237 278497 216061 265916 232114 285312 233510 287505 231011 284461 229278 281748 230906 283642 231724 284702 233079 286258 232862 286716 232143 285436 228995 281756 231888 285374 230543 283664 227543 280203 229902 282845 227933 280339 230316 282427 229917 283210 230938 284479 230620 283627 231463 284580 229418 282338 230041 282369 229241 281406 232422 285838 227074 279221 228176 280845 234222 287206 229897 283074 215737 265117 234089 287825 233716 286428 232579 285507 232757 286145 234730 288302 231153 284152 230493 283872 230376 283869 232449 285625 233692 287562 234940 288246 229101 282085 230950 284520 228919 281163 223020 274318 231065 283307 230943 283939 229562 281847 230019 283069 231560 285100 232524 285836 231399 283782 230640 283026 230188 283143 229845 282819 230437 282659 232851 285862 232825 285965 230498 283017 232510 285827 231697 284726 232349 284883 232856 285620 231696 285017 229683 282919 229054 281924 231997 285028 216795 266251 232736 286522 232605 284856 232955 286067 232166 285720 222091 272756 231453 284859 231052 283677 234645 288304 231896 284929 233562 287595 234557 287513 234285 287767 233160 286029 232188 285498 230096 283312 228870 280894 232797 286277 233452 286838 230056 282488 228957 281944 229856 281920 233034 286084 229527 282170 1620
236250 290600 213055 261759 231640 284768 233327 286400 235299 289378 234866 289479 231023 284038 233373 286719 215949 265418 215883 265629 231271 284698 234920 288824 234358 288024 233175 287021 229629 281987 233174 286656 234136 287331 234287 287893 232875 286268 229441 282240 232096 285487 233561 286878 227272 279372 228705 281500 233391 286895 229257 281948 233607 287120 233236 287008 233909 287519 232354 285938 234450 288090 234572 287629 233710 287349 231315 284703 230588 283539 231294 284271 233126 286966 231640 285010 228335 281191 233188 286209 231684 284424 229790 282360 233815 287972 230035 282820 233246 286967 231293 284275 231359 284028 232941 285898 231134 283936 231674 285132 232628 285757 234068 288003 234168 287426 230833 284053 230490 283352 230844 283076 228236 279929 233064 286794 230664 283569 232990 286244 225601 277290 234413 288067 233180 286456 235480 289452 230065 283083 229783 282851 230643 283601 230019 282552 232276 285708 232749 286018 233911 288064 234999 288436 230276 283177 232748 286684 231215 284604 232651 285216 231673 283681 231556 284944 235085 288595 231648 284816 231170 284252 235286 288941 231582 284852 233215 286895 231636 285130 235173 289278 230698 283581 231203 284554 174429 214510 234946 288866 233327 287273 224410 275879 232527 285969 232827 286118 232757 286572 232651 286054 232867 285889 236051 290201 234207 288417 218060 267546 1367
230353 283223 231468 285134 232295 285941 236736 290918 234414 287912 177464 218284 229873 282369 232863 286650 235355 289380 233267 287265 233144 286789 233156 285587 233688 287083 233194 286415 234084 287944 232040 285782 231674 285777 233105 286913 233733 287449 230620 283927 232019 284984 234407 288346 228036 279895 234688 288206 233542 287330 232462 285775 227672 279686 232959 286733 234248 287383 234074 286844 234909 288738 232944 286080 234714 289301 232007 285282 233223 286667 233731 287146 215118 264984 230443 283792 234819 288386 231780 284992 235280 289950 232575 285779 232555 285911 230920 284130 232934 286517 234597 288748 230380 282957 235853 289412 232557 285742 234379 287912 236452 291080 233119 286621 235551 289520 232347 285757 234256 288216 232929 286629 235856 289471 230628 284144 232312 286547 232478 285396 233353 286940 233298 286727 232085 285186 234502 287223 234740 287731 235229 289204 232194 284851 233999 287320 232828 286118 231641 284265 229764 282364 236795 291317 234954 289032 229668 282554 234543 289001 232414 286190 235855 289491 234281 287861 231092 283997 236309 289729 233622 287640 232730 286251 234534 287808 176743 216972 233527 287156 230415 283699 235196 289542 235406 289723 228639 280993 235592 289880 233355 287401 231981 285266 234928 289164 233814 287774 234581 288432 231277 284677 234782 287886 230406 283445 232286 286160 234744 288205 1563
235421 289622 233580 287271 235789 289413 230227 282564 235490 289638 235097 288514 235279 289286 234322 288076 233806 287470 234499 287591 232500 285798 234842 289075 233665 286187 236158 290525 235803 289898 232273 285351 235969 290655 233493 286882 234808 289191 233668 287005 219180 269425 235871 289966 231486 284259 233632 287109 233996 287750 235697 290290 232916 286090 236488 290645 231477 284770 231338 283905 236401 290741 232450 285576 233253 286763 234983 288901 235135 288934 234822 288911 237754 292300 238118 292385 235258 288110 232423 285828 237037 290970 235671 289875 231570 284909 232979 287028 234243 287963 235171 289171 236224 290518 232633 285544 235334 289296 231538 285127 232309 285408 230889 283678 235900 289804 233894 287948 233593 287285 235361 289348 236167 289959 232781 286411 236539 289833 233183 286900 234030 287714 178125 219114 235086 288875 232613 285957 232117 285220 234460 288212 233161 287102 232162 285268 234030 287355 233295 286756 226855 279010 232591 285617 236143 289454 233069 285788 237047 291574 234309 287873 235953 290253 234895 288565 235405 289608 234491 288554 234300 288420 227436 279358 227698 279906 232987 285896 235383 289347 232626 286043 233212 286238 234875 288026 232590 285256 232801 285654 233605 286763 231857 285314 236125 290585 234908 288579 234344 288170 233245 286506 235527 289693 235239 289368 233935 287148 233739 286917 1423
229896 282801 234784 289195 236530 290788 219817 270885 235428 289449 236187 289731 236092 290797 238225 292813 232262 285309 234123 287800 231090 283977 231256 283667 234895 289011 235810 289491 236841 291673 234314 288093 235328 289310 232879 286800 235132 288825 238023 291622 234156 288106 235810 290046 235449 289207 235630 289825 234361 288621 236172 290204 235306 289083 235286 289386 237908 292281 236298 290068 237252 290928 234154 287549 232231 285588 232162 285348 233769 287135 233349 286842 237598 291533 234323 288113 233974 287831 234034 287613 236638 290578 232764 285988 235183 288844 236412 290099 233626 286917 234968 288896 234971 289183 231713 285070 233294 286774 232278 285791 238366 292781 235158 289073 220771 271907 230877 284427 236241 289884 232971 286999 233571 286550 233697 287341 234845 289079 235284 288618 236933 291261 236228 289574 234822 289140 233217 286506 236780 290928 232501 285886 234722 288365 236079 290198 237542 292108 234671 288680 236608 290562 236065 290541 237107 291572 234724 288350 237051 290862 238071 293069 237351 291187 235799 289998 236037 289887 234965 288369 234809 288083 234910 288364 235608 289485 231232 284706 235212 289696 217214 266974 231448 284781 233538 287188 237201 291117 234171 287765 235910 290126 233234 287248 236831 290881 237110 291453 179264 220629 235463 289082 232401 285289 171730 210863 236249 290646 235010 288852 1487
237200 291634 237110 291567 232511 285356 235678 289482 234454 288109 233401 287283 234262 287878 236843 291290 236125 290169 234144 287568 238204 292759 238754 293629 226485 278364 236524 290225 232621 286218 235669 289653 233156 286446 233266 286653 234872 288903 236212 290383 237556 291804 236300 290636 233623 286784 237643 292733 235943 290199 236093 290127 235987 290394 234312 288284 236281 290358 233727 287648 237888 291646 237093 290988 238194 292535 234410 287733 227115 278721 236551 291322 237271 292183 236732 290947 235084 289214 227427 279464 233171 286796 233381 287159 235957 290298 234830 288875 229129 281094 236850 291569 237603 292244 235455 289879 237595 291605 233947 288554 238493 292690 233910 287825 235540 289907 236793 290862 233609 287064 235571 289614 237571 291859 236754 291380 235043 289450 236519 291206 236459 291176 234833 288907 228421 280480 235323 289749 236348 291041 237443 291278 234204 288005 236992 291804 237303 291611 235502 289849 234794 288709 235089 289313 235972 289804 234598 287975 236797 290352 233934 287608 238492 293080 227588 279856 234906 289175 233486 287404 237502 292313 237297 292534 220251 270245 236458 289986 232336 285456 238493 293017 226296 278103 235715 289684 232761 285802 234387 288389 237535 291709 234754 287766 234978 288972 238748 293267 238351 293716 235248 289487 235188 289358 235963 289875 234910 289130 237158 291596 1478
238577 293511 235136 288549 236829 291263 239252 294215 232876 286355 237444 292423 238429 292938 237936 291723 238920 294194 237291 291788 237533 290927 236179 291105 238210 293053 238647 293123 238343 293216 238588 293265 234106 287977 237723 292481 238279 292003 237985 291726 238033 292882 234898 288508 239534 294375 237283 291852 237059 291723 237141 291132 238644 293012 235309 288874 238764 293210 234191 287765 238452 292870 236479 291317 236164 290459 236290 290701 236466 291207 238325 292712 238808 293657 219944 271033 234976 288576 234687 288584 237020 290928 238150 293119 238146 292471 236839 291142 240465 295691 233512 287240 233594 287135 240276 294785 236669 291213 236928 291411 236198 290273 236286 289968 236633 291041 231325 284343 236887 291062 236817 291386 236601 290987 233389 287444 234730 288465 237048 291686 237892 292507 240497 295646 234914 289013 238671 293068 234818 288244 238377 292418 239524 294413 179391 220368 232528 285293 237013 291357 233920 288009 234720 288811 237808 291420 236454 291358 233412 287104 221395 271619 231627 284745 220967 272119 235324 289646 235948 290368 237644 292156 238617 293499 237077 291087 232507 285624 232507 285555 235982 290305 239747 295124 236116 290777 233131 286641 237334 291903 237628 291982 236867 290705 234296 287716 238134 293290 236125 290355 238290 292323 233419 286835 234769 288918 237916 292572 239211 294293 1586
237674 291995 238201 293277 240783 295759 221774 272549 239432 293898 237056 291193 237618 292043 238026 292477 238553 293105 235446 289526 238014 293040 239406 293806 238727 294227 235045 289009 238047 292736 238162 292288 235066 288777 236275 290109 237101 291743 237319 291840 234860 289208 239392 294483 238501 293215 232351 285128 240962 295807 234740 288082 238988 293914 239299 293800 240378 295295 239380 294447 239000 294251 240029 295032 236627 291024 219382 269991 239021 293778 237283 291505 240259 295058 235328 289116 238165 293196 238955 293986 236577 290892 236539 291073 239703 295167 238757 292505 236566 290929 236696 290331 238528 293855 222088 272909 241383 296303 237960 292712 238169 292459 238687 293294 238880 293381 236074 289874 231033 284096 239108 294063 238406 293151 237632 291996 236890 290843 239255 294158 237609 292224 239563 295043 236921 290654 237115 291470 239174 294039 241697 296929 238713 293489 234456 288347 235096 289273 239229 293750 236582 290522 239462 294607 242385 298130 236849 290775 238121 292956 238048 292721 237440 291738 238541 294168 236283 290261 237029 291051 238657 292895 239488 293619 237563 291053 241176 296432 236031 290056 239986 295129 236726 290800 239483 293903 238152 292844 239638 294437 239320 293832 236866 291539 237516 292319 236979 291211 237435 292303 235859 289376 237912 292564 232071 285656 238103 292708 237433 291032 1559
238530 293372 238823 293517 241616 296536 237989 292202 237618 292421 240466 295375 236946 291582 241706 296689 239754 295091 240431 295627 234931 288824 238146 293043 240741 295864 234923 288474 238446 293126 181404 223247 239452 294522 234285 288134 236908 291558 235922 290242 234693 288424 239934 294910 241466 296635 237914 292677 236812 291443 241452 296417 240616 296296 240074 294445 239587 294464 240239 295533 237887 292702 239336 294460 237873 292365 238569 292600 236376 290466 238206 292540 238362 292881 238663 292625 238245 293005 237953 292087 239130 294029 239100 293789 237009 291398 240558 295777 239451 294966 237558 292075 238209 292296 239009 293668 240679 295336 240934 294942 239304 294645 237416 292011 239132 293782 240287 295673 237963 292099 234171 287876 238659 293251 237712 292388 238572 293560 238800 293517 238506 293141 239977 294590 240972 296593 223655 274618 240516 295842 240068 294671 238012 292529 240088 295296 241596 297642 239816 294916 238014 292460 239303 294351 240621 295370 241348 296401 239364 293759 241185 296173 237910 292082 223417 274481 236958 290924 236813 291137 179822 220983 241140 295960 238939 293345 237490 291268 238774 293815 223517 275189 235990 289807 240699 295156 239059 293350 235759 290296 239254 293445 236375 290367 239711 294640 234660 288062 236847 291462 237617 292478 237309 291517 237941 292634 240375 295458 242083 297012 1391
240413 295975 227665 280259 239442 295150 235758 289471 242156 297221 242979 298131 238115 293424 239022 293518 240360 295778 240550 295604 242254 297955 241220 296378 239945 294624 181608 223184 240309 295714 241862 296973 237327 291552 236718 291410 235996 290430 239699 295146 238417 291891 240980 295831 237243 291401 236288 290399 236343 290699 242372 297572 233979 287204 238648 293356 235950 289789 239292 294828 239906 295202 237114 291502 238705 293321 240552 296155 239186 293838 239861 295024 236046 289909 234790 288632 241482 296769 238899 294123 239798 295246 242359 297387 240684 295888 233866 287768 230763 283423 242047 297861 235865 289545 237877 291863 238099 292696 239055 293852 241219 296446 238875 293689 238354 293656 238414 292937 237971 292546 237014 291232 237688 292844 242903 298302 241800 296865 241735 297117 238232 292157 238040 293044 237535 292364 238363 293053 242716 298226 238379 292986 238517 292569 239295 294361 181608 223373 236964 291148 237423 291544 242392 297846 239592 294113 217697 267180 241610 297404 237639 292107 240285 295259 238448 293844 240528 295758 241018 296183 242230 298707 240044 294830 240566 296115 240613 295605 241049 296220 240003 294696 238544 292531 239385 293950 239693 294739 236406 290634 241733 298018 237258 291433 240150 294985 237938 292510 235923 290423 240760 295772 229276 282200 239015 294234 239386 293691 237675 292088 1588
240340 295799 183570 225776 223770 275638 241445 296895 242710 298344 239203 294627 243229 298379 239127 294421 242261 297140 241163 296596 238537 293457 240785 296305 241371 296115 238528 293422 241537 296997 238086 292460 238958 294079 242064 298119 240875 295762 237370 291568 239424 294646 237286 291460 241030 295864 234629 287947 239841 294851 238975 293849 238011 293087 237378 291474 237745 292373 235002 288489 235492 289404 239936 295487 240838 295667 242662 297781 238645 293415 237300 292405 238794 293342 240150 295388 242634 298547 237820 292290 225067 276550 224446 275801 243301 299077 238779 294091 238732 293824 241451 297303 237498 291414 236583 291043 241287 296338 239195 293600 242393 297368 239555 294166 240423 294819 238858 294357 233579 287650 240195 295831 241821 298090 244837 300616 242038 297166 237309 291894 241519 296745 239423 294722 240241 295603 231220 284326 243310 298930 239981 295354 241953 298354 238287 292356 240464 296366 236046 290235 238829 293534 237813 292596 240388 295189 240757 295709 238680 293113 236813 290857 238505 292919 240507 294958 242070 297311 240964 296454 241785 297756 237341 292792 239633 294618 240953 296539 242266 298591 238985 293531 241207 296483 241240 296900 242659 298161 238997 293738 240685 295495 237028 291215 238746 292874 241028 296478 238823 294054 239544 294155 243332 298400 236882 291209 238597 292875 238330 293028 1535
241365 296824 245171 301482 245545 301018 241896 297599 243175 298270 232103 284751 232241 285036 240387 295989 242001 297616 237037 291302 241402 295999 240315 294878 241462 296424 240062 294716 240541 296205 237166 291492 240993 295718 241293 296685 240874 296404 240434 294797 239569 294821 240662 294884 244681 300869 243739 299823 238304 293024 238335 292964 240501 295346 240875 295998 236686 290394 241999 297989 239335 294905 240821 296524 240707 296210 242026 297678 227360 279265 240162 295540 243859 299781 241370 296574 237633 292145 240328 295505 241782 297548 242766 298314 237941 292771 241051 295938 241901 297560 243950 300545 242377 297788 240336 295757 241976 297498 242863 298452 241386 296955 241453 296750 241732 297434 241970 297759 241946 297382 240666 296018 239240 293563 242085 297702 241695 297445 244058 299937 240779 295800 240351 295887 239645 294619 242867 298087 233776 287484 241774 297639 241188 296357 242147 297725 239292 293905 243329 298597 238530 292459 241994 297574 244336 299848 241099 296121 241001 295820 240368 296228 243473 298701 234147 287932 238100 292557 243772 299596 240737 295756 242164 297365 240624 296121 239142 292877 240205 295256 242780 298027 242432 298145 243801 299788 240041 295562 241853 297486 239982 295065 242418 298166 240346 295702 240968 296707 241957 298509 244043 300161 242523 297946 243487 298778 239489 294318 235904 289771 1558
228247 280722 239734 294686 241194 296383 240266 295496 243065 299054 243708 299880 240683 296366 242851 298540 241993 297529 242939 298512 244679 301148 240137 295482 244289 300098 243310 298780 243041 298399 238924 293753 241799 297323 239319 293923 239081 294007 239696 294647 243458 298897 239780 294871 239417 294028 239406 294159 240287 295170 243020 298866 241735 297165 239730 295825 241862 297802 243106 298037 232521 285817 245822 302108 243414 299632 243700 299296 240197 294752 243566 299630 241429 296287 243298 299262 242960 298978 245104 301589 241496 297484 241871 297577 241340 297088 245527 301443 245602 301611 240534 295076 242542 298127 244741 301154 241010 295838 239975 295457 242921 298655 243905 299558 244037 299883 244239 300432 241090 296233 242586 298555 242643 297825 236199 290267 243741 299664 242896 298147 241095 296542 242088 297564 240050 295654 244518 300572 242604 298386 243070 297736 242605 298346 243133 299358 239412 294409 242813 297451 237130 291363 242961 298668 241700 297163 245247 300842 238968 293137 242096 297625 242833 298633 239894 295245 241064 296001 238429 292959 244674 300234 243126 299154 241608 297375 233293 287227 242228 296945 241519 296547 243504 299372 241264 295857 242316 297564 242259 297508 239455 294479 238697 293109 246107 302241 243518 299431 243445 298597 244190 299868 238273 292850 242878 298611 240770 295884 243387 299639 1563
245645 302539 245067 300820 244235 300704 243240 298881 239070 294014 240365 295199 245234 301833 243210 298311 240838 294769 221553 272287 243022 298201 244082 300029 240343 295385 243274 299046 238711 293704 245656 301588 245990 302306 243413 298723 242698 298662 245336 301520 242881 298508 242366 297871 242319 297902 242053 296939 241220 296556 240815 295948 241199 296184 242987 298249 239218 294351 244996 300874 240639 295626 242082 298233 243664 299858 243852 299922 243256 299316 244149 299877 246360 302349 241841 297365 244169 300177 241598 296954 238588 292408 245404 301377 244298 299806 242460 297948 242643 298415 240112 294313 245255 301892 243083 299047 240181 295776 245065 301753 244317 300019 228182 280702 243897 299616 241724 297594 241151 296331 242257 298095 242903 298781 242622 298198 242351 298148 237509 292395 241176 296122 245338 301424 240864 296532 242771 298366 244418 299676 241702 297502 243554 299220 243261 298949 242901 298798 242726 298247 241111 296481 242433 298234 244400 299940 242892 298640 243532 298499 241802 297688 247329 303428 224841 276383 242734 298640 243601 299741 236954 290714 242641 297608 244947 301116 243212 299249 244816 300347 239513 294397 240754 296014 242322 298034 242142 297691 241701 297457 240009 294873 246726 302636 243684 299486 245434 301732 184009 226135 243811 299394 244137 299959 241826 297372 243974 299500 243723 299079 1536
246812 304089 244683 300445 242297 297909 245328 302131 243503 299054 243745 299889 238246 293009 245000 301511 235254 289289 241134 296685 236831 291705 242119 297863 241664 296703 244116 300987 244405 300726 244848 300051 241303 296530 246822 302813 241990 296778 245287 302152 244265 300329 245263 302013 242905 298659 241920 297540 227236 279503 244736 300543 244527 300394 246196 302472 242261 297829 241983 296588 243912 300244 244043 300473 240805 295433 244117 300452 244838 300961 247465 304322 236683 290702 243055 298749 244011 300133 244220 299647 242703 298433 242703 298920 243612 299491 245529 300800 245013 300284 245410 301782 244563 300739 242682 297818 241912 297331 244773 300885 245420 301366 242632 298642 241726 297851 245729 302542 243613 299656 239778 294847 246571 303511 236808 290803 243616 299869 184738 227154 242698 298431 245939 302168 244062 299998 244935 299965 243606 299714 242661 298310 243456 299418 244729 301614 244875 301408 244843 300568 243975 300484 244278 299954 239150 294066 246181 302514 243232 298654 246568 303251 235184 289290 184583 226986 240575 296231 243612 299755 238710 293784 244895 301249 244390 300704 242267 297895 242816 298703 239005 293501 245049 301108 245581 302381 242653 298794 236544 290685 246636 303188 243941 299664 245713 302209 242131 297306 240937 296666 242534 297986 244556 300284 244088 300223 245797 301534 239780 294982 1564
245798 301872 246394 303174 244904 301306 247028 303557 246346 302698 247202 303523 246838 303331 246474 302575 247234 303485 245216 301195 246836 304065 244356 299975 243541 299769 247700 304338 247401 303660 245514 302209 243787 300432 246545 302336 241849 297963 244353 301002 244467 301403 246220 302586 239957 295210 247030 302835 243897 300034 242782 298179 245885 301614 247243 303890 246197 301953 230895 283350 242732 298974 240623 295754 242483 297880 244089 300650 243647 299755 246231 302844 243422 298387 242737 298796 244139 300068 246510 303307 246145 302637 247016 304476 243343 298653 235555 289775 242786 298690 244696 300279 246760 303119 245693 301833 244265 299978 186214 228614 247432 304525 246222 302617 245040 301483 241800 297626 244855 301580 247539 303743 244244 300130 243485 299390 243029 298767 242164 297697 239791 294703 226946 279716 245414 301375 244408 300609 242431 298329 246001 302515 245915 301945 245746 301976 244677 300628 241347 296529 242138 297620 243918 299634 246769 302776 238836 293627 246692 303230 244492 300709 244173 300186 245149 301609 246210 302340 246642 302675 241706 296605 241690 296663 241887 297546 238360 292790 246717 302598 244846 299919 242140 298209 243126 298709 246643 303154 244815 300107 242656 298326 243437 299312 242758 298166 244529 300861 244555 300322 245079 301253 246450 302636 246087 302121 245461 300899 242895 298203 1469
247131 303532 243802 299278 245062 301115 246005 302460 245376 302134 247723 303760 243834 299637 248206 304951 244730 301497 245545 302148 245870 302536 247680 304015 243154 299112 244184 300071 244057 299933 245134 301615 243694 299622 244033 299729 246797 303102 241873 297364 247794 304182 245316 300864 246345 302952 244532 300672 246873 302643 244497 300583 230088 283175 244276 300012 246628 303228 248859 305402 245787 302910 184998 227438 247979 304868 244709 301205 246924 303228 244528 300685 244950 301573 246206 303686 244705 300784 244249 299812 245146 300683 245737 302065 247531 303801 245524 301797 245817 302715 244576 300781 244830 300602 247830 304159 243666 299369 244397 300179 243493 299112 245004 300374 248913 305913 246905 303627 246198 302060 244730 300844 242683 298699 242745 298321 249190 305651 246093 302545 244557 299362 246370 303266 244755 300829 245500 302165 244586 300888 241886 297718 240294 295604 241019 296415 243385 299023 246068 302622 245601 301113 246407 301932 244331 300087 245787 301896 244056 300249 246632 303147 245863 302669 246610 302694 246549 303322 246152 301970 245155 300773 241770 296817 243417 299145 186839 229339 245197 301591 248811 306251 241797 297342 241731 297306 246935 302831 243437 299390 245767 303006 242947 299060 242895 297962 244327 299655 248000 304804 246098 302493 246667 303373 246024 302458 247403 303874 245438 301801 1672
243896 299635 247218 303383 247243 302972 248570 305146 248313 304791 244955 301665 244532 300555 244695 299919 249237 307098 245510 302161 245218 301641 248109 304770 247631 304475 243932 299781 247471 304102 246296 303044 248719 305511 240176 295278 247859 304975 243584 299689 242678 297974 246322 303576 244139 300419 246750 303278 246924 303812 245507 302027 186663 229616 248926 306065 243162 298902 246206 303164 246894 304328 249372 306284 244683 300768 244332 300547 245320 300980 244426 300839 245238 301016 247520 304351 245359 300684 245326 301646 245462 302085 245534 302416 240537 295640 244135 300020 248457 305400 245630 302445 245931 302528 247807 304797 228587 280718 237214 292253 248709 305728 243820 299492 245582 302417 245808 302598 246015 302604 245532 301832 246804 303468 237591 292251 244335 300308 229310 282191 244715 301052 249654 306129 242199 298038 245701 301715 226993 279536 248786 304907 246654 303355 249316 306678 248053 304823 247247 304109 244743 301310 244874 301767 246998 303290 245909 301761 249039 305393 247563 305291 242467 297877 243574 299986 246882 303645 246553 303048 244974 300904 240798 295589 244607 301103 243954 300022 244794 300354 244521 300257 249268 305467 245402 302057 247575 304906 246513 303327 246597 303145 245717 301718 247912 304054 248878 305540 247305 303938 226899 279048 242374 297441 245505 301913 245256 301333 243379 299135 1498
248219 304950 248270 305374 246026 302163 244670 300957 244587 301250 246026 302373 249464 307019 248976 306095 251313 308193 246159 303047 243852 299381 249599 306909 244854 300397 250983 308453 245826 302556 247740 304528 249590 306451 244911 301002 248289 304315 245814 302663 246854 303426 247446 303456 241936 297454 246024 303147 248371 305674 244391 300251 243138 299098 245305 302223 249502 307173 249300 306656 246655 302837 246420 302434 244455 300649 247744 305312 247546 303943 247398 303611 249056 305885 245189 302031 237716 292652 247074 303694 249431 306713 249744 306025 187198 230262 248151 304076 240639 295565 248644 305853 246160 302931 244995 301248 244773 300305 250348 307488 244544 301119 243650 300363 244418 300840 247319 304129 243410 299549 247461 303793 247077 304486 247774 304311 247786 304438 247011 303676 248076 304443 231560 284151 247279 303861 247945 304041 247757 303794 245992 302580 242932 298453 246384 303101 247139 303791 245050 301699 245828 302199 249592 306140 239913 294506 245873 301745 246954 303707 245711 301690 187206 230276 249937 307666 247889 305238 243472 299187 246763 303067 246905 303874 245082 300936 240763 295571 248676 305508 245136 300511 248374 305165 246537 303139 250303 307907 247819 304745 188898 232416 247580 304365 245703 301761 249316 306334 248697 305829 246225 302977 246777 303132 247251 304314 236933 290907 249486 306355 1666
247798 304648 248518 304832 243691 299733 245216 301138 248715 305642 249500 306614 248487 305353 248692 305828 247483 303977 246846 303697 247942 305053 247726 305020 248246 305441 249183 305334 250937 308188 247873 305355 250875 308622 247113 303450 249040 305972 249779 306546 244131 299791 245559 301871 246157 302206 243868 299493 250173 307157 250806 308010 244139 300423 243970 300120 247450 304483 248486 305383 250347 308141 246331 303078 249026 305217 248176 305035 248202 304529 248953 306114 248685 305806 246522 303080 246598 303397 245458 302574 249323 306394 248206 305175 247661 304017 243849 300050 250630 307696 249659 307871 246890 303286 250672 308311 245959 302208 246598 303266 248897 306009 248147 305229 248896 306224 249056 306720 247862 304911 246662 302590 245632 302169 249221 306548 248216 304323 248209 305981 241492 296875 249023 306598 244065 299783 246183 302241 248831 305700 247221 303732 245930 302586 245678 301900 244674 300542 249141 305942 248660 305843 248678 304990 246375 302906 250379 307365 250185 307331 245874 301634 246763 303540 248494 305152 249092 306306 247824 305012 247615 304574 244884 300389 243723 299279 227094 279048 251600 308842 242032 297220 248949 305760 250672 308338 246496 303091 250001 306942 249881 307291 243727 299604 248075 304499 236482 291098 248389 304870 246946 303759 248995 305242 247402 304123 249022 306107 246976 303092 1435
249646 306592 248403 304880 246591 302374 248931 305272 250818 308176 252745 310478 246533 302656 250389 307579 248359 304864 248185 304880 230654 283999 250827 307786 249678 306831 231796 285269 239183 293819 248226 304482 249171 305832 249935 306770 230252 282692 248286 305575 246375 303146 249816 306838 249264 306646 247398 304380 246064 302244 247691 304708 247477 304389 245939 302476 245430 301270 247073 303773 246191 303092 250860 308711 240659 295557 249524 306242 248296 304294 249871 307451 246416 303288 246726 303249 246692 303051 246502 302833 249181 307263 248237 305282 246988 303873 246646 303124 251302 308895 246657 302697 250200 307180 250769 308989 248526 305890 249578 306993 249303 306730 248281 305067 245439 301851 247714 304302 247842 304655 248431 304399 247971 304842 249494 306762 246129 302648 248972 306158 248306 304641 253247 310956 240277 295367 245627 301289 249046 305771 248460 305646 249514 306718 250429 307009 247172 304109 247877 305592 248095 304798 249296 306080 248236 305057 250261 307283 248944 305952 249858 306107 250462 307502 246863 303054 244732 300231 252124 309555 248951 305799 245875 302668 252473 310001 247597 304387 246936 303526 239043 293110 250929 308673 252266 309957 248563 305139 250767 308343 249862 306948 245449 302172 245663 301933 244517 300916 252838 310709 250280 308153 245793 302878 251645 309052 251574 309104 246116 302923 1580
246959 302987 250421 307783 249997 307383 248972 305847 252741 310153 250337 308053 246327 302525 250245 308475 248324 305224 247140 303696 250191 307795 248135 305607 249637 307140 248358 305977 250053 307450 252480 309763 249368 306398 253120 310578 251807 308977 249872 307332 248466 305387 252997 310752 250998 308236 247423 304253 249803 306482 249093 306570 250333 307237 251490 309044 245736 302362 252064 309676 248834 305649 241663 297015 251596 309751 250483 307962 251065 308137 247653 304532 252606 310460 246390 303100 248321 305290 249828 307154 246857 303619 248928 306202 246239 302862 248197 304598 250467 307545 249780 307295 246824 303823 248017 304742 248103 305017 243860 299252 250753 308371 248016 304650 247334 304092 247844 304091 250040 307122 249478 307019 250595 307802 253672 312161 252417 310015 248549 305413 250307 307464 251645 309625 187731 230711 251359 309394 246131 302779 249015 306255 249468 307314 249507 307194 249809 306562 247586 304541 252433 310091 244139 299725 251057 308652 250236 307618 246354 302916 251856 309684 244529 300348 251566 309693 249159 306005 252012 309138 248387 304689 250717 308121 251321 308770 247210 303965 250086 307902 247792 304482 245669 302060 251223 309228 250596 308426 250612 308067 240878 296843 246663 303523 252119 309746 249201 307034 251211 308114 248888 306073 248784 306415 249507 306298 249307 306627 248939 306566 1585
252765 310517 250788 308941 240671 296222 252997 310739 250361 307514 254947 313838 247532 304905 253525 312094 253424 311489 249235 306149 251544 309159 248296 305001 253185 311526 253526 311744 248760 306160 248937 305646 248405 305631 250669 308556 249490 306464 190589 234769 247430 303627 252901 311113 252248 309739 248831 305707 253956 311874 250708 308458 249128 306282 252634 309771 249881 307089 251686 309616 247081 303131 251859 309946 250189 307495 252377 310502 248573 305800 254007 311974 252387 309729 248643 306065 249994 307460 249991 307246 247994 304184 247905 304814 243800 299230 253030 311329 254055 311456 251381 308881 253246 310987 250500 308163 251979 310303 253691 311334 242297 298034 252418 310271 251689 310024 247850 304824 248309 305796 252994 310740 250494 308186 246219 303119 251806 309233 249632 307265 249147 306327 237781 292306 249141 306153 251737 308820 250160 306955 252327 309628 252280 310239 250954 308436 248812 305358 243392 298993 250432 308062 250248 307327 251790 310007 251383 309071 249483 306341 252051 310525 239596 294315 252889 310617 235125 289193 249426 305923 248292 305067 250220 308412 249335 306261 252898 310171 244798 301045 249819 306901 255549 313958 250139 307504 250240 307656 252809 310247 252819 310432 252479 310270 251536 308748 249341 306983 249258 306696 249702 307405 249501 306496 250223 307642 251418 308849 250982 308904 1759
254365 313125 249108 306161 250247 307548 250673 308061 255374 313686 248838 305901 253841 311745 248918 306031 253204 310796 244329 300032 250634 307510 249950 307425 254219 312337 251053 308615 251386 309145 256493 315172 252506 309765 251192 308557 248594 305423 248675 306286 249424 306396 250103 306990 253108 310096 251115 308867 252386 310463 248915 306168 250771 308955 251882 308937 249025 306295 253207 310537 251739 308936 241324 296899 252635 310876 250679 308245 248105 305124 250209 307545 245842 301790 252931 311078 249350 306678 248565 305538 249937 307038 250684 308756 251914 309711 246434 302679 251849 308903 254155 312117 252104 310049 252119 309984 252468 309402 252778 309901 251416 309291 251418 309017 252495 310164 249235 305673 252365 310333 249985 307705 248732 306086 250672 308000 250216 307349 250839 308618 251324 309699 253183 311092 234785 288866 249089 306441 251140 308995 252441 309988 251322 309138 253868 311433 252242 309838 253870 311889 253718 312051 248101 305260 250392 308310 252591 309377 250526 308135 250332 308153 253159 310948 252111 310728 251789 309812 252109 309819 249300 306579 252013 309925 251018 308207 252428 309907 250745 307814 253001 311174 251217 308279 248107 304754 190481 234368 250774 308926 250992 307891 252134 309661 250289 308257 249594 307320 251638 308896 252505 310800 250990 307889 249394 306357 248043 304919 251572 308949 1658
251656 309481 250861 308353 249307 306763 254086 311934 252158 309941 254357 312502 243750 300405 252630 309751 249794 306820 251600 308687 250686 308442 251568 309495 249593 306874 252935 310108 251002 308996 247964 304570 252481 309228 251114 308302 250447 307473 251650 309240 246269 302483 246688 303377 251546 309072 255275 313243 233738 286803 249046 306165 253143 311297 253558 311503 255478 314126 253053 310373 252009 309383 251462 309121 251795 309898 251341 309143 251823 309819 252349 309739 254301 312596 251608 309189 249949 307833 252052 309246 254578 313185 251567 309052 252299 309439 253226 311027 249848 307546 252682 309687 251074 309191 252513 311127 250931 308657 252567 310238 251412 308915 251058 308539 256699 314965 252679 310036 249559 306010 254091 312084 252800 310357 252378 310805 233355 287494 253052 310958 252952 311536 250353 308241 251594 309403 253602 311877 255682 314431 251577 308811 250150 307092 251037 308407 251078 308598 253955 311683 253180 311059 251490 308635 255385 313339 240607 295769 252336 310236 252747 310587 252262 310353 252190 310010 251832 309466 247757 304856 251060 308790 248701 305651 251594 308756 246329 302769 254307 312498 253911 311777 251035 308489 249219 306608 252148 309993 253433 311934 253617 312180 252977 310550 250923 308591 253764 311875 252660 310493 249704 306333 254134 311727 251159 308569 252604 310865 250610 308194 1660
252506 311163 255526 314107 252765 311309 252822 310957 254117 311885 250509 307902 252499 310063 249955 307398 251845 309737 254876 312729 252523 310298 251272 309221 254244 311834 251894 309992 253578 311645 254398 312271 253170 309795 253642 311462 251728 310008 251051 308637 254834 313422 244918 300253 252878 310126 253454 311419 254202 312208 248737 305631 253763 311093 250930 308487 253762 312104 242748 298016 254465 312939 251117 308746 251597 309597 252451 310540 254548 312837 252726 310887 253721 312308 253878 311421 252823 310829 249901 307375 253478 312463 255141 312969 234270 287819 251384 309603 251720 309497 252412 310373 252093 309780 254844 313555 253637 311147 252353 310176 256957 315653 253959 311842 252760 310677 250553 308196 248717 305169 252561 310540 253503 311223 249696 306546 251325 309301 256541 315045 251222 308943 254080 312486 252457 309949 247767 304387 242314 298058 253476 312019 174738 214832 245728 302146 255389 313511 254524 313176 251969 309736 251612 308954 255986 314092 253165 310145 251370 308998 243720 299960 253640 311703 251952 309611 250968 308419 253671 311742 251302 308580 252893 310568 253080 311255 254638 312901 255202 313466 191675 235787 251607 308670 255813 314024 250825 309017 253652 311931 253235 311348 254730 312561 251260 308392 253007 311052 249470 307011 250320 307964 254235 312757 191156 235123 255312 313553 254005 312487 1636
252104 310177 256291 315047 256447 314343 255608 314484 248689 305678 253143 311504 251394 309001 252458 310629 246065 302269 253359 311225 253679 312233 255639 314461 251650 309514 253798 311408 256418 315663 255885 314024 251984 310051 253162 311483 257212 315587 254976 313300 255998 314855 247979 304643 248013 304780 254174 311461 255516 314188 252657 309639 252495 310769 253971 311850 253498 311170 254884 313509 254382 312277 254549 313080 251572 309061 247874 305157 250291 307658 254672 313277 252546 310161 251256 308603 252770 310732 254553 312976 250516 307964 253494 311570 253724 311756 256281 315043 253956 312313 257361 316495 251314 308878 251836 309813 253616 311998 253333 311714 256084 314247 253931 312277 255171 313438 255237 313717 253991 311930 252259 310655 252758 311189 251383 308650 256586 315587 252419 310672 252477 310477 248229 304705 256161 314651 252837 311062 255014 313065 253494 311836 255046 313444 255386 314617 249014 306364 254211 312388 253113 310815 254495 311970 252743 310503 257082 315411 252373 310349 255525 313433 251234 309249 255580 314200 254009 312067 255479 313721 253542 311135 254403 312833 251368 309215 256595 314902 252210 310226 253161 311538 253882 311976 255945 314428 257348 316301 253363 311911 251058 307547 252735 310904 254719 313703 255876 314313 256085 314873 255245 313334 254508 312120 251374 308517 256068 315232 256126 314355 1630
253814 311089 254638 312221 254063 311590 253132 311546 253765 311801 257496 316106 258028 316994 254453 312491 254342 311977 255286 313528 255835 314804 256135 315064 250924 308119 253801 312177 254306 312706 255884 314541 255581 314175 255536 314251 255389 314244 257986 316374 254680 312691 255022 312707 255782 314567 251180 308736 256535 315207 251238 308184 255172 313486 254151 312540 257244 315784 254698 313242 253698 311811 254603 312855 253594 311362 252622 310323 252796 311052 255386 314238 254353 312360 258410 318429 249497 306967 255082 313407 234019 287764 252157 310534 252571 309729 253614 311792 255949 314685 252367 310421 252082 309687 254819 313144 255539 314082 255483 313506 252615 310648 256471 315325 252718 310971 252801 310175 250894 308725 256700 315704 249918 307050 252960 311546 257865 316745 255840 314697 253356 311531 254563 313721 255647 314170 256811 316134 254853 313242 253589 312167 252889 309752 257182 315822 253647 312124 254157 313028 252357 310040 257838 316729 253320 311923 255170 313565 256964 315133 254743 313696 249822 306327 254504 313108 254508 312920 256518 315398 250336 307781 253948 312365 257245 316041 258455 317722 252730 310938 252795 310319 255751 314571 254891 313168 253298 310998 256712 315791 250552 308565 254409 312919 253582 311741 253441 311950 254352 312788 250998 309138 238887 293955 252775 311091 256297 315582 253814 312367 1564
256166 314477 255826 313852 259668 318661 254592 313501 255846 314586 253424 311753 252108 309931 255192 313780 256770 315157 256578 314215 255893 315148 256037 314666 257381 316537 255155 313044 255917 315363 254198 312726 255669 314806 256479 315076 253894 312377 252952 310592 255681 314588 254917 313571 253738 311927 254699 312829 258152 317450 258285 317546 254430 313005 257632 316278 243048 299037 253166 311829 253735 311958 257609 316625 252523 310609 257109 316129 253566 311708 239481 294698 254041 312157 254319 312468 254831 313465 254496 312039 253574 311567 253877 311555 256442 314917 254763 313185 253521 310780 255185 314653 254184 311822 255663 314503 252433 310349 247394 304001 258226 317292 258298 317078 257356 315067 257836 316417 250390 308165 251579 309024 239056 292961 256767 315723 257903 317197 256183 315254 253787 311369 256001 314718 253798 312032 255473 313939 258265 316831 255957 315032 252790 310133 247229 303842 256620 315424 254786 313108 257975 316601 257834 316620 254836 313435 255511 314352 256934 315616 250122 307289 256797 315233 256274 315626 257938 316662 256607 314896 255037 312831 257134 315952 259038 318064 252868 310956 254881 313129 256661 314664 255236 313792 253922 312948 257012 315566 256140 314689 253632 311698 257401 315780 253570 312059 252656 310439 256704 315068 257841 316905 255492 313982 238323 293270 256248 314380 256486 315228 1679
258570 317913 254922 313651 257917 316349 253719 311074 257187 316101 258642 317594 258602 317511 256749 315544 257225 315635 257286 315679 249460 306731 259282 318181 259056 317981 259842 318900 253122 311289 258817 318072 257673 316490 195447 240307 254134 311915 258317 317178 257301 316403 256549 314049 258625 317532 257176 315756 257514 316400 259098 318525 256353 315264 254635 313444 254281 313703 195008 239679 255781 314648 257579 316095 254810 312780 256863 314983 256243 315439 254729 313254 257755 316253 254611 313267 257175 316450 256352 315405 257406 316241 257436 316850 257933 317575 258468 318478 258321 317292 257873 317080 256982 315752 255160 314171 254421 312815 257747 315549 252047 309089 245849 302261 255328 314169 258065 316627 257941 317289 257230 316112 257952 317536 257148 315909 259592 319927 254822 313592 258142 316637 256483 315296 253095 310960 256661 315083 257382 316629 258183 317279 257552 316867 259614 318921 258038 317449 257898 317149 257701 317165 255456 314233 256156 314931 256082 314791 257298 316002 252300 309649 257442 316610 254434 312591 257284 316557 255105 313668 253476 311579 255392 314131 256463 314473 252647 310587 253178 311743 257441 316056 255168 313481 256668 315647 255633 313756 254933 313495 258746 317374 255303 314156 255664 314804 255812 314517 253845 311722 258002 316484 258213 317069 256519 314504 257966 316830 257405 316649 1644
256080 315263 258729 317772 255213 313949 257943 317543 260297 319392 255229 314664 194834 239575 257699 316749 251193 308744 258247 316901 242575 298437 257336 316336 256058 315434 253434 312044 254318 312311 257231 315880 258938 317093 259501 318104 257351 315786 256958 316034 257366 316134 255970 314586 259234 318222 258285 317308 255059 314195 257299 316375 241729 296967 241155 295989 252559 310076 256059 314665 257088 314942 259037 318638 259636 318416 256429 314977 254533 312521 256978 315464 257325 316958 256528 314719 259397 319200 256119 314600 256103 314682 258743 317497 254194 311363 260457 320334 256644 315153 259506 318664 258514 318458 258454 317088 254641 312839 260890 320436 259707 318797 256477 315453 259155 318742 252821 310757 258823 318356 259444 319045 257119 316355 258266 317661 255523 314724 255246 313680 256084 315401 257985 317163 255638 314157 259382 318102 249745 307061 254294 312369 256891 315942 260442 319777 258664 317514 257658 317474 258078 317214 255397 314535 258762 317799 255610 314066 254891 314019 255837 314742 261300 320251 254940 313831 246863 303033 255464 314099 253713 311748 257536 316764 255971 314943 258969 317868 257957 317105 258134 316756 256446 315815 258342 316957 257823 317406 256706 315862 258695 318035 260853 319862 257177 316106 255839 314568 256546 315293 258797 317623 255772 314750 256550 315475 259976 319740 256798 315705 1597
258836 318067 255647 314247 195110 239934 260172 319216 260056 319673 256615 315280 256574 315524 257892 316726 258966 318368 258093 317042 257833 316924 254428 312725 258016 316976 259249 318031 257476 315918 256330 315282 259228 319157 259871 319144 255441 313963 192332 236354 258247 317903 256585 315703 256615 315439 258662 317981 255799 314700 259647 318841 260023 318851 260899 320789 254448 312981 256619 315704 254551 312591 258324 317743 256647 315646 257023 315944 259749 319648 255907 315024 255438 314054 254587 312944 254603 312839 255735 314735 260629 320096 259497 318933 240383 294823 256662 315997 257689 316909 260927 320529 259525 319224 250969 308583 256968 315905 261107 320044 257219 315326 261260 321203 258942 318782 260947 320971 259536 319436 257259 317103 257220 315928 256409 315299 261905 321845 254317 313148 258433 317462 255855 314665 259659 319870 260644 320377 256453 315624 241594 296581 258448 317884 256691 315473 255793 314632 261516 322003 258937 317830 255648 314394 259333 318505 254807 313127 260932 320191 256450 315406 257756 317106 255226 314069 260048 319125 255041 313626 260078 320096 248807 305836 258188 317181 259627 319137 258294 317141 258792 318152 250929 308138 259734 318807 256646 315781 257982 316682 257054 316672 255467 312916 259612 319110 258035 317452 255640 313682 259403 318507 255980 315005 257795 317592 196935 242038 258241 316985 1644
259106 318339 257474 316429 262556 322609 258737 317861 260970 320191 258920 317382 258818 318354 260107 320066 260270 319350 257210 316651 257483 316074 257983 317203 257635 316661 262367 322160 260782 320403 258973 319100 257591 317135 261040 320833 255561 314627 258852 317675 260113 319455 258055 317540 261253 320398 260688 320959 255835 314929 259562 319394 260224 319594 261614 322199 257512 316216 258886 318573 252663 310593 259284 317788 259192 317693 258090 317707 259413 318271 257933 316446 255732 315204 257114 315849 262687 322603 257459 316560 256221 314494 261683 320818 256174 315306 262010 321343 257530 316731 258540 317436 253184 311571 261095 321093 261968 322067 250113 307412 259696 318523 256797 315701 256193 314701 260532 319908 262603 322830 257569 316907 257028 315577 252576 310453 257292 316449 256252 315052 259425 319255 261613 321650 257889 317076 259668 318772 260054 319435 259736 319506 258796 318805 260697 319932 260839 320429 259166 317853 256849 315841 259906 319632 256620 315733 256956 316340 256465 315426 257141 316275 258369 318180 261858 321819 259303 318037 260144 319996 258258 317270 261001 320527 257508 316619 264358 324992 257877 316599 259828 319227 257701 317128 259838 318986 259245 318743 255809 313780 257494 316632 259806 318258 256731 314946 258623 318201 258371 317734 258081 316850 254782 312793 259106 318611 259905 319430 260262 320019 1721
260310 320073 261015 320810 260524 320573 260134 319617 258462 317961 259688 319551 256018 314257 258567 317024 259708 318752 256295 315127 260827 320698 257155 315833 260291 319645 257720 316690 258685 317956 261038 320616 260649 319990 261303 320979 262044 322549 260894 320646 262068 322157 258752 317628 258838 318384 261768 321182 260749 320658 259859 318710 258098 316947 259781 319268 260280 319523 259728 319224 258796 318076 257820 317147 260116 320021 257389 316470 256330 315652 257728 316886 259483 319035 258850 318010 259136 319003 261461 321477 262564 322584 254492 312808 260992 320715 263550 323877 258908 318124 259756 319042 260693 320068 256707 315445 261853 321969 261651 320957 262080 321895 258639 318523 261964 321774 262218 322272 261768 321951 259098 318773 243646 299224 258792 317825 262776 322438 258116 317269 259038 318519 258722 317308 259427 318516 259758 319393 263071 322480 261947 321133 260044 319599 259949 319456 249535 307070 260182 319961 254806 313373 256189 314002 260800 320671 258868 318549 260819 320992 257224 316235 254317 312882 254118 312173 256626 315611 260991 321015 258714 318174 261365 320417 254368 312229 261141 320391 196995 242306 258374 317303 261124 320993 260116 319537 258362 317994 259081 318993 257873 317201 261758 322060 258051 317105 258437 317473 260021 319866 263362 322767 257980 317330 259534 319036 259920 319344 259633 319262 1673
259485 318389 257234 316125 261189 321687 258681 317910 261569 321466 261377 321041 262465 322652 257818 316861 259067 318770 250341 308145 261354 321730 264031 324717 255415 313652 260261 320055 259696 319425 258912 318047 262168 321245 262158 321191 260859 321274 257072 315790 257273 316109 259876 319825 262054 321957 260976 320786 256319 315507 261247 321432 261096 320514 261777 321958 258553 318305 262597 322240 259478 319205 261451 321055 262984 323089 261005 320652 260563 320775 251900 310049 261473 321253 261138 321326 258152 317255 259796 319376 258012 316911 259631 318737 261589 320753 258678 318062 258525 317708 260939 321101 261889 322525 261106 320518 263105 323520 263748 323254 259024 318755 261977 321552 263278 323380 258269 317500 262364 321496 256167 314828 256206 314352 260651 320996 259734 319536 258798 318482 258389 317799 259255 318909 258881 318152 261917 322178 260949 320623 260329 319516 261192 321171 258289 317508 261336 321220 263317 324037 261344 321316 262296 322641 260598 320842 261712 321243 241692 297501 262150 322653 261480 321152 262707 323070 260964 320755 258031 316736 257956 317183 257919 317039 261038 321016 255158 313738 260909 320799 262028 322124 259465 318787 257334 316207 260317 319872 259806 319088 260777 319730 263325 322907 260107 320227 263290 324044 263126 323830 258087 316887 258731 318271 259591 318955 257110 315966 264452 325539 1558
264551 324287 263555 324253 262536 322680 262014 322129 261183 321123 262234 321704 258793 318456 260186 319967 260974 320882 259248 318962 259136 318424 261582 320726 261270 320184 261646 321404 259912 318506 263915 324697 260565 320982 258705 318211 254314 312623 264049 324593 263362 323327 246966 303419 262361 322415 260240 319970 260888 321071 260570 320582 260353 319569 260411 320276 263088 322877 261244 321506 260449 320308 262235 322031 261902 322092 259860 319146 259897 319857 261419 320732 262425 322463 261478 321575 263427 323908 262388 323086 261483 321466 260380 319871 260729 321515 261296 321689 259256 318332 258614 317601 263843 324010 261736 322302 264621 324642 263306 323827 260419 319498 258508 317518 260402 320232 261936 322048 262246 322730 262913 322507 260451 320515 260368 319874 258004 316706 258727 317780 260093 319482 262068 321949 262219 322400 256897 315451 259222 319112 261820 321864 261837 321775 261668 321730 263921 324359 264667 325236 262242 321705 261442 321810 259916 319429 259423 319285 263661 324056 256906 315704 260975 321043 264279 324530 260532 319863 262899 322938 261623 320756 260243 320089 259749 319295 260196 319941 261242 321340 259463 319114 258815 318144 260234 319831 260655 320217 262962 323445 262929 322948 257939 317244 260892 320067 265351 325539 261638 321768 262654 321983 260997 320561 261751 322022 262951 322539 256995 316347 1725
259995 319246 262586 322168 264125 324665 256299 315028 264802 324772 262198 321743 260345 320136 260943 319760 265474 326380 261132 321115 261964 322028 264347 324928 261807 322145 264619 325100 244603 300661 262108 322723 249266 306409 260356 320301 265563 326547 261966 322239 262913 323838 263979 323764 259645 319000 263542 323798 253596 311510 262515 322714 263804 324670 260694 320973 263855 323900 263395 323852 261497 321542 261345 321054 260600 319883 254175 312959 265397 325610 263924 324393 262007 321881 262674 322469 261676 321801 262564 322442 260421 320373 261725 322078 259065 318603 263336 322792 259980 320045 266844 327943 259616 319122 263401 323400 263025 324318 262527 322781 260175 319738 263705 324144 259977 319651 261655 321697 260860 320469 264429 324402 256606 315172 259881 319440 261663 321431 264196 324746 264438 324403 262523 322694 260853 320064 261068 321076 258244 317487 264304 324444 263946 324587 260946 320276 261526 321825 263412 324250 263147 323273 263272 323103 262888 323368 261423 321900 261089 321384 264398 325359 262161 322220 265299 325838 259680 319153 259347 318968 258945 318430 261196 321126 263204 322992 264653 325603 259069 318260 262764 323401 261747 322541 260316 320140 262669 322897 259471 318248 263031 322961 263818 324157 263597 324072 261518 321135 261356 321353 259273 318643 261508 321185 263081 322891 262022 322561 263091 324019 1601
265292 326394 199920 245932 261564 320959 264994 324883 265488 326752 261539 321884 260347 319642 266352 326914 261113 321413 259503 319020 264695 324966 260284 319330 262663 323164 264037 324540 261275 320649 260430 320819 264939 325260 264872 324618 253466 312080 263386 323933 264269 324662 265693 326757 262633 322457 261868 321655 262613 322688 260016 319591 263256 323904 263762 324204 263004 323550 264512 324421 261901 321890 265582 326751 265854 326377 262215 322410 264016 324376 262756 323576 263764 324175 260585 319313 258154 317019 260947 320357 259458 319006 260244 320315 263994 324497 263005 323611 264354 324198 262448 322114 262613 323067 263766 324391 262464 322681 262246 322019 257826 316964 264519 325454 264758 325027 264919 324981 267521 328137 259276 318468 256636 314111 262777 323637 259548 319154 261937 321992 260981 320947 268038 328758 264422 324816 263507 324452 259033 318461 264084 324692 257951 316761 246851 303416 265966 326018 261176 321485 262414 322934 262986 323186 259682 319404 262817 322698 265242 325545 257072 316623 262554 323142 261585 321528 264338 325099 261569 321773 248587 305282 264610 324896 261231 321298 262414 322335 261530 321432 259303 318957 266974 327807 263068 323673 264865 325245 260874 320638 261459 321278 261840 321990 261123 321164 261907 321722 261564 321796 262022 322574 264019 324637 263754 324723 260983 320437 263345 324100 1587
264600 324458 263656 323974 264886 326245 265971 327194 259414 319294 252321 310246 262396 322300 265549 326797 265000 325941 260841 321082 264986 325043 261518 321037 252759 311092 265932 327393 260386 319874 264017 324954 260268 320101 266291 326463 264649 324751 263894 324538 263456 323276 269760 331090 264842 325393 264268 324922 265857 325483 267717 328554 261780 321999 260562 320279 260744 320526 265317 325675 264568 324845 263129 323479 264865 325227 263826 324254 265091 325289 264310 324967 262822 322677 265385 325974 263797 324271 266442 327001 263096 323112 260113 319899 263240 323688 261738 321968 262010 322526 261933 322560 265371 325180 263625 323277 243540 298904 263258 323478 263522 323700 264126 324806 249142 306431 259890 319864 263709 322838 262531 321973 267053 327191 262144 322480 264327 325305 262558 323145 262912 323622 265375 326456 264577 324981 266001 326664 264687 325385 258463 317689 265100 325359 264241 324656 263633 323994 266806 327334 263686 324707 261514 321599 263277 324085 268130 329604 264390 325602 262815 322661 264467 324380 263201 323399 261740 321525 262305 322140 264898 326000 265458 326173 263271 323642 265107 324842 264012 324403 262306 323153 265147 325856 258735 318258 263829 323365 265670 325783 262162 322302 260797 319718 263559 323925 266431 327434 259944 319660 265255 325970 262457 323272 266886 328113 264118 324484 267470 327517 1796
264128 324614 244712 300366 267082 327866 267390 328770 263226 323258 266279 327247 262201 322703 264961 325932 263511 323435 245059 301118 244416 299954 266743 327604 265374 326623 262605 322273 266768 327963 263069 323774 263537 323748 260711 320043 262987 323626 266551 326940 263024 323645 267499 328286 266003 327134 264675 325579 263403 323697 262694 322723 265622 326212 264324 324980 266803 327729 264747 324681 263419 323981 263820 324561 266362 327792 265055 326412 263459 323987 269353 331132 263206 322932 264454 325000 265626 326514 258179 317426 262008 321675 263533 324348 266166 326989 262582 322297 264442 324409 266427 327237 262984 323751 262845 322803 266492 326852 263793 324107 264844 325418 266200 327396 261904 321915 266938 328745 265798 326936 264735 325065 262597 321931 265272 325380 266939 327284 266279 326875 266278 326765 264040 324484 265531 327038 261863 322085 265937 327722 264483 325108 267353 327258 258147 317116 266720 328203 264669 325122 263993 324491 265804 327647 265219 325801 258922 317917 265800 326026 266828 328018 264902 325160 262045 321819 265919 325901 260988 321182 258709 317443 266604 327684 265720 326716 259643 318527 265063 325515 266491 327633 263895 324228 262538 322814 268353 329411 261878 322115 269232 330502 263460 324116 259182 318916 264143 324420 262557 322603 261294 321528 267332 328879 266246 326914 269158 331064 266189 326404 1602
264280 324826 265813 326961 264101 324331 262138 322260 265308 326239 265059 325215 265427 326157 262246 322266 262442 322928 267117 327793 266276 326905 268464 330160 267977 329481 264927 325774 266861 328505 266878 328294 263054 323648 266061 326439 267715 328859 265625 326487 268496 329777 261801 322289 258463 317505 263725 324734 259895 319970 266568 327533 263533 323706 264650 326081 266980 327612 262510 323258 268747 329991 263169 324184 266680 327968 264479 325204 200567 246578 261992 322504 264009 324647 264546 325556 264097 325210 265977 327380 267412 328982 264575 325028 268228 330292 268742 330141 266913 328392 266323 327660 267117 327621 265711 326565 267540 327783 265372 326488 267868 328781 267198 327981 258676 318124 260739 320258 264388 324248 258004 317042 247528 304810 266223 327567 263547 324123 266278 327570 267317 328138 266846 328142 263588 322988 265274 326497 266305 327021 266715 326928 265129 325557 263341 323534 268096 329685 265964 327406 265034 325474 266624 327515 258150 317604 259991 319466 270765 332767 264243 324849 267150 327562 264986 325554 267015 328516 267731 328962 263575 324478 267284 328490 266480 326669 264515 324843 264215 324410 262023 322137 267053 328152 260312 319966 265216 326169 268645 330093 263575 323748 266725 328031 264790 325664 265083 325805 263211 323438 265445 327104 201897 248776 265554 326803 263181 323953 261867 321747 1749
266640 327132 266363 327331 267008 328403 265482 325623 269198 331001 265681 326760 264246 325057 266341 327500 244814 300613 267896 329106 267012 328261 264707 325642 264921 325747 265596 327017 264998 326237 264872 325745 265625 326588 268871 330275 265521 325945 266804 328095 267260 327646 267750 328853 266073 326451 268162 329462 267563 328926 264581 325244 268512 330472 267844 329250 266927 327105 199146 244750 247909 304792 267338 328799 268711 330139 266667 326927 259497 318733 263416 324141 263439 324310 266551 327444 263990 324517 266123 327626 263867 324561 263974 324051 267128 328138 269547 331525 268655 330178 267449 328576 264144 323660 267682 329279 265064 326022 267724 328792 267883 328469 263926 325142 267635 328341 263792 324404 264539 325603 267650 328811 266089 327570 270534 332416 269377 330883 268445 330317 268974 330822 200542 246744 261961 322180 266273 327625 257929 317152 265418 326833 271549 334011 268033 329033 263613 324573 265164 325650 267572 328163 264023 325226 265217 325980 264640 325626 262323 322638 264383 324703 268883 330038 269199 330944 267778 328902 266220 327623 267295 327803 202565 249267 268312 329112 266785 328135 267656 328558 267977 328919 268782 329649 253371 311352 264434 324994 267275 328751 266139 327158 266330 327251 266784 328262 262232 322437 267204 328247 268319 329734 267781 328100 265529 326482 266010 327187 268833 329506 1745
270050 331359 268125 329821 267423 328263 268601 329731 268868 330366 267567 329306 267021 328081 266394 327083 266741 327953 269706 331821 270737 332577 261998 322046 262596 323272 267174 328247 263269 322749 268512 330290 264748 325996 266919 328560 267683 329313 258225 317539 266641 326699 263046 322666 269060 330511 268039 329126 269498 331140 268747 329750 264723 324967 267387 329013 272477 334735 268777 330459 267585 329184 259076 318777 267208 328366 268807 329796 265897 326367 264927 325827 265400 326417 268375 330199 260494 320379 267956 330077 265605 326954 263659 323755 267940 329788 263733 324299 268530 330371 269237 331037 264964 325702 268322 329673 265185 325976 267349 328851 267139 328346 268511 330122 265635 326861 267210 328787 268270 329572 270541 332665 260016 318751 202785 249360 265810 326256 268989 330358 267687 328340 268064 329979 268900 330273 267507 328793 268578 329524 265441 325681 268904 330525 268312 329792 267204 328324 264809 325457 269460 331082 265807 326701 263822 324229 265160 325892 268868 330370 267798 328664 268889 329447 265116 325953 266197 327747 267473 329119 267334 328816 264574 324839 268614 330135 266459 327261 266869 327516 266195 327026 268184 330274 265542 326594 271087 333342 265392 326066 268732 330208 266228 326500 267204 327863 263549 324260 265122 326380 263630 323910 265544 326289 267760 329410 267147 329202 268559 330546 1670
266678 326719 269161 330168 271076 332606 265507 326534 257366 315720 272018 333533 266288 327856 256605 315733 271268 333176 267828 328958 266535 327457 267426 328615 265906 326748 266806 328045 264089 324230 269603 330520 269226 331703 269386 331302 264889 325256 263380 323364 266841 328271 269012 330717 267660 329459 266762 328110 267126 328442 267047 328482 269896 332227 268529 330394 271439 332974 270373 332587 268870 330581 261651 321970 267251 328451 203030 249750 269549 331263 268464 330052 267261 328748 269732 331480 270873 333359 270543 332718 267011 328178 271133 333672 269528 330654 270599 332998 271566 333657 270752 332166 269482 331319 269048 330286 264505 325230 265289 326203 260817 319827 266940 328317 268848 329841 265150 325793 269888 331456 267580 328790 267473 329355 268647 330551 270195 331302 265463 326375 263911 324507 262397 322966 264865 325994 271294 333013 252757 311428 267288 328316 270076 332600 265295 325937 270892 333044 271986 333276 271999 334152 267279 328912 265667 326481 250016 307073 269452 331307 262933 322859 269869 331472 267434 329158 263331 323495 267002 327848 265961 325994 264880 325171 271708 334566 267550 329029 267341 328649 268717 330911 265384 326103 268157 329785 266897 327648 266516 327697 251793 309449 264294 324301 267097 329028 268121 329215 272205 335136 266267 327046 267070 328827 267915 329830 268625 329935 270463 331924 1783
269347 331430 273061 335311 268286 330090 267306 328030 268083 329836 271230 332936 262871 323053 268779 329177 266767 328019 267400 328501 269937 331983 269024 330357 266534 327445 265710 326575 267662 328876 264320 325563 268381 330201 270730 332902 268711 330559 268863 330657 269121 330764 269995 331820 265297 325868 268597 330269 258990 318866 263962 324568 269831 331728 266940 327681 270318 332031 271808 334419 267481 329083 268530 330217 268458 330075 268984 331138 268960 330228 269942 332278 268087 329760 267926 328511 268842 329967 269599 331058 268567 329606 268677 330295 270153 331602 265750 326746 267258 328406 270818 333469 261834 321786 269510 331235 269482 331631 268509 330382 272396 334399 267154 328673 267236 328736 268877 330272 268839 330887 258513 317410 270529 331985 271798 334198 267945 330010 266811 327936 269866 331382 266735 327755 265772 326901 270202 332328 269446 331437 271766 333269 269457 331600 268247 329593 266382 326779 271020 333450 268010 329580 267052 328354 270700 332900 270198 332457 268684 329927 268534 330824 267756 328960 270213 332352 270388 331998 268928 330273 270292 332386 264171 324985 267516 328965 267025 328484 270765 332862 268966 330772 270731 332568 268710 329843 271153 333202 269376 331223 269547 331147 266728 327736 266359 328089 273009 334922 270626 332313 266298 327498 266041 327200 268975 330966 265734 327077 268129 329324 1735
272883 335353 273922 336372 271271 333724 272319 334334 268342 329776 272635 334956 270560 332901 269588 331419 268566 330551 272076 334882 268185 329696 271064 333753 273341 335492 271229 333329 270589 332656 269483 331509 271793 334163 268550 330649 269084 330729 269780 331683 267640 329256 271784 334015 265975 327204 271693 332997 271168 333596 269742 331057 266404 327082 271938 334500 269177 331015 251208 308930 270121 331536 268161 328543 272238 334707 249496 306111 270718 332435 272220 334763 270428 332681 269366 330322 271239 332847 205058 252087 269824 331595 269162 331255 268520 330334 271404 333498 267096 329193 272308 333803 270957 333316 269228 330938 269139 330525 272653 334529 271792 333063 268695 330629 270102 331774 264927 325270 248905 305746 271549 333717 271639 332975 268896 330360 262240 321822 269959 332369 271171 332627 268500 330755 274054 336337 271982 334595 271303 332533 268063 330246 270477 332254 269495 331248 271097 332774 271099 332767 269761 331642 268970 330381 270358 332334 270460 332732 267255 327761 272016 333582 273203 336228 270472 332902 269987 332261 260164 320075 271842 333794 271020 333781 269263 331419 268699 330306 266555 327608 270719 332808 271756 334088 269940 331913 268706 330462 273006 335272 267489 328873 269515 331498 268179 329632 270246 331617 271027 333319 269123 331077 270541 333065 267756 328970 269646 331463 270884 333282 1662
271604 333700 271442 333511 269780 331599 267147 328539 270298 332836 272566 334822 272243 334960 271608 333493 269635 332047 269930 332103 274199 336989 262719 323290 251934 310220 268160 329540 272511 334787 271866 333751 267215 328822 273027 335777 265947 326998 270088 331964 268231 330377 268928 330190 269713 331598 272661 335455 272329 334659 269202 329870 269962 331317 269073 330438 273859 336471 267472 329225 274005 336357 271482 333080 268188 329313 267557 329110 271161 333543 266927 327523 270903 333654 272171 334589 269757 331694 270584 332293 271363 334018 272740 334779 268662 330212 259882 319454 270425 331915 269853 331421 268103 329309 272032 334775 269287 331627 271021 333069 273300 336041 268435 330452 269405 331137 270914 332900 269590 330961 269627 332401 274794 337466 269187 331259 270202 331834 273721 336291 271062 332655 273711 335443 270511 333067 270669 332132 269973 331487 271881 333349 272920 334411 271082 333052 272284 334266 271206 333298 273384 335573 271065 333094 270464 332452 270730 332940 267293 328598 265442 326246 271242 334252 270729 332450 271823 334455 268634 330245 263051 323709 269108 330183 268468 329882 270276 332521 273368 335210 265865 327118 269884 331666 259344 319375 271058 333013 273654 335896 272462 335454 269156 330687 269614 331879 268608 330141 269775 331884 268988 331002 270107 331943 272018 334595 271112 332712 268154 330320 1817
269160 331264 270190 331476 267384 327759 272138 333836 270905 333225 271475 333225 270407 332363 273980 336552 273153 335483 274183 336380 268584 329970 273679 336093 267688 329082 269095 330931 271724 334359 270262 331979 270444 331072 268579 330181 271105 333401 269809 331214 268654 330349 274598 338262 268329 330118 271780 334022 274454 336890 269037 331250 273176 336114 268235 328962 270886 332824 271978 334829 270914 332751 271534 334163 269724 331960 274946 337501 268194 329764 270953 333686 272034 334550 270651 332910 270245 331802 270862 332879 273086 335262 270574 333157 268864 330018 271298 332650 273557 335548 271502 333830 272166 334845 206406 253701 275691 338313 275471 338064 267879 328872 274321 336694 274591 337319 275135 337349 273039 335294 268469 330320 272746 335640 267679 328877 274150 336221 270138 332096 270267 332261 266228 326945 269347 330841 274931 338015 273274 336219 267983 328582 273540 336217 271596 333418 268004 329508 271410 332979 274253 337032 271230 333008 268912 330113 269719 331779 268887 330556 274567 336910 274024 336656 270342 332108 271269 334050 268165 329491 273601 336406 270328 332793 270647 332667 253655 311398 266049 327098 269613 330435 273768 336034 271540 334107 272610 334860 273299 335957 269873 331759 270035 331508 249667 306767 275270 339096 271237 333702 252795 311025 269519 331836 263382 323124 270306 331743 270122 332428 1765
269728 331604 269876 332239 262871 322351 272122 334460 273222 335979 271227 333769 271329 333905 271248 333269 264020 324033 272215 334141 272600 334258 271294 333348 264945 325508 272899 335686 271798 334069 270840 333312 274503 336921 262936 323346 272155 334222 272286 333710 271463 333316 274442 337574 272199 334605 271616 333713 275730 338635 269181 330499 267281 328301 270427 332037 271743 334312 275969 339087 275725 339044 270710 333173 273393 335267 274515 337552 271160 333673 273657 336030 272267 334813 268917 330921 272902 335634 268487 329555 269592 330707 270362 332254 270260 331903 274900 338030 262319 322803 268996 331013 271516 333162 272060 333578 271342 333416 273470 335108 271344 333580 270693 332651 269055 331012 274172 337309 270810 332344 272867 335936 271546 333677 273813 336626 272708 335225 270439 332236 272157 333683 275772 339951 272933 334790 271491 333310 274429 337674 268760 330256 274274 336793 271966 334665 271510 333841 276209 339385 274820 337591 271596 334100 269615 331385 270023 332200 274919 338308 274299 336230 275007 337990 272569 335648 269766 332117 265251 325864 274312 336714 271454 334332 270877 333082 272888 334764 274228 337179 270950 332988 274146 336461 273978 336647 270420 332493 273777 337246 272649 335614 273730 336786 273035 335821 272480 335127 272110 334286 270642 332916 273372 336000 270020 331040 262826 322856 272410 334805 1754
270778 332515 272500 334328 271466 333112 270532 332750 272269 333887 272432 334178 275050 337492 275492 338827 275060 338161 256186 314100 270675 332659 273259 336007 271933 334427 272405 335263 271252 333914 272932 334850 275243 338009 273147 336674 267100 329026 273128 335713 268542 329926 266481 327393 274967 337855 276156 339167 208263 256066 273999 336007 274523 337266 276158 338783 276073 339203 274945 338841 268580 330461 271800 333379 273363 336154 270365 332538 272966 335185 270603 332531 273582 336384 276646 340068 273975 337123 273994 336996 273149 335922 274541 337251 273878 336885 274579 337422 272898 335363 271380 333730 270357 332158 273553 336169 263441 324036 272288 334707 271249 333263 275630 339383 273350 336483 270349 331965 272483 335062 273372 336349 275593 339504 271858 334068 275013 337906 272922 335042 277572 340957 274833 337841 276413 339589 273311 335751 271041 332974 275205 338947 274013 335482 276465 339470 272242 334549 276410 339240 273824 336728 272789 334904 268554 329632 270918 333440 270148 332131 271012 332530 276168 338710 273464 336477 273032 336169 272831 335919 274385 337055 274881 338022 273062 336180 273080 335274 274461 337640 273418 336026 272392 334982 276123 339475 272783 335307 269217 331412 272170 334290 275191 338424 275124 338364 273482 336103 273955 337315 273261 336365 271959 334120 272657 335533 273859 336282 272732 334957 1662
277247 340585 272747 335151 275005 338080 275999 339789 271416 334192 275544 339061 273862 337398 273097 335973 277314 340183 272659 335645 274474 337842 271877 334182 273779 336574 272765 335120 272520 335164 276456 339915 276914 340545 273298 336162 275874 339594 273346 336322 276413 338783 273910 336668 274803 337358 275931 339338 276260 338800 273527 336202 268101 329001 274966 337335 275354 338427 275528 338633 277171 340283 274791 338041 272667 335204 273661 336565 271828 332842 271852 333798 271244 333435 274467 337423 271624 334019 257332 316638 273469 336587 271840 333513 275479 338884 272728 335552 272862 334819 271738 333992 277628 341385 269280 330878 276424 340126 275464 338349 274992 338882 272854 335245 275401 338139 271337 333128 273646 336243 277869 342276 274342 337088 274631 337436 270481 332705 275928 339430 274475 337923 265997 326909 272402 334789 275866 339505 274110 336963 274877 338128 272024 333955 273854 336100 275921 339219 274500 336652 273956 336608 272266 335255 272363 335110 276184 338981 276007 339619 275798 338528 275110 337815 275866 338911 270263 331977 272589 334764 276833 340531 272850 334706 274028 336868 271254 333145 276503 340180 269134 330591 275603 338829 275202 337481 272113 334819 275937 338348 274389 337707 274528 337301 274255 336422 272865 335654 276415 339434 271661 333800 263108 322598 271232 334064 273247 336028 273644 336910 1833
272836 335507 271102 333062 254478 312884 273372 335907 273417 336016 277714 340916 273592 335964 275704 338882 276933 340148 276908 340266 279491 342999 277335 340958 278659 342634 276506 339771 276390 339344 278604 342634 271425 333838 275680 338221 273169 336490 275186 338113 273770 337016 278034 341705 276572 340456 276059 339259 275870 339131 274819 337903 276268 339879 276447 338988 269890 331675 270295 332018 273071 335913 274275 337165 273462 335834 276695 339910 273670 336711 272144 335244 274968 338121 273865 335846 275586 338394 274106 336566 275663 339031 255980 314144 273142 335722 271486 333643 272706 335756 276985 340598 272880 335573 274672 337662 275847 339214 271687 333348 274497 337805 275322 338164 264881 325566 277144 340261 278807 341790 277625 341033 277633 340893 272075 334380 276236 339263 274731 337842 277465 341070 279375 343729 275317 337858 277645 341258 276712 340989 275280 338595 273340 335430 277981 341612 275098 338768 276197 339425 275738 339127 272017 334480 273189 335350 278052 341171 275790 338880 275766 338883 276752 339590 255571 313826 276674 339950 273145 335730 274143 337461 276501 339241 275340 338618 274911 338406 208794 256716 276172 339483 277508 342038 276863 339830 270766 332535 271432 333219 273537 335756 270559 332725 272135 334742 274952 338002 275347 337958 273519 335897 276022 339508 275570 338682 274058 337109 277452 340988 1776
277859 341303 268251 329276 276400 339148 273280 336063 276856 339879 273802 336745 279572 343267 274937 338130 276451 339899 277885 342139 278567 342044 277374 341031 278307 342100 275998 338972 275264 338657 275996 339388 274266 337500 208235 255980 276829 340465 276080 339527 271897 333767 276156 340089 277389 341185 277036 340374 277193 340157 272607 334571 276056 339427 273789 336137 277001 340594 272034 334123 276772 339360 276894 340118 273304 335312 276333 339318 278435 341749 276355 339697 266169 326454 273352 335796 276169 338694 274842 338333 257901 316608 272906 335521 276784 340409 273696 336248 273209 335689 276586 339926 274584 337607 274482 337478 276162 338700 274895 337986 275612 338365 274493 337768 277068 340082 278058 340212 275454 338085 273389 335586 274861 338051 273567 336719 275395 338537 278038 341444 275389 338834 279322 342929 275581 337731 273973 336954 276673 340040 276827 340812 279592 343619 277566 340739 278206 341828 274757 337756 272843 334457 275556 339353 278718 342315 273214 335993 275251 337798 279542 343307 276038 339305 270519 332658 276453 340052 275288 338081 274906 337708 276621 339642 274767 337530 273710 337417 274236 336383 275051 338264 276027 339578 275444 338358 276479 340125 276497 339443 273571 336470 277247 340790 278695 342676 273675 335917 274988 338294 276767 340518 275684 338377 274978 338786 276066 339260 274935 337407 1789
275278 337394 278878 342569 275802 339548 276595 340053 276912 340212 277761 341467 209868 258296 277833 342008 278423 341597 279650 343665 278236 341979 280254 344598 275614 338952 278193 342125 276921 340496 277771 341690 272896 335290 270928 332918 272832 334408 275168 337781 275036 337004 274572 337982 278015 341536 277346 341078 279891 344163 277724 341027 278383 342329 276847 340297 273451 336100 278595 342757 277822 341735 277564 340771 274461 337258 280273 344097 276549 340389 278997 342835 277679 340362 278265 342152 276977 340453 278493 341743 275056 337771 278659 343010 274693 337795 257415 315737 277990 342237 273565 335266 278742 342527 260259 319311 278636 342276 280333 344059 272872 336086 276470 339847 279636 344504 278855 342194 276835 340613 278734 342652 277553 341476 278676 343181 276758 340674 276260 339584 277946 341115 271095 332984 278325 341654 259712 319507 273602 335594 274892 338187 277022 340630 279294 343562 274019 336411 278944 342247 258565 317839 279901 344323 275024 338566 276752 340385 276091 339364 280020 344125 277385 340791 278865 342287 277916 341621 274441 337785 272508 334457 281101 344796 276924 340318 274706 337937 275235 338469 276007 338025 279254 343367 275138 337919 276053 338856 276417 340478 275450 338513 275819 339227 277858 341306 274836 337860 259258 319176 276785 340062 280345 344504 277316 339824 274884 337754 277047 341021 1767
212112 260693 276174 339402 271171 333558 279974 344557 275807 338649 278402 341984 281611 346036 279420 343361 278517 342022 277865 341355 279905 343946 266210 327315 276330 340436 279256 342527 275861 339575 276235 340176 271676 333745 278519 343082 275772 339681 273333 335479 274247 337122 275972 338898 278769 343258 253613 311106 279273 342672 278312 342122 279325 342074 274363 337201 267812 329206 275092 338099 276265 339440 276363 340459 276989 340529 275053 337884 276640 340403 281645 345799 274287 336606 276102 339349 279960 343844 273281 335729 277702 340785 279115 343318 272525 335386 276900 340071 275761 339404 282015 345977 274386 337155 276262 340636 277864 341419 278385 342035 277660 341669 277344 339987 276069 339067 276313 340149 276861 341151 277193 340731 275159 337440 280895 345535 279815 343956 275315 338910 278408 342595 276764 340629 275575 338675 280011 343893 275101 338537 278229 342066 277492 341393 277673 341785 278478 342359 276409 339396 274152 337198 277475 341097 275651 338889 279244 344200 276516 339619 277487 340602 279162 343296 278933 342363 275782 338211 278427 342641 273152 335566 274870 337302 275836 339413 274722 337033 278730 341984 276207 340068 279937 343032 278302 342041 277632 341376 278833 342370 277457 341553 277737 341980 260793 320336 274814 338011 274735 337617 277349 340104 276808 340314 274787 337870 276737 339430 276904 340029 1686
274855 338543 278589 341693 278593 341683 277632 341674 278210 342105 257926 317235 277828 341504 274671 337496 278033 342177 282338 346379 280564 345097 281376 345363 278875 341676 278757 342764 277921 341675 280652 345126 279454 343588 275509 338538 279364 343268 276839 340211 272856 334996 281639 346232 278996 343250 277125 340030 277076 341149 279728 343982 279117 343488 279787 344824 279542 343496 279818 343173 279519 343375 278891 342452 278836 342933 275789 339436 280778 345133 278363 341717 277871 341390 277261 340714 281720 346215 277236 341227 278365 342600 278712 342299 265944 327567 279089 343069 276690 340375 279756 343548 278835 342371 279278 342912 278857 342226 278245 341664 280177 344489 276085 339185 280036 344491 281235 345469 278493 342383 279862 343927 278458 341912 271602 333634 274520 337700 276849 340415 279059 342617 278449 341856 279913 344000 279012 342982 277072 340877 276051 339650 276327 339643 278277 342741 263680 324361 277573 341630 275461 337606 280318 344256 281452 346368 280892 345407 278851 342888 275993 339412 211486 260050 281970 346553 275353 338552 276610 340016 280095 343544 277507 341067 278652 341581 280255 343813 279385 343502 280793 345290 279004 343253 280264 344712 278915 343374 281589 346702 280573 344887 277412 340388 280177 343996 275606 338631 277644 341844 277269 340247 264360 324856 277128 340346 282061 346610 280858 344761 1897
280030 343652 280115 344517 280521 344536 278477 342523 281649 346888 276576 340237 277554 340717 283042 347414 276256 339261 277537 340801 283159 347622 276701 340610 277704 341324 279473 343608 277469 340963 277086 340699 282269 346850 278424 341736 276843 340248 277601 342102 281524 345331 276410 339492 276065 339266 281314 345211 280645 345071 280316 343922 277205 341398 279869 343754 275873 339491 281028 345429 279768 344155 271141 334092 282479 347210 277073 340245 283051 347491 282704 347382 279703 343061 281528 345512 282096 346558 279745 343744 279110 343227 276740 340510 280396 344835 282235 346699 258638 317556 273803 336546 272886 335828 281786 346127 276253 339658 281408 345343 276520 339436 279536 343959 279505 343473 276696 340221 279114 341995 277411 340637 270913 332654 278269 341942 280710 344843 282021 346199 263194 323859 284195 349532 281236 345098 280182 343994 278110 342181 276096 338972 276364 340030 279817 343780 274321 337981 277928 341909 281041 345551 280973 344772 279159 343077 281216 345796 276545 340124 281466 345516 278025 341344 283362 348127 281373 345714 279718 343966 278006 341486 256699 315764 279242 342759 280139 344457 280940 345576 279645 344247 279068 343002 281674 346314 278181 341702 279612 343669 280381 344281 281453 345852 279627 343410 277550 341884 281295 345714 278367 341704 280082 344513 279074 343562 279551 343227 278770 343243 1749
281543 345498 279517 343243 278814 343051 279691 343396 280634 344888 279875 343394 281187 346608 281563 345164 282047 347166 282410 346922 277152 339715 281487 347007 282797 347732 280555 345126 281212 345345 283235 347796 283698 348787 277602 341835 280334 344516 280977 345549 278899 342673 281339 346201 279814 343994 278100 342234 276438 339746 278225 342295 276846 340725 282018 346640 278623 342182 280907 344875 283762 349160 284661 349917 281087 345740 281449 345992 279586 343399 279400 343830 281539 345934 278995 342800 278871 343256 279215 342831 272963 335444 284171 349110 276018 339079 274316 337474 280215 344771 281308 345955 277287 340672 277963 341952 278507 342690 279908 343483 281054 344793 280753 345193 268476 329994 278931 343242 273686 335430 278608 342813 283457 347857 277751 341450 277690 341752 278213 342266 282161 346525 279521 343390 281771 345467 279332 343596 282693 347444 278305 342164 281449 346013 278609 342251 277666 341185 270119 331771 281623 346159 278105 341954 283930 348401 279379 343623 282153 346107 278137 341994 278574 342538 279119 343407 283453 347781 275495 338868 268890 330300 252013 309598 281939 346106 283395 348058 279817 344574 281191 345826 281081 344584 279841 343914 212152 261076 280172 344236 281743 345530 278897 342519 277898 342239 279054 342753 279270 343766 281324 345287 277559 341547 276241 339339 271790 333797 277828 341833 1838
278576 342725 282275 346670 277179 340058 280486 344898 280558 345039 280968 345593 276421 339824 278081 341629 280281 344966 284242 349341 274420 336862 284083 348494 282269 345803 279161 343149 279787 344216 278242 342061 270468 333368 278749 342958 282775 347622 285208 350241 279468 343941 283041 348255 281984 347384 277915 342049 280967 345474 270242 332713 281777 346628 277770 342068 283007 347577 281150 345873 282544 347237 284401 349443 281696 346331 280529 345197 278742 343302 273296 336087 277214 341139 280911 344913 280030 344141 280640 345055 283182 348256 278233 342151 278810 342843 213227 262310 282793 347720 278136 341982 280671 345116 280815 345267 283107 346942 281320 345707 280090 344482 281342 346252 277751 341617 280489 344970 282007 346921 280237 344252 284479 349440 278247 342318 280802 344899 283154 348021 284591 349170 282537 347522 281615 346270 283514 348789 282587 346734 283185 348078 277939 340792 280288 344945 281000 344740 277077 340132 280098 344432 277641 341314 276279 338516 275267 338478 281126 345907 281096 345653 280973 344953 283603 348555 280031 344935 280849 344746 283192 348065 283500 347417 282061 346485 274352 336420 280573 344036 278243 342273 214357 263650 279677 343564 278293 342061 278638 342651 277540 341378 278828 342885 281939 346530 285106 349831 277408 341030 280091 344917 280556 344268 262348 322294 277649 341075 283367 348610 1833
282829 347317 282841 347837 284924 350197 282708 346721 281686 345819 281459 346545 283095 347995 281390 345365 283733 349174 283646 348540 284163 349213 281701 346025 278396 342671 284120 348769 269418 330236 281577 345460 282833 347095 283966 348112 214596 263930 278608 341919 279075 342326 280023 343967 284516 349137 279789 343636 279483 344046 281147 344981 283720 348902 269981 331978 283026 348057 281662 346214 278182 342226 279751 343073 278593 341805 277886 341649 282313 347411 279762 344809 282513 347546 283140 348513 283713 348221 281139 345842 280564 344467 277756 341716 280534 344317 279622 342851 280073 343306 283234 347814 283077 347909 283734 349368 282717 347511 282693 347605 280011 344625 280953 344667 279771 343696 285053 350132 283614 348671 283492 348276 279829 343678 280528 344527 281644 346231 281430 345793 281442 344726 281836 346934 285333 350450 282597 346172 280821 344920 284195 348506 276057 339353 280344 345244 281090 344576 281242 346283 285293 350296 279732 343781 278955 342792 282093 347050 277792 341787 281088 344994 283045 347468 281628 346334 278997 342969 280251 343825 281824 345757 279006 342838 285117 350594 280981 345222 282224 347106 281897 346584 282451 347341 277638 341338 264760 325419 284192 349148 256732 315373 284004 348776 283935 348762 281817 346417 282184 346787 278171 341748 279443 343669 284072 348390 282299 347114 279857 344157 1664
284641 350136 284320 349131 284581 349805 284631 349126 280013 344406 281852 346408 282642 347934 284390 349373 286059 351335 283601 348332 280821 345754 281448 346294 283030 347658 284312 348812 277458 341308 283036 347740 283004 346974 282274 347280 280166 343861 282424 347080 280684 345614 282660 346801 282955 347913 275046 337499 284322 350007 278625 342277 280763 345448 284689 350110 282909 346917 280499 345063 271452 333399 281384 345267 280241 344313 281339 346102 283444 347795 282744 347343 281523 346529 283617 347480 282015 346565 279310 343357 274742 337939 275848 338168 282504 347195 284078 348138 284968 349947 279499 344023 281595 345520 283438 348222 284032 348892 281562 346074 286320 351054 282509 347380 283045 347983 279646 343696 283446 347490 285106 350116 284229 349737 284558 349719 282595 347517 281895 346622 281547 345995 284223 350022 280944 345712 280638 345130 277810 341538 279144 343323 278594 342858 280108 343496 280971 345443 284015 349706 279497 343651 281644 346393 284656 349355 284007 348775 282682 346825 284253 349257 214061 263244 281853 345971 269520 331173 281034 345920 284570 350448 283611 347938 285915 350645 284454 349342 281626 346231 280265 344174 281147 346145 276944 340905 285329 350206 279242 343456 282005 346461 283023 348292 281471 345316 284224 349214 284652 349470 284696 349968 281707 346096 282704 348084 278914 342723 284984 350062 1852
282702 347531 285681 351414 284996 350236 283677 349128 285980 351476 281769 346525 286550 351686 285386 350731 288009 353618 277035 340464 285828 351129 284914 350313 285043 350469 282380 347059 284948 350136 283698 349313 284448 349229 282670 347391 283674 348754 283915 349068 263104 323566 286186 352111 273275 335506 280225 344474 283995 348891 285854 351038 282792 347784 279287 342106 282952 348059 283246 348046 284172 349961 275682 337875 285409 350893 283389 347839 285055 350240 286337 351846 282657 347626 285980 351667 281533 346803 283585 348347 281152 345672 283191 347342 284278 349178 282888 347583 284825 350228 282463 347236 279837 344316 281382 345237 284776 350003 283361 348573 283441 348805 285141 350668 273933 336959 281406 345840 282434 347119 284507 349460 279478 343430 283877 349139 283469 348554 277383 340476 283110 347445 283954 349190 286634 352889 284886 349884 284071 348778 286870 352359 284026 348999 282141 346964 283309 348521 282079 346153 283838 348917 278921 342484 283432 347336 286610 352767 283375 347923 277805 341755 282538 347173 285519 350906 287465 352629 282808 347643 273339 335757 282524 347369 214604 263905 280590 344993 280019 344384 282240 346880 285512 350381 284748 349876 284775 350143 281612 346090 283915 348805 284140 349264 284406 349869 264846 325476 284980 350559 286091 351014 285810 350874 283641 348521 283005 347651 282109 346975 1818
286912 353412 280403 344139 287296 353567 283873 349648 275608 339291 283522 348502 283206 348125 286022 350928 287757 353690 283945 348527 285520 350690 284629 349958 283648 349234 282657 347436 283815 348394 284591 349618 283718 348823 281206 344557 286101 352362 287355 353463 216337 266024 285246 350480 284246 348693 284418 349291 286928 352656 285919 350981 284159 348728 286225 351590 216465 266154 281473 345980 282114 347192 285151 351213 267654 328761 274661 337270 287343 352510 284083 348906 286329 351974 282342 346999 284394 349707 282180 346519 283311 348380 285134 350619 282407 346884 286377 351565 282012 346277 283730 348178 286416 351203 266564 326488 283994 348857 286969 352713 282968 347943 278784 342309 283378 348558 281141 345856 284890 350196 282036 346557 284834 349022 282473 346733 286099 351510 287337 353044 284191 349421 286810 352561 276644 339345 286105 351868 282494 347498 283907 349131 286748 352377 282304 346683 287750 354037 285893 351922 281229 345744 284760 349456 284088 349882 282677 347176 284308 349654 286959 352546 285650 350554 284624 349104 284876 348947 283756 349251 286146 351907 283545 347935 287271 352682 285518 350913 286618 351219 282960 348230 286493 352057 283591 348693 283482 348692 282819 347114 286861 352356 284995 350288 279528 343889 289439 355474 284925 350096 282104 346977 284982 349942 284436 349142 286303 351759 284898 350015 1867
283085 347395 282888 348181 286663 352654 285904 351567 283798 348845 284527 350248 287144 353206 284920 349843 285356 351062 288120 353347 286583 352912 284914 349904 283974 348418 285480 350370 284482 349121 284800 349856 285336 350164 286447 351548 283510 347874 284299 349681 267394 328623 287313 353091 280527 344679 286680 352838 287072 353670 282842 347813 274743 337758 279008 343147 285285 350735 282394 347693 282399 346913 280548 344808 286821 352830 286013 351440 281067 344636 287049 353159 283968 349643 281702 346415 289910 355873 285233 350422 285018 350775 282171 346756 279917 344052 286258 351956 286657 352180 287921 353006 282170 347158 285972 352497 288751 354837 287327 352755 287702 353402 286875 352597 286556 352021 285797 351206 287573 353925 286310 352604 286801 352109 286936 352125 284644 350349 286431 352164 282900 347492 284773 350045 285425 350549 286923 352597 286116 350900 284193 349450 268837 329943 283947 348206 284484 349206 287442 353828 283747 349057 286444 351695 286505 352316 285074 350427 283162 348244 284277 349946 282616 348088 276874 340452 285527 350913 288337 354459 286088 350463 279742 343923 286415 351460 283521 349236 284663 349716 286849 352794 285592 351414 288726 354261 282429 347455 285662 350499 285263 350910 284370 348219 288365 354155 287787 352986 282987 348190 286747 352419 286218 351463 287565 353751 286207 351178 287548 353182 1913
286160 351251 282864 347550 282121 346135 282072 346879 287372 353788 283689 348496 284267 349170 287338 352370 290435 356002 286922 351716 286835 352122 285685 351539 285176 350715 285628 351290 284355 349821 289005 355098 285803 351563 280077 344625 288353 353975 285659 350694 287862 354118 285569 350989 283338 348412 285377 351125 285432 350505 288408 354085 287175 353002 286238 352255 276269 339595 288023 353326 285458 350608 287139 352322 286345 351817 288459 353896 286844 352290 285978 351933 283564 348540 288191 353898 283620 348597 282640 347012 289316 355446 285585 351021 283413 347801 286251 352274 284053 348702 287322 352641 218339 268325 279706 343015 283661 348885 284748 348812 282592 347770 284832 350393 284701 349736 287237 353071 288878 354627 289509 355322 287786 353961 283779 348904 215649 265102 282383 347093 287829 353884 286527 352181 285125 350717 285068 349725 279821 343829 290502 356529 288599 354590 282836 347552 283976 349207 287150 352176 287726 353540 283920 348919 286896 351903 290406 356138 286657 351909 289767 355573 286432 352155 287547 353197 282837 347369 283085 347962 285647 350808 282843 347875 282253 346827 285944 351171 287149 353095 286039 350946 283476 349147 288808 354816 284894 350309 291197 358154 283729 349065 285526 351335 268276 329649 286542 352336 284774 349382 283308 348375 287126 352216 285050 350530 288948 355264 283475 348106 1715
268244 329094 289023 354719 290251 356489 285389 350828 289029 354418 289379 355112 286729 351617 289852 355063 286518 352178 290625 357349 286463 351851 289037 355636 288405 354279 289431 355545 284195 349340 283889 348667 289755 355253 282780 347460 286057 351273 286885 352659 290079 356159 286538 352454 287129 352523 287037 352995 285620 350779 286236 350980 285036 349943 288581 354758 286429 352534 286992 352604 287150 353120 285719 350911 291257 358290 277538 340928 288294 354856 287363 352977 285810 351927 283847 349425 286237 351767 286940 353064 288118 354160 278949 342724 284174 348498 287285 352368 285188 350970 288013 354169 285468 350567 288151 354362 214315 263084 287085 352713 283965 348845 289277 354961 287640 353593 284208 349159 290454 356499 286950 352549 288483 354856 289437 356884 285292 349189 285482 351151 286814 352550 289506 355492 286412 351540 289996 355884 288307 353692 288130 353811 289691 355919 283559 348555 286242 352074 285178 350333 285275 351338 287128 352564 289822 355573 289647 355627 285613 351639 285702 351200 287011 352396 280295 344170 285267 350305 287040 352191 288685 354861 286331 352234 285644 351487 287474 353521 286851 352715 217742 268091 284060 349526 287015 352752 287234 352982 285385 350363 286732 352701 287892 354270 286850 352982 218662 268613 291441 358915 287753 353442 278174 341972 284180 348535 289171 354796 284756 349943 1979
285396 351858 282667 347472 288100 353750 289197 355409 288093 353409 287073 353069 287626 353548 286041 351865 286426 352066 286864 351960 287340 353690 289850 355468 287057 352846 291548 358355 287212 353112 285559 350666 289355 355714 289738 356772 285878 351622 291037 358250 284636 349701 289392 355833 284247 349869 283725 348576 288220 355068 286994 352600 290655 357479 288478 354267 290120 356416 289322 355946 286385 352002 290351 356321 290903 357088 289254 354870 285736 350843 285697 350574 291732 358584 289286 355738 287861 353900 270499 331539 288437 354572 289287 354871 288119 354340 289235 356020 284892 349979 290606 357141 289578 355621 289972 356396 287423 353415 289595 356618 287515 353416 290532 356889 287847 354312 287759 353409 290301 356861 290893 356793 290461 356251 270567 332636 290734 357117 288330 353342 287168 353821 284208 349436 286450 353057 289344 355135 287709 353648 288227 354428 288552 353913 288190 353868 285193 350654 289044 355996 288742 355674 286610 352145 286954 352919 290330 356268 289709 355114 289227 355129 287598 353802 286169 351737 284135 348805 289087 355532 289327 355322 285056 349833 281125 345861 289186 355373 285987 351695 285845 350859 288048 353888 289419 355726 287559 353575 288933 355169 290608 356418 290375 357133 289397 356435 286624 351730 290901 357590 290159 356941 287544 353535 288989 355467 288761 355248 286559 352803 1849
288990 355045 287177 352938 288806 354838 288014 354364 285333 350629 292294 359148 290487 357864 284646 350259 287493 352846 289656 355553 291095 357679 267581 329328 291132 358077 288878 355515 288293 354178 289004 354947 286778 352201 286955 352944 290107 355894 286121 352241 290955 357411 290293 356691 290108 355507 283468 348466 291475 357610 286948 352532 289189 354271 288279 354826 284490 349797 288782 355044 290521 357434 293426 360209 288295 354383 287858 353677 293297 360190 289546 356073 287572 353510 291399 357775 288479 354514 289882 355219 286137 351639 287697 352694 284287 349591 285601 351002 278743 342669 292081 358528 288638 354034 284310 349299 289736 356609 290745 356941 288853 354490 285041 349487 283818 348684 291678 358832 285625 350880 291606 358079 288279 354846 289800 356062 290476 355965 288643 355323 287701 352973 289271 354363 290069 356594 286246 351652 219934 270376 289749 356462 291704 358337 284240 349168 288514 354546 288165 354231 291489 357377 282591 347078 288267 354204 286005 351802 288727 354014 286979 352306 287686 352592 288890 354879 287583 353241 291532 358148 287574 353431 289186 355633 283492 348801 291279 358254 287625 353419 290692 357667 290022 357084 289262 355536 291218 356836 287774 353176 292118 359169 290004 355811 290142 356191 286495 351706 289560 356072 284722 350113 287219 353487 290043 356422 288197 353676 289405 355964 1833
288705 354238 282549 346251 292551 359678 287580 353650 292217 358288 288230 354266 287060 353019 280751 345015 290846 356663 287346 352996 290832 357291 288461 353710 291346 357776 290826 357125 288760 354599 289607 355467 291360 357277 293083 358985 286416 352141 288417 354274 289613 356034 286968 352586 286145 351554 290731 357446 290739 357866 291228 358201 287362 352857 290439 356940 290203 357032 291062 356893 290315 356711 287869 354010 286017 351576 289213 354892 285063 350753 288753 355072 265564 326670 290079 356844 284105 349294 283132 347677 290242 357593 292994 360006 290466 357492 287680 353946 290685 357614 288018 353444 288810 355119 287132 353827 290053 356982 285997 351821 289248 355193 291872 359528 292019 358628 289059 354315 290734 357200 282901 347354 288730 355002 289206 355811 290165 356891 287844 353245 290783 357197 286343 350983 290969 358473 291757 358396 290790 357230 285239 350198 287104 352795 292964 359680 293657 360014 287966 354727 290378 356698 289908 355416 286510 352257 285664 350923 289471 355658 289582 355504 291507 357477 291872 359238 287186 353597 286341 352634 294031 361557 281307 346094 284328 349433 291957 358363 288195 353519 288696 355405 293312 360028 291031 356897 286874 352527 289560 355741 292289 359488 288483 354614 271137 332937 278644 342729 290327 357137 292624 359074 286190 351252 290801 357907 287694 352995 291577 358549 1860
291183 358271 286580 351969 291639 358482 291367 357691 289973 356762 287335 353497 292979 360077 288001 353902 291684 358322 289622 356257 288151 354069 292226 358621 292895 359992 289554 356430 289780 355060 287261 353150 291059 358310 288209 354516 284643 349970 291970 359061 287272 352800 292900 359544 291289 356725 286808 352298 291497 357921 290259 357967 290750 357335 293524 359341 292493 359062 289832 355640 291022 357686 288698 355439 293012 360491 290377 356682 288510 354834 292108 359109 290646 356909 221252 271814 290128 356558 290762 357322 288849 355582 287007 352931 291468 357501 290794 356698 291661 359439 292295 359540 291989 358869 289298 355702 292766 359672 287022 353614 291472 358572 288039 354448 289954 356412 291730 358841 291434 359011 289567 356543 271130 333050 289179 354909 293420 360096 287914 353950 290700 356824 288060 353698 285258 351130 293266 360250 293664 360286 287010 353201 288831 355409 292356 359754 289088 354943 289730 356177 290261 356901 290476 356420 291269 357888 293211 360115 281494 345592 287470 353717 291447 358077 287167 353283 291275 358490 285487 351474 288886 355438 290027 357000 291763 358091 289007 355565 288575 354578 290646 357252 288926 355120 292363 359292 289355 354812 289069 355569 289304 355593 294035 361031 284527 349794 290545 357386 292937 359563 279289 343525 287686 353776 289225 355368 291606 358154 291612 358837 1810
292702 359831 293680 360153 294611 362692 294214 361971 269457 331327 289978 356682 291299 357973 290113 355667 292564 360176 289048 355412 293483 360792 295000 362841 291133 358020 290343 357199 290628 356662 293602 361086 292980 360112 293714 360393 295461 362699 290491 357554 293519 360301 273815 336688 290354 355937 279336 343092 291485 358326 293273 360100 271650 334270 290609 357342 266288 327474 289100 355854 290761 356790 292007 359275 294372 361592 290861 357369 291095 357653 292116 358994 290973 357232 289308 355433 291069 358412 287732 353279 288589 354852 293900 361885 292660 359801 294189 361526 289796 356386 280911 344574 291251 358131 291275 357728 290726 357611 289642 356315 290065 356680 293506 360543 291280 358902 293423 359986 292404 359618 291272 357734 290224 356496 293324 359451 292683 360012 282683 348040 292306 359060 290937 356659 292762 359877 290773 357471 293660 360194 291794 358752 292160 358712 293230 360363 291449 358668 289503 355939 294434 361066 292851 359539 287966 353820 290262 356764 290412 356172 288980 355648 291163 357402 292523 359704 289019 355238 290784 357784 288585 355201 286705 352519 290276 357365 293493 360139 287826 354556 287985 354118 293313 360720 288104 354359 289567 355724 288349 354464 289059 354956 289094 355395 294039 361196 287332 353433 292079 359035 293817 361015 294615 362027 289373 356279 290389 357876 291845 358913 1829
292800 360114 292235 359477 295095 362409 291485 358193 288951 355793 288710 355147 290441 357514 293002 360264 286406 352353 292036 358267 292045 359137 295155 362063 295135 362448 290632 357249 292762 359247 289560 355557 290393 356333 294054 361141 287553 352954 292185 359079 292899 358929 288564 354656 290708 357191 294363 361792 286022 352105 290209 357578 290927 357394 294341 361791 289357 356095 289597 355353 292919 359850 275421 338739 292826 359894 291039 357919 284744 350033 293641 360527 293799 361065 292668 360561 292977 360543 222621 273992 290946 357320 294348 360667 293733 361319 293543 360094 289493 355688 294502 361748 291358 357959 291180 357811 293922 361408 292900 359310 285000 349934 290370 356946 291497 358352 291643 358984 290059 356458 292501 359630 292921 360369 291731 357858 290731 357007 293641 361523 294416 362112 292652 359851 290348 357195 289325 355758 287496 353803 289698 356409 222128 273035 293112 360250 294520 361680 292641 359333 292104 358841 291194 358438 293164 360642 291864 358696 292049 358444 292965 360307 290969 357764 289227 355880 289384 355139 290167 356735 222416 273249 290111 356156 292384 359789 293154 359727 291209 358114 284849 349960 289834 356941 290729 357735 285500 350884 291528 358729 290505 357663 295473 362402 288438 354927 292651 359044 293736 361003 297672 366085 293752 361279 292831 359516 291815 358537 291777 358595 1835
288639 354637 294381 362314 295606 362626 293761 360972 290159 357094 292303 359793 293479 360411 294532 361969 290823 357413 290348 357086 290700 357555 292997 359513 281757 346337 292319 359150 293609 360949 295555 362986 291865 358475 292198 358578 292251 359141 291412 358098 290120 356176 295569 363126 294927 361091 290048 356248 291202 358194 294172 362101 287877 353050 293028 360610 291112 357992 295522 362415 293421 361107 295507 362772 294673 361772 290539 357018 291251 357929 295310 363713 294154 361668 289865 356517 292075 358991 295186 362922 292449 359562 289333 355786 293822 361294 291758 358917 289595 356293 289585 355923 297059 365043 289571 355231 293594 361017 288449 353547 292135 359301 292315 359841 295710 363187 291291 358626 293130 360310 296745 364426 293583 361251 294206 360721 294476 362150 293155 360413 222580 273947 290567 356784 289804 356224 291227 358267 294131 361373 293793 360692 294493 362337 294176 361176 292291 358238 290293 356451 288979 355369 291232 358328 289857 356543 297535 365523 295938 363295 294992 362635 291284 358127 291526 358426 291777 358458 294713 362037 289976 356393 286024 351887 294493 361911 293994 361730 290720 357019 293399 361204 292556 359672 296459 363481 292640 359852 292552 360267 287119 353210 290610 357408 296010 364288 293220 361139 291905 358938 292400 359165 292042 358473 296231 363226 291037 358777 295257 363254 1912
296809 364341 294741 362559 293874 361039 294847 363050 292252 359076 274319 337519 290865 357087 294460 360888 292607 359224 294723 361493 292635 359493 292698 359513 292163 358831 289602 355647 294479 361986 295373 363291 295713 363383 288410 354445 292722 360199 296370 363715 293593 360790 292053 359028 293380 360466 291524 358572 291101 357843 296483 364783 296010 363321 295317 362673 293907 360986 291860 358940 293847 361019 293839 361471 294303 361693 294765 361466 287821 353973 294279 361122 290725 356617 290058 357114 291093 358144 291483 358414 296325 364274 294514 362456 296172 363212 296429 364446 295466 362928 294958 362613 292013 359173 294036 360744 292882 359280 295151 362501 272121 334558 295244 362265 282054 346434 291068 357487 291736 357838 291685 358579 294062 361329 296692 365183 294043 362041 292980 359987 296053 363944 295250 363456 291651 358898 294159 360503 294682 362110 294491 361930 298076 365907 293332 360460 277097 339821 295184 362725 294716 362398 296786 364209 295231 362311 294761 361893 296617 364189 296217 364255 292372 359832 291984 358332 294379 361677 292985 360141 291946 358476 295885 362950 296984 364458 296465 363461 289775 356577 295145 362424 294966 362819 289844 356123 297895 366411 290029 356316 293467 360766 293568 360844 292658 359487 296523 364651 290976 357216 294917 362842 290740 357523 295124 362013 293195 360257 288198 353439 1706
296231 363466 297133 365501 290821 357496 297964 365788 291900 357972 291368 357741 296080 364160 287933 353779 295285 363343 294489 361434 292500 359114 292758 360257 296433 363965 293001 360345 296877 364138 272044 333645 294861 362359 223506 275032 293454 360890 296230 364477 291985 359271 291280 358735 296012 363046 295183 362821 291109 357791 294773 362565 292035 358806 293964 361550 290623 357243 294856 361499 295657 363129 290674 358011 223398 274908 297808 365874 295738 363389 293907 361189 295373 363000 296756 364787 294029 361656 293859 360457 298028 366299 294280 360740 296266 363417 295127 362917 295464 363284 292871 360754 292715 360124 294839 362494 291817 359327 296576 364586 293559 361166 295263 363134 296696 364338 291063 358179 290930 357079 297227 365558 295322 362673 289339 356128 295513 363115 296382 364907 295069 362865 293297 360771 295165 361945 293751 360698 291399 358488 293729 361344 296577 364183 295077 362574 287417 352973 295509 362210 292362 358771 298896 366811 292783 359170 296351 364411 295539 363616 296682 364855 292335 359872 291288 357967 294690 362529 295354 363316 290361 357444 293466 361175 296274 363411 294804 361424 296962 365512 293543 360495 293153 360523 296107 363616 294295 360883 295465 362501 289041 355426 292604 359073 293456 360417 298344 367176 290067 356671 293478 361468 288059 353050 292500 359813 296574 364413 296169 363701 2031
291657 358388 293596 361204 295930 364141 297040 365601 298904 367874 296138 364032 296321 364352 293634 360318 284613 349787 293142 360694 292600 359243 296428 364428 296978 365495 291561 359076 297279 364693 295994 363488 294539 362504 298031 365233 287798 353567 224934 276376 293885 361225 297133 366132 296561 365058 296568 364451 297750 365866 296191 364203 294092 361217 294374 361670 293007 359618 295116 362997 295695 363152 298060 366238 295130 362905 290833 357846 297401 365406 296511 364024 291406 357788 294131 361841 296512 364571 295053 362413 295776 364395 289397 355700 297175 365002 298765 366508 295313 363040 296598 364288 293218 360541 295190 362218 296743 364823 294073 361655 293939 360898 294780 362341 296145 364044 299187 368075 294334 362096 296034 363474 295377 363021 294153 360596 297238 364054 292292 358858 298183 366293 287910 354046 298449 366838 296754 363675 294102 360906 297818 365338 291709 358396 296375 363943 296842 365023 293048 360237 298443 366787 298970 367084 295799 363801 295305 362539 290195 356941 296733 364840 292555 358917 295274 362897 293872 360827 297017 365043 295102 363062 297026 364530 292348 359034 293521 361040 294811 362648 296777 363907 294010 361488 295606 363334 294492 362451 298640 367451 293975 361563 298488 365702 294585 362467 296839 365154 296115 364116 295446 362636 297804 365928 297020 365203 298055 366155 295672 363167 1897
293163 359935 295318 362335 297072 364901 295391 362780 295992 363743 293122 359646 297655 366011 297521 366023 299175 367518 296502 364233 294349 361990 296245 363908 298587 366294 296937 364689 294993 362632 297356 364217 296904 365226 298755 366710 300043 367582 296510 364351 294947 362575 297098 364403 296275 363566 298836 367547 297196 364735 298977 367185 295113 362182 299325 367893 293743 361557 293530 360855 293379 359560 296086 363300 296329 364800 294622 362157 294039 361284 296681 365047 289280 355501 295202 362907 296913 365293 291986 359026 275466 338690 296092 363624 296907 365011 298208 366582 296149 363497 292601 359478 297286 365138 294651 362855 298469 366982 297752 365631 295498 362536 297931 365747 296741 364694 293771 361318 297431 365533 294221 361444 297173 364764 298160 365552 294014 361362 298136 366697 286271 351641 297644 365447 287513 353380 296861 364399 296588 364227 296507 364709 299016 367334 295326 362903 291861 358678 294968 362212 296994 364263 295562 364326 295179 363108 294975 362640 293322 360601 293047 359634 294222 361982 291897 359239 293101 360658 291303 357637 293678 360823 295327 363502 297334 365666 295484 363626 289701 355827 293161 360472 294298 361827 295274 362705 297361 365418 294943 362912 295778 363958 295298 362923 294878 362294 295610 362849 297455 364602 294542 362124 296162 364453 295519 363227 275417 338345 295043 363119 1787
296579 364956 299811 368316 296467 363794 296785 365293 298667 367100 300367 369400 296077 364190 282264 347070 296796 364860 299157 366437 294114 361766 298918 366800 301510 369769 292883 359936 298332 366643 298062 366433 293385 360770 300748 369081 296169 364669 297224 364913 293594 360726 298708 366396 294879 362415 298073 366338 292690 360022 295053 363356 296169 363465 296247 364125 297519 364812 297070 365364 294176 361563 298251 366807 297631 365744 298350 365994 297057 365301 295129 363342 294060 361683 296824 364691 298910 366494 297932 366344 298468 366879 294928 361408 296516 364311 299436 367959 298154 366355 297002 364656 298602 366255 297676 364881 296721 364610 296420 364343 299047 367504 297488 366380 293135 360371 295461 362888 300595 368811 293458 360981 299667 368203 293315 360692 295584 363272 298945 367207 297193 365160 297703 366135 297790 365684 293813 361258 295208 362590 291080 357222 297983 366119 296015 363395 294411 361797 299205 367707 298014 366534 295292 362594 202863 249540 297621 365876 294160 361673 296361 364178 297148 365159 297393 366412 296230 364551 298549 367268 297524 365787 299280 367699 300779 369880 290151 356453 299612 366989 298609 366435 299358 367562 298357 366451 295441 362638 294609 362166 300057 368661 295946 363910 296349 363739 297690 366155 298076 365691 295657 363723 294931 362889 298071 366223 298183 366998 294587 362444 1992
296825 364884 296106 364179 295526 363722 295859 363356 295928 363764 295183 362485 294552 361672 297675 365526 292351 359652 294709 361673 298879 367114 295656 363595 294244 361685 295852 363601 297597 365813 295314 363418 300608 369341 293789 361268 297745 365292 294112 361124 296831 364932 295442 363787 295163 362567 302018 370952 297138 364626 298264 366225 298332 366602 293451 361660 294792 362479 294261 362148 302012 370971 301205 370185 298546 367585 295885 362828 296513 364990 298366 366112 299051 368119 298294 365874 289303 354891 301492 370081 299474 368379 295561 362647 297720 366283 290776 357393 295211 362997 299422 367730 295392 362326 294620 362351 302310 371162 300956 370154 300181 369321 297673 366475 298683 366532 299741 368454 298363 366904 295705 363411 300148 368072 297449 365546 300486 368544 296553 363771 302547 371506 299404 368041 292448 359900 301486 370197 298590 365965 298982 367566 300823 369963 300132 368292 295682 363323 295339 362696 296007 363986 300620 369445 298976 366643 297137 364523 298556 366846 297813 366772 294690 362010 297382 365973 298104 366727 299001 366793 298849 366405 298521 366606 299055 365940 224929 276276 303274 372747 299778 368572 295391 362352 295725 363765 294293 361398 297860 365948 298741 367182 293669 360916 292709 358925 298427 366880 288634 354939 301768 370216 294539 362371 298082 366255 290695 357456 301720 371026 1823
299572 367055 299097 367887 298497 367489 297166 365584 298418 367129 296909 365469 299349 367916 297900 366242 296877 364885 298790 367819 298504 367349 302571 371655 274785 337525 297335 364825 300187 369207 299453 368296 301128 370917 295690 363760 288974 354980 296099 363809 299471 368332 301021 369264 296758 365217 299985 368471 300564 369896 295811 363918 301146 370581 298716 367473 299861 368148 298837 367460 299849 368134 297141 365646 296352 363613 300903 368979 297428 365326 299853 368596 299405 368608 294362 362237 298906 366598 295778 362969 296376 364107 294250 361942 300557 370587 301827 370032 300979 369923 299384 367904 299420 367882 302344 370267 299682 368145 299125 367804 299348 368000 295794 363422 291611 358269 297953 366865 299240 367869 300167 369015 300134 369459 296531 364676 297168 364363 287811 353948 295739 363620 301055 369161 299213 367874 297953 366265 294161 361433 296716 365001 299807 368865 297052 365238 299597 368348 297525 365418 296332 364519 301183 369653 301226 369722 297935 366964 296156 364291 296891 365030 300943 369389 298144 366260 299261 367680 301732 371246 301578 369992 297422 365862 301623 370030 299736 368466 298732 367679 302544 370928 299675 368684 301382 371186 300916 370364 297519 365639 296897 364670 301255 370574 298527 367313 294609 362355 296806 364328 300588 368173 299905 367459 299891 368279 301488 370592 298727 366881 1953
297176 365412 300997 370033 294858 362292 299149 368782 298142 365798 298098 366854 299660 367963 299935 367886 298578 367297 301198 370740 297612 365960 296683 364799 301789 370611 301175 369851 299217 366991 302925 371992 299930 368788 299407 367738 301215 370090 300684 369090 300233 368538 293256 360949 299223 368117 300252 369089 301129 369693 302578 370835 298002 366667 297856 366991 300529 369209 300145 368747 300480 368766 302011 372108 300828 370050 299563 368041 302035 371628 301432 370630 297638 366123 301624 370849 300811 369190 299421 368321 303020 372475 301772 370165 301764 370475 226698 278861 301763 370421 299112 367844 298740 366610 297653 365810 296616 364909 298360 366337 300496 368880 299588 367927 297785 365638 301312 370819 302254 371746 298899 367963 300920 369952 301285 369753 299778 368645 294787 362014 295270 362265 299767 368030 300647 369489 299181 367993 299757 368531 300379 369789 297495 366312 295250 363072 298637 366867 297548 366034 298435 366359 300764 369683 300448 368349 297376 365227 298508 366578 301647 371151 299877 367947 299003 368069 297231 364208 298363 365857 297593 365985 301149 370241 300151 368812 300863 369301 299591 367430 301075 370037 302672 371851 298428 367119 299830 368344 297909 366176 297386 365354 298631 366687 298093 366636 299173 367703 299544 368906 299749 368527 298258 366861 297760 365118 303882 373468 300681 369397 1944
300171 369646 288773 354320 299885 368715 299913 369164 301171 370658 297408 365666 299546 368537 297102 365162 297523 366404 299867 368432 303489 372075 296991 365475 297580 365542 292402 359532 303543 372332 297840 366383 293406 360785 299438 368665 301934 370836 300029 369098 299786 368581 303115 371828 303179 372995 298932 367138 297045 365186 299857 368343 299344 367649 302687 371443 300689 369020 299808 369046 302413 372289 302431 371893 300259 368804 302459 371901 295719 363469 300173 368859 300771 370267 297604 366374 296852 365201 299734 368674 302229 370987 296956 365171 302143 371800 299294 368543 299698 369127 296716 364471 300532 370010 298220 366448 298033 366884 300085 368337 294434 362383 298893 367504 302442 372266 300245 369195 300172 368487 296621 364919 299425 368215 301664 370660 296258 364729 299280 367896 298992 367457 300029 369165 280095 344400 302275 370753 299084 368254 300258 369724 301387 369787 302082 370887 301479 370801 300859 370078 294053 361161 301023 370466 301361 370780 300279 369795 300419 368594 301878 370517 302508 370910 298690 367705 301115 369272 303231 372258 299482 367800 303943 373719 303147 372722 302398 371199 302066 371217 302040 371728 297806 366212 295579 363374 300811 369690 301842 370668 298486 366931 300772 369797 282935 346924 299718 368561 301152 369695 301611 369736 296431 364083 302178 371787 301300 370078 301253 370063 1903
295838 364140 298941 367513 303553 373231 304291 374121 299983 369030 301304 369887 303111 373214 302216 370930 279981 343453 298238 366547 300150 368495 298695 367165 300108 368391 299341 367517 298375 366826 293153 359783 302572 372167 302874 371530 298988 368073 298633 367074 301422 370937 302918 373010 301116 370514 300101 368300 302836 372284 296518 364549 297439 364441 297447 365468 300498 368924 302614 372190 303864 373139 297114 365189 299543 368611 299493 367802 300062 369171 301349 370898 300305 369363 302587 372027 298764 367394 298786 367709 302806 371607 304334 374212 300072 369751 302849 372100 302523 371129 301673 370757 298285 365712 303675 372821 301282 369693 300857 370153 299842 368745 299339 368417 301721 370905 298196 366809 301085 370345 301781 370404 300667 370178 299372 368022 302901 371878 300709 370025 299688 368312 299694 368128 300260 369295 299740 369412 304578 374368 301732 369622 302348 372127 301042 370258 303322 372747 299852 368735 300146 369322 299577 368030 300269 369274 304865 374524 302686 371876 297971 366265 300728 369683 299195 367249 299770 368359 304017 374104 298633 367194 298203 366783 303109 372928 298934 367541 302256 371591 297266 364739 304711 373986 281981 346437 297292 365928 303445 372851 290296 356838 303132 371968 298553 367109 304206 373638 293824 361503 304227 373236 304271 373770 300717 368956 300519 370488 304429 373400 1838
301800 371023 302724 372205 298899 367773 303180 372220 303670 373268 303132 372436 302403 370422 300218 369031 297157 365224 302067 371793 299549 368819 291961 359073 298286 367329 293790 361685 304341 373309 300102 368971 305191 374940 303026 372411 304978 374374 301437 371207 301617 370753 306656 376416 303789 372247 298877 367474 299730 368479 294480 361948 299926 368622 299118 366897 301644 370588 300717 370048 299797 368819 303776 373714 303162 372272 302097 371148 303071 372187 303080 372528 301207 370544 305401 375103 302380 371463 299731 368785 303170 371458 304383 373359 294467 361821 297922 365892 302146 371570 301328 369964 301158 370252 300246 368698 305362 375140 303748 372096 290990 357645 303618 372308 302172 371390 300521 369710 306069 375805 298577 366764 306291 376028 302093 372397 301070 370472 300813 370239 298277 366874 299406 367817 289925 356255 303832 372823 300868 368760 304338 373295 302510 371983 302814 372215 296006 363066 299903 368794 304038 373470 282934 348167 300218 369278 299854 368322 302584 372150 303642 372723 304052 373232 300366 369517 300741 369494 304293 374139 303543 373317 303820 372995 285180 350021 303822 373800 302740 372474 299904 368324 299485 368219 303655 373231 301057 369318 304859 374689 299557 368563 302101 371272 303174 372414 302074 371537 303701 372875 299187 366609 303353 372588 302751 372396 301850 370803 304351 374113 1910
305264 375445 302587 372015 302275 371690 304291 373733 303301 372928 305058 374559 300839 370370 304429 374590 299216 367303 304433 373702 304007 372856 303880 372698 302386 371549 304631 374404 304481 374316 301301 369700 302040 371496 306323 376990 303578 372039 302769 371753 302078 370607 307659 378240 303410 372981 304533 373702 303987 374143 305550 375808 302640 371388 303278 372705 303336 372958 305084 374768 303785 373973 300835 370169 303815 373764 291889 358878 301866 371204 298496 367190 298188 366802 300299 369001 304212 373594 307171 376744 300669 369847 303125 372392 304355 374386 299298 367527 302193 371362 302133 371081 292393 358216 305359 375085 299213 367766 305035 374655 304594 373953 301011 369993 301496 370467 301363 370523 302804 372582 305078 375577 303224 372730 305599 375633 306052 375619 293510 360967 300792 369711 301764 370934 298940 367980 302899 372681 304002 372891 302819 372289 302111 371130 302632 372125 301067 369946 300865 369736 304721 374312 304776 374564 294539 361107 303763 373831 292597 359834 305121 374871 301118 369732 302601 372036 303805 373171 303978 373825 305008 374076 301021 370165 285538 350760 302812 372555 300708 369653 304822 375098 301122 369821 305105 374736 290934 357653 304494 373453 300360 368980 301169 370705 302924 372053 303589 373093 300527 369264 301086 370702 303938 373759 303066 372834 301364 370682 303909 373091 1876
304925 374853 303159 371851 305793 375290 303524 373443 296912 364600 304914 373932 307207 376639 297668 365305 307408 377084 305728 375409 304064 373299 302495 371999 303224 371789 307830 377568 300790 369274 283630 348416 304746 374602 298114 365966 303137 373082 305041 374146 300670 369155 305529 374885 304276 373727 304181 374098 301864 370515 304931 374654 302452 371742 230129 283152 307852 377689 302283 371938 303442 373077 302128 371787 304344 374663 302627 371288 303048 372758 304427 374256 302986 372686 306170 376953 296672 364824 304440 373790 305156 375520 304984 374112 302839 372926 303988 373566 301662 370174 297694 366168 306596 376392 306214 375975 305556 374242 303599 373004 302644 372247 301564 370351 299565 368077 301631 370922 304040 373996 305840 376458 305349 374682 303397 373096 307565 377063 306678 376681 303314 373567 300779 370066 303580 373348 305250 375575 301849 371236 301203 370736 300548 368704 295747 363011 301541 370082 305175 374838 303589 372519 301782 371222 303353 373151 305753 374672 302816 372008 291256 357705 298710 366839 306367 375906 286397 351538 301957 371319 303919 373797 303672 374140 302517 371881 303668 373479 304940 374730 301542 370826 300399 369063 305095 374418 304316 373689 304826 375160 303470 372582 303409 373656 304876 375181 304571 374363 301587 370159 299483 368330 302585 372005 299962 368141 305369 374496 301846 370898 2033
303920 373700 301790 370815 306255 376080 304168 373962 304637 374198 305505 375653 300506 368666 307603 378691 303449 372948 304163 374264 304661 374559 304813 374165 305381 375064 303449 372034 305463 375600 298574 366739 308709 379302 305037 375583 303476 373307 303173 371959 309995 380601 308694 379214 305423 374885 306923 376954 305482 376049 302562 372195 307921 378317 305299 375622 308003 378320 306054 376377 305909 375457 288863 355043 303457 373111 307911 377826 304052 373537 304254 373421 304873 375556 301046 369724 300316 368779 306382 376632 303450 372746 302256 371569 305784 375849 303137 371732 303014 371903 305581 374866 305567 375379 303937 374010 306212 376248 305225 375157 303213 372850 308294 379289 303699 373066 300413 369202 302872 371751 303213 372706 305328 375102 303769 373778 304887 375279 306727 376168 307370 377069 307238 378117 302585 371844 307115 377598 304595 374409 304606 374850 302448 371457 303801 373608 306393 377521 305287 374670 296096 363372 305645 376055 301593 370765 301992 371207 305221 375934 291315 358135 305587 375639 302859 372410 304509 374301 299568 368094 303049 372734 303673 373478 305424 374873 305910 375956 304236 374161 301301 370733 305600 375035 304229 374142 306581 376366 306389 376324 305416 375132 306568 376540 301767 371327 303866 373462 307058 376942 292731 360311 308030 378690 303820 373315 296948 365097 303591 372735 1872
309087 379518 302609 372619 304449 373986 308759 378909 305760 376085 303711 373065 305372 375336 302330 371575 307070 376738 304476 374724 309729 380217 305365 375210 303941 373535 306645 377143 307858 378335 303328 373290 304701 374703 304894 375027 306303 376329 303373 372823 308816 379668 306417 377026 307476 377157 307427 376675 306109 376606 303071 373170 308344 378158 307584 377379 305680 375422 305484 375258 304935 374378 301328 370480 307448 377542 309869 380694 304574 374896 305759 375426 303689 372884 304854 374767 301566 370548 306419 375982 298998 367310 304919 373937 301312 371142 305280 375596 307072 377390 303679 373108 304157 374057 304509 374107 303837 373507 305839 376037 304824 374978 307728 377204 304537 374484 306102 376137 308169 378807 305690 375156 305574 375531 303109 371873 306901 377623 304521 374513 301980 370224 302696 371528 306604 376320 304062 374178 302143 371224 305724 375528 306167 376524 301806 370975 303358 373071 306186 375674 305612 375818 303167 371996 301895 371328 301675 370634 302739 372595 304914 373756 310309 380253 304745 374812 301249 370487 305225 374729 303341 372707 305435 374769 308673 378343 307175 376597 304087 373634 308116 378915 303543 373405 302158 372110 305997 376162 302667 372395 307140 376491 305007 375267 305966 376245 306871 376934 303146 372338 306736 376623 308900 379780 307944 378320 307185 377874 307652 378253 2011
308263 379422 308116 377846 298569 367689 231509 284470 307101 377666 305782 375868 304289 374307 305385 376101 307712 378024 310257 380935 308823 380375 311451 383324 302869 372921 301164 370368 306207 376230 303349 373043 307170 377450 305968 376299 306237 376439 302974 372277 308392 378994 306135 376321 305210 376254 233165 286347 303115 372718 300853 369936 306641 376879 303806 373269 305536 375590 306442 376811 303793 373871 303283 372864 306921 376518 306968 377516 307897 378056 306431 376593 302042 371494 305171 375248 304506 374256 307956 378455 304409 373368 306984 377862 306909 376379 305660 375381 301471 370878 307777 378777 303906 373878 310256 381490 304551 373119 306775 377564 304656 374423 307461 377010 310397 381391 309008 379644 304450 373866 308227 379576 306258 375665 308691 378568 304575 373751 306656 376792 305106 375364 306070 376317 307941 378455 305353 375290 299519 368051 306861 378022 305651 375956 299261 367996 306793 376111 304584 374766 306105 376050 306879 377280 306932 377234 305176 375174 307584 377714 304510 373909 305880 375907 307448 377860 286281 351837 305438 375487 306730 376832 298781 366553 309387 380141 293610 360324 303235 372876 307696 378561 307512 377833 305107 375521 305866 376495 305085 375215 305642 375540 306311 376652 306903 376804 308192 379228 306158 376394 308018 378117 304798 374341 308256 378511 307493 378226 304467 374574 1914
309197 380061 306085 376948 288654 354713 303782 374050 306838 377182 307084 377816 302691 371875 306846 377785 307699 378046 307507 378377 303470 371335 309041 379265 307005 376882 306504 376999 307329 377626 303656 372315 304036 373749 306227 376835 308265 378862 309348 380637 303527 373102 306566 376787 305358 374946 305032 375284 305211 375114 308955 379141 310140 380399 304835 373823 309225 380107 305134 375047 305051 374971 307284 377825 304681 375054 283205 348454 308318 378060 304993 374622 304917 375043 308444 379155 311953 382687 308777 379070 232793 286333 305258 375273 309705 380353 306743 376850 306619 376624 305721 375354 303633 371995 309103 379998 306873 377055 305562 375592 304648 375088 304170 374564 304250 373950 306684 376586 305623 375316 305432 375375 310141 380455 309011 378860 283972 349024 307448 377529 304780 374803 309660 381166 306658 376516 306451 376467 307430 378062 297240 365599 308472 379399 306728 377024 312055 383407 305558 375298 308900 379265 304989 375397 231439 284451 306998 377600 306575 377378 307967 378850 307350 377791 305999 376307 309332 379880 295929 364172 307913 378611 303340 372773 307478 378243 308244 378500 306241 376468 306100 376401 307837 377211 304515 373394 306501 377198 309452 380278 307083 377520 305691 376361 308237 379442 307560 377950 308604 378904 304705 373841 306072 376671 306034 376736 309510 380318 307029 377771 1899
308918 379820 306986 377148 308115 378583 287845 354154 308322 379597 297967 365478 311491 382688 309534 380582 299242 368056 307880 378904 290306 356176 306711 377468 310896 381187 308335 378353 308027 378928 308195 378801 306152 376736 303641 372786 310935 382425 309851 380010 307833 378771 310624 381784 310805 381790 310245 381370 308734 378709 308128 379057 306347 376482 303445 372957 305495 374650 307139 377432 306737 377127 308482 379041 312527 383741 310377 381450 306284 376790 310063 380322 309381 380117 308075 379388 306848 377519 309452 380783 311799 382528 306209 376511 307793 378327 310888 381950 307766 378785 306947 377432 307499 378583 309689 380868 309734 380784 303799 373677 309129 380644 309591 380533 306910 376382 309264 380502 302014 370863 311592 382962 312546 384369 308456 378356 310698 381674 307147 378058 307407 376990 308620 378804 307711 378585 308903 379186 302428 371683 309688 380062 304953 374132 308533 379311 306511 376614 307647 378222 308674 379040 305220 374447 310195 381019 296438 364967 310010 381054 306685 376808 306070 375527 309665 380698 308421 378395 306773 377428 307071 377669 305402 375081 312217 383578 309201 380264 307878 378572 307240 377847 306979 377593 308648 380458 306877 377060 309602 381210 308294 377950 309395 380629 311279 382482 310570 382110 305947 375768 309156 379123 300264 369063 307563 378289 310073 380413 305652 375877 1852
307602 378224 306532 377089 307443 378357 308378 379670 312912 383705 303686 373956 307252 377989 310983 381643 306033 375973 310401 380921 306939 377025 307965 378459 311176 382767 309774 381178 310567 381288 310544 381842 307391 378104 307170 377829 308646 379325 310389 382080 308757 379428 312433 383251 305814 376107 306249 376775 305227 375031 309475 379731 307408 378475 310202 381162 297028 365008 305704 375817 307016 378133 308031 378751 304717 374855 306468 377311 312120 382704 310124 380380 305837 376257 308970 380005 297772 365699 307593 378203 312473 384085 308644 378891 304898 374286 309878 381060 309518 380010 308692 378790 308001 377679 311171 382611 307753 377581 310959 381106 310135 381377 312154 383181 308177 378690 311056 382293 307610 379242 308177 377352 311106 381381 309984 380960 308965 380495 310478 381908 310264 380853 310025 381339 309497 380771 308754 379242 311602 382450 307885 378476 305780 376234 310132 380762 305651 375863 307308 378274 309421 380239 307639 378339 311808 382952 309666 381420 311025 382396 306929 377426 308341 378853 310665 381955 309649 380308 307714 378557 309168 379906 312084 383165 309070 380186 305769 375721 310369 381398 308781 379365 309322 379594 310150 381782 305200 375392 306766 377194 311395 382159 307441 378085 311989 382920 306937 377343 310494 380853 307406 377802 306112 375752 309611 380638 310387 382036 309940 381606 1985
311720 382669 310083 380645 308789 380197 309145 380335 311755 382636 312600 384697 311905 384185 306811 377111 304544 373925 308284 379338 308176 378731 308343 379167 312064 383922 308555 379628 309593 380017 310527 381512 309223 379969 310298 381560 306146 375830 309775 381022 311664 382489 304717 374445 309395 380558 307709 378271 312435 383537 308095 377630 308917 379794 309967 380747 310207 381378 314366 385542 310345 382437 305429 375154 302201 371308 309270 380389 310705 381685 310188 381621 306800 377290 311277 382723 310902 381178 307283 377529 312217 382859 310357 381926 308201 379031 308703 379294 308278 378304 307893 378431 306576 377064 312078 383869 311216 382575 314324 385893 311108 381340 309763 381046 308322 379172 308565 379195 309107 379814 306707 377302 306928 377681 313109 383962 308453 378779 309613 380752 309205 380209 308040 378386 308463 378430 306221 375793 311081 382755 306759 377045 309113 379767 311866 383443 311918 383303 311473 381747 312635 385404 312564 384140 308279 378346 308477 377796 307246 377765 311318 382933 307922 377767 307673 378748 310325 381155 307389 377445 308053 378389 307794 378230 309402 380512 308110 378836 312184 383278 313420 384879 313438 385151 311997 383758 307007 377624 307959 379358 311677 382776 308073 378915 308898 379943 311162 382966 310213 381037 309042 380160 310330 380958 311256 382929 311155 382644 312114 384000 1978
298282 367056 311382 382625 306317 376429 308425 379509 312909 384781 312070 382868 305704 375837 308704 379634 307172 377739 313164 384926 306805 377405 309610 380421 309966 381240 311610 383476 299923 368423 310752 381607 296677 365243 312632 384414 312875 384189 308601 379090 309227 380049 310152 381150 312486 384144 312201 384022 312094 383947 311786 382611 311999 382579 312284 383520 312945 384313 297615 365525 311244 382501 307658 378524 313100 384696 311815 382864 292509 358481 312000 382643 312997 385063 309310 380282 314348 385506 309566 380369 312955 384815 309814 380190 309313 380565 235394 289373 309159 380413 308384 378947 315191 386895 312272 383459 310931 382549 306425 375978 308642 380231 311223 381550 310395 381079 310016 381476 312114 383926 311085 382080 311034 381145 310336 382340 308666 378769 287406 353262 312118 383821 311599 383359 309879 381069 310042 381237 309400 380490 310949 382182 311915 383413 310794 381995 308784 378628 309134 380019 308907 378913 310502 381576 313204 385143 311109 381703 310944 382053 306293 376319 308366 379116 311742 384257 307969 377980 310859 382182 307555 377207 309875 380594 314094 386830 311341 382899 308056 378670 309114 380127 306193 376190 313897 385911 309797 380589 235944 290047 309442 380302 308898 379612 312568 383828 313869 385473 311458 382541 311946 382466 307870 378703 314967 387268 313062 384803 309392 379937 1989
312134 384172 312346 383944 311752 383365 309586 380583 309610 380761 309258 380131 310844 382148 313139 385768 310781 382924 313481 385512 309123 380391 311709 383388 315431 387654 313188 385145 316870 388925 307137 378059 308853 379205 306973 377086 312805 383590 307046 376888 311310 383089 312086 383315 311577 382627 310111 381110 312841 383794 308125 378453 315328 386688 312330 384452 313977 385093 310909 382586 310145 380042 311590 382971 305854 375927 313384 385379 310985 382013 314598 386962 314526 386378 312700 384059 310302 380964 308981 380241 315403 386945 314290 385894 313603 385772 314444 385941 313102 384980 314050 385966 311597 383264 311302 382864 308076 378736 313773 386131 310104 381004 314965 387479 312547 384582 309061 379358 307088 377834 306468 377034 313780 384887 311453 382698 310877 382995 313150 384605 313073 385175 310694 381880 312769 384418 310635 380380 311139 381265 315309 386653 311282 383153 311438 383444 312309 383356 313073 385138 311870 383040 309981 380288 312224 383935 314935 386731 309405 380187 313658 385867 314295 385938 308390 378879 312395 384188 311363 382873 310378 380880 313589 385738 313013 383392 308613 378867 312850 384330 315780 387052 311015 381508 313082 384696 310275 380268 312203 384425 311217 382768 312167 383740 312094 383025 311280 382631 310436 381750 307414 378125 312176 384364 314406 385968 312270 383022 311318 382872 2029
312840 385122 315040 386806 311911 383368 310980 382262 312058 382928 313327 385546 311314 383116 312296 384104 314113 385687 316037 387905 313910 385363 312931 383713 313551 385524 309672 379859 316763 389051 309752 380954 312916 384036 316016 387864 312351 383829 310244 381022 310926 382075 310977 381787 309573 381317 307793 377702 311037 383053 315735 388315 315151 387787 308896 379516 314074 384822 301654 369915 315216 386353 312509 384709 299607 368306 313665 385834 312012 383785 315103 386343 312093 383345 311713 383130 305228 374321 315919 388579 313653 384524 312839 384510 314351 385801 312848 383996 310746 382560 315038 387627 312176 383577 308534 379759 315612 387387 312219 384757 314447 386846 314331 386251 314362 386698 311475 383711 307626 378276 312237 383835 315867 387031 310036 381118 310146 380785 307519 377929 314819 387006 308855 378724 313336 384834 313665 385038 312262 383519 313678 385337 313759 385609 313975 386126 316091 388143 315741 387577 310845 381437 313431 385052 310752 381292 312900 384998 311932 383515 314636 387159 309947 381094 313779 385515 314979 386486 306524 377158 311920 383048 315390 387411 312796 384553 311097 381775 310982 382218 310309 381914 311318 383002 316214 388428 312759 384794 238100 292608 312209 383437 315268 388022 314533 386383 316600 389351 313880 385742 312506 383512 311212 383039 307408 378232 310876 382218 312704 384407 2051
312746 384530 309154 380185 314337 386587 314326 385403 314918 387068 316987 389170 315189 386453 287158 353539 311707 383399 315066 387209 314369 386233 309872 380753 314389 386427 313648 385340 314804 386461 313850 385756 310403 381102 313858 385920 314157 385941 314240 385907 316028 388282 310969 382094 312644 384411 312615 384565 309089 379979 308824 380105 310309 381990 314776 386051 310773 382535 309888 380857 312437 383725 317600 390055 313870 385412 314008 386103 310434 381231 303086 372633 308654 378999 313054 385382 316229 387637 314489 385723 315572 387980 316828 389108 309040 379610 315134 387302 313996 384882 304779 375086 312206 383656 314871 386289 309787 381023 315810 387605 303920 373611 313842 385557 316905 388797 312067 383404 312167 383995 315527 387627 303703 373391 307023 377034 307229 377613 314891 386103 313823 385045 313132 383682 315593 387042 312586 384512 313798 385536 313918 385525 311108 380991 309141 379145 313347 384706 314023 386145 315700 387807 310533 381301 312435 383929 315910 387708 308796 379850 315872 387724 316611 388979 312335 384210 313480 384994 315116 387360 312557 384133 313059 385064 310647 382501 312899 385101 313482 385453 316555 388995 313651 384577 311884 382285 311125 382580 312447 384785 311808 383305 317468 390485 308924 379773 315245 387349 315687 386934 313464 385345 317127 389530 307587 377732 314288 386615 315555 387655 2023
313493 386361 315691 387949 303674 373077 313781 385709 314655 387359 316768 389101 313723 385958 311814 383011 311424 383225 314779 386710 314768 386424 314021 386011 315155 386676 312143 383989 302746 372795 314265 386101 316377 389318 237692 292098 316181 389014 313321 384573 313510 385335 313590 385414 313900 385446 317105 390228 315202 388180 312860 385496 313954 384986 315878 388071 311988 384102 316591 389156 315167 387338 316444 388908 314748 387384 315655 387487 314861 386912 313448 385203 314981 386578 318324 391157 312399 384592 316271 388987 311935 382708 310806 380956 314443 386601 310037 380869 316685 389206 316621 388157 310095 380836 314078 386962 315965 388954 312348 383670 289785 356024 315576 388255 311148 382407 313923 385689 313328 385064 309168 379964 314026 385846 315612 387548 316552 388083 316801 388932 314044 386154 313035 384804 289807 355939 314849 387252 314806 386691 313948 386257 313006 384465 310180 381033 315828 388737 313491 384459 309629 380507 314654 387669 314965 387472 313415 385275 313369 384929 303344 372766 310123 381075 317319 390186 310756 381859 313478 385208 313404 385322 315940 388500 317498 390331 314805 386637 315108 387629 310230 381157 314357 386218 294345 360621 313405 385045 311802 382660 310049 381270 312934 384854 312189 383702 310368 382172 313332 384877 316033 388332 315534 386997 315430 386846 311651 383224 318925 391604 1998
315648 388159 312840 385016 316124 387539 312518 384523 314722 387146 312209 383456 312456 384520 314708 386774 314044 385847 311525 383031 314712 386585 316704 388671 318512 392234 313039 384645 316171 388226 313191 384424 311240 383423 317075 389325 311840 383748 310306 381837 315934 387365 313418 384980 314438 386084 310830 381628 315757 387410 307244 377876 313356 385270 315862 388233 304738 374293 315459 388191 302903 372227 315534 387802 317351 390117 311626 382734 313401 384586 315266 387245 313778 385556 313539 385845 316169 388131 315479 387491 316825 389020 311719 383042 316446 388949 310303 382024 314765 386755 310699 381692 313550 384680 313873 386512 317940 390233 313132 385535 290077 356050 314468 387116 318135 391302 314043 386526 315677 388160 313754 385995 315562 388419 313018 384705 314459 385311 314850 386975 316413 387767 314890 386723 317635 390357 316584 389410 316409 389037 314494 386354 309039 379841 317169 390262 311096 382384 315047 387357 315183 387090 311415 382518 307810 377903 314557 386701 316293 389876 314809 387680 318079 390499 317440 389236 317669 390531 312450 383653 320524 393313 318162 390920 316497 389325 315399 386974 313713 385803 312215 383688 311983 382713 314289 386919 317520 390441 313166 385138 315525 387486 315959 388795 320189 393434 316402 387957 313821 385030 315829 387814 314419 386060 314367 386418 316571 388967 317313 389922 2016
313946 385337 315416 388065 318424 391810 312667 384904 306956 377654 312330 383646 315585 387445 317925 389796 311651 382897 316866 388707 315968 388530 317399 389232 316504 388551 313434 384347 316841 388692 314307 385239 313885 386424 313349 385705 317329 389843 318112 390484 304530 373521 319424 391733 318128 391276 316478 389674 317606 389861 316545 388829 314636 386293 314986 387173 315632 388277 314163 386160 315701 388146 316838 389802 319540 393021 317493 390636 317626 390899 316322 389041 304433 373903 318846 391202 316576 389298 314827 385842 317712 391081 313071 384130 303337 373344 311808 383248 314790 386970 313535 386064 314611 386395 316894 389674 315692 387426 316455 388821 317388 390619 315849 388446 315229 388052 314881 386971 314967 386793 316204 388031 318320 391749 314442 387008 319655 393479 305724 375894 315053 387299 317356 389498 313060 384542 313027 383925 317618 390220 317265 389596 320107 392968 312333 384279 314681 387251 315337 386923 312666 384301 314091 386356 317415 389465 316952 389277 320083 393486 312290 384251 313914 386049 311354 382071 315256 387752 311957 383736 315106 387297 313885 385856 311085 382069 312611 383633 318412 390887 319094 392382 314395 386517 295267 362486 316642 389445 314258 386586 317709 390674 313543 385734 318518 391687 320296 393169 315747 388681 312486 384753 311819 383164 316210 388388 316617 389141 314425 386274 1897
318554 391071 315254 388110 318754 391039 321843 395066 307077 377244 315106 387290 317441 389584 322231 395904 310580 382256 319015 391877 319262 391686 320139 393443 313426 385456 313632 385413 313068 385235 316816 388551 318087 391496 319509 392493 240502 295849 313764 385011 305982 376226 314895 386628 315765 388381 317121 390117 315497 387856 320405 393321 322449 395876 316421 388219 320261 393692 316568 388671 312651 384085 314990 387763 320876 393705 318212 391478 315537 388129 314200 386527 315476 387888 316563 388864 318565 391171 316927 390052 315213 386866 315985 387990 308748 379627 310597 382255 318269 391441 316208 388889 315388 387862 319614 392003 314030 386004 314273 386230 314725 387031 316925 389674 311385 382983 315660 387716 319599 392609 319250 393112 319183 391407 315712 388248 317565 389831 314953 387101 316822 388816 320026 392460 295958 363691 315892 388542 315934 387977 314356 386325 317241 389607 318167 390900 315896 388411 314432 385985 319203 392122 305276 375459 313990 386058 314692 387050 317065 389722 317944 390414 318637 391112 315551 387806 312183 384083 318649 391940 313173 384226 314171 386780 314698 386916 315746 388140 316007 388205 319227 391788 312041 383939 316207 388849 316866 389734 317028 389533 315177 387311 297189 364450 318867 392051 316969 389587 316318 388831 315591 386907 317130 390250 321349 394068 315169 387819 311758 383517 2076
316718 388277 320939 394067 317787 390952 315629 387804 315342 387192 316183 388605 318214 390654 315490 388488 317698 390476 317928 391026 314036 385227 318581 391670 319903 392533 314457 386215 319962 392302 322351 396775 317619 390165 304637 374452 320844 393582 310655 381040 318469 391277 314682 386781 320209 392620 317108 389471 318573 392003 316886 388864 310340 381154 317040 389067 314328 386035 240185 295064 319700 392502 314502 386511 314168 386437 308620 379346 319408 393124 322504 395472 318552 391250 315673 388379 318748 390555 319950 393760 319245 392824 317607 390204 314627 386496 316970 389704 320652 393792 319566 392404 320231 393511 317039 389020 317505 390326 315768 388408 316920 389984 318153 390317 318401 391260 314487 386725 316785 390097 319092 392304 317879 390398 319632 392238 318317 390066 318339 390639 313795 386213 313310 385635 316765 388683 318629 391717 318566 391672 314667 386726 317384 388760 315514 387739 320584 394021 317433 390518 318788 391938 315055 386997 316270 389175 317340 388959 319970 392376 316255 388599 317535 390163 319763 393022 315732 388180 317318 389741 319029 392184 319649 392214 319096 392799 316709 388397 314874 387308 313772 384488 315794 387881 314765 387332 316823 389466 315793 388575 318414 391489 321417 394337 314785 386819 315106 387374 314881 387130 318369 391277 316146 388752 316019 388880 316648 388728 321592 395004 1941
317037 389127 296598 364902 318686 392490 320198 393167 320071 394204 319102 391963 319557 392007 319473 392718 318751 391814 316994 389632 318495 391518 320257 393011 321311 394764 319248 392097 316714 389975 318661 391152 315668 388399 316962 390317 319186 392371 316872 389924 318663 391991 319436 392314 317410 389529 316157 388837 321343 395068 321858 394837 320964 393940 319023 392445 317281 388934 323302 397040 320793 394502 321023 393415 320652 393237 317872 390964 318812 391784 314699 386416 320372 394304 321048 394420 319693 392412 315568 387907 296818 365505 318083 391340 316575 389200 320248 394021 319670 393411 311822 382385 318592 391632 317656 389597 318439 391836 319254 392899 315802 387594 320660 394619 316492 388782 316983 389248 320198 393842 318829 392297 315151 386875 317345 389978 316211 388561 317824 390795 311265 382587 319700 391741 316348 388674 321662 394793 312648 384778 317686 391019 319862 392144 317346 390431 319905 392712 318817 391946 321543 395772 317818 389793 319968 393072 318134 391301 316877 390327 319503 392627 320978 394462 317482 390082 316497 389440 320021 393262 318791 392333 321102 394481 319370 392123 316933 389046 317116 390486 319497 393101 316614 389758 315415 387787 316121 389327 317320 389720 316205 388357 315728 387868 320690 393602 316502 389175 317735 390980 320352 393864 318141 391220 316445 389217 313185 384454 316773 388920 2048
317015 389758 314404 386078 320604 393776 316285 389069 318220 391333 310957 381417 319975 393281 318002 390596 322950 397420 321811 395109 321370 396055 317310 389759 321001 394006 318589 391827 318690 391398 317431 389421 320334 394027 319523 392393 314617 387096 318177 391252 321621 394815 319973 393481 314322 386441 319948 392858 315836 388912 319519 392761 319689 392542 320326 393752 319912 393372 321081 394668 317390 389850 321111 394353 319077 391081 322331 395747 317979 391282 319075 392011 314058 386306 321903 394743 320771 393635 324137 398315 320623 393177 319841 392683 315627 387693 323206 396946 309186 380002 320077 393558 316203 389184 314424 386841 321886 395792 318573 391717 319743 392571 318709 391456 313550 385528 316318 389255 319901 392739 321332 394827 319900 392991 308536 378444 320893 394665 314694 386489 318216 390435 313240 385349 321698 396091 318713 392136 320997 394743 320254 392923 319992 392915 313956 386130 317627 391285 319306 392101 320157 393717 321258 393655 318891 392448 321049 393928 318993 392540 320242 393471 317556 390623 317590 390607 320001 392990 320598 394242 311634 382592 319650 393151 319960 392679 316736 389548 317854 391187 317190 388796 320699 393726 319240 391402 316152 388616 318336 390899 319454 392740 318933 391866 316875 390797 320832 394085 315470 388044 315572 387471 315748 388261 310528 381938 319039 392908 320536 393610 1993
320146 393241 321188 394899 315185 387402 320967 394987 321154 394127 318209 391285 321867 396041 320141 393835 319634 393044 322947 397608 322572 395538 319000 392380 317744 389774 315796 387418 320098 393180 321023 394427 322048 395651 318227 391588 319840 393001 317607 390643 319931 393617 321821 396064 321990 395691 322606 396094 316805 389635 319638 393137 318782 392286 317171 390293 322011 395605 319777 393117 316378 388686 321748 395724 322103 394988 323409 397121 322169 395403 321798 396381 318555 391326 323216 396711 317369 389546 316387 389115 318328 391102 323391 396994 319735 393088 312799 384402 316221 389053 321169 395077 318434 391967 315793 387851 320853 394207 320387 393032 320068 393691 322813 397056 317936 391925 318595 391942 320597 393681 316053 388995 321013 394503 319421 392934 319082 392256 321228 394565 323088 395679 321060 395090 320505 394326 316888 389839 319309 392680 318986 392197 321562 394892 319544 392158 324317 398280 321060 394684 319178 392131 321034 393399 320670 393153 318302 391612 320373 393339 321355 395017 311198 382376 316435 389319 318923 391734 321387 395461 243024 298491 319488 392815 314186 386373 320343 393822 320477 393107 319917 393389 319972 392732 322113 396275 314972 387019 322741 396299 322271 395934 320599 393780 324155 398979 320948 394470 321068 395217 322066 396991 320028 392295 320142 393761 319828 391673 319096 391975 1967
319058 391420 316351 388723 321548 394895 321401 395211 295350 363431 322091 395800 321022 395070 323775 397435 320781 395049 324524 397677 319146 391675 318470 391099 320247 393607 322722 396734 319462 393104 320352 394290 322044 396199 321515 395186 323066 397196 322257 395738 321640 395484 320435 394219 319766 392787 318625 390522 319658 392905 322046 395861 318152 391394 314853 387808 320011 392847 322134 395666 318394 391184 319825 392535 318139 391294 318938 391849 321236 395077 323056 397079 314073 386272 316584 388670 320816 394637 322130 396801 319715 393030 299647 368329 316773 389292 322462 395140 317280 389885 324278 397640 320660 394274 318342 391194 321564 394635 317919 391074 319044 392420 320315 393552 322292 396147 323374 397281 318304 391860 319391 392685 314516 387138 314896 387487 322364 396173 310200 380842 322448 394660 323595 396752 317908 390730 320216 392571 320013 392971 322579 396931 321730 395536 323885 397400 320016 393430 322578 396694 316833 389653 322312 397039 324340 398183 321267 394326 317075 389918 320682 393795 320419 393803 319967 393974 316529 389184 319462 393281 321800 395413 321567 395532 321044 395321 316718 389687 321128 394648 322927 396207 320163 393711 321798 395006 319024 391673 317851 390588 319348 392402 321035 395145 320418 394685 320075 393921 320611 393472 316710 389900 317691 390912 317440 390675 323400 397329 316765 389400 1997
318382 391540 321040 394661 321130 394831 318601 392171 320544 393792 322920 396008 322391 395994 319272 392258 322285 395741 321693 395436 321897 395581 323068 396439 324252 398237 325547 400582 321614 395403 322733 396066 321506 395197 322889 397047 318563 391414 316905 389394 313800 385677 323301 396591 320505 394353 318306 390997 320110 392882 325007 398957 323937 397662 315288 386991 320560 393739 318580 391098 320288 393286 320824 394777 324575 399303 322757 396769 320286 392758 325651 401354 321590 394651 319323 392754 324217 398206 322177 396002 323575 397802 318370 391037 316751 389341 320697 394400 317860 390789 318149 391068 322687 396735 323096 396554 309924 381374 314541 386609 322149 395385 319859 393278 323191 397992 320731 394848 320486 393651 321380 395013 321633 393888 322218 396066 321468 395231 322382 395360 321517 395103 323089 397975 321026 394734 319080 392729 318228 390986 323045 397128 324478 398965 324768 398362 321642 395978 314863 386897 322827 395838 320333 394080 321560 395886 321507 394766 319852 393483 319867 392428 321281 395673 321200 395046 318952 392374 322898 397417 320176 393599 319799 392847 317493 389793 323399 396997 324420 398854 320088 393629 322802 396247 323913 397874 322630 396650 320511 393432 317344 389910 324452 399081 321765 394873 319202 392318 320047 393484 322146 395784 320615 393576 323468 397176 325309 399563 314990 387403 2204
322257 396322 324720 399905 322428 396363 327093 401877 321749 395399 317902 391034 316518 389995 322436 396843 324018 399056 323519 397926 297716 365420 321603 395419 321392 394789 321221 394281 320232 393460 323767 396768 312269 382608 324056 398300 321023 394455 319347 391554 321798 396181 321481 395111 324947 399632 318324 391515 315929 388939 322474 396459 325180 399121 321371 394631 321367 394845 321151 393758 320219 393598 325684 400246 299617 368798 321366 393596 320352 393627 321438 394018 323673 398031 320791 393962 321097 395269 321513 394886 324454 398938 322919 397024 319441 392908 325368 399808 325139 399356 324419 398655 321835 395692 322946 397195 324475 398227 319707 393897 322938 397022 318422 391698 315206 387203 325445 399522 318649 391444 320755 394848 323742 398353 324503 398319 320366 393398 325012 399885 322932 396731 323614 398377 320444 394587 323775 397893 323442 397413 313270 385413 323213 397214 325097 399646 321567 394188 323246 397646 326380 400755 321715 395893 324239 398891 323243 397366 326121 401163 322895 397159 322320 395571 285063 349999 321909 396131 325734 400756 319711 392813 316486 388751 316663 388521 320599 393503 323838 398371 317457 390251 322596 396493 321775 395714 322409 396192 322019 395408 321616 395062 321221 394055 321758 395995 323560 397735 317424 391017 321800 395434 301937 370858 324872 399389 322783 397050 324332 398893 2019
323888 398006 323422 397051 323265 397726 322856 398105 319564 393412 319987 393793 323541 397621 324355 398690 322298 396484 327381 401674 323898 398518 321957 396050 325741 400399 326340 399979 321088 394538 322922 397100 325659 400453 319873 392787 319445 393012 323836 396475 322271 397112 322835 396900 323050 397230 319605 393276 322711 395952 324516 399131 323184 397299 324174 398332 320622 394767 324622 398510 323398 397633 321659 394856 320674 394514 321042 394831 328062 402714 327381 402450 315041 387575 323107 397110 326551 401759 322935 397513 323702 397503 323520 396424 320821 394100 324443 398505 325209 399261 326568 400654 320304 394166 325721 399472 320081 393872 323502 398088 324560 399476 320839 394941 321109 394043 325448 399090 323488 398177 323118 396827 323598 397132 321624 395588 321020 395570 322793 396567 323441 398225 319332 392308 325243 399886 323751 398108 321378 394969 321865 394973 324766 399163 321558 395884 323217 396599 321248 395438 324194 398339 320555 393704 323015 397544 323754 397564 325130 399922 321079 393749 322554 396068 323070 397786 315964 388397 326151 400332 321336 395554 322796 396038 322763 396443 324915 399690 321448 395248 327237 401914 324012 398085 321614 396700 323187 397756 322004 395893 323637 397725 304704 374957 315531 386839 323549 397298 324332 398036 322835 396832 323769 398382 322877 397100 318031 390860 323418 397676 2144
324029 398580 325728 400923 327192 402218 326733 402167 324443 399082 327585 402205 327408 401631 322564 396982 325802 400377 322508 395740 329008 404060 321213 394840 323441 396689 323901 398274 329771 406042 320704 394644 323852 398198 325041 398635 322025 394285 328152 403321 322615 397059 323809 398536 325240 399871 325365 400471 326493 400748 322490 396289 302372 371511 322904 396965 323361 397781 320891 394131 324258 399068 323678 397285 322988 397158 323520 396883 322455 396806 313825 385729 328642 403687 325204 399951 321483 395568 323690 398185 321846 394953 323230 396010 324809 399324 244678 300432 321689 396194 323672 397406 322548 397113 323222 397313 326736 401927 325809 400208 326562 400558 321860 396065 322060 395575 326668 402391 325449 399696 325678 400725 324296 398041 323304 397913 324431 398594 326179 400202 322745 397337 321663 395845 326645 401679 315784 387590 324264 398068 325750 398924 324786 398732 327449 402213 323069 397124 326141 401259 326265 401084 328678 404217 321745 395491 323218 397286 311796 383117 324400 398727 300228 369229 323333 397504 320500 393772 325822 399726 326409 399940 320708 393421 316941 389438 322825 396610 320447 393599 321046 394501 325909 400869 324910 399657 324656 398145 323730 398634 322386 396284 321538 395441 322476 396593 324410 398895 320292 393330 321941 395594 322128 395766 322241 396056 324164 398532 312369 383466 2122
320656 392824 322501 397230 326002 400984 326875 402132 324831 400114 328025 402474 320912 394458 325914 400852 329112 404001 325854 399844 328077 402525 322351 395947 326809 401484 323078 397250 312080 383840 324406 399148 327337 401562 323080 397823 324002 398297 326478 401277 327633 401815 326060 400032 306883 377348 326757 401760 326827 402287 324085 397742 310862 381849 325590 401287 327542 401695 322369 396389 324225 398229 322609 396451 318386 391727 327733 402223 323434 397563 327899 403111 322245 396522 327569 401806 326956 401647 326796 400533 322595 396313 326803 402469 328402 403658 325077 399252 323098 396658 322455 395619 328471 404349 325744 401309 319492 392926 322251 395889 327003 402195 327371 402471 324106 398671 326849 400980 320958 394092 323290 397437 324394 399085 324515 398392 326407 400113 326158 400899 329224 404320 327632 402450 321794 395681 302827 372518 321437 395863 324844 398871 326063 399734 314942 387248 323381 398012 322378 396476 325913 400770 322336 396523 328653 403890 320672 393848 323118 397438 326937 401966 325037 400047 323426 398041 326743 400837 327237 402336 321207 395038 314860 385612 327606 402837 323827 398391 323364 396377 323181 398176 321413 395360 328305 402619 326478 401478 324112 398384 325691 400915 322715 396330 319699 392118 326782 401354 323579 398264 326817 402176 326209 401358 323630 398004 325821 400129 327524 402990 2010
324136 398447 324410 399170 305053 374302 321789 395113 328615 403367 330868 406822 327975 403331 326548 401475 326574 401492 321986 395223 322276 395735 323679 397524 325124 399792 326156 401196 322774 396957 326379 400828 322680 396342 246840 303858 328524 404537 323345 397781 327196 402154 329252 404169 325821 400285 325105 400208 327359 402378 327169 402673 327731 402533 324975 399474 328205 402861 326601 402202 323832 398150 327815 404074 323125 397463 323421 396314 327305 402468 319715 393116 328031 403394 325099 399551 327805 402380 325149 400151 327148 401275 325866 400184 311657 383539 326636 402639 327294 401863 328162 403690 321925 395642 322223 395652 325952 400892 328173 403246 328096 403559 326586 401950 330042 405973 322100 396137 298242 366263 324633 399679 323737 399065 323806 398375 323177 396827 324701 400086 327261 402098 323821 397760 325212 398920 325630 400951 327691 403051 325415 399947 323824 398116 331466 407029 329030 404496 322987 396940 325416 400092 325042 398415 326311 400383 327340 402899 331521 407098 328059 403658 321818 395837 327034 402595 329343 404334 326118 400738 327134 402474 316089 388643 328072 403533 324341 398214 327850 402997 328381 403042 327712 402804 328444 404149 327171 402304 327767 401945 326087 399722 328238 403723 326198 400944 322575 396622 328698 404165 320663 393700 322708 397024 329860 405165 327574 401685 327890 402818 2125
328286 403244 325263 400328 326170 400932 318810 392473 324820 399593 323211 397351 324448 398899 323416 397389 328222 403185 325413 400173 321334 394798 316547 388898 324325 399528 327826 403854 325029 399997 324929 399657 325302 399132 327007 402429 326012 400859 323665 398189 326669 401327 314608 386745 324765 398343 325702 401101 325929 400743 323571 397379 325529 399842 328554 403450 326413 401705 332129 407400 328621 403192 329402 404916 326113 401036 327820 402157 325876 399030 323593 397997 324720 399147 327475 403326 319292 392207 326743 402036 328777 403753 322244 396593 326485 401412 328306 402956 317714 390756 321369 395252 329905 406046 328929 403662 327419 402110 325278 399877 327427 402523 330118 405476 325405 400264 326461 400876 326696 401024 324334 398337 326993 402210 329216 403647 322412 396576 321917 396062 329550 404552 323242 397602 324595 399022 328634 403302 320534 394284 329442 405392 330030 405429 326035 400005 329628 404124 327444 402510 326709 402372 327782 402280 322950 397066 328369 403057 322930 396549 330307 405872 325402 400380 330088 405329 323086 397228 326101 400388 325029 399496 304508 375018 330084 405596 326027 400497 326181 400989 328266 403712 324755 399415 322654 396630 318517 391222 326247 400712 325826 400368 330229 405604 329075 404994 326506 401224 328972 404331 324663 398433 325599 400357 328082 402441 323728 397860 326279 401194 2082
329580 405335 325499 399460 323964 397932 323606 397971 247929 304601 323279 396704 326603 401385 324081 398840 329935 404920 328317 403381 330774 405820 330849 406403 328818 403823 326605 401775 325459 399788 330259 405927 329328 404136 329998 405177 324342 398801 328232 403915 329605 405431 330472 406408 328989 404974 315133 386697 329005 404498 327896 403425 327628 402842 325633 400212 324488 398823 331286 407447 327505 401418 328543 403497 324180 398438 331767 407249 327284 402992 323177 398035 331050 406525 327296 402320 329592 405284 325807 400179 324903 399717 331508 407993 327380 401625 306080 376466 323014 396246 325947 400931 330855 405980 327055 401555 324581 399858 328431 403706 330045 405670 328919 403980 329378 404736 329295 405268 324726 399583 327766 402148 328144 403929 330129 405914 332255 407764 328344 403638 329008 404122 326329 400183 330697 406922 326942 401468 301866 370638 328745 404407 325698 400693 318305 391297 326153 401199 323337 397373 322373 395980 321874 396189 326718 401602 331389 407346 327611 401966 327970 403236 333014 408679 327863 403844 328030 402597 331492 407108 324670 398959 328908 403031 327298 402349 328980 404487 328969 403964 326144 400859 324851 399049 317379 390571 330970 407250 321021 394770 326082 400993 332253 407971 325923 399947 328692 402918 331682 407827 328054 403238 331313 406945 322741 396352 326503 400721 325606 400180 2077
327141 402521 328407 403657 327126 400843 325165 399280 324942 399634 330379 405317 329808 405117 327862 401454 329380 403811 330719 406125 326813 401845 332292 407754 327733 403079 319889 393371 328681 404134 327734 402555 326785 402458 327202 402822 327501 402047 328165 402511 326904 402183 323242 397235 325269 400155 333245 408590 330454 405937 327420 402013 327461 402741 325871 400977 322642 395848 322957 397530 328608 404610 303571 373322 327631 402960 327254 402791 325724 400959 329790 404656 326595 401160 325929 401008 329622 404514 333545 410015 326314 401182 326987 401658 332958 408258 327316 402481 327490 402363 328574 404086 326122 400958 329236 405027 327128 402310 325789 400289 330001 405626 328019 402771 325374 400627 331355 407217 327300 402532 327450 401830 316928 389853 328825 404736 327525 402820 326721 401468 327754 401657 321528 395357 328698 403440 333236 409080 330029 405685 330716 406358 330800 407031 334694 410814 326734 401041 330042 405177 312252 383914 328532 403529 330230 406365 326487 400807 324203 399558 333985 410160 326469 401667 331010 406824 322949 397282 330118 405716 331182 407278 326768 401487 327531 402985 329997 404679 323697 398374 325379 399578 330066 405357 329813 404593 330051 405268 330326 405738 331327 406809 330103 405362 327447 402018 330050 405971 326710 402162 328061 403366 326900 402142 326577 401980 327199 402192 326687 401933 2049
331731 408444 325701 400194 324327 399023 329798 405838 331987 407937 329533 404870 331425 407375 327041 402392 324868 399385 327191 401091 322129 395387 327955 403084 332492 407536 328109 403356 328696 404199 329131 404839 326162 401247 326525 401346 329163 405023 330176 405128 319901 393083 329828 405399 331394 407873 333531 409780 330301 406042 330193 405790 329870 406041 325339 399762 327502 403065 332518 407931 331667 408264 330972 407409 329576 405226 327424 401500 332077 408868 327977 402929 331988 407811 330734 406445 330447 406244 325861 400232 329515 404840 326582 401492 328003 403380 326221 400947 329524 404827 332492 408687 330067 405944 332745 408704 327346 402854 331055 406937 331260 406358 328001 403615 326193 400955 329702 405733 329956 404819 327030 401967 327883 403271 330392 406840 330971 407640 329358 404953 326193 401914 328026 403515 326481 400319 329301 404951 326604 401128 331117 407156 329827 405698 329561 405229 330630 406920 330954 407814 328673 403532 326840 401965 328069 403113 327237 401560 329032 404595 330484 406141 328063 402920 332813 408401 331960 407847 333338 410311 331271 406912 325724 400422 327443 401921 330057 405277 328950 404529 327149 402237 328263 403864 331598 407520 329775 405818 331615 407675 330477 406034 327154 402437 327606 403151 327112 402605 333239 409950 331979 408237 328072 403123 331319 406762 328678 404297 328382 402403 2069
330437 405878 327617 402905 326133 400263 332791 407877 333936 410106 327894 403156 329604 405801 325306 400413 334643 411850 331770 407042 331251 407546 331069 407447 330247 405512 325669 400161 331042 406784 320535 393849 327965 403052 324355 399139 332959 409783 330798 406890 327679 402856 332488 408634 329043 404657 325195 400084 329572 405238 331086 407121 333233 408349 330261 405663 331644 407686 328751 404052 328589 402826 328940 404651 327267 402371 328870 403569 322976 396326 330822 406046 327526 402870 328899 405279 332864 409371 331866 407446 330591 406339 329431 405657 330496 406735 330260 406560 328641 404511 329621 405130 249559 306885 250246 307788 329959 406151 329591 405903 333152 410065 329083 403394 332193 408550 329547 404561 333431 409193 327810 403245 331491 406925 331296 407073 329609 405009 330472 406846 324648 399115 326402 401119 325965 399950 319335 392962 325145 399504 327244 401068 329668 405050 328238 403757 328814 403922 328179 404143 330269 406431 331202 407133 329946 405652 331953 407903 328655 404688 330588 406298 305680 375539 330367 405950 332537 409041 328701 403099 328578 403696 327908 402767 328975 405073 332089 407416 332751 408803 327206 401981 329633 405340 325502 400254 325672 399770 326800 401994 333419 409211 333408 409922 333287 409651 323168 397589 330512 406302 328806 403638 326911 401460 323935 398019 330249 405786 330046 405803 2099
326744 402041 328962 404501 331257 407287 333434 409168 328233 403634 326654 400772 333347 409629 326024 399947 333018 409708 332228 408652 329976 405972 332479 407834 331885 408588 330392 405629 331452 406895 333783 409798 327117 402168 332278 407684 328200 404122 335560 411154 333839 409987 329247 404572 330922 407432 325815 400458 333076 408739 329736 404957 334721 410768 331350 407121 252431 310285 333539 409508 331714 408313 333124 409788 329586 406044 330949 406227 329163 405160 250877 308376 331533 407188 326617 401332 331656 406726 329157 403579 331218 407807 327995 402671 331937 407511 333414 410416 332305 407942 331278 406666 328425 403755 331797 406532 331031 406735 334480 410809 333593 408665 332699 409425 329037 404473 333706 410373 335125 411757 330777 406667 329757 405759 329571 405185 332566 408841 334156 410687 332776 408620 326040 400870 333550 409434 333256 409895 326698 402001 333882 410807 330888 407205 328182 403569 305646 376086 328361 403315 331278 407730 332907 409089 326336 400570 330812 405631 328148 403391 330453 406443 332650 409261 332198 408093 330681 406944 329873 405966 334481 410648 329510 405492 334121 410550 327671 402733 331991 408084 333461 409534 334524 410141 326688 401826 334070 411078 309232 379753 334066 409350 329970 406076 331412 406916 328374 403851 330593 406392 334968 412359 329208 405214 328857 404611 326568 401624 330581 406415 2092
331534 406437 332406 408731 331840 408121 325930 400647 331740 408108 328197 403454 333505 410097 330571 406487 331571 407513 334855 411280 330416 406049 332349 408493 331893 408767 332577 408124 311888 383871 329429 405402 333514 410001 329835 406155 333069 408347 331604 406895 332360 408401 331784 406800 327350 402774 330987 406801 335366 412640 330665 405901 328159 403611 331360 407193 332947 409716 332489 409110 331796 407667 332544 408927 328457 404142 329121 403927 318997 392223 329097 404671 334145 410829 333951 410038 332982 408690 334082 409829 332927 409387 329132 404632 329172 404564 333646 410003 331808 407919 334474 411078 328274 403889 316667 389531 337085 413841 330356 406872 335947 412222 331101 406793 332543 408692 335066 411416 312196 383212 327801 403005 329213 404761 334990 411415 329759 405492 331849 407372 252580 310436 329616 405216 332701 410134 329431 405212 333255 410215 328903 404844 325896 401144 330184 406197 332082 408873 328680 404026 333642 409957 330471 406836 327862 403281 331096 407682 330522 406078 331225 407079 330313 406620 331842 408179 331232 407487 331708 407998 332794 408775 331814 407780 331626 407509 319495 392063 331159 407529 335381 412379 334062 411355 335131 411968 329605 405112 331260 407184 330796 406201 332288 408202 335151 411214 332967 408700 331689 407853 332388 408770 332662 408420 329912 405839 332770 408519 328115 403403 2073
331391 407834 332319 409401 333962 409970 333620 409673 335555 412638 333417 409320 329333 404406 333980 410120 313045 384216 330761 407118 319357 392911 333866 410670 328757 403820 333596 409601 333300 410137 330505 406014 331080 406539 334249 410085 333476 409588 334230 410064 330902 406985 334161 411402 333680 409793 326772 401752 330662 406239 335458 411285 333240 409799 312021 382907 332261 408551 329102 404642 334023 410844 334268 410222 332506 408303 333703 410141 330758 406330 331660 407916 334401 411346 331280 407252 334707 410033 332805 409484 331609 406669 330261 406518 333176 409023 329796 405603 336423 413067 320739 394540 335884 412789 320561 394286 334680 410621 332394 408856 331284 406789 329953 405926 327388 403067 332224 408807 334962 410837 332730 408786 333492 409454 332909 408625 319703 393088 331849 407409 333504 410662 328960 404642 334837 411876 334901 412138 251984 309755 333321 409436 332023 408088 330366 405973 329440 405282 334134 410570 333395 410249 331781 408251 337114 414714 332276 407776 332460 409333 329732 405181 335000 411889 330191 406043 330814 406455 331588 408005 335779 412764 336428 413011 334463 410925 331465 407787 332593 407417 329511 405208 335459 412834 330874 406040 333859 410047 329618 404612 332933 408946 331921 407328 329996 405330 331521 407935 329442 404663 325450 400499 332316 408137 310711 381996 334066 409899 332302 408060 2171
330242 406486 328415 403521 332170 408636 332288 409369 331040 406576 334434 410622 331613 407097 335793 411872 332956 408565 329573 404511 333219 409988 327103 402286 334717 411924 335136 412059 333388 409798 332150 408547 332502 408371 334488 411567 334971 411469 336027 412105 330360 406345 328710 404156 336443 413030 334730 410081 333613 410385 319205 392061 332491 409205 334733 411762 335414 411859 332316 408159 336938 414423 332732 409214 334220 410986 337268 413498 334185 410506 331555 408179 335982 412393 330561 406376 335992 412476 333688 410155 334767 411596 330335 406270 331785 408773 334963 410436 335309 411171 331444 407619 330420 406276 334255 410660 330194 406567 326288 400924 330210 405998 334254 410325 335892 413263 334931 411552 328712 403767 326490 402111 334321 411320 332958 410187 336211 413998 334687 411658 336840 414490 331684 407680 334316 410992 333325 409378 336199 413084 332550 408786 330069 406307 330917 407239 335888 413133 332109 408970 332707 407956 325543 400281 333193 409144 330704 406497 332725 409518 332377 408844 332351 408116 325966 400927 332571 409146 333314 410233 333374 410178 328433 404106 327972 403458 335577 412479 334505 409977 335135 411651 335769 413721 329826 406107 330976 407718 330716 407452 336712 413078 332253 408070 332859 409379 332861 408161 335080 412098 333375 409958 329402 405514 334651 411653 337571 414461 331475 407895 2066
338494 416147 337856 414533 334428 410960 333778 410201 337927 415197 334445 409984 333756 410760 331475 407507 335785 412135 333951 410971 332187 407957 335671 412425 335665 412382 333956 410105 322812 396510 331772 408320 334621 411386 336580 413778 336726 414765 328264 403394 337092 413801 332725 409118 333615 410288 331922 407951 332914 409451 336177 412983 333194 409196 334976 410562 331801 408192 326377 401571 310033 381015 327681 402886 331543 407664 336194 413436 309824 380529 332788 408710 331367 406966 335289 411312 334888 411691 334696 411138 333149 409533 335822 412088 332515 409116 331709 407212 339145 416604 336967 413284 332548 408938 333424 409949 334412 411455 334928 412502 333622 409694 317141 389570 335913 412253 334954 411415 333846 411168 337031 414609 335396 411896 333496 408857 334068 411535 332538 408612 331568 407562 335385 412646 329849 406340 334357 411177 333102 409930 332330 408341 332256 408678 333775 410278 333049 409317 333783 409131 331273 406778 328937 404386 332270 407985 334450 411474 334242 411146 335595 412441 337763 414445 326318 401649 337493 414016 334257 411038 329126 404917 332196 408496 314823 387187 333374 410464 332694 409097 332499 408776 324648 398546 334277 410814 336382 413590 335209 412440 333780 410418 333920 409459 334956 412027 335961 412710 337589 414532 337453 415136 332187 408430 334079 410874 332710 409476 335820 413377 2162
332559 408802 331021 406651 332582 409254 336059 412922 336161 412891 334297 411351 336221 413063 332679 409113 331835 407578 335593 412667 332223 408338 335787 412661 253494 311808 332627 409678 323319 396880 337362 414003 332405 408349 338489 415586 331365 407961 338746 415531 331836 407480 332353 408659 334583 411075 331951 408289 326649 401907 335522 412838 328842 404089 333272 409866 336470 413666 333540 409720 335999 413197 335682 412293 335567 412350 337071 413567 335762 412569 338564 416266 336616 413665 334765 411608 335486 412568 337495 415430 332245 408838 336442 412142 317479 390253 336967 414248 334792 411945 335714 412721 333086 408757 331494 407877 336707 414206 337578 415348 335567 412885 336745 413637 333305 409338 336919 414576 338657 415196 337239 413453 332636 409056 336029 413173 335711 412623 333204 409812 335345 412447 332704 408827 332698 409247 334423 410669 333746 410525 335247 411452 333839 410269 329418 405294 337429 414614 334407 411088 331762 407942 338272 415499 332278 408426 333969 410912 335710 412255 339357 416892 334412 411160 336536 413577 336307 413532 333658 409933 333713 411522 333708 409562 338733 417038 336495 413980 334082 409819 339303 417876 336899 414272 328004 402817 337515 415768 339195 416049 332183 408357 335776 413617 337520 414585 334889 410772 332885 409233 334923 411658 333524 410026 337747 414963 334257 411096 336427 412394 2010
336375 413018 335659 412955 338165 415531 332835 410007 336449 414221 338252 416094 334770 411689 338344 415900 339220 416498 338884 416119 333490 409892 337938 415804 334710 411915 335274 412674 334679 411448 334214 410179 333571 410614 334934 411079 335293 412964 336123 412776 338879 416935 255081 313564 335749 412736 334597 411704 337739 415700 334176 410428 337231 414624 333338 409528 336204 412867 330687 406119 334960 412024 332300 408252 338624 416385 338934 417012 335032 411543 335297 412230 335316 411458 336412 414351 333221 409930 331687 407635 335761 412920 334916 412282 338328 415877 340001 417639 338439 415644 338325 415753 334893 411842 310798 381588 313396 385511 340824 418605 337503 414876 330381 405940 335235 411514 335149 411913 314150 386359 335617 412630 333900 409244 340108 417784 335837 413012 338150 414783 328513 403392 333404 410174 250973 308410 336538 414129 331645 407887 332266 408372 335344 413169 335841 412914 339695 416736 337379 415000 334370 412147 335453 411863 335026 412473 332271 408149 338270 414769 333851 410880 334068 410728 329312 403689 337763 415405 334225 411146 335899 412444 335458 411274 335587 412813 334849 410546 335136 412379 338499 416314 336316 413235 337997 414751 335360 412672 339694 416281 332201 408337 335344 412099 333196 410177 339453 417433 340087 416993 334322 411682 337301 414692 333595 409705 339073 417659 332031 408035 2175
330428 407023 333064 409530 337381 415325 339452 417465 338588 415747 335582 411944 341347 419118 333992 410975 329794 406210 335954 412637 336957 414432 336253 413136 337266 414510 336710 413371 341332 419040 334419 411570 334516 410972 338056 415718 340546 418064 336446 413038 340471 417543 337968 414503 338263 415395 337166 414727 331122 406262 340107 417353 311465 383275 337671 415059 338976 416489 332565 408660 337164 413910 255531 314215 336306 413421 331379 407136 337684 414823 336871 414692 334714 411018 334114 411321 339781 418618 333921 409648 338489 415236 337727 415108 337894 414408 335270 412072 340462 418329 338622 415722 252849 310822 335190 411719 335516 412518 337127 414065 335617 412098 314450 385681 338984 417093 336365 412851 334733 411349 333156 409992 342376 420582 337367 414383 332603 408569 341681 419470 338383 415908 334178 411380 339117 417518 334088 410991 335291 412248 340106 418164 332570 408908 333743 409369 335782 411310 336071 413050 337650 415536 338402 416368 339780 416766 337318 414839 332936 408778 335106 411410 336090 412595 338817 417203 338430 416276 335219 412531 336898 414080 329772 406351 337891 415031 336631 414085 340380 417793 337124 414573 341914 420082 335886 412471 336141 413528 336666 413276 336838 413580 332611 408131 328568 403970 335374 412555 337885 415184 337796 414756 333930 410455 338739 417011 339801 416722 337618 414816 2021
337663 415965 341636 418709 334472 411056 339379 417377 341403 418689 338512 415724 336799 413800 335165 412586 340359 417698 330295 406217 338684 416360 341101 418930 336964 414935 338318 416537 333573 410004 336703 415040 341207 418453 337644 415434 332997 409348 340170 417479 335567 412214 341000 419736 337250 414401 336735 412657 334195 410310 337524 415324 335939 412806 339335 416781 335392 412520 336578 412729 331531 407144 337795 415312 334175 410763 336440 413569 340996 419661 336613 414124 339379 416659 337966 416062 336089 413353 338332 415158 336184 413271 335329 411124 334799 411748 336082 414223 337093 414147 335907 412630 337518 414553 341464 419043 335162 412198 331497 406582 336859 414005 335630 412398 336566 414344 338231 416196 339276 416208 338931 416519 335749 413389 335308 412604 338267 416067 337521 415170 335717 412391 337309 414557 340113 417905 337095 413464 336031 412903 332126 408162 338091 415322 335513 413028 337699 415042 332308 409024 338760 415415 334835 411945 340859 418512 334288 410571 336622 414068 337352 413928 334016 410054 335245 412412 339703 417762 338069 415252 334396 410586 335809 413422 335618 412881 337442 414916 337575 413972 339334 418109 336727 413880 339201 417276 338845 417335 335084 411609 336312 413885 336413 413298 338822 415903 338835 417014 340400 418363 338907 416838 334606 412288 337659 414803 335249 412561 336300 413781 2208
339639 417297 332807 409525 339501 417226 341503 420131 340054 418228 340720 419404 337264 414396 315497 387093 337291 415040 342788 420770 336180 413048 339465 417543 340335 417693 337597 415285 313303 385442 337367 415091 341597 419880 335578 412833 341331 420165 333105 409540 338836 417140 339880 416478 342241 419648 340289 418670 337741 415517 341226 419308 340740 419359 339754 418016 342760 421281 314157 386640 339360 416438 334535 411181 336995 413782 335076 412009 339784 416941 337983 416258 334888 411955 340017 417670 338827 416543 338974 416602 341706 419302 340191 418788 316474 389104 343285 421284 341094 419438 337635 414574 336678 413641 336028 413061 342168 420085 337460 414566 340439 417669 337304 414918 341031 419373 334053 410523 332981 409287 335506 412503 338325 415993 335060 412077 337896 415238 342045 420864 338330 416385 329656 405410 315316 387909 335806 412778 336409 412772 342585 421474 340570 419558 336720 414523 338030 415621 337049 413729 340047 417604 340714 418665 341750 420568 338060 416020 343388 421345 336995 415116 332711 408801 337868 415839 344176 422358 340814 418615 341789 419799 335105 412299 340457 417798 339635 417318 339812 417005 339967 417136 341411 419355 336002 411957 342926 420890 340440 418747 247154 303997 337921 414646 335374 412616 338020 415271 338233 415512 340243 418357 342080 420546 342431 420252 337211 414579 338416 416365 2182
338987 416191 340955 419024 339892 417174 342424 420149 340226 417963 339215 415680 337189 415592 336786 414354 340926 418876 338373 417087 335219 412669 335698 412985 334281 410956 339247 417566 338858 417397 339606 416745 341490 420018 337907 415338 336255 412621 342145 419310 340743 417981 344482 423031 341649 419251 339312 417883 326544 401868 340061 417233 339432 416663 341609 419966 337525 415274 339614 418517 338227 416028 336516 413725 343467 422716 339441 417491 343063 421954 339005 416471 340740 419189 336751 413426 344317 422094 338655 415789 340365 417972 336810 414378 339022 417023 342484 420958 335123 412042 337385 414559 336793 413698 343878 422494 341118 420315 341464 419469 337670 414883 338309 415253 337236 414266 339623 416202 340595 417619 334952 411575 343195 421535 341788 419731 339929 417617 341994 420034 340738 418799 339255 417162 339156 416120 341597 419550 339558 417375 337443 414210 327618 403260 339056 416658 341101 419012 339955 418677 339721 417728 330367 405354 337249 415264 340766 419587 340423 417868 338981 416476 339445 417507 339526 417475 336021 411907 340125 418173 339351 417618 338519 415654 344083 422141 338815 416671 340363 418162 335809 412505 339502 417379 339411 417313 339290 416511 335980 413181 342171 421064 336884 413725 339767 418146 337811 415774 340986 418894 338759 417157 340164 418587 337167 414814 335931 412986 313600 385236 2119
334332 411507 343084 422297 337472 414971 337881 414869 340157 418454 342528 420809 339245 416897 337600 414634 341701 420052 336038 413301 339111 416770 340796 419335 342704 421176 341333 418636 340647 418871 342637 420881 341244 419713 336129 412844 341143 419706 337116 414357 327867 402593 341716 419526 339313 417600 337674 415305 332113 408429 340877 417979 340651 418953 342516 421380 246897 303241 341116 418979 337166 414342 335398 412583 344507 423611 332359 408973 337016 415091 342950 421955 336889 414707 339763 417559 336301 413240 335490 412083 338529 416741 336758 413166 342697 420544 339926 417791 340583 417942 339524 417100 340373 418104 341227 419591 341816 420439 341917 420848 338086 415619 337427 414470 257401 316494 341239 419088 342339 420971 342347 420391 344730 422849 337553 414359 341388 420398 340891 418091 338820 416831 341999 419070 342658 422080 335051 412164 335445 412575 339765 416732 338223 416578 339541 417538 337359 414682 337546 413571 343024 420683 337564 414941 330744 405953 340276 418384 343001 420638 341000 419582 343688 421662 339198 417088 339702 417598 338177 415609 342487 420456 339731 418400 338013 415674 340807 417915 342408 420474 336859 413524 343114 421009 341523 419776 342969 421067 338618 416290 338021 415398 342080 419475 338752 416546 341196 419197 342087 421008 337384 414880 338086 415904 332730 409356 338992 417412 337063 414363 2221
343975 422336 342008 419780 327517 402316 338135 415354 335093 412296 316934 389559 342532 420551 340807 418544 337526 415253 341999 419650 341580 420965 339809 417928 344508 423153 337577 415264 342279 421428 340332 418097 338951 417030 343002 421977 337956 416203 340537 418474 339690 417436 342729 421285 337207 413801 334482 411229 343211 421953 342741 420660 343414 421662 343382 421818 340156 417893 339000 416083 340022 418318 334029 410597 339896 418251 340108 418583 342586 421362 337482 414898 335172 411934 339909 417734 344077 423222 339877 417512 341388 419094 339038 416109 342142 421112 339435 417265 342907 421774 341654 419215 339622 417435 341841 419788 341589 420354 341438 419801 338741 416854 337449 415021 343803 421022 342545 421256 342335 420913 339586 418163 340691 418463 339985 418246 336683 413110 333403 410280 343168 421598 342524 421016 346329 425885 339950 417944 337062 413752 340829 418611 341958 419192 344571 423100 341751 420181 339382 416649 342845 421569 339220 417132 343510 422202 342007 420903 340111 417639 336275 412780 338079 415654 344531 422512 337599 415000 326816 401528 339883 417886 342452 420851 338808 416619 338156 416176 342016 419473 343281 421073 343522 422191 340865 419359 341557 419380 335786 413512 338949 416185 340925 419027 342383 420202 343342 422007 342701 421957 340805 418754 341602 420694 338073 415391 323928 398176 338565 415916 2098
339777 417437 342496 420626 340438 418343 335851 413342 338058 416165 343480 420883 343784 423014 340704 419301 344231 422458 337833 414732 343796 422746 338433 416121 345090 423529 341172 419280 343512 422456 343392 421618 342395 421338 343329 420718 344708 424424 338928 416834 342615 421452 341328 419825 344051 422287 343152 421558 340060 418424 342379 421617 339749 417774 339611 417375 339411 416468 337456 414666 337521 414597 337847 415130 343431 421414 345821 424176 344089 423397 342015 420383 340810 419203 341552 420179 341735 420124 344207 423621 344190 423371 337889 415354 339064 416519 320485 394132 344419 422136 341773 420082 342108 419966 341121 419414 343645 423056 343265 421325 342267 420931 334173 410689 344639 422790 340621 418833 343457 422449 337949 415858 341381 419566 341365 418911 345621 424292 343271 422011 342842 421450 341555 420379 341696 419275 345201 423651 343442 422519 341676 419845 341056 419507 344711 423268 346258 424978 343237 421267 340806 419190 344357 422871 343661 422383 340107 416758 343907 422377 342673 420994 340849 419659 342077 421114 341262 419009 339946 418417 339533 417144 345590 423835 342174 420363 342275 421473 319337 391927 340815 419608 338723 416249 341849 420505 343484 421122 342416 421207 343948 422273 342876 421574 336541 413861 334261 410836 343834 422978 330439 405984 318687 391760 341941 419976 341856 419710 344073 423254 2053
345971 425557 343974 422663 340089 418351 338092 416069 345947 425358 340517 418563 341563 419312 343468 423019 339296 415998 343619 421914 339846 417751 346100 424849 333556 410129 344010 423240 339769 417823 340844 419533 342735 421901 344588 423735 345333 423381 321971 395272 342199 420943 339866 417610 341383 419882 341377 419708 344099 423092 344187 423679 343855 422817 345144 423973 340036 418343 341831 420722 344013 421833 340664 419535 348004 427288 344355 422716 337434 415148 345829 424080 338361 416208 341269 420446 340706 418486 342210 420554 344425 423492 346201 425696 339610 417782 337099 414809 340889 418745 343861 422027 344504 423977 341962 420776 343275 422211 342554 421509 341715 420365 345110 424191 343438 421904 343578 421908 342445 421287 342690 421473 345722 425044 319611 393306 343239 421316 343671 421988 343869 422225 318540 391898 342886 421780 342830 421669 337922 415531 342724 421408 336324 413381 344543 422670 342111 421023 345186 423283 343768 422142 338385 416208 343137 421690 341687 420150 342964 421620 342340 421371 345255 424329 331103 407363 339799 417626 344099 422212 345263 424526 346904 425956 345029 423815 343306 422050 345176 424123 342725 422347 346319 425022 343865 423000 343511 421831 345366 423697 342061 420420 344926 423423 344616 423531 340380 418611 342386 421176 345485 424008 342809 421534 340981 418623 341049 419391 345316 423963 2163
342957 421848 343624 422361 349159 429442 344130 423155 343005 420784 342893 421146 328004 403979 344827 424307 341135 418937 340351 418647 346314 425118 346968 426275 340476 419184 344221 421856 341133 419301 340094 417262 347022 426130 345282 424104 342959 421807 340208 419025 342816 422161 346380 426107 340005 418276 344668 423392 340388 418802 344831 424507 344093 422665 328916 404101 338365 415320 344665 422940 342084 420681 345824 425062 338829 415891 342206 420859 344030 422168 344735 423595 343370 421958 342500 419986 342447 421403 340201 417713 339655 417341 341214 419306 346840 426897 342651 420714 343970 423192 342994 421298 346046 425443 345900 424717 343008 421065 343214 422216 343159 422885 346994 425667 342075 420423 343328 422900 345782 424966 340753 419068 343608 422352 343681 422395 339558 417851 342565 420788 344240 423391 329025 404072 342538 420613 344503 423865 344751 424080 342084 419213 344785 423751 343249 422363 342219 421289 345971 425078 341156 419083 343985 422132 343609 422371 347162 427262 347334 426634 344533 422975 342051 420490 341894 420455 340406 418427 342199 420467 346580 426484 343294 421972 342473 421050 341002 419385 346659 425890 345659 424707 343945 422291 340962 419774 341941 419705 342498 420795 343126 421301 342763 420379 342232 419637 339158 417098 346198 425175 343328 422248 343964 422017 341078 420736 344668 423627 332832 409306 2260
343896 423597 346223 425772 334453 410828 322363 396316 346726 425393 344258 424459 347013 426696 347749 426928 344086 422448 342612 420168 345864 425088 345617 424011 341363 420284 262790 323262 347636 427940 346378 425907 345107 423427 341642 420204 341364 419336 342065 420281 338455 416571 342883 421423 319484 392049 339956 416732 334304 411397 343289 421716 344464 422878 339458 417601 345927 426220 347731 425894 343376 421281 345776 425067 340892 419234 340242 418779 341055 419250 337925 415663 342963 421067 348338 427847 341225 418718 347002 425956 347484 427778 347391 426090 340865 418526 346159 425019 342314 420171 347325 426251 341665 420484 342813 421422 339916 418236 343060 421506 344384 423686 344093 422627 343524 422986 342369 420642 346590 426425 334434 411124 343211 422819 343395 422442 347317 427436 345358 424392 342189 420911 339881 418036 348997 428803 262576 322884 344776 423916 345015 424222 341408 419361 341042 419089 342845 422331 345303 423953 346902 425926 330658 406290 342912 421185 345805 425473 341845 420024 347850 427431 338864 416227 345687 424821 343024 421601 344254 423235 341991 421137 347118 427083 344296 422798 342255 419961 341495 420727 344682 424325 345489 425100 346491 426198 347171 426159 345681 425387 345219 424062 341775 419923 341791 419179 334619 410393 350229 430030 343127 421688 343322 422476 340168 418410 342734 421959 341573 419497 2076
347597 427332 347254 425479 333673 410567 342800 421852 344017 422653 340375 418447 342235 420614 346483 425067 344626 423994 340696 418976 349207 428493 343885 422372 341942 419979 344899 424313 344592 424129 344197 422475 344221 423552 346777 425434 343122 422737 345914 425224 345125 423288 345612 425240 340677 418801 342359 420664 344412 423959 342809 422046 348453 427817 344495 423890 345631 424873 346209 425331 343005 422046 346972 426016 342846 421383 347692 427844 344811 423913 346375 425957 347014 426900 344246 423276 345719 425460 344707 422951 347241 427522 343858 423044 345880 425680 340003 417990 345865 425310 348724 427969 346767 425168 341245 419051 346929 426445 348843 428187 347713 426228 346399 426380 347571 426858 342786 421468 346593 425470 345358 424740 343411 422959 344240 422354 343437 422443 324536 398409 345054 423625 339572 416882 341852 420588 346217 424758 346440 426167 346008 425116 345751 425446 341603 420231 343964 423389 346017 424644 344580 423652 342063 421060 320248 393875 345719 425182 346861 426125 345210 424338 347290 425731 346244 426039 346666 426127 331708 408126 343399 422612 345258 424808 344883 424357 342143 419689 343478 421739 347897 427605 337521 414493 342366 421086 344965 424276 347647 426264 348378 428167 347991 427296 348012 427158 345032 423890 344099 422024 344718 423753 345345 424558 344567 424524 346071 425755 344016 422042 2268
342858 421349 349961 429335 347444 426394 346978 426269 347498 426424 350561 431337 348630 429380 346616 425652 347365 426118 324633 397978 343861 423329 345375 424552 344955 424395 349344 428744 345540 424970 348398 428108 342404 420618 347944 427699 343326 421951 349638 429966 348619 427140 345982 425131 348975 428567 347413 427648 346629 425832 349239 429878 347463 426647 346571 425814 318916 392077 347939 428664 347981 427244 343145 421747 344100 422374 347695 427331 349135 429055 348300 426841 341719 419886 348140 427808 346949 425979 347044 426880 343197 422011 344287 423011 349220 429250 335106 411904 336269 413523 344576 423893 349078 428513 348435 428182 344335 423171 346430 426188 346695 426872 345836 425365 344235 423104 347221 425921 349771 430016 341351 419799 345875 424320 347060 427054 346423 425786 346921 426382 348382 427309 345540 424796 346357 426116 343933 423364 346591 426102 323892 397982 339376 417610 345632 424359 346052 425468 319769 393329 347235 426780 348752 428298 347655 427748 346320 425209 349352 429689 349621 430082 350389 429755 343895 422117 348092 427430 343212 422018 343148 421908 348254 428244 346633 425512 344747 424484 343916 422493 345154 423208 341112 419746 348435 428509 344214 423414 346614 425309 346522 425597 342927 421391 261993 322466 349983 430532 343344 422098 347584 427528 347625 427162 347795 427657 350564 431236 349934 430427 2220
347632 426732 350933 430888 345823 425651 347203 426797 349063 429657 341959 420549 349628 430134 341771 420413 340642 418663 348489 427767 347079 426071 348571 428424 344079 423692 346582 425924 346484 426871 347243 427583 345109 424506 350377 430984 345599 424969 349304 428441 347057 425937 350192 430609 347115 426498 349837 430011 349180 429085 349811 429615 348521 428858 347052 425671 346771 426010 344880 424242 349259 428988 343112 421192 348726 427755 341622 419816 349620 429730 342995 421486 347006 426847 347737 427767 344893 423527 350645 431729 346612 426054 346125 425664 347840 426478 334113 410802 345601 426031 342670 420677 348340 427956 348463 428320 350193 429305 346450 426573 345944 425102 345626 424347 347737 427067 348668 429005 345733 424990 350035 430044 344911 424382 347935 427269 344583 423429 348160 427633 347692 427553 348776 428845 345162 423749 338518 414851 347714 428066 348037 427719 345503 425847 345802 425247 342735 421136 347000 425728 347789 427114 346401 426363 348314 426937 343162 422032 343920 422747 348355 427286 346432 424656 351420 430960 347618 427262 349647 429443 344827 424172 350454 431877 346990 426403 350014 430533 344403 423870 346401 425464 351013 431096 351953 432416 344421 423255 345274 424774 345011 424742 346386 425408 347202 427055 346311 426051 349099 428833 342622 421441 345354 424516 344923 424422 346991 426734 345841 424808 2238
345650 425646 345952 425375 346482 426057 346650 426509 348162 428086 345729 425560 351526 432366 347991 428268 348855 429119 349230 429491 346462 425114 345665 425893 350539 430695 346893 426394 347856 427203 344448 424174 344061 423552 350746 431589 348318 428264 350864 430609 350806 430251 345717 424674 347279 426693 346926 426784 345059 424764 348818 427910 345020 424563 350734 431714 347078 425880 344269 424222 347422 426797 262866 323009 347265 426839 345660 425394 345944 425053 347638 427418 348800 428701 350836 430945 349045 429618 346834 426523 349750 429709 344110 423746 341542 419807 349648 429131 323416 397935 342742 420590 345947 425296 349020 428531 348784 428430 350384 430941 346622 426525 347683 428307 353045 433732 346749 425420 345531 425797 339846 417765 349578 430515 345659 425132 349132 429000 351767 431462 347824 428380 342169 420630 349635 429378 349153 428903 347970 426934 349036 428756 348477 426983 337791 415068 347197 426749 341640 419459 347517 427402 344894 423939 348800 428825 345905 425099 348167 428069 345649 425416 346725 425771 344569 423900 342043 420565 344493 423431 351475 430888 348727 428873 347127 427147 350249 429946 347496 426501 348191 428436 348773 428890 345554 424301 344935 423980 349179 427939 348534 428361 335952 413056 350224 429894 349839 429996 349227 428602 351542 432007 348679 428660 347094 426895 350335 430911 350526 429896 2145
345131 424361 350884 430748 345546 424820 351559 432394 347092 426012 345927 426054 348056 426818 351308 431477 348796 429171 354158 434926 348739 428772 342957 421259 345489 424750 348917 428220 349986 429977 346189 425397 350457 431077 349922 429620 349755 430390 350186 429730 351122 431248 349557 429739 346454 425825 346910 426252 350194 430801 349858 429777 348585 429432 347855 427412 348906 429153 348433 428463 349418 429146 349681 431077 343236 422075 351806 431916 349959 429518 350837 430693 345870 425888 349669 430157 350134 429427 348150 427952 342452 421224 345657 424528 351620 432141 349866 428887 346647 425338 349778 429046 349937 429462 347490 427586 346254 426201 345359 424914 346844 427072 350000 430224 351727 432503 346173 425869 345795 424164 343302 422159 344966 424155 341948 420613 350012 430165 345596 424699 349831 430102 344486 423334 347274 426408 349253 429663 340628 419016 350950 430723 351763 432808 352338 433424 348750 427674 349500 429707 348128 428442 351591 432659 348683 428849 346691 425724 348291 428724 346950 426194 344630 423948 346506 426222 350161 429910 354055 435112 352338 433456 346076 424274 350957 431529 348653 428538 344758 424952 341362 419827 347927 429113 348686 429178 349952 429915 345577 424392 340515 418699 351487 432096 349269 428604 347353 426945 349601 428943 347916 427757 348692 428407 327322 401408 349726 430335 342438 420896 2240
350956 431401 264973 325963 347160 426603 347190 426817 350479 431830 354678 435143 352513 432888 348717 428749 348246 428238 352932 432782 350041 430295 351435 431992 352275 433047 348631 428982 348467 428703 351688 431957 348406 428534 348565 428376 328148 402263 345533 425105 352144 433335 348968 428610 351062 430930 342738 421811 344829 423219 348662 428814 350003 429435 347845 427818 350143 430171 351097 430878 348695 427861 352765 433865 348974 428156 349451 430024 352420 433621 350279 431359 352609 432823 351907 432114 348247 427331 347795 427083 347539 427594 349396 429968 350099 429665 353221 433710 351152 430711 349784 430145 353964 434690 352134 432847 348813 428545 352540 432976 352545 434014 352291 433254 349088 429489 348627 428773 348207 428657 346768 426274 354681 435839 348597 428296 348843 428841 352265 432631 339542 417372 351411 430793 354289 436161 349794 430253 348425 427484 348592 428936 346221 425456 348125 427390 349153 429449 351526 432372 350611 431232 343314 421376 343376 422253 345560 424053 349794 429837 347594 426519 350889 431800 353363 433544 346447 426870 345822 424291 351894 432198 346780 425427 353014 433397 352717 433663 346856 425806 348054 428255 350272 429746 347223 426779 345545 423765 348404 428463 350341 430350 349962 429948 349812 430682 349082 428077 351558 431371 350117 430979 349816 429334 328605 404375 352387 433766 346455 426273 2141
350741 431354 351518 431605 349038 429396 350495 432057 266410 327562 331056 406322 347946 428147 351271 431511 348755 427524 353817 433856 353866 434492 346230 425087 345802 425717 348834 428377 348333 428439 354085 434419 351398 432280 347115 425713 350275 430879 347689 427910 352729 432820 352727 434178 350295 430816 353030 434194 349474 429224 349149 429409 351845 432246 352580 432504 350550 430809 350752 430196 352766 433834 347271 426461 347505 427199 353604 434590 347391 427918 351920 431830 350620 430594 348921 428320 328528 403174 349181 429171 342532 421012 344390 424234 351247 432359 348260 427819 347825 427844 351072 430988 349279 428704 351438 431273 346969 426268 351007 431841 354156 434765 350528 430546 348654 427784 348297 428488 341198 419048 350451 430674 353144 433718 349958 431031 346480 425892 352618 433574 350369 430419 351158 431362 349072 429010 351333 432419 350245 429133 353174 433624 351280 432043 350739 431429 347887 428000 347707 428484 349318 429588 353398 434723 347545 427466 340275 418675 348427 428574 349998 428995 353848 434179 350310 430256 352774 433206 353210 434217 351566 431766 350135 430634 353121 434170 338563 416804 343943 423053 352397 433316 351380 431821 345784 425111 349409 429654 352491 433332 351801 432565 347610 427643 352985 433462 352618 433617 350827 431237 348699 427872 351421 431212 346215 425355 352783 433536 351333 432424 2262
346920 426317 351453 431275 352914 433997 347186 426723 346744 427114 350432 430893 349856 430435 352588 432861 350345 431360 351942 432977 353145 434439 350264 429429 348453 428299 348385 428392 354392 435832 352065 432712 350293 430134 350245 429854 354952 435496 354198 435500 351582 431823 347304 426662 352623 434177 348527 427646 349368 429123 354997 436437 351172 431755 354345 435928 356603 438112 352931 433551 351801 432558 353250 433431 347235 426373 340521 417848 348930 427767 350312 430796 352508 432571 350850 431462 352721 432337 346710 426798 351486 431260 352479 433066 345925 425228 353998 434679 343468 421735 351381 430791 351657 432183 355226 436524 350320 430124 352396 432077 353275 434199 356093 437677 348736 428664 348864 429188 351737 433057 352325 432287 266208 327519 354194 434803 351073 431454 354761 434972 350250 431469 352907 433191 351473 430734 345539 424823 350451 430005 351963 432623 351965 433311 264802 325697 349545 430101 346317 426311 353146 434521 354397 434696 354593 436090 351266 431994 354177 435582 345535 424449 351982 431645 348408 428137 347049 426228 344596 423555 350788 431135 353516 434497 352927 433538 354710 435701 352408 433729 352678 432961 351995 432970 351799 431782 354803 435720 347248 426939 339547 417652 349154 429373 325720 400536 349970 430389 266744 328217 350541 431421 348253 427720 346581 425977 353512 434647 353941 435852 2113
358025 439211 353480 435114 350902 431586 351420 431948 350469 431415 267561 329082 349503 430173 352781 433495 352489 433255 344804 424528 342347 420063 350763 430808 350360 431283 352293 432809 351654 432251 352959 434329 353499 434147 351952 432964 355440 436768 351727 431976 352478 433359 354011 435137 355337 435927 354750 435272 350431 431019 351808 432866 352179 432944 354472 436781 354901 435830 352726 432497 353000 434202 352139 432780 353061 434007 354357 435302 342766 421586 352439 433622 347674 427390 355146 436036 352164 432387 349631 429895 357776 439266 355487 437277 353287 433146 355286 436116 355638 436091 349265 428861 348895 429235 352743 433812 351704 432539 346617 425714 351524 431904 344436 421912 350027 430810 352820 433809 352440 433094 346025 425446 349671 429755 348694 429310 349386 429107 355754 436660 345276 424112 349037 429431 354140 434937 346680 426131 354321 435769 351744 432624 352204 432751 354670 436042 352785 433436 355944 438186 350689 431845 352027 432338 348077 428021 350614 430892 350271 430723 351996 432315 349430 428861 344695 422580 356541 437913 354203 435512 354103 435041 351965 432364 354238 435305 347454 426779 356075 437599 348931 428705 354137 434630 349802 430051 351751 433263 351144 431229 355458 436977 354963 436944 351113 432042 352635 433147 350366 430850 350024 430538 350428 430640 351424 432118 350306 429850 350887 431121 2195
352344 432310 331376 407111 358048 439458 352309 432652 354010 434774 342124 420649 351852 432791 353705 435000 346409 425082 349258 428968 353410 435034 351033 431380 353604 435297 351594 432001 354700 436658 351840 432640 354451 435244 354719 436420 357840 439512 350517 430899 352471 432823 356123 436918 355680 437660 353131 433909 350088 430490 351002 431321 349977 430776 351978 432733 353473 435426 354648 435290 350019 430962 352254 433395 354087 435349 337169 414460 349190 429007 348853 429497 352314 433758 353787 434331 350795 429978 348843 428923 347990 428510 354868 435167 356402 438189 353066 434656 354928 435986 348777 428337 352571 433367 353457 434359 353936 434197 355583 437083 353985 434986 351256 432405 354223 435653 355262 436679 355049 435756 350906 431384 354494 435714 351803 431639 356279 436286 348920 427817 355976 437639 354557 435938 351919 432909 347946 427657 349425 430224 351480 431273 358333 441446 355628 436218 353946 435212 355381 436937 354267 435856 353817 434420 351204 430957 352801 433219 351363 432346 351470 431900 353134 434328 350309 431349 343429 421341 354584 435742 355643 436075 355628 437411 352442 433682 354566 434830 352856 433665 349444 429937 354200 434358 337270 414594 351646 431717 352126 433262 351773 432377 351866 432163 352517 433664 354450 435143 352806 434141 354904 435408 353280 433973 355712 437854 350292 430801 353798 434984 2339
345477 424455 353346 433862 352878 433987 351679 432026 355807 437251 359448 442499 352634 433980 354175 435736 355167 436167 354151 435306 358633 440286 352218 433272 353262 433942 353275 434569 352341 432829 354669 436287 350416 430620 354601 435546 356438 437845 355992 437493 354842 436636 267074 328525 352121 433511 355209 436958 356789 439093 349896 430055 351956 432897 349235 429654 353089 433494 352747 434029 354056 435136 353985 434542 354610 436454 350768 431394 346963 426688 350466 431637 350930 431392 351566 431802 353753 434750 354288 435912 353280 434503 354075 435315 357889 439810 350975 431330 350557 431765 358108 440747 353322 434148 354605 436409 353799 434922 352649 432512 354192 436188 350448 431312 342476 420998 351574 432183 355051 436520 351518 432284 351651 431827 356277 437744 352876 433493 354095 435239 353156 434060 349880 429792 356604 438158 356054 436622 352094 432174 352406 433707 352996 433436 354033 434579 353388 434939 354347 435985 353649 434516 356193 437271 353637 433631 353177 433819 352260 433158 352082 433276 351517 432145 351897 432880 354597 436214 350465 430647 348294 428697 346432 426322 356147 436631 354228 435695 352363 431951 354404 436280 354637 435361 352221 433405 357599 438773 357582 439341 356722 439659 359030 440748 354281 435193 353069 433847 354576 435173 353551 434368 351408 432330 355992 437538 351232 431604 357516 438435 2339
329937 404970 350148 430471 355778 437148 352609 434144 351706 432021 354235 435767 353923 434048 356122 437656 354814 435496 350288 430824 356798 439008 348081 427456 357016 438535 355330 436907 351155 430493 354948 436618 354716 436083 358092 440095 357274 439080 358173 440256 353912 435626 357696 439497 354730 436408 353472 434336 353475 434541 353591 433462 355223 436075 355947 437407 343695 422774 328295 403958 356338 438217 351532 432827 353957 435047 330344 406357 354148 435256 350424 430969 357110 439336 358345 440184 330357 405813 349792 429550 353032 433183 354256 434353 354250 435786 349600 428978 355897 437353 355813 438018 350853 431467 352661 433657 354273 435010 353004 434306 353067 432818 357509 439443 350040 430308 347836 427646 352645 433854 352440 433154 353238 433796 358547 440603 352882 434461 357846 440243 352486 432460 355090 435671 352679 433471 359020 440901 358235 440426 355187 436637 355659 437643 351451 432259 354044 435710 353300 435333 354974 436582 356442 438386 355479 436119 354637 435232 357215 438784 354411 435763 353064 434551 353280 434701 352258 431531 356072 437995 355016 435981 344505 423043 357877 438872 354935 436321 351334 431736 353166 434419 352172 433250 354845 436462 359468 441884 355597 437068 352547 433325 352958 433756 358999 440383 352930 434352 350714 431256 357160 438207 352359 431913 330803 406528 354700 435457 353289 434084 2216
355637 435765 358127 439214 355650 436113 357348 438218 353264 435128 354544 436358 357583 439108 356576 437370 353437 434615 347188 426835 358475 440444 356300 439013 353979 435019 355707 437183 353994 434865 269923 331758 331830 408073 355070 436750 359427 441777 358445 440790 357283 438553 355795 436619 352106 433403 359784 441678 352888 433953 350956 430955 358577 440751 354029 434945 350072 431022 354753 435721 353730 434223 353744 433885 357221 438235 349836 430101 348735 429299 357701 438977 352536 433650 349430 428981 352912 434614 356419 438202 352948 433828 357515 438978 350126 429602 354478 436033 356484 438188 350234 430225 352741 434489 354326 436178 356914 438280 354645 436197 269864 331627 353950 434318 354824 436574 357883 439781 356554 438524 359344 442458 358623 439867 349743 429897 349740 429456 353811 435027 348370 428695 355575 437319 354863 436190 356647 438074 352782 433770 357267 438063 352581 433769 356173 437016 352645 433633 354153 435078 356310 437659 351494 431856 351649 432291 355089 437416 355661 437482 356891 439710 358921 440575 357669 440204 351502 432075 351545 431747 357773 438891 355200 436744 353463 433538 353232 434129 351927 432547 355842 437819 353556 435285 359032 441075 358234 439860 360200 442432 353374 434374 345975 425871 357681 438685 354120 434826 357586 439904 355295 436498 354344 436260 356606 438142 352380 433231 359935 442894 2242
355570 436680 356491 438887 358162 439419 354488 434874 356525 437289 357849 438895 353709 435009 355630 437627 333576 410406 351998 432862 357947 440008 355890 436517 354511 436501 355423 437437 357154 439653 355365 437307 356487 438263 359534 441521 350792 431711 355003 435767 362182 444788 353181 434391 341832 420064 353142 433244 358509 441159 357625 439154 362214 444457 358349 440864 360843 442196 359027 441279 350145 430166 359984 441834 357957 438860 353300 434321 356881 438967 359075 441769 352769 433995 357395 439146 355261 436972 353498 434415 348252 427021 358184 440153 354329 435538 358855 440525 356898 438630 355369 436500 354918 436147 355765 437706 355157 436897 356833 439708 357458 439941 356134 438291 356800 438130 355345 436673 354743 436575 354269 435064 356614 438230 359775 442471 356909 438797 359329 441852 354468 435427 354167 436032 357209 439423 356699 437353 357740 440569 348162 428804 355161 435875 358531 441192 357126 439310 352444 434024 356179 437898 356833 439537 355115 437415 356991 437669 361511 444230 358637 441795 334815 411184 352366 433345 355979 438111 343881 422813 357307 438789 358586 439962 356620 437746 359525 441747 355061 437029 353997 434153 358119 440346 352407 433477 359662 440827 350357 430672 358655 440696 353901 434991 339331 417476 355558 437119 359592 441534 356288 438003 361102 443326 355801 438540 359732 441428 356391 438653 2294
355055 437079 355185 435841 358128 439575 359438 442207 357110 439428 358204 440441 354336 435565 355769 437298 356921 439261 352237 431600 353481 434507 358330 440230 355929 437511 358942 441382 360081 443576 359201 442050 357124 439645 357515 440131 358833 441217 358580 440883 355973 438530 355620 437615 359880 441725 355437 436748 352966 433530 353975 434830 357579 439096 356158 437477 357227 440019 358333 440248 355134 436589 352149 433941 359543 442176 352240 433166 361083 444386 356812 439611 356168 436953 359867 442207 359292 440756 352781 433516 354670 435590 357022 439035 354426 436432 358456 441636 359952 442246 330518 406997 358104 439692 359618 441601 356064 437162 354351 435365 353823 434960 356088 437499 357240 440210 341588 420431 356470 437911 355332 437027 361799 445203 356591 438827 356359 438495 357496 439045 357342 437864 351926 432681 359553 442348 356491 438085 357399 438995 359545 441367 359707 442297 355605 436987 269301 331215 355619 437634 356717 437905 357373 438971 359163 441830 358240 439672 356025 438183 356612 437922 353395 434125 356989 439354 359505 442399 358769 440002 360157 442539 358360 441231 355917 437668 358736 440430 355730 437255 357066 437809 359028 441610 356620 438385 354245 435493 355063 436650 358214 440778 358044 439268 345633 424265 356795 437584 357995 441234 362278 444529 350985 430554 360440 443148 356094 436900 355384 437221 2240
357359 440050 361593 444856 360067 441843 355658 436979 359576 442279 360474 442990 353756 434662 359914 442032 345421 424877 358546 441079 362197 444583 356528 438703 355958 437519 353904 434926 334602 410749 357395 438671 358476 440757 358086 440480 354523 436504 353651 435059 356012 437030 357880 440555 356141 437668 353537 433821 352046 432333 356565 438204 354567 436066 357117 438933 360473 442751 353832 435276 354089 434618 355372 436972 359395 441675 352784 434626 358397 440526 358994 441022 357412 439872 360892 443147 358886 440913 361234 442997 360610 443314 357565 439686 357628 439719 363674 446978 359170 442074 356688 437902 354999 436163 356119 437307 355189 437041 359355 441297 359448 440900 357178 439395 356790 438792 358719 441127 360958 443385 356335 437811 356388 437927 358255 440277 359694 442452 355239 435663 360332 442371 360885 443505 354503 436292 362417 446110 349513 429115 356307 438658 358987 440648 359925 441491 354094 435786 356916 438661 355808 437614 355374 437273 355935 437643 359213 441728 359015 441869 357297 438605 357028 439596 269486 331289 359202 442835 357586 439841 356678 439079 359031 441811 357183 439481 356863 439216 356912 438069 357199 439158 356763 437592 360186 442508 356910 437823 355353 436582 356088 437310 355596 437451 353220 434734 358117 439270 356036 437668 356439 437992 359475 440706 357120 438924 360323 441956 359628 441015 2123
358809 441094 346043 425926 357778 439985 352710 433288 360159 443359 357749 440426 360473 443924 358445 440633 362135 445912 356627 439039 361707 443739 353761 435040 360546 443622 359883 442371 353552 435183 360831 444174 361192 444238 356616 438587 360889 443268 344240 423859 350186 430666 359997 441965 361294 443725 356686 438664 356670 438358 358356 440497 357734 440144 360690 442924 358179 439448 358969 441506 355218 436104 359744 442056 362767 445953 363813 448267 357780 440113 357966 439822 355416 436872 358659 441086 359271 441105 358526 440840 357209 438662 357768 440566 360501 443665 361295 443535 354470 435730 358056 440628 357068 438894 360867 444118 362243 445252 359940 441675 360350 443071 357843 440580 361400 444252 353301 434458 361263 444158 355593 437308 354584 436088 358237 439356 357399 439744 355544 436405 354235 435622 357035 438652 361558 443810 353273 433407 360590 443430 357549 439594 346548 426096 360176 443086 363151 446494 319861 392974 357776 440070 358111 439938 347544 427530 362098 444700 356431 438098 354633 435273 357164 439062 363226 445789 362274 444744 356656 438500 355103 436457 358580 440993 360896 442572 359168 441744 357409 438651 358557 440680 353987 435295 358288 440154 357383 439961 352555 432733 361667 444783 359383 441717 359265 441523 357423 439946 360079 442676 361242 444010 355943 438123 335250 412635 356267 438562 335975 412907 2381
361266 443373 360457 443204 358959 440869 359951 442209 356912 438447 357356 439439 363569 446409 361743 444206 332366 409029 359091 442359 359256 440601 356527 437696 360042 441930 361581 444430 360749 442565 356954 438555 337369 414202 363925 447806 359565 442368 354787 435831 358518 440946 357268 438830 357164 439307 362663 445787 356266 438257 359440 440543 357979 440452 359118 441866 360093 442716 358028 440173 353150 434606 362841 445458 359581 441513 359039 441022 361484 443537 360406 443357 358653 440758 359759 440719 356070 437973 355757 437127 359364 441897 359794 443152 360323 442566 358247 440664 360633 444116 361463 444793 358154 439599 361115 444190 362269 444665 356409 438021 361908 444637 274074 336860 362299 445752 360124 442789 357735 440214 361362 444087 357229 439535 360287 442942 353728 435157 363712 446719 362251 445616 340555 419240 355759 437812 361914 445149 357848 440286 349456 429377 352189 432703 351534 432270 357320 439728 354600 436304 359699 442344 357245 438767 359361 441898 357961 439028 357400 439352 357417 439277 360660 443276 358796 440944 362315 445141 361261 444523 362618 445563 365241 448775 356511 438044 357518 439559 361806 444522 362036 444322 362393 445787 353933 435243 359628 442347 361243 443549 354654 436254 363091 445749 358040 440407 363851 446783 360252 442906 358595 441420 355177 436782 361149 442856 359589 442608 359292 440642 2136
361154 443450 359398 441862 361322 444308 361150 444110 358149 441151 362600 445112 359138 441821 358946 441359 362580 445161 356254 437707 362146 444096 364086 447397 361831 445787 354346 435670 361446 444100 361413 444319 364974 447792 361451 444452 365619 448700 362196 445840 359999 443199 358776 441060 362520 445151 360091 441750 358049 440849 363982 446291 363567 446415 360371 442362 360675 443324 358287 440457 351173 431978 363046 445753 358667 440818 361691 445134 361146 444571 358160 440526 355416 436557 361906 444155 359692 441497 363855 447557 359866 442391 361195 443280 361027 444904 359366 441641 359819 441563 333615 409516 363356 446306 360359 442326 354456 435336 362049 445041 361688 444890 360348 442995 358511 440794 362459 444912 357093 438617 360951 444010 363963 446731 272656 335382 363606 446239 337751 415038 358564 441516 359607 442822 358424 440998 362641 446146 358854 440291 360328 443391 360185 442646 360074 442090 357564 439596 362586 446283 355835 437376 360691 443066 358271 441372 354331 435222 333993 410280 359632 442748 360360 443352 358382 440781 362020 445336 365030 448984 364381 448606 359158 440537 360383 443096 359338 441976 359319 441526 361333 443751 359580 441686 365519 448887 361895 444745 359097 441613 360754 444098 357471 439309 361647 445268 349608 430006 361428 443762 359299 441725 360864 443473 358181 439746 357348 439747 362145 444299 2372
354799 435923 358696 441832 361609 444035 360275 442721 363863 447176 358098 440628 363724 447784 363511 446225 363248 446414 361363 442900 358441 440391 360987 443706 359347 441593 360926 443341 358254 439336 360691 444007 363799 446338 354807 434712 359682 442268 361975 445360 364060 446968 360865 444343 362692 445471 362444 444594 363867 445393 364001 447084 360306 443648 360830 444317 362228 445519 362840 444891 360043 443257 362285 445673 358752 440854 363440 447679 357521 439671 361682 444859 358620 441079 360520 443420 361137 444161 361258 443914 354965 436218 363794 447618 363357 447459 360540 443748 359226 441546 272754 335773 367090 450438 365216 449074 364671 446968 359270 441872 357486 438754 361007 444100 359999 442131 364845 447820 359839 442339 359754 443031 360328 441951 360104 443097 361662 444693 360449 443542 365673 449672 364511 447698 361395 444629 360193 443020 362289 445475 362540 445941 364339 447778 362038 444856 365707 449329 359197 441181 364448 447321 359525 442248 359260 442806 366449 449892 359023 441763 358787 441321 361977 444311 360852 442991 363198 446104 354705 436658 366073 449416 358459 440234 364604 447183 363326 445911 361730 444838 362385 445624 361895 444838 359980 442138 361555 444749 359504 442525 358516 441213 363450 447075 363292 446356 361582 444279 359371 441415 360855 443691 361034 443976 363883 448101 364302 446666 357551 438775 2308
363268 445803 363766 447541 361014 442645 362199 446121 360391 442197 360000 442567 362927 446786 363736 446306 365459 449598 365090 448408 362447 446182 359398 441204 362947 447013 361670 443676 364883 448424 362726 445884 363699 446361 358369 439845 349664 429673 367697 451670 362945 445896 364717 448999 363233 445551 360082 442971 362609 446064 361193 444448 368039 452098 366359 449844 362047 445029 361910 444142 361841 444497 360074 442354 363642 446731 362613 446086 358265 440398 359834 441471 362845 444454 356088 438181 359779 442182 360023 442515 364000 448222 355281 436751 362388 444838 360190 443453 366059 449625 362544 445570 358641 441156 365016 448579 362265 445113 360613 443303 361358 444388 363757 447925 359295 441435 361769 443801 367238 450931 365841 448832 365476 450061 362117 445602 361315 443699 365624 448586 357348 439063 363948 447739 357061 438889 360914 443610 360732 443383 274296 336969 357266 438907 364740 448124 359700 442538 365867 449847 363364 446841 345639 424669 363355 445940 362143 445197 361180 443367 360283 443311 363264 446131 359709 442782 361671 444590 360046 442497 360678 444045 361470 444281 364240 446549 363745 446456 364836 447951 363567 447188 364241 448557 361428 444870 359099 441551 365362 448649 363617 448276 364483 447129 360587 443951 357966 439386 365434 448482 362173 444865 361785 444489 365205 448767 361448 444869 357878 440557 2222
361035 443100 365502 449130 364099 448024 360644 443711 366721 450202 357677 439220 360893 443631 363653 447396 352389 433425 360726 443375 363948 447330 359268 441507 360709 442537 361584 444967 356117 438194 362378 445446 363025 445914 360115 442749 360732 443454 363254 446141 362759 445633 366907 450595 362904 445336 367867 452678 364897 448297 358921 441791 360721 443093 363965 448636 367963 451893 366509 450067 359262 441196 361051 443352 358640 440875 363786 447406 356921 438908 358331 440326 361970 445514 362789 444844 363830 446982 362424 445341 364729 447506 356225 438091 361289 444189 360163 442720 363457 447216 361889 445358 361062 443353 353934 434597 365716 449362 361206 443951 357710 439441 360296 443447 360600 443554 367434 451081 360162 443146 357316 439300 365668 449123 358855 441111 364426 448316 363790 446697 363465 446136 336393 413136 365728 449419 362364 445801 363417 446489 367695 451123 360839 443447 360300 442850 361820 444464 362967 445769 363025 445741 365641 449317 360339 443902 368524 452111 362212 444421 363026 446770 366371 449553 361499 444806 363130 446582 362792 446158 360807 444214 362185 444964 362379 445222 359729 442838 365817 449937 360016 442084 361138 443258 359922 443167 365620 449448 351955 432720 365181 448899 361993 445059 361208 444454 361530 444318 365449 448720 363926 446523 366381 450718 362115 445176 360084 442347 364109 446865 2323
365333 449038 359686 442081 362856 446536 362860 444992 360988 443877 362185 445262 363930 447133 365389 448698 363779 447493 363919 447568 362727 445304 364072 447676 360014 442132 362709 446352 364534 448623 361341 445072 363206 447110 358325 440612 364901 448881 364452 447775 363930 447318 363829 447180 363119 446009 366378 449540 361057 444031 362821 445245 365886 450178 365229 448122 363189 446125 360301 443212 363957 447947 362217 445005 364482 447100 364230 447151 364499 447957 362973 446224 366235 450454 363442 447430 360581 443428 364122 446776 365156 449502 368930 454093 367580 452059 363111 446543 364398 448384 360388 442877 361670 444646 365233 448916 363655 446880 363311 447378 365508 449879 358552 440681 365946 450251 367705 451876 363864 446979 361523 445001 365247 448236 361167 444021 360163 443739 361011 443932 359276 441334 366812 450002 365750 449622 364859 448411 348907 429168 367261 452227 365944 450104 367401 451531 337945 415930 363294 445865 361416 444062 364038 448000 363635 447221 366329 450406 366835 450868 365095 449027 361608 445061 362524 445999 363938 447492 357746 440044 362055 445506 364371 449026 369194 454003 365418 449305 367639 451898 356803 437969 365771 449943 363013 447042 366160 449600 362857 446130 365892 449583 276376 339687 365615 448532 366328 449830 365523 448962 362292 445483 360743 444057 343913 421925 364687 448598 364807 448987 2215
362333 445737 362888 446065 362953 446286 364548 448810 363257 446819 368172 452355 367246 451594 367512 451759 364334 447510 364526 448657 361769 445499 362827 445671 366726 451707 365589 449270 363703 446999 276434 339970 361603 444507 361989 444717 368866 454348 366581 449647 364471 448254 350356 430039 364829 447259 367466 452505 364108 446622 361947 445605 365224 450009 361627 445152 361273 443715 366732 450662 365377 450029 365695 448688 362123 444944 363846 446796 365585 449917 363356 446080 361588 444534 366473 450254 367347 451234 367452 452059 355986 438132 365679 448024 364716 448967 363966 448412 367279 451193 347638 428025 360889 443286 368995 453413 349660 429949 362564 445985 367195 450446 362866 446281 361795 444406 361649 444438 362179 445516 361077 443364 367581 451710 366745 450655 366161 450594 362136 444062 362619 446065 365787 450078 362612 446308 363368 447756 367527 451233 364152 448711 362906 445662 365034 448166 360266 442518 366043 450008 362349 445479 354399 436103 363125 445941 365022 448706 362603 446322 362454 445146 355117 437149 365298 448363 361332 443757 364167 446862 363767 448109 367925 452823 363435 446586 360551 443691 368416 453081 364946 449257 361391 444257 363063 446303 362916 446962 360399 443482 364183 447687 363741 447700 363866 446935 367651 451792 361454 444009 366586 449565 366542 450251 358906 441552 360988 444040 363518 447169 2254
364254 447567 368700 453737 367426 451548 363859 447328 364029 448288 365624 449921 365453 448800 367323 451882 369582 454279 370660 456546 362946 446363 366121 449110 361156 444743 362513 445337 367510 452172 362841 445648 368269 452907 366665 450572 364863 448030 370977 456400 363137 446794 366292 450147 361231 444122 365506 449242 360411 443458 365620 448618 362478 445979 367292 451652 366860 450130 366526 449297 365911 449670 369810 454494 368525 452015 362493 445890 371139 455739 365817 449076 363343 447143 363482 446937 364295 448254 365314 449400 370850 455469 369388 453430 370529 454603 369183 453707 364428 448086 365952 450288 365271 449076 365344 448599 369573 453715 364444 448567 364402 447733 365196 449486 360141 442968 364309 448220 368318 452083 363388 447043 361284 444168 369444 454299 363407 445253 367055 450858 363093 446701 368018 453121 367844 450556 362390 444914 371417 456078 364244 447520 368474 453242 365383 449410 367007 451536 362885 446116 362803 445787 359086 441463 362857 446559 363578 446700 364992 448265 359819 442314 363797 447487 364721 447537 366682 450826 365210 448849 363519 447168 343651 421680 366365 450105 365811 448857 370136 455872 356147 437864 363587 448240 367745 451821 366154 449830 360985 443277 363599 447285 361252 444438 363707 447046 344096 421548 365806 448929 365067 447932 368856 453757 364567 448258 368511 452162 366077 448845 2430
368111 451887 361749 445013 362838 446278 365356 449806 367873 452057 341099 419344 366906 450539 361941 445368 366865 450856 369934 454169 352152 433496 368573 453369 368906 452289 364813 448292 371250 456151 364570 448946 343773 422598 362993 446264 365428 450295 369120 454148 369425 454162 366660 450508 370858 456007 368978 452971 363861 447918 361708 445048 370939 456454 365448 449330 342421 421494 368043 451646 369654 453644 368171 452951 368921 453922 362563 445360 278418 342249 367999 451404 365875 448887 361837 444276 367128 451021 357269 438481 367645 451406 368135 452795 370396 454836 367796 452533 338830 416505 364868 448778 365923 450025 369189 453076 367246 451900 361192 444038 364648 448414 362698 446567 366772 451066 365495 449759 363960 447556 369122 454004 364586 448374 365616 450656 365233 448607 363463 446894 364250 447954 364491 447463 362018 444756 363779 446888 368342 451778 363772 447332 362307 444748 366982 451138 368661 453131 371531 455817 366420 450779 368166 452181 365943 450050 360106 442591 366568 450211 366777 450285 365009 448539 363796 448087 367468 451412 366669 451011 277643 341570 364377 448338 368232 453201 366727 451014 358283 440801 366202 450402 364393 447792 364479 448175 366849 450942 358878 442079 364041 447518 367121 451629 367620 452195 364013 447917 366880 451075 365077 449710 364807 448895 370692 455912 363503 447279 368774 452363 2233
367559 451741 366243 450252 367518 451586 365166 448943 364323 448387 364807 447627 372918 459495 370223 454534 369484 454831 365833 449568 364499 446336 361827 445005 366276 449742 367048 451794 362763 446122 365424 449380 370066 454232 364435 448047 366036 449960 365586 450355 368179 452246 367271 450873 363694 446904 370219 454844 361952 444822 364289 448076 365260 449807 364934 449272 368022 452111 365084 448860 369355 454333 368479 452941 369373 453001 368391 452355 360397 443243 369977 454426 367544 451145 363304 446628 364157 446987 373820 459299 366213 449584 369304 453334 370871 456027 370117 454452 367523 450681 357458 439942 368449 453295 361754 444982 367315 450885 366484 450563 369463 453623 369261 453290 363357 446937 362985 445465 364245 448512 368358 451756 365668 450124 365335 449377 364966 449275 366338 450369 372148 457656 366977 451306 367634 451190 365693 449982 360151 443357 364064 447008 368273 452541 368918 453551 368526 452808 369588 453901 365331 448638 367517 451103 364791 448639 366970 449931 364207 448418 363323 446724 366226 450853 363677 447332 371663 456882 365658 449579 365280 450004 370118 453913 365365 449341 364830 448239 370136 455180 369956 454767 360812 442455 365033 448665 369594 454936 365915 449767 367933 451378 365184 448900 364217 447735 368776 453537 369040 453899 367164 451995 369358 453401 369056 452841 367544 452102 342226 420354 2367
322793 396183 367154 451531 366576 450977 364484 447850 369581 453943 368863 453529 372364 457282 364120 447202 367327 451829 367868 452131 370796 455698 369163 453773 363847 447859 365822 450659 373207 458426 365147 449209 366903 450958 364574 447805 368488 452993 371180 455562 344715 423673 371436 456943 371583 457040 366840 451600 368294 451927 363575 447162 371969 457123 369365 454294 369293 453695 367457 450179 370204 454416 366796 450801 366018 449293 365470 449672 371536 456055 369117 452918 368571 452597 367471 452789 367574 451944 370847 456359 367116 451630 367598 452648 371013 455840 369424 453677 365030 448679 359723 442534 365379 449924 368912 453458 364608 448696 368776 453335 366268 449249 370318 454647 366720 451405 363696 447444 369908 454515 358459 440493 363132 446996 365644 449402 367322 451719 368138 451947 364323 447598 368173 452924 366851 452296 371576 457312 340959 419913 364304 446912 369755 454043 361520 443051 368172 452526 366188 448913 363752 446978 368515 452619 370329 454485 366099 450944 368463 453898 370800 456776 371908 456626 366536 450912 365246 449737 364400 447908 372035 456981 365813 450234 364270 447756 367841 452467 367483 452123 367633 452104 373948 459786 366476 450770 370283 455330 365155 449417 367447 450863 367918 451974 369826 453590 368453 453546 373106 457796 367932 452472 369473 454181 366889 450925 366318 450460 371952 457372 2246
365809 449146 371179 455938 372712 458141 366504 450926 371540 456220 369137 453337 367737 451460 365938 449668 369550 454369 369120 454283 357182 438725 365847 449414 366524 451268 364660 448671 368663 453446 368376 453862 370433 455977 368147 452609 369867 454028 370008 453343 370474 454242 369874 454895 373343 458174 367002 451490 370849 455368 368091 452652 369281 453565 364332 448064 367486 451658 369542 454005 370064 455316 369225 453868 367679 450767 374413 460240 367758 452648 369987 455525 369635 454047 366108 449951 368027 452180 368953 453726 372198 457756 369360 453952 370924 455953 371399 456266 367854 451983 344827 423364 368248 452417 370476 454474 346994 425257 366116 450378 369870 455025 369258 454801 370603 455927 359892 442803 361642 444752 367243 451657 367114 450711 369186 454287 365092 448930 371620 457252 363829 447219 341583 419425 365036 447989 372725 458292 368718 452596 366628 451023 369896 454343 370120 455306 371601 456492 367345 451424 365475 448300 370430 454369 371525 456915 374144 459214 368684 453442 366025 450290 369403 454289 369924 454607 367467 451932 367991 451180 366043 450862 363807 448460 363940 447586 370678 455683 366943 450814 371220 456173 364676 448283 348394 427635 370457 455361 366074 449947 370093 454082 367086 451033 370856 455752 368884 454005 368372 453306 367512 452899 370573 455399 370031 455114 367560 451547 363487 446733 2351
373222 458614 367076 451777 364460 447482 368773 453478 366219 450640 371061 456675 367320 451965 373917 459720 368217 452718 370266 455234 369986 455366 369442 454496 369731 453887 368303 452313 368257 452207 364912 447746 375951 462583 370518 455330 371377 456664 369839 454914 368501 453320 372786 457603 372238 456639 371540 457489 369044 453914 366252 450803 368675 453473 371655 457276 369651 453498 368602 453377 368259 453667 370578 455506 368769 453529 370684 455233 369809 454932 368555 452988 368800 453841 371884 456620 371363 456862 365670 449808 374471 459960 366988 451324 366218 450379 367405 452247 369724 453642 368302 453137 366278 450487 372634 458305 360499 443260 371655 455410 359498 442060 369082 452607 368038 453098 373416 458007 367625 452792 369966 453777 368815 453654 354028 435065 367994 452602 345079 424649 370703 455863 370251 455320 374384 460317 363680 447119 373164 458664 371800 456771 368661 452867 372800 457402 369574 454958 370252 455280 366153 450904 364375 448669 365684 450158 373295 458415 370600 455857 373723 458687 368089 452725 366063 450113 362102 445494 374454 460496 368456 453707 369680 453985 367339 451174 365660 448747 363288 446706 370814 456287 366655 450663 373465 460047 368655 452829 371941 457487 371182 456538 369569 455271 367926 452567 371675 456931 373977 459237 366905 451042 372001 456824 356214 438255 370034 455031 373208 458051 2365
376815 462684 372224 457586 368048 452580 372333 457212 371054 456254 373182 458773 370153 454953 367505 452231 369356 453949 369893 455277 368704 452959 369883 454387 364951 448200 369011 453647 371850 457181 370906 456286 371502 456923 368411 452950 367151 451726 372396 458268 373265 458839 369636 454988 370836 454912 369789 453850 369638 454339 367029 451117 368942 453388 366842 451614 375050 460746 370481 456078 359984 442478 371972 456960 371597 456187 372100 456954 368922 454200 280614 344727 370212 455160 372457 458597 374518 460780 369761 454995 371004 456493 374040 458851 365298 449659 370530 456549 369460 454185 368466 452424 367781 452540 371062 457104 372329 458430 369100 454745 366771 450502 361186 443966 370171 454477 371239 456339 373297 457981 369211 452709 371102 454978 363662 446796 359442 441461 371189 455126 366590 449656 370839 455240 369672 454472 275285 338441 369107 454034 368514 452770 371562 456765 373732 459903 372758 458202 367205 451234 370630 454481 374999 461371 366375 450833 370772 455403 372150 457694 369330 453670 367159 450809 367344 450811 371876 457304 366342 450183 372636 457670 369287 453366 372707 459086 368991 454408 371259 455600 367769 452040 369331 454256 367364 452048 373705 458719 371792 455864 370539 455405 373772 459802 367968 451977 366396 450132 369957 454746 372341 457771 372060 457605 371801 457314 366620 451268 368791 453466 2305
372611 458189 370062 455179 373742 460027 373591 459584 351391 431585 371180 456042 374529 460103 368161 452772 367745 452322 373312 458802 367608 451489 370198 455504 368439 453186 368801 453689 373218 458350 376462 462700 369890 454976 373361 459304 368032 452325 372136 457092 365302 449327 371917 456840 369574 454751 372889 457684 371045 456931 368624 453793 372524 457147 376574 462367 370306 455744 369694 455248 370195 453694 367749 452868 372003 458043 371346 457051 371138 456698 371087 455108 368356 452561 370881 455796 372269 456995 375692 461050 374952 459499 370297 454968 372229 456429 372099 456743 371667 457236 369821 455224 371466 456559 368744 453844 369747 454443 375040 459870 370228 455120 369110 453897 367471 451633 369563 454265 367181 451207 369970 454574 373641 459029 365323 449099 369921 455182 370355 455828 377161 462812 368827 453575 369641 454742 373705 458929 368934 453065 375530 461406 370457 455281 372175 457123 372914 459037 369925 455299 372094 457866 373870 459824 364935 448259 376102 461891 372449 457495 369162 454829 372517 458772 372435 457612 368431 452668 367819 451683 375706 461550 370468 455443 358954 441098 374768 461012 365859 449635 365529 449235 372080 458071 373802 458997 346696 426782 372920 457932 368527 452950 342845 421504 370642 456086 375228 461645 374201 460931 370980 456552 374685 460191 368747 453594 367945 452099 373729 459513 2476
373066 458332 374201 459367 374051 460090 372167 457832 374693 459132 369096 453297 377056 463184 373778 459340 370495 455239 368069 452418 374890 459624 374463 461282 372610 457640 371284 455812 370338 455647 369969 455426 373232 459401 369360 454233 372180 457815 371600 457041 373717 459108 374002 459788 364323 448341 374175 459768 370927 456829 374801 461266 367351 452356 370658 455202 377458 463433 349208 429393 373383 457708 374986 460742 370912 455168 376820 462526 370933 456142 375366 460504 369855 453576 370949 456313 366496 451003 375527 461653 373146 458889 375189 461008 374953 461306 371854 457050 375859 462306 372558 457938 375505 460287 375604 461098 371113 455885 367272 451053 372501 457929 364324 447828 345644 424411 374527 459457 374062 459180 373678 459903 375387 461415 373565 458624 369172 454227 375794 462285 371093 456528 371456 456577 371209 455247 374385 459853 372344 456717 370723 456131 370390 454956 369238 454609 371284 455809 375739 460870 374177 459365 372235 456387 373312 459238 371280 456619 368209 452658 371789 457220 372234 457809 368255 452724 372055 456634 366771 450689 374024 458809 374150 459268 371893 456738 375697 460687 376601 462716 368352 453448 371921 456450 372181 456781 372038 457194 376114 462165 345862 425818 372303 457432 369614 453916 375803 461532 377595 463600 355945 437920 374499 460436 373808 459648 376818 463330 377326 463363 2371
374261 459807 372558 457967 372252 457342 372467 458258 372357 458183 377676 463519 369549 454527 371952 457695 370907 456182 377621 463929 369220 454526 373379 458896 371933 457762 372214 457272 371983 457262 371808 456797 374557 459534 375213 460759 367969 452651 375032 461387 373152 458416 373760 459357 368976 453483 366987 450907 371797 456774 372279 457702 368254 452257 370680 456230 372600 458961 374899 461232 373684 459159 374466 460384 374469 460810 373398 459290 374083 460161 374501 460172 376020 462302 349834 430044 372522 458673 374481 460814 374017 460435 374874 460078 373479 458793 374130 460381 281362 345772 374139 460696 344073 423022 370167 455110 373365 458344 371306 456570 370930 456859 373108 458832 372669 458529 372035 458054 369302 454091 374979 461025 374252 459460 371669 456291 371947 456562 373875 459949 373687 459217 371412 456644 369014 454130 373206 459559 375908 462105 373483 459683 370594 454868 372540 457691 374311 460185 369843 455038 373622 458674 371297 456102 375613 461375 376107 462217 371751 457476 371888 457656 372594 458799 374603 460267 362743 445669 374961 460924 374251 460552 374853 460369 370986 455691 370634 456205 372914 459005 377826 463615 374438 460200 374531 459443 363271 446448 375410 461546 374739 460178 371580 456861 373540 459516 369386 454775 373692 458193 370042 453955 377808 464084 374868 460967 374752 460201 365204 448012 2336
372816 458178 373915 459940 370828 455436 378685 465331 370848 456343 376846 462671 379826 466258 373750 459468 372304 457467 373871 460066 376021 461038 371279 456438 373071 459287 375195 461457 364810 449143 370956 456782 376758 463698 371644 456039 366005 449694 377308 462660 376366 461726 370751 456070 369245 453937 376575 463062 368392 452932 377779 464014 371780 457226 282082 347174 377305 462990 366260 449918 372282 458355 371776 457458 377205 464075 372730 458412 372463 458359 370886 456679 370855 456618 370355 455009 375304 461062 374351 460319 373141 458283 373278 459820 375475 461415 376352 462984 373400 457801 373564 459243 375521 461807 372681 457671 372268 457955 371935 458084 372503 456769 348722 429364 371785 457276 346292 426003 374646 459395 371599 456737 376941 463346 373354 459201 374100 460099 368457 452259 376625 463835 374271 461024 378162 465040 373722 459279 376937 463121 372106 457729 372376 458441 374617 460330 370501 455834 372806 458238 375842 462666 369352 454134 375127 460853 373862 459079 376274 462249 371690 456924 375837 462008 373840 460001 372231 457489 375889 461799 371019 456698 373392 459593 370034 455351 375224 460754 373919 459807 372061 457950 369957 454689 372249 458341 373184 458662 376704 462537 376362 462184 372420 458395 372226 458198 373864 460038 373324 459527 374869 459522 375559 462289 372343 457592 372455 457251 371931 457269 2342
373319 459272 375199 461489 378448 464411 371872 457897 375428 460779 375879 462289 373941 459707 379216 466073 374408 461112 375379 461234 378079 464668 371037 456497 374384 460237 374746 461333 375769 462004 373824 460608 372111 456693 370723 456511 377336 463612 374509 460436 377683 463320 375991 462532 361030 443803 371306 456559 377555 463403 375774 461987 374123 460210 373227 459660 351402 432168 371315 456808 372793 458399 374144 460581 369206 454222 377520 463801 373157 459119 377332 464047 372103 456802 373078 459600 376894 462976 373603 459667 374175 459128 375787 463077 377480 464662 378214 464955 378793 465146 373465 459417 372471 458379 377663 463809 373447 458242 373429 459338 372653 458273 373239 458438 377232 463871 375708 460871 377547 464225 375892 462382 374411 460281 373954 460017 371417 456578 371662 456881 378120 464916 370912 455681 369968 454273 374123 460784 376545 463692 371669 456371 377915 465094 374683 460783 376792 463665 374821 460134 377194 462446 376674 463453 378417 464170 375690 462100 374972 460953 371586 456931 377187 463198 374376 460950 377859 464191 372398 458317 375696 461971 374616 460661 370598 454983 347178 427349 377234 463822 373613 459486 375570 462105 372225 457309 376719 463251 376616 463953 375150 461521 367673 451698 377408 463237 376584 463532 377808 463887 373117 458871 371736 456910 369911 455163 373702 459889 344786 422641 2485
376170 461652 375792 461690 373308 458671 375432 461702 374053 459120 376920 463252 379414 465508 373529 459475 376421 463531 376032 461353 371975 457745 372131 456830 372918 457063 380342 468146 375948 462408 377469 463701 376937 463030 374787 460397 374492 460935 370387 455762 379238 465321 378427 465830 377614 463965 371633 457033 378986 465580 373446 458988 373220 459138 381471 468132 379364 466256 369641 454158 377885 465834 378473 465201 373949 458814 371735 457613 353457 433736 373377 459279 375168 460617 377079 464162 371182 455973 371810 457496 379697 466622 370573 456584 373970 458819 367766 452249 372695 457366 375837 461415 372980 458626 379196 466335 374680 461175 374847 461389 375851 461377 377334 462977 370515 455846 374731 461040 375608 462288 373174 457477 374939 461329 378097 464207 377583 464529 378699 465850 378470 465268 378035 463963 372614 458503 373184 459322 375479 461120 375114 461862 374938 460558 379247 465202 375194 460847 377214 462943 378664 464708 373062 459382 375960 462674 377599 464854 378626 464980 377492 464394 376453 463712 377161 463845 373066 458990 374575 459851 377485 464316 375763 461264 372189 457482 376634 463402 373702 459068 374804 461262 374276 460020 370388 453998 376214 461270 376847 462426 376120 462248 372963 457877 378111 464572 373354 459071 376019 462696 374836 460942 378193 464479 376269 461527 373202 457782 373850 459236 2374
376016 461909 367543 451850 375282 461853 371683 457198 377122 463793 375746 461369 377438 463908 375415 461970 369421 454901 380186 466950 375575 461703 360334 443210 380727 468145 376693 463163 375950 461732 377554 464510 373210 459004 367130 451451 376690 463329 379220 466437 374225 460273 373056 458539 378266 464979 376121 462199 375070 461324 377755 464308 371862 457022 379673 466328 375547 461867 374056 460757 374865 461407 378400 464533 376642 463371 377688 463422 372368 457678 378497 466483 378327 465229 380556 467296 363821 447370 376924 463762 373534 459074 377647 464794 374691 459748 377412 463026 378615 464784 376250 462330 377791 464244 374067 459754 375483 462238 373451 458980 376687 461964 375673 461508 378703 465516 374205 460028 371807 456691 375570 460921 376861 462946 374245 460598 377298 463985 379298 465679 378958 465865 372838 458561 374463 460538 378021 463354 375327 460806 372981 458721 379029 464932 375224 460911 376481 463813 378011 465240 378587 465098 371752 457050 377041 463881 379027 466372 376718 462802 379259 466000 372746 458612 376116 461958 376511 461966 375983 462956 382463 469505 378061 465024 373933 458243 373320 459105 376553 462870 371791 457219 375131 462376 372593 458532 377549 463420 375833 462333 379064 466335 377994 464211 382510 469578 368018 452353 370142 455182 372381 457356 370535 455755 379058 466237 378901 465901 376964 463561 2246
381887 469489 377735 464578 378160 464735 371620 457263 376795 462561 377029 463426 371872 456913 378830 466459 376694 463479 374508 460534 377766 464705 377293 463569 377384 464468 375109 462023 379051 466548 378800 465967 380846 467292 382053 470238 374338 460995 378227 465298 376457 463564 378207 465236 380445 467307 380805 467786 381517 469478 376481 462456 374053 458997 374944 461125 378161 465015 375605 462176 376373 463598 381743 469116 375944 462185 378769 464545 377144 463217 380133 467510 375740 461685 379961 467250 376733 463720 380014 466335 374599 461018 378508 464951 377510 464814 379726 466551 379328 466280 376455 463260 377727 464672 379532 466108 377331 463455 379418 466712 369607 454296 380353 466399 378036 465362 376273 462905 378425 465317 371636 456334 379191 466868 376685 462425 371985 457432 375925 462113 377931 464095 378633 465896 374582 460664 380614 467516 374599 460181 379585 466524 375290 461526 376339 463478 379279 465373 375322 461751 377159 464376 375032 459789 380186 467835 379106 465986 376139 462533 379464 466374 379306 466916 379424 466279 376048 463032 375954 462701 372008 457130 379632 466151 376534 462545 378193 465600 372678 458104 378968 466400 382961 469721 375806 462124 359233 441341 378474 465693 378186 465201 374895 460844 374932 461213 377203 463563 372350 457912 379111 466374 375979 462877 379126 465744 374356 459958 373934 460108 2569
380322 467187 355976 437515 373123 458934 374265 460344 376311 462888 377503 464105 377670 464508 376002 462043 379170 465610 380661 468109 374581 460561 380412 467388 380307 466648 377367 462763 378152 464777 376379 461551 378569 465375 376552 462651 375270 461458 378716 466009 378785 465624 366099 449906 381310 468284 376513 462677 375712 462401 352870 433562 377812 464671 380459 467843 379787 466326 375244 462097 372647 458223 380718 467398 376224 462285 377131 462193 377862 464574 377980 464802 379441 466089 380965 467355 381154 468317 378746 465791 380868 467862 376741 463193 378263 464989 376286 462599 376995 462574 379949 465683 382675 470668 374146 460052 382973 470401 377152 463264 377896 463778 379796 467354 380613 467157 378901 466162 376375 463310 378557 464776 381721 468471 377649 464893 378303 465525 379477 466951 376679 463607 381848 468948 379304 466336 382534 469349 371721 457376 376284 462163 376780 463428 374691 460086 377072 464100 380627 467504 376584 461709 381816 469007 381069 468097 375808 462538 377385 463201 377808 464574 380103 467046 376054 462554 377021 462988 382500 471110 376264 462731 381236 467430 375965 462689 374578 460628 375455 461955 356904 439280 382283 468897 377759 464400 375063 460484 376973 463044 382068 469056 372451 458323 382565 469980 377607 464501 378061 465393 378805 466412 378250 465800 375840 460727 380691 468085 381056 468455 2438
379890 466800 381670 469736 382333 470050 381626 468904 381951 469029 378596 465694 380160 466975 379848 466204 372358 457604 381027 468684 380812 467744 376798 463320 376995 463928 380859 467862 375144 460791 377689 463814 380505 467032 379047 466224 384712 473581 383973 471325 355268 436618 379493 465634 379132 466209 382312 470576 379137 466129 375109 460974 382391 469222 381862 469065 380630 466462 378280 463912 378464 465062 375346 461428 380128 468513 378864 465730 377613 463944 380850 466903 380716 467893 376570 463209 378440 464933 368126 451671 381988 469150 382934 470601 374702 460773 381032 467515 378961 465578 378719 465388 373733 459715 382085 470391 380065 467592 379024 465094 383074 471560 379918 467382 380973 468346 375686 462080 376637 462880 377192 463960 380718 467386 375906 462242 381136 468125 374719 459609 375016 461424 380421 467213 377636 463923 381744 468716 377358 464094 380523 467757 381097 468299 379146 466017 378289 465362 382770 470068 378499 464585 380412 467912 378953 466164 381061 468660 373410 459236 360990 443947 382623 469385 378439 464288 378986 466318 372844 457155 381305 468754 377594 463494 376849 463705 377475 463726 381715 468624 379905 466569 378267 465463 375440 461632 376727 463266 377868 463981 380461 467133 380990 468132 379936 467487 381248 468422 374543 461112 379582 466713 373225 459728 379939 466069 381237 469367 375722 462193 2388
380447 466987 380593 466864 381021 468660 376692 463399 377067 463179 357626 439184 380021 467020 380207 467868 377815 465231 380658 467676 369091 453851 380706 468641 380680 468279 380129 468067 382880 469675 383664 471033 381985 470564 385110 474434 382020 469106 383212 470361 379163 466922 376856 462660 371482 457405 383371 470342 381333 468932 383214 470688 382668 469850 379582 466520 381271 469154 377253 464010 378267 465298 376460 462946 380558 467189 380802 467168 383707 472963 378937 466028 377435 464709 377831 464259 377125 463874 377782 464592 379697 465799 377571 464452 380134 468218 384385 471265 375795 462546 381820 469944 378938 466349 377594 464025 381149 468689 382385 469997 383708 470463 382472 469434 376883 463798 380472 467861 376320 462887 384210 472493 382046 468950 382962 470498 383023 470750 377598 464499 375524 462304 383042 470391 380336 466380 379721 466320 378589 465940 380843 468200 379393 467045 381709 468468 377698 464483 376538 463243 380706 467710 378294 463557 380101 467618 382014 469177 382139 470234 381570 467898 383999 471308 379969 467463 383321 470661 375283 461714 381034 468875 380184 467579 275705 339037 384868 473397 377742 464206 352819 433663 373020 458671 382606 469439 374721 460759 383597 471208 383963 471961 382986 471090 383331 470218 380881 468285 377430 464908 376641 462923 382505 469209 376248 462789 378790 465635 376655 463107 2313
381534 469297 377969 465228 380233 466795 384552 472960 378029 464235 379716 467163 385142 472604 376067 462353 380370 466580 380262 467415 378097 464835 381911 468870 384113 471454 374362 460401 380101 466949 385828 473914 379043 465570 381346 469132 377675 463965 383110 471405 378793 464786 381702 469531 377483 464427 383433 470918 374042 459273 377877 464872 379086 465965 378077 465824 381229 469373 383048 471284 357272 438509 378855 466012 379036 465904 373333 458379 375936 462525 383354 470733 383765 471237 379586 466894 382397 468670 382388 469005 377851 464116 383447 471710 380263 467656 383694 471329 381187 468217 377793 464978 378525 465340 382293 469582 379960 467756 377250 463496 382225 469987 378040 465117 376932 463980 380359 468326 378243 464413 384018 472038 383064 470246 379477 467235 374222 460179 373275 458486 381590 469612 379739 466281 378991 465898 378520 465834 352082 432911 381187 469109 380528 467701 289349 355669 381659 468507 377061 464440 379296 466587 383676 470502 382676 469951 377001 463588 381145 468896 384085 471473 378347 464360 380984 469048 384867 473275 380129 467496 381814 469542 379544 466750 384288 471827 285583 350841 378732 465155 379641 467568 383241 471109 383393 471154 380827 468466 378488 464796 378545 466017 381657 468955 386864 475016 352720 433984 376448 463117 378633 466167 378816 465971 378792 465953 384208 472548 383485 471385 2387
385518 474040 381002 467543 379272 466793 380033 467551 379043 466330 383263 471842 355373 437286 376997 463504 382229 468992 377166 463856 383044 471182 380795 468440 382029 469646 376461 463484 368677 453292 382584 470654 381952 469852 380736 468204 383484 471726 386309 474474 378296 465450 378496 465191 375484 461514 382353 470976 379413 465750 380036 466775 381850 469402 373772 460015 380319 467740 380066 466820 380733 468423 380686 467840 387712 476131 383340 471643 385382 474043 382724 469671 383461 470750 380181 467515 383332 470194 383329 471752 380649 467469 382255 470693 381728 469316 382720 469483 381376 469487 382726 471588 377068 464216 384939 472640 382648 470641 384415 472221 383402 471713 384726 472860 381771 468882 379715 466009 382606 470970 385378 473762 385959 474505 379150 466334 376686 463248 367260 451647 383791 471542 384583 473185 382825 470707 385933 473570 386815 474551 380934 468384 382137 470365 378936 466079 383655 471894 385995 473115 375070 461585 381250 467736 379575 466770 381301 469192 383750 472192 352976 433678 380912 468282 374172 461017 382153 470734 382538 470253 379492 465867 379761 467119 382286 470404 381776 468840 383949 472652 382844 470611 382101 470231 378631 466232 380473 466729 385705 474748 380950 467758 383032 471789 382767 470642 379491 466951 386704 474301 383014 470107 380811 468420 387308 475909 384835 472358 376815 463606 2469
381908 470231 382778 470392 381393 468168 385749 474165 384162 472671 382647 470764 381802 469651 378332 464667 379411 466114 385218 474023 381874 469249 383986 471980 380897 467925 382355 470291 355648 436882 384278 471958 380070 467760 383162 470320 384971 471780 369746 454562 384699 473243 382857 470654 372158 457299 384193 473016 383440 471372 378136 465239 384379 472685 385220 473409 380168 467526 387066 475487 384323 472164 378432 465278 382305 468935 378767 465184 378407 465314 381291 468508 377994 464706 383789 472561 378483 464210 383047 470838 381973 469293 385007 472823 379789 467457 384258 471470 380603 468962 386526 474965 387032 475848 387263 475534 382820 470628 381150 469200 367737 451702 382650 469131 383815 471176 382186 470423 386123 474886 383313 470351 380158 467529 381386 469205 366928 450716 381141 469142 380443 467935 374701 461047 383024 470607 376330 462605 383552 470909 379711 467290 381719 469178 375274 461776 379593 466863 382054 469742 382525 470083 379153 466117 378962 466222 383975 471557 383324 471056 379883 466621 376221 462046 384552 473093 385390 474025 383682 471661 380278 467619 381738 468931 352455 432359 384719 472753 379713 467145 382768 470964 382681 469743 371741 456466 383372 471043 377523 464310 290026 356551 374535 459962 378287 464786 357997 440122 382003 469783 383652 471290 379515 465578 384406 471571 378455 466136 382615 470429 2467
381737 469443 382751 470558 385008 473453 380422 467962 382470 470054 380490 468374 385431 473947 382753 470170 386031 473737 373220 458960 357673 439803 384528 472154 382728 470756 372282 456881 380935 468000 384754 473007 380937 468810 386078 473849 384252 472308 386758 475435 382360 468975 379452 466455 384305 471890 385350 473516 384110 472134 380498 467642 383909 472478 387964 475833 378418 465205 383693 472040 383163 471221 383440 470859 380385 467246 380283 467304 383339 471193 383718 471298 383808 471841 382262 469631 382559 470443 383490 471333 382287 469453 380434 468114 380154 467303 384057 471947 383316 470357 388332 476789 380793 467711 380493 467676 347778 427625 385398 473564 385425 474524 383443 471120 382691 470592 355115 436646 388749 477587 383808 471840 381614 469747 381999 469052 376918 463709 378714 465330 377015 462928 381979 469670 386767 475106 385771 474045 380639 467883 383918 471507 382687 470644 386258 474401 386160 474476 382855 470792 384539 472709 382324 470612 384458 472915 379510 466913 381495 469414 382332 470044 383475 470805 380576 468262 378388 464169 385899 474775 387858 476947 380135 468334 360522 443204 388142 476504 384499 472798 384108 471789 381916 469297 382967 470260 379783 467057 383401 471452 373878 459811 379410 465985 381603 469741 379736 467136 377024 463481 387635 476600 383617 471393 381974 469849 385279 473448 372273 458236 2289
383830 471950 376908 463884 382655 470493 384628 472764 382312 470439 383717 471512 382002 470348 386139 475000 378772 466281 382436 470468 385657 473457 381945 469649 387437 475554 382280 470222 378938 465557 386595 475622 382506 469499 380795 468187 383405 471517 371860 457208 382975 471043 387193 474864 382314 470443 378837 466370 386262 474596 382229 469837 388866 477648 379727 467124 383787 470979 387112 475061 383860 472362 384292 471895 389127 478660 388763 477504 383425 472187 370925 454651 380352 468194 384820 472344 386539 474281 380271 467209 383674 471025 385652 474211 384344 472706 385334 472797 387559 476565 387308 475217 389073 477776 385961 473739 383356 470060 381266 468553 385056 472809 384933 473084 382308 469473 386626 475873 384700 472270 291988 358438 384966 472338 381586 468849 379398 466573 386489 474421 386966 474885 386377 474367 386726 475253 382768 471185 388549 477355 388622 477563 387955 475894 385724 473845 382594 470368 385771 473898 384907 473423 373828 459925 384988 473704 388239 475591 380722 469124 290153 356628 384958 472822 380377 467602 380858 467588 387968 477684 384008 471668 378919 465326 384813 473218 383683 471569 372534 457928 381904 469228 385125 473036 383026 470775 382268 470321 380349 468163 380490 467938 381928 470039 386096 474446 384119 471282 382315 470447 383376 470989 382074 469666 387448 476384 386244 473658 383860 471789 2480
380987 467571 381275 469216 386978 475843 383668 472230 387987 476328 386835 475034 381625 469555 382379 470288 368655 453048 377575 464317 384065 472987 385863 473832 386869 475013 384089 472592 387277 476073 381613 468990 386309 475251 385447 474119 380197 467394 387458 477026 386097 474467 378185 465410 388366 476512 374867 461384 380811 468467 387305 475356 389494 478143 387034 475913 384325 471860 382700 471001 384746 473585 386718 475857 386006 473417 385624 473829 384466 472682 379490 466396 386436 474463 385565 474315 382097 469827 382545 470237 373282 459211 383912 471551 384001 470887 383903 472487 383021 470071 384083 472905 291580 358643 383293 470247 386942 476201 383152 471140 388095 477197 373371 458590 388131 476189 383125 471099 384316 470647 383251 470975 384587 473090 385889 474491 388880 478138 388893 477505 383292 471676 385271 474198 379865 466720 387532 475625 379511 467276 385852 473845 382934 470385 386754 474706 388984 478084 383306 470555 386623 475344 382319 469173 387466 476931 385345 474219 387497 475256 382928 470859 381652 469344 381353 468894 381598 468644 389060 478197 384863 471954 387090 476616 383784 471240 388221 476697 384073 472672 377735 464945 381846 469682 385732 475014 385061 474126 386262 474052 382828 470518 387253 476098 388883 478310 384976 472464 382468 469416 383652 471834 389155 479034 389088 476841 388943 477670 370420 455515 2360
388754 477596 389282 477880 381973 470107 385145 473556 386456 475321 384897 472726 386594 475207 391796 481016 388701 477065 383962 471859 379793 467522 374215 460171 381017 468692 387234 475194 385162 473464 385594 473690 382834 470371 384420 472773 380800 468399 373526 459007 386536 474898 383030 470060 386470 476218 385083 473767 387293 475796 382885 470237 383480 472579 386212 474995 384486 472815 387807 476459 390549 479008 384569 473024 389341 478108 384232 472719 386662 474571 388394 477941 381652 469429 385933 474483 373103 458418 384043 471927 385933 473585 376472 463344 385081 473509 384525 472343 386446 474090 381914 470358 386796 474066 390689 479744 383622 471928 382757 470496 383429 471636 382826 470580 387907 475655 383258 471746 357364 439550 387525 476732 384875 473633 387365 475897 385413 474657 387661 477143 383483 471588 385595 473970 384328 471056 384081 471595 376529 462978 387770 477068 387144 476256 381096 468196 389352 477892 387914 476826 385262 473092 385864 474783 378698 464588 386921 474763 389231 478482 385576 473943 385397 474185 386082 472925 382739 470597 388489 477860 381995 470033 384277 472451 385857 473830 386471 474099 383275 471937 387895 477051 379717 468105 383157 469975 384630 472814 386316 475057 379339 466158 385896 474568 386988 476455 385465 473244 382499 469692 380919 468257 383900 471776 386919 476024 389309 479018 389471 479111 2549
389379 478196 385228 472964 387701 475899 387491 476394 385697 474708 386589 475066 380826 467804 384303 473385 383858 472480 385437 473305 375748 461928 386086 474407 390548 479947 388650 477161 389752 478367 386636 475550 390549 480044 386097 474322 385424 473653 386504 475391 359115 441288 386364 475655 384517 472578 383930 472445 383646 472433 387538 475784 381721 469928 388731 477011 389040 477803 385097 473793 388252 476445 387861 477132 384956 473940 384474 472448 388416 478158 384084 471786 389194 477058 388998 477847 391606 481532 387282 475999 383422 471307 359936 442515 385247 472845 388145 476078 389662 478694 383226 471599 384157 472800 380226 467317 390714 479583 384898 473642 387303 476467 387949 477340 384485 471866 383339 471000 388428 477845 388912 478231 389246 478366 386221 475121 387910 476805 383893 472350 361923 445100 384221 472942 384792 474077 386691 475978 385851 473521 386006 473923 384815 472924 387030 476397 385156 473805 383738 470952 375673 461217 381471 468203 386985 475983 386726 475960 389275 478249 388707 478196 387167 475726 389857 478844 383519 472422 390202 479846 387832 476600 383209 471707 391261 480659 388113 477086 386663 474627 386411 474041 390028 479343 381881 469074 387591 475304 389285 478204 359455 441957 387601 476890 389713 477781 388836 478750 382855 470036 384938 473460 386913 475791 386720 475623 389577 478794 383498 471615 2447
392549 481504 382534 470002 384761 472304 389309 478664 385089 473719 386206 474627 387557 477280 385570 473943 387209 474558 376910 463252 390523 480062 383843 471382 388805 478031 391165 481182 383222 470998 381103 469310 386561 475412 388651 478228 388916 477085 387177 476483 386472 474674 389329 478727 388674 478501 391207 480203 387504 477385 388750 476836 389367 479123 387864 477594 384594 472005 389968 478659 384592 472360 382992 470606 386365 473677 386053 474813 387400 476530 390519 479742 387683 476436 385492 473839 391223 480326 389911 479380 387416 476742 387298 475938 386926 476731 385340 473757 387092 475561 384260 472324 387537 477360 385440 474547 388050 477045 364554 448161 385234 473693 387513 476415 383376 471382 387089 475987 389645 479228 390575 479424 385619 474368 389905 479378 382622 469643 384358 471978 392736 481887 385298 473758 384880 473072 386438 475521 388595 477429 385014 473153 383780 471832 386275 474189 384389 471724 388771 478349 390280 480065 384548 473173 393179 483527 388001 476433 387644 476472 388610 477698 390534 479373 385774 474839 386147 474769 386511 475601 386733 475420 389088 477752 372593 457886 387442 475906 391147 480983 386449 475317 381831 469692 390265 479954 388013 477622 390285 478983 381069 469016 387891 476055 383396 470795 386315 474441 384237 471853 388429 476148 386674 475787 386875 476153 391968 481132 388153 476862 2447
372342 458166 293735 360987 388653 477533 391271 479881 388280 476584 389097 478794 378438 465162 392530 481883 391099 480973 388049 477498 388856 476981 387918 476539 391148 480192 387765 476428 388397 477564 388805 477288 389911 479602 390274 479708 386597 475504 380417 467843 385330 473523 390228 479617 388831 476954 389962 478520 387134 475653 389311 479042 387378 476412 378385 464934 385034 473561 380319 467851 385903 474457 387365 475785 386323 474664 383077 471589 385165 473875 363602 447289 391036 479861 394199 484258 388651 478034 387373 476642 390596 480540 390147 478488 387434 476722 390796 480258 391627 482052 381381 468595 387915 477190 388450 476997 383872 471683 388050 477004 388493 476371 387213 475575 387672 476449 388700 477685 390442 478579 376775 462791 391932 481776 378484 465498 386737 476013 388583 476810 393026 482469 386003 473944 386222 475312 390372 479800 391929 482079 390115 479660 386536 474488 391461 481169 391402 481550 385654 474428 385323 473916 386854 475779 391469 481712 384189 472805 385470 473390 392186 481681 386866 475869 383933 471702 371805 457533 390087 480427 386331 474166 385183 473270 390665 479719 383783 471906 385960 475041 389190 478707 390122 479535 391000 480920 389520 478540 387995 478060 392651 482369 389828 479107 390984 479384 390869 480564 374497 460398 387937 476191 386642 475211 391957 480906 380557 468348 368028 452186 2479
389826 479965 392950 483735 389611 479056 388194 477311 390191 480101 390845 479680 388838 478155 391442 480995 358398 440806 392791 482657 386408 474948 372142 456427 393890 483391 389843 479729 388664 477425 391159 480610 389460 478420 392993 482711 382642 470588 387395 475880 389138 477392 387835 476822 392665 482396 364996 448615 387920 477245 383611 472087 390649 480357 383747 471550 389309 478449 388060 476118 392538 482749 390233 478898 390147 478291 382598 470148 389382 477693 389201 479151 387346 476122 387025 476382 389191 478064 390218 478760 385381 473690 388426 477358 392023 481853 388250 477253 387417 476033 389350 478389 384674 473141 384475 472774 391610 481329 387852 476450 391493 480339 392322 481799 391898 481141 389090 478419 387624 476699 391598 480649 389580 477755 394282 485115 387540 477001 390356 479493 392952 482188 390340 478996 387559 477458 388994 478713 388734 477599 386488 474812 390049 480017 391116 480580 392957 483269 392080 482427 392932 482851 388017 477005 388228 477305 389937 479494 393296 483880 389188 478814 388314 477093 392255 481506 356301 437652 390026 480001 386162 474540 386129 475291 370318 455509 295387 363244 386850 476220 383834 472061 391544 481789 386562 473978 389346 478756 381893 469814 385860 474799 386929 475775 390374 480651 385967 474368 383583 471714 385020 472978 393210 482436 391880 481650 391189 479889 359924 442597 2450
390285 480614 395117 485209 390340 479497 383969 472328 385902 474873 387177 476420 390967 481485 390059 479316 389089 478524 389228 478199 390537 480221 390144 479504 388215 477611 392295 481783 387225 477187 388177 477892 378284 465095 391637 481706 387771 477320 389002 478890 388497 476840 390756 479116 391123 481091 391484 481231 389982 479786 390616 480284 388393 477978 389384 478316 385568 474152 393685 482735 389091 477665 394199 484438 388687 478710 384014 471759 387439 476848 392484 482457 390243 479840 392580 482377 389646 479063 394446 484659 389300 478725 386457 475441 387775 477162 393508 483556 387976 477095 389921 479951 388801 478053 385992 474248 394910 486009 385382 473644 386132 474857 385697 474642 392786 483464 386651 474964 387780 476545 385444 473978 388564 477091 389530 478928 394621 485234 391596 481268 393401 483825 383633 471955 393511 483716 388581 477728 391646 481698 387917 476568 388077 477075 391672 481125 392471 481720 386975 475377 385207 473620 393383 483721 390595 480629 388611 477217 390459 480047 387356 476909 396386 486367 392253 482381 393290 483208 388452 475826 392045 482469 390870 480599 390741 479752 394181 484113 389810 477994 389488 478537 387276 476209 388186 476349 393530 484037 384168 472908 393115 483616 384928 473177 388977 478090 389555 479552 391006 480687 391677 480941 394099 484728 390950 480516 394876 485036 388534 477749 2303
388345 477078 389445 479395 391678 481428 393098 482785 388809 478387 394673 485607 391090 481426 392134 481588 375919 462030 386711 476129 389463 479190 390242 479033 392268 480789 388146 476920 388584 477852 389000 478996 391958 481467 392244 482286 393647 484274 390002 479859 392890 482589 392354 482397 393246 483055 390564 481060 395140 486190 391999 481858 391451 480820 391373 480211 391419 480902 396423 487245 391569 480732 393570 483533 379218 465779 390471 479631 387364 476744 386648 475825 382345 469388 391204 479848 379353 466352 386210 475196 390716 479360 387629 477114 388473 477294 394679 484385 388982 479098 392707 482607 388917 477214 394613 483992 390159 479610 394607 485411 392100 481597 392411 481847 395144 485549 387614 477240 392532 483312 389993 479845 390379 480269 387654 477364 389203 478479 385194 473408 392388 482273 380903 468396 389727 479226 392275 481713 375153 461554 390662 479951 389512 478656 388871 477865 391722 480826 391717 480598 387228 476075 388750 478069 386908 475325 394060 484723 387774 476772 390415 479457 386024 474529 391165 480831 392949 482223 391100 479951 392117 481978 395076 486465 387994 477382 393973 482807 389191 479539 387928 476025 390946 480129 392992 483623 393404 483432 385486 474559 395365 485453 391894 480661 387671 477355 388461 477293 385985 474915 393058 482754 385679 473864 390719 480302 385857 474081 390082 478906 2548
394148 483451 392480 482348 387870 476606 387540 476294 388532 478314 393264 483218 395491 485574 392019 482388 394133 485103 365145 448149 388855 478671 389751 479518 393323 483454 384015 472691 393640 483106 391013 480442 394405 483916 391406 481311 390877 480099 395072 484432 395066 486086 392440 482406 394238 485024 393777 483715 392797 483241 391025 481003 388546 477639 391139 480950 389848 478998 394951 484829 389953 479499 381705 467332 395826 485595 378824 466121 388888 478657 395122 485757 390459 480165 388765 477326 393287 482783 394483 485246 390914 481024 389581 478679 393003 483487 391382 481887 391945 482330 395756 485497 390737 480427 392069 480656 388014 477455 391000 480025 392003 481267 389552 478544 393729 484014 388781 478804 391268 480594 394732 484788 390398 480016 393610 483018 395322 486425 393435 483152 394551 485377 388627 477745 391277 480848 395332 484491 391476 481113 395657 485784 391908 481550 388095 475487 387279 476318 389978 479668 392950 483726 391810 482806 391699 482035 394000 483977 390178 479708 394753 485657 390527 480564 392553 481451 395115 485952 391604 480813 392211 482711 392276 482105 388669 478419 386187 474125 394458 484868 393094 483431 393739 483741 391478 481375 392199 482816 388881 477515 389743 479271 392652 482438 389191 478777 392477 482340 391863 480877 395967 486465 397088 487224 396165 486472 389331 478826 389218 477401 2443
396522 487573 390623 479230 393792 484799 391445 481695 394196 485222 390865 481064 392081 482607 389691 479772 392091 482126 389878 479565 394035 484131 390351 478969 392101 481767 389155 478663 393957 484057 385309 473816 392466 482617 391558 481007 391357 481389 394862 485134 395371 484845 394860 485550 394288 484714 392590 482568 396003 485703 395418 485376 392053 481959 385385 474821 391378 481388 387723 476575 384571 472146 396862 486900 393180 483715 390522 480075 392103 482511 391868 481931 393731 484252 393948 482817 391257 481254 394065 484589 390224 479205 393189 482259 395999 485668 378440 465345 391256 481599 392930 482260 395738 485717 390638 479632 387782 476143 396381 486284 393188 482875 388530 478369 392822 483632 391068 481115 392575 481386 397589 489563 393149 483060 390385 479842 387925 476377 391569 480890 389454 479073 391258 480658 393989 484111 396400 487565 394549 484325 393005 483684 394380 483586 394315 483554 392013 482141 391744 481861 392329 481462 392313 482281 395095 484956 390909 480889 397247 488332 387989 477649 389095 478996 388759 478357 393569 482873 393855 484712 394127 484241 388651 478533 387303 475332 392109 482011 392438 481833 394072 485044 394892 485035 365775 448921 391894 482027 390622 479785 393749 482969 390874 479887 392366 482616 389430 479651 388475 476783 393436 483787 388346 477355 391194 480693 397244 487774 393283 483576 2526
395506 485930 391448 481043 389579 479433 390123 479217 394372 485234 386962 474968 392247 482499 395804 486685 390639 480770 396247 487351 392052 481768 392795 482611 389576 479280 392174 482292 397675 488129 391583 481779 392681 482668 396292 486901 394481 485043 396439 487154 371159 456659 394206 485185 394629 484797 389659 479787 389624 478887 394505 485102 392894 482730 397172 487680 391499 481326 395021 485103 388192 477502 386243 475296 393510 483780 390483 480681 393296 483404 388407 477708 394121 485214 389692 479190 394368 484551 389705 479343 387200 475962 394058 484626 396209 486420 391138 480897 394920 485027 397188 487905 392827 483435 392081 480892 390439 480483 395660 486006 389595 479617 388855 478812 390980 480152 388096 477551 389253 478717 397131 488296 391159 480685 393989 484449 395813 486921 393966 484200 390665 480325 389603 479005 389790 479104 390716 480251 397900 487917 396956 487179 396440 487092 394344 483871 395949 487158 395383 486498 393780 484030 391058 481155 397383 487617 394341 484170 393586 483759 400509 491901 395239 486461 390894 481228 396398 486879 388045 476997 395331 485849 392764 482012 395217 485606 392120 481383 393465 483334 391063 480802 394912 485714 388738 477794 397557 488369 392568 480956 394582 483639 395284 485652 393925 484388 390659 479177 390605 480602 396546 487984 393415 484496 385039 474017 394227 484108 390912 480771 2465
394929 486171 392610 483414 378924 465446 396498 486768 392023 482153 395031 484651 392705 482075 391025 480938 393788 483180 397738 489501 397265 487856 393546 483289 395948 486156 391107 480528 392862 482263 392250 481873 398562 488531 380920 467196 396576 487681 391559 482052 389684 478766 398180 489125 396045 486391 395650 486440 395345 486653 396576 487720 369799 455210 393686 482583 389195 477781 390139 479661 394536 484092 397076 488040 397863 487358 399149 491139 397367 487722 390150 479934 391999 481402 397788 488406 397228 487349 390287 480706 393027 483889 391903 482456 392521 481401 391976 481850 399960 491563 393279 483432 391960 480791 393657 483873 396771 488331 395089 485103 397989 488108 395946 486424 390611 480483 393352 483305 397048 486879 383893 472344 367503 451578 395775 485632 395457 485396 398707 489568 395014 485044 391708 480433 395994 487557 389896 479343 392150 482912 390459 480760 397662 488762 394132 485077 386531 475778 395280 485429 400008 491212 397953 489630 396203 485812 396559 486959 396806 486793 394328 485311 394374 484220 391639 480984 393070 482084 396963 487366 392682 483082 398244 489391 390154 480295 394416 485207 391685 480497 395429 485972 395128 485408 393825 484498 387463 476705 398323 489733 396135 487136 395968 486336 391624 482042 383047 471293 399639 490863 385208 473873 395302 485732 393022 483991 395377 485920 393653 483592 2351
396082 486759 392117 481798 395529 485922 396096 487311 399139 490362 399619 491086 398542 490961 394235 485200 392707 482248 395936 485833 396053 486533 396063 486072 396752 487285 397429 487816 396182 486590 394198 484432 394249 485251 398004 489650 397142 487572 392960 481908 393040 483867 392973 483600 391475 481897 395794 485801 397251 488320 390237 480377 395542 486686 394232 485176 396958 487527 395937 485908 400417 491414 390594 480671 396886 488567 385081 472837 400896 492660 397717 488698 389763 478526 394490 485925 392457 482550 397651 488626 389585 478839 394644 485306 392971 483169 390595 480023 395774 485564 394912 485096 393656 484278 393097 482784 398698 489673 394538 485020 395845 487271 299795 368640 395626 486610 394576 485608 394487 485502 393367 483877 393636 483839 392831 482139 399576 491545 396966 487584 397526 487456 298452 366934 393530 482577 390324 480006 392857 483250 396312 486619 399229 491070 394263 485210 392013 481706 393418 482590 394901 485139 396814 487996 393219 483158 396076 487034 393743 484241 396213 487128 393999 484245 397419 488716 393747 483921 390961 480346 391521 481216 392667 481639 398801 489719 398106 489080 392593 481666 395874 486871 395878 485032 400633 491340 392348 482091 396135 486370 393441 483327 395796 485276 395947 486649 396894 487706 397351 489119 395191 486731 398425 489678 392399 482540 390284 480549 397402 488265 2503
387458 476685 399004 488979 399702 491907 398044 488843 395026 485178 396310 486991 383864 472162 391494 481748 394432 485093 400864 491681 396917 487881 386760 474825 392373 482248 397402 488552 394899 485180 400426 492518 395308 485849 393202 482555 399799 490914 391183 481469 395815 486999 395783 486957 399663 490838 398711 488916 302056 371269 391849 482217 396291 486143 395137 486797 299881 368242 365594 449799 395404 486690 395816 487456 394117 484054 399562 490506 381635 469516 394287 484634 396326 487928 393764 484687 396158 486563 393152 483408 398289 488383 396076 487197 399253 490511 393203 482597 395992 485557 393839 484165 392404 482307 393907 484362 370296 454055 392273 481972 393041 482784 394637 485559 394081 484130 396200 486764 400726 492122 395733 487752 368478 453518 391576 481510 395326 486465 393361 484474 399090 489985 395959 485739 385155 473804 394839 485699 393795 484382 399069 488856 395703 486379 392161 482253 397381 489171 394768 483943 395926 486189 389601 478189 400189 491125 393439 483568 393171 483189 397015 488114 393080 483387 397508 488821 394943 485760 397840 489554 400227 491967 394305 484253 392436 482604 399491 491337 397483 489080 396305 487120 397883 489702 398864 489401 391367 481636 399479 490482 384293 472845 394955 485052 396242 486790 397224 488746 394375 484676 392850 483507 393765 484161 393902 484526 397257 486737 393415 484086 2533
398603 490457 398856 489994 391878 482299 398741 489329 397693 489466 396175 487366 399540 489718 395625 486276 394630 484770 397543 487978 397912 489524 392405 482250 397294 488967 398853 490570 393014 482848 396264 487242 385884 473749 395510 486502 396131 486628 400877 491868 393787 483851 394895 486389 394199 484747 385373 473100 396888 487683 394568 485824 398646 490029 395408 485630 394638 484598 399499 491418 397131 488327 399616 491403 390580 479084 389071 478113 392814 482969 395590 487170 400336 491708 400433 493221 401944 493682 398213 489177 392923 483169 396839 487165 397448 487983 391348 480805 395485 486586 392275 481963 395880 486658 400087 490754 393485 483355 395975 486165 398103 488923 397967 489304 398615 490845 395487 485935 398847 490851 391500 481445 397275 487699 392826 482277 394485 485145 398901 491025 301468 370541 395181 485262 400227 491072 394857 485429 401612 494269 396149 486553 398907 490467 392455 482355 393430 484333 392693 482288 398498 488775 391990 481905 400509 492058 399559 491989 399466 490042 391314 480382 394441 483623 395455 485483 394336 485335 397463 487414 397935 488128 396002 486550 394759 485934 399925 491209 397720 488064 399590 491370 392313 481277 400371 491445 394538 485144 398802 490355 399104 490539 393526 484087 399874 490661 394443 485451 395764 486560 396004 487422 397631 489384 399008 490501 397907 489839 383556 472104 2488
399405 491338 399921 491926 390086 479925 394582 485641 400779 492018 392676 482810 398437 490148 397495 488295 395992 487151 397299 488016 399389 491283 401720 492754 395029 484942 393354 482715 403664 494736 397786 489990 398424 490263 399631 491350 397389 488979 397346 488537 399505 490235 396010 486505 398157 489915 397886 489123 389676 479639 395856 486883 395121 484741 401059 491600 393063 483534 397562 488779 380372 467089 397749 489176 398391 489699 395537 486285 367929 452176 396244 487423 397349 487535 400255 491990 404125 496510 397392 487969 401006 492985 400078 492388 396242 488223 400816 492708 397153 487486 398447 489788 397413 488098 402145 493820 397880 488054 390831 480934 384049 472111 398066 489986 398720 490598 396996 487828 400509 492071 398918 490923 399973 492217 400176 491510 397269 488597 397403 488707 394444 485541 400310 492000 396540 487346 403198 495237 400044 491650 398067 489208 398328 490184 398550 490383 394302 484524 396486 488699 396151 486286 394451 484331 396344 486260 395913 486909 397802 489316 395641 486100 392896 482883 385666 474116 388161 476997 395482 486138 400395 492297 402478 494552 372467 457813 399604 491175 393403 484397 400801 492734 393134 483258 397672 488626 398520 489597 400145 492785 371226 456128 393221 483545 400887 492541 396532 487477 396235 487678 400249 491682 395995 487493 397797 489501 396233 486737 402737 493743 2386
392362 481834 400354 491155 395554 486582 393719 483889 397442 488276 391050 480590 394165 484956 400426 491430 397811 489311 397911 489381 395548 485363 400674 492036 396952 488490 399948 491283 395334 485799 402681 496167 397644 487746 391933 481677 396234 487212 402292 493394 398520 489357 396489 487586 397339 488685 401958 493500 402582 494326 397664 487785 400757 492293 401043 493003 394126 484829 399635 490387 397128 487147 396082 486616 399485 490777 398677 489591 400058 491929 402003 494378 401152 493092 400580 490695 389476 478077 396457 487105 396162 486262 397764 489172 395619 486007 396776 488338 400807 493109 390933 480299 396776 487963 393299 483721 401753 493555 384860 473830 402020 493883 393443 485024 398145 490142 398922 489900 399816 491802 402264 494461 397024 488153 394319 484357 398311 489493 399687 491900 382948 470545 394584 485422 399276 490883 400030 491267 376354 461830 394091 484650 400831 491536 397401 488793 400708 492808 399864 492173 397899 488731 399949 491661 397108 488170 401341 492552 400114 491605 397979 489161 398398 490396 394517 485235 398582 489334 397552 488569 398867 490401 398339 489440 399967 491126 396939 487784 395410 485782 398369 489808 400964 493629 400948 493291 403740 495541 400289 491808 398908 490846 399598 490890 403011 494899 399515 490908 397907 488978 396390 487664 397169 488281 400230 492727 401092 492554 393699 483182 2606
405352 499146 398777 488858 399006 489645 400217 491898 395230 485617 400352 491501 397846 489828 402423 494645 404227 495733 376623 462523 400277 491294 397920 489553 390461 480417 397717 488895 398569 489189 390882 481045 388455 476443 400526 491783 401157 492549 396860 488417 400969 492519 398349 489015 403731 495339 401776 493675 402126 493627 398411 490224 398803 489720 397584 489101 392494 482451 400898 491810 402170 493394 402567 493691 398530 489377 395169 486571 396507 487692 399244 491081 394164 484598 393340 482045 397698 489845 401053 493196 404189 496205 403470 496568 396894 488431 400939 492590 403146 495743 394469 484979 401726 494234 382036 468948 400880 492520 402682 495397 397817 489409 395893 486804 398774 490127 399458 491321 403183 495755 403397 495304 401447 493359 400519 492454 392937 483127 395411 486427 402683 494832 396806 488182 400975 492198 402395 494324 401550 494381 302071 371172 400690 491955 401852 492758 400411 492372 401103 492593 403614 496135 399780 491062 394391 483734 402925 495022 399855 490931 400642 492640 302625 371878 397866 489327 396036 487438 397876 487790 395050 485280 401415 493475 401769 493968 377552 464757 397002 487996 402766 494387 404636 497262 398919 490581 396229 486747 403740 495841 400740 492945 399030 491165 402109 494281 397082 487938 400332 491029 398720 490378 397819 489109 396232 487571 395399 485137 399605 491741 2568
404390 497054 402735 494278 400792 492062 397755 489426 397536 488110 400067 492169 399720 492168 397919 489777 400239 492621 398357 489754 401160 493886 400511 491407 396695 486945 399400 490661 402842 495687 391422 481280 400895 492751 399811 491758 402788 495256 400557 492152 400625 492628 396896 487412 403715 496393 402495 493707 395346 485932 399708 491893 398599 489753 398662 489297 402897 495666 401706 494435 399860 490821 395337 484757 389172 478342 401012 492490 402382 494065 402216 494660 401833 493227 401315 493350 396397 487633 402203 495223 396087 486253 400889 492824 398988 490435 391386 481447 400380 492444 402318 494426 403860 495503 401103 492763 399765 491431 403279 495212 398858 490697 399420 490713 399882 490900 402962 495788 399626 491737 399533 491749 401409 492831 398293 490188 403933 496800 402087 494275 398236 489581 399670 491294 406113 499739 397643 489396 402337 493486 400545 490933 401915 493326 397426 488161 401096 493485 395271 485307 394637 484284 400282 492159 398435 490112 400821 492622 389537 478429 397917 489663 400090 492221 401227 492974 401227 492989 405201 497678 403000 495085 399751 491189 398890 490241 404091 496949 401284 493214 403237 495660 401256 493752 399334 490556 400115 490090 398856 490198 403108 495184 395873 486776 396737 487340 399216 490911 403408 494526 405061 497681 402106 494232 399201 491516 401143 493497 400814 492491 2560
398559 490124 401842 493960 387371 475642 401062 493319 398689 489713 399871 491174 400398 491039 403543 495851 400608 493045 401033 493342 400524 492441 399132 490250 371564 457060 399969 490868 398749 490533 396052 486282 403041 494883 403738 496064 395981 487422 399391 490752 404437 495926 398687 490644 375484 460710 395390 486416 399660 491734 398207 489876 402811 494256 402158 493712 400328 492140 395445 486203 395807 486752 402852 494432 402998 494731 402762 495158 401995 494524 400661 492697 397643 489453 394277 485017 390511 479833 396816 487705 401452 492522 401073 493119 406001 497980 403837 495763 396489 486704 399260 490512 401527 493644 402542 494410 403285 495278 400544 491969 400268 492287 399437 491286 403560 496278 395726 485682 401649 493511 404360 497078 401141 492341 402905 495489 403831 496139 402079 494792 401713 493109 401137 493809 400593 492531 402503 494491 402935 494561 395859 486099 400215 492537 403813 495864 403760 495422 404776 497784 402019 492698 402295 494558 403725 496138 396839 488193 400117 491855 403958 495376 401861 492667 402468 494061 394813 485427 404366 497181 401157 493457 401147 492962 397851 489544 392467 482300 401328 493900 399564 491776 398861 490696 403598 496321 397952 488626 400994 492021 400239 491337 400691 492820 398487 489144 394670 484499 401970 494174 399245 491827 397130 488047 399687 490847 403712 496672 401617 492729 2558
399191 491272 400189 492293 403115 495905 303337 373116 399564 491068 400621 491112 403315 495998 396294 487622 401335 493732 401065 492537 397659 488950 400864 492904 404518 496240 395249 486481 404658 496261 401025 493144 403239 494975 399514 491933 403598 494934 405274 498111 398478 490618 396056 486861 399747 491488 400814 492493 399553 491654 403641 496193 397126 487768 402932 494662 401517 493565 402595 494304 398931 490516 387713 477027 403251 495587 398363 490262 405057 497713 404804 498532 397675 489525 399389 491251 403431 495823 403652 496626 390754 479791 404853 498445 403246 495160 401974 494330 394786 485391 398700 488543 402889 496320 400504 492144 399442 490944 401985 494097 372522 458349 398220 489743 405360 497589 400634 491990 400965 492671 404653 497094 406583 500224 404286 496609 403901 496239 407467 501037 403037 495054 402902 494313 402517 495093 404498 496960 401983 494061 404964 497727 402244 494099 399315 491170 398612 490008 404648 497671 398068 489300 400883 493172 403519 495686 389942 478929 404674 497127 404283 496148 405527 499458 405121 498591 403231 495230 399743 491547 405888 498685 405451 497813 404173 496827 402759 495661 400514 492517 404125 496408 399762 491363 400755 492722 402947 495252 397315 487538 404842 497163 402177 494100 399711 491825 401643 493680 399384 491296 401489 493384 393598 483865 397803 489693 402077 494497 400528 492821 2633
403161 496110 400942 492443 401726 494239 401012 492571 404606 497457 402716 495212 398622 490512 399617 490925 373517 460068 395163 485180 405610 497557 399053 490177 402227 495729 403955 496309 400512 491946 402627 493928 402073 494626 401698 494039 406334 498051 404727 497724 400099 491507 398359 489225 402159 495255 403502 495277 404909 497559 398812 490882 403614 495947 404522 497116 400294 492481 397187 488288 400007 490777 406075 498447 404935 498260 401191 492919 408877 501271 403167 495824 405962 498787 405665 498011 403372 495528 400828 493400 405043 497256 401123 492839 400441 491840 404627 497484 403985 497010 402110 493017 398196 490158 407361 500690 400750 492862 400164 492537 403337 495667 400580 492841 403227 495644 401013 493087 399950 492074 406320 498950 401673 492658 399812 491265 408578 502279 400746 492297 400375 491631 399268 491841 405560 498008 399165 490502 402099 494512 402068 494771 402637 495199 404377 497116 399115 491251 399800 491705 400799 493043 394850 485050 399751 491563 402878 494436 400287 492385 402901 495207 405778 499232 401742 494177 400326 492095 407958 501311 403302 495443 401235 493130 400815 492912 400166 491770 402678 495123 406802 499142 402201 494355 372954 458882 405264 498458 405339 497431 406035 498419 406861 499661 402092 494264 393364 483594 402710 494404 404396 497196 400283 492544 406420 499276 402902 494820 307307 377292 2538
407254 499917 400056 492450 401991 494468 401370 493069 407957 501043 402106 494243 404246 497233 403337 495693 397660 489232 400725 492687 401374 493198 406761 500196 406617 499966 403072 495439 400829 492906 403003 495119 404703 496630 406710 500188 406878 499654 407873 500105 406502 498973 408889 503093 394488 484960 401674 493425 406519 500359 400459 492968 397917 489184 407894 501032 403672 496338 402919 496293 400223 493026 402264 494073 406342 499516 400925 492104 405382 497965 398772 489967 405358 497860 403312 494972 404921 497063 400303 492373 404888 497857 401008 493242 405729 498661 403888 496005 400044 490923 398931 490533 399578 490482 403919 496833 403796 495877 398770 490500 409095 503028 403811 496002 403665 495496 404483 497287 406192 499444 406800 499948 401768 494090 408207 501231 401749 494405 401577 493411 401195 493844 402211 493858 403160 495719 406027 499663 408269 500166 400348 492270 404644 497615 402951 496138 396410 487025 390341 480256 401083 493700 401190 492481 406586 499830 403778 494584 401682 493393 400435 491714 378742 465283 395554 486458 387875 476458 403605 496013 403625 495700 405081 497444 401079 491977 400301 492550 401010 493609 400656 492314 403117 495749 404392 497541 404577 496420 405582 498419 403727 495620 400754 492409 401649 492865 404603 497710 396789 488181 408071 501122 405117 497321 377019 462686 393749 483511 404278 496736 2557
405757 499183 406070 498950 406980 499703 402689 495227 403744 495867 403162 495460 398489 490122 409820 503929 408114 500733 404860 496817 398958 490066 404713 497889 402060 493657 410572 503495 403424 496279 404345 497541 401007 493160 400422 492384 406185 499075 405090 498021 400220 491305 400806 492220 400240 491849 405557 499185 405697 498472 406078 499017 401815 494134 409378 502516 404519 498445 403217 495819 404276 497379 405133 497427 403755 496560 407687 500718 305965 375732 405481 497231 401442 492592 404117 496832 406701 500620 403031 496738 406506 500094 405947 499111 405524 498087 403053 495850 405322 497455 403305 496429 406878 499904 403284 495878 405300 496854 405300 497151 407765 500389 406130 499818 401679 493669 402350 495769 400054 492009 399381 490825 404924 498191 405263 497350 406016 498620 403356 495967 407216 500356 404189 496870 401686 494176 401239 492771 407488 501481 407088 500260 403679 495337 401279 492836 402639 495474 408726 501794 403757 496006 407529 501018 397533 488318 405071 498166 403635 496179 404552 497517 404705 497494 403203 495882 402176 494537 402358 494702 404455 497760 400743 492359 400613 492464 401909 493870 401070 492931 405303 498219 401008 492888 400332 490825 406423 498661 408052 501919 398736 490612 401582 491987 406126 499387 400359 491888 407512 500316 387739 476145 399291 489715 400618 492163 406213 498889 402954 495978 2461
398428 489763 401919 494649 379784 466740 405208 497937 408291 502594 403088 494972 402824 495392 405779 499012 404864 497853 405877 498126 407096 501338 395890 486719 398360 490955 404436 496112 404699 497727 375225 461335 405832 498474 405477 498829 404415 496937 405886 497732 408121 500770 409247 502977 406996 500290 403969 496284 405274 498161 402437 494925 410229 503872 407501 501159 409972 503588 404438 497690 402741 495009 406768 500039 405489 498818 405196 497133 398494 490357 306853 377083 405005 498541 400941 492769 406458 500016 404681 497278 306734 377210 403618 494740 393856 485172 403630 495923 408544 502082 376170 462421 407062 500756 407146 500194 404515 496971 394032 484494 407918 501319 406505 499658 402608 494096 406231 499567 395333 485726 407592 500878 406366 498971 399318 491769 404951 497749 405499 497738 376509 462704 404702 497440 409101 503356 402355 494503 406504 499630 405268 498695 407016 498739 406309 499219 407938 500936 401516 493896 404157 496313 406240 499669 403328 495874 404254 496522 407507 501181 405418 498457 398834 489683 406933 499949 409245 503261 404979 497241 407536 500034 403567 496236 396465 486006 411773 505515 406592 500046 408896 501864 400113 492389 406231 497589 399075 490615 372393 458114 405886 498264 399675 491129 406115 499143 406939 500159 398765 490628 407820 501235 402535 495373 408197 501449 404071 496979 405693 498803 2471
403921 497028 408076 500878 409126 503174 403599 495163 402056 494582 402591 495403 405690 497807 409436 502866 405823 498711 408682 502253 408617 501222 409924 504763 408371 502221 405709 499050 407744 501826 398585 489527 403487 495723 405121 498973 403140 495397 380876 468631 407506 500926 402258 493473 406647 500425 410881 505023 408940 501595 405575 498957 405540 498736 407458 501075 406371 499937 401323 494136 403017 494920 406151 499394 406379 500108 400332 491948 405215 498656 407437 500402 402193 494194 405579 497668 395410 486605 400377 491002 401599 492383 405332 498785 410407 504854 406724 499920 404586 497434 411212 505302 402502 495333 403478 494910 408850 503402 407677 500268 403945 496557 406212 498500 405351 498292 406888 500406 404384 497525 403248 495855 403287 496027 402502 494947 396875 487540 405356 497654 406554 499268 408583 501859 407953 501162 406704 500282 402867 494789 410807 503915 406101 499384 407953 501704 406961 499226 409117 502929 404881 497858 411039 504572 402817 495549 409160 501659 407207 499231 408401 502271 408121 501615 400467 492469 409178 503196 406163 498751 404848 496413 407283 501141 405059 498364 404735 498235 407813 501231 405391 496552 307244 377916 404781 497246 409626 502894 404880 497984 408453 501735 404154 497562 402642 494904 402785 495104 402634 494376 406802 500822 404872 497950 403106 495770 408535 503021 401512 493683 2698
391051 480552 406137 498518 409205 502489 404553 496258 405805 498948 404156 496726 408685 501506 404722 497572 406507 498370 406361 499837 405923 498822 406249 499982 409170 503658 405243 498176 380888 468432 402792 495475 404296 497638 404184 497442 404917 497749 407539 499718 404144 496546 407712 500976 405460 499541 411148 504520 407628 500706 408101 501586 408349 501761 405903 498478 409587 503298 406721 499383 404326 495680 408777 502569 404765 497778 407034 500319 406172 499047 411847 505537 409870 503765 407206 499814 407992 500871 410004 503796 407339 499352 404671 497738 402417 493589 407267 499267 407576 500428 404695 497712 403858 496622 406851 499214 409034 501885 406518 499730 403412 495959 406882 500337 408870 502616 409122 503432 405506 499284 406688 500077 411330 505911 405959 499125 396485 486991 409717 503239 406032 498550 407858 500979 402276 495193 405180 497559 403272 495010 409018 501925 407048 500424 408584 502872 401464 493942 403565 495337 407675 501189 411299 505384 408087 501859 408958 503082 405895 499488 407841 501154 413102 507199 409643 503606 407234 499110 395254 484729 399913 491154 408390 502123 380837 468178 409685 503227 405551 498971 409101 503106 411065 504627 412401 506013 407623 501503 409312 502283 409554 503594 412659 506856 409599 502593 406279 498976 410146 504698 405719 499186 406958 500079 403130 496185 402903 494885 410592 504053 2477
407918 501449 400190 491126 407757 501042 412583 506732 410011 504001 409379 503372 406832 499537 409118 503158 407969 501581 405378 498716 407154 501123 410803 504049 405144 497044 407886 501416 405372 497831 405412 498172 410805 504128 406458 499771 413926 508050 408438 502468 413455 506996 400690 493471 408483 501777 407908 501934 408691 502458 310471 381266 409285 502338 409382 503358 408593 501941 415445 510131 409234 502667 411134 504698 406736 500428 404463 497235 405841 499177 407410 500262 408072 501141 410034 504101 408826 502180 403672 496525 405215 498073 406751 498742 379132 465647 408395 502016 410804 504791 404679 497624 403731 496588 409264 503043 405737 498911 412210 505829 404711 496871 406009 499212 407071 499776 404121 497568 408613 502355 405523 498281 405724 499092 404250 496096 409419 503622 407278 500734 409145 503314 408987 502192 401593 492970 411388 506193 405514 497716 405451 498520 410529 504198 407027 500341 410836 504381 405476 498818 409747 504706 412310 505788 407340 500365 392655 482622 411953 506125 407747 500959 410492 504397 405549 498939 409480 503435 410079 504486 404856 498378 405657 498173 403600 496109 408602 502805 409800 502809 413277 507876 409410 502969 410652 504173 411526 505074 401706 493788 405782 499243 407022 499729 382168 469519 408048 502116 409586 503759 400993 493417 408993 502331 409747 502302 407744 502192 405500 498755 2690
398832 489914 408253 501309 412737 506320 410891 505207 406392 499362 408171 502171 408813 502428 407289 500518 403291 496083 409419 503620 406164 498987 402221 494204 406365 497543 404818 497844 404279 496452 407099 500109 402433 495125 412523 506874 414305 508580 407133 499705 405508 498842 410518 504609 409304 502343 404944 496972 407586 501157 404279 497033 406475 500273 409261 503113 408518 502772 405670 498809 406121 499345 406597 499502 411841 506131 409215 502877 415759 510161 405530 498369 406092 498589 408583 502131 403802 496185 405685 498113 405023 498070 412300 506056 415094 511088 407204 500273 404683 497318 408226 502469 412209 507243 408689 502645 408651 502796 411919 505941 405641 498330 405777 498128 407857 501317 409619 504298 402220 494968 413629 508181 409643 502853 407179 501015 391073 480783 412327 506868 404998 497926 406874 500620 396750 486469 408016 502574 411424 505689 396159 487036 409802 502000 400559 492829 406440 499866 406334 499482 408817 502091 400876 492225 407123 500015 411035 503605 409746 503428 411149 505284 401329 494016 410751 503836 408707 502080 410668 504031 408385 501180 412601 506146 405931 498728 409830 503917 407511 501379 406246 499138 408023 500966 401917 494323 410285 503836 410912 505337 406582 498821 412680 507669 409797 502929 408875 502716 406246 499056 413641 507441 405180 498757 414373 510032 411057 504692 411136 505191 2471
410206 503007 410056 503787 412594 507362 401593 493406 404343 497544 406374 499945 408851 503264 410286 504887 411200 505189 408113 501833 405806 498920 411708 504934 409708 503887 380080 467546 408337 501966 406894 499708 310906 382449 411608 506726 413875 508782 404770 497395 405147 497919 410827 505484 411381 506242 399544 490731 403068 495485 407685 499849 412560 505538 413727 508252 403801 496706 409952 502983 413231 507566 411500 506125 403697 497415 407976 500387 411326 505362 410341 504274 407526 501919 410953 506040 412813 507117 410387 503320 406040 499588 411344 504222 409941 504253 412789 506605 406378 499281 413662 508370 413822 508196 411746 504845 406869 499972 412573 507527 410896 505999 405765 498414 406529 499486 405516 498974 409937 503864 403768 495192 406821 500226 412662 505621 409721 503771 413859 507710 406055 499791 412898 506361 410100 504714 406468 500476 412686 506834 411831 505214 407770 501232 408247 502460 409151 502394 408227 502391 405503 498389 411472 505236 413212 508481 408583 502045 406563 499690 410015 503852 407783 500121 409948 503540 404769 497307 414962 509114 411723 506263 408582 503011 408407 502633 411168 505621 412616 506965 406296 500602 407856 501599 411415 506322 311332 382760 381972 469128 404203 497496 414601 508325 411511 506096 407292 501125 405256 497583 412489 507357 408533 502029 412654 507114 415576 510329 412231 507341 2700
408342 502089 413761 507589 412368 505771 407046 500088 410794 503727 406687 499808 410766 504679 408914 503388 409768 503970 406416 499642 406623 500401 407613 500829 408234 501700 414672 509172 411349 505853 414054 508833 408949 503650 411878 506445 411708 506350 414561 508760 409407 503227 407868 501074 412750 507238 411548 504574 410347 503549 407948 500878 404241 496612 410559 503702 410721 505861 411922 506236 411821 505965 412966 507085 413673 508810 414359 509119 410486 504582 409989 504041 410483 504827 407409 501015 413665 508965 408182 501821 413005 507437 412218 506364 406546 499467 413844 508884 411471 505645 408118 501640 409970 504258 414216 509448 408039 502109 408715 502794 413646 507905 410899 505589 408770 502294 407732 501184 412891 506958 412693 506604 413498 506960 413585 508737 414095 508879 410835 505147 409205 502873 406633 499926 409486 503630 409204 502504 411432 504727 408294 502165 409830 503782 406296 499636 406124 499698 409031 501754 410250 503718 413508 508062 410209 504865 410093 504591 412502 506646 408830 502684 413965 508161 400711 492009 414739 509404 409861 503091 407757 500789 410247 504512 414080 507950 411553 506373 408640 501956 408631 502348 413659 508685 407170 500643 410759 504611 408206 501819 415809 511202 403379 496019 403392 494567 407398 500560 412527 506329 409028 503220 411094 504685 406805 500565 408496 503074 410000 504468 2622
410870 506266 414824 510081 408714 503353 413635 508026 407174 500413 412121 505429 413869 508614 415834 511375 409643 502923 408420 502622 411914 506744 411571 506436 415604 511229 412723 507305 414030 508083 412290 506324 406924 500512 410869 504685 409092 502659 407351 500418 412160 506854 407966 501170 408391 502398 409921 503141 413473 508847 411724 506350 412935 506568 409279 503225 414889 508398 409236 502823 409385 503650 410818 505639 414157 508004 412697 507334 412983 507820 406970 498735 415169 510294 409388 503832 410468 504862 416505 512015 410170 504341 415075 509728 407815 500657 411925 506407 415063 509589 409407 503067 405145 498269 416132 510721 412869 507069 379463 466520 409229 503278 409749 503733 413312 506976 408951 502558 408032 501183 410562 504474 411703 506519 412841 507773 413638 508109 406696 499870 409841 503799 406159 499363 415677 510581 407258 500203 412880 508074 414383 509427 409211 503237 409272 503044 412976 507723 407606 501083 411078 503819 415720 510511 409651 502749 409146 502072 410589 504270 408268 501731 409036 502753 410711 505609 413945 509268 412006 505492 406309 499709 408723 502980 408120 501094 415546 510571 409457 502705 406476 499649 416166 510663 413068 507412 411684 506851 413873 508102 413098 507530 405234 498125 410500 503978 409514 503540 416532 512318 412526 507974 408919 503298 395325 485461 406587 500488 416014 511310 2653
412292 506037 411768 505854 402965 495666 415273 509963 407395 500485 408836 502044 415800 510852 402651 495092 412541 507491 410003 503889 407541 501550 414996 509535 405823 497423 407595 501189 412039 506289 411045 505318 416637 513085 413086 507268 407483 500661 413828 509230 411367 505543 411975 505599 409322 502386 410541 504372 417077 512064 416835 512153 414239 508270 409529 503777 408861 502303 413787 508407 410628 504968 411381 505976 411967 505617 412171 506924 409357 503310 409743 503539 409276 503567 412705 507892 414394 508536 414485 509309 409123 502936 411216 505777 407190 499425 414390 509855 412292 506521 406890 499877 412500 507547 411190 504302 411272 504915 415136 509451 412018 506282 412863 507285 408620 502225 408748 502943 413582 508475 405500 498916 412374 507652 410221 504878 414348 509622 418064 513395 411063 505791 408681 502546 412981 506750 409232 503747 411575 505783 415137 509813 412006 506041 417411 512615 411609 505115 410057 504520 410935 505259 412519 507269 408117 502094 405022 498078 414228 508788 413910 508265 408147 501462 413575 508179 411858 506221 400780 493710 396560 487062 417036 513138 395100 486228 409208 503970 310851 381983 412935 508002 411808 506705 415187 510458 411732 505859 408640 502366 410843 505357 409033 503170 414230 508492 409409 503666 410494 503821 413205 508839 413784 508252 417273 512345 413046 507803 413765 508361 2541
405915 499417 414234 509986 409072 502210 415549 510744 412513 507288 410348 504319 410914 505244 412580 507238 413665 508509 409154 503256 418416 513259 410019 504074 411245 505840 409116 503116 408347 501455 412498 508053 414979 510047 415079 510781 408250 501597 416705 512733 410199 504199 415789 510606 415673 510953 413981 508941 410038 504701 414628 510170 414833 510681 413103 507612 414542 509628 414690 510544 417208 512125 416784 512520 409453 503626 414944 510466 418865 514657 417056 512179 414477 509140 409028 502916 407092 500304 415569 511291 416353 511396 409150 503010 400642 493342 407793 502136 412590 507730 414024 508502 414441 509030 414616 508826 415419 510276 413968 509283 412470 507479 412268 506104 412161 506640 412666 506009 410555 505129 383651 472125 413797 508098 414993 509250 407982 501959 415853 510004 417141 512919 410397 505359 408540 502432 410880 503982 413610 508653 408203 501973 413072 507828 412424 507451 409861 503970 413085 508047 415140 509865 417791 513068 408452 502497 407438 500890 408381 501718 413888 508173 409773 503226 408205 500491 409322 503325 415655 510422 410627 504447 412740 507196 408942 503390 411988 506629 410283 504296 414048 508511 409240 502932 413137 507573 411825 506732 411478 504900 412326 506839 411703 505403 413878 509049 413501 508970 410988 505151 414826 510188 411369 506162 406486 499712 410350 504214 413616 508460 2707
411331 506248 417407 512909 414242 509016 415591 511178 413848 508091 413570 509354 413606 508227 416656 512689 417035 512564 410416 504454 418983 515462 415702 511369 412778 506829 417184 513082 411181 504820 413664 508258 413186 508157 413444 508941 416015 510788 414471 509045 416188 511558 416989 512529 414877 510421 313987 385898 417680 513055 412440 507114 416677 512975 415211 509718 415588 510655 410673 503923 417326 512834 415365 509852 414588 509785 416010 510142 413837 508656 418647 514938 409958 502566 412865 508481 418688 513602 412940 508088 413405 508106 411539 504405 419743 515368 417332 512687 313401 385046 414643 510347 417917 512347 409243 503367 410249 504833 412377 506545 415505 509661 416210 511663 412341 506822 410003 503222 397674 487821 417080 513035 408664 502446 415848 510800 411854 506631 401457 494171 415891 510592 414903 510137 412332 507804 410321 505189 415679 510116 415680 510532 412853 506457 409292 503587 410204 503916 418577 513884 416791 512090 413639 508379 409463 503894 411870 506261 409523 502237 414582 509061 416686 511672 415652 509913 415567 510561 417132 512642 412655 507446 410567 504863 409772 504184 411187 505390 418877 513974 412098 506741 384938 473288 410542 504383 415270 509685 416190 510631 414099 509457 417112 513034 416190 512232 415403 511406 384991 472460 416240 511252 409279 503082 417983 513461 410756 505188 417923 513616 2615
408761 503679 412934 507677 414173 509465 412901 507915 416513 512197 410116 504440 411254 505969 413400 507585 413165 508536 416695 512026 410421 505000 418416 513682 418840 515439 414676 508577 413486 508582 417675 513141 417489 512799 415160 510623 420353 517357 414036 509068 417292 512213 397691 487915 419459 515045 414388 509176 413414 508054 413836 509208 416815 512181 415984 512171 410515 504457 412057 507082 415565 510976 412664 507462 414601 509372 415014 510491 416115 511819 404275 496297 420771 517216 413520 509170 415461 510326 416480 511771 419129 514050 416499 512341 414615 508888 416749 512943 413796 508560 418404 514331 412103 506332 412922 507665 413312 508324 413922 507925 410051 504614 415349 510378 419837 515072 420031 516947 413034 507462 412895 507562 417941 513815 415943 511768 410656 504804 405409 498132 407821 501597 416228 512049 412675 507261 416388 512052 415592 510788 413566 508103 412733 506565 416051 511969 410641 503971 415121 510142 416648 511986 418401 514830 410583 503505 412290 506986 415194 509734 412216 506374 419730 515552 409899 503443 417815 513073 413603 508753 409920 503144 413508 508919 418468 513086 418026 514055 417416 512703 414133 509000 416427 512014 417859 513481 417736 512856 413689 509165 414725 508838 413319 507399 412672 506138 414326 510077 420194 515146 415946 510337 413877 508869 411045 505562 409735 503620 418202 513708 2688
415318 509150 410677 504388 399501 490980 412993 507567 411587 506241 418571 513646 420405 516866 410884 504869 417303 512030 407473 501417 415931 511510 412202 507108 414801 510125 314692 387020 413821 509828 410485 504350 416720 511695 412071 507432 418339 513934 414213 509094 415461 511125 399587 491128 418176 514599 418440 513723 414368 508780 415776 510404 419413 514779 419176 515678 412645 506555 411304 505175 416111 510429 391002 480701 413908 508647 416474 511589 415050 510199 415060 510807 417040 512569 413766 508626 418270 513755 416280 511792 407534 500087 413172 507664 411750 506526 416039 510528 416826 512135 415786 509980 411956 506191 414137 508890 418893 514604 410391 504861 419955 515239 413617 509069 414065 509523 411135 505272 418012 513160 386357 474657 412470 506476 415101 508955 416507 512007 419301 514731 399115 490752 417384 512484 416551 511530 409172 502895 417573 513909 415645 511468 417476 512924 421347 517422 415827 511318 419549 514585 411640 505135 416019 511023 412243 506296 418061 513859 414471 509555 407941 501709 420890 516396 415656 510242 411732 505879 416362 511636 414638 509194 416423 512294 413977 508713 314520 386607 416576 512306 415773 510180 417210 512886 416283 512350 413523 506901 421760 517882 416423 512349 418154 513269 411282 505064 412449 507317 417352 513162 415546 511053 412110 506744 416199 510959 415398 510609 415717 510984 2703
416266 512019 314016 386002 417255 512967 413640 508908 418716 514011 412279 507300 417172 512674 417622 512701 413019 508123 413304 507847 414968 510399 415381 510920 411273 506205 417246 511945 417323 512959 414693 509789 414208 509127 414871 510659 417092 513160 421271 518318 418721 513696 413697 507695 415599 511888 418998 513335 415834 510808 416316 511917 419432 515615 417237 512903 415577 510508 411521 505447 422104 518228 418865 515118 413788 507622 419059 513677 416275 511995 418264 513474 416718 511589 414098 509400 413941 509496 414742 509946 385556 473571 419735 515244 416080 512549 316315 388839 418694 514754 413582 508568 415649 511150 410640 505057 415862 510892 414629 509749 411213 505091 416821 511023 414176 509477 417543 513561 414397 509039 414921 508846 411182 505058 411571 506799 415930 511310 415072 510879 412564 506192 418181 515040 414462 508423 417294 513675 414075 510308 418102 513230 418822 514284 421806 517866 411755 505255 414108 508699 414969 510674 411434 505054 413787 508961 417557 513083 413698 508924 415104 509017 414276 508372 414266 508125 421058 516633 314817 387081 418010 514317 414345 508358 419443 514418 412768 506672 413815 508902 415869 511076 419270 514706 413094 508268 421047 516952 415720 510099 406110 499543 412385 507601 386346 474756 419370 515643 415724 511065 411303 506229 417904 513255 415316 510346 418173 513735 413831 508299 2628
404170 497511 415079 511125 414241 509559 416712 512022 412138 506508 419066 514778 416016 511476 412648 506900 417233 513430 410135 504045 419054 514631 417333 511878 420491 517392 418921 515362 414656 509468 410039 503901 415388 510925 415138 510380 421952 518026 416933 511922 416844 513121 417043 511118 418264 513111 416766 512966 413188 508588 416315 510385 417003 513652 413818 507400 416592 510997 414135 509378 418694 514495 420194 515932 419504 515252 413302 507690 417458 511977 419064 514757 417648 513327 420205 517688 413802 509262 416898 513265 412749 506970 420910 517162 414472 509638 416724 511762 415271 510701 417188 513386 417311 512269 419335 514949 418046 513673 420236 516514 413837 507987 413428 508479 419564 514694 415099 510587 414045 509051 412962 507096 415871 511902 419932 516024 412156 506442 414952 508900 419666 514908 422220 518538 418895 513917 414616 510070 419286 516133 419821 515369 402391 493957 417628 512096 413745 508908 392981 482502 414001 508009 415697 511391 419287 514514 412812 507067 419007 514991 416127 511498 415518 509762 409093 502855 413701 508351 416731 512187 414355 508884 415889 511846 419085 514310 414375 509864 415310 510160 390080 479118 420480 517644 418306 514406 415068 508885 404433 496840 414817 509793 414053 507776 421322 517386 419513 516037 417691 513913 418197 514682 419499 514175 418040 513900 416919 512125 419545 514888 2698
421590 518405 414134 509901 414938 510045 412875 507327 414199 508851 419575 515050 420721 516877 421608 517819 413451 508033 417514 513127 410193 504883 415796 511723 420190 515492 415753 510962 419448 515469 403596 496749 416285 511158 420258 516679 414451 508930 421842 518399 416273 512250 417587 513405 412910 507304 416935 512700 417087 512959 415196 510706 421313 517735 418913 514316 416764 512296 415366 511150 417144 513371 419622 515414 417700 513113 414560 509704 420882 517762 419152 514411 417596 511569 421830 518206 415082 510368 417975 512940 416231 510713 421249 517853 417018 511700 416502 511084 421857 517389 421650 518386 416795 511936 416273 511706 418021 514305 415961 512657 420265 517340 413033 507969 416366 511986 420473 517304 413706 508048 415089 509779 415963 511252 409540 503677 414579 509799 316373 388848 414591 509960 417616 513438 413409 508888 413732 507598 415684 511161 415113 510588 415918 510771 415172 510012 418505 514803 401909 493867 419028 513831 417904 513452 419606 514804 418174 514434 417102 511685 417640 513813 420911 517014 421075 517085 418159 514086 417031 512976 416760 511100 419080 515187 420350 516401 414566 509552 414447 509811 416804 512055 417472 513494 419486 515049 417541 513780 422055 517857 420890 516766 414635 509558 422641 518526 416678 511780 415459 510990 416387 511313 414363 507025 415675 511152 417480 513443 418857 515431 2606
414482 509997 418799 515272 421178 517113 414772 509567 416988 513140 415853 511166 419928 516319 413537 508480 419915 516329 419650 515899 419377 515508 420802 517033 423141 519288 420900 517189 419018 515856 419646 516451 413871 508919 418204 514533 420387 515958 412973 507203 418527 515066 420777 516531 413896 509188 418581 514883 407338 500409 412306 506613 416981 512712 417424 513052 423223 519548 422536 519507 418079 514362 418522 514233 417557 512319 415305 509795 421949 518030 419190 514905 419467 515436 417844 513804 414390 509208 420832 516603 419552 514615 422327 519138 419432 515607 415072 511065 422149 519136 420962 517541 418505 515379 420986 517190 420723 517860 414669 510419 413558 508273 418469 513820 419290 515535 418493 514901 418274 514626 423104 519277 421281 518396 420190 516717 420387 516003 414876 510220 421443 517769 421915 518692 413728 508886 422498 519169 417108 512770 412482 506522 413669 507611 417204 512196 419270 515302 419026 515545 420546 515849 415660 510956 413161 508576 417848 513446 417017 513070 416226 512068 419444 515440 417890 514390 414205 508922 422195 518931 421869 518043 411328 506209 417786 513732 413969 508564 413549 509094 400189 490886 421837 517782 412482 507245 415140 510852 416193 512098 418447 513901 418054 513928 418651 514734 403325 495131 420479 518018 418566 514690 417902 513282 415135 511053 413148 508267 425496 522862 2685
415003 510176 411277 504200 421233 518038 417010 512967 422161 518833 420701 517234 423455 520461 420070 516468 421980 518749 421570 518274 421836 518010 390974 480910 422753 520343 421993 518932 416885 512311 417988 514141 417064 512085 418020 514112 416714 512132 419889 515174 419862 516565 422077 518202 417351 513262 418354 513247 421526 518463 422773 519539 421461 517163 417442 513903 416094 512469 404709 497209 418485 513831 420515 517189 418212 515139 416064 511707 420470 516893 422140 517881 423384 519681 417354 512553 421705 518657 419036 515997 420406 517270 422922 519817 416387 511990 419593 516709 416365 511234 414669 509181 418305 515046 419341 514539 416679 513063 421180 518641 417946 513342 419278 515651 414023 509045 415400 511880 420042 516655 414469 509749 418486 514982 417439 512935 419024 515368 421303 516731 422668 519311 424339 520846 419450 514635 405080 497056 422378 519356 420503 517065 421021 517509 422075 518120 417226 512354 413506 508737 420946 517752 408046 501302 421897 519154 416933 512073 418817 515054 416483 512111 420270 516454 420134 516487 422070 518409 421066 517008 417639 513978 418922 515284 418790 515490 419796 516579 426039 522644 421569 517374 423116 520527 424506 522282 418944 515932 418606 515163 417026 512576 423453 520575 416354 510793 421740 517766 402290 494689 421177 517387 420654 517108 423094 519480 389366 478162 418052 514549 2787
421059 517606 422923 519777 422407 518794 317967 390928 418137 514463 419459 515112 419187 515889 420737 517757 415857 510925 416067 511964 422973 519304 422646 519506 415974 511419 422409 519641 420367 517707 423024 519563 418373 514387 420306 516073 421119 518072 423764 520265 420433 517072 413886 508726 419995 515610 422092 518820 418227 514358 419739 516219 423431 520426 418114 513679 416570 511579 422321 518974 424412 520967 423652 520163 417874 513292 416261 510750 423590 520579 417186 512856 420208 516984 414299 509359 417939 514488 420853 516728 420907 518027 424015 521616 417476 512427 423065 520141 421090 516616 412261 507108 422267 518159 417152 512977 423356 519769 424608 522318 419222 516579 422326 519685 420802 517099 418173 514872 424715 521910 422514 518661 421911 518840 424425 520654 421185 518646 418864 514961 418297 513313 415167 509820 419520 514449 420449 516647 424770 522154 417326 512760 416589 513510 411979 505624 419247 515143 424091 521241 422113 518924 410747 505529 420377 516640 420838 517751 423104 520544 422016 519960 416467 512600 423993 520197 422500 519410 424442 520877 416658 512087 421739 518637 422566 519915 421262 518075 422855 519412 420342 517073 422463 518374 417943 513746 420508 516449 416922 512954 404553 497118 423400 520059 421529 516684 422202 518838 419283 515750 421324 517289 417905 513849 420081 516734 424989 521572 417682 513124 2711
